"rules","support","confidence","coverage","lift","count"
"{PET SIFON} => {SIFON APA CARBOGAZOASA ARTEZI 2L}",0.000150435876319997,1,0.000150435876319997,147.078695255474,97
"{DR.OETKER VOPSEA PT.OUA ALBASTRU 10 OUA CARMIN 5ML} => {DR.OETKER VOPSEA PT.OUA ROSU 10 OUA CARMIN 5ML}",0.000100807545987627,0.942028985507246,0.000107011087279173,1323.34138486312,65
"{DR.OETKER VOPSEA PT.OUA ROSU 10 OUA CARMIN 5ML} => {DR.OETKER VOPSEA PT.OUA ALBASTRU 10 OUA CARMIN 5ML}",0.000100807545987627,0.14161220043573,0.000711856363204936,1323.34138486312,65
"{DUNHILL EVOQUE SILVER} => {MARLBORO GOLD 100 S}",0.0001039093166334,0.352631578947368,0.000294668211348448,424.205921052632,67
"{MARLBORO GOLD 100 S} => {DUNHILL EVOQUE SILVER}",0.0001039093166334,0.125,0.000831274533067201,424.205921052632,67
"{STICLA BERE 500ML DISTRIB/PRO SOFT} => {BERE NEPASTEURIZATA URSUS RETRO STICLA 500ML}",0.000120969055185152,1,0.000120969055185152,7863.32926829268,78
"{BERE NEPASTEURIZATA URSUS RETRO STICLA 500ML} => {STICLA BERE 500ML DISTRIB/PRO SOFT}",0.000120969055185152,0.951219512195122,0.000127172596476699,7863.32926829268,78
"{DR.OETKER VOPSEA PT.OUA GALBEN 10 OUA CARMIN 5ML} => {DR.OETKER VOPSEA PT.OUA ROSU 10 OUA CARMIN 5ML}",0.000139579679059791,0.909090909090909,0.00015353764696577,1277.07070707071,90
"{DR.OETKER VOPSEA PT.OUA ROSU 10 OUA CARMIN 5ML} => {DR.OETKER VOPSEA PT.OUA GALBEN 10 OUA CARMIN 5ML}",0.000139579679059791,0.196078431372549,0.000711856363204935,1277.07070707071,90
"{STICLA 1L} => {APA MINERALA NATURALA NATURAL CARBOGAZOASA BORSEC STICLA 1L}",0.000226429257141439,0.993197278911565,0.000227980142464326,244.991068500851,146
"{SALATA DE TON MILANESE DON FERNANDO 150G} => {SALATA DE TON MEDITERANA DON FERNANDO 150G}",0.000100807545987627,0.49618320610687,0.000203165977298141,1787.34892745959,65
"{SALATA DE TON MEDITERANA DON FERNANDO 150G} => {SALATA DE TON MILANESE DON FERNANDO 150G}",0.000100807545987627,0.363128491620112,0.000277608472796696,1787.34892745959,65
"{SIROP DE COACAZE NEGRE CU MIERE MEHES MEZES 668G} => {PAINE GERMINA RIP-ROP 300G}",0.0001039093166334,0.411042944785276,0.000252794307630511,171.434420114445,67
"{DR.OETKER PIKANT FIX IUTE 100G} => {DR.OETKER PIKANT FIX DULCE ACRISOR 100G}",0.000120969055185152,0.52,0.000232632798432985,337.655951661631,78
"{BAUTURA RACORITOARE CU GUST DE TUTTI FRUTTI NBER UCCSI 250ML} => {BAUTURA ENERGIZANTA CU GUST DE TUTTI FRUTTI NBER 250ML}",0.000156639417611544,0.305135951661631,0.000513343041875455,192.326027057437,101
"{LUMINARI AMFORA STICLA ANTIC CU CAPAC LA 152 60G} => {LUMANARI AMFORA STICLA ROTUNDA CU CAPAC LA 72}",0.000131825252445358,0.333333333333333,0.000395475757336075,97.7403365165984,85
"{DUNHILL EVOQUE BLUE} => {BERE PERONI NASTRO AZURO DOZA 500ML}",0.000299320867317108,0.608832807570978,0.000491630647355043,170.312855744952,193
"{DUNHILL EVOQUE BLUE} => {COCA COLA DOZA 330ML}",0.000111663743247833,0.227129337539432,0.000491630647355043,32.5954611484672,72
"{KUBETI CU GUST DE PUI 35G} => {KUBETI PIZZA 35G}",0.000102358431310514,0.415094339622642,0.000246590766338965,1205.63029066803,66
"{KUBETI PIZZA 35G} => {KUBETI CU GUST DE PUI 35G}",0.000102358431310514,0.297297297297297,0.000344296541680818,1205.63029066803,66
"{CHIPS DIN CARTOFI CU GUST DE PAPRIKA CSIKI CSIPSZ 20G} => {CHIPS DIN CARTOFI CU GUST DE SMANTANA SI CEAPA CSIKI CSIPSZ 20G}",0.000125621711153812,0.383886255924171,0.000327236803129066,850.60883373235,81
"{CHIPS DIN CARTOFI CU GUST DE SMANTANA SI CEAPA CSIKI CSIPSZ 20G} => {CHIPS DIN CARTOFI CU GUST DE PAPRIKA CSIKI CSIPSZ 20G}",0.000125621711153812,0.278350515463918,0.000451307628959992,850.60883373235,81
"{VODKA 40% TAZOVSKY 200ML} => {L&M RED LABEL BOX}",0.000229531027787212,0.418079096045198,0.000549013404301846,278.774017141956,148
"{L&M RED LABEL BOX} => {VODKA 40% TAZOVSKY 200ML}",0.000229531027787212,0.153050672182006,0.00149970610723131,278.774017141956,148
"{VODKA 40% TAZOVSKY 200ML} => {PALL MALL S-LINE FLOW VIOLET/ROSE}",0.000124070825830926,0.225988700564972,0.000549013404301846,77.0983768271904,80
"{VODKA 40% TAZOVSKY 200ML} => {BERE NEUMARKT 500ML PET}",0.0001039093166334,0.189265536723164,0.000549013404301846,48.159863149305,67
"{BULBI FLORI CAT 1 HOLLAND PARK} => {BULBI FLORI CAT 0 HOLLAND PARK}",0.00011321462857072,0.394594594594595,0.000286913784734015,678.484886486487,73
"{BULBI FLORI CAT 0 HOLLAND PARK} => {BULBI FLORI CAT 1 HOLLAND PARK}",0.00011321462857072,0.194666666666667,0.000581581996082464,678.484886486487,73
"{PALL MALL ASCEND BLACK} => {KENT MODE BLUE}",0.0001039093166334,0.212025316455696,0.000490079762032156,158.231990594233,67
"{COLORANT ALIMENTAR PORTOCALIU MAXCOLOR 30ML} => {COLORANT ALIMENTAR VERDE MAXCOLOR 30ML}",0.000110112857924946,0.458064516129032,0.000240387225047418,984.52264516129,71
"{COLORANT ALIMENTAR VERDE MAXCOLOR 30ML} => {COLORANT ALIMENTAR PORTOCALIU MAXCOLOR 30ML}",0.000110112857924946,0.236666666666667,0.000465265596865971,984.52264516129,71
"{COLORANT ALIMENTAR PORTOCALIU MAXCOLOR 30ML} => {COLORANT ALIMENTAR ROSU ZMEURA MAXCOLOR 30ML}",0.000107011087279173,0.445161290322581,0.000240387225047418,810.838655002734,69
"{COLORANT ALIMENTAR ROSU ZMEURA MAXCOLOR 30ML} => {COLORANT ALIMENTAR PORTOCALIU MAXCOLOR 30ML}",0.000107011087279173,0.194915254237288,0.000549013404301846,810.838655002734,69
"{BEIGLI CU NUCA HARMOPAN 350G} => {BEIGLI CU MAC HARMOPAN 350G}",0.000130274367122472,0.430769230769231,0.000302422637962881,1395.76374178585,84
"{BEIGLI CU MAC HARMOPAN 350G} => {BEIGLI CU NUCA HARMOPAN 350G}",0.000130274367122472,0.422110552763819,0.000308626179254427,1395.76374178585,84
"{CALTABOS VRAC BENEDEK} => {CARNE TOCATA PORC VRAC}",0.000100807545987627,0.306603773584906,0.000328787688451953,5.57549684080129,65
"{BISCUITI MARSMALLOW INV.CIOC.&COCOS CIKOBEST 64G} => {BISCUITI MARSMALLOW INV.CIOC.ALBA&COCOS CIKOBEST 64G}",0.000128723481799585,0.393364928909953,0.000327236803129066,583.078051969276,83
"{BISCUITI MARSMALLOW INV.CIOC.ALBA&COCOS CIKOBEST 64G} => {BISCUITI MARSMALLOW INV.CIOC.&COCOS CIKOBEST 64G}",0.000128723481799585,0.190804597701149,0.000674635115455658,583.078051969276,83
"{INGHETATA OREO SMALLBITTES 8*10ML} => {INGHETATA MILKA SMALLBITTES 8*10ML}",0.000117867284539379,0.339285714285714,0.000347398312326592,851.241453585325,76
"{INGHETATA MILKA SMALLBITTES 8*10ML} => {INGHETATA OREO SMALLBITTES 8*10ML}",0.000117867284539379,0.295719844357977,0.000398577527981848,851.241453585325,76
"{DR.OETKER VOPSEA PT.OUA VERDE 10 OUA CARMIN 5ML} => {DR.OETKER VOPSEA PT.OUA ROSU 10 OUA CARMIN 5ML}",0.000232632798432985,0.914634146341463,0.000254345192953397,1284.85772357724,150
"{DR.OETKER VOPSEA PT.OUA ROSU 10 OUA CARMIN 5ML} => {DR.OETKER VOPSEA PT.OUA VERDE 10 OUA CARMIN 5ML}",0.000232632798432985,0.326797385620915,0.000711856363204935,1284.85772357724,150
"{BORCAN 370ML} => {SET CAPACE CU FILET 6.6CM 20BUC}",0.000130274367122472,0.237960339943343,0.000547462518978959,652.915580736544,84
"{SET CAPACE CU FILET 6.6CM 20BUC} => {BORCAN 370ML}",0.000130274367122472,0.357446808510638,0.000364458050878344,652.915580736544,84
"{BORCAN 370ML} => {CAPACE FILET MIC}",0.000170597385517523,0.311614730878187,0.000547462518978959,697.663184608121,110
"{CAPACE FILET MIC} => {BORCAN 370ML}",0.000170597385517523,0.381944444444444,0.000446654972991332,697.663184608121,110
"{REAL HRANA PENTRU PISICI VITA 415G} => {REAL HRANA PENTRU PISICI PASARE 415G}",0.000133376137768245,0.419512195121951,0.000317931491191747,976.52897772299,86
"{REAL HRANA PENTRU PISICI PASARE 415G} => {REAL HRANA PENTRU PISICI VITA 415G}",0.000133376137768245,0.310469314079422,0.00042959523443958,976.52897772299,86
"{DENIS ICE TEA CU GUST DE PERE 1.5L} => {DENIS ICE TEA CU GUST DE ZMEURA 1.5L}",0.000100807545987627,0.290178571428571,0.000347398312326592,820.636454417293,65
"{DENIS ICE TEA CU GUST DE ZMEURA 1.5L} => {DENIS ICE TEA CU GUST DE PERE 1.5L}",0.000100807545987627,0.285087719298246,0.000353601853618138,820.636454417293,65
"{DENIS ICE TEA CU GUST DE PERE 1.5L} => {DENIS ICE TEA CU GUST DE PIERSICI 1.5L}",0.000105460201956287,0.303571428571429,0.000347398312326592,652.469107142857,68
"{DENIS ICE TEA CU GUST DE PIERSICI 1.5L} => {DENIS ICE TEA CU GUST DE PERE 1.5L}",0.000105460201956287,0.226666666666667,0.000465265596865971,652.469107142857,68
"{BENSON&HEDGES BLACK 100} => {SIFON APA CARBOGAZOASA ARTEZI 2L}",0.000100807545987627,0.158150851581509,0.00063741386770638,23.2606209041505,65
"{TERCI DE OREZ CU BANANE SI INULINA FIT REGGELI 60G} => {TERCI DE OREZ CAPSUNI,VANILIE SI INULINA FIT REGGELI 60G}",0.000120969055185152,0.461538461538462,0.00026209961956783,677.89696863501,78
"{TERCI DE OREZ CAPSUNI,VANILIE SI INULINA FIT REGGELI 60G} => {TERCI DE OREZ CU BANANE SI INULINA FIT REGGELI 60G}",0.000120969055185152,0.177676537585421,0.000680838656747204,677.89696863501,78
"{SANDWICH CU CASCAVAL&SNIDLING FG.ABONETT 26G} => {SANDWICH CU CR.CAPSUNI FARA GLUTEN ABONETT 26G}",0.000105460201956287,0.35978835978836,0.000293117326025562,753.211090496805,68
"{SANDWICH CU CR.CAPSUNI FARA GLUTEN ABONETT 26G} => {SANDWICH CU CASCAVAL&SNIDLING FG.ABONETT 26G}",0.000105460201956287,0.220779220779221,0.000477672679449064,753.211090496805,68
"{SANDWICH CU CASCAVAL&SNIDLING FG.ABONETT 26G} => {SANDWICH CU CR.CU SEMINTE DE DOVLEAC FG.ABONETT 26G}",0.0001039093166334,0.354497354497354,0.000293117326025562,777.474192851744,67
"{SANDWICH CU CR.CU SEMINTE DE DOVLEAC FG.ABONETT 26G} => {SANDWICH CU CASCAVAL&SNIDLING FG.ABONETT 26G}",0.0001039093166334,0.227891156462585,0.000455960284928652,777.474192851744,67
"{COLORANT ALIMENTAR ALBASTRU MAXCOLOR 30ML} => {COLORANT ALIMENTAR ROSU CAPSUNI MAXCOLOR 30ML}",0.000111663743247833,0.404494382022472,0.000276057587473809,1201.91311551804,72
"{COLORANT ALIMENTAR ROSU CAPSUNI MAXCOLOR 30ML} => {COLORANT ALIMENTAR ALBASTRU MAXCOLOR 30ML}",0.000111663743247833,0.331797235023041,0.000336542115066386,1201.91311551804,72
"{COLORANT ALIMENTAR ALBASTRU MAXCOLOR 30ML} => {COLORANT ALIMENTAR GALBEN MAXCOLOR 30ML}",0.000117867284539379,0.426966292134831,0.000276057587473809,1262.8664055252,76
"{COLORANT ALIMENTAR GALBEN MAXCOLOR 30ML} => {COLORANT ALIMENTAR ALBASTRU MAXCOLOR 30ML}",0.000117867284539379,0.348623853211009,0.000338093000389272,1262.8664055252,76
"{COLORANT ALIMENTAR ALBASTRU MAXCOLOR 30ML} => {COLORANT ALIMENTAR VERDE MAXCOLOR 30ML}",0.000179902697454842,0.651685393258427,0.000276057587473809,1400.67393258427,116
"{COLORANT ALIMENTAR VERDE MAXCOLOR 30ML} => {COLORANT ALIMENTAR ALBASTRU MAXCOLOR 30ML}",0.000179902697454842,0.386666666666667,0.000465265596865971,1400.67393258427,116
"{COLORANT ALIMENTAR ALBASTRU MAXCOLOR 30ML} => {COLORANT ALIMENTAR ROSU ZMEURA MAXCOLOR 30ML}",0.000144232335028451,0.52247191011236,0.000276057587473809,951.656017901352,93
"{COLORANT ALIMENTAR ROSU ZMEURA MAXCOLOR 30ML} => {COLORANT ALIMENTAR ALBASTRU MAXCOLOR 30ML}",0.000144232335028451,0.26271186440678,0.000549013404301846,951.656017901352,93
"{BRAVO SUC DE MERE 12% 200ML} => {BRAVO SUC DE PIERSICI 25% 200ML}",0.000100807545987627,0.318627450980392,0.00031638060586886,733.745535714286,65
"{BRAVO SUC DE PIERSICI 25% 200ML} => {BRAVO SUC DE MERE 12% 200ML}",0.000100807545987627,0.232142857142857,0.00043424789040824,733.745535714286,65
"{BATON CIOC.LAPTE CU GUST CAPSUNI SI IAURT ROSHEN TIDBIT 50G} => {BATON CIOC.LAPTE CU GUST DE BROWNIE CU VISINE ROSHEN TIDBIT 50G}",0.000124070825830926,0.37914691943128,0.000327236803129066,700.490772552587,80
"{BATON CIOC.LAPTE CU GUST DE BROWNIE CU VISINE ROSHEN TIDBIT 50G} => {BATON CIOC.LAPTE CU GUST CAPSUNI SI IAURT ROSHEN TIDBIT 50G}",0.000124070825830926,0.229226361031519,0.000541258977687413,700.490772552588,80
"{BERE CIUC RADLER VISINE FARA ALC.DOZA 330ML} => {BERE CIUC RADLER ZMEURA&LAMAIE FARA ALC.DOZA 330ML}",0.000100807545987627,0.299539170506912,0.000336542115066386,248.252905358179,65
"{SPUMANT PT.COPII GUST DE PIERSICI SUSU 750ML} => {SPUMANT PT.COPII GUST DE STRUGURI SUSU 750ML}",0.0001039093166334,0.29646017699115,0.000350500082972365,565.54865947531,67
"{SPUMANT PT.COPII GUST DE STRUGURI SUSU 750ML} => {SPUMANT PT.COPII GUST DE PIERSICI SUSU 750ML}",0.0001039093166334,0.198224852071006,0.000524199239135661,565.54865947531,67
"{LD RED SOFT 100} => {APA IZVORUL SPRING HARGHITA 2.5L}",0.000138028793736905,0.186974789915966,0.000738221413694007,24.8936683283679,89
"{ELAN CUB CU GUST DE VITA 60G} => {ELAN CUB CU GUST LEGUME 60G}",0.00011321462857072,0.394594594594595,0.000286913784734015,492.131203931204,73
"{ELAN CUB CU GUST LEGUME 60G} => {ELAN CUB CU GUST DE VITA 60G}",0.00011321462857072,0.141199226305609,0.000801807711932357,492.131203931204,73
"{ELAN CUB CU GUST DE VITA 60G} => {ELAN CUB CU GUST GAINA 60G}",0.000105460201956287,0.367567567567568,0.000286913784734015,380.425352479285,68
"{ELAN CUB CU GUST GAINA 60G} => {ELAN CUB CU GUST DE VITA 60G}",0.000105460201956287,0.109149277688604,0.000966201556158333,380.425352479285,68
"{SEMINTE FASOLE CHEROKEE/MAXIDOR/SCUBA KERTIMAG 50G} => {SEMINTE LEGUME GARDENSEED KERTIMAG}",0.000206267747943914,0.570815450643777,0.000361356280232571,245.863598441518,133
"{BATON PROTEIC R FORTE REDIS 60G} => {ENERGIZANT HELL 250ML}",0.000128723481799585,0.22554347826087,0.000570725798822258,13.8200946477488,83
"{CERBONA TERCI DE OVAZI CU PRUNE&SCORTISOARA 60G} => {CERBONA TERCI DE OVAZI CU CAISE 60G}",0.000125621711153812,0.433155080213904,0.000290015555379789,826.317643894567,81
"{CERBONA TERCI DE OVAZI CU CAISE 60G} => {CERBONA TERCI DE OVAZI CU PRUNE&SCORTISOARA 60G}",0.000125621711153812,0.239644970414201,0.000524199239135661,826.317643894567,81
"{CHIPS DIN CARTOFI CU GUST DE CASCAVAL CSIKI CSIPSZ 20G} => {CHIPS DIN CARTOFI CU GUST DE SMANTANA SI CEAPA CSIKI CSIPSZ 20G}",0.000141130564382678,0.35,0.000403230183950508,775.524226804124,91
"{CHIPS DIN CARTOFI CU GUST DE SMANTANA SI CEAPA CSIKI CSIPSZ 20G} => {CHIPS DIN CARTOFI CU GUST DE CASCAVAL CSIKI CSIPSZ 20G}",0.000141130564382678,0.312714776632302,0.000451307628959992,775.524226804124,91
"{MIX DE SUC DE FRUCTE CU BERE FARA ALCOOL MAR&PERE DOZA FRESH 500ML} => {MIX DE SUC DE FRUCTE CU BERE FARA ALCOOL ZMEURA&COACAZE DOZA FRESH 500ML}",0.000114765513893606,0.362745098039216,0.00031638060586886,782.259197324415,74
"{MIX DE SUC DE FRUCTE CU BERE FARA ALCOOL ZMEURA&COACAZE DOZA FRESH 500ML} => {MIX DE SUC DE FRUCTE CU BERE FARA ALCOOL MAR&PERE DOZA FRESH 500ML}",0.000114765513893606,0.247491638795987,0.000463714711543084,782.259197324415,74
"{PFANNER NECTAR DE COACAZE 1L} => {PAINE GERMINA RIP-ROP 300G}",0.000209369518589687,0.584415584415584,0.000358254509586798,243.74325868181,135
"{CROISSANT CU CREMA DE CIOCOLATA&VANILIE TODAY ELVAN 50G} => {CROISSANT CU CREMA DE CIOCOLATA&ALUNE TODAY ELVAN 50G}",0.000117867284539379,0.190954773869347,0.000617252358508855,292.461523770873,76
"{CROISSANT CU CREMA DE CIOCOLATA&ALUNE TODAY ELVAN 50G} => {CROISSANT CU CREMA DE CIOCOLATA&VANILIE TODAY ELVAN 50G}",0.000117867284539379,0.180522565320665,0.000652922720935246,292.461523770873,76
"{NAVETA BERE 1/20 CSIKI REUTILIZABIL} => {STICLA BERE 500ML CSIKI}",0.000476121794126177,0.864788732394366,0.000550564289624732,83.8132753835504,307
"{NAVETA BERE 1/20 CSIKI REUTILIZABIL} => {BERE TILTOTT IGAZI SOR 6% 500ML}",0.000404781069273395,0.735211267605634,0.000550564289624732,36.3932963974543,261
"{BERE CIUC RADLER CITRICE&MENTA FARA ALC.DOZA 330ML} => {BERE CIUC RADLER ZMEURA&LAMAIE FARA ALC.DOZA 330ML}",0.000120969055185152,0.356164383561644,0.000339643885712159,295.182906645068,78
"{BERE CIUC RADLER ZMEURA&LAMAIE FARA ALC.DOZA 330ML} => {BERE CIUC RADLER CITRICE&MENTA FARA ALC.DOZA 330ML}",0.000120969055185152,0.10025706940874,0.00120658878120575,295.182906645068,78
"{BUDINCA GUST DE PUNCI FARA GLUTEN HAAS 40G} => {BUDINCA CU GUST DE CAPSUNI FARA GLUTEN HAAS 40G}",0.000147334105674224,0.527777777777778,0.000279159358119583,1308.87467948718,95
"{BUDINCA CU GUST DE CAPSUNI FARA GLUTEN HAAS 40G} => {BUDINCA GUST DE PUNCI FARA GLUTEN HAAS 40G}",0.000147334105674224,0.365384615384615,0.000403230183950508,1308.87467948718,95
"{BUDINCA GUST DE PUNCI FARA GLUTEN HAAS 40G} => {BUDINCA CU GUST VANILIE FARA GLUTEN HAAS 40G}",0.000122519940508039,0.438888888888889,0.000279159358119583,581.093394934976,79
"{BUDINCA CU GUST VANILIE FARA GLUTEN HAAS 40G} => {BUDINCA GUST DE PUNCI FARA GLUTEN HAAS 40G}",0.000122519940508039,0.162217659137577,0.00075528115224576,581.093394934976,79
"{SOSETE PENTRU BARBATI DESIGN NORDKAMP 41-46} => {SOSETE PENTRU FEMEI DESIGN NORDKAMP 36-40}",0.000107011087279173,0.298701298701299,0.000358254509586798,526.230892058761,69
"{SOSETE PENTRU FEMEI DESIGN NORDKAMP 36-40} => {SOSETE PENTRU BARBATI DESIGN NORDKAMP 41-46}",0.000107011087279173,0.188524590163934,0.000567624028176485,526.230892058761,69
"{BATON CIOCOLATA CU ROM ROSHEN 43G} => {BATON CIOCOLATA LAPTE UMPL.DE CREMA CARAMEL ROSHEN 40G}",0.000142681449705564,0.295819935691318,0.000482325335417723,374.739928868786,92
"{BATON CIOCOLATA LAPTE UMPL.DE CREMA CARAMEL ROSHEN 40G} => {BATON CIOCOLATA CU ROM ROSHEN 43G}",0.000142681449705564,0.180746561886051,0.000789400629349264,374.739928868786,92
"{BATON CIOCOLATA CU ROM ROSHEN 43G} => {BATON CIOCOLATA CU LAPTE UMPL.DE CR.DE ZAHAR ARS ROSHEN 43G}",0.0001039093166334,0.215434083601286,0.000482325335417723,191.865178270061,67
"{BATON CIOCOLATA CU ROM ROSHEN 43G} => {BATON CIOCOLATA CU UMPL.CU GUST DE CIOC.FONDANT ROSHEN 43G}",0.000145783220351338,0.302250803858521,0.000482325335417723,235.658044222911,94
"{BATON CIOCOLATA CU UMPL.CU GUST DE CIOC.FONDANT ROSHEN 43G} => {BATON CIOCOLATA CU ROM ROSHEN 43G}",0.000145783220351338,0.1136638452237,0.00128258216202719,235.658044222911,94
"{CARNE DE VITA ROTINA 300G} => {CARNE DE PORC ROTINA 300G}",0.000102358431310514,0.264,0.000387721330721642,623.536087912088,66
"{CARNE DE PORC ROTINA 300G} => {CARNE DE VITA ROTINA 300G}",0.000102358431310514,0.241758241758242,0.000423391693148034,623.536087912088,66
"{NATRIUM BENZOAT LUCULLUS 15G} => {SULFAT DE VIN LUCULLUS 20G}",0.000117867284539379,0.294573643410853,0.000400128413304735,476.03765227021,76
"{SULFAT DE VIN LUCULLUS 20G} => {NATRIUM BENZOAT LUCULLUS 15G}",0.000117867284539379,0.19047619047619,0.000618803243831741,476.03765227021,76
"{COLORANT ALIMENTAR ROSU CAPSUNI MAXCOLOR 30ML} => {COLORANT ALIMENTAR GALBEN MAXCOLOR 30ML}",0.000107011087279173,0.317972350230415,0.000336542115066386,940.487823954678,69
"{COLORANT ALIMENTAR GALBEN MAXCOLOR 30ML} => {COLORANT ALIMENTAR ROSU CAPSUNI MAXCOLOR 30ML}",0.000107011087279173,0.31651376146789,0.000338093000389272,940.487823954678,69
"{COLORANT ALIMENTAR ROSU CAPSUNI MAXCOLOR 30ML} => {COLORANT ALIMENTAR VERDE MAXCOLOR 30ML}",0.000156639417611544,0.465437788018433,0.000336542115066386,1000.3700921659,101
"{COLORANT ALIMENTAR VERDE MAXCOLOR 30ML} => {COLORANT ALIMENTAR ROSU CAPSUNI MAXCOLOR 30ML}",0.000156639417611544,0.336666666666667,0.000465265596865971,1000.3700921659,101
"{COLORANT ALIMENTAR ROSU CAPSUNI MAXCOLOR 30ML} => {COLORANT ALIMENTAR ROSU ZMEURA MAXCOLOR 30ML}",0.000111663743247833,0.331797235023041,0.000336542115066386,604.351792548621,72
"{COLORANT ALIMENTAR ROSU ZMEURA MAXCOLOR 30ML} => {COLORANT ALIMENTAR ROSU CAPSUNI MAXCOLOR 30ML}",0.000111663743247833,0.203389830508475,0.000549013404301846,604.351792548621,72
"{GOBE INGHETATA PE BAT CIOCOLATA&FRISCA CU GLAZ. CIOC.45G} => {GOBE INGHETATA PE BAT IAURT SI AFINE CU GLAZ.45G}",0.000161292073580203,0.277333333333333,0.000581581996082464,458.519466666667,104
"{GOBE INGHETATA PE BAT IAURT SI AFINE CU GLAZ.45G} => {GOBE INGHETATA PE BAT CIOCOLATA&FRISCA CU GLAZ. CIOC.45G}",0.000161292073580203,0.266666666666667,0.000604845275925762,458.519466666667,104
"{REAL GEM CU GUST DE FRUCTE ASORTATE 500G} => {REAL GEM DE CAISE 500G}",0.00011321462857072,0.282945736434109,0.000400128413304735,441.746804437187,73
"{REAL GEM DE CAISE 500G} => {REAL GEM CU GUST DE FRUCTE ASORTATE 500G}",0.00011321462857072,0.176755447941889,0.000640515638352153,441.746804437187,73
"{CORN CU CREMA CU CACAO SI ALUNE HARMOPAN 150G} => {ENERGIZANT HELL 250ML}",0.000156639417611544,0.156105100463679,0.00100342280390761,9.56528328834711,101
"{BATON CIOCOLATA NEAGRA CU NUCI WANTED 45G} => {BATON CIOCOLATA LAPTE CU NUCI WANTED 45G}",0.000100807545987627,0.165394402035623,0.000609497931894422,225.943120067279,65
"{BATON CIOCOLATA LAPTE CU NUCI WANTED 45G} => {BATON CIOCOLATA NEAGRA CU NUCI WANTED 45G}",0.000100807545987627,0.13771186440678,0.000732017872402461,225.943120067279,65
"{CANDELA CIMITIR ROSU,ALB T1 25G} => {LUMANARI AMFORA STICLA ROTUNDA CU CAPAC LA 72}",0.000105460201956287,0.171284634760705,0.000615701473185968,50.224253524902,68
"{KENT NANO WHITE} => {BERE BECK S DOZA 500ML}",0.000102358431310514,0.16624685138539,0.000615701473185968,101.031862436701,66
"{DRESSING EZERSZIGET LUCULLUS 12G} => {DRESSING CEZAR LUCULLUS 12G}",0.000150435876319997,0.515957446808511,0.000291566440702675,1614.97936893204,97
"{DRESSING CEZAR LUCULLUS 12G} => {DRESSING EZERSZIGET LUCULLUS 12G}",0.000150435876319997,0.470873786407767,0.000319482376514633,1614.97936893204,97
"{DRESSING EZERSZIGET LUCULLUS 12G} => {DRESSING TZATZIKI LUCULLUS 12G}",0.000122519940508039,0.420212765957447,0.000291566440702675,1215.0235426009,79
"{DRESSING TZATZIKI LUCULLUS 12G} => {DRESSING EZERSZIGET LUCULLUS 12G}",0.000122519940508039,0.354260089686099,0.000345847427003705,1215.0235426009,79
"{GIANA SALATA DE TON WESTERN 185G} => {GIANA SALATA DE TON MEXICANA 185G}",0.000100807545987627,0.282608695652174,0.000356703624263911,573.031788351107,65
"{GIANA SALATA DE TON MEXICANA 185G} => {GIANA SALATA DE TON WESTERN 185G}",0.000100807545987627,0.20440251572327,0.000493181532677929,573.031788351107,65
"{CRIZANTEME MIJLOCIU} => {LUMANARI AMFORA STICLA ROTUNDA CU CAPAC LA 2}",0.000100807545987627,0.11443661971831,0.000880902863399572,36.3308376848982,65
"{CRIZANTEME MIJLOCIU} => {LUMANARI AMFORA STICLA ROTUNDA CU CAPAC LA 72}",0.00011321462857072,0.128521126760563,0.000880902863399572,37.6850945372096,73
"{CERBONA TERCI DE OVAZ CU SFECLA&MERE 50G} => {CERBONA TERCI DE OVAZ CU MANGO 50G}",0.000178351812131956,0.560975609756098,0.000317931491191747,969.74033871706,115
"{CERBONA TERCI DE OVAZ CU MANGO 50G} => {CERBONA TERCI DE OVAZ CU SFECLA&MERE 50G}",0.000178351812131956,0.308310991957105,0.000578480225436691,969.74033871706,115
"{CERBONA TERCI DE OVAZ CU SFECLA&MERE 50G} => {CERBONA TERCI DE OVAZ CU PRUNE 50G}",0.000186106238746388,0.585365853658537,0.000317931491191747,931.950135501355,120
"{CERBONA TERCI DE OVAZ CU PRUNE 50G} => {CERBONA TERCI DE OVAZ CU SFECLA&MERE 50G}",0.000186106238746388,0.296296296296296,0.000628108555769061,931.950135501355,120
"{CERBONA TERCI DE OVAZ CU SFECLA&MERE 50G} => {CERBONA TERCI DE OVAZ CU CAISE 50G}",0.000175250041486182,0.551219512195122,0.000317931491191747,674.425963808025,113
"{CERBONA TERCI DE OVAZ CU CAISE 50G} => {CERBONA TERCI DE OVAZ CU SFECLA&MERE 50G}",0.000175250041486182,0.214421252371917,0.000817316565161222,674.425963808025,113
"{CERBONA TERCI DE OVAZ CU SFECLA&MERE 50G} => {CERBONA TERCI DE OVAZ CU FRUCTE DE PADURE 55G}",0.000147334105674224,0.463414634146341,0.000317931491191747,413.859435173299,95
"{CERBONA TERCI DE OVAZ CU FRUCTE DE PADURE 55G} => {CERBONA TERCI DE OVAZ CU SFECLA&MERE 50G}",0.000147334105674224,0.131578947368421,0.0011197392031241,413.859435173299,95
"{TABLETA MENAJ LAPTE PANNI 90G} => {TABLETA MENAJ NEAGRA PANNI 90G}",0.000107011087279173,0.292372881355932,0.00036600893620123,745.138289676425,69
"{TABLETA MENAJ NEAGRA PANNI 90G} => {TABLETA MENAJ LAPTE PANNI 90G}",0.000107011087279173,0.272727272727273,0.000392373986690302,745.138289676425,69
"{NAPOLITANE CU CREMA DE CACAO SI LAPTE ROSHEN 72G} => {NAPOLITANE CU CREMA DE LAPTE ROSHEN 72G}",0.000110112857924946,0.259124087591241,0.00042494257847092,257.841663287375,71
"{NAPOLITANE CU CREMA DE LAPTE ROSHEN 72G} => {NAPOLITANE CU CREMA DE CACAO SI LAPTE ROSHEN 72G}",0.000110112857924946,0.109567901234568,0.0010049736892305,257.841663287375,71
"{NAPOLITANE CU CREMA DE CACAO SI LAPTE ROSHEN 72G} => {NAPOLITANE CU CREMA DE CIOCOLATA ROSHEN 72G}",0.000133376137768245,0.313868613138686,0.00042494257847092,226.629658086823,86
"{COLORANT ALIMENTAR GALBEN MAXCOLOR 30ML} => {COLORANT ALIMENTAR VERDE MAXCOLOR 30ML}",0.00015819030293443,0.467889908256881,0.000338093000389272,1005.6404587156,102
"{COLORANT ALIMENTAR VERDE MAXCOLOR 30ML} => {COLORANT ALIMENTAR GALBEN MAXCOLOR 30ML}",0.00015819030293443,0.34,0.000465265596865971,1005.6404587156,102
"{COLORANT ALIMENTAR GALBEN MAXCOLOR 30ML} => {COLORANT ALIMENTAR ROSU ZMEURA MAXCOLOR 30ML}",0.000155088532288657,0.458715596330275,0.000338093000389272,835.527134193749,100
"{COLORANT ALIMENTAR ROSU ZMEURA MAXCOLOR 30ML} => {COLORANT ALIMENTAR GALBEN MAXCOLOR 30ML}",0.000155088532288657,0.282485875706215,0.000549013404301846,835.527134193749,100
"{PIURE DE MERE,MORCOVI,PIERSICI,BANANE,MARACUJA TOPJOY 120G} => {PIURE DE MERE,MORCOVI,BANANE,ZMEURA,CAPSUNI TOPJOY 120G}",0.000155088532288657,0.387596899224806,0.000400128413304735,929.069767441861,100
"{PIURE DE MERE,MORCOVI,BANANE,ZMEURA,CAPSUNI TOPJOY 120G} => {PIURE DE MERE,MORCOVI,PIERSICI,BANANE,MARACUJA TOPJOY 120G}",0.000155088532288657,0.371747211895911,0.000417188151856487,929.06976744186,100
"{OASE GARF} => {CARNE TOCATA PORC VRAC}",0.000150435876319997,0.318032786885246,0.000473020023480404,5.78332998911666,97
"{DRESSING CEZAR LUCULLUS 12G} => {DRESSING TZATZIKI LUCULLUS 12G}",0.000144232335028451,0.451456310679612,0.000319482376514633,1305.36264095085,93
"{DRESSING TZATZIKI LUCULLUS 12G} => {DRESSING CEZAR LUCULLUS 12G}",0.000144232335028451,0.417040358744395,0.000345847427003705,1305.36264095085,93
"{RULOURI DIN PORUMB FARA GLUTEN CU CREMA DE LAPTE ALASKA 18G} => {RULOURI FARA GLUTEN CU CREMA DE ALUNE ALASKA 18G}",0.000176800926809069,0.467213114754098,0.000378416018784323,1007.54430067438,114
"{RULOURI FARA GLUTEN CU CREMA DE ALUNE ALASKA 18G} => {RULOURI DIN PORUMB FARA GLUTEN CU CREMA DE LAPTE ALASKA 18G}",0.000176800926809069,0.381270903010033,0.000463714711543084,1007.54430067438,114
"{RULOURI DIN PORUMB FARA GLUTEN CU CREMA DE LAPTE ALASKA 18G} => {RULOURI FARA GLUTEN CU CREMA DE CACAO ALASKA 18G}",0.00016284295890309,0.430327868852459,0.000378416018784323,813.702045574732,105
"{RULOURI FARA GLUTEN CU CREMA DE CACAO ALASKA 18G} => {RULOURI DIN PORUMB FARA GLUTEN CU CREMA DE LAPTE ALASKA 18G}",0.00016284295890309,0.30791788856305,0.00052885189510432,813.702045574732,105
"{BILUTE CU CIOCOLATA LAPTE&MIERE MARLENKA 235G} => {BILUTE CLASSIC CU MIERE&NUCI MARLENKA 235G}",0.000124070825830926,0.229885057471264,0.000539708092364526,380.072502210433,80
"{BILUTE CLASSIC CU MIERE&NUCI MARLENKA 235G} => {BILUTE CU CIOCOLATA LAPTE&MIERE MARLENKA 235G}",0.000124070825830926,0.205128205128205,0.000604845275925762,380.072502210433,80
"{LUMANARI PASTILE PROMETEO 24BUC} => {LUMANARI AMFORA STICLA ROTUNDA CU CAPAC LA 2}",0.000102358431310514,0.213592233009709,0.00047922356477195,67.8103282614619,66
"{LUMANARI PASTILE PROMETEO 24BUC} => {LUMANARI AMFORA STICLA ROTUNDA CU CAPAC LA 72}",0.000107011087279173,0.223300970873786,0.00047922356477195,65.4765361130611,69
"{BUDINCA CU GUST DE CIOCOLATA FARA GLUTEN NYIRFACUKOR 75G} => {BUDINCA GUST DE VANILIE FARA GLUTEN NYIRFACUKOR 80G}",0.000175250041486182,0.487068965517241,0.000359805394909684,1117.64647502761,113
"{BUDINCA GUST DE VANILIE FARA GLUTEN NYIRFACUKOR 80G} => {BUDINCA CU GUST DE CIOCOLATA FARA GLUTEN NYIRFACUKOR 75G}",0.000175250041486182,0.402135231316726,0.000435798775731126,1117.64647502761,113
"{PETALE DIN MERE USCATE GOLDEN NOBILIS 40G} => {PETALE DIN MERE USCATE JONATAN NOBILIS 40G}",0.000120969055185152,0.291044776119403,0.000415637266533601,605.366562349543,78
"{PETALE DIN MERE USCATE JONATAN NOBILIS 40G} => {PETALE DIN MERE USCATE GOLDEN NOBILIS 40G}",0.000120969055185152,0.251612903225806,0.000480774450094837,605.366562349543,78
"{CERBONA TERCI DE OVAZ CU CIOCOLATA 65G} => {CERBONA TERCI DE OVAZ CU FRUCTE DE PADURE 65G}",0.000122519940508039,0.346491228070175,0.000353601853618138,1024.83999275712,79
"{CERBONA TERCI DE OVAZ CU FRUCTE DE PADURE 65G} => {CERBONA TERCI DE OVAZ CU CIOCOLATA 65G}",0.000122519940508039,0.362385321100917,0.000338093000389272,1024.83999275712,79
"{BRAVO SUC DE PIERSICI 25% 200ML} => {BRAVO SUC DE PORTOCALE 12% 200ML}",0.00011321462857072,0.260714285714286,0.00043424789040824,587.785826673327,73
"{BRAVO SUC DE PORTOCALE 12% 200ML} => {BRAVO SUC DE PIERSICI 25% 200ML}",0.00011321462857072,0.255244755244755,0.000443553202345559,587.785826673327,73
"{KISKEGYED} => {STORY}",0.00021247128923546,0.494584837545126,0.00042959523443958,895.800115604592,137
"{STORY} => {KISKEGYED}",0.00021247128923546,0.384831460674157,0.000552115174947619,895.800115604592,137
"{KISKEGYED} => {MAGAZIN BEST}",0.00016749561487175,0.389891696750903,0.00042959523443958,426.824171176748,108
"{MAGAZIN BEST} => {KISKEGYED}",0.00016749561487175,0.183361629881155,0.000913471455180189,426.824171176748,108
"{KISKEGYED} => {MEGLEPETES}",0.000124070825830926,0.288808664259928,0.00042959523443958,208.535056051682,80
"{CERBONA TERCI DE OVAZ CU FRUCTE DE PADURE 65G} => {CERBONA TERCI DE OVAZI CU CAISE 60G}",0.000136477908414018,0.403669724770642,0.000338093000389272,770.069268769339,88
"{CERBONA TERCI DE OVAZI CU CAISE 60G} => {CERBONA TERCI DE OVAZ CU FRUCTE DE PADURE 65G}",0.000136477908414018,0.260355029585799,0.000524199239135661,770.069268769339,88
"{BERE BORSODI IPA 5% DOZA 500ML} => {BERE BORSODI HOPPY 4.5% DOZA 500ML}",0.00016749561487175,0.314868804664723,0.000531953665750093,422.96916909621,108
"{BERE BORSODI HOPPY 4.5% DOZA 500ML} => {BERE BORSODI IPA 5% DOZA 500ML}",0.00016749561487175,0.225,0.000744424954985553,422.96916909621,108
"{BERE BORSODI IPA 5% DOZA 500ML} => {BERE BLONDA NEFILTRATA SOPRONI OVATOS DUHAJ IPA 4.8% DOZA 500ML}",0.000142681449705564,0.268221574344023,0.000531953665750093,100.201270907303,92
"{HRANA COMPLETA PENTRU PISICI ADULTE CU VITEL PREVITAL 100G} => {HRANA COMPLETA PENTRU PISICI ADULTE CU VITA PREVITAL 100G}",0.00011321462857072,0.28740157480315,0.000393924872013189,369.152437494118,73
"{HRANA COMPLETA PENTRU PISICI ADULTE CU VITA PREVITAL 100G} => {HRANA COMPLETA PENTRU PISICI ADULTE CU VITEL PREVITAL 100G}",0.00011321462857072,0.145418326693227,0.000778544432089058,369.152437494118,73
"{HRANA COMPLETA PENTRU PISICI ADULTE CU VITEL PREVITAL 100G} => {HRANA COMPLETA PENTRU PISICI ADULTE CU PUI PREVITAL 100G}",0.000181453582777729,0.460629921259843,0.000393924872013189,488.504850031082,117
"{HRANA COMPLETA PENTRU PISICI ADULTE CU PUI PREVITAL 100G} => {HRANA COMPLETA PENTRU PISICI ADULTE CU VITEL PREVITAL 100G}",0.000181453582777729,0.192434210526316,0.000942938276315034,488.504850031082,117
"{SLANINA AFUMATA ELIT} => {CARNE TOCATA PORC VRAC}",0.000124070825830926,0.174672489082969,0.000710305477882049,3.17636635606281,80
"{BUDINCA CU GUST CIOCOLATA FARA GLUTEN HAAS 44G} => {BUDINCA CU GUST DE CAPSUNI FARA GLUTEN HAAS 40G}",0.0001039093166334,0.274590163934426,0.000378416018784323,680.976213745271,67
"{BUDINCA CU GUST DE CAPSUNI FARA GLUTEN HAAS 40G} => {BUDINCA CU GUST CIOCOLATA FARA GLUTEN HAAS 44G}",0.0001039093166334,0.257692307692308,0.000403230183950508,680.976213745271,67
"{BUDINCA CU GUST CIOCOLATA FARA GLUTEN HAAS 44G} => {BUDINCA CU GUST VANILIE FARA GLUTEN HAAS 40G}",0.000195411550683708,0.516393442622951,0.000378416018784323,683.710219813512,126
"{BUDINCA CU GUST VANILIE FARA GLUTEN HAAS 40G} => {BUDINCA CU GUST CIOCOLATA FARA GLUTEN HAAS 44G}",0.000195411550683708,0.258726899383984,0.00075528115224576,683.710219813512,126
"{KNORR SUPA CR.DE CIUPERCI CU CASCAVAL BOGRES 17G} => {KNORR SUPA CREMA DE CASCAVAL BOGRES 22G}",0.000107011087279173,0.303964757709251,0.000352050968295251,710.124449339207,69
"{KNORR SUPA CREMA DE CASCAVAL BOGRES 22G} => {KNORR SUPA CR.DE CIUPERCI CU CASCAVAL BOGRES 17G}",0.000107011087279173,0.25,0.000428044349116693,710.124449339207,69
"{KNORR SUPA CR.DE CIUPERCI CU CASCAVAL BOGRES 17G} => {KNORR SUPA CR.DE CIUPERCI CU CRUTOANE BOGRES 15G}",0.000125621711153812,0.356828193832599,0.000352050968295251,742.194585760978,81
"{KNORR SUPA CR.DE CIUPERCI CU CRUTOANE BOGRES 15G} => {KNORR SUPA CR.DE CIUPERCI CU CASCAVAL BOGRES 17G}",0.000125621711153812,0.261290322580645,0.000480774450094837,742.194585760978,81
"{KNORR SUPA CR.DE CIUPERCI CU CASCAVAL BOGRES 17G} => {KNORR SUPA CREMA DE USTUROI CU CRUTOANE BOGRES 18G}",0.000111663743247833,0.317180616740088,0.000352050968295251,606.871932966444,72
"{KNORR SUPA CREMA DE USTUROI CU CRUTOANE BOGRES 18G} => {KNORR SUPA CR.DE CIUPERCI CU CASCAVAL BOGRES 17G}",0.000111663743247833,0.213649851632047,0.000522648353812774,606.871932966444,72
"{KNORR SUPA CR.DE CIUPERCI CU CASCAVAL BOGRES 17G} => {KNORR SUPA CREMA DE BROCCOLI CU CRUTOANE BOGRES 16G}",0.0001039093166334,0.295154185022026,0.000352050968295251,546.877449491114,67
"{KNORR SUPA CREMA DE BROCCOLI CU CRUTOANE BOGRES 16G} => {KNORR SUPA CR.DE CIUPERCI CU CASCAVAL BOGRES 17G}",0.0001039093166334,0.192528735632184,0.000539708092364526,546.877449491113,67
"{KNORR SUPA CR.DE CIUPERCI CU CASCAVAL BOGRES 17G} => {KNORR SUPA INSTANT CREMA DE 3 FELURI DE CASCAVAL CU CRUTOANE 17G}",0.000136477908414018,0.387665198237885,0.000352050968295251,684.832345664112,88
"{KNORR SUPA INSTANT CREMA DE 3 FELURI DE CASCAVAL CU CRUTOANE 17G} => {KNORR SUPA CR.DE CIUPERCI CU CASCAVAL BOGRES 17G}",0.000136477908414018,0.241095890410959,0.000566073142853598,684.832345664112,88
"{ENERGIZANT HELL MULTIVITAMIN 250ML} => {ENERGIZANT HELL 250ML}",0.00021247128923546,0.231028667790894,0.000919674996471736,14.1561976423923,137
"{BERE CU GUST DE VISINE 4% SOPRONI ALE OVATOS DUHAJ 500ML} => {BERE CU GUST DE ZMEURA 4% SOPRONI ALE OVATOS DUHAJ 500ML}",0.000159741188257317,0.279891304347826,0.000570725798822258,499.922309707335,103
"{BERE CU GUST DE ZMEURA 4% SOPRONI ALE OVATOS DUHAJ 500ML} => {BERE CU GUST DE VISINE 4% SOPRONI ALE OVATOS DUHAJ 500ML}",0.000159741188257317,0.285318559556787,0.000559869601562052,499.922309707335,103
"{SPUMANT PT.COPII GUST DE VISINE SUSU 750ML} => {SPUMANT PT.COPII GUST DE MERE SUSU 750ML}",0.000134927023091132,0.289036544850498,0.000466816482188857,553.022969922218,87
"{SPUMANT PT.COPII GUST DE MERE SUSU 750ML} => {SPUMANT PT.COPII GUST DE VISINE SUSU 750ML}",0.000134927023091132,0.258160237388724,0.000522648353812774,553.022969922218,87
"{SPUMANT PT.COPII GUST DE VISINE SUSU 750ML} => {SPUMANT PT.COPII GUST DE STRUGURI SUSU 750ML}",0.000142681449705564,0.305647840531561,0.000466816482188858,583.075704259962,92
"{SPUMANT PT.COPII GUST DE STRUGURI SUSU 750ML} => {SPUMANT PT.COPII GUST DE VISINE SUSU 750ML}",0.000142681449705564,0.272189349112426,0.000524199239135661,583.075704259962,92
"{DR.OETKER PRAF DE COPT 6*10G 5+1 GRATIS} => {DR.OETKER ZAHAR VANILIAT 6*8G 5+1 GRATIS}",0.000172148270840409,0.480519480519481,0.000358254509586798,774.588993506493,111
"{DR.OETKER ZAHAR VANILIAT 6*8G 5+1 GRATIS} => {DR.OETKER PRAF DE COPT 6*10G 5+1 GRATIS}",0.000172148270840409,0.2775,0.000620354129154628,774.588993506494,111
"{SEMINTE DE SUSAN TUNDERKERT 200G} => {_BANANE}",0.000128723481799585,0.261829652996845,0.000491630647355043,8.58116943401418,83
"{SIROP DE VISINE MARATTI 500ML} => {SIROP DE ZMEURA MARATTI 500ML}",0.000125621711153812,0.173447537473233,0.000724263445788028,254.755713052343,81
"{SIROP DE ZMEURA MARATTI 500ML} => {SIROP DE VISINE MARATTI 500ML}",0.000125621711153812,0.184510250569476,0.000680838656747204,254.755713052343,81
"{PATE DIN FICAT DE PORC HAME SELECT 75G} => {PATE CU FICAT DE PASARE HAME SELECT 75G}",0.0001039093166334,0.278008298755187,0.000373763362815663,700.225800700208,67
"{PATE CU FICAT DE PASARE HAME SELECT 75G} => {PATE DIN FICAT DE PORC HAME SELECT 75G}",0.0001039093166334,0.26171875,0.000397026642658962,700.225800700208,67
"{CALTABOS LANKA} => {SANGERETE VRAC}",0.000110112857924946,0.233552631578947,0.000471469138157517,115.397013006655,71
"{BATERII ALCALINE VARTA HIGH ENERGY AAA LR03 BLISTER DE 4BUC} => {BATERII ALCALINE VARTA HIGH ENERGY AA LR6 BLISTER DE 4BUC}",0.000111663743247833,0.202816901408451,0.000550564289624732,264.726555283116,72
"{BATERII ALCALINE VARTA HIGH ENERGY AA LR6 BLISTER DE 4BUC} => {BATERII ALCALINE VARTA HIGH ENERGY AAA LR03 BLISTER DE 4BUC}",0.000111663743247833,0.145748987854251,0.000766137349505965,264.726555283116,72
"{SUPA INSTANT CU TAITEI CU AROMA DE PUI VIFOOD 60G} => {SUPA INSTANT CU TAITEI CU AROMA DE PUI CHINEZESC VIFOOD 60G}",0.0001039093166334,0.253787878787879,0.000409433725242054,508.200769339356,67
"{SUPA INSTANT CU TAITEI CU AROMA DE PUI CHINEZESC VIFOOD 60G} => {SUPA INSTANT CU TAITEI CU AROMA DE PUI VIFOOD 60G}",0.0001039093166334,0.208074534161491,0.000499385073969475,508.200769339356,67
"{BURGER PRAJITURA CU LAPTE SI CACAO ETI 35G} => {BURGER PRAJITURA CU LAPTE SI MIERE ETI 35G}",0.000124070825830926,0.255591054313099,0.000485427106063496,428.060578399237,80
"{BURGER PRAJITURA CU LAPTE SI MIERE ETI 35G} => {BURGER PRAJITURA CU LAPTE SI CACAO ETI 35G}",0.000124070825830926,0.207792207792208,0.000597090849311329,428.060578399237,80
"{CONSERVA HRANA COMPLETA PT.PISICI ADULTE CU PESTE RENO 415G} => {CONSERVA HRANA COMPLETA PT.PISICI ADULTE CU PASARE RENO 415G}",0.000178351812131956,0.348484848484849,0.000511792156552568,376.382899345211,115
"{CONSERVA HRANA COMPLETA PT.PISICI ADULTE CU PASARE RENO 415G} => {CONSERVA HRANA COMPLETA PT.PISICI ADULTE CU PESTE RENO 415G}",0.000178351812131956,0.192629815745394,0.000925878537763282,376.382899345211,115
"{CONSERVA HRANA COMPLETA PT.PISICI ADULTE CU PESTE RENO 415G} => {CONSERVA HRANA COMPLETA PT.PISICI ADULTE CU VITA RENO 415G}",0.000224878371818553,0.439393939393939,0.000511792156552568,394.044695916045,145
"{CONSERVA HRANA COMPLETA PT.PISICI ADULTE CU VITA RENO 415G} => {CONSERVA HRANA COMPLETA PT.PISICI ADULTE CU PESTE RENO 415G}",0.000224878371818553,0.201668984700974,0.00111508654715544,394.044695916045,145
"{RONDELE DIN OREZ CU SOIA SI PORUMB RISOVITAL SCOTTI 100G} => {RONDELE DIN OREZ CU MIX DE SEMINTE SI CHIA RISOVITAL SCOTTI 100G}",0.000145783220351338,0.308196721311475,0.000473020023480404,321.558395670858,94
"{RONDELE DIN OREZ CU MIX DE SEMINTE SI CHIA RISOVITAL SCOTTI 100G} => {RONDELE DIN OREZ CU SOIA SI PORUMB RISOVITAL SCOTTI 100G}",0.000145783220351338,0.15210355987055,0.0009584471295439,321.558395670858,94
"{SPUMANT PT.COPII GUST DE MERE SUSU 750ML} => {SPUMANT PT.COPII GUST DE STRUGURI SUSU 750ML}",0.000173699156163296,0.332344213649852,0.000522648353812774,634.003617017541,112
"{SPUMANT PT.COPII GUST DE STRUGURI SUSU 750ML} => {SPUMANT PT.COPII GUST DE MERE SUSU 750ML}",0.000173699156163296,0.331360946745562,0.000524199239135661,634.003617017541,112
"{MARLBORO RED 100 S 10MG} => {APA DE MASA CARBOGAZOASA BUDVAR GYONGYE 2L}",0.000141130564382678,0.132267441860465,0.00106700910214596,19.1738130934206,91
"{HRANA INTEGRALA PT.CAINI ADULTI CU CARNE DE PASARE PDD 1240G} => {HRANA INTEGRALA PT.CAINI ADULTI CU FICAT PDD 1240G}",0.00011321462857072,0.241721854304636,0.000468367367511744,446.591861325642,73
"{HRANA INTEGRALA PT.CAINI ADULTI CU FICAT PDD 1240G} => {HRANA INTEGRALA PT.CAINI ADULTI CU CARNE DE PASARE PDD 1240G}",0.00011321462857072,0.209169054441261,0.000541258977687413,446.591861325642,73
"{HRANA INTEGRALA PT.CAINI ADULTI CU CARNE DE PASARE PDD 1240G} => {HRANA INTEGRALA PT.CAINI ADULTI CU CARNE DE VITA PDD 1240G}",0.000141130564382678,0.301324503311258,0.000468367367511744,414.268508451122,91
"{HRANA INTEGRALA PT.CAINI ADULTI CU CARNE DE VITA PDD 1240G} => {HRANA INTEGRALA PT.CAINI ADULTI CU CARNE DE PASARE PDD 1240G}",0.000141130564382678,0.194029850746269,0.000727365216433801,414.268508451122,91
"{HRANA INTEGRALA PT.CAINI ADULTI CU CARNE DE PASARE PDD 1240G} => {HRANA INTEGRALA PT.CAINI ADULTI CU CARNE DE VANAT PDD 1240G}",0.000100807545987627,0.21523178807947,0.000468367367511744,283.803579409255,65
"{HRANA INTEGRALA PT.CAINI ADULTI CU CARNE DE VANAT PDD 1240G} => {HRANA INTEGRALA PT.CAINI ADULTI CU CARNE DE PASARE PDD 1240G}",0.000100807545987627,0.132924335378323,0.000758382922891533,283.803579409255,65
"{BISCUITI CU MIERE BELVITA JO REGGELT 50G} => {BISCUITI CU FR.DE PADURE BELVITA JO REGGELT 50G}",0.000102358431310514,0.241758241758242,0.000423391693148034,308.681231639647,66
"{BISCUITI CU FR.DE PADURE BELVITA JO REGGELT 50G} => {BISCUITI CU MIERE BELVITA JO REGGELT 50G}",0.000102358431310514,0.130693069306931,0.000783197088057718,308.681231639647,66
"{FIDEA DIN OREZ THYMOS 200G} => {TAITEI LATI DIN OREZ THYMOS 200G}",0.000136477908414018,0.32,0.000426493463793807,460.566428571429,88
"{TAITEI LATI DIN OREZ THYMOS 200G} => {FIDEA DIN OREZ THYMOS 200G}",0.000136477908414018,0.196428571428571,0.000694796624653183,460.566428571429,88
"{BAUT.RAC.CARBO.GUST DE ZMEURA SI LEMONGRASS MARKA 2L} => {BAUT.RAC.CARBO.GUST DE LIMONADA CAPSUNI-LIME MARKA 2L}",0.000100807545987627,0.186781609195402,0.000539708092364526,123.270700243532,65
"{KNORR SUPA CR.DE ROSII CU TAITEI BOGRES 19G} => {KNORR SUPA CR.DE CIUPERCI CU CRUTOANE BOGRES 15G}",0.0001039093166334,0.274590163934426,0.000378416018784323,571.14134056055,67
"{KNORR SUPA CR.DE CIUPERCI CU CRUTOANE BOGRES 15G} => {KNORR SUPA CR.DE ROSII CU TAITEI BOGRES 19G}",0.0001039093166334,0.216129032258065,0.000480774450094837,571.14134056055,67
"{KNORR SUPA CR.DE ROSII CU TAITEI BOGRES 19G} => {KNORR SUPA CREMA DE USTUROI CU CRUTOANE BOGRES 18G}",0.000110112857924946,0.290983606557377,0.000378416018784323,556.748346062169,71
"{KNORR SUPA CREMA DE USTUROI CU CRUTOANE BOGRES 18G} => {KNORR SUPA CR.DE ROSII CU TAITEI BOGRES 19G}",0.000110112857924946,0.210682492581602,0.000522648353812774,556.748346062169,71
"{KNORR SUPA CR.DE ROSII CU TAITEI BOGRES 19G} => {KNORR SUPA CREMA DE BROCCOLI CU CRUTOANE BOGRES 16G}",0.000116316399216493,0.307377049180328,0.000378416018784323,569.52462549463,75
"{KNORR SUPA CREMA DE BROCCOLI CU CRUTOANE BOGRES 16G} => {KNORR SUPA CR.DE ROSII CU TAITEI BOGRES 19G}",0.000116316399216493,0.21551724137931,0.000539708092364526,569.52462549463,75
"{BISCUITI CU UMPL.DE VISINE&COCOS MULTICAKE ROSHEN 195G} => {BISCUITI CU CREMA DECAPSUNI MULTICAKE ROSHEN 195G}",0.000117867284539379,0.219653179190751,0.000536606321718753,347.987303120251,76
"{BISCUITI CU CREMA DECAPSUNI MULTICAKE ROSHEN 195G} => {BISCUITI CU UMPL.DE VISINE&COCOS MULTICAKE ROSHEN 195G}",0.000117867284539379,0.186732186732187,0.000631210326414834,347.987303120251,76
"{PRAJITURA CU CIOCOLATA LAPTE&MIERE DORTIK 100G} => {PRAJITURA CLASSIC CU MIERE&NUCI DORTIK 100G}",0.000128723481799585,0.261829652996845,0.000491630647355043,455.056408206994,83
"{PRAJITURA CLASSIC CU MIERE&NUCI DORTIK 100G} => {PRAJITURA CU CIOCOLATA LAPTE&MIERE DORTIK 100G}",0.000128723481799585,0.223719676549865,0.000575378454790917,455.056408206994,83
"{CIOCOLATA CU LAPTE CU NUGA&ALUNE ROSHEN 90G} => {CIOCOLATA CU LAPTE CU NUGA&AFINE ROSHEN 90G}",0.000125621711153812,0.310344827586207,0.000404781069273395,519.761486789073,81
"{CIOCOLATA CU LAPTE CU NUGA&AFINE ROSHEN 90G} => {CIOCOLATA CU LAPTE CU NUGA&ALUNE ROSHEN 90G}",0.000125621711153812,0.21038961038961,0.000597090849311329,519.761486789073,81
"{STORY} => {MAGAZIN BEST}",0.000218674830527006,0.396067415730337,0.000552115174947619,433.584884874382,141
"{MAGAZIN BEST} => {STORY}",0.000218674830527006,0.239388794567063,0.00091347145518019,433.584884874382,141
"{STORY} => {MEGLEPETES}",0.00016749561487175,0.303370786516854,0.000552115174947619,219.049674748669,108
"{MEGLEPETES} => {STORY}",0.00016749561487175,0.120940649496081,0.00138494059333771,219.049674748669,108
"{STORY} => {NOK LAPJA}",0.000110112857924946,0.199438202247191,0.000552115174947619,35.4162370535866,71
"{DRAJEURI CIOC.UMPL.ROM-COCOS SIR CHARLES 100G} => {ENERGIZANT HELL 250ML}",0.000133376137768245,0.233695652173913,0.000570725798822258,14.3196161410409,86
"{BISCUITI HRISCA CU SEMINTE DOVLEAC&MERE FRANK OLI 120G} => {BISCUITI CU MORCOVI FARA GLUTEN FRANK OLI 120G}",0.000102358431310514,0.226027397260274,0.000452858514282878,465.625826075539,66
"{BISCUITI CU MORCOVI FARA GLUTEN FRANK OLI 120G} => {BISCUITI HRISCA CU SEMINTE DOVLEAC&MERE FRANK OLI 120G}",0.000102358431310514,0.210862619808307,0.000485427106063496,465.625826075539,66
"{NAPOLITANE CU CREMA DE CIOCOLATA FARA ZAHAR GULLON 60G} => {NAPOLITANE CU CREMA DE VANILIE FARA ZAHAR GULLON 60G}",0.00015353764696577,0.320388349514563,0.00047922356477195,583.571087707751,99
"{NAPOLITANE CU CREMA DE VANILIE FARA ZAHAR GULLON 60G} => {NAPOLITANE CU CREMA DE CIOCOLATA FARA ZAHAR GULLON 60G}",0.00015353764696577,0.279661016949153,0.000549013404301846,583.571087707751,99
"{MAGHIRAN MARUNTIT LUCULLUS 5G} => {BUSUIOC MARUNTIT LUCULLUS 5G}",0.0001039093166334,0.250936329588015,0.000414086381210714,442.081936513784,67
"{BUSUIOC MARUNTIT LUCULLUS 5G} => {MAGHIRAN MARUNTIT LUCULLUS 5G}",0.0001039093166334,0.183060109289617,0.000567624028176485,442.081936513784,67
"{ZUZU IAURT CU CAPSUNI 2.6% GRASIME 125G} => {ZUZU IAURT CU FRUCTE DE PADURE 2.6% GRASIME 125G}",0.0001039093166334,0.229452054794521,0.000452858514282878,419.119203306298,67
"{ZUZU IAURT CU FRUCTE DE PADURE 2.6% GRASIME 125G} => {ZUZU IAURT CU CAPSUNI 2.6% GRASIME 125G}",0.0001039093166334,0.189801699716714,0.000547462518978959,419.119203306298,67
"{ELAN PATE DE PASARE 100G} => {ELAN PATE DE PORC 100G}",0.000105460201956287,0.219354838709677,0.000480774450094837,456.253111342352,68
"{ELAN PATE DE PORC 100G} => {ELAN PATE DE PASARE 100G}",0.000105460201956287,0.219354838709677,0.000480774450094837,456.253111342352,68
"{FOI CREMSNIT PION 400G} => {DR.OETKER PRAF PT.CREMSNIT 225G}",0.000150435876319997,0.253926701570681,0.00059243819334267,139.70150143845,97
"{NAPOLITANE CACAO CU CR.CACAO&TIRAMISU MY MOTTO 34G} => {NAPOLITANE CACAO CU CR.CACAO&ALUNE MY MOTTO 34G}",0.000235734569078759,0.342342342342342,0.000688593083361637,476.760142431849,152
"{NAPOLITANE CACAO CU CR.CACAO&ALUNE MY MOTTO 34G} => {NAPOLITANE CACAO CU CR.CACAO&TIRAMISU MY MOTTO 34G}",0.000235734569078759,0.32829373650108,0.000718059904496482,476.760142431849,152
"{NAPOLITANE CACAO CU CR.CACAO&TIRAMISU MY MOTTO 34G} => {NAPOLITANE CACAO CU CR.CACAO MY MOTTO 34G}",0.000209369518589687,0.304054054054054,0.000688593083361637,392.103851351351,135
"{NAPOLITANE CACAO CU CR.CACAO MY MOTTO 34G} => {NAPOLITANE CACAO CU CR.CACAO&TIRAMISU MY MOTTO 34G}",0.000209369518589687,0.27,0.000775442661443285,392.103851351351,135
"{HELL ENERGY COFFEE CAPPUCCINO 250ML} => {HELL ENERGY COFFEE SLIM LATTE 250ML}",0.0001039093166334,0.131630648330059,0.000789400629349264,103.631893319516,67
"{CAFEA JACOBS KRONUNG INSTANT 1.8G} => {NESCAFE BRASERO 1.8G}",0.000114765513893606,0.158119658119658,0.000725814331110915,105.761876263432,74
"{PATE SNACK GASCA UNGURESC 75G} => {PATE DE RATA IN STIL UNGURESC SNACK 75G}",0.000130274367122472,0.292682926829268,0.000445104087668446,404.978331414215,84
"{PATE DE RATA IN STIL UNGURESC SNACK 75G} => {PATE SNACK GASCA UNGURESC 75G}",0.000130274367122472,0.180257510729614,0.000722712560465142,404.978331414215,84
"{PATE SNACK GASCA UNGURESC 75G} => {PATE DE GASCA CU VIN ALB SNACK 75G}",0.00010856197260206,0.24390243902439,0.000445104087668446,326.279222750734,70
"{PATE DE GASCA CU VIN ALB SNACK 75G} => {PATE SNACK GASCA UNGURESC 75G}",0.00010856197260206,0.145228215767635,0.000747526725631327,326.279222750734,70
"{RULOURI FARA GLUTEN CU CREMA DE ALUNE ALASKA 18G} => {RULOURI FARA GLUTEN CU CREMA DE CACAO ALASKA 18G}",0.000263650504890717,0.568561872909699,0.000463714711543084,1075.08714287115,170
"{RULOURI FARA GLUTEN CU CREMA DE CACAO ALASKA 18G} => {RULOURI FARA GLUTEN CU CREMA DE ALUNE ALASKA 18G}",0.000263650504890717,0.498533724340176,0.00052885189510432,1075.08714287115,170
"{CERBONA BATON CEREALE CU FRUCTE 20G} => {CERBONA BATON CEREALE CU CIOCOLATA 20G}",0.000147334105674224,0.357142857142857,0.000412535495887828,675.317343946376,95
"{CERBONA BATON CEREALE CU CIOCOLATA 20G} => {CERBONA BATON CEREALE CU FRUCTE 20G}",0.000147334105674224,0.278592375366569,0.00052885189510432,675.317343946376,95
"{CERBONA BATON CEREALE CU FRUCTE 20G} => {CERBONA BATON CEREALE CU AFINE 20G}",0.000134927023091132,0.327067669172932,0.000412535495887828,468.646541353383,87
"{CERBONA BATON CEREALE CU AFINE 20G} => {CERBONA BATON CEREALE CU FRUCTE 20G}",0.000134927023091132,0.193333333333333,0.000697898395298956,468.646541353383,87
"{CERBONA BATON CEREALE CU FRUCTE 20G} => {CERBONA BATON CEREALE CU CIOC.AMARA&ZMEURA 20G}",0.000147334105674224,0.357142857142857,0.000412535495887828,496.300030788177,95
"{CERBONA BATON CEREALE CU CIOC.AMARA&ZMEURA 20G} => {CERBONA BATON CEREALE CU FRUCTE 20G}",0.000147334105674224,0.204741379310345,0.000719610789819368,496.300030788177,95
"{CERBONA BATON CEREALE CU FRUCTE 20G} => {CERBONA BATON CEREALE CU FRUCTE ROSII 20G}",0.000131825252445358,0.319548872180451,0.000412535495887827,431.052041715167,85
"{CERBONA BATON CEREALE CU FRUCTE ROSII 20G} => {CERBONA BATON CEREALE CU FRUCTE 20G}",0.000131825252445358,0.177824267782427,0.00074132318433978,431.052041715167,85
"{CAPPUCCINO JACOBS ORIGINAL 14.4G} => {CAPPUCCINO JACOBS VANILIE 15G}",0.000105460201956287,0.184281842818428,0.000572276684145144,287.013628687011,68
"{CAPPUCCINO JACOBS VANILIE 15G} => {CAPPUCCINO JACOBS ORIGINAL 14.4G}",0.000105460201956287,0.164251207729469,0.00064206652367504,287.013628687012,68
"{REAL CREMA DE ARDEI IUTE 160G} => {REAL CREMA DE ARDEI DULCE 160G}",0.000111663743247833,0.247422680412371,0.000451307628959992,416.544157626982,72
"{REAL CREMA DE ARDEI DULCE 160G} => {REAL CREMA DE ARDEI IUTE 160G}",0.000111663743247833,0.18798955613577,0.000593989078665556,416.544157626982,72
"{BUDINCA CU GUST DE CAPSUNI FARA GLUTEN HAAS 40G} => {BUDINCA CU GUST VANILIE FARA GLUTEN HAAS 40G}",0.000195411550683708,0.484615384615385,0.000403230183950508,641.635744748065,126
"{BUDINCA CU GUST VANILIE FARA GLUTEN HAAS 40G} => {BUDINCA CU GUST DE CAPSUNI FARA GLUTEN HAAS 40G}",0.000195411550683708,0.258726899383984,0.00075528115224576,641.635744748065,126
"{RONDELE DE OREZ CU SARE DE HIMALAYA FARA GLUTEN RICE UP 120G} => {RONDELE DE OREZ CU CHIA&QUINOA FARA GLUTEN RICE UP 120G}",0.000100807545987627,0.19578313253012,0.000514893927198341,339.353745627672,65
"{RONDELE DE OREZ CU CHIA&QUINOA FARA GLUTEN RICE UP 120G} => {RONDELE DE OREZ CU SARE DE HIMALAYA FARA GLUTEN RICE UP 120G}",0.000100807545987627,0.174731182795699,0.000576929340113804,339.353745627672,65
"{PRAJITURA GYORI DORMI CU CR.CAPSUNI 30G} => {PRAJITURA GYORI DORMI CU CR.CIOCOLATA 30G}",0.0001039093166334,0.189801699716714,0.000547462518978959,211.73496083986,67
"{PRAJITURA GYORI DORMI CU CR.CIOCOLATA 30G} => {PRAJITURA GYORI DORMI CU CR.CAPSUNI 30G}",0.0001039093166334,0.115916955017301,0.000896411716628437,211.73496083986,67
"{SIO SUC DE MERE 25% 200ML} => {SIO SUC DE PIERSICA 25% 200ML}",0.000124070825830926,0.264900662251656,0.000468367367511744,316.307579102281,80
"{SIO SUC DE PIERSICA 25% 200ML} => {SIO SUC DE MERE 25% 200ML}",0.000124070825830926,0.148148148148148,0.000837478074358748,316.307579102281,80
"{SERVETELE DE PASTI 33*33CM 3STRAT REGINA 15BUC} => {SERVETELE DE PASTI 33*33CM 1STRAT 20BUC}",0.000131825252445358,0.277777777777778,0.00047457090880329,407.066287878788,85
"{SERVETELE DE PASTI 33*33CM 1STRAT 20BUC} => {SERVETELE DE PASTI 33*33CM 3STRAT REGINA 15BUC}",0.000131825252445358,0.193181818181818,0.000682389542070091,407.066287878788,85
"{CIOCOLATA LAPTE CU COCOS ROSHEN 90G} => {CIOCOLATA CU LAPTE CU NUGA&AFINE ROSHEN 90G}",0.000110112857924946,0.212574850299401,0.000517995697844114,356.017598569096,71
"{CIOCOLATA CU LAPTE CU NUGA&AFINE ROSHEN 90G} => {CIOCOLATA LAPTE CU COCOS ROSHEN 90G}",0.000110112857924946,0.184415584415584,0.000597090849311329,356.017598569096,71
"{MAGGI FIDELICIOS PRODUSE INSTANT CU FIDEA CU GUST DE VITA 59.2G} => {MAGGI FIDELICIOS PRODUSE INSTANT CU FIDEA CU GUST DE PUI 59.2G}",0.000147334105674224,0.341726618705036,0.000431146119762466,458.093413003485,95
"{MAGGI FIDELICIOS PRODUSE INSTANT CU FIDEA CU GUST DE PUI 59.2G} => {MAGGI FIDELICIOS PRODUSE INSTANT CU FIDEA CU GUST DE VITA 59.2G}",0.000147334105674224,0.197505197505198,0.00074597584030844,458.093413003485,95
"{NAPOLITANE GLAZURATE CU CIOCOLATA LAPTE VITORLAS U&U 30G} => {NAPOLITANE GLAZURATE CU CIOCOLATA AMARA VITORLAS U&U 30G}",0.000190758894715048,0.334239130434783,0.000570725798822258,483.217604552544,123
"{NAPOLITANE GLAZURATE CU CIOCOLATA AMARA VITORLAS U&U 30G} => {NAPOLITANE GLAZURATE CU CIOCOLATA LAPTE VITORLAS U&U 30G}",0.000190758894715048,0.275784753363229,0.00069169485400741,483.217604552544,123
"{SUC DE VISINE,MERE STICLA TOPJOY 250ML} => {SUC FRUCTUL DRAGONULUI 25% STICLA TOPJOY 250ML}",0.0001039093166334,0.167919799498747,0.000618803243831741,184.452319042922,67
"{SUC FRUCTUL DRAGONULUI 25% STICLA TOPJOY 250ML} => {SUC DE VISINE,MERE STICLA TOPJOY 250ML}",0.0001039093166334,0.114139693356048,0.000910369684534416,184.452319042922,67
"{SULFAT DE VIN LUCULLUS 20G} => {CONSERVANT ACID SALICILIC HA 15G}",0.000102358431310514,0.165413533834586,0.000618803243831741,46.9443172191041,66
"{HOHES C SUC MULTIVITAMIN 200ML} => {HOHES C SUC DE PORTOCALE 200ML}",0.000156639417611544,0.307926829268293,0.000508690385906795,549.997407269779,101
"{HOHES C SUC DE PORTOCALE 200ML} => {HOHES C SUC MULTIVITAMIN 200ML}",0.000156639417611544,0.279778393351801,0.000559869601562052,549.997407269779,101
"{NAP.UMPL.CU CR.DE ALUNE INV.CU CIOC.CU INDULCITORI DIABETTE 96G} => {NAP.UMPL.CU CR.DE COACAZE NEGRE INV.CU CIOC.CU INDULCITORI DIABETTE 96G}",0.0001039093166334,0.21405750798722,0.000485427106063496,413.241864513784,67
"{NAP.UMPL.CU CR.DE COACAZE NEGRE INV.CU CIOC.CU INDULCITORI DIABETTE 96G} => {NAP.UMPL.CU CR.DE ALUNE INV.CU CIOC.CU INDULCITORI DIABETTE 96G}",0.0001039093166334,0.20059880239521,0.000517995697844114,413.241864513784,67
"{JOGO-BELLA IAURT ANANAS&BANANE CU CEREALE STANDARD 200G} => {JOGO-BELLA IAURT CU CEREALE CU PIERSICI CLASSIC 200G}",0.000127172596476699,0.276094276094276,0.000460612940897311,615.99881164587,82
"{JOGO-BELLA IAURT CU CEREALE CU PIERSICI CLASSIC 200G} => {JOGO-BELLA IAURT ANANAS&BANANE CU CEREALE STANDARD 200G}",0.000127172596476699,0.283737024221453,0.000448205858314219,615.998811645871,82
"{PIEPT DE PUI CU OS SI PIELE REFRIGERAT VRAC SZEKELY CSURKE} => {CARNE TOCATA PORC VRAC}",0.000141130564382678,0.191176470588235,0.000738221413694007,3.4764862654408,91
"{COLORANT ALIMENTAR VERDE MAXCOLOR 30ML} => {COLORANT ALIMENTAR ROSU ZMEURA MAXCOLOR 30ML}",0.000249692536984738,0.536666666666667,0.000465265596865971,977.51104519774,161
"{COLORANT ALIMENTAR ROSU ZMEURA MAXCOLOR 30ML} => {COLORANT ALIMENTAR VERDE MAXCOLOR 30ML}",0.000249692536984738,0.454802259887006,0.000549013404301846,977.51104519774,161
"{SANDWICH CU CR.CAPSUNI FARA GLUTEN ABONETT 26G} => {SANDWICH CU CR.CU SEMINTE DE DOVLEAC FG.ABONETT 26G}",0.000176800926809069,0.37012987012987,0.000477672679449063,811.759011396766,114
"{SANDWICH CU CR.CU SEMINTE DE DOVLEAC FG.ABONETT 26G} => {SANDWICH CU CR.CAPSUNI FARA GLUTEN ABONETT 26G}",0.000176800926809069,0.387755102040816,0.000455960284928652,811.759011396766,114
"{TERCI DE OREZ CU SEMINTE CHIA SI INULINA FIT REGGELI 60G} => {TERCI DE OREZ CU CIOCOLATA AMARA SI INULINA FIT REGGELI 60G}",0.000165944729548863,0.328220858895706,0.000505588615261022,618.814363362394,107
"{TERCI DE OREZ CU CIOCOLATA AMARA SI INULINA FIT REGGELI 60G} => {TERCI DE OREZ CU SEMINTE CHIA SI INULINA FIT REGGELI 60G}",0.000165944729548863,0.312865497076023,0.000530402780427207,618.814363362394,107
"{TERCI DE OREZ CU SEMINTE CHIA SI INULINA FIT REGGELI 60G} => {TERCI DE OREZ CAPSUNI,VANILIE SI INULINA FIT REGGELI 60G}",0.000232632798432985,0.460122699386503,0.000505588615261022,675.817530080914,150
"{TERCI DE OREZ CAPSUNI,VANILIE SI INULINA FIT REGGELI 60G} => {TERCI DE OREZ CU SEMINTE CHIA SI INULINA FIT REGGELI 60G}",0.000232632798432985,0.341685649202733,0.000680838656747204,675.817530080914,150
"{NAPOLITANE CACAO CU CR.CACAO&ALUNE MY MOTTO 34G} => {NAPOLITANE CACAO CU CR.CACAO MY MOTTO 34G}",0.000254345192953397,0.354211663066955,0.000718059904496482,456.786401727862,164
"{NAPOLITANE CACAO CU CR.CACAO MY MOTTO 34G} => {NAPOLITANE CACAO CU CR.CACAO&ALUNE MY MOTTO 34G}",0.000254345192953397,0.328,0.000775442661443285,456.786401727862,164
"{BOMBOANE SKITTLES CRAZY SOURS 38G} => {BOMBOANE SKITTLES FRUITS 38G}",0.0001039093166334,0.176315789473684,0.000589336422696897,213.697719628017,67
"{BOMBOANE SKITTLES FRUITS 38G} => {BOMBOANE SKITTLES CRAZY SOURS 38G}",0.0001039093166334,0.12593984962406,0.000825070991775655,213.697719628017,67
"{CHIPS DIN CARTOFI CU GUST DE USTUROI CSIKI CSIPSZ 70G} => {CHIPS PREMIUM DIN CARTOFI CU GUST DE HRIBI CSIKI CSIPSZ 70G}",0.00010856197260206,0.169491525423729,0.000640515638352153,204.274671313163,70
"{CHIPS PREMIUM DIN CARTOFI CU GUST DE HRIBI CSIKI CSIPSZ 70G} => {CHIPS DIN CARTOFI CU GUST DE USTUROI CSIKI CSIPSZ 70G}",0.00010856197260206,0.130841121495327,0.000829723647744315,204.274671313163,70
"{BRANZA BLOCKEN SUNCA HOCHLAND 90G} => {BRANZA BLOCKEN SMANTANA HOCHLAND 90G}",0.000119418169862266,0.250814332247557,0.000476121794126177,434.740122937901,77
"{BRANZA BLOCKEN SMANTANA HOCHLAND 90G} => {BRANZA BLOCKEN SUNCA HOCHLAND 90G}",0.000119418169862266,0.206989247311828,0.000576929340113804,434.740122937901,77
"{GOBE CEAI GASTRIC 75G} => {GOBE CEAI HEPATIC 75G}",0.000111663743247833,0.231511254019293,0.000482325335417723,452.354048523823,72
"{GOBE CEAI HEPATIC 75G} => {GOBE CEAI GASTRIC 75G}",0.000111663743247833,0.218181818181818,0.000511792156552568,452.354048523823,72
"{HRANA INTEGRALA PT.CAINI ADULTI CU FICAT PDD 1240G} => {HRANA INTEGRALA PT.CAINI ADULTI CU CARNE DE VITA PDD 1240G}",0.000159741188257317,0.29512893982808,0.000541258977687413,405.7506918946,103
"{HRANA INTEGRALA PT.CAINI ADULTI CU CARNE DE VITA PDD 1240G} => {HRANA INTEGRALA PT.CAINI ADULTI CU FICAT PDD 1240G}",0.000159741188257317,0.219616204690832,0.000727365216433801,405.7506918946,103
"{HRANA INTEGRALA PT.CAINI ADULTI CU FICAT PDD 1240G} => {HRANA INTEGRALA PT.CAINI ADULTI CU CARNE DE VANAT PDD 1240G}",0.000195411550683708,0.361031518624642,0.000541258977687413,476.054388524619,126
"{HRANA INTEGRALA PT.CAINI ADULTI CU CARNE DE VANAT PDD 1240G} => {HRANA INTEGRALA PT.CAINI ADULTI CU FICAT PDD 1240G}",0.000195411550683708,0.257668711656442,0.000758382922891533,476.054388524619,126
"{KNORR SUPA CREMA DE CASCAVAL BOGRES 22G} => {KNORR SUPA CR.DE CIUPERCI CU CRUTOANE BOGRES 15G}",0.000114765513893606,0.268115942028986,0.000428044349116693,557.675105189341,74
"{KNORR SUPA CR.DE CIUPERCI CU CRUTOANE BOGRES 15G} => {KNORR SUPA CREMA DE CASCAVAL BOGRES 22G}",0.000114765513893606,0.238709677419355,0.000480774450094837,557.675105189341,74
"{KNORR SUPA CREMA DE CASCAVAL BOGRES 22G} => {KNORR SUPA CREMA DE PUI CU CRUTOANE BOGRES 16G}",0.00011321462857072,0.264492753623188,0.000428044349116693,518.36801242236,73
"{KNORR SUPA CREMA DE PUI CU CRUTOANE BOGRES 16G} => {KNORR SUPA CREMA DE CASCAVAL BOGRES 22G}",0.00011321462857072,0.221884498480243,0.000510241271229681,518.36801242236,73
"{KNORR SUPA CREMA DE CASCAVAL BOGRES 22G} => {KNORR SUPA CREMA DE USTUROI CU CRUTOANE BOGRES 18G}",0.000128723481799585,0.300724637681159,0.000428044349116693,575.386175977293,83
"{KNORR SUPA CREMA DE USTUROI CU CRUTOANE BOGRES 18G} => {KNORR SUPA CREMA DE CASCAVAL BOGRES 22G}",0.000128723481799585,0.246290801186944,0.000522648353812774,575.386175977293,83
"{KNORR SUPA CREMA DE CASCAVAL BOGRES 22G} => {KNORR SUPA CREMA DE BROCCOLI CU CRUTOANE BOGRES 16G}",0.000139579679059791,0.326086956521739,0.000428044349116693,604.191341829085,90
"{KNORR SUPA CREMA DE BROCCOLI CU CRUTOANE BOGRES 16G} => {KNORR SUPA CREMA DE CASCAVAL BOGRES 22G}",0.000139579679059791,0.258620689655172,0.000539708092364526,604.191341829085,90
"{KNORR SUPA CREMA DE CASCAVAL BOGRES 22G} => {KNORR SUPA INSTANT CREMA DE 3 FELURI DE CASCAVAL CU CRUTOANE 17G}",0.000184555353423502,0.431159420289855,0.000428044349116693,761.667331745086,119
"{KNORR SUPA INSTANT CREMA DE 3 FELURI DE CASCAVAL CU CRUTOANE 17G} => {KNORR SUPA CREMA DE CASCAVAL BOGRES 22G}",0.000184555353423502,0.326027397260274,0.000566073142853598,761.667331745086,119
"{FIDEA INSTANT CU GUST DE PUI SPECIAL INDOMIE 75G} => {FIDEA INSTANT CU GUST DE PUI INDOMIE 70G}",0.000151986761642884,0.293413173652695,0.000517995697844114,548.379015881281,98
"{FIDEA INSTANT CU GUST DE PUI INDOMIE 70G} => {FIDEA INSTANT CU GUST DE PUI SPECIAL INDOMIE 75G}",0.000151986761642884,0.284057971014493,0.000535055436395866,548.379015881281,98
"{GIANA PASTA DE TOMATE 140G} => {CARNE TOCATA PORC VRAC}",0.000100807545987627,0.213114754098361,0.000473020023480404,3.87542731229467,65
"{BOABE DE MUSTAR ECOM 50G} => {ELAN FOI DE DAFIN 15G}",0.000110112857924946,0.197771587743733,0.000556767830916278,86.396839685667,71
"{NAPOLITANE DIETETIC CU CREMA DE CACAO ELA 40G} => {NAPOLITANE DIETETIC CU CREMA DE VANILIE ELA 40G}",0.000111663743247833,0.189473684210526,0.000589336422696896,309.294443704197,72
"{NAPOLITANE DIETETIC CU CREMA DE VANILIE ELA 40G} => {NAPOLITANE DIETETIC CU CREMA DE CACAO ELA 40G}",0.000111663743247833,0.182278481012658,0.000612599702540195,309.294443704197,72
"{NAPOLITANE DIETETIC CU CREMA DE CACAO ELA 40G} => {NAPOLITANE DIETETIC CU CREMA DE ALUNE ELA 40G}",0.000184555353423502,0.313157894736842,0.000589336422696897,367.799669255105,119
"{NAPOLITANE DIETETIC CU CREMA DE ALUNE ELA 40G} => {NAPOLITANE DIETETIC CU CREMA DE CACAO ELA 40G}",0.000184555353423502,0.216757741347905,0.000851436042264727,367.799669255105,119
"{KNORR SUPA INSTANT VISINE 56G} => {KNORR SUPA CREMA GRECESC CU FRUCTE CU BUCATI DE FRUCTE 54G}",0.000110112857924946,0.314159292035398,0.000350500082972365,659.829682050099,71
"{KNORR SUPA CREMA GRECESC CU FRUCTE CU BUCATI DE FRUCTE 54G} => {KNORR SUPA INSTANT VISINE 56G}",0.000110112857924946,0.231270358306189,0.000476121794126177,659.829682050099,71
"{JOGO-BELLA IAURT CU CEREALE CU PIERSICI CLASSIC 200G} => {JOGO-BELLA IAURT CU CEREALE CU MUSLI STANDARD 200G}",0.000116316399216493,0.259515570934256,0.000448205858314219,443.856295833983,75
"{JOGO-BELLA IAURT CU CEREALE CU MUSLI STANDARD 200G} => {JOGO-BELLA IAURT CU CEREALE CU PIERSICI CLASSIC 200G}",0.000116316399216493,0.19893899204244,0.000584683766728237,443.856295833983,75
"{BLIKK} => {SZEKELYHON}",0.000116316399216493,0.174418604651163,0.000666880688841225,128.824622392712,75
"{BLIKK} => {MEGLEPETES}",0.000189208009392162,0.283720930232558,0.000666880688841225,204.861444308446,122
"{MEGLEPETES} => {BLIKK}",0.000189208009392162,0.136618141097424,0.00138494059333771,204.861444308446,122
"{BLIKK} => {NOK LAPJA}",0.000209369518589687,0.313953488372093,0.000666880688841225,55.7518621944112,135
"{ELAN OASE AFUMATE} => {CARNE TOCATA PORC VRAC}",0.000134927023091132,0.224806201550388,0.000600192619957102,4.08803274624285,87
"{RONDELE DE OREZ SI IERBURI AROMATE RISOVITAL SCOTTI 100G} => {RONDELE DIN OREZ EXPANDAT RISOVITAL SCOTTI 100G}",0.000100807545987627,0.16839378238342,0.000598641734634216,207.212084206779,65
"{RONDELE DIN OREZ EXPANDAT RISOVITAL SCOTTI 100G} => {RONDELE DE OREZ SI IERBURI AROMATE RISOVITAL SCOTTI 100G}",0.000100807545987627,0.124045801526718,0.000812663909192563,207.212084206779,65
"{RONDELE DE OREZ SI IERBURI AROMATE RISOVITAL SCOTTI 100G} => {RONDELE DIN OREZ CU MIX DE SEMINTE SI CHIA RISOVITAL SCOTTI 100G}",0.000145783220351338,0.243523316062176,0.000598641734634216,254.081115750289,94
"{RONDELE DIN OREZ CU MIX DE SEMINTE SI CHIA RISOVITAL SCOTTI 100G} => {RONDELE DE OREZ SI IERBURI AROMATE RISOVITAL SCOTTI 100G}",0.000145783220351338,0.15210355987055,0.0009584471295439,254.081115750289,94
"{PATE DE PASARE TORKOS 100G} => {PATE DE CURCAN TORKOS 100G}",0.000176800926809069,0.357366771159875,0.000494732418000816,681.738439279553,114
"{PATE DE CURCAN TORKOS 100G} => {PATE DE PASARE TORKOS 100G}",0.000176800926809069,0.337278106508876,0.000524199239135661,681.738439279553,114
"{PATE DE PASARE TORKOS 100G} => {PATE DE GASCA TORKOS 100G}",0.000148884990997111,0.300940438871473,0.000494732418000816,495.010939799117,96
"{PATE DE GASCA TORKOS 100G} => {PATE DE PASARE TORKOS 100G}",0.000148884990997111,0.244897959183673,0.000607947046571535,495.010939799117,96
"{PATE DE PASARE TORKOS 100G} => {PATE DE PORC TORKOS 100G}",0.00011321462857072,0.22884012539185,0.000494732418000816,388.301344662597,73
"{PATE DE PORC TORKOS 100G} => {PATE DE PASARE TORKOS 100G}",0.00011321462857072,0.192105263157895,0.000589336422696897,388.301344662597,73
"{BATON CIOCOLATA CU CREMA DE ARAHIDE ROSHEN 38G} => {BATON CIOCOLATA CU LAPTE UMPL.DE CR.DE ZAHAR ARS ROSHEN 43G}",0.000189208009392162,0.317708333333333,0.000595539963988443,282.950427313536,122
"{BATON CIOCOLATA CU LAPTE UMPL.DE CR.DE ZAHAR ARS ROSHEN 43G} => {BATON CIOCOLATA CU CREMA DE ARAHIDE ROSHEN 38G}",0.000189208009392162,0.168508287292818,0.00112284097376988,282.950427313536,122
"{BATON CIOCOLATA CU CREMA DE ARAHIDE ROSHEN 38G} => {BATON CIOCOLATA CU UMPL.CU GUST DE CIOC.FONDANT ROSHEN 43G}",0.000170597385517523,0.286458333333333,0.000595539963988443,223.345015870617,110
"{BATON CIOCOLATA CU UMPL.CU GUST DE CIOC.FONDANT ROSHEN 43G} => {BATON CIOCOLATA CU CREMA DE ARAHIDE ROSHEN 38G}",0.000170597385517523,0.133010882708585,0.00128258216202719,223.345015870617,110
"{NOILEG} => {NOK LAPJA}",0.000133376137768245,0.208232445520581,0.000640515638352153,36.977918822515,86
"{FOIETAJ CU GEM RIP-ROP 100G} => {FOIETAJ CU CREMA DE VANILIE RIP-ROP 100G}",0.000136477908414018,0.147899159663866,0.000922776767117509,118.318043247075,88
"{FOIETAJ CU CREMA DE VANILIE RIP-ROP 100G} => {FOIETAJ CU GEM RIP-ROP 100G}",0.000136477908414018,0.109181141439206,0.00125001357024658,118.318043247076,88
"{FOIETAJ CU GEM RIP-ROP 100G} => {CORN RIP-ROP 100G}",0.000110112857924946,0.119327731092437,0.000922776767117509,9.66239931109955,71
"{CARNACIORI CU FASOLE BOABE ROTINA 300G} => {COSTITA CU FASOLE BOABE ROTINA 300G}",0.000110112857924946,0.202857142857143,0.000542809863010299,362.329267906609,71
"{COSTITA CU FASOLE BOABE ROTINA 300G} => {CARNACIORI CU FASOLE BOABE ROTINA 300G}",0.000110112857924946,0.196675900277008,0.000559869601562052,362.329267906609,71
"{ENIBAHAR ECOM 20G} => {CUISOARE MACINATE ECOM 20G}",0.000243488995693191,0.486068111455108,0.000500935959292362,704.299586043761,157
"{CUISOARE MACINATE ECOM 20G} => {ENIBAHAR ECOM 20G}",0.000243488995693191,0.352808988764045,0.000690143968684524,704.299586043761,157
"{ENIBAHAR ECOM 20G} => {SCORTISOARA MACINATA ECOM 50G}",0.000102358431310514,0.204334365325077,0.000500935959292362,129.806274306456,66
"{TURTA DULCE CU GLAZ.DE CACAO END-IBO 180G} => {TURTA DULCE CU GLAZ.DE VANILIE END-IBO 180G}",0.000127172596476699,0.200488997555012,0.000634312097060607,68.3988900531688,82
"{PATE DE CURCAN TORKOS 100G} => {PATE DE GASCA TORKOS 100G}",0.000161292073580203,0.307692307692308,0.000524199239135661,506.116954474097,104
"{PATE DE GASCA TORKOS 100G} => {PATE DE CURCAN TORKOS 100G}",0.000161292073580203,0.26530612244898,0.000607947046571535,506.116954474097,104
"{PATE DE CURCAN TORKOS 100G} => {PATE DE PORC TORKOS 100G}",0.000116316399216493,0.22189349112426,0.000524199239135661,376.514131111803,75
"{PATE DE PORC TORKOS 100G} => {PATE DE CURCAN TORKOS 100G}",0.000116316399216493,0.197368421052632,0.000589336422696897,376.514131111803,75
"{HRANA COMPLETA PENTRU CAINI ADULTI CU PASARE RENO 300G} => {HRANA COMPLETA PENTRU CAINI ADULTI CU VITA RENO 300G}",0.000235734569078759,0.490322580645161,0.000480774450094837,836.393036354327,152
"{HRANA COMPLETA PENTRU CAINI ADULTI CU VITA RENO 300G} => {HRANA COMPLETA PENTRU CAINI ADULTI CU PASARE RENO 300G}",0.000235734569078759,0.402116402116402,0.000586234652051123,836.393036354327,152
"{SEMINTE CHIA TUNDERKERT 100G} => {_BANANE}",0.000134927023091132,0.2175,0.000620354129154628,7.12831541628545,87
"{CUB CU GUST DE VITA THYMOS 8*10G 6+2GRATIS} => {CUB CU GUST DE GAINA THYMOS 8*10G 6+2GRATIS}",0.000114765513893606,0.257839721254355,0.000445104087668446,279.417222498756,74
"{CUB CU GUST DE GAINA THYMOS 8*10G 6+2GRATIS} => {CUB CU GUST DE VITA THYMOS 8*10G 6+2GRATIS}",0.000114765513893606,0.12436974789916,0.000922776767117509,279.417222498756,74
"{UNT PORTIONAT MEGGLE 10G} => {UNT PORTIONAT MEGGLE 20G}",0.000144232335028451,0.237851662404092,0.000606396161248649,337.066125179169,93
"{UNT PORTIONAT MEGGLE 20G} => {UNT PORTIONAT MEGGLE 10G}",0.000144232335028451,0.204395604395604,0.000705652821913389,337.066125179169,93
"{CERBONA BATON CEREALE MERISOR FARA GLUTEN 35G} => {CERBONA BATON CEREALE FARA GLUTEN VISINE&CIOCOLATA 35G}",0.000155088532288657,0.298507462686567,0.000519546583167001,300.273825878408,100
"{CERBONA BATON CEREALE FARA GLUTEN VISINE&CIOCOLATA 35G} => {CERBONA BATON CEREALE MERISOR FARA GLUTEN 35G}",0.000155088532288657,0.15600624024961,0.000994117491970291,300.273825878408,100
"{CERBONA BATON CEREALE MERISOR FARA GLUTEN 35G} => {CERBONA BATON CEREALE FARA GLUTEN FRUCTE 35G}",0.000203165977298141,0.391044776119403,0.000519546583167001,329.598606965174,131
"{CERBONA BATON CEREALE FARA GLUTEN FRUCTE 35G} => {CERBONA BATON CEREALE MERISOR FARA GLUTEN 35G}",0.000203165977298141,0.171241830065359,0.00118642727200823,329.598606965174,131
"{CERBONA BATON CEREALE MERISOR FARA GLUTEN 35G} => {CERBONA BATON CEREALE ZMEURA FARA GLUTEN 35G}",0.000195411550683708,0.376119402985075,0.000519546583167001,287.004920957343,126
"{CERBONA BATON CEREALE ZMEURA FARA GLUTEN 35G} => {CERBONA BATON CEREALE MERISOR FARA GLUTEN 35G}",0.000195411550683708,0.149112426035503,0.00131049809783915,287.004920957343,126
"{REAL DETERGENT DUO CAPSULE COLOR 15*24G 360G} => {REAL DETERGENT DUO CAPSULE WHITE 15*24G 360G}",0.000134927023091132,0.219143576826196,0.000615701473185968,300.643073047859,87
"{REAL DETERGENT DUO CAPSULE WHITE 15*24G 360G} => {REAL DETERGENT DUO CAPSULE COLOR 15*24G 360G}",0.000134927023091132,0.185106382978723,0.000728916101756688,300.643073047859,87
"{CERBONA CEREALE CU VISINE 200G} => {CERBONA CEREALE CU AFINE 200G}",0.000122519940508039,0.253205128205128,0.00048387622074061,405.123807024241,79
"{CERBONA CEREALE CU AFINE 200G} => {CERBONA CEREALE CU VISINE 200G}",0.000122519940508039,0.196029776674938,0.000625006785123288,405.123807024241,79
"{ZAHAR BRUN STICKS DEMERARA 4G} => {_BANANE}",0.00011321462857072,0.121262458471761,0.000933632964377715,3.97423932018817,73
"{BOMBOANE DE POM JELEU GLORIA 300G} => {BOMBOANE DE POM CU GUST DE COCOS GLORIA 300G}",0.000136477908414018,0.226221079691517,0.000603294390602876,271.125964010283,88
"{BOMBOANE DE POM CU GUST DE COCOS GLORIA 300G} => {BOMBOANE DE POM JELEU GLORIA 300G}",0.000136477908414018,0.163568773234201,0.000834376303712975,271.125964010283,88
"{PULPE CURCAN INFERIOR REFR.VRAC} => {CARNE TOCATA PORC VRAC}",0.000107011087279173,0.155405405405405,0.000688593083361637,2.82600026982818,69
"{RONDELE DE OREZ SUPER SEMINTE FARA GLUTEN RICE UP 120G} => {RONDELE DE OREZ CU CHIA&QUINOA FARA GLUTEN RICE UP 120G}",0.000134927023091132,0.235772357723577,0.000572276684145144,408.667650144243,87
"{RONDELE DE OREZ CU CHIA&QUINOA FARA GLUTEN RICE UP 120G} => {RONDELE DE OREZ SUPER SEMINTE FARA GLUTEN RICE UP 120G}",0.000134927023091132,0.233870967741935,0.000576929340113804,408.667650144243,87
"{STICKSURI DIN CARTOFI CU USTUROI CSIKI CSIPSZ 70G} => {STICKSURI DIN CARTOFI CU SARE CSIKI CSIPSZ 70G}",0.000133376137768245,0.191964285714286,0.000694796624653183,102.719691019561,86
"{IAURT CU CAISE KERESZTURI 200G} => {IAURT CU VISINE KERESZTURI 200G}",0.000150435876319997,0.30503144654088,0.000493181532677929,585.363516397125,97
"{IAURT CU VISINE KERESZTURI 200G} => {IAURT CU CAISE KERESZTURI 200G}",0.000150435876319997,0.288690476190476,0.000521097468489887,585.363516397125,97
"{IAURT CU CAISE KERESZTURI 200G} => {IAURT CU FRUCTE DE PADURE KERESZTURI 200G}",0.000156639417611544,0.317610062893082,0.000493181532677929,448.12416910945,101
"{IAURT CU FRUCTE DE PADURE KERESZTURI 200G} => {IAURT CU CAISE KERESZTURI 200G}",0.000156639417611544,0.221006564551422,0.000708754592559162,448.124169109451,101
"{IAURT CU CAISE KERESZTURI 200G} => {IAURT CU CAPSUNI KERESZTURI 200G}",0.000181453582777729,0.367924528301887,0.000493181532677929,513.49601813281,117
"{IAURT CU CAPSUNI KERESZTURI 200G} => {IAURT CU CAISE KERESZTURI 200G}",0.000181453582777729,0.253246753246753,0.000716509019173595,513.49601813281,117
"{CONSERVA SUNCA DALMAT GOLD 110G} => {CONSERVA SUNCA BAJOR GOLD 110G}",0.000172148270840409,0.346875,0.000496283303323702,686.081508819018,111
"{CONSERVA SUNCA BAJOR GOLD 110G} => {CONSERVA SUNCA DALMAT GOLD 110G}",0.000172148270840409,0.340490797546012,0.000505588615261022,686.081508819018,111
"{PULPE PUI CU SPATE GALBEN VRAC} => {CARNE TOCATA PORC VRAC}",0.000144232335028451,0.179190751445087,0.00080490948257813,3.25852958983958,93
"{JOGO-BELLA IAURT CLASSIC 400G} => {JOGO-BELLA IAURT STANDARD 400G}",0.000125621711153812,0.234104046242775,0.000536606321718753,357.69822343369,81
"{JOGO-BELLA IAURT STANDARD 400G} => {JOGO-BELLA IAURT CLASSIC 400G}",0.000125621711153812,0.191943127962085,0.000654473606258132,357.69822343369,81
"{BRANZA FARA LACTOZA MIZO 250G} => {CHEFIR FARA LACTOZA MIZO 150G}",0.000105460201956287,0.152808988764045,0.000690143968684524,91.9982878544676,68
"{BRANZA FARA LACTOZA MIZO 250G} => {UNT FARA LACTOZA 82% GRASIME MIZO 100G}",0.000133376137768245,0.193258426966292,0.000690143968684523,103.584107147861,86
"{BRANZA FARA LACTOZA MIZO 250G} => {SMANTANA FARA LACTOZA 20% MIZO 150G}",0.000173699156163296,0.251685393258427,0.000690143968684523,78.0967178899331,112
"{BRANZA FARA LACTOZA MIZO 250G} => {IAURT FARA LACTOZA NATUR MIZO 150G}",0.000203165977298141,0.29438202247191,0.000690143968684524,89.493383977242,131
"{BRANZA FARA LACTOZA MIZO 250G} => {LAPTE UHT 1.5% GRASIME FARA LACTOZA MIZO 1L}",0.000161292073580203,0.233707865168539,0.000690143968684524,40.9603684440386,104
"{TERCI DE OREZ CU CIOCOLATA AMARA SI INULINA FIT REGGELI 60G} => {TERCI DE OREZ CAPSUNI,VANILIE SI INULINA FIT REGGELI 60G}",0.00026209961956783,0.494152046783626,0.000530402780427207,725.799044878712,169
"{TERCI DE OREZ CAPSUNI,VANILIE SI INULINA FIT REGGELI 60G} => {TERCI DE OREZ CU CIOCOLATA AMARA SI INULINA FIT REGGELI 60G}",0.00026209961956783,0.38496583143508,0.000680838656747204,725.799044878712,169
"{BATON DE CIOCOLATA GLAZ.CU CARAMEL WANTED 28G} => {BATON DE CIOCOLATA GLAZ.CU COCOS WANTED 28G}",0.000234183683755872,0.231240428790199,0.00101272811584493,195.159960472407,151
"{BATON DE CIOCOLATA GLAZ.CU COCOS WANTED 28G} => {BATON DE CIOCOLATA GLAZ.CU CARAMEL WANTED 28G}",0.000234183683755872,0.197643979057592,0.00118487638668534,195.159960472407,151
"{CONOPIDA CONGELATA AGROSPRINT 400G} => {BROCCOLI CONGELAT AGROSPRINT 400G}",0.00015819030293443,0.247572815533981,0.000638964753029267,219.880466179892,102
"{BROCCOLI CONGELAT AGROSPRINT 400G} => {CONOPIDA CONGELATA AGROSPRINT 400G}",0.00015819030293443,0.140495867768595,0.00112594274441565,219.880466179892,102
"{AMESTEC DE CONDIMENTE PENTRU CARNE DE PASARE MARCO POLO 30G} => {AMESTEC DE CONDIMENTE PENTRU FRIPTURA DE PORC MARCO POLO 30G}",0.000111663743247833,0.266666666666667,0.000418739037179374,388.137246049661,72
"{AMESTEC DE CONDIMENTE PENTRU FRIPTURA DE PORC MARCO POLO 30G} => {AMESTEC DE CONDIMENTE PENTRU CARNE DE PASARE MARCO POLO 30G}",0.000111663743247833,0.162528216704289,0.00068704219803875,388.137246049661,72
"{AMESTEC DE CONDIMENTE PENTRU CARNE DE PASARE MARCO POLO 30G} => {AMESTEC DE CONDIMENTE CU USTUROI PENTRU GRATAR MARCO POLO 30G}",0.000111663743247833,0.266666666666667,0.000418739037179374,331.300192678227,72
"{AMESTEC DE CONDIMENTE CU USTUROI PENTRU GRATAR MARCO POLO 30G} => {AMESTEC DE CONDIMENTE PENTRU CARNE DE PASARE MARCO POLO 30G}",0.000111663743247833,0.138728323699422,0.00080490948257813,331.300192678227,72
"{AMESTEC DE CONDIMENTE PENTRU CARNE DE PASARE MARCO POLO 30G} => {AMESTEC DE CONDIMENTE PENTRU FRIPTURA DE PUI MARCO POLO 30G}",0.000119418169862266,0.285185185185185,0.000418739037179374,266.500595813204,77
"{AMESTEC DE CONDIMENTE PENTRU FRIPTURA DE PUI MARCO POLO 30G} => {AMESTEC DE CONDIMENTE PENTRU CARNE DE PASARE MARCO POLO 30G}",0.000119418169862266,0.111594202898551,0.00107011087279173,266.500595813204,77
"{_KIWI KG} => {_BANANE}",0.000139579679059791,0.266272189349112,0.000524199239135661,8.72676851616256,90
"{SIO SUC DE STRUGURI ALB 25% 200ML} => {SIO SUC DE PORTOCALE 25% 200ML}",0.000102358431310514,0.194690265486726,0.000525750124458547,317.007374631268,66
"{SIO SUC DE PORTOCALE 25% 200ML} => {SIO SUC DE STRUGURI ALB 25% 200ML}",0.000102358431310514,0.166666666666667,0.000614150587863082,317.007374631268,66
"{SIO SUC DE STRUGURI ALB 25% 200ML} => {SIO SUC DE PIERSICA 25% 200ML}",0.000139579679059791,0.265486725663717,0.000525750124458547,317.007374631268,90
"{SIO SUC DE PIERSICA 25% 200ML} => {SIO SUC DE STRUGURI ALB 25% 200ML}",0.000139579679059791,0.166666666666667,0.000837478074358748,317.007374631268,90
"{FOIETAJ CU CREMA CACAO RIP-ROP 100G} => {FOIETAJ CU CREMA DE VANILIE RIP-ROP 100G}",0.000186106238746388,0.163710777626194,0.00113679894167586,130.967200295194,120
"{FOIETAJ CU CREMA DE VANILIE RIP-ROP 100G} => {FOIETAJ CU CREMA CACAO RIP-ROP 100G}",0.000186106238746388,0.148883374689826,0.00125001357024658,130.967200295194,120
"{FOIETAJ CU CREMA CACAO RIP-ROP 100G} => {ENERGIZANT HELL 250ML}",0.000116316399216493,0.102319236016371,0.00113679894167586,6.26957399493528,75
"{HALVA TECSA CU VANILIE 200G} => {HALVA TECSA CU CACAO 200G}",0.000111663743247833,0.2,0.000558318716239165,318.416296296296,72
"{HALVA TECSA CU CACAO 200G} => {HALVA TECSA CU VANILIE 200G}",0.000111663743247833,0.177777777777778,0.000628108555769061,318.416296296296,72
"{KNORR SUPA CR.DE CIUPERCI CU CRUTOANE BOGRES 15G} => {KNORR SUPA CREMA DE PUI CU CRUTOANE BOGRES 16G}",0.000110112857924946,0.229032258064516,0.000480774450094837,448.870506912442,71
"{KNORR SUPA CREMA DE PUI CU CRUTOANE BOGRES 16G} => {KNORR SUPA CR.DE CIUPERCI CU CRUTOANE BOGRES 15G}",0.000110112857924946,0.21580547112462,0.000510241271229681,448.870506912442,71
"{KNORR SUPA CR.DE CIUPERCI CU CRUTOANE BOGRES 15G} => {KNORR SUPA CREMA DE USTUROI CU CRUTOANE BOGRES 18G}",0.000173699156163296,0.361290322580645,0.000480774450094837,691.268459844931,112
"{KNORR SUPA CREMA DE USTUROI CU CRUTOANE BOGRES 18G} => {KNORR SUPA CR.DE CIUPERCI CU CRUTOANE BOGRES 15G}",0.000173699156163296,0.332344213649852,0.000522648353812774,691.268459844931,112
"{KNORR SUPA CR.DE CIUPERCI CU CRUTOANE BOGRES 15G} => {KNORR SUPA CREMA DE BROCCOLI CU CRUTOANE BOGRES 16G}",0.00015819030293443,0.329032258064516,0.000480774450094837,609.648553948832,102
"{KNORR SUPA CREMA DE BROCCOLI CU CRUTOANE BOGRES 16G} => {KNORR SUPA CR.DE CIUPERCI CU CRUTOANE BOGRES 15G}",0.00015819030293443,0.293103448275862,0.000539708092364526,609.648553948832,102
"{KNORR SUPA CR.DE CIUPERCI CU CRUTOANE BOGRES 15G} => {KNORR SUPA INSTANT CREMA DE 3 FELURI DE CASCAVAL CU CRUTOANE 17G}",0.000183004468100615,0.380645161290323,0.000480774450094837,672.431056120194,118
"{KNORR SUPA INSTANT CREMA DE 3 FELURI DE CASCAVAL CU CRUTOANE 17G} => {KNORR SUPA CR.DE CIUPERCI CU CRUTOANE BOGRES 15G}",0.000183004468100615,0.323287671232877,0.000566073142853598,672.431056120194,118
"{PULPE RATA REFR.VRAC} => {CARNE TOCATA PORC VRAC}",0.000114765513893606,0.165548098434004,0.000693245739330297,3.01044207325729,74
"{CERBONA BATON CEREALE COACAZE FARA GLUTEN 35G} => {CERBONA BATON CEREALE FARA GLUTEN VISINE&CIOCOLATA 35G}",0.000164393844225976,0.309037900874636,0.000531953665750093,310.866576004148,106
"{CERBONA BATON CEREALE FARA GLUTEN VISINE&CIOCOLATA 35G} => {CERBONA BATON CEREALE COACAZE FARA GLUTEN 35G}",0.000164393844225976,0.165366614664587,0.000994117491970291,310.866576004148,106
"{CERBONA BATON CEREALE COACAZE FARA GLUTEN 35G} => {CERBONA BATON CEREALE FARA GLUTEN FRUCTE 35G}",0.000220225715849893,0.41399416909621,0.000531953665750093,348.941885325559,142
"{CERBONA BATON CEREALE FARA GLUTEN FRUCTE 35G} => {CERBONA BATON CEREALE COACAZE FARA GLUTEN 35G}",0.000220225715849893,0.18562091503268,0.00118642727200823,348.941885325559,142
"{CERBONA BATON CEREALE COACAZE FARA GLUTEN 35G} => {CERBONA BATON CEREALE ZMEURA FARA GLUTEN 35G}",0.000209369518589687,0.393586005830904,0.000531953665750093,300.333137819794,135
"{CERBONA BATON CEREALE ZMEURA FARA GLUTEN 35G} => {CERBONA BATON CEREALE COACAZE FARA GLUTEN 35G}",0.000209369518589687,0.159763313609467,0.00131049809783915,300.333137819794,135
"{NAPOLITANE DIETETIC CU CREMA DE VANILIE ELA 40G} => {NAPOLITANE DIETETIC CU CREMA DE ALUNE ELA 40G}",0.000201615091975254,0.329113924050633,0.000612599702540195,386.53980770561,130
"{NAPOLITANE DIETETIC CU CREMA DE ALUNE ELA 40G} => {NAPOLITANE DIETETIC CU CREMA DE VANILIE ELA 40G}",0.000201615091975254,0.236794171220401,0.000851436042264727,386.53980770561,130
"{SUC DE PERE 35% STICLA TOPJOY 250ML} => {NECTAR DE PIERSICI STICLA TOPJOY 250ML}",0.000165944729548863,0.234135667396061,0.000708754592559162,323.274174276892,107
"{NECTAR DE PIERSICI STICLA TOPJOY 250ML} => {SUC DE PERE 35% STICLA TOPJOY 250ML}",0.000165944729548863,0.229122055674518,0.000724263445788028,323.274174276892,107
"{SUC DE PERE 35% STICLA TOPJOY 250ML} => {SUC FRUCTUL DRAGONULUI 25% STICLA TOPJOY 250ML}",0.000100807545987627,0.142231947483589,0.000708754592559162,156.235373277318,65
"{SUC FRUCTUL DRAGONULUI 25% STICLA TOPJOY 250ML} => {SUC DE PERE 35% STICLA TOPJOY 250ML}",0.000100807545987627,0.110732538330494,0.000910369684534417,156.235373277318,65
"{SUC DE PERE 35% STICLA TOPJOY 250ML} => {SUC DE MERE&PEPENE 20% STICLA TOPJOY 250ML}",0.0001039093166334,0.146608315098468,0.000708754592559162,144.544365928573,67
"{SUC DE MERE&PEPENE 20% STICLA TOPJOY 250ML} => {SUC DE PERE 35% STICLA TOPJOY 250ML}",0.0001039093166334,0.102446483180428,0.00101427900116782,144.544365928573,67
"{SUC DE PERE 35% STICLA TOPJOY 250ML} => {SUC DE MERE&LIME CACTUS STICLA TOPJOY 250ML}",0.000119418169862266,0.168490153172867,0.000708754592559162,113.999235398523,77
"{FANTA PORTOCALE 1.25L} => {PALL MALL EXTRA CUT BLACK}",0.000144232335028451,0.146687697160883,0.000983261294710085,25.5216406679594,93
"{FANTA PORTOCALE 1.25L} => {ENERGIZANT HELL 250ML}",0.000138028793736905,0.140378548895899,0.000983261294710085,8.60164455746778,89
"{CERBONA BATON CEREALE CU CIOCOLATA 20G} => {CERBONA BATON CEREALE CU AFINE 20G}",0.000173699156163296,0.328445747800586,0.00052885189510432,470.621153470186,112
"{CERBONA BATON CEREALE CU AFINE 20G} => {CERBONA BATON CEREALE CU CIOCOLATA 20G}",0.000173699156163296,0.248888888888889,0.000697898395298956,470.621153470186,112
"{CERBONA BATON CEREALE CU CIOCOLATA 20G} => {CERBONA BATON CEREALE CU CIOC.AMARA&ZMEURA 20G}",0.000218674830527006,0.413489736070381,0.00052885189510432,574.601912478512,141
"{CERBONA BATON CEREALE CU CIOC.AMARA&ZMEURA 20G} => {CERBONA BATON CEREALE CU CIOCOLATA 20G}",0.000218674830527006,0.303879310344828,0.000719610789819369,574.601912478512,141
"{CERBONA BATON CEREALE CU CIOCOLATA 20G} => {CERBONA BATON CEREALE CU FRUCTE ROSII 20G}",0.000139579679059791,0.263929618768328,0.00052885189510432,356.025043252064,90
"{CERBONA BATON CEREALE CU FRUCTE ROSII 20G} => {CERBONA BATON CEREALE CU CIOCOLATA 20G}",0.000139579679059791,0.188284518828452,0.00074132318433978,356.025043252064,90
"{CREMA DE BRANZA MAASDAM MLEKOVITA 150G} => {CREMA DE BRANZA GOUDA MLEKOVITA 150G}",0.000134927023091132,0.24438202247191,0.000552115174947619,388.117776886035,87
"{CREMA DE BRANZA GOUDA MLEKOVITA 150G} => {CREMA DE BRANZA MAASDAM MLEKOVITA 150G}",0.000134927023091132,0.214285714285714,0.000629659441091947,388.117776886035,87
"{CREMA DE BRANZA MAASDAM MLEKOVITA 150G} => {CREMA DE BRANZA CHEDDAR MLEKOVITA 150G}",0.000127172596476699,0.230337078651685,0.000552115174947619,284.520566963709,82
"{CREMA DE BRANZA CHEDDAR MLEKOVITA 150G} => {CREMA DE BRANZA MAASDAM MLEKOVITA 150G}",0.000127172596476699,0.157088122605364,0.000809562138546789,284.520566963709,82
"{WINSTON CLASSIC 100} => {ZUZU IAURT NATURAL 3% 400G}",0.000119418169862266,0.112408759124088,0.0010623564461773,126.935868689839,77
"{ZUZU IAURT NATURAL 3% 400G} => {WINSTON CLASSIC 100}",0.000119418169862266,0.134851138353765,0.000885555519368231,126.935868689839,77
"{BOMBOANE DEXTROZA CU LAMAIE HAZISWEETS 80G} => {BOMBOANE DEXTROZA NATUR HAZISWEETS 80G}",0.000122519940508039,0.167372881355932,0.000732017872402461,263.865188968547,79
"{BOMBOANE DEXTROZA NATUR HAZISWEETS 80G} => {BOMBOANE DEXTROZA CU LAMAIE HAZISWEETS 80G}",0.000122519940508039,0.193154034229829,0.000634312097060607,263.865188968547,79
"{BOMBOANE DEXTROZA CU LAMAIE HAZISWEETS 80G} => {BOMBOANE DEXTROZA CU CAPSUNI HAZISWEETS 80G}",0.000246590766338965,0.336864406779661,0.000732017872402461,397.816504470106,159
"{BOMBOANE DEXTROZA CU CAPSUNI HAZISWEETS 80G} => {BOMBOANE DEXTROZA CU LAMAIE HAZISWEETS 80G}",0.000246590766338965,0.291208791208791,0.000846783386296067,397.816504470106,159
"{BOMBOANE DEXTROZA CU LAMAIE HAZISWEETS 80G} => {BOMBOANE DEXTROZA CU MENTHOL HAZISWEETS 80G}",0.000175250041486182,0.239406779661017,0.000732017872402461,256.424942986655,113
"{BOMBOANE DEXTROZA CU MENTHOL HAZISWEETS 80G} => {BOMBOANE DEXTROZA CU LAMAIE HAZISWEETS 80G}",0.000175250041486182,0.187707641196013,0.000933632964377715,256.424942986655,113
"{PATE DE GASCA TORKOS 100G} => {PATE DE PORC TORKOS 100G}",0.000111663743247833,0.183673469387755,0.000607947046571535,311.66149301826,72
"{PATE DE PORC TORKOS 100G} => {PATE DE GASCA TORKOS 100G}",0.000111663743247833,0.189473684210526,0.000589336422696896,311.66149301826,72
"{_AVOCADO} => {_BANANE}",0.000134927023091132,0.26605504587156,0.000507139500583908,8.71965188536447,87
"{CIOLAN FATA CU OS FARMER} => {CARNE TOCATA PORC VRAC}",0.000218674830527006,0.283132530120482,0.000772340890797512,5.14867938106988,141
"{FOIETAJ CU BRANZA RIP-ROP 100G} => {FOIETAJ CU CASCAVAL HARMOPAN 80G}",0.000107011087279173,0.101024890190337,0.00105925467553153,73.5216049892752,69
"{BERE TILTOTT CSIKI PIMASZ IPA STICLA 500ML} => {BERE NEFILTRATA CSIKI STICLA 500ML}",0.000179902697454842,0.227450980392157,0.000790951514672151,268.605860805861,116
"{BERE NEFILTRATA CSIKI STICLA 500ML} => {BERE TILTOTT CSIKI PIMASZ IPA STICLA 500ML}",0.000179902697454842,0.212454212454212,0.000846783386296067,268.605860805861,116
"{BERE TILTOTT CSIKI PIMASZ IPA STICLA 500ML} => {BERE TILTOTT CSIKI GOLD STICLA 500ML}",0.000102358431310514,0.129411764705882,0.000790951514672151,40.8637610186092,66
"{BERE TILTOTT CSIKI PIMASZ IPA STICLA 500ML} => {BERE TILTOTT CSIKI VADMALNA CU VITAMINE STICLA 500ML}",0.000119418169862266,0.150980392156863,0.000790951514672151,32.922252282719,77
"{BERE TILTOTT CSIKI PIMASZ IPA STICLA 500ML} => {STICLA BERE 500ML CSIKI}",0.000361356280232571,0.456862745098039,0.000790951514672151,44.2780550127762,233
"{BERE TILTOTT CSIKI PIMASZ IPA STICLA 500ML} => {BERE TILTOTT IGAZI SOR 6% 500ML}",0.000235734569078759,0.298039215686275,0.000790951514672151,14.7530784584677,152
"{PICK CARNATI STICKS PICANTI 60G} => {PICK CARNATI SNACK NATUR 60G}",0.000100807545987627,0.205696202531646,0.000490079762032156,254.570962608421,65
"{PICK CARNATI SNACK NATUR 60G} => {PICK CARNATI STICKS PICANTI 60G}",0.000100807545987627,0.124760076775432,0.000808011253223903,254.570962608421,65
"{PICK CARNATI STICKS PICANTI 60G} => {PICK CARNATI SNACK PICANT 60G}",0.000120969055185152,0.246835443037975,0.000490079762032156,287.807894797079,78
"{PICK CARNATI SNACK PICANT 60G} => {PICK CARNATI STICKS PICANTI 60G}",0.000120969055185152,0.141048824593128,0.000857639583556273,287.807894797079,78
"{AMESTEC CONDIMENTE PT.ARIPIOARE DE PUI PICANTE CU MIERE LUCULLUS 48G} => {CONDIMENT PT.CARNE DE PUI CROCANT LUCULLUS 40G}",0.00011321462857072,0.197297297297297,0.000573827569468031,188.189225171917,73
"{CONDIMENT PT.CARNE DE PUI CROCANT LUCULLUS 40G} => {AMESTEC CONDIMENTE PT.ARIPIOARE DE PUI PICANTE CU MIERE LUCULLUS 48G}",0.00011321462857072,0.107988165680473,0.00104839847827132,188.189225171917,73
"{KNORR SUPA CREMA DE PUI CU CRUTOANE BOGRES 16G} => {KNORR SUPA CREMA DE USTUROI CU CRUTOANE BOGRES 18G}",0.000136477908414018,0.267477203647416,0.000510241271229681,511.772785078423,88
"{KNORR SUPA CREMA DE USTUROI CU CRUTOANE BOGRES 18G} => {KNORR SUPA CREMA DE PUI CU CRUTOANE BOGRES 16G}",0.000136477908414018,0.261127596439169,0.000522648353812774,511.772785078423,88
"{KNORR SUPA CREMA DE PUI CU CRUTOANE BOGRES 16G} => {KNORR SUPA CREMA DE BROCCOLI CU CRUTOANE BOGRES 16G}",0.00016284295890309,0.319148936170213,0.000510241271229681,591.336206896552,105
"{KNORR SUPA CREMA DE BROCCOLI CU CRUTOANE BOGRES 16G} => {KNORR SUPA CREMA DE PUI CU CRUTOANE BOGRES 16G}",0.00016284295890309,0.301724137931034,0.000539708092364526,591.336206896552,105
"{KNORR SUPA CREMA DE PUI CU CRUTOANE BOGRES 16G} => {KNORR SUPA INSTANT CREMA DE 3 FELURI DE CASCAVAL CU CRUTOANE 17G}",0.000148884990997111,0.291793313069909,0.000510241271229682,515.46927592955,96
"{KNORR SUPA INSTANT CREMA DE 3 FELURI DE CASCAVAL CU CRUTOANE 17G} => {KNORR SUPA CREMA DE PUI CU CRUTOANE BOGRES 16G}",0.000148884990997111,0.263013698630137,0.000566073142853598,515.46927592955,96
"{PRAJITURA GYORI DORMI CU CR.LAPTE 30G} => {PRAJITURA GYORI DORMI CU CR.CIOCOLATA 30G}",0.000125621711153812,0.178021978021978,0.000705652821913389,198.593988364577,81
"{PRAJITURA GYORI DORMI CU CR.CIOCOLATA 30G} => {PRAJITURA GYORI DORMI CU CR.LAPTE 30G}",0.000125621711153812,0.140138408304498,0.000896411716628437,198.593988364577,81
"{SMANTANA 12% GRASIME GORDON 900G} => {CARNE TOCATA PORC VRAC}",0.000114765513893606,0.169336384439359,0.000677736886101431,3.07933090788561,74
"{LD RED} => {SIFON APA CARBOGAZOASA ARTEZI 2L}",0.000181453582777729,0.129855715871254,0.0013973476759208,19.0990092618097,117
"{LD RED} => {GOBE PAINE SEMIALBA CU CARTOFI MAMA 1.1KG}",0.00037531424813855,0.268590455049944,0.0013973476759208,17.4705180352082,242
"{LD RED} => {CARNE TOCATA PORC VRAC}",0.000150435876319997,0.107658157602664,0.0013973476759208,1.95773101740353,97
"{PULPE PUI INTREGI REFR.VRAC SZEKELY CSURKE} => {PIEPT DE PUI FARA OS REFR.VRAC SZEKELY CSURKE}",0.0001039093166334,0.12593984962406,0.000825070991775655,4.95394908849723,67
"{PULPE PUI INTREGI REFR.VRAC SZEKELY CSURKE} => {CARNE TOCATA PORC VRAC}",0.000220225715849893,0.266917293233083,0.000825070991775655,4.85381020519034,142
"{BATON IDEAL BAR REDIS 50G} => {BATON PROTEIC WHEYBAR-R REDIS 70G}",0.000116316399216493,0.120772946859903,0.00096309978551256,98.6990503480832,75
"{BATON IDEAL BAR REDIS 50G} => {BATON PROTEIC FIBROBAR CU CEAI VERDE REDIS 50G}",0.000138028793736905,0.143317230273752,0.00096309978551256,130.154854732258,89
"{BATON PROTEIC FIBROBAR CU CEAI VERDE REDIS 50G} => {BATON IDEAL BAR REDIS 50G}",0.000138028793736905,0.125352112676056,0.00110112857924946,130.154854732258,89
"{KNORR SUPA CREMA DE USTUROI CU CRUTOANE BOGRES 18G} => {KNORR SUPA CREMA DE BROCCOLI CU CRUTOANE BOGRES 16G}",0.000187657124069275,0.359050445103858,0.000522648353812774,665.267855315666,121
"{KNORR SUPA CREMA DE BROCCOLI CU CRUTOANE BOGRES 16G} => {KNORR SUPA CREMA DE USTUROI CU CRUTOANE BOGRES 18G}",0.000187657124069275,0.347701149425287,0.000539708092364526,665.267855315666,121
"{KNORR SUPA CREMA DE USTUROI CU CRUTOANE BOGRES 18G} => {KNORR SUPA INSTANT CREMA DE 3 FELURI DE CASCAVAL CU CRUTOANE 17G}",0.000183004468100615,0.350148367952522,0.000522648353812774,618.556757855372,118
"{KNORR SUPA INSTANT CREMA DE 3 FELURI DE CASCAVAL CU CRUTOANE 17G} => {KNORR SUPA CREMA DE USTUROI CU CRUTOANE BOGRES 18G}",0.000183004468100615,0.323287671232877,0.000566073142853598,618.556757855372,118
"{GOBE PAPANASI DIN AGRISTEU 800G} => {ELAN GALUSTE CU PRUNE CONG.800G}",0.000105460201956287,0.171284634760705,0.000615701473185968,43.4815486225431,68
"{DR.OETKER BUDINCA CIOCOLATA SI ALUNE 48G} => {DR.OETKER BUDINCA VANILIE 40G}",0.000120969055185152,0.264406779661017,0.000457511170251538,81.8864748693401,78
"{SIO SUC DE PORTOCALE 25% 200ML} => {SIO SUC DE PIERSICA 25% 200ML}",0.000148884990997111,0.242424242424242,0.000614150587863082,289.46936026936,96
"{SIO SUC DE PIERSICA 25% 200ML} => {SIO SUC DE PORTOCALE 25% 200ML}",0.000148884990997111,0.177777777777778,0.000837478074358748,289.46936026936,96
"{SARATELE CU CASCAVAL SI USTUROI ZIEGLER 100G} => {SARATELE CU CASCAVAL SI CONDIMENTE ZIEGLER 100G}",0.000120969055185152,0.200514138817481,0.000603294390602876,296.53695667555,78
"{SARATELE CU CASCAVAL SI CONDIMENTE ZIEGLER 100G} => {SARATELE CU CASCAVAL SI USTUROI ZIEGLER 100G}",0.000120969055185152,0.178899082568807,0.000676186000778544,296.53695667555,78
"{SUNCA HEGYESI NAGYKUN-HUS} => {CARNE TOCATA PORC VRAC}",0.000148884990997111,0.135785007072136,0.0010964759232808,2.46920926349663,96
"{PATE SNACK TARANESC 75G} => {PATE DE RATA IN STIL UNGURESC SNACK 75G}",0.000117867284539379,0.229607250755287,0.000513343041875455,317.702034412562,76
"{PATE DE RATA IN STIL UNGURESC SNACK 75G} => {PATE SNACK TARANESC 75G}",0.000117867284539379,0.163090128755365,0.000722712560465142,317.702034412562,76
"{DROPS WINTERFRESH MINTS STRONG MINT 28G} => {PALL MALL BLUE}",0.000127172596476699,0.136212624584718,0.000933632964377715,81.625415282392,82
"{DROPS WINTERFRESH MINTS STRONG MINT 28G} => {BERE BUCEGI 2.5L PET}",0.000100807545987627,0.10797342192691,0.000933632964377715,31.1361836513946,65
"{DROPS WINTERFRESH MINTS STRONG MINT 28G} => {BERE BUCEGI DOZA 500ML}",0.000139579679059791,0.149501661129568,0.000933632964377715,45.0245794417177,90
"{SUC DE MANGO&MERE&PORTOCALE&LAMAIE STICLA TOPJOY 250ML} => {SUC DE MERE&LIME CACTUS STICLA TOPJOY 250ML}",0.000144232335028451,0.195789473684211,0.000736670528371121,132.469760865963,93
"{BERE CIUC 0% ALC.GUST DE LAMAIE&LIME NATUR RADLER DOZA 330ML} => {BERE CIUC RADLER ZMEURA&LAMAIE FARA ALC.DOZA 330ML}",0.000187657124069275,0.268888888888889,0.000697898395298956,222.850479862896,121
"{BERE CIUC RADLER ZMEURA&LAMAIE FARA ALC.DOZA 330ML} => {BERE CIUC 0% ALC.GUST DE LAMAIE&LIME NATUR RADLER DOZA 330ML}",0.000187657124069275,0.155526992287918,0.00120658878120575,222.850479862896,121
"{IAURT CU VISINE KERESZTURI 200G} => {IAURT CU FRUCTE DE PADURE KERESZTURI 200G}",0.000196962436006594,0.37797619047619,0.000521097468489887,533.296283994998,127
"{IAURT CU FRUCTE DE PADURE KERESZTURI 200G} => {IAURT CU VISINE KERESZTURI 200G}",0.000196962436006594,0.277899343544858,0.000708754592559162,533.296283994998,127
"{IAURT CU VISINE KERESZTURI 200G} => {IAURT CU CAPSUNI KERESZTURI 200G}",0.000198513321329481,0.380952380952381,0.000521097468489887,531.678416821274,128
"{IAURT CU CAPSUNI KERESZTURI 200G} => {IAURT CU VISINE KERESZTURI 200G}",0.000198513321329481,0.277056277056277,0.000716509019173595,531.678416821274,128
"{MARLBORO TOUCH 4} => {SOBRANIE SUPERSLIMS WHITE}",0.000186106238746388,0.123076923076923,0.00151211318981441,62.0478017682083,120
"{BISCUITI CACAO CU BUC.DE CIOC.FARA ZAHAR DETKI COOKIES 130G} => {BISCUITI CU BUC.DE CIOC.FARA ZAHAR DETKI COOKIES 130G}",0.000144232335028451,0.216279069767442,0.000666880688841225,289.927713581202,93
"{BISCUITI CU BUC.DE CIOC.FARA ZAHAR DETKI COOKIES 130G} => {BISCUITI CACAO CU BUC.DE CIOC.FARA ZAHAR DETKI COOKIES 130G}",0.000144232335028451,0.193347193347193,0.00074597584030844,289.927713581202,93
"{REAL PIPER MACINAT 20G} => {CARNE TOCATA PORC VRAC}",0.000127172596476699,0.200980392156863,0.00063276121173772,3.65476761238649,82
"{REAL OREZ CAL B 500G} => {CARNE TOCATA PORC VRAC}",0.000124070825830926,0.222222222222222,0.000558318716239165,4.04104386410213,80
"{PASTA DE TOMATE 23-25% UNIVER 70G} => {GIANA PASTA DE TOMATE 70G}",0.000134927023091132,0.201856148491879,0.000668431574164111,199.931538486213,87
"{GIANA PASTA DE TOMATE 70G} => {PASTA DE TOMATE 23-25% UNIVER 70G}",0.000134927023091132,0.133640552995392,0.00100962634519916,199.931538486213,87
"{PASTA DE TOMATE 23-25% UNIVER 70G} => {CARNE TOCATA PORC VRAC}",0.000105460201956287,0.157772621809745,0.000668431574164112,2.86904738379409,68
"{MARAR FRUNZE ECOM 20G} => {CIMBRU ECOM 20G}",0.000224878371818553,0.473856209150327,0.00047457090880329,578.672664141414,145
"{CIMBRU ECOM 20G} => {MARAR FRUNZE ECOM 20G}",0.000224878371818553,0.274621212121212,0.000818867450484109,578.672664141414,145
"{KNORR SUPA CREMA DE BROCCOLI CU CRUTOANE BOGRES 16G} => {KNORR SUPA INSTANT CREMA DE 3 FELURI DE CASCAVAL CU CRUTOANE 17G}",0.000170597385517523,0.316091954022989,0.000539708092364526,558.394189891356,110
"{KNORR SUPA INSTANT CREMA DE 3 FELURI DE CASCAVAL CU CRUTOANE 17G} => {KNORR SUPA CREMA DE BROCCOLI CU CRUTOANE BOGRES 16G}",0.000170597385517523,0.301369863013699,0.000566073142853598,558.394189891356,110
"{NECTAR DE PIERSICI STICLA TOPJOY 250ML} => {SUC DE MERE&LIME CACTUS STICLA TOPJOY 250ML}",0.000111663743247833,0.154175588865096,0.000724263445788028,104.314103327484,72
"{DANONE ACTIVIA FIBRE MUSLI CAPSUNI 125G} => {DANONE ACTIVIA MUSLI PIERSICI 125G}",0.000141130564382678,0.262247838616715,0.00053815720704164,392.333110452871,91
"{DANONE ACTIVIA MUSLI PIERSICI 125G} => {DANONE ACTIVIA FIBRE MUSLI CAPSUNI 125G}",0.000141130564382678,0.211136890951276,0.000668431574164112,392.333110452871,91
"{BERE BORSODI HOPPY 4.5% DOZA 500ML} => {BERE BLONDA NEFILTRATA SOPRONI OVATOS DUHAJ IPA 4.8% DOZA 500ML}",0.000134927023091132,0.18125,0.000744424954985553,67.7107365295481,87
"{CONSERVA HRANA COMPLETA PT.CAINI ADULTI CU PASARE RENO 1240G} => {CONSERVA HRANA COMPLETA PT.CAINI ADULTI CU VITEL RENO 1240G}",0.000134927023091132,0.18125,0.000744424954985553,222.607107142857,87
"{CONSERVA HRANA COMPLETA PT.CAINI ADULTI CU VITEL RENO 1240G} => {CONSERVA HRANA COMPLETA PT.CAINI ADULTI CU PASARE RENO 1240G}",0.000134927023091132,0.165714285714286,0.000814214794515449,222.607107142857,87
"{CONSERVA HRANA COMPLETA PT.CAINI ADULTI CU PASARE RENO 1240G} => {CONSERVA HRANA COMPLETA PT.CAINI ADULTI CU VITA RENO 1240G}",0.000138028793736905,0.185416666666667,0.000744424954985553,183.086322741194,89
"{CONSERVA HRANA COMPLETA PT.CAINI ADULTI CU VITA RENO 1240G} => {CONSERVA HRANA COMPLETA PT.CAINI ADULTI CU PASARE RENO 1240G}",0.000138028793736905,0.136294027565084,0.00101272811584493,183.086322741194,89
"{HEETS YELLOW LABEL} => {BERE PILSNER URQUELL DOZA 500ML}",0.000107011087279173,0.106317411402157,0.00100652457455338,41.0741298084069,69
"{BOMBOANE DEXTROZA NATUR HAZISWEETS 80G} => {BOMBOANE DEXTROZA CU CAPSUNI HAZISWEETS 80G}",0.00016749561487175,0.264058679706601,0.000634312097060607,311.837341142965,108
"{BOMBOANE DEXTROZA CU CAPSUNI HAZISWEETS 80G} => {BOMBOANE DEXTROZA NATUR HAZISWEETS 80G}",0.00016749561487175,0.197802197802198,0.000846783386296067,311.837341142965,108
"{BOMBOANE DEXTROZA NATUR HAZISWEETS 80G} => {BOMBOANE DEXTROZA CU MENTHOL HAZISWEETS 80G}",0.000159741188257317,0.251833740831296,0.000634312097060607,269.735271182448,103
"{BOMBOANE DEXTROZA CU MENTHOL HAZISWEETS 80G} => {BOMBOANE DEXTROZA NATUR HAZISWEETS 80G}",0.000159741188257317,0.17109634551495,0.000933632964377715,269.735271182448,103
"{CONSERVA HRANA COMPLETA PT.CAINI ADULTI CU VITEL RENO 1240G} => {CONSERVA HRANA COMPLETA PT.CAINI ADULTI CU VITA RENO 1240G}",0.000175250041486182,0.215238095238095,0.000814214794515449,212.532951214176,113
"{CONSERVA HRANA COMPLETA PT.CAINI ADULTI CU VITA RENO 1240G} => {CONSERVA HRANA COMPLETA PT.CAINI ADULTI CU VITEL RENO 1240G}",0.000175250041486182,0.173047473200613,0.00101272811584493,212.532951214176,113
"{PULPE PORC CU OS SI SLANINA} => {PULPE PUI CU SPATE REFR.VRAC SZEKELY CSURKE}",0.000107011087279173,0.112377850162866,0.000952243588252354,5.1827802832462,69
"{PULPE PORC CU OS SI SLANINA} => {CARNE TOCATA PORC VRAC}",0.000277608472796696,0.291530944625407,0.000952243588252354,5.3014020073848,179
"{BERE NEFILTRATA CSIKI STICLA 500ML} => {BERE TILTOTT CSIKI GOLD STICLA 500ML}",0.000124070825830926,0.146520146520147,0.000846783386296067,46.2659964912658,80
"{BERE NEFILTRATA CSIKI STICLA 500ML} => {BERE TILTOTT CSIKI KREM SOR 4.5% 500ML}",0.000100807545987627,0.119047619047619,0.000846783386296067,22.8659730201285,65
"{BERE NEFILTRATA CSIKI STICLA 500ML} => {STICLA BERE 500ML CSIKI}",0.000381517789430096,0.450549450549451,0.000846783386296067,43.6661854604136,246
"{BERE NEFILTRATA CSIKI STICLA 500ML} => {BERE TILTOTT IGAZI SOR 6% 500ML}",0.000179902697454842,0.212454212454212,0.000846783386296067,10.5165813765537,116
"{DROPS WINTERFRESH MINTS FRESH MINT 28G} => {WINCHESTER SOFT}",0.000468367367511744,0.401595744680851,0.0011662657628107,213.299938220758,302
"{WINCHESTER SOFT} => {DROPS WINTERFRESH MINTS FRESH MINT 28G}",0.000468367367511744,0.248764415156507,0.0018827747819843,213.299938220758,302
"{DROPS WINTERFRESH MINTS FRESH MINT 28G} => {BERE BUCEGI DOZA 500ML}",0.000558318716239165,0.478723404255319,0.0011662657628107,144.174451191032,360
"{BERE BUCEGI DOZA 500ML} => {DROPS WINTERFRESH MINTS FRESH MINT 28G}",0.000558318716239165,0.168145726296123,0.00332044547630015,144.174451191032,360
"{DROPS WINTERFRESH MINTS FRESH MINT 28G} => {FRANZELA RIP-ROP 500G}",0.000235734569078759,0.202127659574468,0.0011662657628107,46.6799785100286,152
"{PASTE SCOICE FARA OUA CSALADI BALOGH 1KG} => {CARNE TOCATA PORC VRAC}",0.000131825252445358,0.182795698924731,0.000721161675142255,3.3240844688582,85
"{PIPER NEGRU BOABE LUCULLUS 16G} => {PIPER NEGRU MACINAT LUCULLUS 20G}",0.000145783220351338,0.249336870026525,0.000584683766728237,167.644075531818,94
"{SNACK DIN CARTOFI AROMA DE SUNCA AFUMAT SI HREAN CSIKI CSIPSZ 100G} => {SNACK DIN CEREALE CU AROMA DE JUMARI CSIKI CSIPSZ 80G}",0.000186106238746388,0.260303687635575,0.000714958133850709,333.681899923668,120
"{SNACK DIN CEREALE CU AROMA DE JUMARI CSIKI CSIPSZ 80G} => {SNACK DIN CARTOFI AROMA DE SUNCA AFUMAT SI HREAN CSIKI CSIPSZ 100G}",0.000186106238746388,0.238568588469185,0.000780095317411945,333.681899923668,120
"{_STRUGURI NEGRI} => {_BANANE}",0.0001039093166334,0.131630648330059,0.000789400629349264,4.31404496435314,67
"{HRANA INTEGRALA PT.PISICI ADULTI CU PESTE PDC 415G} => {HRANA INTEGRALA PT.PISICI ADULTI CU CARNE PASARE PDC 415G}",0.000260548734244944,0.380952380952381,0.000683940427392977,556.996436669906,168
"{HRANA INTEGRALA PT.PISICI ADULTI CU CARNE PASARE PDC 415G} => {HRANA INTEGRALA PT.PISICI ADULTI CU PESTE PDC 415G}",0.000260548734244944,0.380952380952381,0.000683940427392977,556.996436669906,168
"{HRANA INTEGRALA PT.PISICI ADULTI CU PESTE PDC 415G} => {HRANA INTEGRALA PT.PISICI CU CARNE DE VITA PDC 415G}",0.000254345192953397,0.3718820861678,0.000683940427392977,524.697956206553,164
"{HRANA INTEGRALA PT.PISICI CU CARNE DE VITA PDC 415G} => {HRANA INTEGRALA PT.PISICI ADULTI CU PESTE PDC 415G}",0.000254345192953397,0.358862144420131,0.000708754592559162,524.697956206553,164
"{HRANA INTEGRALA PT.PISICI ADULTI CU PESTE PDC 415G} => {HRANA INTEGRALA PT.PISICI CU CARNE DE VANAT/FICAT PDC 415G}",0.000274506702150923,0.401360544217687,0.000683940427392977,572.554135813617,177
"{HRANA INTEGRALA PT.PISICI CU CARNE DE VANAT/FICAT PDC 415G} => {HRANA INTEGRALA PT.PISICI ADULTI CU PESTE PDC 415G}",0.000274506702150923,0.391592920353982,0.00070100016594473,572.554135813617,177
"{HRANA INTEGRALA PT.PISICI ADULTI CU CARNE PASARE PDC 415G} => {HRANA INTEGRALA PT.PISICI CU CARNE DE VITA PDC 415G}",0.000294668211348448,0.430839002267574,0.000683940427392977,607.881778531982,190
"{HRANA INTEGRALA PT.PISICI CU CARNE DE VITA PDC 415G} => {HRANA INTEGRALA PT.PISICI ADULTI CU CARNE PASARE PDC 415G}",0.000294668211348448,0.415754923413567,0.000708754592559162,607.881778531982,190
"{HRANA INTEGRALA PT.PISICI ADULTI CU CARNE PASARE PDC 415G} => {HRANA INTEGRALA PT.PISICI CU CARNE DE VANAT/FICAT PDC 415G}",0.000243488995693191,0.356009070294785,0.000683940427392977,507.858753235808,157
"{HRANA INTEGRALA PT.PISICI CU CARNE DE VANAT/FICAT PDC 415G} => {HRANA INTEGRALA PT.PISICI ADULTI CU CARNE PASARE PDC 415G}",0.000243488995693191,0.347345132743363,0.00070100016594473,507.858753235808,157
"{CONSERVA FILE DE MACRELA IN SOS TOMAT CLASSIC 170G} => {CONSERVA FILE DE MACRELA IN ULEI VEGETAL CLASSIC 170G}",0.0001039093166334,0.204268292682927,0.000508690385906795,266.082354028086,67
"{CONSERVA FILE DE MACRELA IN ULEI VEGETAL CLASSIC 170G} => {CONSERVA FILE DE MACRELA IN SOS TOMAT CLASSIC 170G}",0.0001039093166334,0.135353535353535,0.000767688234828852,266.082354028086,67
"{CUISOARE MACINATE ECOM 20G} => {SCORTISOARA MACINATA ECOM 50G}",0.000141130564382678,0.204494382022472,0.000690143968684524,129.907927160016,91
"{CONDIMENT CARTOFI GUST SUNCA LUCULLUS 25G} => {CONDIMENT CARTOFI GUST SMANTANA LUCULLUS 25G}",0.000133376137768245,0.247126436781609,0.000539708092364526,326.527451950254,86
"{CONDIMENT CARTOFI GUST SMANTANA LUCULLUS 25G} => {CONDIMENT CARTOFI GUST SUNCA LUCULLUS 25G}",0.000133376137768245,0.176229508196721,0.000756832037568646,326.527451950254,86
"{CONDIMENT CARTOFI GUST SUNCA LUCULLUS 25G} => {CONDIMENT CARTOFI GUST DE ARDEI LUCULLUS 25G}",0.000151986761642884,0.281609195402299,0.000539708092364526,348.52137798663,98
"{CONDIMENT CARTOFI GUST DE ARDEI LUCULLUS 25G} => {CONDIMENT CARTOFI GUST SUNCA LUCULLUS 25G}",0.000151986761642884,0.18809980806142,0.000808011253223903,348.521377986631,98
"{AMESTEC DE LEGUME CIORBA VACUTA CONG.AGROSPRINT 400G} => {CARNE TOCATA PORC VRAC}",0.00011321462857072,0.147177419354839,0.000769239120151739,2.67637683338216,73
"{CARTI CATEGORIA 3} => {CARTI CATEGORIA 1}",0.000110112857924946,0.16945107398568,0.000649820950289473,41.1838923288536,71
"{KNORR BAZA PT.FASOLE MEXICANA CU CHILI RAF 50G} => {CARNE TOCATA PORC VRAC}",0.000111663743247833,0.156182212581345,0.000714958133850709,2.84012627325182,72
"{PATE DE SOMN AFRICAN CU LEGUME HAME 100G} => {PASTA DE TON CU LEGUME HAME 100G}",0.000131825252445358,0.231607629427793,0.000569174913499371,135.886240401852,85
"{PATE DE SOMN AFRICAN CU LEGUME HAME 100G} => {PATE DE SOMON HAME 100G}",0.000155088532288657,0.272479564032698,0.000569174913499371,143.657330769694,100
"{PATE DE SOMN AFRICAN CU LEGUME HAME 100G} => {PASTA DE TON HAME 100G}",0.000120969055185152,0.212534059945504,0.000569174913499371,48.7515027088016,78
"{PASTE ALFABET CU 4 OUA GYERMELYI 500G} => {PASTE ATA PAIANJENULUI CU 8 OUA GYERMELYI 250G}",0.000122519940508039,0.206266318537859,0.000593989078665556,9.34375989384444,79
"{BOMBOANE PEHELY CU GUST DE MENTA 70G} => {BOMBOANE PEHELY CU GUST PORTOCALE&LAMAIE 70G}",0.000170597385517523,0.222672064777328,0.000766137349505965,284.311660720728,110
"{BOMBOANE PEHELY CU GUST PORTOCALE&LAMAIE 70G} => {BOMBOANE PEHELY CU GUST DE MENTA 70G}",0.000170597385517523,0.217821782178218,0.000783197088057718,284.311660720728,110
"{BOMBOANE PEHELY CU GUST DE MENTA 70G} => {BOMBOANE PEHELY CU GUST DE ZMEURA 70G}",0.000170597385517523,0.222672064777328,0.000766137349505965,231.57643332898,110
"{BOMBOANE PEHELY CU GUST DE ZMEURA 70G} => {BOMBOANE PEHELY CU GUST DE MENTA 70G}",0.000170597385517523,0.17741935483871,0.000961548900189673,231.57643332898,110
"{BABA SAPUN CREMA 100G} => {BABA SAPUN 125G}",0.000128723481799585,0.2075,0.000620354129154628,190.862407275321,83
"{BABA SAPUN 125G} => {BABA SAPUN CREMA 100G}",0.000128723481799585,0.118402282453638,0.00108717061134349,190.862407275321,83
"{MUSCHI FILE ELIT} => {CARNE TOCATA PORC VRAC}",0.000114765513893606,0.124161073825503,0.000924327652440396,2.25783155494297,74
"{CERBONA TERCI DE OVAZ CU MANGO 50G} => {CERBONA TERCI DE OVAZ CU PRUNE 50G}",0.000283812014088242,0.490616621983914,0.000578480225436691,781.10163836759,183
"{CERBONA TERCI DE OVAZ CU PRUNE 50G} => {CERBONA TERCI DE OVAZ CU MANGO 50G}",0.000283812014088242,0.451851851851852,0.000628108555769061,781.10163836759,183
"{CERBONA TERCI DE OVAZ CU MANGO 50G} => {CERBONA TERCI DE OVAZ CU CIOCOLATA 55G}",0.000155088532288657,0.268096514745308,0.000578480225436691,344.356087713489,100
"{CERBONA TERCI DE OVAZ CU CIOCOLATA 55G} => {CERBONA TERCI DE OVAZ CU MANGO 50G}",0.000155088532288657,0.199203187250996,0.000778544432089058,344.356087713489,100
"{CERBONA TERCI DE OVAZ CU MANGO 50G} => {CERBONA TERCI DE OVAZ CU CAISE 50G}",0.000322584147160407,0.557640750670241,0.000578480225436691,682.282452650696,208
"{CERBONA TERCI DE OVAZ CU CAISE 50G} => {CERBONA TERCI DE OVAZ CU MANGO 50G}",0.000322584147160407,0.394686907020873,0.000817316565161222,682.282452650696,208
"{CERBONA TERCI DE OVAZ CU MANGO 50G} => {CERBONA TERCI DE OVAZ CU FRUCTE DE PADURE 55G}",0.000268303160859377,0.463806970509383,0.000578480225436691,414.209817085397,173
"{CERBONA TERCI DE OVAZ CU FRUCTE DE PADURE 55G} => {CERBONA TERCI DE OVAZ CU MANGO 50G}",0.000268303160859377,0.239612188365651,0.0011197392031241,414.209817085397,173
"{BISCUITI DIETETICI DULCE CU INDULCITORI DETKI 200G} => {BISCUITI DULCE CU CACAO CU INDULCITORI DETKI 180G}",0.000131825252445358,0.192743764172336,0.000683940427392977,188.588512795103,85
"{BISCUITI DULCE CU CACAO CU INDULCITORI DETKI 180G} => {BISCUITI DIETETICI DULCE CU INDULCITORI DETKI 200G}",0.000131825252445358,0.128983308042489,0.00102203342778225,188.588512795103,85
"{SMANTANA 20% GRASIME FRISS 900G} => {CARNE TOCATA PORC VRAC}",0.000102358431310514,0.132530120481928,0.000772340890797512,2.41002013581995,66
"{CHIPS DIN OREZ BRUN CU CEAPA&SMANTANA FARA GLUTEN RICE UP 60G} => {CHIPS DIN OREZ BRUN CU BRANZA FARA GLUTEN RICE UP 60G}",0.000170597385517523,0.262529832935561,0.000649820950289473,339.914454955862,110
"{CHIPS DIN OREZ BRUN CU BRANZA FARA GLUTEN RICE UP 60G} => {CHIPS DIN OREZ BRUN CU CEAPA&SMANTANA FARA GLUTEN RICE UP 60G}",0.000170597385517523,0.220883534136546,0.000772340890797512,339.914454955862,110
"{CARNACIORI CU FASOLE BOABE ROTINA 800G} => {COSTITA CU FASOLE BOABE ROTINA 800G}",0.000175250041486182,0.248351648351648,0.000705652821913389,254.992682158606,113
"{COSTITA CU FASOLE BOABE ROTINA 800G} => {CARNACIORI CU FASOLE BOABE ROTINA 800G}",0.000175250041486182,0.179936305732484,0.000973955982772766,254.992682158606,113
"{HRANA COMPLETA PENTRU PISICI ADULTE STERILIZATE CU FICAT PREVITAL 100G} => {HRANA COMPLETA PENTRU PISICI ADULTE CU VITA PREVITAL 100G}",0.000175250041486182,0.242489270386266,0.000722712560465142,311.46490860592,113
"{HRANA COMPLETA PENTRU PISICI ADULTE CU VITA PREVITAL 100G} => {HRANA COMPLETA PENTRU PISICI ADULTE STERILIZATE CU FICAT PREVITAL 100G}",0.000175250041486182,0.225099601593625,0.000778544432089058,311.46490860592,113
"{HRANA COMPLETA PENTRU PISICI ADULTE STERILIZATE CU FICAT PREVITAL 100G} => {HRANA COMPLETA PENTRU PISICI ADULTE STERILIZATE PREVITAL 100G}",0.000311727949900201,0.431330472103004,0.000722712560465142,472.188232765216,201
"{HRANA COMPLETA PENTRU PISICI ADULTE STERILIZATE PREVITAL 100G} => {HRANA COMPLETA PENTRU PISICI ADULTE STERILIZATE CU FICAT PREVITAL 100G}",0.000311727949900201,0.34125636672326,0.00091347145518019,472.188232765216,201
"{HRANA COMPLETA PENTRU PISICI ADULTE STERILIZATE CU FICAT PREVITAL 100G} => {HRANA COMPLETA PENTRU PISICI ADULTE CU PUI PREVITAL 100G}",0.000144232335028451,0.199570815450644,0.000722712560465142,211.647803958663,93
"{HRANA COMPLETA PENTRU PISICI ADULTE CU PUI PREVITAL 100G} => {HRANA COMPLETA PENTRU PISICI ADULTE STERILIZATE CU FICAT PREVITAL 100G}",0.000144232335028451,0.152960526315789,0.000942938276315035,211.647803958663,93
"{MITITEI CONGELATI CAROLI 850G} => {CARNE TOCATA PORC VRAC}",0.000124070825830926,0.164948453608247,0.000752179381599986,2.99953771356034,80
"{IAURT CU CAPSUNI FARA LACTOZA MIZO 150G} => {IAURT CU PIERSICI FARA LACTOZA MIZO 150G}",0.000310177064577314,0.441501103752759,0.000702551051267616,632.615158204562,200
"{IAURT CU PIERSICI FARA LACTOZA MIZO 150G} => {IAURT CU CAPSUNI FARA LACTOZA MIZO 150G}",0.000310177064577314,0.444444444444444,0.000697898395298956,632.615158204562,200
"{IAURT CU CAPSUNI FARA LACTOZA MIZO 150G} => {SMANTANA FARA LACTOZA 20% MIZO 150G}",0.000130274367122472,0.185430463576159,0.000702551051267616,57.5381448030136,84
"{IAURT CU CAPSUNI FARA LACTOZA MIZO 150G} => {IAURT FARA LACTOZA NATUR MIZO 150G}",0.00015353764696577,0.218543046357616,0.000702551051267616,66.4380134323745,99
"{IAURT CU CAPSUNI FARA LACTOZA MIZO 150G} => {LAPTE UHT 1.5% GRASIME FARA LACTOZA MIZO 1L}",0.000159741188257317,0.227373068432671,0.000702551051267616,39.8501122353648,103
"{BALSAM DE RUFE COCCOLINO BLUE SPLASH 28 SPALARI 1050ML} => {CARNE TOCATA PORC VRAC}",0.000102358431310514,0.14410480349345,0.000710305477882049,2.62050224375182,66
"{PARIZER PIEPT PUI GALINIA} => {CARNE TOCATA PORC VRAC}",0.0001039093166334,0.113752122241087,0.00091347145518019,2.06854792024922,67
"{OREGANO MARUNTIT LUCULLUS 5G} => {BUSUIOC MARUNTIT LUCULLUS 5G}",0.000110112857924946,0.212574850299401,0.000517995697844114,374.499386472956,71
"{BUSUIOC MARUNTIT LUCULLUS 5G} => {OREGANO MARUNTIT LUCULLUS 5G}",0.000110112857924946,0.193989071038251,0.000567624028176485,374.499386472956,71
"{TAITEI LATI CSALADI BALOGH 1KG} => {CARNE TOCATA PORC VRAC}",0.00011321462857072,0.144554455445545,0.000783197088057718,2.62867902843079,73
"{NAPOLITANE CU CREMA DE ALUNE ROSHEN 72G} => {NAPOLITANE CU CREMA DE LAPTE ROSHEN 72G}",0.000179902697454842,0.222222222222222,0.000809562138546789,221.122427983539,116
"{NAPOLITANE CU CREMA DE LAPTE ROSHEN 72G} => {NAPOLITANE CU CREMA DE ALUNE ROSHEN 72G}",0.000179902697454842,0.179012345679012,0.0010049736892305,221.122427983539,116
"{NAPOLITANE CU CREMA DE ALUNE ROSHEN 72G} => {NAPOLITANE CU CREMA DE CIOCOLATA ROSHEN 72G}",0.00027140493150515,0.335249042145594,0.000809562138546789,242.067453115547,175
"{NAPOLITANE CU CREMA DE CIOCOLATA ROSHEN 72G} => {NAPOLITANE CU CREMA DE ALUNE ROSHEN 72G}",0.00027140493150515,0.195968645016797,0.00138494059333771,242.067453115547,175
"{BATON PROTEIC PROTEIN-R REDIS 60G} => {BATON PROTEIC MILK&EGG REDIS 60G}",0.000120969055185152,0.129139072847682,0.000936734735023488,111.32081577363,78
"{BATON PROTEIC MILK&EGG REDIS 60G} => {BATON PROTEIC PROTEIN-R REDIS 60G}",0.000120969055185152,0.10427807486631,0.00116006222151915,111.32081577363,78
"{BATON PROTEIC PROTEIN-R REDIS 60G} => {BATON PROTEIC FIBROBAR-R REDIS 60G}",0.00016749561487175,0.178807947019868,0.000936734735023488,223.006020469597,108
"{BATON PROTEIC FIBROBAR-R REDIS 60G} => {BATON PROTEIC PROTEIN-R REDIS 60G}",0.00016749561487175,0.20889748549323,0.000801807711932357,223.006020469597,108
"{BATON PROTEIC PROTEIN-R REDIS 60G} => {BATON PROTEIC WHEYBAR-R REDIS 70G}",0.000131825252445358,0.140728476821192,0.000936734735023488,115.007270918843,85
"{BATON PROTEIC WHEYBAR-R REDIS 70G} => {BATON PROTEIC PROTEIN-R REDIS 60G}",0.000131825252445358,0.107731305449937,0.0012236485197575,115.007270918843,85
"{BATON PROTEIC PROTEIN-R REDIS 60G} => {BATON PROTEIC FIBROBAR CU CEAI VERDE REDIS 50G}",0.000175250041486182,0.187086092715232,0.000936734735023488,169.903947859341,113
"{BATON PROTEIC FIBROBAR CU CEAI VERDE REDIS 50G} => {BATON PROTEIC PROTEIN-R REDIS 60G}",0.000175250041486182,0.159154929577465,0.00110112857924946,169.903947859341,113
"{HRANA INTEGRALA PT.PISICI CU CARNE DE VITA PDC 415G} => {HRANA INTEGRALA PT.PISICI CU CARNE DE VANAT/FICAT PDC 415G}",0.000311727949900201,0.439824945295405,0.000708754592559162,627.424880424469,201
"{HRANA INTEGRALA PT.PISICI CU CARNE DE VANAT/FICAT PDC 415G} => {HRANA INTEGRALA PT.PISICI CU CARNE DE VITA PDC 415G}",0.000311727949900201,0.444690265486726,0.00070100016594473,627.424880424469,201
"{CREMA DE BRANZA GOUDA MLEKOVITA 150G} => {CREMA DE BRANZA CHEDDAR MLEKOVITA 150G}",0.000237285454401645,0.376847290640394,0.000629659441091947,465.49520129098,153
"{CREMA DE BRANZA CHEDDAR MLEKOVITA 150G} => {CREMA DE BRANZA GOUDA MLEKOVITA 150G}",0.000237285454401645,0.293103448275862,0.000809562138546789,465.49520129098,153
"{BAUT.RAC.CARBOGAZOASA CU AROMA DE CACTUS TOPJOY 330ML} => {BAUT.RAC.CARBOGAZOASA CU AROMA DE MANGO TOPJOY 330ML}",0.000203165977298141,0.244859813084112,0.000829723647744315,273.155525013744,131
"{BAUT.RAC.CARBOGAZOASA CU AROMA DE MANGO TOPJOY 330ML} => {BAUT.RAC.CARBOGAZOASA CU AROMA DE CACTUS TOPJOY 330ML}",0.000203165977298141,0.226643598615917,0.000896411716628437,273.155525013744,131
"{BAUT.RAC.CARBOGAZOASA CU AROMA DE CACTUS TOPJOY 330ML} => {BAUT.RAC.CARBOGAZOASA CU AROMA DE PEPENE ROSU TOPJOY 330ML}",0.000252794307630511,0.304672897196262,0.000829723647744315,268.742751575744,163
"{BAUT.RAC.CARBOGAZOASA CU AROMA DE PEPENE ROSU TOPJOY 330ML} => {BAUT.RAC.CARBOGAZOASA CU AROMA DE CACTUS TOPJOY 330ML}",0.000252794307630511,0.222982216142271,0.00113369717103008,268.742751575744,163
"{_BROCCOLI KG} => {_MORCOVI}",0.000105460201956287,0.180371352785146,0.000584683766728237,6.29000463366104,68
"{_BROCCOLI KG} => {_BANANE}",0.000102358431310514,0.175066312997347,0.000584683766728237,5.73759953016665,66
"{ELAN PASTE MELCI FARA OUA 400G} => {ELAN PASTE SPIRALE FARA OUA 400G}",0.000186106238746388,0.222634508348794,0.000835927189035861,206.848951789256,120
"{ELAN PASTE SPIRALE FARA OUA 400G} => {ELAN PASTE MELCI FARA OUA 400G}",0.000186106238746388,0.172910662824208,0.00107631441408328,206.848951789256,120
"{ELAN PASTE MELCI FARA OUA 400G} => {ELAN PASTE PATRATE INCRETITE FARA OUA 400G}",0.0002078186332668,0.24860853432282,0.000835927189035861,94.4057966263923,134
"{ELAN PASTE MELCI FARA OUA 400G} => {CARNE TOCATA PORC VRAC}",0.0001039093166334,0.12430426716141,0.000835927189035861,2.26043548242448,67
"{MATE PORC JASZBEL 10M} => {MATE PORC 10M CASA MONCEANU}",0.000148884990997111,0.141176470588235,0.00105460201956287,89.1572967678746,96
"{MATE PORC JASZBEL 10M} => {CARNE TOCATA PORC VRAC}",0.000120969055185152,0.114705882352941,0.00105460201956287,2.08589175926448,78
"{CONSERVA MAZARE VERDE BOABE EKO 200G} => {CARNE TOCATA PORC VRAC}",0.000110112857924946,0.144308943089431,0.000763035578860192,2.62421446052974,71
"{CONSERVA FILE DE SOMON IN SOS SULTAN EVRAFISH 170G} => {CONSERVA FILE DE SOMON IN STIL GRECESC EVRAFISH 170G}",0.000178351812131956,0.300261096605744,0.000593989078665556,353.941962090873,115
"{CONSERVA FILE DE SOMON IN STIL GRECESC EVRAFISH 170G} => {CONSERVA FILE DE SOMON IN SOS SULTAN EVRAFISH 170G}",0.000178351812131956,0.210237659963437,0.000848334271618954,353.941962090873,115
"{DR.OETKER BUDINCA CARAMEL 40G} => {DR.OETKER BUDINCA FRISCA 40G}",0.000100807545987627,0.18361581920904,0.000549013404301846,159.131982412976,65
"{DR.OETKER BUDINCA CARAMEL 40G} => {DR.OETKER BUDINCA VANILIE 40G}",0.000204716862621027,0.372881355932203,0.000549013404301846,115.480926097787,132
"{L&M RED LABEL BOX} => {PALL MALL S-LINE FLOW VIOLET/ROSE}",0.000172148270840409,0.114788004136505,0.00149970610723131,39.1611119318462,111
"{FASOLE GALBENA CONG.AGROSPRINT 400G} => {FASOLE BOABE CONG.AGROSPRINT 400G}",0.000186106238746388,0.198675496688742,0.000936734735023488,39.1278465291459,120
"{FASOLE GALBENA CONG.AGROSPRINT 400G} => {CARNE TOCATA PORC VRAC}",0.000105460201956287,0.112582781456954,0.000936734735023488,2.04728381194578,68
"{WINSTON XSPRESSION} => {GOBE LAPTE 1.5% 1L}",0.000249692536984738,0.148114075436983,0.0016858123459777,14.069375227348,161
"{PASTE CUS CUS FARA OUA CSALADI BALOGH 1KG} => {CARNE TOCATA PORC VRAC}",0.000128723481799585,0.14795008912656,0.000870046666139366,2.69042759936211,83
"{MARGARINA DELMA SANDVIS 500G} => {CARNE TOCATA PORC VRAC}",0.0001039093166334,0.141350210970464,0.000735119643048234,2.57041081229281,67
"{CAFEA JACOBS 3IN1 CARAMEL 16.9G} => {CAFEA JACOBS 3IN1 CLASSIC 15.2G}",0.000134927023091132,0.170923379174853,0.000789400629349264,105.76794474884,87
"{SUC DE STRUGURI NEGRI STICLA TOPJOY 250ML} => {SUC FRUCTUL DRAGONULUI 25% STICLA TOPJOY 250ML}",0.000120969055185152,0.137323943661972,0.000880902863399572,150.844152650143,78
"{SUC FRUCTUL DRAGONULUI 25% STICLA TOPJOY 250ML} => {SUC DE STRUGURI NEGRI STICLA TOPJOY 250ML}",0.000120969055185152,0.132879045996593,0.000910369684534417,150.844152650143,78
"{SUC DE STRUGURI NEGRI STICLA TOPJOY 250ML} => {SUC DE MERE&PEPENE 20% STICLA TOPJOY 250ML}",0.000117867284539379,0.133802816901408,0.000880902863399572,131.919143300168,76
"{SUC DE MERE&PEPENE 20% STICLA TOPJOY 250ML} => {SUC DE STRUGURI NEGRI STICLA TOPJOY 250ML}",0.000117867284539379,0.116207951070336,0.00101427900116782,131.919143300168,76
"{SUC DE STRUGURI NEGRI STICLA TOPJOY 250ML} => {SUC DE MERE&LIME CACTUS STICLA TOPJOY 250ML}",0.000110112857924946,0.125,0.000880902863399572,84.5741080797482,71
"{PASTE SPAGHETE PAMBAC 500G} => {CARNE TOCATA PORC VRAC}",0.000147334105674224,0.2375,0.000620354129154628,4.31886562975915,95
"{SMANTANA 15% GRASIME LACTIS 750G} => {_BANANE}",0.00015353764696577,0.198396793587174,0.000773891776120398,6.50222952767383,99
"{BATON CIOCOLATA LAPTE UMPL.DE CREMA CARAMEL ROSHEN 40G} => {BATON CIOCOLATA CU LAPTE UMPL.DE CR.DE ZAHAR ARS ROSHEN 43G}",0.000288464670056902,0.365422396856582,0.000789400629349264,325.444480022577,186
"{BATON CIOCOLATA CU LAPTE UMPL.DE CR.DE ZAHAR ARS ROSHEN 43G} => {BATON CIOCOLATA LAPTE UMPL.DE CREMA CARAMEL ROSHEN 40G}",0.000288464670056902,0.256906077348066,0.00112284097376988,325.444480022577,186
"{BATON CIOCOLATA LAPTE UMPL.DE CREMA CARAMEL ROSHEN 40G} => {BATON CIOCOLATA CU UMPL.CU GUST DE CIOC.FONDANT ROSHEN 43G}",0.000232632798432985,0.294695481335953,0.000789400629349264,229.767331919048,150
"{BATON CIOCOLATA CU UMPL.CU GUST DE CIOC.FONDANT ROSHEN 43G} => {BATON CIOCOLATA LAPTE UMPL.DE CREMA CARAMEL ROSHEN 40G}",0.000232632798432985,0.181378476420798,0.00128258216202719,229.767331919048,150
"{SMANTANA PT.GATIT CU SMANTANA 20% FARA LACTOZA UHT MIZO 330ML} => {SMANTANA FARA LACTOZA 20% MIZO 330G}",0.000102358431310514,0.128155339805825,0.000798705941286583,82.6336660194175,66
"{SMANTANA PT.GATIT CU SMANTANA 20% FARA LACTOZA UHT MIZO 330ML} => {UNT FARA LACTOZA 82% GRASIME MIZO 100G}",0.000128723481799585,0.161165048543689,0.000798705941286584,86.3824564801588,83
"{SMANTANA PT.GATIT CU SMANTANA 20% FARA LACTOZA UHT MIZO 330ML} => {SMANTANA FARA LACTOZA 20% MIZO 150G}",0.000119418169862266,0.149514563106796,0.000798705941286583,46.3936206397114,77
"{SMANTANA PT.GATIT CU SMANTANA 20% FARA LACTOZA UHT MIZO 330ML} => {LAPTE UHT 1.5% GRASIME FARA LACTOZA MIZO 1L}",0.000178351812131956,0.223300970873786,0.000798705941286583,39.1364237327049,115
"{PAINE EXTRUDATA CU GERMENI DE GRAU ABONETT 100G} => {PAINE EXTRUDATA ECO CU GRAU DE SPELTA ABONETT 100G}",0.000150435876319997,0.213656387665198,0.000704101936590503,282.303572073373,97
"{PAINE EXTRUDATA ECO CU GRAU DE SPELTA ABONETT 100G} => {PAINE EXTRUDATA CU GERMENI DE GRAU ABONETT 100G}",0.000150435876319997,0.198770491803279,0.000756832037568646,282.303572073373,97
"{PAINE EXTRUDATA CU GERMENI DE GRAU ABONETT 100G} => {PAINE EXTRUDATA ECO CU HRISCA FARA GLUTEN ABONETT 100G}",0.000122519940508039,0.174008810572687,0.000704101936590503,186.378177733546,79
"{PAINE EXTRUDATA ECO CU HRISCA FARA GLUTEN ABONETT 100G} => {PAINE EXTRUDATA CU GERMENI DE GRAU ABONETT 100G}",0.000122519940508039,0.131229235880399,0.000933632964377715,186.378177733546,79
"{PAINE EXTRUDATA CU GERMENI DE GRAU ABONETT 100G} => {PAINE EXTRUDATA CU SEMINTE DE IN FARA GLUTEN ABONETT 100G}",0.00011321462857072,0.16079295154185,0.000704101936590503,158.529311320373,73
"{PAINE EXTRUDATA CU SEMINTE DE IN FARA GLUTEN ABONETT 100G} => {PAINE EXTRUDATA CU GERMENI DE GRAU ABONETT 100G}",0.00011321462857072,0.111620795107034,0.00101427900116782,158.529311320373,73
"{PAINE EXTRUDATA CU GERMENI DE GRAU ABONETT 100G} => {PAINE EXTRUDATA CU MEI FARA GLUTEN ABONETT 100G}",0.000133376137768245,0.18942731277533,0.000704101936590503,154.413913130649,86
"{PAINE EXTRUDATA CU MEI FARA GLUTEN ABONETT 100G} => {PAINE EXTRUDATA CU GERMENI DE GRAU ABONETT 100G}",0.000133376137768245,0.108723135271808,0.00122675029040328,154.413913130649,86
"{GOBE SARATELE CU LEURDA 100G} => {GOBE SARATELE CU CASCAVAL 100G}",0.00010856197260206,0.150214592274678,0.000722712560465142,66.069111593838,70
"{BATON PROTEIC MILK&EGG REDIS 60G} => {BATON PROTEIC WHEYBAR-R REDIS 70G}",0.000269854046182263,0.232620320855615,0.00116006222151915,190.103871413757,174
"{BATON PROTEIC WHEYBAR-R REDIS 70G} => {BATON PROTEIC MILK&EGG REDIS 60G}",0.000269854046182263,0.220532319391635,0.0012236485197575,190.103871413757,174
"{BATON PROTEIC MILK&EGG REDIS 60G} => {BATON PROTEIC FIBROBAR CU CEAI VERDE REDIS 50G}",0.000116316399216493,0.100267379679144,0.00116006222151915,91.0587387964149,75
"{BATON PROTEIC FIBROBAR CU CEAI VERDE REDIS 50G} => {BATON PROTEIC MILK&EGG REDIS 60G}",0.000116316399216493,0.105633802816901,0.00110112857924946,91.0587387964149,75
"{BATON PROTEIC MILK&EGG REDIS 60G} => {_BANANE}",0.00015353764696577,0.132352941176471,0.00116006222151915,4.33771729185727,99
"{CONDIMENT PORC PT.FRIPTURA LUCULLUS 40G} => {CONDIMENT DE PUI LUCULLUS 40G}",0.00015819030293443,0.269129287598945,0.00058778553737401,234.820948225692,102
"{CONDIMENT DE PUI LUCULLUS 40G} => {CONDIMENT PORC PT.FRIPTURA LUCULLUS 40G}",0.00015819030293443,0.138024357239513,0.00114610425361317,234.820948225692,102
"{BERE BLONDA GRAU NEFILTRATA SOPRONI OVATOS DUHAJ 5% DOZA 500ML} => {BERE BLONDA NEFILTRATA SOPRONI OVATOS DUHAJ IPA 4.8% DOZA 500ML}",0.000183004468100615,0.212612612612613,0.000860741354202046,79.4270708715668,118
"{DROPSURI CU GUST DE MACESE VERBENA LIGHT 60G} => {DROPSURI CU GUST DE SOC DE LAMAIE VERBENA LIGHT 60G}",0.000179902697454842,0.306068601583113,0.00058778553737401,378.792498695932,116
"{DROPSURI CU GUST DE SOC DE LAMAIE VERBENA LIGHT 60G} => {DROPSURI CU GUST DE MACESE VERBENA LIGHT 60G}",0.000179902697454842,0.222648752399232,0.000808011253223903,378.792498695932,116
"{_PERE} => {_BANANE}",0.00015819030293443,0.21656050955414,0.000730466987079574,7.09752468419959,102
"{HRANA INTEGRALA PT.CAINI ADULTI CU CARNE DE VITA PDD 1240G} => {HRANA INTEGRALA PT.CAINI ADULTI CU CARNE DE VANAT PDD 1240G}",0.000198513321329481,0.272921108742004,0.000727365216433801,359.872434497103,128
"{HRANA INTEGRALA PT.CAINI ADULTI CU CARNE DE VANAT PDD 1240G} => {HRANA INTEGRALA PT.CAINI ADULTI CU CARNE DE VITA PDD 1240G}",0.000198513321329481,0.261758691206544,0.000758382922891533,359.872434497103,128
"{REAL LAPTE UHT PT.CAFEA 6% GRASIME 10*7.5G} => {CARNE TOCATA PORC VRAC}",0.00011321462857072,0.131294964028777,0.000862292239524933,2.387559189492,73
"{CUB CU GUST DE LEGUME THYMOS 8*10G 6+2GRATIS} => {CUB CU GUST DE GAINA THYMOS 8*10G 6+2GRATIS}",0.000172148270840409,0.295212765957447,0.00058313288140535,319.917857142857,111
"{CUB CU GUST DE GAINA THYMOS 8*10G 6+2GRATIS} => {CUB CU GUST DE LEGUME THYMOS 8*10G 6+2GRATIS}",0.000172148270840409,0.186554621848739,0.000922776767117509,319.917857142857,111
"{DR.OETKER GELFIX SUPER 3:1 25G} => {CONSERVANT ACID SALICILIC HA 15G}",0.000148884990997111,0.197530864197531,0.000753730266922873,56.0592070944184,96
"{PUI INTREGI REFR.GALBEN VRAC} => {_MORCOVI}",0.0001039093166334,0.11472602739726,0.000905717028565757,4.00078633767234,67
"{PUI INTREGI REFR.GALBEN VRAC} => {CARNE TOCATA PORC VRAC}",0.000175250041486182,0.193493150684932,0.000905717028565757,3.51861439194509,113
"{BOMBOANE HARIBO DINOZAUR 100G} => {BOMBOANE HARIBO GUMATE WUMMIS 100G}",0.00011321462857072,0.153361344537815,0.000738221413694007,149.375107898144,73
"{BOMBOANE HARIBO GUMATE WUMMIS 100G} => {BOMBOANE HARIBO DINOZAUR 100G}",0.00011321462857072,0.110271903323263,0.00102668608375091,149.375107898144,73
"{PASTE SCOICI MICI CU 4 OUA GYERMELYI 500G} => {PASTE ATA PAIANJENULUI CU 8 OUA GYERMELYI 250G}",0.000128723481799585,0.213917525773196,0.000601743505279989,9.69035571138656,83
"{NAPOLITANE CU CREMA DE LAMAIE FARA ZAHAR U&U 65G} => {NAPOLITANE CU CREMA DE CACAO FARA ZAHAR U&U 65G}",0.000240387225047418,0.320247933884298,0.0007506284962771,331.450443070719,155
"{NAPOLITANE CU CREMA DE CACAO FARA ZAHAR U&U 65G} => {NAPOLITANE CU CREMA DE LAMAIE FARA ZAHAR U&U 65G}",0.000240387225047418,0.248796147672552,0.000966201556158333,331.450443070719,155
"{BATON PROTEIC FIBROBAR-R REDIS 60G} => {BATON PROTEIC FIBROBAR CU CEAI VERDE REDIS 50G}",0.000144232335028451,0.179883945841393,0.000801807711932357,163.363252240717,93
"{BATON PROTEIC FIBROBAR CU CEAI VERDE REDIS 50G} => {BATON PROTEIC FIBROBAR-R REDIS 60G}",0.000144232335028451,0.130985915492958,0.00110112857924946,163.363252240717,93
"{KNORR SUPA GALUSTE CU FICAT CU PASTE TT 58G} => {KNORR SUPA DE GAINA UJHAZI TT 67G}",0.000107011087279173,0.1796875,0.000595539963988443,215.35546875,69
"{KNORR SUPA DE GAINA UJHAZI TT 67G} => {KNORR SUPA GALUSTE CU FICAT CU PASTE TT 58G}",0.000107011087279173,0.128252788104089,0.000834376303712975,215.35546875,69
"{KNORR SUPA GALUSTE CU FICAT CU PASTE TT 58G} => {KNORR SUPA DE PERISOARA TT 50G}",0.000148884990997111,0.25,0.000595539963988443,296.866022099447,96
"{KNORR SUPA DE PERISOARA TT 50G} => {KNORR SUPA GALUSTE CU FICAT CU PASTE TT 58G}",0.000148884990997111,0.176795580110497,0.000842130730327408,296.866022099447,96
"{SUC FRUCTUL DRAGONULUI 25% STICLA TOPJOY 250ML} => {SUC DE MERE&PEPENE 20% STICLA TOPJOY 250ML}",0.000148884990997111,0.163543441226576,0.000910369684534417,161.241079661785,96
"{SUC DE MERE&PEPENE 20% STICLA TOPJOY 250ML} => {SUC FRUCTUL DRAGONULUI 25% STICLA TOPJOY 250ML}",0.000148884990997111,0.146788990825688,0.00101427900116782,161.241079661785,96
"{SUC FRUCTUL DRAGONULUI 25% STICLA TOPJOY 250ML} => {SUC DE MERE&LIME CACTUS STICLA TOPJOY 250ML}",0.000169046500194636,0.185689948892675,0.000910369684534416,125.636494455776,109
"{SUC DE MERE&LIME CACTUS STICLA TOPJOY 250ML} => {SUC FRUCTUL DRAGONULUI 25% STICLA TOPJOY 250ML}",0.000169046500194636,0.114375655823715,0.0014779937127109,125.636494455776,109
"{BOMBOANE DEXTROZA CU CAPSUNI HAZISWEETS 80G} => {BOMBOANE DEXTROZA CU MENTHOL HAZISWEETS 80G}",0.000235734569078759,0.278388278388278,0.000846783386296067,298.177430542879,152
"{BOMBOANE DEXTROZA CU MENTHOL HAZISWEETS 80G} => {BOMBOANE DEXTROZA CU CAPSUNI HAZISWEETS 80G}",0.000235734569078759,0.252491694352159,0.000933632964377715,298.177430542879,152
"{LIPIE DIN FAINA DE GRAU DON FERNANDO 6*25CM 370G} => {PIEPT DE PUI FARA OS REFR.VRAC SZEKELY CSURKE}",0.000114765513893606,0.142034548944338,0.000808011253223903,5.58704751814705,74
"{CUB PENTRU TOCANITA THYMOS 8*10G 6+2GRATIS} => {CUB CU GUST DE GAINA THYMOS 8*10G 6+2GRATIS}",0.000120969055185152,0.186602870813397,0.000648270064966586,202.218865345181,78
"{CUB CU GUST DE GAINA THYMOS 8*10G 6+2GRATIS} => {CUB PENTRU TOCANITA THYMOS 8*10G 6+2GRATIS}",0.000120969055185152,0.13109243697479,0.000922776767117509,202.218865345181,78
"{HELL ENERGY COFFEE SLIM LATTE 250ML} => {HELL ENERGY COFFEE LATTE 250ML}",0.000155088532288657,0.122100122100122,0.0012701750794441,86.420750855438,100
"{HELL ENERGY COFFEE LATTE 250ML} => {HELL ENERGY COFFEE SLIM LATTE 250ML}",0.000155088532288657,0.109769484083425,0.00141285652914966,86.420750855438,100
"{REAL DETERGENT DUO CAPSULE WHITE 15*24G 360G} => {CARNE TOCATA PORC VRAC}",0.000102358431310514,0.140425531914894,0.000728916101756688,2.55359580348581,66
"{LAPTE CU CAFEA SELECTION MELANGE MIZO 330ML} => {LAPTE CU CAFEA SELECTION ESPRESSO MIZO 330ML}",0.00011321462857072,0.107828655834564,0.00104994936359421,98.0636988456082,73
"{LAPTE CU CAFEA SELECTION ESPRESSO MIZO 330ML} => {LAPTE CU CAFEA SELECTION MELANGE MIZO 330ML}",0.00011321462857072,0.10296191819464,0.00109957769392658,98.0636988456082,73
"{REAL SOS DE ROSII PASSATA 500G} => {CARNE TOCATA PORC VRAC}",0.00015353764696577,0.216157205240175,0.000710305477882049,3.93075336562773,99
"{IAURT CU PIERSICI FARA LACTOZA MIZO 150G} => {UNT FARA LACTOZA 82% GRASIME MIZO 100G}",0.000105460201956287,0.151111111111111,0.000697898395298956,80.9936713771128,68
"{IAURT CU PIERSICI FARA LACTOZA MIZO 150G} => {SMANTANA FARA LACTOZA 20% MIZO 150G}",0.000139579679059791,0.2,0.000697898395298956,62.0589990375361,90
"{IAURT CU PIERSICI FARA LACTOZA MIZO 150G} => {IAURT FARA LACTOZA NATUR MIZO 150G}",0.000141130564382678,0.202222222222222,0.000697898395298956,61.4764136413641,91
"{IAURT CU PIERSICI FARA LACTOZA MIZO 150G} => {LAPTE UHT 1.5% GRASIME FARA LACTOZA MIZO 1L}",0.00016284295890309,0.233333333333333,0.000697898395298956,40.8947268279424,105
"{GOBE SLANINA FIARTA CU BOIA SI USTUROI} => {CARNE TOCATA PORC VRAC}",0.000136477908414018,0.156305506216696,0.000873148436785139,2.84236833070061,88
"{KNORR SUPA CREMA DE GALBIORI IL 63G} => {KNORR SUPA CREMA DE CIUPERCI DE PADURE 60G}",0.000187657124069275,0.313471502590674,0.000598641734634216,274.998953156392,121
"{KNORR SUPA CREMA DE CIUPERCI DE PADURE 60G} => {KNORR SUPA CREMA DE GALBIORI IL 63G}",0.000187657124069275,0.164625850340136,0.00113990071232163,274.998953156392,121
"{BOMBOANE DE POM CU GUST DE COCOS GLORIA 300G} => {BOMBOANE DE POM ASORTAT GLORIA VRAC}",0.00011321462857072,0.135687732342007,0.000834376303712975,19.2244561634806,73
"{CERBONA BATON CEREALE CU AFINE 20G} => {CERBONA BATON CEREALE CU CIOC.AMARA&ZMEURA 20G}",0.000251243422307624,0.36,0.000697898395298957,500.270431034483,162
"{CERBONA BATON CEREALE CU CIOC.AMARA&ZMEURA 20G} => {CERBONA BATON CEREALE CU AFINE 20G}",0.000251243422307624,0.349137931034483,0.000719610789819368,500.270431034483,162
"{CERBONA BATON CEREALE CU AFINE 20G} => {CERBONA BATON CEREALE CU FRUCTE ROSII 20G}",0.000183004468100615,0.262222222222222,0.000697898395298956,353.721868898187,118
"{CERBONA BATON CEREALE CU FRUCTE ROSII 20G} => {CERBONA BATON CEREALE CU AFINE 20G}",0.000183004468100615,0.246861924686192,0.00074132318433978,353.721868898187,118
"{CERBONA TERCI DE OVAZ CU PRUNE 50G} => {CERBONA TERCI DE OVAZ CU CIOCOLATA 55G}",0.000179902697454842,0.28641975308642,0.000628108555769061,367.891338350303,116
"{CERBONA TERCI DE OVAZ CU CIOCOLATA 55G} => {CERBONA TERCI DE OVAZ CU PRUNE 50G}",0.000179902697454842,0.231075697211155,0.000778544432089058,367.891338350302,116
"{CERBONA TERCI DE OVAZ CU PRUNE 50G} => {CERBONA TERCI DE OVAZ CU CAISE 50G}",0.000338093000389272,0.538271604938272,0.000628108555769061,658.583990442055,218
"{CERBONA TERCI DE OVAZ CU CAISE 50G} => {CERBONA TERCI DE OVAZ CU PRUNE 50G}",0.000338093000389272,0.413662239089184,0.000817316565161222,658.583990442055,218
"{CERBONA TERCI DE OVAZ CU PRUNE 50G} => {CERBONA TERCI DE OVAZ CU FRUCTE DE PADURE 55G}",0.000294668211348448,0.469135802469136,0.000628108555769061,418.968810916179,190
"{CERBONA TERCI DE OVAZ CU FRUCTE DE PADURE 55G} => {CERBONA TERCI DE OVAZ CU PRUNE 50G}",0.000294668211348448,0.263157894736842,0.0011197392031241,418.968810916179,190
"{FULGI DE PORUMB CU ADAOS DE MULTIVI.FORTZA 150G} => {PIEPT DE PUI FARA OS REFR.VRAC SZEKELY CSURKE}",0.0001039093166334,0.141649048625793,0.000733568757725348,5.57188354139646,67
"{FANTA PORTOCALE ZERO ZAHAR 2L} => {COCA COLA 2L PET}",0.000107011087279173,0.123655913978495,0.000865394010170706,13.5484227259024,69
"{MAGAZIN BEST} => {MEGLEPETES}",0.000344296541680818,0.376910016977929,0.00091347145518019,272.148869627379,222
"{MEGLEPETES} => {MAGAZIN BEST}",0.000344296541680818,0.248600223964166,0.00138494059333771,272.148869627379,222
"{MAGAZIN BEST} => {NOK LAPJA}",0.000193860665360821,0.212224108658744,0.00091347145518019,37.6867583845765,125
"{SPRITE 2L} => {COCA COLA 2L PET}",0.000164393844225976,0.198501872659176,0.000828172762421428,21.7489580250685,106
"{DESERT FARA LACTOZA NATUR MIZO 30G} => {SMANTANA FARA LACTOZA 20% MIZO 150G}",0.000134927023091132,0.154255319148936,0.000874699322108025,47.8646535129933,87
"{DESERT FARA LACTOZA NATUR MIZO 30G} => {IAURT FARA LACTOZA NATUR MIZO 150G}",0.00016749561487175,0.191489361702128,0.000874699322108025,58.2135785007072,108
"{DESERT FARA LACTOZA NATUR MIZO 30G} => {LAPTE UHT 1.5% GRASIME FARA LACTOZA MIZO 1L}",0.000119418169862266,0.136524822695035,0.000874699322108025,23.9277656972003,77
"{CASCAVAL RISKA VRAC} => {CARNE TOCATA PORC VRAC}",0.000105460201956287,0.105100463678516,0.00100342280390761,1.91122012738061,68
"{BAUT.RAC.CARBOGAZOASA CU AROMA DE MANGO TOPJOY 330ML} => {BAUT.RAC.CARBOGAZOASA CU AROMA DE PEPENE ROSU TOPJOY 330ML}",0.000245039881016078,0.273356401384083,0.000896411716628437,241.119417397602,158
"{BAUT.RAC.CARBOGAZOASA CU AROMA DE PEPENE ROSU TOPJOY 330ML} => {BAUT.RAC.CARBOGAZOASA CU AROMA DE MANGO TOPJOY 330ML}",0.000245039881016078,0.216142270861833,0.00113369717103008,241.119417397602,158
"{BAT.CIOC.LAPTE UMPL.CU LICHIOR DE VISINE VADASZ FEKETEERDO 25G} => {BAT.CIOC.AMARA UMPL.CU LICHIOR DE VISINE VADASZ DULCE AMAR 25G}",0.000431146119762466,0.5,0.000862292239524933,547.362478777589,278
"{BAT.CIOC.AMARA UMPL.CU LICHIOR DE VISINE VADASZ DULCE AMAR 25G} => {BAT.CIOC.LAPTE UMPL.CU LICHIOR DE VISINE VADASZ FEKETEERDO 25G}",0.000431146119762466,0.471986417657046,0.00091347145518019,547.362478777589,278
"{BATON PROTEIC FIBROBAR CU CEAI VERDE REDIS 50G} => {BATON PROTEIC WHEYBAR-R REDIS 70G}",0.000119418169862266,0.108450704225352,0.00110112857924946,88.6289669576394,77
"{BATON PROTEIC WHEYBAR-R REDIS 70G} => {_BANANE}",0.00016749561487175,0.136882129277567,0.0012236485197575,4.48615628663566,108
"{PULPE DE PUI SUPERIOARE REFR.VRAC SZEKELY CSURKE} => {PIEPT DE PUI FARA OS REFR.VRAC SZEKELY CSURKE}",0.000138028793736905,0.137345679012346,0.0010049736892305,5.4026069062596,89
"{PULPE DE PUI SUPERIOARE REFR.VRAC SZEKELY CSURKE} => {CARNE TOCATA PORC VRAC}",0.000229531027787212,0.228395061728395,0.0010049736892305,4.15329508254941,148
"{BISCUITI CU LAPTE GUST DE VANILIE CU INDULCITORI GYORI EDES 100G} => {BISCUITI PT.CEAI TOSTADA FARA ZAHAR GULLON 200G}",0.0001039093166334,0.139004149377593,0.000747526725631327,137.89061921481,67
"{BISCUITI PT.CEAI TOSTADA FARA ZAHAR GULLON 200G} => {BISCUITI CU LAPTE GUST DE VANILIE CU INDULCITORI GYORI EDES 100G}",0.0001039093166334,0.103076923076923,0.00100807545987627,137.89061921481,67
"{PAINE EXTRUDATA ECO CU GRAU DE SPELTA ABONETT 100G} => {PAINE EXTRUDATA ECO CU HRISCA FARA GLUTEN ABONETT 100G}",0.000159741188257317,0.211065573770492,0.000756832037568646,226.069110478732,103
"{PAINE EXTRUDATA ECO CU HRISCA FARA GLUTEN ABONETT 100G} => {PAINE EXTRUDATA ECO CU GRAU DE SPELTA ABONETT 100G}",0.000159741188257317,0.17109634551495,0.000933632964377715,226.069110478732,103
"{PAINE EXTRUDATA ECO CU GRAU DE SPELTA ABONETT 100G} => {PAINE EXTRUDATA CU MEI FARA GLUTEN ABONETT 100G}",0.000105460201956287,0.139344262295082,0.000756832037568646,113.588122525958,68
"{CERBONA BATON CEREALE CU CIOC.AMARA&ZMEURA 20G} => {CERBONA BATON CEREALE CU FRUCTE ROSII 20G}",0.000175250041486182,0.243534482758621,0.000719610789819368,328.513242136777,113
"{CERBONA BATON CEREALE CU FRUCTE ROSII 20G} => {CERBONA BATON CEREALE CU CIOC.AMARA&ZMEURA 20G}",0.000175250041486182,0.236401673640167,0.00074132318433978,328.513242136777,113
"{SZOBI BAUTURA CU GUST DE PORTOCALE 12% 1L} => {SZOBI BAUTURA CU GUST DE MERE 12% 1L}",0.00015819030293443,0.171140939597315,0.000924327652440396,154.552492809204,102
"{SZOBI BAUTURA CU GUST DE MERE 12% 1L} => {SZOBI BAUTURA CU GUST DE PORTOCALE 12% 1L}",0.00015819030293443,0.142857142857143,0.00110733212054101,154.552492809204,102
"{SZOBI BAUTURA CU GUST DE PORTOCALE 12% 1L} => {SZOBI BAUTURA CU GUST DE STRUGURI NEGRI 12% 1L}",0.000105460201956287,0.114093959731544,0.000924327652440396,122.407631576009,68
"{SZOBI BAUTURA CU GUST DE STRUGURI NEGRI 12% 1L} => {SZOBI BAUTURA CU GUST DE PORTOCALE 12% 1L}",0.000105460201956287,0.113144758735441,0.000932082079054828,122.407631576009,68
"{SZOBI BAUTURA CU GUST DE PORTOCALE 12% 1L} => {SZOBI BAUTURA CU GUST DE STRUGURI ALB 12% 1L}",0.000122519940508039,0.13255033557047,0.000924327652440396,130.48477637174,79
"{SZOBI BAUTURA CU GUST DE STRUGURI ALB 12% 1L} => {SZOBI BAUTURA CU GUST DE PORTOCALE 12% 1L}",0.000122519940508039,0.120610687022901,0.0010158298864907,130.48477637174,79
"{SZOBI BAUTURA CU GUST DE PORTOCALE 12% 1L} => {SZOBI BAUTURA CU GUST DE PIERSICI 12% 1L}",0.000155088532288657,0.167785234899329,0.000924327652440396,142.72657647288,100
"{SZOBI BAUTURA CU GUST DE PIERSICI 12% 1L} => {SZOBI BAUTURA CU GUST DE PORTOCALE 12% 1L}",0.000155088532288657,0.131926121372032,0.00117557107474802,142.72657647288,100
"{PASTE CORNITE MICI FARA OUA CSALADI BALOGH 1KG} => {CARNE TOCATA PORC VRAC}",0.000136477908414018,0.16,0.000852986927587613,2.90955158215353,88
"{AROMA DE VANILIE BOURBON MAXAROMA SZILAS 30ML} => {AROMA DE ROM JAMAICAN MAXAROMA SZILAS 30ML}",0.000186106238746388,0.271493212669683,0.000685491312715864,302.343563172579,120
"{AROMA DE ROM JAMAICAN MAXAROMA SZILAS 30ML} => {AROMA DE VANILIE BOURBON MAXAROMA SZILAS 30ML}",0.000186106238746388,0.207253886010363,0.000897962601951324,302.343563172579,120
"{DROJDIE PROASPATA BRAVO 50G} => {CARNE TOCATA PORC VRAC}",0.000100807545987627,0.124521072796935,0.000809562138546789,2.26437802729861,65
"{REAL SALAM PENTRU CAINI CU CARNE DE VITA 1KG} => {REAL SALAM PENTRU CAINI CU CARNE DE PUI 1KG}",0.000127172596476699,0.130365659777424,0.000975506868095652,81.0596575360317,82
"{KNORR SUPA CREMA DE GALBIORI IL 56G} => {KNORR SUPA CREMA DE CIUPERCI DE PADURE 60G}",0.000165944729548863,0.275773195876289,0.000601743505279989,241.92738270566,107
"{KNORR SUPA CREMA DE CIUPERCI DE PADURE 60G} => {KNORR SUPA CREMA DE GALBIORI IL 56G}",0.000165944729548863,0.145578231292517,0.00113990071232163,241.92738270566,107
"{ENERGIZANT HELL APPLE STRONG 250ML} => {ENERGIZANT HELL 250ML}",0.000243488995693191,0.123233908948195,0.00197582790135749,7.55111297656878,157
"{ELAN CONSERVA MAZARE VERDE BOABE 420G} => {CARNE TOCATA PORC VRAC}",0.00011321462857072,0.146,0.000775442661443285,2.6549658187151,73
"{KNORR BAZA PT.SPAGHETTI BOLOGNESE RAFINERIA 59G} => {CARNE TOCATA PORC VRAC}",0.000141130564382678,0.224691358024691,0.000628108555769061,4.08594435148104,91
"{SARATELE CU CASCAVAL SI CONDIMENTE ZIEGLER 100G} => {SARATELE CU CASCAVAL ZIEGLER 100G}",0.000110112857924946,0.162844036697248,0.000676186000778544,191.607107580526,71
"{SARATELE CU CASCAVAL ZIEGLER 100G} => {SARATELE CU CASCAVAL SI CONDIMENTE ZIEGLER 100G}",0.000110112857924946,0.12956204379562,0.00084988515694184,191.607107580526,71
"{SEMINTE FLORI GARDENSEED KERTIMAG} => {SEMINTE LEGUME GARDENSEED KERTIMAG}",0.000260548734244944,0.302158273381295,0.000862292239524933,130.146653018267,168
"{SEMINTE LEGUME GARDENSEED KERTIMAG} => {SEMINTE FLORI GARDENSEED KERTIMAG}",0.000260548734244944,0.112224448897796,0.0023216753283612,130.146653018267,168
"{RONDELE DIN OREZ EXPANDAT RISOVITAL SCOTTI 100G} => {RONDELE DIN OREZ CU MIX DE SEMINTE SI CHIA RISOVITAL SCOTTI 100G}",0.000145783220351338,0.179389312977099,0.000812663909192563,187.166623434373,94
"{RONDELE DIN OREZ CU MIX DE SEMINTE SI CHIA RISOVITAL SCOTTI 100G} => {RONDELE DIN OREZ EXPANDAT RISOVITAL SCOTTI 100G}",0.000145783220351338,0.15210355987055,0.0009584471295439,187.166623434373,94
"{_SFECLA ROSIE} => {_MORCOVI}",0.000200064206652368,0.258,0.000775442661443285,8.99711162790698,129
"{_SFECLA ROSIE} => {_BANANE}",0.000117867284539379,0.152,0.000775442661443285,4.98162732540409,76
"{BOMBOANE PEHELY CU GUST PORTOCALE&LAMAIE 70G} => {BOMBOANE PEHELY CU GUST DE ZMEURA 70G}",0.000307075293931541,0.392079207920792,0.000783197088057718,407.757949536889,198
"{BOMBOANE PEHELY CU GUST DE ZMEURA 70G} => {BOMBOANE PEHELY CU GUST PORTOCALE&LAMAIE 70G}",0.000307075293931541,0.319354838709677,0.000961548900189673,407.757949536889,198
"{PATE DE SOMN AFRICAN HAME 100G} => {PATE DE MACROU HAME 100G}",0.000161292073580203,0.235294117647059,0.000685491312715864,313.462809917355,104
"{PATE DE MACROU HAME 100G} => {PATE DE SOMN AFRICAN HAME 100G}",0.000161292073580203,0.214876033057851,0.0007506284962771,313.462809917355,104
"{PATE DE SOMN AFRICAN HAME 100G} => {PASTA DE TON CU LEGUME HAME 100G}",0.000100807545987627,0.147058823529412,0.000685491312715864,86.2807097361238,65
"{PATE DE SOMN AFRICAN HAME 100G} => {PATE DE SOMON HAME 100G}",0.000209369518589687,0.305429864253394,0.000685491312715864,161.029467262092,135
"{PATE DE SOMON HAME 100G} => {PATE DE SOMN AFRICAN HAME 100G}",0.000209369518589687,0.110384300899428,0.00189673274989027,161.029467262092,135
"{PATE DE SOMN AFRICAN HAME 100G} => {PASTA DE TON PICANT HAME 100G}",0.000119418169862266,0.17420814479638,0.000685491312715864,67.7492112832885,77
"{PATE DE SOMN AFRICAN HAME 100G} => {PASTA DE TON HAME 100G}",0.000147334105674224,0.214932126696833,0.000685491312715864,49.3015762252689,95
"{NAPOLITANE DIETETIC CU CREMA DE ALUNE ELA 40G} => {NAPOLITANE CU CREMA DE CACAO FARA ZAHAR U&U 65G}",0.000100807545987627,0.1183970856102,0.000851436042264727,122.538703084844,65
"{NAPOLITANE CU CREMA DE CACAO FARA ZAHAR U&U 65G} => {NAPOLITANE DIETETIC CU CREMA DE ALUNE ELA 40G}",0.000100807545987627,0.104333868378812,0.000966201556158333,122.538703084844,65
"{NAPOLITANE DIETETIC CU CREMA DE ALUNE ELA 40G} => {NAPOLITANE UMPL.CU CR.DE CACAO CU INDULCITORI DIABETTE 40G}",0.000102358431310514,0.120218579234973,0.000851436042264727,115.868607415031,66
"{NAPOLITANE DIETETIC CU CREMA DE ALUNE ELA 40G} => {NAPOLITANE CU CREMA DE CACAO DIABETTE WELLNESS 26G}",0.000110112857924946,0.129326047358834,0.000851436042264727,104.105530654987,71
"{NAPOLITANE UMPLUTE CU CREMA DE VANILIE BENEI 250G} => {NAPOLITANE UMPLUTE CU CREMA DE ALUNE BENEI 250G}",0.000136477908414018,0.165725047080979,0.000823520106452768,195.711264253637,88
"{NAPOLITANE UMPLUTE CU CREMA DE ALUNE BENEI 250G} => {NAPOLITANE UMPLUTE CU CREMA DE VANILIE BENEI 250G}",0.000136477908414018,0.161172161172161,0.000846783386296067,195.711264253637,88
"{NAPOLITANE UMPLUTE CU CREMA DE VANILIE BENEI 250G} => {NAPOLITANE UMPLUTE CU CREMA DE CACAO BENEI 250G}",0.000141130564382678,0.171374764595104,0.000823520106452768,153.048820758408,91
"{NAPOLITANE UMPLUTE CU CREMA DE CACAO BENEI 250G} => {NAPOLITANE UMPLUTE CU CREMA DE VANILIE BENEI 250G}",0.000141130564382678,0.126038781163435,0.0011197392031241,153.048820758408,91
"{NAPOLITANE UMPLUTE CU CREMA DE VANILIE BENEI 250G} => {NAPOLITANE UMPLUTE CU CREMA DE NUCI BENEI 250G}",0.000125621711153812,0.152542372881356,0.000823520106452769,134.185885726178,81
"{NAPOLITANE UMPLUTE CU CREMA DE NUCI BENEI 250G} => {NAPOLITANE UMPLUTE CU CREMA DE VANILIE BENEI 250G}",0.000125621711153812,0.110504774897681,0.00113679894167586,134.185885726178,81
"{IAURT CU FRUCTE DE PADURE KERESZTURI 200G} => {IAURT CU CAPSUNI KERESZTURI 200G}",0.000238836339724532,0.336980306345733,0.000708754592559162,470.308533916849,154
"{IAURT CU CAPSUNI KERESZTURI 200G} => {IAURT CU FRUCTE DE PADURE KERESZTURI 200G}",0.000238836339724532,0.333333333333333,0.000716509019173595,470.308533916849,154
"{DANONE ACTIVIA CLASIC CU FULGI DE CEREALE 168G} => {_BANANE}",0.000111663743247833,0.158241758241758,0.000705652821913389,5.18619386103375,72
"{DR.OETKER BUDINCA LAMAIE 40G} => {DR.OETKER BUDINCA CAPSUNI 40G}",0.000100807545987627,0.150462962962963,0.000669982459486998,222.007929697432,65
"{DR.OETKER BUDINCA CAPSUNI 40G} => {DR.OETKER BUDINCA LAMAIE 40G}",0.000100807545987627,0.148741418764302,0.000677736886101431,222.007929697432,65
"{DR.OETKER BUDINCA LAMAIE 40G} => {DR.OETKER BUDINCA FRISCA 40G}",0.000114765513893606,0.171296296296296,0.000669982459486998,148.455178464755,74
"{DR.OETKER BUDINCA LAMAIE 40G} => {DR.OETKER BUDINCA VANILIE 40G}",0.000155088532288657,0.231481481481481,0.000669982459486998,71.6895479773722,100
"{PATE DE RATA IN STIL UNGURESC SNACK 75G} => {PATE DE GASCA CU VIN ALB SNACK 75G}",0.00027140493150515,0.375536480686695,0.000722712560465142,502.371979235304,175
"{PATE DE GASCA CU VIN ALB SNACK 75G} => {PATE DE RATA IN STIL UNGURESC SNACK 75G}",0.00027140493150515,0.363070539419087,0.000747526725631327,502.371979235304,175
"{PRAF DE COPT THYMOS 12G} => {PACHET ZAHAR VANILIAT THYMOS 6*8G}",0.000240387225047418,0.37712895377129,0.00063741386770638,130.316243027359,155
"{REAL FASOLE PASTAI CONGELAT 450G} => {FASOLE BOABE CONG.AGROSPRINT 400G}",0.000119418169862266,0.1375,0.000868495780816479,27.0797304520464,77
"{LUMANARI AMFORA STICLA CU CAPAC LA 201 10CM 30G} => {LUMANARI AMFORA STICLA ROTUNDA CU CAPAC LA 2}",0.000187657124069275,0.152392947103275,0.00123140294637194,48.3810465492672,121
"{LUMANARI AMFORA STICLA CU CAPAC LA 201 10CM 30G} => {LUMANARI AMFORA STICLA ROTUNDA CU CAPAC LA 72}",0.000196962436006594,0.159949622166247,0.00123140294637194,46.9005896886952,127
"{PICK CREMWURSTI FRANKFURTER 180G} => {CREMWURSTI PICKOLINO 140G}",0.000102358431310514,0.142548596112311,0.000718059904496482,164.721033930189,66
"{CREMWURSTI PICKOLINO 140G} => {PICK CREMWURSTI FRANKFURTER 180G}",0.000102358431310514,0.118279569892473,0.000865394010170706,164.721033930189,66
"{MAGGI SECRETUL GUSTULUI GUST DE GAINA 200G -20% REDUCERE} => {PULPE PUI CU SPATE REFR.VRAC SZEKELY CSURKE}",0.000111663743247833,0.186046511627907,0.000600192619957103,8.58032246420807,72
"{MAGGI SECRETUL GUSTULUI GUST DE GAINA 200G -20% REDUCERE} => {CARNE TOCATA PORC VRAC}",0.000120969055185152,0.201550387596899,0.000600192619957103,3.66513280697635,78
"{SALAM ARDELENESC FOX} => {CARNE TOCATA PORC VRAC}",0.000136477908414018,0.136858475894246,0.000997219262616064,2.48872996918265,88
"{DR.OETKER ZAHAR VANILIAT BOURBON 8G} => {DR.OETKER PRAF DE COPT 10G}",0.000128723481799585,0.206982543640898,0.000621905014477515,64.4116289873771,83
"{DR.OETKER ZAHAR VANILIAT BOURBON 8G} => {DR.OETKER ZAHAR VANILINAT 8G}",0.000122519940508039,0.197007481296758,0.000621905014477515,43.9242893802837,79
"{CASCAVAL MOZZARELLA GABRIELLA} => {CASCAVAL DALIA GABRIELLA}",0.000100807545987627,0.138888888888889,0.000725814331110915,151.53059785674,65
"{CASCAVAL DALIA GABRIELLA} => {CASCAVAL MOZZARELLA GABRIELLA}",0.000100807545987627,0.109983079526227,0.000916573225825963,151.53059785674,65
"{GOBE BAUTURA SPIRTOASA 30% KOMENYES 500ML} => {GOBE BAUTURA SPIRTOASA 30% CSIKI AFONYA 500ML}",0.000130274367122472,0.141891891891892,0.000918124111148849,81.7613035287298,84
"{OUA PREPELITA 24BUC} => {GOBE 10 OUA PROASPETE L}",0.000102358431310514,0.111111111111111,0.000921225881794622,4.06350556784452,66
"{INDULCITOR TABLETE GINA 1200BUC 72G} => {CARNE TOCATA PORC VRAC}",0.000138028793736905,0.133034379671151,0.00103754228101112,2.41918993658132,89
"{ALKA BREAKERS TOORTITZI SNACKS CU MIX SUSAN 180G} => {ALKA BREAKERS TOORTITZI SNACKS CU SEMINTE 180G}",0.000159741188257317,0.234624145785877,0.000680838656747204,205.548922328414,103
"{ALKA BREAKERS TOORTITZI SNACKS CU SEMINTE 180G} => {ALKA BREAKERS TOORTITZI SNACKS CU MIX SUSAN 180G}",0.000159741188257317,0.139945652173913,0.00114145159764452,205.548922328414,103
"{PATE DE MACROU HAME 100G} => {PASTA DE TON CU LEGUME HAME 100G}",0.000105460201956287,0.140495867768595,0.0007506284962771,82.4301656652554,68
"{PATE DE MACROU HAME 100G} => {PATE DE SOMON HAME 100G}",0.000203165977298141,0.270661157024793,0.0007506284962771,142.698625855673,131
"{PATE DE SOMON HAME 100G} => {PATE DE MACROU HAME 100G}",0.000203165977298141,0.107113654946852,0.00189673274989027,142.698625855673,131
"{PATE DE MACROU HAME 100G} => {PASTA DE TON PICANT HAME 100G}",0.000138028793736905,0.183884297520661,0.0007506284962771,71.5122484024365,89
"{PATE DE MACROU HAME 100G} => {PASTA DE TON HAME 100G}",0.000172148270840409,0.229338842975207,0.0007506284962771,52.6062186334089,111
"{CERBONA TERCI DE OVAZ CIOCOLATA,CAPSUNI FARA GLUTEN 50G} => {CERBONA TERCI DE OVAZ VISINE,VANILIE FARA GLUTEN 50G}",0.000442002317022672,0.564356435643564,0.000783197088057718,655.663205780037,285
"{CERBONA TERCI DE OVAZ VISINE,VANILIE FARA GLUTEN 50G} => {CERBONA TERCI DE OVAZ CIOCOLATA,CAPSUNI FARA GLUTEN 50G}",0.000442002317022672,0.513513513513513,0.000860741354202046,655.663205780037,285
"{CHIPS DIN CARTOFI CU GUST DE PIPER SI SARE CSIKI CSIPSZ 70G} => {CHIPS PREMIUM DIN CARTOFI TILTOTT CSIKI SOR CSIPSZ 70G}",0.0001039093166334,0.121818181818182,0.000852986927587613,90.7015137518371,67
"{CHIPS DIN CARTOFI CU GUST DE PIPER SI SARE CSIKI CSIPSZ 70G} => {CHIPS DIN CARTOFI CU GUST DE ARDEI IUTE CSIKI CSIPSZ 70G}",0.000193860665360821,0.227272727272727,0.000852986927587613,108.310320499899,125
"{CHIPS DIN CARTOFI CU GUST DE PIPER SI SARE CSIKI CSIPSZ 70G} => {CHIPS PREMIUM DIN CARTOFI CU AROMA DE CANNABIS TILTOTT CSIKI CSIPSZ 70G}",0.000131825252445358,0.154545454545455,0.000852986927587613,66.12463654461,85
"{CHIPS DIN CARTOFI CU GUST DE PIPER SI SARE CSIKI CSIPSZ 70G} => {CHIPS PREMIUM DIN CARTOFI GUST DE TRUFE TILTOTT CSIKI SOR CSIPSZ 70G}",0.00011321462857072,0.132727272727273,0.000852986927587613,37.0162700534759,73
"{_FASOLE ALB MARE KG} => {_MORCOVI}",0.00011321462857072,0.113354037267081,0.000998770147938951,3.95294157661183,73
"{KNORR SUPA CREMA DE CIUPERCI IL 45G} => {KNORR SUPA CREMA DE CIUPERCI DE PADURE 60G}",0.000176800926809069,0.287153652392947,0.000615701473185968,251.911108826402,114
"{KNORR SUPA CREMA DE CIUPERCI DE PADURE 60G} => {KNORR SUPA CREMA DE CIUPERCI IL 45G}",0.000176800926809069,0.155102040816327,0.00113990071232163,251.911108826402,114
"{ELAN BOABE DE MUSTAR 100G} => {ELAN FOI DE DAFIN 15G}",0.000151986761642884,0.164983164983165,0.000921225881794622,72.0731638882045,98
"{ELAN BOABE DE MUSTAR 100G} => {CONSERVANT ACID SALICILIC HA 15G}",0.000141130564382678,0.153198653198653,0.000921225881794622,43.477737320387,91
"{STAFIDE ECOM 100G} => {CARNE TOCATA PORC VRAC}",0.00010856197260206,0.116472545757072,0.000932082079054829,2.11801799865586,70
"{LAPTE BATUT 2% LACTIS 1L} => {GOBE LAPTE 1.5% 1L}",0.000124070825830926,0.119047619047619,0.00104219493697977,11.3083487667312,80
"{LAPTE BATUT 2% LACTIS 1L} => {CARNE TOCATA PORC VRAC}",0.000122519940508039,0.117559523809524,0.00104219493697977,2.1377843656076,79
"{GOBE TURTA DULCE DIN REMETEA 38G} => {GOBE BATON CU NUCA&CACAO 50G}",0.000138028793736905,0.143780290791599,0.000959998014866787,29.0076736672052,89
"{GOBE TURTA DULCE DIN REMETEA 38G} => {GOBE SALAM DE BISCUITI CU STAFIDE DIN REMETEA 65G}",0.000223327486495666,0.232633279483037,0.000959998014866787,34.1686355757872,144
"{GOBE TURTA DULCE DIN REMETEA 38G} => {GOBE BATON LAPTE 100G}",0.000117867284539379,0.122778675282714,0.000959998014866787,8.92020623904981,76
"{HRANA COMPLETA PENTRU PISICI ADULTE CU VITA PREVITAL 100G} => {HRANA COMPLETA PENTRU PISICI ADULTE STERILIZATE PREVITAL 100G}",0.000238836339724532,0.306772908366534,0.000778544432089058,335.831959090632,154
"{HRANA COMPLETA PENTRU PISICI ADULTE STERILIZATE PREVITAL 100G} => {HRANA COMPLETA PENTRU PISICI ADULTE CU VITA PREVITAL 100G}",0.000238836339724532,0.261460101867572,0.000913471455180189,335.831959090632,154
"{HRANA COMPLETA PENTRU PISICI ADULTE CU VITA PREVITAL 100G} => {HRANA COMPLETA PENTRU PISICI ADULTE CU VITA SI PUI RENO 100G}",0.000100807545987627,0.129482071713147,0.000778544432089058,134.659892687315,65
"{HRANA COMPLETA PENTRU PISICI ADULTE CU VITA SI PUI RENO 100G} => {HRANA COMPLETA PENTRU PISICI ADULTE CU VITA PREVITAL 100G}",0.000100807545987627,0.104838709677419,0.000961548900189673,134.659892687315,65
"{HRANA COMPLETA PENTRU PISICI ADULTE CU VITA PREVITAL 100G} => {HRANA COMPLETA PENTRU PISICI ADULTE CU PUI PREVITAL 100G}",0.00036600893620123,0.470119521912351,0.000778544432089058,498.568711994129,236
"{HRANA COMPLETA PENTRU PISICI ADULTE CU PUI PREVITAL 100G} => {HRANA COMPLETA PENTRU PISICI ADULTE CU VITA PREVITAL 100G}",0.00036600893620123,0.388157894736842,0.000942938276315034,498.568711994129,236
"{SUC DE MERE&PEPENE 20% STICLA TOPJOY 250ML} => {SUC DE MERE&LIME CACTUS STICLA TOPJOY 250ML}",0.000179902697454842,0.17737003058104,0.00101427900116782,120.007297091753,116
"{SUC DE MERE&LIME CACTUS STICLA TOPJOY 250ML} => {SUC DE MERE&PEPENE 20% STICLA TOPJOY 250ML}",0.000179902697454842,0.121720881427072,0.0014779937127109,120.007297091753,116
"{DESERT LIEGEOIS VANILIE 175G} => {DESERT LIEGEOIS CIOCOLATA 175G}",0.00026675227553649,0.3359375,0.000794053285317924,327.205662292296,172
"{DESERT LIEGEOIS CIOCOLATA 175G} => {DESERT LIEGEOIS VANILIE 175G}",0.00026675227553649,0.259818731117825,0.00102668608375091,327.205662292296,172
"{ELAN CUB CU GUST LEGUME 60G} => {ELAN CUB CU GUST GAINA 60G}",0.000240387225047418,0.299806576402321,0.000801807711932357,310.294031810886,155
"{ELAN CUB CU GUST GAINA 60G} => {ELAN CUB CU GUST LEGUME 60G}",0.000240387225047418,0.248796147672552,0.000966201556158333,310.294031810886,155
"{ELAN CUB CU GUST LEGUME 60G} => {CARNE TOCATA PORC VRAC}",0.00011321462857072,0.141199226305609,0.000801807711932357,2.56766520185213,73
"{SPRITE 2.5L PET} => {COCA COLA 2.5L PET}",0.000114765513893606,0.145669291338583,0.000787849744026377,27.3599007777683,74
"{NAPOLITANE UMPLUTE CU CREMA DE ALUNE BENEI 250G} => {NAPOLITANE UMPLUTE CU CREMA DE CACAO BENEI 250G}",0.000145783220351338,0.172161172161172,0.000846783386296067,153.751133907644,94
"{NAPOLITANE UMPLUTE CU CREMA DE CACAO BENEI 250G} => {NAPOLITANE UMPLUTE CU CREMA DE ALUNE BENEI 250G}",0.000145783220351338,0.130193905817175,0.0011197392031241,153.751133907644,94
"{NAPOLITANE UMPLUTE CU CREMA DE ALUNE BENEI 250G} => {NAPOLITANE UMPLUTE CU CREMA DE NUCI BENEI 250G}",0.000147334105674224,0.173992673992674,0.000846783386296067,153.054922567201,95
"{NAPOLITANE UMPLUTE CU CREMA DE NUCI BENEI 250G} => {NAPOLITANE UMPLUTE CU CREMA DE ALUNE BENEI 250G}",0.000147334105674224,0.129604365620737,0.00113679894167586,153.054922567201,95
"{DR.OETKER BUDINCA CAPSUNI 40G} => {DR.OETKER BUDINCA FRISCA 40G}",0.000122519940508039,0.180778032036613,0.000677736886101431,156.672593563151,79
"{DR.OETKER BUDINCA FRISCA 40G} => {DR.OETKER BUDINCA CAPSUNI 40G}",0.000122519940508039,0.106182795698925,0.00115385868022761,156.672593563151,79
"{DR.OETKER BUDINCA CAPSUNI 40G} => {DR.OETKER BUDINCA VANILIE 40G}",0.000257446963599171,0.379862700228833,0.000677736886101431,117.643040378794,166
"{CURMALE KALIFA 200G} => {_BANANE}",0.000142681449705564,0.160839160839161,0.000887106404691118,5.27132078046991,92
"{PASTE MELCISORI CU 8 OUA GYERMELYI 250G} => {PASTE FUNDITE CU 8 OUA GYERMELYI 250G}",0.000117867284539379,0.164859002169197,0.000714958133850709,117.588418789473,76
"{PASTE MELCISORI CU 8 OUA GYERMELYI 250G} => {PASTE ATA PAIANJENULUI CU 8 OUA GYERMELYI 250G}",0.000114765513893606,0.160520607375271,0.000714958133850709,7.271502317783,74
"{FANTA STRUGURI 2L} => {COCA COLA 2L PET}",0.000114765513893606,0.140952380952381,0.000814214794515449,15.4435188736497,74
"{CURCUMA MACINATA THYMOS 20G} => {GHIMBIR MACINAT THYMOS 20G}",0.000120969055185152,0.165605095541401,0.000730466987079574,210.613424791769,78
"{GHIMBIR MACINAT THYMOS 20G} => {CURCUMA MACINATA THYMOS 20G}",0.000120969055185152,0.153846153846154,0.000786298858703491,210.613424791769,78
"{ELAN PARIZER DE PASARE 1000G} => {ELAN PARIZER DE PORC 1000G}",0.000156639417611544,0.176265270506108,0.000888657290014004,191.660392184562,101
"{ELAN PARIZER DE PORC 1000G} => {ELAN PARIZER DE PASARE 1000G}",0.000156639417611544,0.170320404721754,0.000919674996471736,191.660392184562,101
"{ELAN PARIZER DE PASARE 1000G} => {PULPE PUI CU SPATE REFR.VRAC SZEKELY CSURKE}",0.000127172596476699,0.143106457242583,0.000888657290014005,6.59996008045324,82
"{ELAN PARIZER DE PASARE 1000G} => {CARNE TOCATA PORC VRAC}",0.000125621711153812,0.141361256544503,0.000888657290014005,2.57061167271418,81
"{BRANZA TOPITA CU SUNCA HOCHLAND 140G} => {BRANZA TOPITA CU SMANTANA HOCHLAND 140G}",0.000107011087279173,0.139393939393939,0.000767688234828852,61.9436501472339,69
"{CONSERVA HRANA COMPLETA PT.PISICI ADULTE CU PASARE RENO 415G} => {CONSERVA HRANA COMPLETA PT.PISICI ADULTE CU VITA RENO 415G}",0.000435798775731126,0.470686767169179,0.000925878537763282,422.107834024084,281
"{CONSERVA HRANA COMPLETA PT.PISICI ADULTE CU VITA RENO 415G} => {CONSERVA HRANA COMPLETA PT.PISICI ADULTE CU PASARE RENO 415G}",0.000435798775731126,0.390820584144645,0.00111508654715544,422.107834024084,281
"{PIPER MACINAT ECOM 100G} => {CARNE TOCATA PORC VRAC}",0.000125621711153812,0.149446494464945,0.000840579845004521,2.71763927761112,81
"{RAHAT SIMPLU 400G} => {GRASIME VEGETALA TARTINABILA CU 70% GRASIME RAMA 250G}",0.000117867284539379,0.128161888701518,0.000919674996471736,11.4156497722776,76
"{RAHAT SIMPLU 400G} => {PASTE ATA PAIANJENULUI CU 8 OUA GYERMELYI 250G}",0.000102358431310514,0.111298482293423,0.000919674996471736,5.04176494965739,66
"{JOGO-BELLA IAURT CU DIF.AROME SUPERFOOD 150G} => {JOGO-BELLA IAURT EDITIE SPECIALA CU DIF.AROME 150G}",0.000100807545987627,0.143171806167401,0.000704101936590503,180.305035965033,65
"{JOGO-BELLA IAURT EDITIE SPECIALA CU DIF.AROME 150G} => {JOGO-BELLA IAURT CU DIF.AROME SUPERFOOD 150G}",0.000100807545987627,0.126953125,0.000794053285317924,180.305035965033,65
"{JOGO-BELLA IAURT CU DIF.AROME SUPERFOOD 150G} => {JOGO-BELLA IAURT SPECIAL 150G}",0.000138028793736905,0.196035242290749,0.000704101936590503,166.977743701954,89
"{JOGO-BELLA IAURT SPECIAL 150G} => {JOGO-BELLA IAURT CU DIF.AROME SUPERFOOD 150G}",0.000138028793736905,0.117569352708058,0.00117402018942513,166.977743701954,89
"{JOGO-BELLA IAURT CU DIF.AROME SUPERFOOD 150G} => {JOGO-BELLA IAURT STANDARD 150G}",0.000117867284539379,0.167400881057269,0.000704101936590503,145.079188574677,76
"{JOGO-BELLA IAURT STANDARD 150G} => {JOGO-BELLA IAURT CU DIF.AROME SUPERFOOD 150G}",0.000117867284539379,0.102150537634409,0.00115385868022761,145.079188574677,76
"{KNORR BAZA PT.SPAGHETTI BOLOGNESE RAFINERIA 89G} => {CARNE TOCATA PORC VRAC}",0.000161292073580203,0.227571115973742,0.000708754592559162,4.13831187833654,104
"{ELAN PASTE SPIRALE FARA OUA 400G} => {ELAN PASTE PATRATE INCRETITE FARA OUA 400G}",0.000274506702150923,0.255043227665706,0.00107631441408328,96.8492861579821,177
"{ELAN PASTE PATRATE INCRETITE FARA OUA 400G} => {ELAN PASTE SPIRALE FARA OUA 400G}",0.000274506702150923,0.104240282685512,0.0026334032782614,96.8492861579821,177
"{ELAN PASTE SPIRALE FARA OUA 400G} => {CARNE TOCATA PORC VRAC}",0.00015353764696577,0.142651296829971,0.00107631441408328,2.59407066492435,99
"{PAINE EXTRUDATA CU LEGUME FARA GLUTEN ABONETT 100G} => {PAINE EXTRUDATA CU QUIONA FARA GLUTEN ABONETT 100G}",0.000170597385517523,0.184563758389262,0.000924327652440396,183.650338677604,110
"{PAINE EXTRUDATA CU QUIONA FARA GLUTEN ABONETT 100G} => {PAINE EXTRUDATA CU LEGUME FARA GLUTEN ABONETT 100G}",0.000170597385517523,0.169753086419753,0.0010049736892305,183.650338677604,110
"{PAINE EXTRUDATA CU LEGUME FARA GLUTEN ABONETT 100G} => {PAINE EXTRUDATA ECO CU HRISCA FARA GLUTEN ABONETT 100G}",0.0001039093166334,0.11241610738255,0.000924327652440396,120.407174630427,67
"{PAINE EXTRUDATA ECO CU HRISCA FARA GLUTEN ABONETT 100G} => {PAINE EXTRUDATA CU LEGUME FARA GLUTEN ABONETT 100G}",0.0001039093166334,0.111295681063123,0.000933632964377715,120.407174630427,67
"{PAINE EXTRUDATA CU LEGUME FARA GLUTEN ABONETT 100G} => {PAINE EXTRUDATA CU SEMINTE DE IN FARA GLUTEN ABONETT 100G}",0.000165944729548863,0.179530201342282,0.000924327652440396,177.002778461917,107
"{PAINE EXTRUDATA CU SEMINTE DE IN FARA GLUTEN ABONETT 100G} => {PAINE EXTRUDATA CU LEGUME FARA GLUTEN ABONETT 100G}",0.000165944729548863,0.163608562691131,0.00101427900116782,177.002778461917,107
"{PAINE EXTRUDATA CU LEGUME FARA GLUTEN ABONETT 100G} => {PAINE EXTRUDATA CU MEI FARA GLUTEN ABONETT 100G}",0.000198513321329481,0.214765100671141,0.000924327652440396,175.068310438745,128
"{PAINE EXTRUDATA CU MEI FARA GLUTEN ABONETT 100G} => {PAINE EXTRUDATA CU LEGUME FARA GLUTEN ABONETT 100G}",0.000198513321329481,0.161820480404551,0.00122675029040328,175.068310438745,128
"{CASCAVAL DALIA CALUP GORDON} => {CARNE TOCATA PORC VRAC}",0.000130274367122472,0.119148936170213,0.00109337415263503,2.16668734841221,84
"{GOBE FAINA ALBA DE GRAU 650 1KG} => {GOBE FAINA NEAGRA DE GRAU 1100 1KG}",0.000150435876319997,0.158756137479542,0.000947590932283694,144.992699934626,97
"{GOBE FAINA NEAGRA DE GRAU 1100 1KG} => {GOBE FAINA ALBA DE GRAU 650 1KG}",0.000150435876319997,0.137393767705382,0.00109492503795792,144.992699934626,97
"{GOBE FAINA ALBA DE GRAU 650 1KG} => {GOBE FAINA DE SECARA 1KG}",0.000139579679059791,0.147299509001637,0.000947590932283694,91.6773091773092,90
"{PIPER ALB MACINAT MARCO POLO 20G} => {CARNE TOCATA PORC VRAC}",0.000139579679059791,0.1875,0.000744424954985553,3.40963076033617,90
"{BRANZA TOPITA CU SUNCA  FALUSI 140G} => {BRANZA TOPITA NATUR FALUSI 140G}",0.000195411550683708,0.216494845360825,0.000902615257919984,78.5120139621722,126
"{BRANZA TOPITA CU SUNCA  FALUSI 140G} => {CARNE TOCATA PORC VRAC}",0.000111663743247833,0.123711340206186,0.000902615257919984,2.24965328517026,72
"{ELAN CARNACIOR CU FASOLE BOABE 300G} => {ELAN COSTITA CU FASOLE BOABE 300G}",0.000175250041486182,0.22244094488189,0.000787849744026377,222.369556857718,113
"{ELAN COSTITA CU FASOLE BOABE 300G} => {ELAN CARNACIOR CU FASOLE BOABE 300G}",0.000175250041486182,0.175193798449612,0.00100032103326184,222.369556857718,113
"{SZOBI BAUTURA CU GUST DE MERE 12% 1L} => {SZOBI BAUTURA CU GUST DE STRUGURI NEGRI 12% 1L}",0.000172148270840409,0.15546218487395,0.00110733212054101,166.790230568101,111
"{SZOBI BAUTURA CU GUST DE STRUGURI NEGRI 12% 1L} => {SZOBI BAUTURA CU GUST DE MERE 12% 1L}",0.000172148270840409,0.184692179700499,0.000932082079054828,166.790230568101,111
"{SZOBI BAUTURA CU GUST DE MERE 12% 1L} => {SZOBI BAUTURA CU GUST DE STRUGURI ALB 12% 1L}",0.000204716862621027,0.184873949579832,0.00110733212054101,181.993020719738,132
"{SZOBI BAUTURA CU GUST DE STRUGURI ALB 12% 1L} => {SZOBI BAUTURA CU GUST DE MERE 12% 1L}",0.000204716862621027,0.201526717557252,0.0010158298864907,181.993020719738,132
"{SZOBI BAUTURA CU GUST DE MERE 12% 1L} => {SZOBI BAUTURA CU GUST DE PIERSICI 12% 1L}",0.000210920403912573,0.19047619047619,0.00110733212054101,162.028646814926,136
"{SZOBI BAUTURA CU GUST DE PIERSICI 12% 1L} => {SZOBI BAUTURA CU GUST DE MERE 12% 1L}",0.000210920403912573,0.179419525065963,0.00117557107474802,162.028646814927,136
"{REVISTA KRONIKA} => {SZEKELYHON}",0.000569174913499371,0.41609977324263,0.00136788085478595,307.329004683202,367
"{SZEKELYHON} => {REVISTA KRONIKA}",0.000569174913499371,0.420389461626575,0.00135392288687998,307.329004683202,367
"{REVISTA KRONIKA} => {NOK LAPJA}",0.00015353764696577,0.112244897959184,0.00136788085478595,19.9324495978507,99
"{OREZ PENTRU PILAF SCOTTI 1KG} => {PASTE ATA PAIANJENULUI CU 8 OUA GYERMELYI 250G}",0.000100807545987627,0.155502392344498,0.000648270064966586,7.04417971525823,65
"{MARGARINA MATINAL 500G} => {ELAN ULEI RAFINAT DE FLOAREA SOARELUI 1L}",0.000100807545987627,0.101404056162246,0.000994117491970291,7.49050585233399,65
"{MARGARINA MATINAL 500G} => {PULPE PUI CU SPATE REFR.VRAC SZEKELY CSURKE}",0.000156639417611544,0.157566302652106,0.000994117491970291,7.2668370635834,101
"{MARGARINA MATINAL 500G} => {CARNE TOCATA PORC VRAC}",0.00015353764696577,0.154446177847114,0.000994117491970291,2.80855700695398,99
"{DR.OETKER GELATINA FIN MARUNTITA ALBA 10G} => {DR.OETKER ZAHAR VANILINAT 8G}",0.000102358431310514,0.114583333333333,0.000893309945982664,25.5472099757953,66
"{MACAROANE CU 4 OUA GYERMELYI 500G} => {PASTE ATA PAIANJENULUI CU 8 OUA GYERMELYI 250G}",0.0001039093166334,0.159144893111639,0.000652922720935246,7.20918315751953,67
"{HRANA COMPLETA PENTRU PISICI ADULTE STERILIZATE PREVITAL 100G} => {HRANA COMPLETA PENTRU PISICI ADULTE CU VITA SI PUI RENO 100G}",0.00011321462857072,0.123938879456706,0.00091347145518019,128.895035325045,73
"{HRANA COMPLETA PENTRU PISICI ADULTE CU VITA SI PUI RENO 100G} => {HRANA COMPLETA PENTRU PISICI ADULTE STERILIZATE PREVITAL 100G}",0.00011321462857072,0.117741935483871,0.000961548900189673,128.895035325045,73
"{HRANA COMPLETA PENTRU PISICI ADULTE STERILIZATE PREVITAL 100G} => {HRANA COMPLETA PENTRU PISICI ADULTE CU PUI PREVITAL 100G}",0.000251243422307624,0.275042444821732,0.00091347145518019,291.686584085426,162
"{HRANA COMPLETA PENTRU PISICI ADULTE CU PUI PREVITAL 100G} => {HRANA COMPLETA PENTRU PISICI ADULTE STERILIZATE PREVITAL 100G}",0.000251243422307624,0.266447368421053,0.000942938276315034,291.686584085426,162
"{GAT CURCAN REFR.VRAC} => {_MORCOVI}",0.000142681449705564,0.123324396782842,0.00115696045087338,4.30063319495938,92
"{GAT CURCAN REFR.VRAC} => {CARNE TOCATA PORC VRAC}",0.000193860665360821,0.167560321715818,0.00115696045087338,3.04703374471508,125
"{CERBONA TERCI DE OVAZ CU CIOCOLATA 55G} => {CERBONA TERCI DE OVAZ CU CAISE 50G}",0.00026209961956783,0.336653386454183,0.000778544432089058,411.900848220023,169
"{CERBONA TERCI DE OVAZ CU CAISE 50G} => {CERBONA TERCI DE OVAZ CU CIOCOLATA 55G}",0.00026209961956783,0.320683111954459,0.000817316565161222,411.900848220023,169
"{CERBONA TERCI DE OVAZ CU CIOCOLATA 55G} => {CERBONA TERCI DE OVAZ CU FRUCTE DE PADURE 55G}",0.000432697005085353,0.555776892430279,0.000778544432089058,496.344944322433,279
"{CERBONA TERCI DE OVAZ CU FRUCTE DE PADURE 55G} => {CERBONA TERCI DE OVAZ CU CIOCOLATA 55G}",0.000432697005085353,0.386426592797784,0.0011197392031241,496.344944322433,279
"{AMESTEC DE CONDIMENTE PENTRU FRIPTURA DE PORC MARCO POLO 30G} => {AMESTEC DE CONDIMENTE CU USTUROI PENTRU GRATAR MARCO POLO 30G}",0.000148884990997111,0.216704288939052,0.00068704219803875,269.228147548898,96
"{AMESTEC DE CONDIMENTE CU USTUROI PENTRU GRATAR MARCO POLO 30G} => {AMESTEC DE CONDIMENTE PENTRU FRIPTURA DE PORC MARCO POLO 30G}",0.000148884990997111,0.184971098265896,0.00080490948257813,269.228147548898,96
"{AMESTEC DE CONDIMENTE PENTRU FRIPTURA DE PORC MARCO POLO 30G} => {AMESTEC DE CONDIMENTE PENTRU FRIPTURA DE PUI MARCO POLO 30G}",0.000195411550683708,0.284424379232506,0.00068704219803875,265.789635881833,126
"{AMESTEC DE CONDIMENTE PENTRU FRIPTURA DE PUI MARCO POLO 30G} => {AMESTEC DE CONDIMENTE PENTRU FRIPTURA DE PORC MARCO POLO 30G}",0.000195411550683708,0.182608695652174,0.00107011087279173,265.789635881833,126
"{AMESTEC DE CONDIMENTE PENTRU FRIPTURA DE PORC MARCO POLO 30G} => {CARNE TOCATA PORC VRAC}",0.000111663743247833,0.162528216704289,0.00068704219803875,2.95552643785348,72
"{PRODUS INDULCIT PE BAZA DE GRASIMI VEGETALE UHT SPRAY HULALA 250G} => {PIURE DE CASTANE BOVITA 200G}",0.00011321462857072,0.12695652173913,0.000891759060659778,29.9636444076644,73
"{SARE IODATA GEAMA MARUNTA CUTIE RENAISSANCE 1KG} => {CARNE TOCATA PORC VRAC}",0.000124070825830926,0.144927536231884,0.000856088698233387,2.63546338963182,80
"{CONDIMENT CARTOFI GUST SMANTANA LUCULLUS 25G} => {CONDIMENT CARTOFI GUST DE ARDEI LUCULLUS 25G}",0.000110112857924946,0.145491803278689,0.000756832037568646,180.061605204367,71
"{CONDIMENT CARTOFI GUST DE ARDEI LUCULLUS 25G} => {CONDIMENT CARTOFI GUST SMANTANA LUCULLUS 25G}",0.000110112857924946,0.136276391554703,0.000808011253223903,180.061605204367,71
"{CONDIMENT CARTOFI GUST SMANTANA LUCULLUS 25G} => {CONDIMENT PT.CARTOFI PRAJIT LUCULLUS 30G}",0.000117867284539379,0.155737704918033,0.000756832037568646,162.752969152695,76
"{CONDIMENT PT.CARTOFI PRAJIT LUCULLUS 30G} => {CONDIMENT CARTOFI GUST SMANTANA LUCULLUS 25G}",0.000117867284539379,0.123176661264182,0.000956896244221014,162.752969152695,76
"{CIOCOLATA MILKA BUBBLY WHITE 95G} => {CIOCOLATA MILKA LAPTE BUBBLY 90G}",0.0001039093166334,0.111111111111111,0.000935183849700602,111.420943494038,67
"{CIOCOLATA MILKA LAPTE BUBBLY 90G} => {CIOCOLATA MILKA BUBBLY WHITE 95G}",0.0001039093166334,0.104199066874028,0.000997219262616064,111.420943494038,67
"{BERE FARA ALCOOL CU GUST DE LAMAIE DREHER 500ML} => {BERE FARA ALCOOL CU GUST DE POMELO&GRAPEFRUIT DREHER 500ML}",0.000175250041486182,0.194158075601375,0.000902615257919984,180.391596601206,113
"{BERE FARA ALCOOL CU GUST DE POMELO&GRAPEFRUIT DREHER 500ML} => {BERE FARA ALCOOL CU GUST DE LAMAIE DREHER 500ML}",0.000175250041486182,0.162824207492795,0.00107631441408328,180.391596601206,113
"{BERE FARA ALCOOL CU GUST DE LAMAIE DREHER 500ML} => {BERE FARA ALCOOL CU GUST DE VISINE&MURE DREHER 500ML}",0.000178351812131956,0.197594501718213,0.000902615257919984,149.18917042903,115
"{BERE FARA ALCOOL CU GUST DE VISINE&MURE DREHER 500ML} => {BERE FARA ALCOOL CU GUST DE LAMAIE DREHER 500ML}",0.000178351812131956,0.134660421545667,0.00132445606574513,149.18917042903,115
"{BERE FARA ALCOOL CU GUST DE LAMAIE DREHER 500ML} => {BERE FARA ALCOOL CU GUST DE RODII DREHER 500ML}",0.000176800926809069,0.195876288659794,0.000902615257919984,130.205834838984,114
"{BERE FARA ALCOOL CU GUST DE RODII DREHER 500ML} => {BERE FARA ALCOOL CU GUST DE LAMAIE DREHER 500ML}",0.000176800926809069,0.117525773195876,0.00150435876319997,130.205834838984,114
"{PAINE EXTRUDATA CU QUIONA FARA GLUTEN ABONETT 100G} => {PAINE EXTRUDATA ECO CU HRISCA FARA GLUTEN ABONETT 100G}",0.000110112857924946,0.109567901234568,0.0010049736892305,117.356504552725,71
"{PAINE EXTRUDATA ECO CU HRISCA FARA GLUTEN ABONETT 100G} => {PAINE EXTRUDATA CU QUIONA FARA GLUTEN ABONETT 100G}",0.000110112857924946,0.117940199335548,0.000933632964377715,117.356504552725,71
"{PAINE EXTRUDATA CU QUIONA FARA GLUTEN ABONETT 100G} => {PAINE EXTRUDATA CU SEMINTE DE IN FARA GLUTEN ABONETT 100G}",0.000206267747943914,0.205246913580247,0.0010049736892305,202.357451296863,133
"{PAINE EXTRUDATA CU SEMINTE DE IN FARA GLUTEN ABONETT 100G} => {PAINE EXTRUDATA CU QUIONA FARA GLUTEN ABONETT 100G}",0.000206267747943914,0.203363914373089,0.00101427900116782,202.357451296863,133
"{PAINE EXTRUDATA CU QUIONA FARA GLUTEN ABONETT 100G} => {PAINE EXTRUDATA CU MEI FARA GLUTEN ABONETT 100G}",0.00021247128923546,0.21141975308642,0.0010049736892305,172.341310811444,137
"{PAINE EXTRUDATA CU MEI FARA GLUTEN ABONETT 100G} => {PAINE EXTRUDATA CU QUIONA FARA GLUTEN ABONETT 100G}",0.00021247128923546,0.173198482932996,0.00122675029040328,172.341310811444,137
"{GOBE NAPOLITANE CU CREMA DE CACAO 120G} => {GOBE NAPOLITANE CU CREMA MIXTA 120G}",0.000110112857924946,0.105654761904762,0.00104219493697977,100.480016066161,71
"{GOBE NAPOLITANE CU CREMA MIXTA 120G} => {GOBE NAPOLITANE CU CREMA DE CACAO 120G}",0.000110112857924946,0.104719764011799,0.00105150024891709,100.480016066161,71
"{GOBE NAPOLITANE CU CREMA DE CACAO 120G} => {GOBE NAPOLITANE CU CREMA DE LAMAIE 120G}",0.00015819030293443,0.151785714285714,0.00104219493697977,101.630702047174,102
"{GOBE NAPOLITANE CU CREMA DE LAMAIE 120G} => {GOBE NAPOLITANE CU CREMA DE CACAO 120G}",0.00015819030293443,0.105919003115265,0.00149350256593977,101.630702047174,102
"{ELAN PARIZER DE PORC 1000G} => {PULPE PUI CU SPATE REFR.VRAC SZEKELY CSURKE}",0.000130274367122472,0.141652613827993,0.000919674996471736,6.5329099369139,84
"{ELAN PARIZER DE PORC 1000G} => {CARNE TOCATA PORC VRAC}",0.000138028793736905,0.15008431703204,0.000919674996471736,2.72923788798129,89
"{ELAN HARTIE IGIENICA 8 ROLE 2STR 20M} => {ELAN ULEI RAFINAT DE FLOAREA SOARELUI 1L}",0.000107011087279173,0.139112903225806,0.000769239120151739,10.2759796322233,69
"{_DOVLECEI KG} => {_MORCOVI}",0.000117867284539379,0.15866388308977,0.000742874069662667,5.53301033905367,76
"{_DOVLECEI KG} => {_BANANE}",0.00010856197260206,0.146137787056367,0.000742874069662667,4.78949995575055,70
"{NAPOLITANE CU CREMA DE LAPTE ROSHEN 72G} => {NAPOLITANE CU CREMA DE CIOCOLATA ROSHEN 72G}",0.000245039881016078,0.243827160493827,0.0010049736892305,176.05604288499,158
"{NAPOLITANE CU CREMA DE CIOCOLATA ROSHEN 72G} => {NAPOLITANE CU CREMA DE LAPTE ROSHEN 72G}",0.000245039881016078,0.176931690929451,0.00138494059333771,176.05604288499,158
"{WINCHESTER SOFT} => {BERE BUCEGI DOZA 500ML}",0.000387721330721642,0.205930807248764,0.0018827747819843,62.0190298918041,250
"{BERE BUCEGI DOZA 500ML} => {WINCHESTER SOFT}",0.000387721330721642,0.116767865483419,0.00332044547630015,62.0190298918041,250
"{IAURT IN STIL GRECESC 10% MULLER 140G} => {_BANANE}",0.000100807545987627,0.115658362989324,0.000871597551462252,3.79057145709948,65
"{SUNCULITA EXTRA CAROLI} => {CARNE TOCATA PORC VRAC}",0.000120969055185152,0.11353711790393,0.00106545821682307,2.06463813144083,78
"{CAFEA EDUSCHO DUPLA 250G} => {CARNE TOCATA PORC VRAC}",0.000192309780037935,0.171034482758621,0.00112439185909276,3.11021031195723,124
"{GOBE NAPOLITANE CU CREMA MIXTA 120G} => {GOBE NAPOLITANE CU CREMA DE LAMAIE 120G}",0.000175250041486182,0.166666666666667,0.00105150024891709,111.594496365524,113
"{GOBE NAPOLITANE CU CREMA DE LAMAIE 120G} => {GOBE NAPOLITANE CU CREMA MIXTA 120G}",0.000175250041486182,0.117341640706127,0.00149350256593977,111.594496365524,113
"{KNORR DELIKAT LEGUME GUSTUL DE ACASA 75G} => {CARNE TOCATA PORC VRAC}",0.000172148270840409,0.174803149606299,0.000984812180032972,3.17874237814018,111
"{BAZA PT.MANCARE FARA GLUTAMAT DE SODIU THYMOS 200G+100G 300G} => {CARNE TOCATA PORC VRAC}",0.000119418169862266,0.148936170212766,0.000801807711932357,2.70835918551526,77
"{SALAM RUSTIC GASTRO CRIS-TIM} => {CARNE TOCATA PORC VRAC}",0.000124070825830926,0.115273775216138,0.00107631441408328,2.09621871913079,80
"{MASLINE NEGRE GIANTS 141/160 ELITA} => {SUNCA PRAGA CAROLI}",0.000107011087279173,0.105182926829268,0.00101738077181359,9.1477225437044,69
"{MASLINE NEGRE GIANTS 141/160 ELITA} => {CARNE TOCATA PORC VRAC}",0.000178351812131956,0.17530487804878,0.00101738077181359,3.18786615803788,115
"{SALAM VARA EXTRA GASTRO FOX} => {SUNCA PRAGA CAROLI}",0.000116316399216493,0.102459016393443,0.00113524805635297,8.91082500099502,75
"{SALAM VARA EXTRA GASTRO FOX} => {CARNE TOCATA PORC VRAC}",0.000122519940508039,0.10792349726776,0.00113524805635297,1.96255613891845,79
"{DROPSURI CU GUST DE SOC DE LAMAIE VERBENA LIGHT 60G} => {DROPSURI CU GUST DE TEI VERBENA 60G}",0.00015819030293443,0.195777351247601,0.000808011253223903,222.246242329215,102
"{DROPSURI CU GUST DE TEI VERBENA 60G} => {DROPSURI CU GUST DE SOC DE LAMAIE VERBENA LIGHT 60G}",0.00015819030293443,0.179577464788732,0.000880902863399572,222.246242329215,102
"{DROPSURI CU GUST DE SOC DE LAMAIE VERBENA LIGHT 60G} => {DROPSURI CU EXTRACT DE PLANTE MACESE VERBENA 60G}",0.000147334105674224,0.182341650671785,0.000808011253223903,176.535465407826,95
"{DROPSURI CU EXTRACT DE PLANTE MACESE VERBENA 60G} => {DROPSURI CU GUST DE SOC DE LAMAIE VERBENA LIGHT 60G}",0.000147334105674224,0.142642642642643,0.00103288962504246,176.535465407826,95
"{DROPSURI CU GUST DE SOC DE LAMAIE VERBENA LIGHT 60G} => {DROPSURI CU EXTRACT DE PLANTE SALVIE VERBENA 60G}",0.000128723481799585,0.159309021113244,0.000808011253223903,113.12923089281,83
"{AMESTEC DE CONDIMENTE PICANT PENTRU CARNE DE PUI MARCO POLO 30G} => {AMESTEC DE CONDIMENTE CU USTUROI PENTRU GRATAR MARCO POLO 30G}",0.000136477908414018,0.173570019723866,0.000786298858703491,215.639178666302,88
"{AMESTEC DE CONDIMENTE CU USTUROI PENTRU GRATAR MARCO POLO 30G} => {AMESTEC DE CONDIMENTE PICANT PENTRU CARNE DE PUI MARCO POLO 30G}",0.000136477908414018,0.169556840077071,0.00080490948257813,215.639178666302,88
"{AMESTEC DE CONDIMENTE PICANT PENTRU CARNE DE PUI MARCO POLO 30G} => {AMESTEC DE CONDIMENTE PENTRU CARTOFI PRAJITI MARCO POLO 30G}",0.000131825252445358,0.167652859960552,0.000786298858703491,168.64491502737,85
"{AMESTEC DE CONDIMENTE PENTRU CARTOFI PRAJITI MARCO POLO 30G} => {AMESTEC DE CONDIMENTE PICANT PENTRU CARNE DE PUI MARCO POLO 30G}",0.000131825252445358,0.132605304212168,0.000994117491970291,168.64491502737,85
"{AMESTEC DE CONDIMENTE PICANT PENTRU CARNE DE PUI MARCO POLO 30G} => {AMESTEC DE CONDIMENTE PENTRU FRIPTURA DE PUI MARCO POLO 30G}",0.000169046500194636,0.214990138067061,0.000786298858703491,200.904545064746,109
"{AMESTEC DE CONDIMENTE PENTRU FRIPTURA DE PUI MARCO POLO 30G} => {AMESTEC DE CONDIMENTE PICANT PENTRU CARNE DE PUI MARCO POLO 30G}",0.000169046500194636,0.157971014492754,0.00107011087279173,200.904545064746,109
"{PAINE EXTRUDATA ECO CU HRISCA FARA GLUTEN ABONETT 100G} => {PAINE EXTRUDATA CU SEMINTE DE IN FARA GLUTEN ABONETT 100G}",0.000138028793736905,0.147840531561462,0.000933632964377715,145.75923527081,89
"{PAINE EXTRUDATA CU SEMINTE DE IN FARA GLUTEN ABONETT 100G} => {PAINE EXTRUDATA ECO CU HRISCA FARA GLUTEN ABONETT 100G}",0.000138028793736905,0.136085626911315,0.00101427900116782,145.75923527081,89
"{PAINE EXTRUDATA ECO CU HRISCA FARA GLUTEN ABONETT 100G} => {PAINE EXTRUDATA CU MEI FARA GLUTEN ABONETT 100G}",0.000198513321329481,0.212624584717608,0.000933632964377715,173.323443557295,128
"{PAINE EXTRUDATA CU MEI FARA GLUTEN ABONETT 100G} => {PAINE EXTRUDATA ECO CU HRISCA FARA GLUTEN ABONETT 100G}",0.000198513321329481,0.161820480404551,0.00122675029040328,173.323443557295,128
"{PAIE MAGICA CU AROMA DE CIOCOLATA MILKY SIP 5*6G} => {PAIE MAGICA CU AROMA DE BISCUITI MILKY SIP 5*6G}",0.000390823101367416,0.376681614349776,0.00103754228101112,304.744878496154,252
"{PAIE MAGICA CU AROMA DE BISCUITI MILKY SIP 5*6G} => {PAIE MAGICA CU AROMA DE CIOCOLATA MILKY SIP 5*6G}",0.000390823101367416,0.316185696361355,0.0012360556023406,304.744878496154,252
"{PAIE MAGICA CU AROMA DE CIOCOLATA MILKY SIP 5*6G} => {PAIE MAGICA CU AROMA DE VANILIE MILKY SIP 5*6G}",0.000390823101367416,0.376681614349776,0.00103754228101112,313.395700853464,252
"{PAIE MAGICA CU AROMA DE VANILIE MILKY SIP 5*6G} => {PAIE MAGICA CU AROMA DE CIOCOLATA MILKY SIP 5*6G}",0.000390823101367416,0.325161290322581,0.00120193612523709,313.395700853464,252
"{KNORR DELIKAT CU GUST DE LEGUME 400G} => {CARNE TOCATA PORC VRAC}",0.000102358431310514,0.162962962962963,0.000628108555769061,2.96343216700823,66
"{UNT DE MASA 83% GRASIME GABRIELLA 250G} => {SMANTANA 30% GABRIELLA 500G}",0.000144232335028451,0.162303664921466,0.000888657290014005,52.721545096074,93
"{HRANA COMPLETA PENTRU PISICI ADULTE CU VITA SI PUI RENO 100G} => {HRANA COMPLETA PENTRU PISICI ADULTE CU PUI PREVITAL 100G}",0.000127172596476699,0.132258064516129,0.000961548900189673,140.261635186757,82
"{HRANA COMPLETA PENTRU PISICI ADULTE CU PUI PREVITAL 100G} => {HRANA COMPLETA PENTRU PISICI ADULTE CU VITA SI PUI RENO 100G}",0.000127172596476699,0.134868421052632,0.000942938276315034,140.261635186757,82
"{ENERGIZANT HELL RED GRAPE 250ML} => {ENERGIZANT HELL 250ML}",0.000387721330721642,0.163398692810458,0.00237285454401645,10.0121955082518,250
"{SZOBI BAUTURA CU GUST DE STRUGURI NEGRI 12% 1L} => {SZOBI BAUTURA CU GUST DE STRUGURI ALB 12% 1L}",0.000201615091975254,0.21630615640599,0.000932082079054829,212.935412988531,130
"{SZOBI BAUTURA CU GUST DE STRUGURI ALB 12% 1L} => {SZOBI BAUTURA CU GUST DE STRUGURI NEGRI 12% 1L}",0.000201615091975254,0.198473282442748,0.0010158298864907,212.935412988531,130
"{SZOBI BAUTURA CU GUST DE STRUGURI NEGRI 12% 1L} => {SZOBI BAUTURA CU GUST DE PIERSICI 12% 1L}",0.000203165977298141,0.217970049916805,0.000932082079054828,185.41630922956,131
"{SZOBI BAUTURA CU GUST DE PIERSICI 12% 1L} => {SZOBI BAUTURA CU GUST DE STRUGURI NEGRI 12% 1L}",0.000203165977298141,0.172823218997361,0.00117557107474802,185.41630922956,131
"{DR.OETKER BUDINCA CIOCOLATA NEAGRA 50G} => {DR.OETKER BUDINCA VANILIE 40G}",0.000218674830527006,0.288934426229508,0.000756832037568646,89.4826587376577,141
"{TAITEI DE CASA SUBTIRI HARMOPAN 250G} => {_MORCOVI}",0.0001039093166334,0.11336717428088,0.000916573225825963,3.95339969746303,67
"{GOBE SLANINA AFUMATA} => {CARNE TOCATA PORC VRAC}",0.000116316399216493,0.108381502890173,0.00107321264343751,1.97088483256426,75
"{KNORR CUB DE VITA 120G 12BUC} => {KNORR CUB PT.TOCANITA 12BUC 120G}",0.000102358431310514,0.150341685649203,0.000680838656747204,123.019373749754,66
"{KNORR CUB DE VITA 120G 12BUC} => {KNORR CUB PENTRU SUPA DE CARNE 12BUC 120G}",0.000122519940508039,0.17995444191344,0.000680838656747204,150.497230174698,79
"{KNORR CUB PENTRU SUPA DE CARNE 12BUC 120G} => {KNORR CUB DE VITA 120G 12BUC}",0.000122519940508039,0.102464332036316,0.00119573258394555,150.497230174698,79
"{SALAM PAPRIKA CSARDAS 300G} => {CARNE TOCATA PORC VRAC}",0.000122519940508039,0.117210682492582,0.00104529670762555,2.13144079182241,79
"{SZEKELYHON} => {MEGLEPETES}",0.00016749561487175,0.123711340206186,0.00135392288687998,89.3260987520347,108
"{MEGLEPETES} => {SZEKELYHON}",0.00016749561487175,0.120940649496081,0.00138494059333771,89.3260987520347,108
"{SZEKELYHON} => {NOK LAPJA}",0.000260548734244944,0.192439862542955,0.00135392288687998,34.1734718503607,168
"{ELAN MAIONEZA CU CONTINUT REDUS DE GRASIMI 15% 600G} => {PULPE PUI CU SPATE REFR.VRAC SZEKELY CSURKE}",0.00011321462857072,0.117741935483871,0.000961548900189673,5.43016778531232,73
"{ELAN MAIONEZA CU CONTINUT REDUS DE GRASIMI 15% 600G} => {CARNE TOCATA PORC VRAC}",0.000181453582777729,0.188709677419355,0.000961548900189673,3.43162837814479,117
"{MARGARINA RAMA PENTRU COPT&GATIT FARA LACTOZA 250G} => {CARNE TOCATA PORC VRAC}",0.000114765513893606,0.108187134502924,0.00106080556085441,1.96735030226025,74
"{ELAN GALUSTE CU BRANZA CONGELATE 800G} => {ELAN GALUSTE CU PRUNE CONG.800G}",0.000235734569078759,0.234206471494607,0.00100652457455338,59.4546036907174,152
"{ELAN GALUSTE CU BRANZA CONGELATE 800G} => {CARNE TOCATA PORC VRAC}",0.000114765513893606,0.11402157164869,0.00100652457455338,2.073447776188,74
"{NAPOLITANE CU CREMA DE CACAO FARA ZAHAR U&U 65G} => {NAPOLITANE UMPL.CU CR.DE CACAO CU INDULCITORI DIABETTE 40G}",0.000117867284539379,0.12199036918138,0.000966201556158333,117.576287168266,76
"{NAPOLITANE UMPL.CU CR.DE CACAO CU INDULCITORI DIABETTE 40G} => {NAPOLITANE CU CREMA DE CACAO FARA ZAHAR U&U 65G}",0.000117867284539379,0.113602391629297,0.00103754228101112,117.576287168266,76
"{SZOBI BAUTURA CU GUST DE STRUGURI ALB 12% 1L} => {SZOBI BAUTURA CU GUST DE PIERSICI 12% 1L}",0.000198513321329481,0.195419847328244,0.0010158298864907,166.233970472718,128
"{SZOBI BAUTURA CU GUST DE PIERSICI 12% 1L} => {SZOBI BAUTURA CU GUST DE STRUGURI ALB 12% 1L}",0.000198513321329481,0.168865435356201,0.00117557107474802,166.233970472718,128
"{BOIA DE ARDEI DULCE MALUKU 150G} => {PIPER NEGRU MACINAT MALUKU 150G}",0.000147334105674224,0.157284768211921,0.000936734735023488,148.922345887913,95
"{PIPER NEGRU MACINAT MALUKU 150G} => {BOIA DE ARDEI DULCE MALUKU 150G}",0.000147334105674224,0.139500734214391,0.00105615290488575,148.922345887913,95
"{BOIA DE ARDEI DULCE MALUKU 150G} => {CARNE TOCATA PORC VRAC}",0.000122519940508039,0.130794701986755,0.000936734735023488,2.37846207564289,79
"{OREZ CLASIC SCOTTI 1KG} => {CARNE TOCATA PORC VRAC}",0.000136477908414018,0.167619047619048,0.000814214794515449,3.04810165749418,88
"{FANTA STRUGURI 2.5L PET} => {FANTA PORTOCALE 2.5L PET}",0.0001039093166334,0.111111111111111,0.000935183849700602,66.521510368307,67
"{FANTA STRUGURI 2.5L PET} => {COCA COLA 2.5L PET}",0.000138028793736905,0.14759535655058,0.000935183849700602,27.7216582395335,89
"{REAL MIX MEXICAN CU LEGUME CONGELAT 450G} => {PIEPT DE PUI FARA OS REFR.VRAC SZEKELY CSURKE}",0.00010856197260206,0.120689655172414,0.00089951348727421,4.74742830817388,70
"{REAL MIX MEXICAN CU LEGUME CONGELAT 450G} => {CARNE TOCATA PORC VRAC}",0.000111663743247833,0.124137931034483,0.00089951348727421,2.25741071029154,72
"{CREMA GULAS IUTE UNIVER 160G} => {PASTA ARDEI IUTE UNIVER 160G}",0.000122519940508039,0.141071428571429,0.000868495780816479,142.573463390058,79
"{PASTA ARDEI IUTE UNIVER 160G} => {CREMA GULAS IUTE UNIVER 160G}",0.000122519940508039,0.123824451410658,0.000989464836001632,142.573463390058,79
"{CREMA GULAS IUTE UNIVER 160G} => {PASTA ARDEI DULCE UNIVER 160G}",0.000120969055185152,0.139285714285714,0.000868495780816479,103.230406403941,78
"{CREMA GULAS IUTE UNIVER 160G} => {CREMA GULAS DULCE UNIVER 160G}",0.000183004468100615,0.210714285714286,0.000868495780816479,127.455062315733,118
"{CREMA GULAS DULCE UNIVER 160G} => {CREMA GULAS IUTE UNIVER 160G}",0.000183004468100615,0.110694183864916,0.00165324375419708,127.455062315733,118
"{PATE SNACK TARANESC 70G} => {PATE SNACK GASCA CU VIN ALB 70G}",0.000142681449705564,0.189690721649485,0.000752179381599986,221.177666337317,92
"{PATE SNACK GASCA CU VIN ALB 70G} => {PATE SNACK TARANESC 70G}",0.000142681449705564,0.166365280289331,0.000857639583556273,221.177666337317,92
"{PATE SNACK TARANESC 70G} => {PATE SNACK RATA UNGURESC 70G}",0.000231081913110099,0.307216494845361,0.000752179381599986,254.615739538335,149
"{PATE SNACK RATA UNGURESC 70G} => {PATE SNACK TARANESC 70G}",0.000231081913110099,0.191516709511568,0.00120658878120575,254.615739538335,149
"{PATE SNACK TARANESC 70G} => {PATE SNACK GASCA UNGURESC 70G}",0.0002078186332668,0.276288659793814,0.000752179381599986,214.896253093405,134
"{PATE SNACK GASCA UNGURESC 70G} => {PATE SNACK TARANESC 70G}",0.0002078186332668,0.161640530759952,0.00128568393267297,214.896253093405,134
"{DETERGENT GEL COLOR&FRESH LORILUX 4L} => {DETERGENT GEL UNIVERSAL LORILUX 4L}",0.000156639417611544,0.133245382585752,0.00117557107474802,91.2056156832429,101
"{DETERGENT GEL UNIVERSAL LORILUX 4L} => {DETERGENT GEL COLOR&FRESH LORILUX 4L}",0.000156639417611544,0.107218683651805,0.00146093397415915,91.2056156832429,101
"{STAFIDE ECOM 250G} => {_BANANE}",0.000116316399216493,0.131578947368421,0.000884004634045345,4.31235052406863,75
"{PASTA DE DINTI COLGATE TRIPLE ACTION 100ML} => {CARNE TOCATA PORC VRAC}",0.000105460201956287,0.105590062111801,0.000998770147938951,1.92012332673176,68
"{_PEPENE GALBEN} => {_BANANE}",0.000114765513893606,0.116352201257862,0.000986363065355858,3.81331121813868,74
"{BISCUITI DULCE CU CACAO CU INDULCITORI DETKI 180G} => {BISCUITI DULCE DIABETIC CU COCOS DETKI 180G}",0.000145783220351338,0.142640364188164,0.00102203342778225,134.464193488273,94
"{BISCUITI DULCE DIABETIC CU COCOS DETKI 180G} => {BISCUITI DULCE CU CACAO CU INDULCITORI DETKI 180G}",0.000145783220351338,0.137426900584795,0.00106080556085441,134.464193488273,94
"{BISCUITI DULCE CU CACAO CU INDULCITORI DETKI 180G} => {NAPOLITANE CU CREMA DE CACAO FARA ZAHAR LOVE FREE U&U 180G}",0.000111663743247833,0.109256449165402,0.00102203342778225,42.3873607862257,72
"{REAL CARNE DE PORC PRESATA 105G} => {REAL CREMA DE SUNCA 105G}",0.000170597385517523,0.193321616871705,0.000882453748722458,162.731625727881,110
"{REAL CREMA DE SUNCA 105G} => {REAL CARNE DE PORC PRESATA 105G}",0.000170597385517523,0.143603133159269,0.00118797815733111,162.731625727881,110
"{REAL CARNE DE PORC PRESATA 105G} => {ELAN SUNCA DE PORC 110G}",0.000111663743247833,0.126537785588752,0.000882453748722458,70.3974791916551,72
"{REAL CARNE DE PORC PRESATA 105G} => {REAL PATEU DE RATA 105G}",0.000107011087279173,0.121265377855888,0.000882453748722458,76.2839675939817,69
"{REAL CARNE DE PORC PRESATA 105G} => {CARNE TOCATA PORC VRAC}",0.000107011087279173,0.121265377855888,0.000882453748722458,2.20517420000652,69
"{DR.OETKER AMONIU PENTRU PRAJITURI 7G} => {DR.OETKER PRAF DE COPT 10G}",0.000172148270840409,0.191379310344828,0.00089951348727421,59.5560036945813,111
"{DR.OETKER AMONIU PENTRU PRAJITURI 7G} => {DR.OETKER ZAHAR VANILINAT 8G}",0.00015819030293443,0.175862068965517,0.000899513487274211,39.2097617684933,102
"{DR.OETKER AMONIU PENTRU PRAJITURI 7G} => {GRASIME VEGETALA TARTINABILA CU 70% GRASIME RAMA 250G}",0.000122519940508039,0.136206896551724,0.00089951348727421,12.1322355916944,79
"{CAFEA JACOBS 3IN1 INTENSE 17.5G} => {CAFEA JACOBS 3IN1 CLASSIC 15.2G}",0.000170597385517523,0.153846153846154,0.0011088830058639,95.2005019932083,110
"{CAFEA JACOBS 3IN1 CLASSIC 15.2G} => {CAFEA JACOBS 3IN1 INTENSE 17.5G}",0.000170597385517523,0.105566218809981,0.00161602250644781,95.2005019932083,110
"{JOGO-BELLA IAURT EDITIE SPECIALA CU DIF.AROME 150G} => {JOGO-BELLA IAURT CLASSIC 150G}",0.000105460201956287,0.1328125,0.000794053285317924,126.681317030325,68
"{JOGO-BELLA IAURT CLASSIC 150G} => {JOGO-BELLA IAURT EDITIE SPECIALA CU DIF.AROME 150G}",0.000105460201956287,0.100591715976331,0.00104839847827132,126.681317030325,68
"{JOGO-BELLA IAURT EDITIE SPECIALA CU DIF.AROME 150G} => {JOGO-BELLA IAURT SPECIAL 150G}",0.000114765513893606,0.14453125,0.000794053285317924,123.107976593461,74
"{NAPOLITANE CU CREMA DE PORTOCALE DIABETTE WELLNESS 26G} => {NAPOLITANE UMPL.CU CR.DE CACAO CU INDULCITORI DIABETTE 40G}",0.000159741188257317,0.151917404129794,0.00105150024891709,146.420446578568,103
"{NAPOLITANE UMPL.CU CR.DE CACAO CU INDULCITORI DIABETTE 40G} => {NAPOLITANE CU CREMA DE PORTOCALE DIABETTE WELLNESS 26G}",0.000159741188257317,0.153961136023916,0.00103754228101112,146.420446578568,103
"{NAPOLITANE CU CREMA DE PORTOCALE DIABETTE WELLNESS 26G} => {NAPOLITANE CU CREMA DE CACAO DIABETTE WELLNESS 26G}",0.000322584147160407,0.306784660766962,0.00105150024891709,246.957055892524,208
"{NAPOLITANE CU CREMA DE CACAO DIABETTE WELLNESS 26G} => {NAPOLITANE CU CREMA DE PORTOCALE DIABETTE WELLNESS 26G}",0.000322584147160407,0.259675405742821,0.00124225914363214,246.957055892524,208
"{CONDIMENT PENTRU TURTA DULCE LUCULLUS 14G} => {AMESTEC DE CONDIMENTE PENTRU TURTA DULCE THYMOS 25G}",0.000243488995693191,0.246467817896389,0.000987913950678745,166.061362283037,157
"{AMESTEC DE CONDIMENTE PENTRU TURTA DULCE THYMOS 25G} => {CONDIMENT PENTRU TURTA DULCE LUCULLUS 14G}",0.000243488995693191,0.16405433646813,0.00148419725400245,166.061362283037,157
"{SLANINA LUCRU} => {PULPE PORC FARA OS}",0.000161292073580203,0.104312938816449,0.00154623266691791,7.9456884534288,104
"{SLANINA LUCRU} => {CARNE TOCATA PORC VRAC}",0.000364458050878344,0.235707121364092,0.00154623266691791,4.28626267431094,235
"{_KIWI CASEROLA BUC} => {_BANANE}",0.00021247128923546,0.278455284552846,0.000763035578860192,9.1260556212607,137
"{PAINE EXTRUDATA CU SEMINTE DE IN FARA GLUTEN ABONETT 100G} => {PAINE EXTRUDATA CU MEI FARA GLUTEN ABONETT 100G}",0.000328787688451953,0.324159021406728,0.00101427900116782,264.242058015055,212
"{PAINE EXTRUDATA CU MEI FARA GLUTEN ABONETT 100G} => {PAINE EXTRUDATA CU SEMINTE DE IN FARA GLUTEN ABONETT 100G}",0.000328787688451953,0.268015170670038,0.00122675029040328,264.242058015055,212
"{AROMA DE ROM JAMAICAN MAXAROMA SZILAS 30ML} => {DR.OETKER ZAHAR VANILINAT 8G}",0.000111663743247833,0.124352331606218,0.000897962601951324,27.7252811042074,72
"{BAUT.RAC.CARBO.GUST DE VISINE MARKA 2L} => {BAUT.RAC.CARBO.GUST DE PORTOCALE MARKA 2L}",0.000142681449705564,0.137108792846498,0.00104064405165689,116.171865789582,92
"{BAUT.RAC.CARBO.GUST DE PORTOCALE MARKA 2L} => {BAUT.RAC.CARBO.GUST DE VISINE MARKA 2L}",0.000142681449705564,0.120893561103811,0.00118022373071668,116.171865789582,92
"{BAUT.RAC.CARBO.GUST DE VISINE MARKA 2L} => {BAUT.RAC.CARBO.GUST DE STRUGURI ALB MARKA 2L}",0.000138028793736905,0.132637853949329,0.00104064405165689,112.977489777477,89
"{BAUT.RAC.CARBO.GUST DE STRUGURI ALB MARKA 2L} => {BAUT.RAC.CARBO.GUST DE VISINE MARKA 2L}",0.000138028793736905,0.117569352708058,0.00117402018942513,112.977489777477,89
"{BAUT.RAC.CARBO.GUST DE VISINE MARKA 2L} => {BAUT.RAC.CARBO.GUST DE PERE SI SALVIE MARKA 2L}",0.000169046500194636,0.162444113263785,0.00104064405165689,113.727282436152,109
"{BAUT.RAC.CARBO.GUST DE PERE SI SALVIE MARKA 2L} => {BAUT.RAC.CARBO.GUST DE VISINE MARKA 2L}",0.000169046500194636,0.118349619978284,0.00142836538237853,113.727282436152,109
"{BAUT.RAC.CARBO.GUST DE VISINE MARKA 2L} => {BAUT.RAC.CARBO.GUST DE LIMONADA GRAPEFRUIT MARKA 2L}",0.000124070825830926,0.119225037257824,0.00104064405165689,84.2932779041493,80
"{BAUT.RAC.CARBO.GUST DE VISINE MARKA 2L} => {BAUT.RAC.CARBO.GUST DE LIMONADA CAPSUNI-LIME MARKA 2L}",0.000147334105674224,0.141579731743666,0.00104064405165689,93.4387103072607,95
"{BAUT.RAC.CARBO.GUST DE VISINE MARKA 2L} => {BAUT.RAC.CARBO.GUST DE ZMEURA MARKA 2L}",0.000131825252445358,0.126676602086438,0.00104064405165689,70.7800574429122,85
"{BAUT.RAC.CARBO.GUST DE VISINE MARKA 2L} => {BAUT.RAC.CARBO.GUST DE LIMONADA SOC MARKA 2L}",0.000134927023091132,0.129657228017884,0.00104064405165689,64.9084417898566,87
"{BAUT.RAC.CARBO.GUST DE VISINE MARKA 2L} => {BAUT.RAC.CARBO.GUST DE LIMONADA LAMAIE MARKA 2L}",0.00015819030293443,0.152011922503726,0.00104064405165689,73.8630169909155,102
"{KETCHUP DULCE LA MINUT 480G} => {CARNE TOCATA PORC VRAC}",0.000124070825830926,0.151515151515152,0.000818867450484109,2.75525718006963,80
"{CIMBRU ECOM 20G} => {CARNE TOCATA PORC VRAC}",0.00010856197260206,0.132575757575758,0.000818867450484109,2.41085003256093,70
"{FOI DE DAFIN ECOM 10G} => {CARNE TOCATA PORC VRAC}",0.000125621711153812,0.134551495016611,0.000933632964377715,2.4467782200419,81
"{LEGUME MIXT CONGELAT HAJDU 1KG} => {CARNE TOCATA PORC VRAC}",0.00016749561487175,0.169544740973312,0.000987913950678745,3.08311980840445,108
"{KNORR SUPA DE GAINA UJHAZI TT 67G} => {KNORR SUPA DE PERISOARA TT 50G}",0.00021247128923546,0.254646840148699,0.000834376303712975,302.383977900553,137
"{KNORR SUPA DE PERISOARA TT 50G} => {KNORR SUPA DE GAINA UJHAZI TT 67G}",0.00021247128923546,0.252302025782689,0.000842130730327407,302.383977900553,137
"{CERBONA TERCI DE OVAZ CU CAISE 50G} => {CERBONA TERCI DE OVAZ CU FRUCTE DE PADURE 55G}",0.000480774450094837,0.588235294117647,0.000817316565161222,525.332409972299,310
"{CERBONA TERCI DE OVAZ CU FRUCTE DE PADURE 55G} => {CERBONA TERCI DE OVAZ CU CAISE 50G}",0.000480774450094837,0.429362880886427,0.0011197392031241,525.332409972299,310
"{PARIZER PASARE FRANKOOO 1KG} => {PULPE PUI CU SPATE REFR.VRAC SZEKELY CSURKE}",0.00015819030293443,0.152011922503726,0.00104064405165689,7.01067330998819,102
"{PARIZER PASARE FRANKOOO 1KG} => {CARNE TOCATA PORC VRAC}",0.000159741188257317,0.153502235469449,0.00104064405165689,2.79139170046399,103
"{BISCUITI CU MIERE GYORI EDES DUPLAJO 150G} => {BISCUITI CU COCOS GYORI EDES 180G}",0.000105460201956287,0.104294478527607,0.00101117723052204,34.6640977800266,68
"{CHIMEN MACINAT ECOM 50G} => {CARNE TOCATA PORC VRAC}",0.00010856197260206,0.11686143572621,0.000928980308409055,2.12508984506206,70
"{DROPSURI CU GUST DE TEI VERBENA 60G} => {DROPSURI CU EXTRACT DE PLANTE MACESE VERBENA 60G}",0.000258997848922057,0.294014084507042,0.000880902863399572,284.651987374699,167
"{DROPSURI CU EXTRACT DE PLANTE MACESE VERBENA 60G} => {DROPSURI CU GUST DE TEI VERBENA 60G}",0.000258997848922057,0.250750750750751,0.00103288962504246,284.651987374699,167
"{DROPSURI CU GUST DE TEI VERBENA 60G} => {DROPSURI CU EXTRACT DE PLANTE SALVIE VERBENA 60G}",0.000223327486495666,0.253521126760563,0.000880902863399572,180.0315505367,144
"{DROPSURI CU EXTRACT DE PLANTE SALVIE VERBENA 60G} => {DROPSURI CU GUST DE TEI VERBENA 60G}",0.000223327486495666,0.158590308370044,0.00140820387318101,180.0315505367,144
"{BERE IGAZI TILTOTT MEZES SOR 9% 500ML} => {BERE TILTOTT CSIKI AFINE 500ML}",0.000209369518589687,0.191489361702128,0.00109337415263503,92.7655897821187,135
"{BERE TILTOTT CSIKI AFINE 500ML} => {BERE IGAZI TILTOTT MEZES SOR 9% 500ML}",0.000209369518589687,0.101427498121713,0.00206422836476202,92.7655897821187,135
"{BERE IGAZI TILTOTT MEZES SOR 9% 500ML} => {BERE TILTOTT BARNA SOR 7% 500ML}",0.000187657124069275,0.171631205673759,0.00109337415263503,62.5942307692308,121
"{BERE IGAZI TILTOTT MEZES SOR 9% 500ML} => {BERE TILTOTT CSIKI GOLD STICLA 500ML}",0.000210920403912573,0.19290780141844,0.00109337415263503,60.9136141038198,136
"{BERE IGAZI TILTOTT MEZES SOR 9% 500ML} => {BERE 6% SZEKELY SOR 500ML}",0.000196962436006594,0.180141843971631,0.00109337415263503,42.8297197640118,127
"{BERE IGAZI TILTOTT MEZES SOR 9% 500ML} => {BERE TILTOTT CSIKI VADMALNA CU VITAMINE STICLA 500ML}",0.000291566440702675,0.266666666666667,0.00109337415263503,58.1483936422049,188
"{BERE IGAZI TILTOTT MEZES SOR 9% 500ML} => {BERE TILTOTT CSIKI KREM SOR 4.5% 500ML}",0.000232632798432985,0.212765957446809,0.00109337415263503,40.8668453976765,150
"{BERE IGAZI TILTOTT MEZES SOR 9% 500ML} => {STICLA BERE 500ML CSIKI}",0.000623455899800401,0.570212765957447,0.00109337415263503,55.2636705245754,402
"{BERE IGAZI TILTOTT MEZES SOR 9% 500ML} => {BERE TILTOTT IGAZI SOR 6% 500ML}",0.000350500082972365,0.320567375886525,0.00109337415263503,15.8682327652388,226
"{MATE PORC 10M CASA MONCEANU} => {CARNE TOCATA PORC VRAC}",0.000241938110370305,0.152791380999021,0.00158345391466719,2.77846502703202,156
"{BERE TILTOTT CSIKI GYOMBER CHILI STICLA 500ML} => {BERE TILTOTT CSIKI GOLD STICLA 500ML}",0.000136477908414018,0.116094986807388,0.00117557107474802,36.6587829718394,88
"{BERE TILTOTT CSIKI GYOMBER CHILI STICLA 500ML} => {BERE TILTOTT CSIKI VADMALNA CU VITAMINE STICLA 500ML}",0.000285362899411129,0.242744063324538,0.00117557107474802,52.9319150568884,184
"{BERE TILTOTT CSIKI GYOMBER CHILI STICLA 500ML} => {STICLA BERE 500ML CSIKI}",0.000663778918195452,0.564643799472295,0.00117557107474802,54.7239394849151,428
"{BERE TILTOTT CSIKI GYOMBER CHILI STICLA 500ML} => {BERE TILTOTT IGAZI SOR 6% 500ML}",0.000274506702150923,0.233509234828496,0.00117557107474802,11.5588146823868,177
"{PATE SNACK GASCA CU VIN ALB 70G} => {PATE SNACK RATA UNGURESC 70G}",0.000299320867317108,0.349005424954792,0.000857639583556273,289.24968505511,193
"{PATE SNACK RATA UNGURESC 70G} => {PATE SNACK GASCA CU VIN ALB 70G}",0.000299320867317108,0.248071979434447,0.00120658878120575,289.24968505511,193
"{PATE SNACK GASCA CU VIN ALB 70G} => {PATE SNACK GASCA UNGURESC 70G}",0.000192309780037935,0.224231464737794,0.000857639583556273,174.406367723373,124
"{PATE SNACK GASCA UNGURESC 70G} => {PATE SNACK GASCA CU VIN ALB 70G}",0.000192309780037935,0.149577804583836,0.00128568393267297,174.406367723373,124
"{_PRUNE} => {_BANANE}",0.000130274367122472,0.11965811965812,0.00108872149666637,3.92165893812737,84
"{AMESTEC CONDIMENTE PENTRU FRIPTURA LUCULLUS 40G} => {CONDIMENT DE PUI LUCULLUS 40G}",0.000114765513893606,0.145669291338583,0.000787849744026377,127.099512002813,74
"{CONDIMENT DE PUI LUCULLUS 40G} => {AMESTEC CONDIMENTE PENTRU FRIPTURA LUCULLUS 40G}",0.000114765513893606,0.100135317997294,0.00114610425361318,127.099512002813,74
"{NESCAFE 3IN1 MILD 15G} => {NESCAFE 3IN1 ORIGINAL 16.5G}",0.000138028793736905,0.118508655126498,0.00116471487748781,86.1483103325592,89
"{NESCAFE 3IN1 ORIGINAL 16.5G} => {NESCAFE 3IN1 MILD 15G}",0.000138028793736905,0.100338218714769,0.00137563528140039,86.1483103325592,89
"{NESCAFE 3IN1 MILD 15G} => {NESCAFE 3IN1 STRONG 14G}",0.000134927023091132,0.115845539280959,0.00116471487748781,82.0839481424035,87
"{ELAN PUNGI CONG.HDPE ROLATE 350*250 150BUC/ROLA} => {CARNE TOCATA PORC VRAC}",0.000138028793736905,0.129172714078374,0.00106855998746885,2.34896671636125,89
"{NAPOLITANE UMPL.CU CR.DE CACAO CU INDULCITORI DIABETTE 40G} => {NAPOLITANE CU CREMA DE CACAO DIABETTE WELLNESS PARANY 120G}",0.00010856197260206,0.104633781763827,0.00103754228101112,89.5977822640678,70
"{NAPOLITANE CU CREMA DE CACAO DIABETTE WELLNESS PARANY 120G} => {NAPOLITANE CU CREMA DE CACAO FARA ZAHAR LOVE FREE U&U 180G}",0.000192309780037935,0.164674634794157,0.00116781664813359,63.8875161208355,124
"{BOMBOANE JELEU STICKS CU GUST DE MERE UMP.WOOGIE 85G} => {BOMBOANE JELEU STICKS CU GUST DE CAPSUNI UMP.WOOGIE 85G}",0.000282261128765356,0.247956403269755,0.00113834982699874,196.655046904692,182
"{BOMBOANE JELEU STICKS CU GUST DE CAPSUNI UMP.WOOGIE 85G} => {BOMBOANE JELEU STICKS CU GUST DE MERE UMP.WOOGIE 85G}",0.000282261128765356,0.223862238622386,0.00126086976750678,196.655046904692,182
"{BOMBOANE JELEU STICKS CU GUST DE MERE UMP.WOOGIE 85G} => {BOMBOANE JELEU STRIPS CU GUST DE CAPSUNI CU GLAZURA ACRISOARA WOOGIE 85G}",0.000161292073580203,0.141689373297003,0.00113834982699874,96.1687537645203,104
"{BOMBOANE JELEU STRIPS CU GUST DE CAPSUNI CU GLAZURA ACRISOARA WOOGIE 85G} => {BOMBOANE JELEU STICKS CU GUST DE MERE UMP.WOOGIE 85G}",0.000161292073580203,0.109473684210526,0.00147334105674224,96.1687537645203,104
"{TACAM DE PUI PG.CONGELAT CRAIESTI} => {PULPE PUI CU SPATE REFR.VRAC SZEKELY CSURKE}",0.000125621711153812,0.101123595505618,0.00124225914363214,4.6637426877086,81
"{TACAM DE PUI PG.CONGELAT CRAIESTI} => {CARNE TOCATA PORC VRAC}",0.000144232335028451,0.116104868913858,0.00124225914363214,2.11133190652527,93
"{CONSERVA FILE DE SOMON IN SOS TOMAT EVRAFISH 170G} => {CONSERVA FILE DE SOMON IN STIL GRECESC EVRAFISH 170G}",0.000147334105674224,0.163230240549828,0.000902615257919984,192.412644414708,95
"{CONSERVA FILE DE SOMON IN STIL GRECESC EVRAFISH 170G} => {CONSERVA FILE DE SOMON IN SOS TOMAT EVRAFISH 170G}",0.000147334105674224,0.173674588665448,0.000848334271618954,192.412644414708,95
"{NESCAFE 3IN1 ORIGINAL 16.5G} => {NESCAFE 3IN1 STRONG 14G}",0.000186106238746388,0.135287485907554,0.00137563528140039,95.8598064843837,120
"{NESCAFE 3IN1 STRONG 14G} => {NESCAFE 3IN1 ORIGINAL 16.5G}",0.000186106238746388,0.131868131868132,0.00141130564382678,95.8598064843837,120
"{OREZ CU LAPTE MULLER RISO 200G} => {OREZ CU LAPTE CU CIOCOLATA MULLER RISO 200G}",0.000127172596476699,0.143356643356643,0.000887106404691118,87.2855147685176,82
"{CREMA DE UNT FARA LACTOZA MAGYAROS 39% GRASIME MIZO 200G} => {CASCAVAL TRAPPIST FELIAT FARA LACTOZ MIZO 125G}",0.00011321462857072,0.108148148148148,0.00104684759294843,89.1728502415459,73
"{CREMA DE UNT FARA LACTOZA MAGYAROS 39% GRASIME MIZO 200G} => {UNT FARA LACTOZA 82% GRASIME MIZO 100G}",0.000111663743247833,0.106666666666667,0.00104684759294843,57.1720033250208,72
"{CREMA DE UNT FARA LACTOZA MAGYAROS 39% GRASIME MIZO 200G} => {SMANTANA FARA LACTOZA 20% MIZO 150G}",0.000128723481799585,0.122962962962963,0.00104684759294843,38.1547920008555,83
"{CREMA DE UNT FARA LACTOZA MAGYAROS 39% GRASIME MIZO 200G} => {IAURT FARA LACTOZA NATUR MIZO 150G}",0.00015819030293443,0.151111111111111,0.00104684759294843,45.9384189847556,102
"{CREMA DE UNT FARA LACTOZA MAGYAROS 39% GRASIME MIZO 200G} => {LAPTE UHT 1.5% GRASIME FARA LACTOZA MIZO 1L}",0.000201615091975254,0.192592592592593,0.00104684759294843,33.754377699254,130
"{NAPOLITANE UMPL.CU CR.DE CACAO CU INDULCITORI DIABETTE 40G} => {NAPOLITANE CU CREMA DE CACAO DIABETTE WELLNESS 26G}",0.00021247128923546,0.204783258594918,0.00103754228101112,164.847455254922,137
"{NAPOLITANE CU CREMA DE CACAO DIABETTE WELLNESS 26G} => {NAPOLITANE UMPL.CU CR.DE CACAO CU INDULCITORI DIABETTE 40G}",0.00021247128923546,0.17103620474407,0.00124225914363214,164.847455254922,137
"{CONSERVA FILE DE HERING IN SOS TOMAT CLASSIC 170G} => {CONSERVA FILE DE HERING IN ULEI VEGETAL CLASSIC 170G}",0.00015353764696577,0.184014869888476,0.000834376303712974,191.065217391304,99
"{CONSERVA FILE DE HERING IN ULEI VEGETAL CLASSIC 170G} => {CONSERVA FILE DE HERING IN SOS TOMAT CLASSIC 170G}",0.00015353764696577,0.159420289855072,0.00096309978551256,191.065217391304,99
"{CASCAVAL TRAPPIST FARA LACTOZA MIZO 700G} => {CREMA DE UNT FARA LACTOZA NATUR 39% GRASIME MIZO 200G}",0.000124070825830926,0.101394169835234,0.0012236485197575,78.2973065276291,80
"{CASCAVAL TRAPPIST FARA LACTOZA MIZO 700G} => {SMANTANA FARA LACTOZA 20% MIZO 330G}",0.000134927023091132,0.110266159695817,0.0012236485197575,71.0988479087452,87
"{CASCAVAL TRAPPIST FARA LACTOZA MIZO 700G} => {UNT FARA LACTOZA 82% GRASIME MIZO 100G}",0.000150435876319997,0.122940430925222,0.0012236485197575,65.89453805284,97
"{CASCAVAL TRAPPIST FARA LACTOZA MIZO 700G} => {SMANTANA FARA LACTOZA 20% MIZO 150G}",0.000232632798432985,0.190114068441065,0.0012236485197575,58.9914439520305,150
"{CASCAVAL TRAPPIST FARA LACTOZA MIZO 700G} => {IAURT FARA LACTOZA NATUR MIZO 150G}",0.000169046500194636,0.138149556400507,0.0012236485197575,41.998051353207,109
"{CASCAVAL TRAPPIST FARA LACTOZA MIZO 700G} => {LAPTE UHT 1.5% GRASIME FARA LACTOZA MIZO 1L}",0.000198513321329481,0.162230671736375,0.0012236485197575,28.4330528733114,128
"{PICK CARNATI SNACK NATUR 60G} => {PICK CARNATI SNACK PICANT 60G}",0.000130274367122472,0.161228406909789,0.000808011253223903,187.990864695449,84
"{PICK CARNATI SNACK PICANT 60G} => {PICK CARNATI SNACK NATUR 60G}",0.000130274367122472,0.151898734177215,0.000857639583556273,187.990864695449,84
"{BREF PB WC POWER AKTIV 4IN1 LEMON 50G} => {BREF PB WC POWER AKTIV 4IN1 OCEAN 50G}",0.000102358431310514,0.111111111111111,0.000921225881794622,113.539883782356,66
"{BREF PB WC POWER AKTIV 4IN1 OCEAN 50G} => {BREF PB WC POWER AKTIV 4IN1 LEMON 50G}",0.000102358431310514,0.10459587955626,0.000978608638741426,113.539883782356,66
"{PULPE DE PUI INFERIOARE REFR.VRAC SZEKELY CSURKE} => {PIEPT DE PUI FARA OS REFR.VRAC SZEKELY CSURKE}",0.000187657124069275,0.160264900662252,0.00117091841877936,6.30415361717394,121
"{PULPE DE PUI INFERIOARE REFR.VRAC SZEKELY CSURKE} => {CARNE TOCATA PORC VRAC}",0.000249692536984738,0.213245033112583,0.00117091841877936,3.87779639674436,161
"{BATON CIOCOLATA CU LAPTE UMPL.DE CR.DE ZAHAR ARS ROSHEN 43G} => {BATON CIOCOLATA CU UMPL.CU GUST DE CIOC.FONDANT ROSHEN 43G}",0.000362907165555457,0.323204419889503,0.00112284097376988,251.995099774864,234
"{BATON CIOCOLATA CU UMPL.CU GUST DE CIOC.FONDANT ROSHEN 43G} => {BATON CIOCOLATA CU LAPTE UMPL.DE CR.DE ZAHAR ARS ROSHEN 43G}",0.000362907165555457,0.282950423216445,0.00128258216202719,251.995099774864,234
"{SMANTANA 15% GRASIME KERESZTURI 350G} => {CARNE TOCATA PORC VRAC}",0.000119418169862266,0.101583113456464,0.00117557107474802,1.84725817798336,77
"{CONDIMENT CARTOFI GUST DE ARDEI LUCULLUS 25G} => {CONDIMENT PT.CARTOFI PRAJIT LUCULLUS 30G}",0.000139579679059791,0.172744721689059,0.000808011253223903,180.526073471724,90
"{CONDIMENT PT.CARTOFI PRAJIT LUCULLUS 30G} => {CONDIMENT CARTOFI GUST DE ARDEI LUCULLUS 25G}",0.000139579679059791,0.145867098865478,0.000956896244221014,180.526073471724,90
"{MARGARINA RAMA GOLD 400G} => {CARNE TOCATA PORC VRAC}",0.000131825252445358,0.104294478527607,0.00126397153815255,1.89656353131174,85
"{BAUT.RAC.CARBO.GUST DE PORTOCALE MARKA 2L} => {BAUT.RAC.CARBO.GUST DE PERE SI SALVIE MARKA 2L}",0.000139579679059791,0.11826544021025,0.00118022373071668,82.7977502600299,90
"{BAUT.RAC.CARBO.GUST DE PORTOCALE MARKA 2L} => {BAUT.RAC.CARBO.GUST DE LIMONADA GRAPEFRUIT MARKA 2L}",0.000124070825830926,0.105124835742444,0.00118022373071668,74.3242962860502,80
"{BAUT.RAC.CARBO.GUST DE PORTOCALE MARKA 2L} => {BAUT.RAC.CARBO.GUST DE LIMONADA CAPSUNI-LIME MARKA 2L}",0.000139579679059791,0.11826544021025,0.00118022373071668,78.0519222000896,90
"{BAUT.RAC.CARBO.GUST DE PORTOCALE MARKA 2L} => {BAUT.RAC.CARBO.GUST DE LIMONADA LAMAIE MARKA 2L}",0.000148884990997111,0.126149802890933,0.00118022373071668,61.2965409611555,96
"{GOBE PASTE ROMBURI DIN ILIENI CU 8 OUA 200G} => {PASTE ATA PAIANJENULUI CU 8 OUA GYERMELYI 250G}",0.00011321462857072,0.117363344051447,0.000964650670835446,5.31650011950012,73
"{LAPTE CU CACAO MIZO 450ML} => {LAPTE DE PASARE MIZO 450ML}",0.000172148270840409,0.129521586931155,0.00132910872171379,77.9054222034518,111
"{LAPTE DE PASARE MIZO 450ML} => {LAPTE CU CACAO MIZO 450ML}",0.000172148270840409,0.103544776119403,0.0016625490661344,77.9054222034518,111
"{PASTA DE ARDEI IUTE TUB UNIVER 70G RO} => {PASTA DE ARDEI DULCE TUB UNIVER 70G RO}",0.000125621711153812,0.12597200622084,0.000997219262616064,113.602612317698,81
"{PASTA DE ARDEI DULCE TUB UNIVER 70G RO} => {PASTA DE ARDEI IUTE TUB UNIVER 70G RO}",0.000125621711153812,0.113286713286713,0.0011088830058639,113.602612317698,81
"{PASTA DE ARDEI IUTE TUB UNIVER 70G RO} => {CARNE TOCATA PORC VRAC}",0.000100807545987627,0.101088646967341,0.000997219262616064,1.83826645450991,65
"{GIANA PASTA DE TOMATE 70G} => {CARNE TOCATA PORC VRAC}",0.000165944729548863,0.164362519201229,0.00100962634519916,2.98888267367923,107
"{ELAN CUB CU GUST GAINA 60G} => {_MORCOVI}",0.000110112857924946,0.113964686998395,0.000966201556158333,3.97423647505441,71
"{ELAN CUB CU GUST GAINA 60G} => {CARNE TOCATA PORC VRAC}",0.000134927023091132,0.139646869983949,0.000966201556158333,2.53943607190367,87
"{_CAPSUNI KG} => {_BANANE}",0.000179902697454842,0.161559888579387,0.00111353566183256,5.29494181339681,116
"{FOI DE DAFIN LUCULLUS 5G} => {PASTE ATA PAIANJENULUI CU 8 OUA GYERMELYI 250G}",0.0001039093166334,0.116319444444444,0.000893309945982664,5.2692119953398,67
"{DETERGENT VASE FAIRY RODII&PORTOCALE ROSII 400ML} => {CARNE TOCATA PORC VRAC}",0.000100807545987627,0.106732348111658,0.000944489161637921,1.94089545197024,65
"{CARTI CATEGORIA 2} => {CARTI CATEGORIA 1}",0.000183004468100615,0.166902404526167,0.00109647592328081,40.5644561332984,118
"{_CARTOFI ALBI 2.5KG} => {_MORCOVI}",0.000159741188257317,0.143254520166898,0.00111508654715544,4.99564693466603,103
"{PULPE CURCAN SUPERIOR REFR.VRAC} => {PIEPT DE PUI FARA OS REFR.VRAC SZEKELY CSURKE}",0.000145783220351338,0.128240109140518,0.00113679894167586,5.04443171626661,94
"{PULPE CURCAN SUPERIOR REFR.VRAC} => {CARNE TOCATA PORC VRAC}",0.000170597385517523,0.150068212824011,0.00113679894167586,2.72894503783159,110
"{PATE PORC BUCEGI 200G} => {CARNE TOCATA PORC VRAC}",0.000117867284539379,0.131944444444444,0.000893309945982664,2.39936979431064,76
"{PASTE MELCI FARA OUA CSALADI BALOGH 1KG} => {CARNE TOCATA PORC VRAC}",0.00015819030293443,0.146341463414634,0.00108096707005194,2.66117522757945,102
"{NAPOLITANE UMPLUTE CU CREMA DE CACAO BENEI 250G} => {NAPOLITANE UMPLUTE CU CREMA DE NUCI BENEI 250G}",0.000138028793736905,0.123268698060942,0.0011197392031241,108.434916273955,89
"{NAPOLITANE UMPLUTE CU CREMA DE NUCI BENEI 250G} => {NAPOLITANE UMPLUTE CU CREMA DE CACAO BENEI 250G}",0.000138028793736905,0.121418826739427,0.00113679894167586,108.434916273955,89
"{DR.OETKER BUDINCA CIOCOLATA 50G} => {DR.OETKER BUDINCA VANILIE 40G}",0.00031638060586886,0.37847866419295,0.000835927189035861,117.214406013912,204
"{OREZ IDEAL PENTRU SARMALE BUCATARIA ROMANEASCA 1KG} => {CARNE TOCATA PORC VRAC}",0.000193860665360821,0.234082397003745,0.000828172762421428,4.25671755347837,125
"{BRANZA DE BURDUF CALUP KERESZTURI} => {CARNE TOCATA PORC VRAC}",0.00010856197260206,0.104011887072808,0.00104374582230266,1.89142469122165,70
"{GOBE TURTA DULCE CU VANILIE 180G} => {GOBE TURTA DULCE CU SCORTISOARA 180G}",0.000147334105674224,0.144596651445967,0.00101893165713648,132.813260221936,95
"{GOBE TURTA DULCE CU SCORTISOARA 180G} => {GOBE TURTA DULCE CU VANILIE 180G}",0.000147334105674224,0.135327635327635,0.00108872149666637,132.813260221936,95
"{BOMBOANE HARIBO CHAMALLOWS FLOWERS 100G} => {BOMBOANE HARIBO CHAMALLOWS BARBECUE 100G}",0.00011321462857072,0.112828438948995,0.00100342280390761,93.7512727258242,73
"{DESERT POTTYOS GURU CU COCOS 38G} => {DESERT POTTYOS GURU CU CARAMEL 38G}",0.00026675227553649,0.242595204513399,0.00109957769392658,82.3282577388464,172
"{DESERT POTTYOS GURU CU COCOS 38G} => {BRANZA CIOCOLATA POTTYOS URIAS DE CASTANE 51G}",0.000124070825830926,0.112834978843441,0.00109957769392658,25.4299910917159,80
"{BAUT.RAC.CARBO.GUST DE STRUGURI ALB MARKA 2L} => {BAUT.RAC.CARBO.GUST DE PERE SI SALVIE MARKA 2L}",0.000164393844225976,0.14002642007926,0.00117402018942513,98.0326335311254,106
"{BAUT.RAC.CARBO.GUST DE PERE SI SALVIE MARKA 2L} => {BAUT.RAC.CARBO.GUST DE STRUGURI ALB MARKA 2L}",0.000164393844225976,0.115092290988056,0.00142836538237853,98.0326335311253,106
"{BAUT.RAC.CARBO.GUST DE STRUGURI ALB MARKA 2L} => {BAUT.RAC.CARBO.GUST DE LIMONADA CAPSUNI-LIME MARKA 2L}",0.000117867284539379,0.100396301188904,0.00117402018942513,66.2587842707233,76
"{BAUT.RAC.CARBO.GUST DE STRUGURI ALB MARKA 2L} => {BAUT.RAC.CARBO.GUST DE ZMEURA MARKA 2L}",0.000127172596476699,0.108322324966975,0.00117402018942513,60.52467667455,82
"{BAUT.RAC.CARBO.GUST DE STRUGURI ALB MARKA 2L} => {BAUT.RAC.CARBO.GUST DE LIMONADA SOC MARKA 2L}",0.000141130564382678,0.120211360634082,0.00117402018942513,60.1796924358164,91
"{BAUT.RAC.CARBO.GUST DE STRUGURI ALB MARKA 2L} => {BAUT.RAC.CARBO.GUST DE LIMONADA LAMAIE MARKA 2L}",0.000165944729548863,0.141347424042272,0.00117402018942513,68.6811074532696,107
"{SERVETELE FOREST CRACIUN DECOR STRAT 3 15BUC} => {SERVETELE FOREST CRACIUN 33*33CM STRAT 1 20BUC}",0.000226429257141439,0.24496644295302,0.000924327652440396,145.31062341399,146
"{SERVETELE FOREST CRACIUN 33*33CM STRAT 1 20BUC} => {SERVETELE FOREST CRACIUN DECOR STRAT 3 15BUC}",0.000226429257141439,0.134314627414903,0.0016858123459777,145.31062341399,146
"{GOBE FAINA NEAGRA DE GRAU 1100 1KG} => {GOBE FAINA DE SECARA 1KG}",0.000227980142464326,0.208215297450425,0.00109492503795792,129.590508000919,147
"{GOBE FAINA DE SECARA 1KG} => {GOBE FAINA NEAGRA DE GRAU 1100 1KG}",0.000227980142464326,0.141891891891892,0.00160671719451049,129.590508000919,147
"{ZUZU IAURT NATURAL 3% 140G} => {_BANANE}",0.000145783220351338,0.118836915297092,0.00122675029040328,3.89474489809688,94
"{BOMBOANE JELEU STICKS CU GUST DE CAPSUNI UMP.WOOGIE 85G} => {BOMBOANE JELEU STRIPS CU GUST DE CAPSUNI CU GLAZURA ACRISOARA WOOGIE 85G}",0.000156639417611544,0.124231242312423,0.00126086976750678,84.3194057098466,101
"{BOMBOANE JELEU STRIPS CU GUST DE CAPSUNI CU GLAZURA ACRISOARA WOOGIE 85G} => {BOMBOANE JELEU STICKS CU GUST DE CAPSUNI UMP.WOOGIE 85G}",0.000156639417611544,0.106315789473684,0.00147334105674224,84.3194057098466,101
"{BOMBOANE UMPLUTE CU MACESE&VITAMINA C DR.TOROK 75G} => {BOMBOANE UMPLUTE CU ULEI DE EUCALIPT&MENTHOL DR.TOROK 75G}",0.00011321462857072,0.10124826629681,0.00111818831780122,90.0471356831986,73
"{BOMBOANE UMPLUTE CU ULEI DE EUCALIPT&MENTHOL DR.TOROK 75G} => {BOMBOANE UMPLUTE CU MACESE&VITAMINA C DR.TOROK 75G}",0.00011321462857072,0.100689655172414,0.00112439185909276,90.0471356831986,73
"{BOMBOANE UMPLUTE CU MACESE&VITAMINA C DR.TOROK 75G} => {BOMBOANE UMPLUTE CU FLORI DE TEI &VITAMINA C DR.TOROK 75G}",0.000296219096671335,0.264909847434119,0.00111818831780122,244.017164652269,191
"{BOMBOANE UMPLUTE CU FLORI DE TEI &VITAMINA C DR.TOROK 75G} => {BOMBOANE UMPLUTE CU MACESE&VITAMINA C DR.TOROK 75G}",0.000296219096671335,0.272857142857143,0.0010856197260206,244.017164652269,191
"{BOMBOANE UMPLUTE CU MACESE&VITAMINA C DR.TOROK 75G} => {BOMBOANE UMPLUTE CU ULEI DE LAMAIE&MIERE DR.TOROK 75G}",0.000200064206652368,0.178918169209431,0.00111818831780122,148.666473040022,129
"{BOMBOANE UMPLUTE CU ULEI DE LAMAIE&MIERE DR.TOROK 75G} => {BOMBOANE UMPLUTE CU MACESE&VITAMINA C DR.TOROK 75G}",0.000200064206652368,0.166237113402062,0.00120348701055998,148.666473040022,129
"{BOMBOANE UMPLUTE CU MACESE&VITAMINA C DR.TOROK 75G} => {BOMBOANE UMPLUTE CU ANASON&MENTHOL DR.TOROK 75G}",0.000124070825830926,0.110957004160888,0.00111818831780122,82.234827107944,80
"{BOMBOANE UMPLUTE CU MACESE&VITAMINA C DR.TOROK 75G} => {BOMBOANE UMPLUTE CU PEPPERMINT&SPEARMINT DR.TOROK 75G}",0.000148884990997111,0.133148404993065,0.00111818831780122,99.713309524615,96
"{BOMBOANE UMPLUTE CU PEPPERMINT&SPEARMINT DR.TOROK 75G} => {BOMBOANE UMPLUTE CU MACESE&VITAMINA C DR.TOROK 75G}",0.000148884990997111,0.111498257839721,0.00133531226300534,99.713309524615,96
"{FICAT RATA REFR.VRAC} => {PIEPT DE PUI FARA OS REFR.VRAC SZEKELY CSURKE}",0.000141130564382678,0.108333333333333,0.00130274367122472,4.26138207662274,91
"{FICAT RATA REFR.VRAC} => {CARNE TOCATA PORC VRAC}",0.000245039881016078,0.188095238095238,0.00130274367122472,3.42045498497216,158
"{SANA 3.6% PROBIOTIC LACTIS 500G} => {IAURT 2.8% PROBIOTIC LACTIS 500G}",0.000131825252445358,0.104039167686659,0.00126707330879833,84.8087573327226,85
"{IAURT 2.8% PROBIOTIC LACTIS 500G} => {SANA 3.6% PROBIOTIC LACTIS 500G}",0.000131825252445358,0.107458912768647,0.00122675029040328,84.8087573327226,85
"{ULEI RAFINAT DE FLOAREA SOARELUI OLPO 2L} => {CARNE TOCATA PORC VRAC}",0.00016284295890309,0.165354330708661,0.000984812180032972,3.00691846580828,105
"{BERE FARA ALCOOL CU GUST DE POMELO&GRAPEFRUIT DREHER 500ML} => {BERE FARA ALCOOL CU GUST DE VISINE&MURE DREHER 500ML}",0.000307075293931541,0.285302593659942,0.00107631441408328,215.411142006763,198
"{BERE FARA ALCOOL CU GUST DE VISINE&MURE DREHER 500ML} => {BERE FARA ALCOOL CU GUST DE POMELO&GRAPEFRUIT DREHER 500ML}",0.000307075293931541,0.231850117096019,0.00132445606574513,215.411142006763,198
"{BERE FARA ALCOOL CU GUST DE POMELO&GRAPEFRUIT DREHER 500ML} => {BERE FARA ALCOOL CU GUST DE RODII DREHER 500ML}",0.000381517789430096,0.354466858789625,0.00107631441408328,235.626545649009,246
"{BERE FARA ALCOOL CU GUST DE RODII DREHER 500ML} => {BERE FARA ALCOOL CU GUST DE POMELO&GRAPEFRUIT DREHER 500ML}",0.000381517789430096,0.25360824742268,0.00150435876319997,235.626545649009,246
"{BERE FARA ALCOOL CU GUST DE POMELO&GRAPEFRUIT DREHER 500ML} => {BERE BLONDA FARA ALCOOL CU GUST DE LIME&MENTA SOPRONI DOZA 500ML}",0.000139579679059791,0.129682997118156,0.00107631441408328,29.8425013421866,90
"{GOBE SUNCA DE CASA UDVARHELYI} => {CARNE TOCATA PORC VRAC}",0.00011321462857072,0.106413994169096,0.00106390733150019,1.93510628186232,73
"{AMESTEC DE CONDIMENTE CU USTUROI PENTRU GRATAR MARCO POLO 30G} => {AMESTEC DE CONDIMENTE PENTRU CARTOFI PRAJITI MARCO POLO 30G}",0.000125621711153812,0.15606936416185,0.00080490948257813,156.992876015619,81
"{AMESTEC DE CONDIMENTE PENTRU CARTOFI PRAJITI MARCO POLO 30G} => {AMESTEC DE CONDIMENTE CU USTUROI PENTRU GRATAR MARCO POLO 30G}",0.000125621711153812,0.126365054602184,0.000994117491970291,156.992876015619,81
"{AMESTEC DE CONDIMENTE CU USTUROI PENTRU GRATAR MARCO POLO 30G} => {AMESTEC DE CONDIMENTE PENTRU FRIPTURA DE PUI MARCO POLO 30G}",0.000179902697454842,0.223506743737958,0.00080490948257813,208.863164949317,116
"{AMESTEC DE CONDIMENTE PENTRU FRIPTURA DE PUI MARCO POLO 30G} => {AMESTEC DE CONDIMENTE CU USTUROI PENTRU GRATAR MARCO POLO 30G}",0.000179902697454842,0.168115942028985,0.00107011087279173,208.863164949317,116
"{AMESTEC DE CONDIMENTE CU USTUROI PENTRU GRATAR MARCO POLO 30G} => {CARNE TOCATA PORC VRAC}",0.000107011087279173,0.132947976878613,0.00080490948257813,2.41761872794549,69
"{VIN TOKAJI ALB FURMINT DEMIDULCE CORVUS 750ML} => {VIN TOKAJI ALB HARSLEVELU DEMIDULCE CORVUS 750ML}",0.000176800926809069,0.133645955451348,0.00132290518042224,89.8581611609397,114
"{VIN TOKAJI ALB HARSLEVELU DEMIDULCE CORVUS 750ML} => {VIN TOKAJI ALB FURMINT DEMIDULCE CORVUS 750ML}",0.000176800926809069,0.118873826903024,0.00148729902464822,89.8581611609397,114
"{KEFIR CAUCAZIAN 3.3% BOMILACT 330G} => {_BANANE}",0.000114765513893606,0.101648351648352,0.00112904451506142,3.33140925101126,74
"{BOMBOANE UMPLUTE CU ULEI DE EUCALIPT&MENTHOL DR.TOROK 75G} => {BOMBOANE UMPLUTE CU FLORI DE TEI &VITAMINA C DR.TOROK 75G}",0.000114765513893606,0.102068965517241,0.00112439185909276,94.0190778325123,74
"{BOMBOANE UMPLUTE CU FLORI DE TEI &VITAMINA C DR.TOROK 75G} => {BOMBOANE UMPLUTE CU ULEI DE EUCALIPT&MENTHOL DR.TOROK 75G}",0.000114765513893606,0.105714285714286,0.0010856197260206,94.0190778325123,74
"{BOMBOANE UMPLUTE CU ULEI DE EUCALIPT&MENTHOL DR.TOROK 75G} => {BOMBOANE UMPLUTE CU ULEI DE LAMAIE&MIERE DR.TOROK 75G}",0.000169046500194636,0.150344827586207,0.00112439185909276,124.924345894063,109
"{BOMBOANE UMPLUTE CU ULEI DE LAMAIE&MIERE DR.TOROK 75G} => {BOMBOANE UMPLUTE CU ULEI DE EUCALIPT&MENTHOL DR.TOROK 75G}",0.000169046500194636,0.140463917525773,0.00120348701055998,124.924345894063,109
"{BOMBOANE UMPLUTE CU ULEI DE EUCALIPT&MENTHOL DR.TOROK 75G} => {BOMBOANE UMPLUTE CU ANASON&MENTHOL DR.TOROK 75G}",0.000200064206652368,0.177931034482759,0.00112439185909276,131.872052318668,129
"{BOMBOANE UMPLUTE CU ANASON&MENTHOL DR.TOROK 75G} => {BOMBOANE UMPLUTE CU ULEI DE EUCALIPT&MENTHOL DR.TOROK 75G}",0.000200064206652368,0.148275862068966,0.00134927023091132,131.872052318668,129
"{BOMBOANE UMPLUTE CU ULEI DE EUCALIPT&MENTHOL DR.TOROK 75G} => {BOMBOANE UMPLUTE CU PEPPERMINT&SPEARMINT DR.TOROK 75G}",0.000229531027787212,0.204137931034483,0.00112439185909276,152.876549321158,148
"{BOMBOANE UMPLUTE CU PEPPERMINT&SPEARMINT DR.TOROK 75G} => {BOMBOANE UMPLUTE CU ULEI DE EUCALIPT&MENTHOL DR.TOROK 75G}",0.000229531027787212,0.171893147502904,0.00133531226300534,152.876549321158,148
"{CARNATI LANGOLT BOGDANY} => {CARNE TOCATA PORC VRAC}",0.000148884990997111,0.12972972972973,0.00114765513893606,2.35909587742178,96
"{CERBONA BATON CEREALE FARA GLUTEN VISINE&CIOCOLATA 35G} => {CERBONA BATON CEREALE FARA GLUTEN FRUCTE 35G}",0.000361356280232571,0.363494539781591,0.000994117491970291,306.377431097244,233
"{CERBONA BATON CEREALE FARA GLUTEN FRUCTE 35G} => {CERBONA BATON CEREALE FARA GLUTEN VISINE&CIOCOLATA 35G}",0.000361356280232571,0.304575163398693,0.00118642727200823,306.377431097244,233
"{CERBONA BATON CEREALE FARA GLUTEN VISINE&CIOCOLATA 35G} => {CERBONA BATON CEREALE ZMEURA FARA GLUTEN 35G}",0.000421840807825147,0.424336973478939,0.000994117491970291,323.798236852551,272
"{CERBONA BATON CEREALE ZMEURA FARA GLUTEN 35G} => {CERBONA BATON CEREALE FARA GLUTEN VISINE&CIOCOLATA 35G}",0.000421840807825147,0.32189349112426,0.00131049809783915,323.798236852551,272
"{ELAN PIPER MACINAT 50G} => {CARNE TOCATA PORC VRAC}",0.000195411550683708,0.179743223965763,0.00108717061134349,3.26857613544352,126
"{ULEI RAZA SOARELUI 1L} => {CARNE TOCATA PORC VRAC}",0.000190758894715048,0.184684684684685,0.00103288962504246,3.35843510327407,123
"{POLONEZ CRISTUR} => {CREMWURSTI DE PUI CRISTUR}",0.000151986761642884,0.135172413793103,0.00112439185909276,41.7025005774625,98
"{POLONEZ CRISTUR} => {PARIZER CRISTUR}",0.000201615091975254,0.179310344827586,0.00112439185909276,50.094477977649,130
"{PASTE CUS CUS CSALADI BALOGH 1KG} => {CARNE TOCATA PORC VRAC}",0.000175250041486182,0.139506172839506,0.00125621711153812,2.53687753690856,113
"{_RIDICHI NEGRU KG} => {_MORCOVI}",0.000148884990997111,0.142644873699851,0.00104374582230266,4.97438702258238,96
"{_RIDICHI NEGRU KG} => {_BANANE}",0.000111663743247833,0.106983655274889,0.00104374582230266,3.50626776637497,72
"{DROPSURI CU EXTRACT DE PLANTE MACESE VERBENA 60G} => {DROPSURI CU EXTRACT DE PLANTE SALVIE VERBENA 60G}",0.000210920403912573,0.204204204204204,0.00103288962504246,145.010398063262,136
"{DROPSURI CU EXTRACT DE PLANTE SALVIE VERBENA 60G} => {DROPSURI CU EXTRACT DE PLANTE MACESE VERBENA 60G}",0.000210920403912573,0.149779735682819,0.00140820387318101,145.010398063262,136
"{BOMBOANE UMPLUTE CU FLORI DE TEI &VITAMINA C DR.TOROK 75G} => {BOMBOANE UMPLUTE CU ULEI DE LAMAIE&MIERE DR.TOROK 75G}",0.000209369518589687,0.192857142857143,0.0010856197260206,160.248628497791,135
"{BOMBOANE UMPLUTE CU ULEI DE LAMAIE&MIERE DR.TOROK 75G} => {BOMBOANE UMPLUTE CU FLORI DE TEI &VITAMINA C DR.TOROK 75G}",0.000209369518589687,0.173969072164948,0.00120348701055998,160.248628497791,135
"{BOMBOANE UMPLUTE CU FLORI DE TEI &VITAMINA C DR.TOROK 75G} => {BOMBOANE UMPLUTE CU ANASON&MENTHOL DR.TOROK 75G}",0.000120969055185152,0.111428571428571,0.0010856197260206,82.5843251231527,78
"{BOMBOANE UMPLUTE CU FLORI DE TEI &VITAMINA C DR.TOROK 75G} => {BOMBOANE UMPLUTE CU PEPPERMINT&SPEARMINT DR.TOROK 75G}",0.000147334105674224,0.135714285714286,0.0010856197260206,101.634868093579,95
"{BOMBOANE UMPLUTE CU PEPPERMINT&SPEARMINT DR.TOROK 75G} => {BOMBOANE UMPLUTE CU FLORI DE TEI &VITAMINA C DR.TOROK 75G}",0.000147334105674224,0.110336817653891,0.00133531226300534,101.634868093579,95
"{CORN CU SUSAN RIP-ROP 150G} => {CORN RIP-ROP 100G}",0.000232632798432985,0.137741046831956,0.00168891411662347,11.1533922905836,150
"{REAL PATEU DE RATA 48G} => {REAL PATEU DE GASCA 48G}",0.000491630647355043,0.412760416666667,0.00119107992797689,274.659470942982,317
"{REAL PATEU DE GASCA 48G} => {REAL PATEU DE RATA 48G}",0.000491630647355043,0.327141382868937,0.00150280787787709,274.659470942982,317
"{REAL PATEU DE RATA 48G} => {REAL PATEU DE PORC 48G}",0.000240387225047418,0.201822916666667,0.00119107992797689,127.707560261286,155
"{REAL PATEU DE PORC 48G} => {REAL PATEU DE RATA 48G}",0.000240387225047418,0.152109911678116,0.00158035214402141,127.707560261286,155
"{REAL PATEU DE RATA 48G} => {REAL PATEU DE PUI 48G}",0.000345847427003705,0.290364583333333,0.00119107992797689,145.813902477609,223
"{REAL PATEU DE PUI 48G} => {REAL PATEU DE RATA 48G}",0.000345847427003705,0.173676012461059,0.00199133675458636,145.813902477609,223
"{REAL PATEU DE RATA 48G} => {CARNE TOCATA PORC VRAC}",0.000133376137768245,0.111979166666667,0.00119107992797689,2.03630725964521,86
"{GOBE CIOLAN AFUMAT FARA OS UDVARHELYI} => {GOBE CARNATI AFUMATI UDVARHELYI}",0.000107011087279173,0.104387291981846,0.00102513519842802,12.0992621173558,69
"{GOBE CIOLAN AFUMAT FARA OS UDVARHELYI} => {CARNE TOCATA PORC VRAC}",0.000209369518589687,0.204236006051437,0.00102513519842802,3.71396996587299,135
"{CREMA DE BRANZA CU LEURDA LACTIS 200G} => {CREMA DE BRANZA CU BOIA LACTIS 200G}",0.000102358431310514,0.101851851851852,0.0010049736892305,83.7670422335601,66
"{JUMARI DE RATA HAZAI 150G} => {JUMARI DE GASCA HAZI 150G}",0.000390823101367416,0.291329479768786,0.00134151580429688,174.255296148938,252
"{JUMARI DE GASCA HAZI 150G} => {JUMARI DE RATA HAZAI 150G}",0.000390823101367416,0.233766233766234,0.00167185437807172,174.255296148938,252
"{CHIPS DIN CARTOFI CU GUST DE SMANTANA SI CEAPA CSIKI CSIPSZ 250G} => {CHIPS DIN CARTOFI CU GUST DE PAPRIKAS HANGULAT CSIKI CSIPSZ 250G}",0.000184555353423502,0.153945666235446,0.00119883435459132,116.097178911055,119
"{CHIPS DIN CARTOFI CU GUST DE PAPRIKAS HANGULAT CSIKI CSIPSZ 250G} => {CHIPS DIN CARTOFI CU GUST DE SMANTANA SI CEAPA CSIKI CSIPSZ 250G}",0.000184555353423502,0.139181286549708,0.00132600695106802,116.097178911055,119
"{CHIPS DIN CARTOFI CU GUST DE SMANTANA SI CEAPA CSIKI CSIPSZ 250G} => {CHIPS DIN CARTOFI CU GUST DE SARE CSIKI CSIPSZ 250G}",0.000144232335028451,0.120310478654593,0.00119883435459132,70.523049511937,93
"{CHIPS DIN CARTOFI CU GUST DE SMANTANA SI CEAPA CSIKI CSIPSZ 250G} => {CHIPS DIN CARTOFI CU GUST DE CASCAVAL CSIKI CSIPSZ 250G}",0.000215573059881233,0.179818887451488,0.00119883435459132,79.7976324132878,139
"{KEFIR 3% SINBIOTIC PET LACTIS 900G} => {_BANANE}",0.000148884990997111,0.123076923076923,0.00120969055185152,4.03370633635958,96
"{BISCUITI FRAGEZI CU CACAO GYORI EDES 180G} => {BISCUITI FRAGEZI CU MIERE GYORI EDES 180G}",0.000147334105674224,0.14797507788162,0.000995668377293178,111.987434733009,95
"{BISCUITI FRAGEZI CU MIERE GYORI EDES 180G} => {BISCUITI FRAGEZI CU CACAO GYORI EDES 180G}",0.000147334105674224,0.11150234741784,0.00132135429509936,111.987434733009,95
"{BISCUITI FRAGEZI CU CACAO GYORI EDES 180G} => {BISCUITI CU COCOS GYORI EDES 180G}",0.000107011087279173,0.107476635514019,0.000995668377293178,35.721743424222,69
"{GOBE PASTE FRUNZULITE DIN ILIENI CU 8 OUA 200G} => {PASTE ATA PAIANJENULUI CU 8 OUA GYERMELYI 250G}",0.000114765513893606,0.130511463844797,0.000879351978076685,5.91210329541087,74
"{PUFULETI LUPENI 100G} => {GOBE PUFULETI 120G}",0.000127172596476699,0.106355382619974,0.00119573258394555,67.9655165764925,82
"{PAIE MAGICA CU AROMA DE BISCUITI MILKY SIP 5*6G} => {PAIE MAGICA CU AROMA DE VANILIE MILKY SIP 5*6G}",0.000460612940897311,0.372647427854454,0.0012360556023406,310.03929412717,297
"{PAIE MAGICA CU AROMA DE VANILIE MILKY SIP 5*6G} => {PAIE MAGICA CU AROMA DE BISCUITI MILKY SIP 5*6G}",0.000460612940897311,0.383225806451613,0.00120193612523709,310.03929412717,297
"{MARGARINA FLORA ORIGINAL OMEGA 3&6 400G} => {CARNE TOCATA PORC VRAC}",0.000159741188257317,0.11195652173913,0.00142681449705564,2.03589546849058,103
"{CUB CU GUST DE GAINA THYMOS 8*10G 6+2GRATIS} => {PASTE ATA PAIANJENULUI CU 8 OUA GYERMELYI 250G}",0.000111663743247833,0.121008403361345,0.000922776767117509,5.48161946245408,72
"{KNORR CUB DE GAINA CU PATRUNJEL 12BUC 120G} => {KNORR CUB DE LEGUME 12BUC 120G}",0.000130274367122472,0.164705882352941,0.000790951514672151,169.110191082803,84
"{KNORR CUB DE LEGUME 12BUC 120G} => {KNORR CUB DE GAINA CU PATRUNJEL 12BUC 120G}",0.000130274367122472,0.133757961783439,0.000973955982772766,169.110191082803,84
"{KNORR CUB DE GAINA CU PATRUNJEL 12BUC 120G} => {KNORR CUB PENTRU SUPA DE CARNE 12BUC 120G}",0.000128723481799585,0.162745098039216,0.000790951514672151,136.104928664073,83
"{KNORR CUB PENTRU SUPA DE CARNE 12BUC 120G} => {KNORR CUB DE GAINA CU PATRUNJEL 12BUC 120G}",0.000128723481799585,0.107652399481193,0.00119573258394555,136.104928664073,83
"{ULEI PT.COPT SI PRAJIT VENUSZ 1L} => {ULEI VENUSZ 1L}",0.000128723481799585,0.115760111576011,0.00111198477650967,49.3333176625452,83
"{CREMA DE UNT THEREZIA 125G} => {CREMA DE UNT CU CASCAVAL THEREZIA 125G}",0.0001039093166334,0.11858407079646,0.000876250207430912,117.453423596101,67
"{CREMA DE UNT CU CASCAVAL THEREZIA 125G} => {CREMA DE UNT THEREZIA 125G}",0.0001039093166334,0.102918586789555,0.00100962634519916,117.453423596101,67
"{PIPER BOABE COLORAT THYMOS 20G} => {PIPER NEGRU INTREGI THYMOS 20G}",0.000100807545987627,0.101721439749609,0.000991015721324518,64.4928931174724,65
"{SPANAC TOCAT CONG.AGROSPRINT 400G} => {CARNE TOCATA PORC VRAC}",0.000142681449705564,0.120104438642298,0.00118797815733111,2.18406287172099,92
"{SMANTANA 20% GRASIME FRISS 300G} => {CARNE TOCATA PORC VRAC}",0.000142681449705564,0.102449888641425,0.00139269501995214,1.8630202224257,92
"{PIPER NEGRU MACINAT MALUKU 150G} => {CARNE TOCATA PORC VRAC}",0.000141130564382678,0.133627019089574,0.00105615290488575,2.42996690506582,91
"{SALAM VICTORIA GROS CAMPOFRIO} => {CARNE TOCATA PORC VRAC}",0.000138028793736905,0.105450236966825,0.00130894721251626,1.91758064878306,89
"{SARE DE LAMAIE ECOM 100G} => {CONSERVANT ACID SALICILIC HA 15G}",0.000144232335028451,0.121251629726206,0.001189529042654,34.4111804956204,93
"{SARE DE LAMAIE ECOM 100G} => {CARNE TOCATA PORC VRAC}",0.000120969055185152,0.101694915254237,0.001189529042654,1.84929125984335,78
"{CREMA DE UNT FARA LACTOZA NATUR 39% GRASIME MIZO 200G} => {CASCAVAL TRAPPIST FELIAT FARA LACTOZ MIZO 125G}",0.000150435876319997,0.116167664670659,0.00129498924461029,95.7852902889872,97
"{CASCAVAL TRAPPIST FELIAT FARA LACTOZ MIZO 125G} => {CREMA DE UNT FARA LACTOZA NATUR 39% GRASIME MIZO 200G}",0.000150435876319997,0.124040920716113,0.0012127923224973,95.7852902889872,97
"{CREMA DE UNT FARA LACTOZA NATUR 39% GRASIME MIZO 200G} => {SMANTANA FARA LACTOZA 20% MIZO 150G}",0.000200064206652368,0.154491017964072,0.00129498924461029,47.9377896757015,129
"{CREMA DE UNT FARA LACTOZA NATUR 39% GRASIME MIZO 200G} => {IAURT FARA LACTOZA NATUR MIZO 150G}",0.000235734569078759,0.182035928143713,0.00129498924461029,55.3396945853696,152
"{CREMA DE UNT FARA LACTOZA NATUR 39% GRASIME MIZO 200G} => {LAPTE UHT 1.5% GRASIME FARA LACTOZA MIZO 1L}",0.000204716862621027,0.158083832335329,0.00129498924461029,27.7062648825752,132
"{UNT 60% GRASIME MLEKOVITA 200G} => {CARNE TOCATA PORC VRAC}",0.000147334105674224,0.108571428571429,0.00135702465752575,1.97433857360418,95
"{_CARTOFI ROSII 2.5KG} => {_MORCOVI}",0.000186106238746388,0.141342756183746,0.0013167016391307,4.92897889605116,120
"{MAGGI CUB GAINA 120G} => {CARNE TOCATA PORC VRAC}",0.000119418169862266,0.12962962962963,0.000921225881794622,2.35727558739291,77
"{PASTA ARDEI IUTE UNIVER 160G} => {PASTA ARDEI DULCE UNIVER 160G}",0.000148884990997111,0.150470219435737,0.000989464836001632,111.519705977732,96
"{PASTA ARDEI DULCE UNIVER 160G} => {PASTA ARDEI IUTE UNIVER 160G}",0.000148884990997111,0.110344827586207,0.00134927023091132,111.519705977732,96
"{PASTA ARDEI IUTE UNIVER 160G} => {CREMA GULAS DULCE UNIVER 160G}",0.000117867284539379,0.119122257053292,0.000989464836001632,72.0536561840178,76
"{CASCAVAL DOTTI 480G} => {CARNE TOCATA PORC VRAC}",0.000124070825830926,0.112676056338028,0.00110112857924946,2.04897998743207,80
"{GAINA CONGELAT} => {CARNE TOCATA PORC VRAC}",0.000249692536984738,0.137842465753425,0.00181143405713151,2.50662352700513,161
"{CHIPS DIN CARTOFI CU GUST DE PAPRIKAS HANGULAT CSIKI CSIPSZ 250G} => {CHIPS DIN CARTOFI CU GUST DE SARE CSIKI CSIPSZ 250G}",0.000206267747943914,0.155555555555556,0.00132600695106802,91.1828484848485,133
"{CHIPS DIN CARTOFI CU GUST DE SARE CSIKI CSIPSZ 250G} => {CHIPS DIN CARTOFI CU GUST DE PAPRIKAS HANGULAT CSIKI CSIPSZ 250G}",0.000206267747943914,0.120909090909091,0.00170597385517523,91.1828484848485,133
"{CHIPS DIN CARTOFI CU GUST DE PAPRIKAS HANGULAT CSIKI CSIPSZ 250G} => {CHIPS DIN CARTOFI CU GUST DE CASCAVAL CSIKI CSIPSZ 250G}",0.000195411550683708,0.147368421052632,0.00132600695106802,65.3971963632412,126
"{BREF PB WC POWER AKTIV 4IN1 OCEAN 50G} => {BREF PB WC POWER AKTIV 4IN1 PINE FRESHNESS 50G}",0.000100807545987627,0.103011093502377,0.000978608638741426,96.6824337884691,65
"{OUA CONSUM CLASA S 1X30 PAL MAR} => {CARNE TOCATA PORC VRAC}",0.00021712394520412,0.139026812313803,0.00156174152014678,2.52816051080868,140
"{MEGLEPETES} => {NOK LAPJA}",0.000345847427003705,0.249720044792833,0.00138494059333771,44.3452869298004,223
"{COZONAC IMPLETIT CU CACAO HARMOPAN 200G} => {COZONAC IMPLETIT DULCE HARMOPAN 200G}",0.000240387225047418,0.118140243902439,0.00203476154362718,63.9596996528844,155
"{COZONAC IMPLETIT DULCE HARMOPAN 200G} => {COZONAC IMPLETIT CU CACAO HARMOPAN 200G}",0.000240387225047418,0.130142737195634,0.0018471044195579,63.9596996528844,155
"{CHIMEN INTREGI MARCO POLO 20G} => {CHIMEN MACINAT MARCO POLO 20G}",0.000136477908414018,0.134556574923547,0.00101427900116782,105.420580333753,88
"{CHIMEN MACINAT MARCO POLO 20G} => {CHIMEN INTREGI MARCO POLO 20G}",0.000136477908414018,0.106925880923451,0.00127637862073565,105.420580333753,88
"{CHIMEN INTREGI MARCO POLO 20G} => {CARNE TOCATA PORC VRAC}",0.000111663743247833,0.110091743119266,0.00101427900116782,2.00198503359188,72
"{MOGYI PORUMB PT.POPCORN MICRO CU CASC.100G} => {MOGYI PORUMB PT.POPCORN MICRO CU UNT 100G}",0.000345847427003705,0.342549923195084,0.00100962634519916,286.105948998352,223
"{MOGYI PORUMB PT.POPCORN MICRO CU UNT 100G} => {MOGYI PORUMB PT.POPCORN MICRO CU CASC.100G}",0.000345847427003705,0.288860103626943,0.00119728346926843,286.105948998353,223
"{MOGYI PORUMB PT.POPCORN MICRO CU CASC.100G} => {MOGYI PORUMB PT.POPCORN MICRO CU SARE 100G}",0.000286913784734015,0.284178187403994,0.00100962634519916,229.907284806504,185
"{MOGYI PORUMB PT.POPCORN MICRO CU SARE 100G} => {MOGYI PORUMB PT.POPCORN MICRO CU CASC.100G}",0.000286913784734015,0.232120451693852,0.0012360556023406,229.907284806504,185
"{MOGYI PORUMB PT.POPCORN MICRO CU CASC.100G} => {CARNE TOCATA PORC VRAC}",0.000102358431310514,0.101382488479263,0.00100962634519916,1.84360987348438,66
"{CASCAVAL TRAPPIST FELIAT FARA LACTOZ MIZO 125G} => {CHEFIR FARA LACTOZA MIZO 150G}",0.000155088532288657,0.127877237851662,0.0012127923224973,76.9881865789794,100
"{CASCAVAL TRAPPIST FELIAT FARA LACTOZ MIZO 125G} => {UNT FARA LACTOZA 82% GRASIME MIZO 100G}",0.000241938110370305,0.199488491048593,0.0012127923224973,106.923343814377,156
"{UNT FARA LACTOZA 82% GRASIME MIZO 100G} => {CASCAVAL TRAPPIST FELIAT FARA LACTOZ MIZO 125G}",0.000241938110370305,0.129675810473815,0.00186571504343254,106.923343814377,156
"{CASCAVAL TRAPPIST FELIAT FARA LACTOZ MIZO 125G} => {SMANTANA FARA LACTOZA 20% MIZO 150G}",0.000263650504890717,0.217391304347826,0.0012127923224973,67.4554337364523,170
"{CASCAVAL TRAPPIST FELIAT FARA LACTOZ MIZO 125G} => {IAURT FARA LACTOZA NATUR MIZO 150G}",0.000263650504890717,0.217391304347826,0.0012127923224973,66.0878789742328,170
"{CASCAVAL TRAPPIST FELIAT FARA LACTOZ MIZO 125G} => {LAPTE UHT 1.5% GRASIME FARA LACTOZA MIZO 1L}",0.000269854046182263,0.222506393861893,0.0012127923224973,38.9971636905114,174
"{BISCUITI CU BUC DE CIOCOLATA GYORI EDES 150G} => {BISCUITI CU CACAO GYORI EDES DUPLAJO 150G}",0.000114765513893606,0.11144578313253,0.00102978785439668,90.7316424790069,74
"{SALAM DE VARA BENEDEK} => {CARNE TOCATA PORC VRAC}",0.000122519940508039,0.104084321475626,0.00117712196007091,1.8927418889174,79
"{BOMBOANE UMPLUTE CU ULEI DE LAMAIE&MIERE DR.TOROK 75G} => {BOMBOANE UMPLUTE CU ANASON&MENTHOL DR.TOROK 75G}",0.000169046500194636,0.140463917525773,0.00120348701055998,104.103621578386,109
"{BOMBOANE UMPLUTE CU ANASON&MENTHOL DR.TOROK 75G} => {BOMBOANE UMPLUTE CU ULEI DE LAMAIE&MIERE DR.TOROK 75G}",0.000169046500194636,0.125287356321839,0.00134927023091132,104.103621578386,109
"{BOMBOANE UMPLUTE CU ULEI DE LAMAIE&MIERE DR.TOROK 75G} => {BOMBOANE UMPLUTE CU PEPPERMINT&SPEARMINT DR.TOROK 75G}",0.000184555353423502,0.153350515463918,0.00120348701055998,114.842437767161,119
"{BOMBOANE UMPLUTE CU PEPPERMINT&SPEARMINT DR.TOROK 75G} => {BOMBOANE UMPLUTE CU ULEI DE LAMAIE&MIERE DR.TOROK 75G}",0.000184555353423502,0.138211382113821,0.00133531226300534,114.842437767161,119
"{BISCUITI CU BUC DE CIOCOLATA GYORI EDES 150G} => {BISCUITI CU COCOS GYORI EDES 180G}",0.000156639417611544,0.15210843373494,0.00102978785439668,50.555903769718,101
"{BISCUITI CU BUC DE CIOCOLATA GYORI EDES 150G} => {BISCUITI EREDETI GYORI EDES 180G}",0.0001039093166334,0.100903614457831,0.00102978785439668,32.0029238942983,67
"{BERE GOSSER NATUR BITTER LEMON FARA ALCOOL DOZA 500ML} => {BERE GOSSER NATURZITRONE 0% MANGO&LAMAIE DOZA 500ML}",0.000203165977298141,0.178474114441417,0.00113834982699874,160.054046833136,131
"{BERE GOSSER NATURZITRONE 0% MANGO&LAMAIE DOZA 500ML} => {BERE GOSSER NATUR BITTER LEMON FARA ALCOOL DOZA 500ML}",0.000203165977298141,0.182197496522949,0.00111508654715544,160.054046833136,131
"{BERE GOSSER NATUR BITTER LEMON FARA ALCOOL DOZA 500ML} => {BERE BLONDA FARA ALCOOL CU GUST DE LIME&MENTA SOPRONI DOZA 500ML}",0.000145783220351338,0.128065395095368,0.00113834982699874,29.4702606351633,94
"{COVRIG CU SALAM RIP-ROP 100G} => {MELCI PIZZA RIP-ROP 120G}",0.000252794307630511,0.12357846853677,0.00204561774088739,47.0658780054517,163
"{ELAN SCARITA AFUMATA} => {CARNE TOCATA PORC VRAC}",0.000251243422307624,0.203517587939698,0.00123450471701771,3.70090574991263,162
"{ELAN FOLIE ALUMINIU ALIMENTAR 15M} => {CARNE TOCATA PORC VRAC}",0.00010856197260206,0.104633781763827,0.00103754228101112,1.90273365798531,70
"{CONDIMENT PT.CARNE DE PUI CROCANT LUCULLUS 40G} => {CONDIMENT DE PUI LUCULLUS 40G}",0.000159741188257317,0.152366863905325,0.00104839847827132,132.943284544122,103
"{CONDIMENT DE PUI LUCULLUS 40G} => {CONDIMENT PT.CARNE DE PUI CROCANT LUCULLUS 40G}",0.000159741188257317,0.139377537212449,0.00114610425361318,132.943284544122,103
"{CONDIMENT PT.CARNE DE PUI CROCANT LUCULLUS 40G} => {CARNE TOCATA PORC VRAC}",0.00010856197260206,0.103550295857988,0.00104839847827132,1.88303079466297,70
"{BERE GOSSER NATURZITRONE 0% MANGO&LAMAIE DOZA 500ML} => {BERE FARA ALCOOL CU GUST DE RODII DREHER 500ML}",0.000130274367122472,0.11682892906815,0.00111508654715544,77.6602841862266,84
"{BERE GOSSER NATURZITRONE 0% MANGO&LAMAIE DOZA 500ML} => {BERE FARA ALC.CU GUST DE VISINE&LAMAIE SOPRONI RADLER 500ML}",0.000134927023091132,0.121001390820584,0.00111508654715544,45.8406873039817,87
"{BERE GOSSER NATURZITRONE 0% MANGO&LAMAIE DOZA 500ML} => {BERE BLONDA FARA ALCOOL CU GUST DE LIME&MENTA SOPRONI DOZA 500ML}",0.000175250041486182,0.157162726008345,0.00111508654715544,36.1661047791216,113
"{CREMA DE UNT CU PRAZ 25% GRASIME MIZO 200G} => {CREMA DE UNT MAGYAROS MIZO 200G}",0.00016749561487175,0.173913043478261,0.00096309978551256,109.509680706522,108
"{CREMA DE UNT MAGYAROS MIZO 200G} => {CREMA DE UNT CU PRAZ 25% GRASIME MIZO 200G}",0.00016749561487175,0.10546875,0.00158810657063585,109.509680706522,108
"{PICK CARNATI TARANESC MIVES FELIAT 70G} => {PICK SALAM STUDENT FELIAT 70G}",0.000114765513893606,0.113323124042879,0.00101272811584493,92.8461971041678,74
"{ARIPI CURCAN REFR.VRAC} => {CARNE TOCATA PORC VRAC}",0.000254345192953397,0.175965665236052,0.00144542512093028,3.19988237307658,164
"{CONSERVA HERING IN SOS TOMAT CLASSIC 170G} => {CONSERVA HERING IN ULEI VEGETAL CLASSIC 170G}",0.000257446963599171,0.243045387994143,0.00105925467553153,197.124484101771,166
"{CONSERVA HERING IN ULEI VEGETAL CLASSIC 170G} => {CONSERVA HERING IN SOS TOMAT CLASSIC 170G}",0.000257446963599171,0.208805031446541,0.00123295383169482,197.124484101771,166
"{CONSERVA HERING IN SOS TOMAT CLASSIC 170G} => {CARNE TOCATA PORC VRAC}",0.000125621711153812,0.118594436310395,0.00105925467553153,2.15660393625948,81
"{SMANTANA FARA LACTOZA 20% MIZO 330G} => {UNT FARA LACTOZA 82% GRASIME MIZO 100G}",0.000231081913110099,0.149,0.00155088532288657,79.8621421446384,149
"{UNT FARA LACTOZA 82% GRASIME MIZO 100G} => {SMANTANA FARA LACTOZA 20% MIZO 330G}",0.000231081913110099,0.123857024106401,0.00186571504343254,79.8621421446384,149
"{SMANTANA FARA LACTOZA 20% MIZO 330G} => {SMANTANA FARA LACTOZA 20% MIZO 150G}",0.000155088532288657,0.1,0.00155088532288657,31.029499518768,100
"{SMANTANA FARA LACTOZA 20% MIZO 330G} => {IAURT FARA LACTOZA NATUR MIZO 150G}",0.000254345192953397,0.164,0.00155088532288657,49.8566958981612,164
"{SMANTANA FARA LACTOZA 20% MIZO 330G} => {LAPTE UHT 1.5% GRASIME FARA LACTOZA MIZO 1L}",0.000338093000389272,0.218,0.00155088532288657,38.2073590649633,218
"{SMANTANA 12% GRASIME KERESZTURI 750G} => {_MORCOVI}",0.000147334105674224,0.1181592039801,0.0012469117996008,4.12050987625421,95
"{SMANTANA 12% GRASIME KERESZTURI 750G} => {CARNE TOCATA PORC VRAC}",0.000184555353423502,0.148009950248756,0.0012469117996008,2.69151615575459,119
"{MAGHIRAN MACINAT MARCO POLO 5G} => {OREGANO MACINAT MARCO POLO 7G}",0.000268303160859377,0.285950413223141,0.000938285620346375,213.896548484209,173
"{OREGANO MACINAT MARCO POLO 7G} => {MAGHIRAN MACINAT MARCO POLO 5G}",0.000268303160859377,0.200696055684455,0.00133686314832822,213.896548484209,173
"{MAGHIRAN MACINAT MARCO POLO 5G} => {BUSUIOC MACINAT MARCO POLO 5G}",0.000324135032483293,0.345454545454545,0.000938285620346375,268.046537577946,209
"{BUSUIOC MACINAT MARCO POLO 5G} => {MAGHIRAN MACINAT MARCO POLO 5G}",0.000324135032483293,0.25150421179302,0.00128878570331874,268.046537577946,209
"{BROCCOLI CONGELAT AGROSPRINT 400G} => {PIEPT DE PUI FARA OS REFR.VRAC SZEKELY CSURKE}",0.000136477908414018,0.121212121212121,0.00112594274441565,4.7679799458716,88
"{_RIDICHI ROSU LEGATURA} => {_CEAPA VERDE LEGATURA}",0.000268303160859377,0.232839838492598,0.00115230779490472,183.537283595547,173
"{_CEAPA VERDE LEGATURA} => {_RIDICHI ROSU LEGATURA}",0.000268303160859377,0.211491442542787,0.00126862419412121,183.537283595547,173
"{_RIDICHI ROSU LEGATURA} => {_CASTRAVETI FABIO}",0.000138028793736905,0.11978465679677,0.00115230779490472,26.7253661626158,89
"{_RIDICHI ROSU LEGATURA} => {_BANANE}",0.000144232335028451,0.125168236877524,0.00115230779490472,4.10224677040607,93
"{ELAN PATE CU FICAT DE PORC 156G} => {ELAN PATE CU FICAT DE PASARE 156G}",0.000448205858314219,0.374837872892348,0.00119573258394555,279.413683902746,289
"{ELAN PATE CU FICAT DE PASARE 156G} => {ELAN PATE CU FICAT DE PORC 156G}",0.000448205858314219,0.334104046242775,0.00134151580429688,279.413683902746,289
"{ELAN PATE CU FICAT DE PORC 156G} => {ELAN PATE CU FICAT DE RATA 110G}",0.000151986761642884,0.127107652399481,0.00119573258394555,84.9306989778432,98
"{ELAN PATE CU FICAT DE RATA 110G} => {ELAN PATE CU FICAT DE PORC 156G}",0.000151986761642884,0.101554404145078,0.00149660433658554,84.9306989778432,98
"{ELAN PATE CU FICAT DE PORC 156G} => {ELAN PATE CU FICAT DE GASCA 110G}",0.000268303160859377,0.224383916990921,0.00119573258394555,96.9063489540033,173
"{ELAN PATE CU FICAT DE GASCA 110G} => {ELAN PATE CU FICAT DE PORC 156G}",0.000268303160859377,0.115874079035499,0.00231547178706965,96.9063489540032,173
"{ELAN PATE CU FICAT DE PORC 156G} => {ELAN CONSERVA SUNCA 300G}",0.000151986761642884,0.127107652399481,0.00119573258394555,25.8217153477059,98
"{ELAN PATE CU FICAT DE PORC 156G} => {ELAN CONSERVA CARNE PRESATA 300G}",0.000127172596476699,0.106355382619974,0.00119573258394555,19.1129337306803,82
"{ELAN PATE CU FICAT DE PORC 156G} => {CARNE TOCATA PORC VRAC}",0.000144232335028451,0.120622568093385,0.00119573258394555,2.19348489899707,93
"{REAL OREZ CAL B 1KG} => {FAINA BL-55 GYERMELYI 1KG}",0.000107011087279173,0.110223642172524,0.000970854212126993,10.354229735919,69
"{REAL OREZ CAL B 1KG} => {PASTE ATA PAIANJENULUI CU 8 OUA GYERMELYI 250G}",0.000116316399216493,0.119808306709265,0.000970854212126993,5.42725569116111,75
"{REAL OREZ CAL B 1KG} => {CARNE TOCATA PORC VRAC}",0.000169046500194636,0.174121405750799,0.000970854212126993,3.16634507243146,109
"{GOBE FAINA ALBA DE GRAU SUPERIOARA 000 1KG} => {GOBE 10 OUA PROASPETE L}",0.000107011087279173,0.104704097116844,0.00102203342778225,3.82919113449385,69
"{BATON CIOCOLATA SPORT DUO COCOS 60G} => {BATON CIOCOLATA SPORT XL 42G}",0.00021712394520412,0.169286577992745,0.00128258216202719,55.4085281643025,140
"{BATON CIOCOLATA SPORT DUO COCOS 60G} => {BATON CIOCOLATA SPORT XXL 51G}",0.000245039881016078,0.191051995163241,0.00128258216202719,57.6457599987325,158
"{SALAM HARGITA FARMER} => {CARNE TOCATA PORC VRAC}",0.000156639417611544,0.122128174123337,0.00128258216202719,2.22086388903799,101
"{PIPER MACINAT ECOM 250G} => {CARNE TOCATA PORC VRAC}",0.000172148270840409,0.14663143989432,0.00117402018942513,2.6664483621123,111
"{PREPARAT ALIMENTAR CU GRASIME VEGETALA GOLDI} => {SUNCA PRAGA CAROLI}",0.000184555353423502,0.109879963065559,0.00167960880468615,9.55622215065157,119
"{PREPARAT ALIMENTAR CU GRASIME VEGETALA GOLDI} => {CARNE TOCATA PORC VRAC}",0.00026209961956783,0.156048014773777,0.00167960880468616,2.837685926731,169
"{BRANZA TOPITA CU SALAM FALUSI 140G} => {BRANZA TOPITA NATUR FALUSI 140G}",0.000210920403912573,0.162291169451074,0.00129964190057895,58.8550112620171,136
"{JOGO-BELLA IAURT CLASSIC 150G} => {JOGO-BELLA IAURT SPECIAL 150G}",0.000308626179254427,0.294378698224852,0.00104839847827132,250.74415318956,199
"{JOGO-BELLA IAURT SPECIAL 150G} => {JOGO-BELLA IAURT CLASSIC 150G}",0.000308626179254427,0.262879788639366,0.00117402018942513,250.74415318956,199
"{JOGO-BELLA IAURT CLASSIC 150G} => {JOGO-BELLA IAURT STANDARD 150G}",0.000308626179254427,0.294378698224852,0.00104839847827132,255.125435436152,199
"{JOGO-BELLA IAURT STANDARD 150G} => {JOGO-BELLA IAURT CLASSIC 150G}",0.000308626179254427,0.26747311827957,0.00115385868022761,255.125435436152,199
"{JOGO-BELLA IAURT CLASSIC 150G} => {_BANANE}",0.000107011087279173,0.10207100591716,0.00104839847827132,3.34526126452898,69
"{SALAM PORC GASTRO FOX} => {SUNCA PRAGA CAROLI}",0.000206267747943914,0.131683168316832,0.00156639417611544,11.4524393240511,133
"{SALAM PORC GASTRO FOX} => {CARNE TOCATA PORC VRAC}",0.000229531027787212,0.146534653465347,0.00156639417611544,2.66468833019012,148
"{PASTE FIDEA CU 4 OUA TETOVARI BALOGH 250G} => {CARNE TOCATA PORC VRAC}",0.000258997848922057,0.170408163265306,0.00151986761642884,3.09882088150281,167
"{SLANINA ARDELENESC NAGYKUN-HUS} => {CARNE TOCATA PORC VRAC}",0.000215573059881233,0.138033763654419,0.00156174152014678,2.51010222144576,139
"{MAGGI CUB GAINA 60G} => {PASTE ATA PAIANJENULUI CU 8 OUA GYERMELYI 250G}",0.000144232335028451,0.132857142857143,0.0010856197260206,6.01836136815271,93
"{MAGGI CUB GAINA 60G} => {_MORCOVI}",0.000131825252445358,0.121428571428571,0.0010856197260206,4.23452097658966,85
"{MAGGI CUB GAINA 60G} => {CARNE TOCATA PORC VRAC}",0.000141130564382678,0.13,0.0010856197260206,2.36401066049975,91
"{CARNATI DEBRETIN LANKA} => {CARNE TOCATA PORC VRAC}",0.00016749561487175,0.121621621621622,0.00137718616672327,2.21165238508292,108
"{REAL PATE CU FICAT DE GASCA 150G} => {REAL PATE 120G}",0.000173699156163296,0.137761377613776,0.00126086976750678,52.5606934649228,112
"{PASTE CODITE CU 4 OUA GYERMELYI 500G} => {PASTE ATA PAIANJENULUI CU 8 OUA GYERMELYI 250G}",0.000145783220351338,0.136627906976744,0.00106700910214596,6.18917507540086,94
"{AMESTEC DE LEGUME MIXT PRIMAVARA CONG.AGROSPRINT 400G} => {CARNE TOCATA PORC VRAC}",0.000175250041486182,0.134844868735084,0.00129964190057895,2.45211313233405,113
"{MASLINE NEGRE COLOSAL 121/140 ELITA} => {CARNE TOCATA PORC VRAC}",0.000156639417611544,0.1267252195734,0.0012360556023406,2.30445976942838,101
"{_MERISOR} => {_PRUNE USCATE CU SAMBURI}",0.000151986761642884,0.121890547263682,0.0012469117996008,56.0586103008495,98
"{PASTA DE ARDEI DULCE TUB UNIVER 70G RO} => {CARNE TOCATA PORC VRAC}",0.000130274367122472,0.117482517482517,0.0011088830058639,2.13638402885399,84
"{PASTE SPAGHETE CSALADI BALOGH 1KG} => {CARNE TOCATA PORC VRAC}",0.000237285454401645,0.216407355021216,0.0010964759232808,3.93530226369776,153
"{FRISCA SPRAY MEGGLE 250ML} => {PIURE DE CASTANE BOVITA 200G}",0.000165944729548863,0.145183175033921,0.0011430024829674,34.2654081184653,107
"{KAIZER PROMO} => {CARNE TOCATA PORC VRAC}",0.00027140493150515,0.16650808753568,0.00162998047435378,3.02789918456749,175
"{OREZ CU LAPTE CU VISINE MULLER RISO 200G} => {OREZ CU LAPTE CU CAPSUNI MULLER RISO 200G}",0.000254345192953397,0.222523744911805,0.0011430024829674,190.800203527815,164
"{OREZ CU LAPTE CU CAPSUNI MULLER RISO 200G} => {OREZ CU LAPTE CU VISINE MULLER RISO 200G}",0.000254345192953397,0.218085106382979,0.0011662657628107,190.800203527815,164
"{OREZ CU LAPTE CU VISINE MULLER RISO 200G} => {OREZ CU LAPTE CU CIOCOLATA MULLER RISO 200G}",0.000237285454401645,0.207598371777476,0.0011430024829674,126.400355933441,153
"{OREZ CU LAPTE CU CIOCOLATA MULLER RISO 200G} => {OREZ CU LAPTE CU VISINE MULLER RISO 200G}",0.000237285454401645,0.144475920679887,0.00164238755693688,126.400355933441,153
"{BERE FARA ALCOOL CU GUST DE VISINE&MURE DREHER 500ML} => {BERE FARA ALCOOL CU GUST DE RODII DREHER 500ML}",0.00042028992250226,0.317330210772834,0.00132445606574513,210.940514015307,271
"{BERE FARA ALCOOL CU GUST DE RODII DREHER 500ML} => {BERE FARA ALCOOL CU GUST DE VISINE&MURE DREHER 500ML}",0.00042028992250226,0.279381443298969,0.00150435876319997,210.940514015307,271
"{BERE FARA ALCOOL CU GUST DE VISINE&MURE DREHER 500ML} => {BERE FARA ALC.CU GUST DE VISINE&LAMAIE SOPRONI RADLER 500ML}",0.00015819030293443,0.11943793911007,0.00132445606574513,45.2483825338423,102
"{REAL CREMA DE SUNCA 105G} => {REAL PATEU DE RATA 105G}",0.000141130564382678,0.118798955613577,0.00118797815733111,74.7324243775075,91
"{REAL CREMA DE SUNCA 105G} => {REAL PATEU DE GASCA 105G}",0.000196962436006594,0.16579634464752,0.00118797815733111,94.8574289745413,127
"{REAL PATEU DE GASCA 105G} => {REAL CREMA DE SUNCA 105G}",0.000196962436006594,0.112688553682342,0.00174784775889316,94.8574289745413,127
"{REAL CREMA DE SUNCA 105G} => {CARNE TOCATA PORC VRAC}",0.00015353764696577,0.129242819843342,0.00118797815733111,2.35024156848237,99
"{BICARBONAT DE SODIU ECOM 150G} => {CARNE TOCATA PORC VRAC}",0.000155088532288657,0.11037527593819,0.00140510210253523,2.00714099210371,100
"{BOMBOANE UMPLUTE CU ANASON&MENTHOL DR.TOROK 75G} => {BOMBOANE UMPLUTE CU PEPPERMINT&SPEARMINT DR.TOROK 75G}",0.000190758894715048,0.141379310344828,0.00134927023091132,105.877339901478,123
"{BOMBOANE UMPLUTE CU PEPPERMINT&SPEARMINT DR.TOROK 75G} => {BOMBOANE UMPLUTE CU ANASON&MENTHOL DR.TOROK 75G}",0.000190758894715048,0.142857142857143,0.00133531226300534,105.877339901478,123
"{ELAN LINTE 400G} => {CARNE TOCATA PORC VRAC}",0.000125621711153812,0.11218836565097,0.0011197392031241,2.04011147986873,81
"{CHIPS PREMIUM DIN CARTOFI TILTOTT CSIKI SOR CSIPSZ 70G} => {CHIPS DIN CARTOFI CU GUST DE ARDEI IUTE CSIKI CSIPSZ 70G}",0.000210920403912573,0.157043879907621,0.00134306668961977,74.8416810475054,136
"{CHIPS DIN CARTOFI CU GUST DE ARDEI IUTE CSIKI CSIPSZ 70G} => {CHIPS PREMIUM DIN CARTOFI TILTOTT CSIKI SOR CSIPSZ 70G}",0.000210920403912573,0.100517368810052,0.00209834784186553,74.8416810475054,136
"{CHIPS PREMIUM DIN CARTOFI TILTOTT CSIKI SOR CSIPSZ 70G} => {CHIPS PREMIUM DIN CARTOFI CU AROMA DE CANNABIS TILTOTT CSIKI CSIPSZ 70G}",0.000274506702150923,0.204387990762125,0.00134306668961977,87.450528020891,177
"{CHIPS PREMIUM DIN CARTOFI CU AROMA DE CANNABIS TILTOTT CSIKI CSIPSZ 70G} => {CHIPS PREMIUM DIN CARTOFI TILTOTT CSIKI SOR CSIPSZ 70G}",0.000274506702150923,0.117451891174519,0.00233718418159006,87.450528020891,177
"{CHIPS PREMIUM DIN CARTOFI TILTOTT CSIKI SOR CSIPSZ 70G} => {CHIPS PREMIUM DIN CARTOFI GUST DE TRUFE TILTOTT CSIKI SOR CSIPSZ 70G}",0.000322584147160407,0.240184757505774,0.00134306668961977,66.9850563782095,208
"{CHIPS PREMIUM DIN CARTOFI TILTOTT CSIKI SOR CSIPSZ 70G} => {STICLA BERE 500ML CSIKI}",0.000136477908414018,0.10161662817552,0.00134306668961977,9.84844288759625,88
"{AMESTEC DE LEGUME HAJDU CONG.AGROSPRINT 400G} => {CARNE TOCATA PORC VRAC}",0.000209369518589687,0.130057803468208,0.00160981896515626,2.36506179907711,135
"{PIPER BOABE ECOM 250G} => {CARNE TOCATA PORC VRAC}",0.000161292073580203,0.104,0.00155088532288657,1.8912085283998,104
"{KNORR CUB DE LEGUME 12BUC 120G} => {KNORR CUB PUI 120G 12CUBURI}",0.000122519940508039,0.125796178343949,0.000973955982772766,128.139802879826,79
"{KNORR CUB PUI 120G 12CUBURI} => {KNORR CUB DE LEGUME 12BUC 120G}",0.000122519940508039,0.12480252764613,0.000981710409387199,128.139802879826,79
"{KNORR CUB DE LEGUME 12BUC 120G} => {KNORR CUB PENTRU SUPA DE CARNE 12BUC 120G}",0.000122519940508039,0.125796178343949,0.000973955982772766,105.204273959702,79
"{KNORR CUB PENTRU SUPA DE CARNE 12BUC 120G} => {KNORR CUB DE LEGUME 12BUC 120G}",0.000122519940508039,0.102464332036316,0.00119573258394555,105.204273959702,79
"{KNORR CUB DE LEGUME 12BUC 120G} => {KNORR CUB DE GAINA 120G}",0.000139579679059791,0.143312101910828,0.000973955982772766,109.746603476708,90
"{KNORR CUB DE GAINA 120G} => {KNORR CUB DE LEGUME 12BUC 120G}",0.000139579679059791,0.106888361045131,0.00130584544187049,109.746603476708,90
"{ZMANTICA IEFTIN SI BUN 15% 850G} => {PULPE PUI CU SPATE REFR.VRAC SZEKELY CSURKE}",0.000164393844225976,0.125890736342043,0.00130584544187049,5.80598423275837,106
"{ZMANTICA IEFTIN SI BUN 15% 850G} => {CARNE TOCATA PORC VRAC}",0.000269854046182263,0.206650831353919,0.00130584544187049,3.75788283324462,174
"{_ROSII CIORCHINE} => {_CASTRAVETI FABIO}",0.000234183683755872,0.182808716707022,0.00128103127670431,40.7867753881213,151
"{_ROSII CIORCHINE} => {_MORCOVI}",0.000131825252445358,0.102905569007264,0.00128103127670431,3.5885770988048,85
"{_ROSII CIORCHINE} => {_BANANE}",0.000148884990997111,0.116222760290557,0.00128103127670431,3.80906893748242,96
"{ELAN CASTRAVETI IN OTET 870G} => {CARNE TOCATA PORC VRAC}",0.000138028793736905,0.107228915662651,0.00128723481799585,1.94992538261796,89
"{ELAN SLANINA AFUMATA CU BOIA} => {CARNE TOCATA PORC VRAC}",0.000192309780037935,0.129436325678497,0.00148574813932533,2.35376041353757,124
"{PAINE INTEGRALA MAJO COM 800G} => {PAINE DE CASA MAJO COM}",0.000203165977298141,0.109348914858097,0.00185796061681811,9.8763713206467,131
"{CERBONA BATON CEREALE FARA GLUTEN FRUCTE 35G} => {CERBONA BATON CEREALE ZMEURA FARA GLUTEN 35G}",0.000437349661054013,0.368627450980392,0.00118642727200823,281.288047337278,282
"{CERBONA BATON CEREALE ZMEURA FARA GLUTEN 35G} => {CERBONA BATON CEREALE FARA GLUTEN FRUCTE 35G}",0.000437349661054013,0.333727810650888,0.00131049809783915,281.288047337278,282
"{KINDER PINGUI COCCO 30G} => {KINDER PINGUI 30G}",0.000195411550683708,0.132631578947368,0.00147334105674224,40.4540745904496,126
"{KINDER PINGUI COCCO 30G} => {KINDER BATON LAPTE 28G}",0.000156639417611544,0.106315789473684,0.00147334105674224,26.7257999384426,101
"{MAZARE VERDE CONG.AGROSPRINT 400G} => {CARNE TOCATA PORC VRAC}",0.00016284295890309,0.113146551724138,0.00143922157963874,2.05753580365114,105
"{KNORR CUB PUI 120G 12CUBURI} => {KNORR CUB PENTRU SUPA DE CARNE 12BUC 120G}",0.000124070825830926,0.126382306477093,0.000981710409387199,105.694457250693,80
"{KNORR CUB PENTRU SUPA DE CARNE 12BUC 120G} => {KNORR CUB PUI 120G 12CUBURI}",0.000124070825830926,0.103761348897536,0.00119573258394555,105.694457250693,80
"{KNORR CUB PUI 120G 12CUBURI} => {PASTE ATA PAIANJENULUI CU 8 OUA GYERMELYI 250G}",0.00011321462857072,0.115323854660348,0.000981710409387199,5.22411228172049,73
"{AMESTEC LEGUME MIXT TIGAIE CONG.AGROSPRINT 400G} => {CARNE TOCATA PORC VRAC}",0.000201615091975254,0.144124168514412,0.00139889856124369,2.62085439079794,130
"{MARGARINA RAMA CLASSIC 250G} => {CARNE TOCATA PORC VRAC}",0.000196962436006594,0.121998078770413,0.00161447162112492,2.21849814441342,127
"{CREMA DE UNT NATUR MILLI 200G} => {CREMA DE UNT MAGYAROS MILLI 200G}",0.000127172596476699,0.100985221674877,0.00125931888218389,85.3401887803524,82
"{CREMA DE UNT MAGYAROS MILLI 200G} => {CREMA DE UNT NATUR MILLI 200G}",0.000127172596476699,0.107470511140236,0.00118332550136245,85.3401887803524,82
"{ELAN PATE CU FICAT DE PASARE 156G} => {ELAN PATE CU FICAT DE RATA 110G}",0.000179902697454842,0.134104046242775,0.00134151580429688,89.6055443409506,116
"{ELAN PATE CU FICAT DE RATA 110G} => {ELAN PATE CU FICAT DE PASARE 156G}",0.000179902697454842,0.12020725388601,0.00149660433658554,89.6055443409506,116
"{ELAN PATE CU FICAT DE PASARE 156G} => {ELAN PATE CU FICAT DE GASCA 110G}",0.00031638060586886,0.235838150289017,0.00134151580429688,101.853173770466,204
"{ELAN PATE CU FICAT DE GASCA 110G} => {ELAN PATE CU FICAT DE PASARE 156G}",0.00031638060586886,0.136637642330877,0.00231547178706965,101.853173770466,204
"{ELAN PATE CU FICAT DE PASARE 156G} => {ELAN CONSERVA SUNCA 300G}",0.000138028793736905,0.102890173410405,0.00134151580429688,20.9019734038485,89
"{ELAN PATE CU FICAT DE PASARE 156G} => {CARNE TOCATA PORC VRAC}",0.000178351812131956,0.132947976878613,0.00134151580429688,2.41761872794549,115
"{PARIZER PUI BERKE} => {CARNE TOCATA PORC VRAC}",0.000141130564382678,0.102941176470588,0.00137098262543173,1.87195414292966,91
"{PASTE DORZS CUS CUS GYERMELYI 500G} => {PASTE ATA PAIANJENULUI CU 8 OUA GYERMELYI 250G}",0.000170597385517523,0.147058823529412,0.00116006222151915,6.66169031895462,110
"{PASTE DORZS CUS CUS GYERMELYI 500G} => {CARNE TOCATA PORC VRAC}",0.000125621711153812,0.108288770053476,0.00116006222151915,1.96919851399094,81
"{PIPER BOABE ECOM 100G} => {PASTE ATA PAIANJENULUI CU 8 OUA GYERMELYI 250G}",0.000151986761642884,0.118787878787879,0.00127948039138142,5.38103082248649,98
"{PIPER BOABE ECOM 100G} => {CARNE TOCATA PORC VRAC}",0.000130274367122472,0.101818181818182,0.00127948039138142,1.85153282500679,84
"{OREZ CU LAPTE CU CAPSUNI MULLER RISO 200G} => {OREZ CU LAPTE CU CIOCOLATA MULLER RISO 200G}",0.000260548734244944,0.223404255319149,0.0011662657628107,136.024079320113,168
"{OREZ CU LAPTE CU CIOCOLATA MULLER RISO 200G} => {OREZ CU LAPTE CU CAPSUNI MULLER RISO 200G}",0.000260548734244944,0.158640226628895,0.00164238755693688,136.024079320113,168
"{SMANTANA 15% GRASIME LACTIS 370G} => {CARNE TOCATA PORC VRAC}",0.000151986761642884,0.101871101871102,0.00149195168061688,1.85249516015493,98
"{BAUT.RAC.CARBO.GUST DE PERE SI SALVIE MARKA 2L} => {BAUT.RAC.CARBO.GUST DE ZMEURA MARKA 2L}",0.000204716862621027,0.143322475570033,0.00142836538237853,80.0808743416187,132
"{BAUT.RAC.CARBO.GUST DE ZMEURA MARKA 2L} => {BAUT.RAC.CARBO.GUST DE PERE SI SALVIE MARKA 2L}",0.000204716862621027,0.114384748700173,0.0017897216626111,80.0808743416187,132
"{BAUT.RAC.CARBO.GUST DE PERE SI SALVIE MARKA 2L} => {BAUT.RAC.CARBO.GUST DE LIMONADA SOC MARKA 2L}",0.000186106238746388,0.130293159609121,0.00142836538237853,65.226799117891,120
"{BAUT.RAC.CARBO.GUST DE PERE SI SALVIE MARKA 2L} => {BAUT.RAC.CARBO.GUST DE LIMONADA LAMAIE MARKA 2L}",0.000226429257141439,0.158523344191097,0.00142836538237853,77.0269349442425,146
"{BAUT.RAC.CARBO.GUST DE LIMONADA LAMAIE MARKA 2L} => {BAUT.RAC.CARBO.GUST DE PERE SI SALVIE MARKA 2L}",0.000226429257141439,0.110022607385079,0.00205802482347048,77.0269349442425,146
"{PERLE COAPTE PT.SUPA GUTHAUS 200G} => {PERLE COAPTE PENTRU SUPA KOFA 200G}",0.000255896078276284,0.199275362318841,0.00128413304735008,107.704407959474,165
"{PERLE COAPTE PENTRU SUPA KOFA 200G} => {PERLE COAPTE PT.SUPA GUTHAUS 200G}",0.000255896078276284,0.138306789606035,0.00185020619020368,107.704407959474,165
"{CONSERVA HERING IN ULEI VEGETAL CLASSIC 170G} => {CARNE TOCATA PORC VRAC}",0.000131825252445358,0.106918238993711,0.00123295383169482,1.94427582140763,85
"{BAUT.RAC.CARBO.GUST DE LIMONADA GRAPEFRUIT MARKA 2L} => {BAUT.RAC.CARBO.GUST DE LIMONADA CAPSUNI-LIME MARKA 2L}",0.000187657124069275,0.132675438596491,0.00141440741447255,87.5621229057803,121
"{BAUT.RAC.CARBO.GUST DE LIMONADA CAPSUNI-LIME MARKA 2L} => {BAUT.RAC.CARBO.GUST DE LIMONADA GRAPEFRUIT MARKA 2L}",0.000187657124069275,0.123848515864893,0.00151521496046018,87.5621229057803,121
"{BAUT.RAC.CARBO.GUST DE LIMONADA GRAPEFRUIT MARKA 2L} => {BAUT.RAC.CARBO.GUST DE LIMONADA SOC MARKA 2L}",0.000186106238746388,0.131578947368421,0.00141440741447255,65.8704846355018,120
"{BAUT.RAC.CARBO.GUST DE LIMONADA GRAPEFRUIT MARKA 2L} => {BAUT.RAC.CARBO.GUST DE LIMONADA LAMAIE MARKA 2L}",0.000215573059881233,0.152412280701754,0.00141440741447255,74.057552155634,139
"{BAUT.RAC.CARBO.GUST DE LIMONADA LAMAIE MARKA 2L} => {BAUT.RAC.CARBO.GUST DE LIMONADA GRAPEFRUIT MARKA 2L}",0.000215573059881233,0.104747550866616,0.00205802482347048,74.057552155634,139
"{BERE 5.2% FEKETE DEMON DOZA SOPRONI 500ML} => {BERE BLONDA NEFILTRATA SOPRONI OVATOS DUHAJ IPA 4.8% DOZA 500ML}",0.000169046500194636,0.114255765199161,0.00147954459803379,42.6832662862473,109
"{SPATE RATA REFR.VRAC} => {PULPE PUI CU SPATE REFR.VRAC SZEKELY CSURKE}",0.000220225715849893,0.11033411033411,0.00199598941055501,5.08852456939146,142
"{SPATE RATA REFR.VRAC} => {CARNE TOCATA PORC VRAC}",0.000389272216044529,0.195027195027195,0.00199598941055502,3.54651052408963,251
"{GRIS HARMOPAN 500G} => {GOBE PESMET 400G}",0.000131825252445358,0.109819121447028,0.00120038523991421,21.2389324460689,85
"{GOBE SMANTANA 15% 900G} => {CARNE TOCATA PORC VRAC}",0.000221776601172779,0.147422680412371,0.00150435876319997,2.68083683149456,143
"{PASTE SCOICI CU 4 OUA GYERMELYI 500G} => {PASTE MELCI ONDULATI 4 OUA GYERMELYI 500G}",0.000111663743247833,0.106824925816024,0.00104529670762555,37.6805056847327,72
"{PASTE SCOICI CU 4 OUA GYERMELYI 500G} => {PASTE SPIRALE CU 4 OUA GYERMELYI 500G}",0.000120969055185152,0.115727002967359,0.00104529670762555,39.8398085554364,78
"{PASTE SCOICI CU 4 OUA GYERMELYI 500G} => {PASTE ATA PAIANJENULUI CU 8 OUA GYERMELYI 250G}",0.000196962436006594,0.188427299703264,0.00104529670762555,8.53566136416796,127
"{JOGO-BELLA IAURT SPECIAL 150G} => {JOGO-BELLA IAURT STANDARD 150G}",0.000319482376514633,0.272126816380449,0.00117402018942513,235.840680530106,206
"{JOGO-BELLA IAURT STANDARD 150G} => {JOGO-BELLA IAURT SPECIAL 150G}",0.000319482376514633,0.276881720430108,0.00115385868022761,235.840680530106,206
"{AMESTEC DE CONDIMENTE PENTRU CARTOFI PRAJITI MARCO POLO 30G} => {AMESTEC DE CONDIMENTE PENTRU FRIPTURA DE PUI MARCO POLO 30G}",0.000183004468100615,0.18408736349454,0.000994117491970291,172.026439666282,118
"{AMESTEC DE CONDIMENTE PENTRU FRIPTURA DE PUI MARCO POLO 30G} => {AMESTEC DE CONDIMENTE PENTRU CARTOFI PRAJITI MARCO POLO 30G}",0.000183004468100615,0.171014492753623,0.00107011087279173,172.026439666282,118
"{AMESTEC DE CONDIMENTE PENTRU CARTOFI PRAJITI MARCO POLO 30G} => {CARNE TOCATA PORC VRAC}",0.00010856197260206,0.109204368174727,0.000994117491970291,1.98584838875534,70
"{CHEFIR FARA LACTOZA MIZO 150G} => {UNT FARA LACTOZA 82% GRASIME MIZO 100G}",0.000243488995693191,0.146591970121382,0.00166099818081152,78.5714681550093,157
"{UNT FARA LACTOZA 82% GRASIME MIZO 100G} => {CHEFIR FARA LACTOZA MIZO 150G}",0.000243488995693191,0.13050706566916,0.00186571504343254,78.5714681550093,157
"{CHEFIR FARA LACTOZA MIZO 150G} => {SMANTANA FARA LACTOZA 20% MIZO 150G}",0.000331889459097726,0.199813258636788,0.00166099818081152,62.0010541271369,214
"{SMANTANA FARA LACTOZA 20% MIZO 150G} => {CHEFIR FARA LACTOZA MIZO 150G}",0.000331889459097726,0.102983638113571,0.00322273970095829,62.0010541271369,214
"{CHEFIR FARA LACTOZA MIZO 150G} => {IAURT FARA LACTOZA NATUR MIZO 150G}",0.000573827569468031,0.34547152194211,0.00166099818081152,105.024808603309,370
"{IAURT FARA LACTOZA NATUR MIZO 150G} => {CHEFIR FARA LACTOZA MIZO 150G}",0.000573827569468031,0.174446016030174,0.00328942776984241,105.024808603309,370
"{CHEFIR FARA LACTOZA MIZO 150G} => {LAPTE UHT 1.5% GRASIME FARA LACTOZA MIZO 1L}",0.000296219096671335,0.178338001867414,0.00166099818081152,31.2560737260384,191
"{PASTA DE TON HAME 45G} => {PASTA DE TON PICANT HAME 45G}",0.00037531424813855,0.251821019771072,0.00149040079529399,164.511074773302,242
"{PASTA DE TON PICANT HAME 45G} => {PASTA DE TON HAME 45G}",0.00037531424813855,0.245187436676798,0.00153072381368904,164.511074773302,242
"{DR.OETKER BUDINCA FRISCA 40G} => {DR.OETKER BUDINCA VANILIE 40G}",0.000331889459097726,0.287634408602151,0.00115385868022761,89.0800447770444,214
"{DR.OETKER BUDINCA VANILIE 40G} => {DR.OETKER BUDINCA FRISCA 40G}",0.000331889459097726,0.102785782901057,0.00322894324224984,89.0800447770444,214
"{DR.OETKER BUDINCA FRISCA 40G} => {GRASIME VEGETALA TARTINABILA CU 70% GRASIME RAMA 250G}",0.000117867284539379,0.102150537634409,0.00115385868022761,9.0987638641944,76
"{CASCAVAL ANALOG JAVOR 40% GRASIME MLEKOVITA} => {CARNE TOCATA PORC VRAC}",0.000229531027787212,0.1306266548985,0.00175715307083048,2.37540619019596,148
"{_POMELO^2 A nu se consuma coaja} => {_BANANE}",0.000210920403912573,0.187586206896552,0.00112439185909276,6.14792482989978,136
"{_CEAPA VERDE LEGATURA} => {_MORCOVI}",0.000134927023091132,0.106356968215159,0.00126862419412121,3.70893610634705,87
"{_CEAPA VERDE LEGATURA} => {_BANANE}",0.000169046500194636,0.133251833740831,0.00126862419412121,4.36717747449689,109
"{MOGYI PORUMB PT.POPCORN MICRO CU UNT 100G} => {MOGYI PORUMB PT.POPCORN MICRO CU SARE 100G}",0.000290015555379789,0.242227979274611,0.00119728346926843,195.968513726994,187
"{MOGYI PORUMB PT.POPCORN MICRO CU SARE 100G} => {MOGYI PORUMB PT.POPCORN MICRO CU UNT 100G}",0.000290015555379789,0.234629861982434,0.0012360556023406,195.968513726994,187
"{BISCUITI CU SEMINTE KORPOVIT 174G} => {BISCUITI CU CEREALE INTEGRALE KORPOVIT 174G}",0.000294668211348448,0.209944751381215,0.00140355121721235,120.543994726045,190
"{BISCUITI CU CEREALE INTEGRALE KORPOVIT 174G} => {BISCUITI CU SEMINTE KORPOVIT 174G}",0.000294668211348448,0.169189670525378,0.00174164421760162,120.543994726045,190
"{BISCUITI CU SEMINTE KORPOVIT 174G} => {BISCUITI KORPOVIT 174G}",0.000285362899411129,0.203314917127072,0.00140355121721235,67.5056824712235,184
"{ELAN BRANZA TOPITA CREMOASA 100G} => {ELAN BRANZA TOPITA EMMENTALER 100G}",0.000468367367511744,0.308478038815117,0.00151831673110595,206.976566162035,302
"{ELAN BRANZA TOPITA EMMENTALER 100G} => {ELAN BRANZA TOPITA CREMOASA 100G}",0.000468367367511744,0.314255983350676,0.00149040079529399,206.976566162035,302
"{ELAN BRANZA TOPITA CREMOASA 100G} => {ELAN BRANZA TOPITA CU SUNCA AFUMATA 100G}",0.000575378454790917,0.378958120531154,0.00151831673110595,211.925015968469,371
"{ELAN BRANZA TOPITA CU SUNCA AFUMATA 100G} => {ELAN BRANZA TOPITA CREMOASA 100G}",0.000575378454790917,0.321769297484822,0.00178817077728821,211.925015968469,371
"{ELAN BRANZA TOPITA CREMOASA 100G} => {CARNE TOCATA PORC VRAC}",0.000173699156163296,0.114402451481103,0.00151831673110595,2.08037396068179,112
"{_FASOLE COLORATE KG} => {_FASOLE ALB MICI KG}",0.000265201390213603,0.163323782234957,0.00162377693306224,65.0865460560103,171
"{_FASOLE ALB MICI KG} => {_FASOLE COLORATE KG}",0.000265201390213603,0.105686032138443,0.00250933245243047,65.0865460560103,171
"{_FASOLE COLORATE KG} => {_MORCOVI}",0.000206267747943914,0.127029608404967,0.00162377693306224,4.42984328243719,133
"{ELAN OREZ 1KG} => {ELAN ULEI RAFINAT DE FLOAREA SOARELUI 1L}",0.000122519940508039,0.106901217861976,0.00114610425361318,7.89656970659604,79
"{ELAN OREZ 1KG} => {_MORCOVI}",0.000139579679059791,0.121786197564276,0.00114610425361317,4.24699230319428,90
"{ELAN OREZ 1KG} => {CARNE TOCATA PORC VRAC}",0.000203165977298141,0.177266576454668,0.00114610425361317,3.22353904991638,131
"{DR.OETKER DROJDIE USCATA 7G} => {DR.OETKER PRAF DE COPT 10G}",0.000170597385517523,0.147849462365591,0.00115385868022761,46.0097965188691,110
"{DR.OETKER DROJDIE USCATA 7G} => {DR.OETKER ZAHAR VANILINAT 8G}",0.000178351812131956,0.154569892473118,0.00115385868022761,34.4625119908089,115
"{SMANTANA 25% GRASIME GORDON 500G} => {CARNE TOCATA PORC VRAC}",0.000148884990997111,0.102564102564103,0.00145162866222183,1.86509716804714,96
"{MARGARINA UNIREA 250G} => {CARNE TOCATA PORC VRAC}",0.000187657124069275,0.123848515864893,0.00151521496046018,2.25214778301291,121
"{BRANZA CIOCOLATA POTTYOS NATUR URIAS MAC&MARTIPAN 51G} => {BRANZA CIOCOLATA POTTYOS URIAS DE CARAMEL SARAT 51G}",0.000156639417611544,0.102851323828921,0.00152296938707461,36.6396760473045,101
"{BRANZA CIOCOLATA POTTYOS NATUR URIAS MAC&MARTIPAN 51G} => {BRANZA CIOCOLATA AMARA POTTYOS CU COCOS 51G}",0.00021712394520412,0.142566191446029,0.00152296938707461,49.6627132798806,140
"{BRANZA CIOCOLATA POTTYOS NATUR URIAS MAC&MARTIPAN 51G} => {BRANZA CIOCOLATA POTTYOS URIAS DE CASTANE 51G}",0.000317931491191747,0.208757637474542,0.00152296938707461,47.0483968333178,205
"{BRANZA CIOCOLATA POTTYOS NATUR URIAS MAC&MARTIPAN 51G} => {BRANZA CIOCOLATA LAPTE POTTYOS ORIAS NATUR 51G}",0.000189208009392162,0.124236252545825,0.00152296938707461,20.1576914916407,122
"{BATON LAPTE END-IBO 40G} => {GOBE SALAM DE BISCUITI CU STAFIDE DIN REMETEA 65G}",0.000170597385517523,0.101757631822387,0.00167650703404038,14.9459245320392,110
"{CONDIMENT DE PUI LUCULLUS 40G} => {CARNE TOCATA PORC VRAC}",0.000116316399216493,0.10148849797023,0.00114610425361317,1.84553762399793,75
"{BAUT.RAC.CARBO.GUST DE LIMONADA CAPSUNI-LIME MARKA 2L} => {BAUT.RAC.CARBO.GUST DE ZMEURA MARKA 2L}",0.000159741188257317,0.105424769703173,0.00151521496046018,58.9056789698596,103
"{BAUT.RAC.CARBO.GUST DE LIMONADA CAPSUNI-LIME MARKA 2L} => {BAUT.RAC.CARBO.GUST DE LIMONADA SOC MARKA 2L}",0.000214022174558347,0.141248720573183,0.00151521496046018,70.7113247550812,138
"{BAUT.RAC.CARBO.GUST DE LIMONADA SOC MARKA 2L} => {BAUT.RAC.CARBO.GUST DE LIMONADA CAPSUNI-LIME MARKA 2L}",0.000214022174558347,0.107142857142857,0.0019975402958779,70.7113247550811,138
"{BAUT.RAC.CARBO.GUST DE LIMONADA CAPSUNI-LIME MARKA 2L} => {BAUT.RAC.CARBO.GUST DE LIMONADA LAMAIE MARKA 2L}",0.000210920403912573,0.139201637666325,0.00151521496046018,67.6384638702208,136
"{BAUT.RAC.CARBO.GUST DE LIMONADA LAMAIE MARKA 2L} => {BAUT.RAC.CARBO.GUST DE LIMONADA CAPSUNI-LIME MARKA 2L}",0.000210920403912573,0.102486812358704,0.00205802482347048,67.6384638702208,136
"{SMANTANA 15% GRASIME KERESZTURI VRAC} => {CARNE TOCATA PORC VRAC}",0.000260548734244944,0.153564899451554,0.00169666854323791,2.79253122601573,168
"{BOIA DE ARDEI DULCE MACINAT PREMIUM THYMOS BIGPACK 100G} => {CARNE TOCATA PORC VRAC}",0.000173699156163296,0.125984251968504,0.00137873705204616,2.29098549775869,112
"{ZAHAR CRISTAL DIN SFECLA BOD ROMANESC 1KG} => {FAINA BL-55 GYERMELYI 1KG}",0.000141130564382678,0.104238258877434,0.00135392288687998,9.79197256065813,91
"{ZAHAR CRISTAL DIN SFECLA BOD ROMANESC 1KG} => {CARNE TOCATA PORC VRAC}",0.000150435876319997,0.111111111111111,0.00135392288687998,2.02052193205106,97
"{_PIERSICI} => {_BANANE}",0.000209369518589687,0.121731289449955,0.00171993182308121,3.98960472289848,135
"{AMESTEC DE CONDIMENTE PENTRU FRIPTURA DE PUI MARCO POLO 30G} => {PULPE PUI CU SPATE REFR.VRAC SZEKELY CSURKE}",0.000114765513893606,0.107246376811594,0.00107011087279173,4.94612066686777,74
"{AMESTEC DE CONDIMENTE PENTRU FRIPTURA DE PUI MARCO POLO 30G} => {PIEPT DE PUI FARA OS REFR.VRAC SZEKELY CSURKE}",0.000107011087279173,0.1,0.00107011087279173,3.93358345534407,69
"{AMESTEC DE CONDIMENTE PENTRU FRIPTURA DE PUI MARCO POLO 30G} => {CARNE TOCATA PORC VRAC}",0.00015819030293443,0.147826086956522,0.00107011087279173,2.68817265742446,102
"{_ROSII ROZE VRAC} => {_CASTRAVETI CORNISON}",0.000179902697454842,0.13302752293578,0.00135237200155709,27.5715897127388,116
"{_ROSII ROZE VRAC} => {_BANANE}",0.000150435876319997,0.111238532110092,0.00135237200155709,3.64571652103601,97
"{ELAN PIPER NEGRU BOABE 50G} => {PASTE ATA PAIANJENULUI CU 8 OUA GYERMELYI 250G}",0.000161292073580203,0.111707841031149,0.0014438742356074,5.06030869340999,104
"{ELAN PIPER NEGRU BOABE 50G} => {CARNE TOCATA PORC VRAC}",0.000183004468100615,0.126745435016112,0.0014438742356074,2.30482738113666,118
"{CARNATI PROASPETI} => {SANGERETE VRAC}",0.000451307628959992,0.287549407114625,0.00156949594676121,142.076509472536,291
"{SANGERETE VRAC} => {CARNATI PROASPETI}",0.000451307628959992,0.222988505747126,0.00202390534636697,142.076509472536,291
"{CARNATI PROASPETI} => {CALTABOS VRAC}",0.000620354129154628,0.395256916996047,0.00156949594676121,134.561189694104,400
"{CALTABOS VRAC} => {CARNATI PROASPETI}",0.000620354129154628,0.211193241816262,0.00293737680154716,134.561189694104,400
"{CARNATI PROASPETI} => {CARNE TOCATA PORC VRAC}",0.000460612940897311,0.293478260869565,0.00156949594676121,5.33681336400444,297
"{PASTE ELICHE FARA OUA CSALADI BALOGH 1KG} => {CARNE TOCATA PORC VRAC}",0.000175250041486182,0.114141414141414,0.0015353764696577,2.07562707565246,113
"{BOMBOANE NEGRO MIERE GYORI 79G} => {BOMBOANE NEGRO EXTRA STRONG GYORI 79G}",0.000229531027787212,0.139097744360902,0.00165014198355131,74.4927341193515,148
"{BOMBOANE NEGRO EXTRA STRONG GYORI 79G} => {BOMBOANE NEGRO MIERE GYORI 79G}",0.000229531027787212,0.122923588039867,0.00186726592875543,74.4927341193515,148
"{BOMBOANE NEGRO MIERE GYORI 79G} => {BOMBOANE NEGRO MENTOL GYORI 79G}",0.000274506702150923,0.166353383458647,0.00165014198355131,89.6102733337102,177
"{BOMBOANE NEGRO MENTOL GYORI 79G} => {BOMBOANE NEGRO MIERE GYORI 79G}",0.000274506702150923,0.147869674185464,0.00185640973149522,89.6102733337102,177
"{BOMBOANE NEGRO MIERE GYORI 79G} => {BOMBOANE NEGRO CLASSIC GYORI 79G}",0.000290015555379789,0.175751879699248,0.00165014198355131,70.3873178676505,187
"{BOMBOANE NEGRO CLASSIC GYORI 79G} => {BOMBOANE NEGRO MIERE GYORI 79G}",0.000290015555379789,0.116149068322981,0.00249692536984738,70.3873178676505,187
"{BAZA PENTRU MANCARE PODRAVKA 250G+20%} => {PASTE ATA PAIANJENULUI CU 8 OUA GYERMELYI 250G}",0.000119418169862266,0.103494623655914,0.00115385868022761,4.68825410081268,77
"{BAZA PENTRU MANCARE PODRAVKA 250G+20%} => {CARNE TOCATA PORC VRAC}",0.00015353764696577,0.133064516129032,0.00115385868022761,2.41973795894825,99
"{PASTE FRUNZULITA CU 8 OUA GYERMELYI 250G} => {PASTE FUNDITE CU 8 OUA GYERMELYI 250G}",0.00015353764696577,0.117159763313609,0.00131049809783915,83.5661452060533,99
"{PASTE FUNDITE CU 8 OUA GYERMELYI 250G} => {PASTE FRUNZULITA CU 8 OUA GYERMELYI 250G}",0.00015353764696577,0.109513274336283,0.00140200033188946,83.5661452060533,99
"{PASTE FRUNZULITA CU 8 OUA GYERMELYI 250G} => {PASTE ATA PAIANJENULUI CU 8 OUA GYERMELYI 250G}",0.000283812014088242,0.216568047337278,0.00131049809783915,9.81042299752322,183
"{PIPER NEGRU MACINAT THYMOS 20G} => {CARNE TOCATA PORC VRAC}",0.000170597385517523,0.135802469135802,0.00125621711153812,2.46952680584019,110
"{PATE SNACK RATA UNGURESC 70G} => {PATE SNACK GASCA UNGURESC 70G}",0.000414086381210714,0.34318766066838,0.00120658878120575,266.930037738657,267
"{PATE SNACK GASCA UNGURESC 70G} => {PATE SNACK RATA UNGURESC 70G}",0.000414086381210714,0.322074788902292,0.00128568393267297,266.930037738657,267
"{CREMA SANDVIS GORDON 125G} => {CARNE TOCATA PORC VRAC}",0.000155088532288657,0.109409190371991,0.00141750918511832,1.98957301843103,100
"{REAL PATEU DE GASCA 48G} => {REAL PATEU DE PORC 48G}",0.000336542115066386,0.223942208462332,0.00150280787787709,141.703992562368,217
"{REAL PATEU DE PORC 48G} => {REAL PATEU DE GASCA 48G}",0.000336542115066386,0.212953876349362,0.00158035214402141,141.703992562368,217
"{REAL PATEU DE GASCA 48G} => {REAL PATEU DE PUI 48G}",0.000480774450094837,0.319917440660475,0.00150280787787709,160.654615510739,310
"{REAL PATEU DE PUI 48G} => {REAL PATEU DE GASCA 48G}",0.000480774450094837,0.241433021806854,0.00199133675458636,160.654615510739,310
"{REAL PATEU DE GASCA 48G} => {CARNE TOCATA PORC VRAC}",0.00015353764696577,0.102167182662539,0.00150280787787709,1.85787929974974,99
"{CAFEA TCHIBO FAMILY 250G} => {PULPE PUI CU SPATE REFR.VRAC SZEKELY CSURKE}",0.000195411550683708,0.115596330275229,0.00169046500194636,5.33121411824304,126
"{CAFEA TCHIBO FAMILY 250G} => {CARNE TOCATA PORC VRAC}",0.000263650504890717,0.155963302752294,0.00169046500194636,2.83614546425516,170
"{CORN SUPER HARMOPAN 100G} => {CORN RIP-ROP 100G}",0.000231081913110099,0.100404312668464,0.00230151381916367,8.13010146658755,149
"{_CARTOFI ALBI 5KG} => {_CARTOFI ROSII 5KG}",0.00021247128923546,0.138383838383838,0.0015353764696577,71.3260833757237,137
"{_CARTOFI ROSII 5KG} => {_CARTOFI ALBI 5KG}",0.00021247128923546,0.10951239008793,0.0019401575389311,71.3260833757237,137
"{_CARTOFI ALBI 5KG} => {_MORCOVI}",0.000238836339724532,0.155555555555556,0.0015353764696577,5.42461510726519,154
"{_CARTOFI ALBI 5KG} => {CARNE TOCATA PORC VRAC}",0.00016284295890309,0.106060606060606,0.0015353764696577,1.92868002604874,105
"{BOIA DE ARDEI SZEGEDI 100G} => {PASTE ATA PAIANJENULUI CU 8 OUA GYERMELYI 250G}",0.000156639417611544,0.104016477857878,0.00150590964852286,4.71189383219159,101
"{DR.OETKER PIKANT FIX DULCE ACRISOR 100G} => {CONSERVANT ACID SALICILIC HA 15G}",0.000276057587473809,0.179254783484391,0.00154002912562636,50.872460214459,178
"{DR.OETKER PIKANT FIX DULCE ACRISOR 100G} => {CARNE TOCATA PORC VRAC}",0.000169046500194636,0.109768378650554,0.00154002912562636,1.99610474858217,109
"{KNORR CUB PT.TOCANITA 12BUC 120G} => {KNORR CUB PENTRU SUPA DE CARNE 12BUC 120G}",0.000136477908414018,0.111675126903553,0.00122209763443462,93.3947342432203,88
"{KNORR CUB PENTRU SUPA DE CARNE 12BUC 120G} => {KNORR CUB PT.TOCANITA 12BUC 120G}",0.000136477908414018,0.114137483787289,0.00119573258394555,93.3947342432203,88
"{DESERT POTTYOS GURU CU CIOCOLATA BELGIANA 38G} => {DESERT POTTYOS GURU CU CARAMEL 38G}",0.000468367367511744,0.263986013986014,0.00177421280938224,89.58754416636,302
"{DESERT POTTYOS GURU CU CARAMEL 38G} => {DESERT POTTYOS GURU CU CIOCOLATA BELGIANA 38G}",0.000468367367511744,0.158947368421053,0.00294668211348448,89.58754416636,302
"{SALATA MIXTA KODO 600G} => {CARNE TOCATA PORC VRAC}",0.000159741188257317,0.111592632719393,0.0014314671530243,2.02927825678368,103
"{_CONOPIDA} => {_PATRUNJEL RADACINA KG}",0.00016284295890309,0.12280701754386,0.00132600695106802,7.81226373945915,105
"{_CONOPIDA} => {_MORCOVI}",0.000257446963599171,0.194152046783626,0.00132600695106802,6.77057223914302,166
"{_CONOPIDA} => {_BANANE}",0.000181453582777729,0.136842105263158,0.00132600695106802,4.48484454503138,117
"{_CONOPIDA} => {CARNE TOCATA PORC VRAC}",0.000151986761642884,0.114619883040936,0.00132600695106802,2.08432788780005,98
"{BERE FARA ALCOOL CU GUST DE RODII DREHER 500ML} => {BERE BLONDA FARA ALCOOL CU GUST DE LIME&MENTA SOPRONI DOZA 500ML}",0.000181453582777729,0.120618556701031,0.00150435876319997,27.7566027947637,117
"{MARGARINA CU VITAMINE BORDS EVE 500G} => {CARNE TOCATA PORC VRAC}",0.000227980142464326,0.116205533596838,0.00196186993345151,2.11316246332297,147
"{PATEU PORC GYULAI 500G} => {CARNE TOCATA PORC VRAC}",0.000172148270840409,0.101741521539872,0.00169201588726925,1.85013878104401,111
"{ELAN BRANZA TOPITA EMMENTALER 100G} => {ELAN BRANZA TOPITA CU SUNCA AFUMATA 100G}",0.000567624028176485,0.380853277835588,0.00149040079529399,212.984846119204,366
"{ELAN BRANZA TOPITA CU SUNCA AFUMATA 100G} => {ELAN BRANZA TOPITA EMMENTALER 100G}",0.000567624028176485,0.317432784041631,0.00178817077728821,212.984846119204,366
"{ELAN BRANZA TOPITA EMMENTALER 100G} => {CARNE TOCATA PORC VRAC}",0.000156639417611544,0.105098855359001,0.00149040079529399,1.91119088057692,101
"{ELAN PATE CU FICAT DE RATA 110G} => {ELAN PATE CU FICAT DE GASCA 110G}",0.000879351978076685,0.587564766839378,0.00149660433658554,253.755960284436,567
"{ELAN PATE CU FICAT DE GASCA 110G} => {ELAN PATE CU FICAT DE RATA 110G}",0.000879351978076685,0.379772270596115,0.00231547178706965,253.755960284436,567
"{ELAN PATE CU FICAT DE RATA 110G} => {CARNE TOCATA PORC VRAC}",0.000196962436006594,0.13160621761658,0.00149660433658554,2.39321924179727,127
"{_PERE EXTRA} => {_MORCOVI}",0.00015819030293443,0.112956810631229,0.00140044944656657,3.93908928054852,102
"{_PERE EXTRA} => {_BANANE}",0.000294668211348448,0.210409745293466,0.00140044944656657,6.89594037292925,190
"{CHIPS DIN CARTOFI CU GUST DE SARE CSIKI CSIPSZ 250G} => {CHIPS DIN CARTOFI CU GUST DE CASCAVAL CSIKI CSIPSZ 250G}",0.000210920403912573,0.123636363636364,0.00170597385517523,54.8656998060439,136
"{HARTIE MARO PENTRU COPT 6M ANA} => {CARNE TOCATA PORC VRAC}",0.000151986761642884,0.103594080338266,0.0014671375154507,1.88382700218715,98
"{PIPER NEGRU MACINAT LUCULLUS 20G} => {PASTE ATA PAIANJENULUI CU 8 OUA GYERMELYI 250G}",0.000148884990997111,0.100104275286757,0.00148729902464822,4.53467303463355,96
"{PIPER NEGRU MACINAT LUCULLUS 20G} => {CARNE TOCATA PORC VRAC}",0.00016284295890309,0.109489051094891,0.00148729902464822,1.99102526151017,105
"{MELCI PIZZA RIP-ROP 120G} => {CORN RIP-ROP 100G}",0.00032568591780618,0.124040165386887,0.00262564885164696,10.0439822127725,210
"{GOBE SALAM MISTRET} => {SALAM MANGALITA SZEKELY FALAT}",0.000240387225047418,0.166846071044133,0.00144077246496162,37.0076294072102,155
"{TOBA DE PORC BERKE} => {CARNE TOCATA PORC VRAC}",0.000231081913110099,0.136697247706422,0.00169046500194636,2.48579808337659,149
"{BONDUELLE MAZARE VERDE BOABE 200G} => {BONDUELLE GOLD PORUMB BOABE 170G}",0.000156639417611544,0.117169373549884,0.00133686314832822,68.9324743424729,101
"{BONDUELLE MAZARE VERDE BOABE 200G} => {PASTE ATA PAIANJENULUI CU 8 OUA GYERMELYI 250G}",0.000141130564382678,0.105568445475638,0.00133686314832822,4.78219718024259,91
"{BONDUELLE MAZARE VERDE BOABE 200G} => {_MORCOVI}",0.000145783220351338,0.109048723897912,0.00133686314832822,3.80280442554388,94
"{BISCUITI FRAGEZI CU MIERE GYORI EDES 180G} => {BISCUITI CU COCOS GYORI EDES 180G}",0.000138028793736905,0.104460093896714,0.00132135429509936,34.7191429504864,89
"{BISCUITI FRAGEZI CU MIERE GYORI EDES 180G} => {BISCUITI EREDETI GYORI EDES 180G}",0.000138028793736905,0.104460093896714,0.00132135429509936,33.1309086689344,89
"{MARGARINA NATUR BORDS EVE 500G} => {CARNE TOCATA PORC VRAC}",0.000268303160859377,0.140536149471974,0.00190913983247337,2.55560735028717,173
"{DETERGENT VASE PUR BALSAM 3X ACTION LEMON 450ML} => {CARNE TOCATA PORC VRAC}",0.000221776601172779,0.12532865907099,0.00176956015341358,2.27906373930738,143
"{_ROSII CHERRY VRAC} => {_CASTRAVETI FABIO}",0.00016284295890309,0.108135942327497,0.00150590964852286,24.1264009208215,105
"{_ROSII CHERRY VRAC} => {_ARDEI ROSU CAPIA}",0.000195411550683708,0.129763130792997,0.00150590964852286,18.324651422122,126
"{_ROSII CHERRY VRAC} => {_MORCOVI}",0.000192309780037935,0.127703398558187,0.00150590964852286,4.45334004686476,124
"{_ROSII CHERRY VRAC} => {_BANANE}",0.000184555353423502,0.122554067971164,0.00150590964852286,4.01657035424065,119
"{BAUT.RAC.CARBO.GUST DE ZMEURA MARKA 2L} => {BAUT.RAC.CARBO.GUST DE LIMONADA SOC MARKA 2L}",0.000184555353423502,0.103119584055459,0.0017897216626111,51.6232810262979,119
"{BAUT.RAC.CARBO.GUST DE ZMEURA MARKA 2L} => {BAUT.RAC.CARBO.GUST DE LIMONADA LAMAIE MARKA 2L}",0.000231081913110099,0.129116117850953,0.0017897216626111,62.7378816710397,149
"{BAUT.RAC.CARBO.GUST DE LIMONADA LAMAIE MARKA 2L} => {BAUT.RAC.CARBO.GUST DE ZMEURA MARKA 2L}",0.000231081913110099,0.112283345892992,0.00205802482347048,62.7378816710397,149
"{LEGUME MIXT CONGELAT HAJDU 600G} => {CARNE TOCATA PORC VRAC}",0.000223327486495666,0.141176470588235,0.0015819030293443,2.56725139601782,144
"{REAL PATEU DE PORC 48G} => {REAL PATEU DE PUI 48G}",0.000539708092364526,0.341511285574092,0.00158035214402141,171.498509625526,348
"{REAL PATEU DE PUI 48G} => {REAL PATEU DE PORC 48G}",0.000539708092364526,0.271028037383178,0.00199133675458636,171.498509625526,348
"{REAL PATEU DE PORC 48G} => {CARNE TOCATA PORC VRAC}",0.000175250041486182,0.110893032384691,0.00158035214402141,2.01655623640425,113
"{BRANZA TOPITA MEDVE FARA LACTOZA 140G} => {SMANTANA FARA LACTOZA 20% MIZO 150G}",0.000183004468100615,0.114785992217899,0.00159431011192739,35.617518902866,118
"{BRANZA TOPITA MEDVE FARA LACTOZA 140G} => {IAURT FARA LACTOZA NATUR MIZO 150G}",0.000214022174558347,0.134241245136187,0.00159431011192739,40.8099081447889,138
"{BRANZA TOPITA MEDVE FARA LACTOZA 140G} => {LAPTE UHT 1.5% GRASIME FARA LACTOZA MIZO 1L}",0.000165944729548863,0.10408560311284,0.00159431011192739,18.2423670258053,107
"{PASTE CORNITE CU 4 OUA GYERMELYI 500G} => {PASTE ATA PAIANJENULUI CU 8 OUA GYERMELYI 250G}",0.000243488995693191,0.18150289017341,0.00134151580429688,8.22198911504734,157
"{NAPOLITANE GLAZURAT CU CREMA DE CACAO BALATON 30G} => {NAPOLITANE GLAZURAT CU CREMA DE LAPTE BALATON 30G}",0.000638964753029267,0.377635197066911,0.00169201588726925,216.057259647174,412
"{NAPOLITANE GLAZURAT CU CREMA DE LAPTE BALATON 30G} => {NAPOLITANE GLAZURAT CU CREMA DE CACAO BALATON 30G}",0.000638964753029267,0.365572315882875,0.00174784775889316,216.057259647174,412
"{COVRIGI RIP-ROP 100G} => {CORN RIP-ROP 100G}",0.000291566440702675,0.10917537746806,0.00267062452601067,8.84032640509394,188
"{FANTA PORTOCALE 2.5L PET} => {COCA COLA 2.5L PET}",0.000401679298627622,0.240482822655525,0.00167030349274884,45.1679699005312,259
"{OREGANO MACINAT MARCO POLO 7G} => {BUSUIOC MACINAT MARCO POLO 5G}",0.000435798775731126,0.325986078886311,0.00133686314832822,252.940483469725,281
"{BUSUIOC MACINAT MARCO POLO 5G} => {OREGANO MACINAT MARCO POLO 7G}",0.000435798775731126,0.338146811070999,0.00128878570331874,252.940483469725,281
"{OREGANO MACINAT MARCO POLO 7G} => {CARNE TOCATA PORC VRAC}",0.000155088532288657,0.116009280742459,0.00133686314832822,2.10959366455448,100
"{BOMBOANE NEGRO EXTRA STRONG GYORI 79G} => {BOMBOANE NEGRO MENTOL GYORI 79G}",0.000345847427003705,0.185215946843854,0.00186726592875543,99.7710493009934,223
"{BOMBOANE NEGRO MENTOL GYORI 79G} => {BOMBOANE NEGRO EXTRA STRONG GYORI 79G}",0.000345847427003705,0.186299081035923,0.00185640973149522,99.7710493009933,223
"{BOMBOANE NEGRO EXTRA STRONG GYORI 79G} => {BOMBOANE NEGRO CLASSIC GYORI 79G}",0.000279159358119583,0.149501661129568,0.00186726592875543,59.8743009842967,180
"{BOMBOANE NEGRO CLASSIC GYORI 79G} => {BOMBOANE NEGRO EXTRA STRONG GYORI 79G}",0.000279159358119583,0.111801242236025,0.00249692536984738,59.8743009842966,180
"{KNORR CUB PENTRU SUPA DE CARNE 12BUC 120G} => {KNORR CUB DE GAINA 120G}",0.000136477908414018,0.114137483787289,0.00119573258394555,87.4050481991183,88
"{KNORR CUB DE GAINA 120G} => {KNORR CUB PENTRU SUPA DE CARNE 12BUC 120G}",0.000136477908414018,0.104513064133017,0.00130584544187049,87.4050481991183,88
"{CONSERVA PORUMB DULCE BOABE DELIKAT NOVA 170G} => {CARNE TOCATA PORC VRAC}",0.000183004468100615,0.120654396728016,0.00151676584578307,2.19406369308613,118
"{PASTE FUNDITE CU 8 OUA GYERMELYI 250G} => {PASTE ATA PAIANJENULUI CU 8 OUA GYERMELYI 250G}",0.000232632798432985,0.165929203539823,0.00140200033188946,7.51650898820101,150
"{PASTE FUNDITE CU 8 OUA GYERMELYI 250G} => {_MORCOVI}",0.000150435876319997,0.107300884955752,0.00140200033188946,3.7418528671322,97
"{PASTE FUNDITE CU 8 OUA GYERMELYI 250G} => {CARNE TOCATA PORC VRAC}",0.000147334105674224,0.105088495575221,0.00140200033188946,1.91100249104387,95
"{MARGARINA RAMA CLASSIC 500G} => {CARNE TOCATA PORC VRAC}",0.000204716862621027,0.100763358778626,0.00203165977298141,1.8323511872341,132
"{CASCAVAL TRAPPIST} => {CARNE TOCATA PORC VRAC}",0.000229531027787212,0.120521172638436,0.00190448717650471,2.19164105333226,148
"{CORN CU LAPTE RIP-ROP 100G} => {CORN RIP-ROP 100G}",0.000410984610564941,0.170308483290488,0.0024131775624115,13.7904957762557,265
"{CHIPS DIN CARTOFI CU GUST DE PAPRIKA CSIKI CSIPSZ 70G} => {CHIPS DIN CARTOFI CU GUST DE SMANTANA SI CEAPA CSIKI CSIPSZ 70G}",0.000369110706847004,0.185647425897036,0.00198823498394058,95.4578633863058,238
"{CHIPS DIN CARTOFI CU GUST DE SMANTANA SI CEAPA CSIKI CSIPSZ 70G} => {CHIPS DIN CARTOFI CU GUST DE PAPRIKA CSIKI CSIPSZ 70G}",0.000369110706847004,0.189792663476874,0.00194481019489976,95.4578633863058,238
"{CHIPS DIN CARTOFI CU GUST DE PAPRIKA CSIKI CSIPSZ 70G} => {CHIPS DIN CARTOFI CU GUST DE CASCAVAL CSIKI CSIPSZ 70G}",0.000410984610564941,0.206708268330733,0.00198823498394058,74.2529495608794,265
"{CHIPS DIN CARTOFI CU GUST DE CASCAVAL CSIKI CSIPSZ 70G} => {CHIPS DIN CARTOFI CU GUST DE PAPRIKA CSIKI CSIPSZ 70G}",0.000410984610564941,0.147632311977716,0.00278383915458139,74.2529495608794,265
"{CHIPS DIN CARTOFI CU GUST DE PAPRIKA CSIKI CSIPSZ 70G} => {CHIPS DIN CARTOFI CU SARE CSIKI CSIPSZ 70G}",0.00037066159216989,0.186427457098284,0.00198823498394058,58.2398834034757,239
"{CHIPS DIN CARTOFI CU SARE CSIKI CSIPSZ 70G} => {CHIPS DIN CARTOFI CU GUST DE PAPRIKA CSIKI CSIPSZ 70G}",0.00037066159216989,0.115794573643411,0.00320102730643788,58.2398834034757,239
"{UNT FARA LACTOZA 82% GRASIME MIZO 100G} => {SMANTANA FARA LACTOZA 20% MIZO 150G}",0.00048387622074061,0.259351620947631,0.00186571504343254,80.4755099738623,312
"{SMANTANA FARA LACTOZA 20% MIZO 150G} => {UNT FARA LACTOZA 82% GRASIME MIZO 100G}",0.00048387622074061,0.150144369586141,0.00322273970095829,80.4755099738623,312
"{UNT FARA LACTOZA 82% GRASIME MIZO 100G} => {IAURT FARA LACTOZA NATUR MIZO 150G}",0.000435798775731126,0.233582709891937,0.00186571504343254,71.0101349643336,281
"{IAURT FARA LACTOZA NATUR MIZO 150G} => {UNT FARA LACTOZA 82% GRASIME MIZO 100G}",0.000435798775731126,0.132484677039132,0.00328942776984241,71.0101349643336,281
"{UNT FARA LACTOZA 82% GRASIME MIZO 100G} => {LAPTE UHT 1.5% GRASIME FARA LACTOZA MIZO 1L}",0.000454409399605765,0.243557772236076,0.00186571504343254,42.6866938389281,293
"{ELAN BRANZA TOPITA CU SUNCA AFUMATA 100G} => {CARNE TOCATA PORC VRAC}",0.000206267747943914,0.115351257588899,0.00178817077728821,2.09762771263237,133
"{BUSUIOC MACINAT MARCO POLO 5G} => {CARNE TOCATA PORC VRAC}",0.000144232335028451,0.111913357400722,0.00128878570331874,2.03511053805865,93
"{ELAN SUNCA DE CURCAN 110G} => {ELAN SUNCA DE PORC 110G}",0.000517995697844114,0.315689981096408,0.00164083667161399,175.62958583356,334
"{ELAN SUNCA DE PORC 110G} => {ELAN SUNCA DE CURCAN 110G}",0.000517995697844114,0.288179465056083,0.00179747608922553,175.62958583356,334
"{PATE DIN FICAT DE RATA HAME 105G} => {PATE DIN FICAT DE GASCA HAME 105G}",0.000628108555769061,0.418388429752066,0.0015012569925542,237.895882526564,405
"{PATE DIN FICAT DE GASCA HAME 105G} => {PATE DIN FICAT DE RATA HAME 105G}",0.000628108555769061,0.357142857142857,0.00175870395615337,237.895882526564,405
"{PATE DIN FICAT DE RATA HAME 105G} => {CARNE TOCATA PORC VRAC}",0.000150435876319997,0.100206611570248,0.0015012569925542,1.82222690772787,97
"{PASTA ARDEI DULCE UNIVER 160G} => {CREMA GULAS DULCE UNIVER 160G}",0.000322584147160407,0.239080459770115,0.00134927023091132,144.612952060555,208
"{CREMA GULAS DULCE UNIVER 160G} => {PASTA ARDEI DULCE UNIVER 160G}",0.000322584147160407,0.195121951219512,0.00165324375419708,144.612952060555,208
"{BRANZA TOPITA MEDVE CU CEAPA PRAJITA 140G} => {BRANZA TOPITA MEDVE CU ARDEI IUTE 140G}",0.000161292073580203,0.122209165687427,0.00131980340977647,62.4897815789792,104
"{BRANZA TOPITA MEDVE CU CEAPA PRAJITA 140G} => {BRANZA TOPITA MEDVE CU SALAM 140G}",0.000206267747943914,0.156286721504113,0.00131980340977647,64.8889787629114,133
"{BRANZA TOPITA MEDVE CU CEAPA PRAJITA 140G} => {BRANZA TOPITA MEDVE CU SUNCA 140G}",0.000142681449705564,0.108108108108108,0.00131980340977647,34.4403909838692,92
"{BRANZA TOPITA MEDVE CU CEAPA PRAJITA 140G} => {BRANZA TOPITA MEDVE CU SMANTANA 140G}",0.000141130564382678,0.106933019976498,0.00131980340977647,26.6729836555924,91
"{BRANZA TOPITA MEDVE CU CEAPA PRAJITA 140G} => {BRANZA TOPITA MEDVE NATUR 140G}",0.000144232335028451,0.109283196239718,0.00131980340977647,14.155291272197,93
"{SALAM SANDVIS TOAST FOX} => {SUNCA PRAGA CAROLI}",0.00021712394520412,0.124888492417484,0.00173854244695584,10.8615087255661,140
"{BOIA DE ARDEI DULCE CAL II THYMOS 50G} => {CARNE TOCATA PORC VRAC}",0.000245039881016078,0.137152777777778,0.00178661989196533,2.49408175987553,158
"{FAINA DE GRAU BFF-55 GYERMELYI 1KG} => {FAINA BL-55 GYERMELYI 1KG}",0.000241938110370305,0.135770234986945,0.00178196723599667,12.7540351293615,156
"{_ARDEI CAPIA GALBEN} => {_ARDEI ROSU CAPIA}",0.000164393844225976,0.102514506769826,0.00160361542386471,14.4767052920798,106
"{_ARDEI CAPIA GALBEN} => {_MORCOVI}",0.000232632798432985,0.145067698259188,0.00160361542386471,5.05887703426914,150
"{_ARDEI CAPIA GALBEN} => {_BANANE}",0.000175250041486182,0.109284332688588,0.00160361542386471,3.58166985500014,113
"{_ARDEI CAPIA GALBEN} => {CARNE TOCATA PORC VRAC}",0.000164393844225976,0.102514506769826,0.00160361542386471,1.86419528353648,106
"{ULEI UNISOL 1L} => {CARNE TOCATA PORC VRAC}",0.000181453582777729,0.109345794392523,0.00165944729548863,1.98842018172876,117
"{KNORR CUB DE GAINA 120G} => {PASTE ATA PAIANJENULUI CU 8 OUA GYERMELYI 250G}",0.000172148270840409,0.131828978622328,0.00130584544187049,5.97178604839304,111
"{_PORTOCALE PLASA BUC^2 A nu se consuma coaja} => {_BANANE}",0.000299320867317108,0.197341513292434,0.00151676584578307,6.46764391483014,193
"{JUMARI DE PORC BERKE} => {CARNE TOCATA PORC VRAC}",0.000223327486495666,0.110854503464203,0.00201460003442965,2.01585559964448,144
"{_CIUPERCI} => {_MORCOVI}",0.000179902697454842,0.111217641418984,0.00161757339177069,3.878440057516,116
"{_CIUPERCI} => {_BANANE}",0.000204716862621027,0.126558005752637,0.00161757339177069,4.14779486648673,132
"{KETCHUP DULCE TOMI 500G} => {CARNE TOCATA PORC VRAC}",0.000128723481799585,0.102091020910209,0.00126086976750678,1.85649432133105,83
"{CAFEA MACINATA SI PRAJITA AUSLESE MELITTA 500G} => {CARNE TOCATA PORC VRAC}",0.000327236803129066,0.146223146223146,0.00223792752092532,2.65902366525639,211
"{ULEI FLORIOL 1L} => {GOBE 10 OUA PROASPETE L}",0.000165944729548863,0.12313003452244,0.00134771934558843,4.50305622765739,107
"{UNTURA DE GASCA HAZI 250G} => {UNTURA DE RATA HAZI 250G}",0.000305524408608654,0.152950310559006,0.0019975402958779,63.3812915143145,197
"{UNTURA DE RATA HAZI 250G} => {UNTURA DE GASCA HAZI 250G}",0.000305524408608654,0.126606683804627,0.0024131775624115,63.3812915143145,197
"{PASTE PATRAT INCRETIT FARA OUA CSALADI BALOGH 1KG} => {CARNE TOCATA PORC VRAC}",0.000294668211348448,0.148669796557121,0.00198203144264904,2.70351526119509,190
"{_STRUGURI ALBI} => {_BANANE}",0.000294668211348448,0.161839863713799,0.00182073936906883,5.30411768037062,190
"{BISCUITI CU CEREALE INTEGRALE KORPOVIT 174G} => {BISCUITI KORPOVIT 174G}",0.000435798775731126,0.250222617987533,0.00174164421760162,83.0802227188649,281
"{BISCUITI KORPOVIT 174G} => {BISCUITI CU CEREALE INTEGRALE KORPOVIT 174G}",0.000435798775731126,0.144696189495366,0.00301181929704572,83.0802227188649,281
"{GOBE PASTE FIDEA DE CASA DIN ILIENI 200G} => {_MORCOVI}",0.000184555353423502,0.11587147030185,0.00159275922660451,4.04073082478858,119
"{_NECTARINE} => {_BANANE}",0.000356703624263911,0.195744680851064,0.00182229025439172,6.41530954559317,230
"{_VINETE} => {_MORCOVI}",0.000200064206652368,0.111979166666667,0.00178661989196533,3.90499636627907,129
"{_VINETE} => {CARNE TOCATA PORC VRAC}",0.000218674830527006,0.122395833333333,0.00178661989196533,2.225731190775,141
"{MARGARINA CUB 60% GRASIME FALUSI 250G} => {GRASIME VEGETALA TARTINABILA CU 70% GRASIME RAMA 250G}",0.000203165977298141,0.106851549755302,0.00190138540585893,9.517492930152,131
"{MARGARINA CUB 60% GRASIME FALUSI 250G} => {CARNE TOCATA PORC VRAC}",0.000305524408608654,0.16068515497553,0.00190138540585893,2.92201091804775,197
"{ELAN SUNCA DE PORC 110G} => {CARNE TOCATA PORC VRAC}",0.000179902697454842,0.100086281276963,0.00179747608922553,1.82003873775782,116
"{_MANDARINE^2 A nu se consuma coaja} => {_BANANE}",0.000409433725242054,0.23826714801444,0.00171838093775832,7.80893510062393,264
"{CHIPS DIN CARTOFI CU GUST DE ARDEI IUTE CSIKI CSIPSZ 70G} => {CHIPS PREMIUM DIN CARTOFI CU AROMA DE CANNABIS TILTOTT CSIKI CSIPSZ 70G}",0.000338093000389272,0.161123429416112,0.00209834784186553,68.9391237050453,218
"{CHIPS PREMIUM DIN CARTOFI CU AROMA DE CANNABIS TILTOTT CSIKI CSIPSZ 70G} => {CHIPS DIN CARTOFI CU GUST DE ARDEI IUTE CSIKI CSIPSZ 70G}",0.000338093000389272,0.144658261446583,0.00233718418159006,68.9391237050453,218
"{CHIPS DIN CARTOFI CU GUST DE ARDEI IUTE CSIKI CSIPSZ 70G} => {CHIPS PREMIUM DIN CARTOFI GUST DE TRUFE TILTOTT CSIKI SOR CSIPSZ 70G}",0.000317931491191747,0.151515151515152,0.00209834784186553,42.2560160427808,205
"{_CARTOFI ROSII 5KG} => {_MORCOVI}",0.00026209961956783,0.135091926458833,0.0019401575389311,4.71099667588806,169
"{BOMBOANE NEGRO MENTOL GYORI 79G} => {BOMBOANE NEGRO CLASSIC GYORI 79G}",0.00026209961956783,0.141186299081036,0.00185640973149522,56.5440604617133,169
"{BOMBOANE NEGRO CLASSIC GYORI 79G} => {BOMBOANE NEGRO MENTOL GYORI 79G}",0.00026209961956783,0.104968944099379,0.00249692536984738,56.5440604617133,169
"{BERE TILTOTT CSIKI AFINE 500ML} => {BERE TILTOTT BARNA SOR 7% 500ML}",0.000269854046182263,0.130728775356875,0.00206422836476202,47.6770357741432,174
"{BERE TILTOTT CSIKI AFINE 500ML} => {BERE 6% SZEKELY SOR 500ML}",0.000276057587473809,0.133734034560481,0.00206422836476202,31.796006396149,178
"{BERE TILTOTT CSIKI AFINE 500ML} => {BERE TILTOTT CSIKI VADMALNA CU VITAMINE STICLA 500ML}",0.00074597584030844,0.361382419233659,0.00206422836476202,78.8017768836417,481
"{BERE TILTOTT CSIKI VADMALNA CU VITAMINE STICLA 500ML} => {BERE TILTOTT CSIKI AFINE 500ML}",0.00074597584030844,0.162664863036862,0.00458596789977559,78.8017768836417,481
"{BERE TILTOTT CSIKI AFINE 500ML} => {BERE TILTOTT CSIKI KREM SOR 4.5% 500ML}",0.00032103326183752,0.155522163786627,0.00206422836476202,29.8717910498869,207
"{BERE TILTOTT CSIKI AFINE 500ML} => {STICLA BERE 500ML CSIKI}",0.00102513519842802,0.496619083395943,0.00206422836476202,48.1311451435623,661
"{BERE TILTOTT CSIKI AFINE 500ML} => {BERE TILTOTT IGAZI SOR 6% 500ML}",0.000697898395298956,0.33809166040571,0.00206422836476202,16.7356929209258,450
"{APA MINERALA NATURALA SLAB CARBOGAZOASA SZENTKIRALYI 1.5L} => {APA MINERALA NATURALA CARBOGAZOASA SZENTKIRALYI 1.5L}",0.000241938110370305,0.101960784313725,0.00237285454401645,26.016462208152,156
"{PIPER NEGRU INTREGI THYMOS 20G} => {PASTE ATA PAIANJENULUI CU 8 OUA GYERMELYI 250G}",0.000176800926809069,0.112094395280236,0.00157725037337564,5.07781940536246,114
"{PIPER NEGRU INTREGI THYMOS 20G} => {CARNE TOCATA PORC VRAC}",0.000164393844225976,0.104228121927237,0.00157725037337564,1.89535685661427,106
"{CHIPS DIN CARTOFI CU GUST DE SMANTANA SI CEAPA CSIKI CSIPSZ 70G} => {CHIPS DIN CARTOFI CU GUST DE CASCAVAL CSIKI CSIPSZ 70G}",0.000414086381210714,0.212918660287081,0.00194481019489976,76.4838226866229,267
"{CHIPS DIN CARTOFI CU GUST DE CASCAVAL CSIKI CSIPSZ 70G} => {CHIPS DIN CARTOFI CU GUST DE SMANTANA SI CEAPA CSIKI CSIPSZ 70G}",0.000414086381210714,0.14874651810585,0.00278383915458139,76.4838226866229,267
"{CHIPS DIN CARTOFI CU GUST DE SMANTANA SI CEAPA CSIKI CSIPSZ 70G} => {CHIPS DIN CARTOFI CU SARE CSIKI CSIPSZ 70G}",0.000369110706847004,0.189792663476874,0.00194481019489976,59.2911728978895,238
"{CHIPS DIN CARTOFI CU SARE CSIKI CSIPSZ 70G} => {CHIPS DIN CARTOFI CU GUST DE SMANTANA SI CEAPA CSIKI CSIPSZ 70G}",0.000369110706847004,0.11531007751938,0.00320102730643788,59.2911728978895,238
"{FANTA PORTOCALE 2L} => {COCA COLA 2L PET}",0.000455960284928652,0.238249594813614,0.00191379248844203,26.103937296288,294
"{CREME PATISSERIE CU ZAHAR 25% MEGGLE 500ML} => {CARNE TOCATA PORC VRAC}",0.000218674830527006,0.105697151424288,0.00206888102073068,1.92207071347286,141
"{DR.OETKER PRAF PT.CREMSNIT 225G} => {COJI  ECLERE MARIEN 200G}",0.000227980142464326,0.12542662116041,0.00181763759842306,51.9423296967784,147
"{PASTE MALTAGLIATI CU 4 OUA GYERMELYI 500G} => {PASTE ATA PAIANJENULUI CU 8 OUA GYERMELYI 250G}",0.000223327486495666,0.133704735376045,0.00167030349274884,6.0567568805203,144
"{SERVETELE FOREST CRACIUN 33*33CM STRAT 1 20BUC} => {BOMBOANE DE POM ASORTAT GLORIA VRAC}",0.000203165977298141,0.120515179392824,0.0016858123459777,17.074784457534,131
"{SMANTANA 35% GRASIME PREMIUM THEREZIA 500G} => {_MORCOVI}",0.000189208009392162,0.104273504273504,0.00181453582777729,3.63628045651842,122
"{KINDER BUENO WHITE 39G} => {KINDER BUENO 43G}",0.000305524408608654,0.121454993834772,0.00251553599372202,34.7133554254007,197
"{SANGERETE VRAC} => {CALTABOS VRAC}",0.00102203342778225,0.504980842911877,0.00202390534636697,171.915582177232,659
"{CALTABOS VRAC} => {SANGERETE VRAC}",0.00102203342778225,0.347940865892291,0.00293737680154716,171.915582177232,659
"{SANGERETE VRAC} => {CARNE TOCATA PORC VRAC}",0.000507139500583908,0.250574712643678,0.00202390534636697,4.55662532262551,327
"{REAL PATEU DE RATA 105G} => {REAL PATEU DE GASCA 105G}",0.000623455899800401,0.39219512195122,0.00158965745595873,224.387461640011,402
"{REAL PATEU DE GASCA 105G} => {REAL PATEU DE RATA 105G}",0.000623455899800401,0.356699201419698,0.00174784775889316,224.387461640011,402
"{REAL PATEU DE RATA 105G} => {CARNE TOCATA PORC VRAC}",0.00016749561487175,0.105365853658537,0.00158965745595873,1.91604616385721,108
"{_FASOLE ALB MICI KG} => {_MORCOVI}",0.000294668211348448,0.117428924598269,0.00250933245243047,4.09504318975078,190
"{_FASOLE ALB MICI KG} => {CARNE TOCATA PORC VRAC}",0.000356703624263911,0.142150803461063,0.00250933245243047,2.58496934446582,230
"{PATEU DE CASA AFUMAT SZEKELY FALAT} => {CARNE TOCATA PORC VRAC}",0.000468367367511744,0.251457119067444,0.00186261327278677,4.57267161641532,302
"{MARGARINA RAMA USOR SARAT 400G} => {CARNE TOCATA PORC VRAC}",0.000274506702150923,0.112309644670051,0.00244419526886923,2.0423169021303,177
"{GOBE COTLET DE PORC USCAT FELIAT 100G} => {GOBE SUNCA COAPTA IN CUPTOR 150G}",0.000179902697454842,0.117171717171717,0.0015353764696577,37.9465108138137,116
"{GOBE COTLET DE PORC USCAT FELIAT 100G} => {GOBE MUSCHI FILE FIERT SI AFUMAT VID 200G}",0.000283812014088242,0.184848484848485,0.0015353764696577,57.523653036153,183
"{CHIPS DIN CARTOFI CU GUST DE SMANTANA SI CEAPA CSIKI CSIPSZ 100G} => {CHIPS DIN CARTOFI CU GUST DE PAPRIKA CSIKI CSIPSZ 100G}",0.000255896078276284,0.117521367521368,0.00217744299333274,48.6998426273812,165
"{CHIPS DIN CARTOFI CU GUST DE PAPRIKA CSIKI CSIPSZ 100G} => {CHIPS DIN CARTOFI CU GUST DE SMANTANA SI CEAPA CSIKI CSIPSZ 100G}",0.000255896078276284,0.106041131105398,0.0024131775624115,48.6998426273812,165
"{CHIPS DIN CARTOFI CU GUST DE SMANTANA SI CEAPA CSIKI CSIPSZ 100G} => {CHIPS DIN CARTOFI CU GUST DE CASCAVAL CSIKI CSIPSZ 100G}",0.000330338573774839,0.151709401709402,0.00217744299333274,54.709821172489,213
"{CHIPS DIN CARTOFI CU GUST DE CASCAVAL CSIKI CSIPSZ 100G} => {CHIPS DIN CARTOFI CU GUST DE SMANTANA SI CEAPA CSIKI CSIPSZ 100G}",0.000330338573774839,0.119127516778523,0.00277298295732119,54.709821172489,213
"{CHIPS DIN CARTOFI CU GUST DE SMANTANA SI CEAPA CSIKI CSIPSZ 100G} => {CHIPS DIN CARTOFI CU SARE CSIKI CSIPSZ 100G}",0.000238836339724532,0.10968660968661,0.00217744299333274,32.7582946362474,154
"{BAZA PENTRU MANCARE PODRAVKA ROSU 75G} => {CARNE TOCATA PORC VRAC}",0.000226429257141439,0.143277723258096,0.00158035214402141,2.60546203995594,146
"{BATON OKE RUDI CU GUST DE CAPSUNI 23G} => {BATON OKE RUDI NATUR 23G}",0.000497834188646589,0.213857428381079,0.00232787886965274,85.701536866452,321
"{BATON OKE RUDI NATUR 23G} => {BATON OKE RUDI CU GUST DE CAPSUNI 23G}",0.000497834188646589,0.199502796768179,0.00249537448452449,85.701536866452,321
"{BATON OKE RUDI CU GUST DE CAPSUNI 23G} => {BATON OKE RUDI CU GUST DE AFINE 23G}",0.000842130730327407,0.361758827448368,0.00232787886965274,151.467246510984,543
"{BATON OKE RUDI CU GUST DE AFINE 23G} => {BATON OKE RUDI CU GUST DE CAPSUNI 23G}",0.000842130730327407,0.352597402597403,0.00238836339724532,151.467246510984,543
"{PASTE SPIRALA ITALIAN FARA OUA CSALADI BALOGH 1KG} => {CARNE TOCATA PORC VRAC}",0.000297769981994221,0.156862745098039,0.00189828363521316,2.85250155113092,192
"{LUMANARI AMFORA STICLA ROTUNDA CU CAPAC LA 2} => {LUMANARI AMFORA STICLA ROTUNDA CU CAPAC LA 72}",0.000423391693148034,0.134416543574594,0.00314984809078262,39.4137546071365,273
"{LUMANARI AMFORA STICLA ROTUNDA CU CAPAC LA 72} => {LUMANARI AMFORA STICLA ROTUNDA CU CAPAC LA 2}",0.000423391693148034,0.124147339699864,0.00341039682502757,39.4137546071365,273
"{BAUT.RAC.CARBO.GUST DE LIMONADA SOC MARKA 2L} => {BAUT.RAC.CARBO.GUST DE LIMONADA LAMAIE MARKA 2L}",0.000280710243442469,0.140527950310559,0.0019975402958779,68.2829228821374,181
"{BAUT.RAC.CARBO.GUST DE LIMONADA LAMAIE MARKA 2L} => {BAUT.RAC.CARBO.GUST DE LIMONADA SOC MARKA 2L}",0.000280710243442469,0.136397889977393,0.00205802482347048,68.2829228821373,181
"{PIPER NEGRU MACINAT MARCO POLO 20G} => {CARNE TOCATA PORC VRAC}",0.000268303160859377,0.149395509499136,0.00179592520390265,2.71671213143654,173
"{PASTA DE TON CU LEGUME HAME 100G} => {PATE DE SOMON HAME 100G}",0.000254345192953397,0.149226569608735,0.00170442296985234,78.6755907585652,164
"{PATE DE SOMON HAME 100G} => {PASTA DE TON CU LEGUME HAME 100G}",0.000254345192953397,0.134096484055601,0.00189673274989028,78.6755907585652,164
"{PASTA DE TON CU LEGUME HAME 100G} => {PASTA DE TON PICANT HAME 100G}",0.000390823101367416,0.229299363057325,0.00170442296985234,89.174079736925,252
"{PASTA DE TON PICANT HAME 100G} => {PASTA DE TON CU LEGUME HAME 100G}",0.000390823101367416,0.151990349819059,0.00257136786534593,89.174079736925,252
"{PASTA DE TON CU LEGUME HAME 100G} => {PASTA DE TON HAME 100G}",0.000367559821524117,0.21565059144677,0.00170442296985234,49.4663791571459,237
"{SEMINTE LEGUME GARDENSEED KERTIMAG} => {CARNE TOCATA PORC VRAC}",0.000248141651661851,0.10688042752171,0.0023216753283612,1.94358823123149,160
"{PATE DE PORC CU FICAT OCSI 500G} => {CARNE TOCATA PORC VRAC}",0.00037531424813855,0.163072776280323,0.00230151381916367,2.96542908895365,242
"{ELAN KAIZER AFUMAT} => {CARNE TOCATA PORC VRAC}",0.000229531027787212,0.107871720116618,0.00212781466300037,1.96161458709331,148
"{BATON OKE RUDI NATUR 23G} => {BATON OKE RUDI CU GUST DE AFINE 23G}",0.000527301009781434,0.211311373523928,0.00249537448452449,88.4753860185805,340
"{BATON OKE RUDI CU GUST DE AFINE 23G} => {BATON OKE RUDI NATUR 23G}",0.000527301009781434,0.220779220779221,0.00238836339724532,88.4753860185805,340
"{CHIPS PREMIUM DIN CARTOFI CU AROMA DE CANNABIS TILTOTT CSIKI CSIPSZ 70G} => {CHIPS PREMIUM DIN CARTOFI GUST DE TRUFE TILTOTT CSIKI SOR CSIPSZ 70G}",0.000473020023480404,0.202388852023889,0.00233718418159006,56.4441674148093,305
"{CHIPS PREMIUM DIN CARTOFI GUST DE TRUFE TILTOTT CSIKI SOR CSIPSZ 70G} => {CHIPS PREMIUM DIN CARTOFI CU AROMA DE CANNABIS TILTOTT CSIKI CSIPSZ 70G}",0.000473020023480404,0.131920415224913,0.00358564686651375,56.4441674148093,305
"{CHIPS PREMIUM DIN CARTOFI CU AROMA DE CANNABIS TILTOTT CSIKI CSIPSZ 70G} => {STICLA BERE 500ML CSIKI}",0.000238836339724532,0.102189781021898,0.00233718418159006,9.90399150375057,154
"{REAL PATEU DE PUI 48G} => {CARNE TOCATA PORC VRAC}",0.00021712394520412,0.109034267912773,0.00199133675458636,1.982755166966,140
"{NAPOLITANE CU CREMA DE LAMAIE FARA ZAHAR,CU INDULCITOR LOVE FREE U&U 180G} => {NAPOLITANE CU CREMA DE CACAO FARA ZAHAR LOVE FREE U&U 180G}",0.000609497931894422,0.288123167155425,0.00211540758041728,111.780867220005,393
"{NAPOLITANE CU CREMA DE CACAO FARA ZAHAR LOVE FREE U&U 180G} => {NAPOLITANE CU CREMA DE LAMAIE FARA ZAHAR,CU INDULCITOR LOVE FREE U&U 180G}",0.000609497931894422,0.236462093862816,0.00257757140663748,111.780867220005,393
"{ELAN HREAN RAS CU MERE 160G} => {ELAN HREAN RAS 160G}",0.000347398312326592,0.177075098814229,0.00196186993345151,31.9286309255378,224
"{ELAN HREAN RAS CU MERE 160G} => {CARNE TOCATA PORC VRAC}",0.000203165977298141,0.103557312252964,0.00196186993345151,1.88315838568238,131
"{USTUROI GRANULAT MARCO POLO 20G} => {CARNE TOCATA PORC VRAC}",0.000234183683755872,0.141917293233083,0.00165014198355131,2.58072303163289,151
"{DETERGENT PT.BUCATARIE FLORASZEPT 750ML} => {DETERGENT PT.BAIE FLORASZEPT 750ML}",0.000575378454790917,0.27299484915379,0.00210765315380285,104.033787098357,371
"{DETERGENT PT.BAIE FLORASZEPT 750ML} => {DETERGENT PT.BUCATARIE FLORASZEPT 750ML}",0.000575378454790917,0.219267139479905,0.00262409796632408,104.033787098357,371
"{MALAI ARPIS PREMIUM 1KG} => {CARNE TOCATA PORC VRAC}",0.00021247128923546,0.110394842868654,0.00192464868570223,2.00749681081302,137
"{CREMWURSTI DE PORC CLASIC CAROLI} => {CARNE TOCATA PORC VRAC}",0.000305524408608654,0.130897009966777,0.00233408241094429,2.38032251530003,197
"{ELAN CIOLAN AFUMAT FARA OS} => {CARNE TOCATA PORC VRAC}",0.00042028992250226,0.198680351906158,0.00211540758041728,3.61294207644615,271
"{GOBE SLANINA AFUMATA UDVARHELYI} => {CARNE TOCATA PORC VRAC}",0.00027140493150515,0.116666666666667,0.00232632798432985,2.12154802865362,175
"{MUSTAR DULCE LA MINUT 290G} => {CARNE TOCATA PORC VRAC}",0.000263650504890717,0.154968094804011,0.00170132119920657,2.81804790887705,170
"{BRANZA TOPITA MEDVE CU ARDEI IUTE 140G} => {BRANZA TOPITA MEDVE CU SALAM 140G}",0.000218674830527006,0.111816019032514,0.00195566639215996,46.4251039021454,141
"{BRANZA TOPITA MEDVE CU ARDEI IUTE 140G} => {BRANZA TOPITA MEDVE NATUR 140G}",0.000238836339724532,0.122125297383029,0.00195566639215996,15.8187096977693,154
"{REAL PATEU DE GASCA 105G} => {CARNE TOCATA PORC VRAC}",0.000195411550683708,0.111801242236025,0.00174784775889316,2.03307175771598,126
"{ELAN PASTE PATRATE INCRETITE FARA OUA 400G} => {CARNE TOCATA PORC VRAC}",0.000383068674752983,0.145465253239105,0.0026334032782614,2.64524161068876,247
"{BRANZA CIOCOLATA FITT POTTYOS ZMEURA&CEREALE 38G} => {BRANZA CIOCOLATA AMARA FITT POTTYOS 38G}",0.000251243422307624,0.117818181818182,0.00213246731896903,55.695263129832,162
"{BRANZA CIOCOLATA AMARA FITT POTTYOS 38G} => {BRANZA CIOCOLATA FITT POTTYOS ZMEURA&CEREALE 38G}",0.000251243422307624,0.118768328445748,0.00211540758041728,55.695263129832,162
"{BRANZA CIOCOLATA FITT POTTYOS ZMEURA&CEREALE 38G} => {BRANZA CIOCOLATA FITT POTTYOS NATUR 38G}",0.000412535495887828,0.193454545454545,0.00213246731896903,74.2488909090909,266
"{BRANZA CIOCOLATA FITT POTTYOS NATUR 38G} => {BRANZA CIOCOLATA FITT POTTYOS ZMEURA&CEREALE 38G}",0.000412535495887828,0.158333333333333,0.00260548734244944,74.2488909090909,266
"{BRANZA CIOCOLATA FITT POTTYOS ZMEURA&CEREALE 38G} => {BRANZA CIOCOLATA POTTYOS URIAS DE CASTANE 51G}",0.000302422637962881,0.141818181818182,0.00213246731896903,31.9620310762289,195
"{CHIPS DIN CARTOFI CU GUST DE PAPRIKA CSIKI CSIPSZ 100G} => {CHIPS DIN CARTOFI CU GUST DE CASCAVAL CSIKI CSIPSZ 100G}",0.000364458050878344,0.151028277634961,0.0024131775624115,54.4641925173824,235
"{CHIPS DIN CARTOFI CU GUST DE CASCAVAL CSIKI CSIPSZ 100G} => {CHIPS DIN CARTOFI CU GUST DE PAPRIKA CSIKI CSIPSZ 100G}",0.000364458050878344,0.131431767337808,0.00277298295732119,54.4641925173824,235
"{CHIPS DIN CARTOFI CU GUST DE PAPRIKA CSIKI CSIPSZ 100G} => {CHIPS DIN CARTOFI CU SARE CSIKI CSIPSZ 100G}",0.000352050968295251,0.145886889460154,0.0024131775624115,43.5696364593243,227
"{CHIPS DIN CARTOFI CU SARE CSIKI CSIPSZ 100G} => {CHIPS DIN CARTOFI CU GUST DE PAPRIKA CSIKI CSIPSZ 100G}",0.000352050968295251,0.105141269106068,0.0033483614121121,43.5696364593243,227
"{BRANZA CIOCOLATA AMARA FITT POTTYOS 38G} => {BRANZA CIOCOLATA FITT POTTYOS NATUR 38G}",0.000268303160859377,0.12683284457478,0.00211540758041728,48.6791252094679,173
"{BRANZA CIOCOLATA FITT POTTYOS NATUR 38G} => {BRANZA CIOCOLATA AMARA FITT POTTYOS 38G}",0.000268303160859377,0.10297619047619,0.00260548734244944,48.6791252094679,173
"{BRANZA CIOCOLATA AMARA FITT POTTYOS 38G} => {BRANZA CIOCOLATA POTTYOS URIAS DE CASTANE 51G}",0.000269854046182263,0.127565982404692,0.00211540758041728,28.7499659184441,174
"{_GRAPEFRUIT ROSU^2 A nu se consuma coaja} => {_PORTOCALE^2 A nu se consuma coaja}",0.000272955816828036,0.133535660091047,0.0020440668555645,27.2218965782758,176
"{_GRAPEFRUIT ROSU^2 A nu se consuma coaja} => {_LAMAIE^2 A nu se consuma coaja}",0.000314829720545974,0.15402124430956,0.0020440668555645,13.7722673945492,203
"{_GRAPEFRUIT ROSU^2 A nu se consuma coaja} => {_BANANE}",0.000378416018784323,0.185128983308042,0.0020440668555645,6.06739211823435,244
"{CARTI CATEGORIA 5} => {CARTI CATEGORIA 1}",0.000305524408608654,0.147565543071161,0.00207043190605357,35.864767890495,197
"{_GHIMBIR} => {_LAMAIE^2 A nu se consuma coaja}",0.00037066159216989,0.189984101748808,0.0019510137361913,16.9879931935819,239
"{_GHIMBIR} => {_MORCOVI}",0.000201615091975254,0.103338632750397,0.00195101373619131,3.60367912531244,130
"{_GHIMBIR} => {_BANANE}",0.000246590766338965,0.126391096979332,0.0019510137361913,4.14232462105289,159
"{CREMWURSTI PASARE CAROLI} => {CARNE TOCATA PORC VRAC}",0.000345847427003705,0.135233474833232,0.00255740989743995,2.45917981663219,223
"{APA MINERALA NATURALA PLATA BIBORTENI 2L} => {APA MINERALA NATURALA CARBOGAZIFICATA BIBORTENI 2L}",0.000575378454790917,0.214823393167342,0.00267837895262511,35.3448890407119,371
"{PATE DE SOMON HAME 100G} => {PASTA DE TON PICANT HAME 100G}",0.000303973523285768,0.160261651676206,0.00189673274989027,62.3254470260892,196
"{PASTA DE TON PICANT HAME 100G} => {PATE DE SOMON HAME 100G}",0.000303973523285768,0.118214716525935,0.00257136786534593,62.3254470260892,196
"{PATE DE SOMON HAME 100G} => {PASTA DE TON HAME 100G}",0.000407882839919168,0.215044971381848,0.00189673274989027,49.3274607727556,263
"{ULEI RAFINAT DE FLOAREA SOARELUI OLPO 1L} => {CARNE TOCATA PORC VRAC}",0.000311727949900201,0.142250530785563,0.00219140096123872,2.58678285568321,201
"{CREMA PATISERIE CU ZAHAR 25% MEGGLE 200ML} => {CARNE TOCATA PORC VRAC}",0.000243488995693191,0.100447856685861,0.00242403375967171,1.82661387715173,157
"{BERE BLONDA FARA ALCOOL CU GUST DE SOC&LAMAIE SOPRONI DOZA 500ML} => {BERE FARA ALC.CU GUST DE VISINE&LAMAIE SOPRONI RADLER 500ML}",0.000417188151856487,0.180779569892473,0.00230771736045522,68.4873097589174,269
"{BERE FARA ALC.CU GUST DE VISINE&LAMAIE SOPRONI RADLER 500ML} => {BERE BLONDA FARA ALCOOL CU GUST DE SOC&LAMAIE SOPRONI DOZA 500ML}",0.000417188151856487,0.158049353701528,0.00263960681955294,68.4873097589174,269
"{BERE BLONDA FARA ALCOOL CU GUST DE SOC&LAMAIE SOPRONI DOZA 500ML} => {BERE BLONDA FARA ALCOOL CU GUST DE LAMAIE SOPRONI DOZA 500ML}",0.000463714711543084,0.200940860215054,0.00230771736045522,53.9855250336021,299
"{BERE BLONDA FARA ALCOOL CU GUST DE LAMAIE SOPRONI DOZA 500ML} => {BERE BLONDA FARA ALCOOL CU GUST DE SOC&LAMAIE SOPRONI DOZA 500ML}",0.000463714711543084,0.124583333333333,0.00372212477492777,53.9855250336022,299
"{BERE BLONDA FARA ALCOOL CU GUST DE SOC&LAMAIE SOPRONI DOZA 500ML} => {BERE BLONDA FARA ALCOOL CU GUST DE LIME&MENTA SOPRONI DOZA 500ML}",0.000803358597255243,0.348118279569892,0.00230771736045522,80.1085759595681,518
"{BERE BLONDA FARA ALCOOL CU GUST DE LIME&MENTA SOPRONI DOZA 500ML} => {BERE BLONDA FARA ALCOOL CU GUST DE SOC&LAMAIE SOPRONI DOZA 500ML}",0.000803358597255243,0.184867951463241,0.00434558067472817,80.108575959568,518
"{BERE TILTOTT BARNA SOR 7% 500ML} => {BERE TILTOTT CSIKI GOLD STICLA 500ML}",0.000359805394909684,0.131221719457014,0.00274196525086346,41.4352821517366,232
"{BERE TILTOTT CSIKI GOLD STICLA 500ML} => {BERE TILTOTT BARNA SOR 7% 500ML}",0.000359805394909684,0.113614103819785,0.00316690782933438,41.4352821517366,232
"{BERE TILTOTT BARNA SOR 7% 500ML} => {BERE 6% SZEKELY SOR 500ML}",0.000437349661054013,0.159502262443439,0.00274196525086346,37.9225450987066,282
"{BERE 6% SZEKELY SOR 500ML} => {BERE TILTOTT BARNA SOR 7% 500ML}",0.000437349661054013,0.103982300884956,0.00420600099566838,37.9225450987066,282
"{BERE TILTOTT BARNA SOR 7% 500ML} => {BERE TILTOTT CSIKI VADMALNA CU VITAMINE STICLA 500ML}",0.000397026642658962,0.144796380090498,0.00274196525086346,31.5737884030072,256
"{BERE TILTOTT BARNA SOR 7% 500ML} => {BERE TILTOTT CSIKI KREM SOR 4.5% 500ML}",0.000460612940897311,0.167986425339367,0.00274196525086346,32.2658537842854,297
"{BERE TILTOTT BARNA SOR 7% 500ML} => {STICLA BERE 500ML CSIKI}",0.000935183849700602,0.34106334841629,0.00274196525086346,33.0550517984946,603
"{BERE TILTOTT BARNA SOR 7% 500ML} => {BERE TILTOTT IGAZI SOR 6% 500ML}",0.00115075690958183,0.419683257918552,0.00274196525086346,20.7745145803068,742
"{ELAN UNTURA DE PORC 450G} => {CARNE TOCATA PORC VRAC}",0.000330338573774839,0.119864940911649,0.00275592321876943,2.17970767796392,213
"{_VARZA ROSIE} => {_PATRUNJEL RADACINA KG}",0.000203165977298141,0.100537221795856,0.0020208035757212,6.39558966588548,131
"{_VARZA ROSIE} => {_MORCOVI}",0.000319482376514633,0.158096699923254,0.0020208035757212,5.51323122950864,206
"{_ROSII DE GRADINA ROMANIA} => {_CASTRAVETI CORNISON}",0.000497834188646589,0.216891891891892,0.00229531027787212,44.9535112981834,321
"{_CASTRAVETI CORNISON} => {_ROSII DE GRADINA ROMANIA}",0.000497834188646589,0.103182256509161,0.00482480423950012,44.9535112981834,321
"{_ROSII DE GRADINA ROMANIA} => {_BANANE}",0.000265201390213603,0.115540540540541,0.00229531027787212,3.78670996018892,171
"{CAFEA AMAROY EXTRA 500G} => {CARNE TOCATA PORC VRAC}",0.000243488995693191,0.1,0.00243488995693191,1.81846973884596,157
"{CONSERVA MAZARE VERDE GREEN PEAS 400G} => {_MORCOVI}",0.000255896078276284,0.104828462515883,0.00244109349822346,3.65563325208241,165
"{CONSERVA MAZARE VERDE GREEN PEAS 400G} => {CARNE TOCATA PORC VRAC}",0.000307075293931541,0.12579415501906,0.00244109349822346,2.28752864225858,198
"{UNTURA DE GASCA 1982 OROSHAZA 300G} => {UNTURA DE RATA 1982 OROSHAZA 300G}",0.00032103326183752,0.130929791271347,0.00245194969548367,42.5088685313322,207
"{UNTURA DE RATA 1982 OROSHAZA 300G} => {UNTURA DE GASCA 1982 OROSHAZA 300G}",0.00032103326183752,0.104229607250755,0.00308005825125273,42.5088685313322,207
"{SPATE PORC FARA OS} => {PULPE PUI CU SPATE REFR.VRAC SZEKELY CSURKE}",0.000331889459097726,0.1082995951417,0.00306454939802386,4.99469428869197,214
"{SPATE PORC FARA OS} => {CARNE TOCATA PORC VRAC}",0.000657575376903906,0.214574898785425,0.00306454939802386,3.9019796015723,424
"{OASE CU MADUVA} => {_MORCOVI}",0.000344296541680818,0.129976580796253,0.00264891213149026,4.53261165285875,222
"{OASE CU MADUVA} => {CARNE TOCATA PORC VRAC}",0.000505588615261022,0.190866510538642,0.00264891213149026,3.47084973573643,326
"{BONDUELLE CONSERVA PORUMB DULCE 340G} => {GOBE 10 OUA PROASPETE L}",0.000159741188257317,0.100881488736533,0.00158345391466719,3.6893924205601,103
"{CARNATI DE PORC CASA AFUMAT BERKE} => {CARNE TOCATA PORC VRAC}",0.000348949197649478,0.128059191804212,0.0027249055123117,2.32871765077029,225
"{PULPE PUI REFR.GALBEN VRAC} => {PIEPT DE PUI FARA OS REFR.VRAC SZEKELY CSURKE}",0.000331889459097726,0.120767494356659,0.002748168792155,4.75049017744713,214
"{PULPE PUI REFR.GALBEN VRAC} => {_MORCOVI}",0.00032103326183752,0.116817155756208,0.002748168792155,4.07370926508991,207
"{PULPE PUI REFR.GALBEN VRAC} => {CARNE TOCATA PORC VRAC}",0.000564522257530711,0.205417607223476,0.002748168792155,3.73545702562037,364
"{VARZA TOCATA KODO 650G} => {VARZA MURATA KODO}",0.000352050968295251,0.145047923322684,0.00242713553031748,50.0406022594988,227
"{VARZA MURATA KODO} => {VARZA TOCATA KODO 650G}",0.000352050968295251,0.121455323702515,0.002898604668475,50.0406022594988,227
"{VARZA TOCATA KODO 650G} => {CARNE TOCATA PORC VRAC}",0.000265201390213603,0.10926517571885,0.00242713553031748,1.98695415554415,171
"{PATE PUI BUCEGI 120G} => {PATE PORC BUCEGI 120G}",0.00037531424813855,0.206484641638225,0.00181763759842306,47.1291509861367,242
"{PATE PUI BUCEGI 120G} => {CARNE TOCATA PORC VRAC}",0.00021247128923546,0.116894197952218,0.00181763759842306,2.12568561622778,137
"{ELAN PATE CU FICAT DE GASCA 110G} => {CARNE TOCATA PORC VRAC}",0.000290015555379789,0.125251172136638,0.00231547178706965,2.27765466285462,187
"{CREMWURSTI PORC FOX} => {CARNE TOCATA PORC VRAC}",0.000361356280232571,0.143915997529339,0.00251088333775336,2.61706886442933,233
"{PASTE CUS-CUS GYERMELYI 500G} => {PASTE ATA PAIANJENULUI CU 8 OUA GYERMELYI 250G}",0.000297769981994221,0.139737991266376,0.00213091643364615,6.33006032054377,192
"{PASTE CUS-CUS GYERMELYI 500G} => {CARNE TOCATA PORC VRAC}",0.000234183683755872,0.109898107714702,0.00213091643364615,1.99846383235618,151
"{CREMINOS CU UNT LACTO FOOD 60% 200G} => {CARNE TOCATA PORC VRAC}",0.000345847427003705,0.140960809102402,0.00245350058080655,2.5633296571596,223
"{SMANTANA 20% GRASIME HAZAI 800G} => {CARNE TOCATA PORC VRAC}",0.000387721330721642,0.147492625368732,0.00262875062229274,2.68210875935982,250
"{PASTE SPAGHETE CU 4 OUA GYERMELYI 500G} => {PASTE ATA PAIANJENULUI CU 8 OUA GYERMELYI 250G}",0.000331889459097726,0.18135593220339,0.00183004468100615,8.21533199334132,214
"{PASTE SPAGHETE CU 4 OUA GYERMELYI 500G} => {CARNE TOCATA PORC VRAC}",0.00026209961956783,0.143220338983051,0.00183004468100615,2.60441852427938,169
"{_VARZA PROASPATA} => {_MORCOVI}",0.000486977991386383,0.177200902934537,0.002748168792155,6.17944303979822,314
"{_VARZA PROASPATA} => {CARNE TOCATA PORC VRAC}",0.00037531424813855,0.136568848758465,0.002748168792155,2.48346318736299,242
"{ARIPI PUI REFRIGERAT VRAC SZEKELY CSURKE} => {PULPE PUI CU SPATE REFR.VRAC SZEKELY CSURKE}",0.000559869601562052,0.209883720930233,0.0026675227553649,9.67967627993473,361
"{ARIPI PUI REFRIGERAT VRAC SZEKELY CSURKE} => {PIEPT DE PUI FARA OS REFR.VRAC SZEKELY CSURKE}",0.000409433725242054,0.153488372093023,0.0026675227553649,6.03759321052811,264
"{ARIPI PUI REFRIGERAT VRAC SZEKELY CSURKE} => {CARNE TOCATA PORC VRAC}",0.000612599702540195,0.229651162790698,0.0026675227553649,4.17613690025671,395
"{CHIPS DIN CARTOFI CU GUST DE CASCAVAL CSIKI CSIPSZ 70G} => {CHIPS DIN CARTOFI CU SARE CSIKI CSIPSZ 70G}",0.000466816482188858,0.167688022284123,0.00278383915458139,52.3856894150418,301
"{CHIPS DIN CARTOFI CU SARE CSIKI CSIPSZ 70G} => {CHIPS DIN CARTOFI CU GUST DE CASCAVAL CSIKI CSIPSZ 70G}",0.000466816482188858,0.145833333333333,0.00320102730643788,52.3856894150418,301
"{BATON CIOCOLATA SPORT 31G} => {BATON CIOCOLATA SPORT XL 42G}",0.000339643885712159,0.139047619047619,0.00244264438354635,45.5111327048586,219
"{BATON CIOCOLATA SPORT XL 42G} => {BATON CIOCOLATA SPORT 31G}",0.000339643885712159,0.111167512690355,0.00305524408608654,45.5111327048586,219
"{BATON CIOCOLATA SPORT 31G} => {BATON CIOCOLATA SPORT XXL 51G}",0.000269854046182263,0.11047619047619,0.00244264438354635,33.3337736479711,174
"{CALTABOS VRAC} => {CARNE TOCATA PORC VRAC}",0.000693245739330297,0.236008447729673,0.00293737680154716,4.29174220308418,447
"{PALL MALL EXTRA CUT BLACK} => {ENERGIZANT HELL 250ML}",0.000611048817217308,0.106314085267134,0.00574758100661763,6.51435693069005,394
"{CHIPS DIN CARTOFI CU GUST DE CASCAVAL CSIKI CSIPSZ 100G} => {CHIPS DIN CARTOFI CU SARE CSIKI CSIPSZ 100G}",0.000290015555379789,0.104586129753915,0.00277298295732119,31.2350182317814,187
"{ELAN FOI DE DAFIN 15G} => {CARNE TOCATA PORC VRAC}",0.000251243422307624,0.109756097560976,0.00228910673658058,1.99588142068459,162
"{SMANTANA FARA LACTOZA 20% MIZO 150G} => {IAURT FARA LACTOZA NATUR MIZO 150G}",0.000792502399995037,0.245909528392685,0.00322273970095829,74.7575400947217,511
"{IAURT FARA LACTOZA NATUR MIZO 150G} => {SMANTANA FARA LACTOZA 20% MIZO 150G}",0.000792502399995037,0.240924092409241,0.00328942776984241,74.7575400947217,511
"{SMANTANA FARA LACTOZA 20% MIZO 150G} => {LAPTE UHT 1.5% GRASIME FARA LACTOZA MIZO 1L}",0.000722712560465142,0.224254090471607,0.00322273970095829,39.3034704423645,466
"{LAPTE UHT 1.5% GRASIME FARA LACTOZA MIZO 1L} => {SMANTANA FARA LACTOZA 20% MIZO 150G}",0.000722712560465142,0.126664854580049,0.00570570710289969,39.3034704423645,466
"{SALAM DE CASA AFUMAT BERKE} => {CARNE TOCATA PORC VRAC}",0.000477672679449063,0.157223072996427,0.00303818434753479,2.85905400492371,308
"{BRANZA CIOCOLATA POTTYOS CU CR.DE CAISE 30G} => {BRANZA CIOCOLATA POTTYOS CU CR.DE CAPSUNI 30G}",0.00114610425361318,0.437796208530806,0.00261789442503253,129.549302747684,739
"{BRANZA CIOCOLATA POTTYOS CU CR.DE CAPSUNI 30G} => {BRANZA CIOCOLATA POTTYOS CU CR.DE CAISE 30G}",0.00114610425361318,0.339146397430014,0.00337937911856984,129.549302747684,739
"{BRANZA CIOCOLATA POTTYOS CU CR.DE CAISE 30G} => {BRANZA CIOCOLATA POTTYOS NATUR 30G}",0.000347398312326592,0.132701421800948,0.00261789442503253,30.0333267347485,224
"{BRANZA CIOCOLATA POTTYOS CU CR.DE CAISE 30G} => {BRANZA CIOCOLATA POTTYOS URIAS DE CASTANE 51G}",0.000277608472796696,0.106042654028436,0.00261789442503253,23.8991824603137,179
"{BRANZA CIOCOLATA POTTYOS URIAS DE CARAMEL SARAT 51G} => {BRANZA CIOCOLATA AMARA POTTYOS CU COCOS 51G}",0.000348949197649478,0.124309392265193,0.00280710243442469,43.3029853953813,225
"{BRANZA CIOCOLATA AMARA POTTYOS CU COCOS 51G} => {BRANZA CIOCOLATA POTTYOS URIAS DE CARAMEL SARAT 51G}",0.000348949197649478,0.121555915721232,0.00287068873266304,43.3029853953813,225
"{BRANZA CIOCOLATA POTTYOS URIAS DE CARAMEL SARAT 51G} => {BRANZA CIOCOLATA POTTYOS URIAS DE CASTANE 51G}",0.000459062055574425,0.16353591160221,0.00280710243442469,36.8566274203858,296
"{BRANZA CIOCOLATA POTTYOS URIAS DE CASTANE 51G} => {BRANZA CIOCOLATA POTTYOS URIAS DE CARAMEL SARAT 51G}",0.000459062055574425,0.103460328556449,0.00443708290877848,36.8566274203858,296
"{BRANZA CIOCOLATA POTTYOS URIAS DE CARAMEL SARAT 51G} => {BRANZA CIOCOLATA LAPTE POTTYOS ORIAS NATUR 51G}",0.000310177064577314,0.110497237569061,0.00280710243442469,17.928496553565,200
"{GRASIME VEGETALA TARTINABILA CU 70% GRASIME CU GUST DE UNT RAMA 250G} => {GRASIME VEGETALA TARTINABILA CU 70% GRASIME RAMA 250G}",0.000341194771035045,0.129259694477086,0.00263960681955294,11.5134336484271,220
"{GRASIME VEGETALA TARTINABILA CU 70% GRASIME CU GUST DE UNT RAMA 250G} => {CARNE TOCATA PORC VRAC}",0.000311727949900201,0.118096357226792,0.00263960681955294,2.14754651884863,201
"{BERE TILTOTT CSIKI GOLD STICLA 500ML} => {BERE 6% SZEKELY SOR 500ML}",0.000387721330721642,0.122428991185113,0.00316690782933438,29.1081698057604,250
"{BERE TILTOTT CSIKI GOLD STICLA 500ML} => {BERE TILTOTT CSIKI VADMALNA CU VITAMINE STICLA 500ML}",0.000412535495887828,0.13026444662096,0.00316690782933438,28.4050061988734,266
"{BERE TILTOTT CSIKI GOLD STICLA 500ML} => {BERE TILTOTT CSIKI KREM SOR 4.5% 500ML}",0.000442002317022672,0.139569049951028,0.00316690782933438,26.8076098972516,285
"{BERE TILTOTT CSIKI GOLD STICLA 500ML} => {STICLA BERE 500ML CSIKI}",0.00130274367122472,0.411361410381978,0.00316690782933438,39.8681734382124,840
"{STICLA BERE 500ML CSIKI} => {BERE TILTOTT CSIKI GOLD STICLA 500ML}",0.00130274367122472,0.126258830602736,0.0103180400531644,39.8681734382124,840
"{BERE TILTOTT CSIKI GOLD STICLA 500ML} => {BERE TILTOTT IGAZI SOR 6% 500ML}",0.000843681615650294,0.266405484818805,0.00316690782933438,13.1871942094866,544
"{BOIA DE ARDEI DULCE II THYMOS 100G} => {CARNE TOCATA PORC VRAC}",0.000324135032483293,0.12712895377129,0.00254965547082552,2.31180155364237,209
"{VARZA MURATA KODO} => {CARNE TOCATA PORC VRAC}",0.000600192619957103,0.207062600321027,0.002898604668475,3.76537072730544,387
"{SMANTANA ZOTT 20% 330G} => {CARNE TOCATA PORC VRAC}",0.000378416018784323,0.112494236975565,0.00336387026534097,2.04567365734631,244
"{MUSTAR CU HREAN DANESTAR 230G} => {MUSTAR DE MASA DANESTAR 230G}",0.000300871752639995,0.132785763175907,0.00226584345673728,30.8094028771078,194
"{PASTA DE TON PICANT HAME 100G} => {PASTA DE TON HAME 100G}",0.000609497931894422,0.237032569360676,0.00257136786534593,54.3710215210879,393
"{PASTA DE TON HAME 100G} => {PASTA DE TON PICANT HAME 100G}",0.000609497931894422,0.139807897545358,0.00435953864263415,54.3710215210879,393
"{_ARDEI GRAS ROMANIA} => {_ROSII VRAC}",0.000300871752639995,0.113849765258216,0.00264270859019871,18.2838186027748,194
"{_ARDEI GRAS ROMANIA} => {_MORCOVI}",0.000381517789430096,0.144366197183099,0.00264270859019871,5.03441391997197,246
"{_ARDEI GRAS ROMANIA} => {CARNE TOCATA PORC VRAC}",0.000457511170251538,0.1731220657277,0.00264270859019872,3.14817237652323,295
"{BERE FARA ALC.CU GUST DE VISINE&LAMAIE SOPRONI RADLER 500ML} => {BERE BLONDA FARA ALCOOL CU GUST DE LAMAIE SOPRONI DOZA 500ML}",0.000547462518978959,0.207403055229142,0.00263960681955294,55.7216825793185,353
"{BERE BLONDA FARA ALCOOL CU GUST DE LAMAIE SOPRONI DOZA 500ML} => {BERE FARA ALC.CU GUST DE VISINE&LAMAIE SOPRONI RADLER 500ML}",0.000547462518978959,0.147083333333333,0.00372212477492777,55.7216825793185,353
"{BERE FARA ALC.CU GUST DE VISINE&LAMAIE SOPRONI RADLER 500ML} => {BERE BLONDA FARA ALCOOL CU GUST DE LIME&MENTA SOPRONI DOZA 500ML}",0.000682389542070091,0.258519388954172,0.00263960681955294,59.4901828557913,440
"{BERE BLONDA FARA ALCOOL CU GUST DE LIME&MENTA SOPRONI DOZA 500ML} => {BERE FARA ALC.CU GUST DE VISINE&LAMAIE SOPRONI RADLER 500ML}",0.000682389542070091,0.157030692362598,0.00434558067472817,59.4901828557913,440
"{TOBA TRADITIONALA LANKA} => {CARNE TOCATA PORC VRAC}",0.000327236803129066,0.119007332205302,0.00274971967747789,2.16411232316129,211
"{ELAN FAINA ALBA DE GRAU TIP 550 1KG} => {ELAN ULEI RAFINAT DE FLOAREA SOARELUI 1L}",0.00032568591780618,0.107252298263534,0.0030366334622119,7.92250328264853,210
"{ELAN FAINA ALBA DE GRAU TIP 550 1KG} => {CARNE TOCATA PORC VRAC}",0.000466816482188858,0.153728294177732,0.0030366334622119,2.79550250966616,301
"{BRANZA GOUDA CALUP MLEKOVITA} => {CARNE TOCATA PORC VRAC}",0.000465265596865971,0.146699266503667,0.00317156048530304,2.66768176847818,300
"{MAC MACINAT BACKMIT 200G} => {GRASIME VEGETALA TARTINABILA CU 70% GRASIME RAMA 250G}",0.000392373986690302,0.131633714880333,0.00298080159058799,11.7248926535205,253
"{CHIO POPCORN MICROUNDE CASCAVAL 80G} => {CHIO POPCORN MICROUNDE UNT 80G}",0.000651371835612359,0.304347826086957,0.00214022174558347,142.410266927494,420
"{CHIO POPCORN MICROUNDE UNT 80G} => {CHIO POPCORN MICROUNDE CASCAVAL 80G}",0.000651371835612359,0.304789550072569,0.00213711997493769,142.410266927494,420
"{CHIO POPCORN MICROUNDE CASCAVAL 80G} => {CHIO POPCORN MICROUNDE SARE 80G}",0.000452858514282878,0.211594202898551,0.00214022174558347,95.4087138948008,292
"{CHIO POPCORN MICROUNDE SARE 80G} => {CHIO POPCORN MICROUNDE CASCAVAL 80G}",0.000452858514282878,0.204195804195804,0.00221776601172779,95.4087138948008,292
"{IAURT FARA LACTOZA NATUR MIZO 150G} => {LAPTE UHT 1.5% GRASIME FARA LACTOZA MIZO 1L}",0.000611048817217308,0.185761433286186,0.00328942776984241,32.5571274403098,394
"{LAPTE UHT 1.5% GRASIME FARA LACTOZA MIZO 1L} => {IAURT FARA LACTOZA NATUR MIZO 150G}",0.000611048817217308,0.107094319108453,0.00570570710289969,32.5571274403097,394
"{BRANZA CIOCOLATA AMARA POTTYOS CU COCOS 51G} => {BRANZA CIOCOLATA POTTYOS URIAS DE CASTANE 51G}",0.000542809863010299,0.189086980010805,0.00287068873266304,42.6151559252384,350
"{BRANZA CIOCOLATA POTTYOS URIAS DE CASTANE 51G} => {BRANZA CIOCOLATA AMARA POTTYOS CU COCOS 51G}",0.000542809863010299,0.12233484795526,0.00443708290877848,42.6151559252384,350
"{BRANZA CIOCOLATA AMARA POTTYOS CU COCOS 51G} => {BRANZA CIOCOLATA LAPTE POTTYOS ORIAS NATUR 51G}",0.000409433725242054,0.142625607779579,0.00287068873266304,23.1414175936129,264
"{CASCAVAL DALIA CALUP KERESZTURI} => {PIEPT DE PUI FARA OS REFR.VRAC SZEKELY CSURKE}",0.000286913784734015,0.101369863013699,0.00283036571426799,3.9874681602118,185
"{CASCAVAL DALIA CALUP KERESZTURI} => {CARNE TOCATA PORC VRAC}",0.000373763362815663,0.132054794520548,0.00283036571426799,2.40137647705138,241
"{CHIO POPCORN MICROUNDE UNT 80G} => {CHIO POPCORN MICROUNDE SARE 80G}",0.000496283303323702,0.2322206095791,0.00213711997493769,104.709247211424,320
"{CHIO POPCORN MICROUNDE SARE 80G} => {CHIO POPCORN MICROUNDE UNT 80G}",0.000496283303323702,0.223776223776224,0.00221776601172779,104.709247211424,320
"{SLANINA SECUIASCA BERTIS} => {CARNE TOCATA PORC VRAC}",0.000369110706847004,0.114313160422671,0.00322894324224984,2.0787502298047,238
"{CHIPS DIN CARTOFI CU GUST DE SMANTANA SI CEAPA CSIKI CSIPSZ 140G} => {CHIPS DIN CARTOFI CU GUST DE PAPRIKA CSIKI CSIPSZ 140G}",0.000417188151856487,0.141952506596306,0.00293892768687005,43.5649607737991,269
"{CHIPS DIN CARTOFI CU GUST DE PAPRIKA CSIKI CSIPSZ 140G} => {CHIPS DIN CARTOFI CU GUST DE SMANTANA SI CEAPA CSIKI CSIPSZ 140G}",0.000417188151856487,0.128034269395526,0.00325841006338468,43.5649607737991,269
"{CHIPS DIN CARTOFI CU GUST DE SMANTANA SI CEAPA CSIKI CSIPSZ 140G} => {CHIPS DIN CARTOFI CU GUST DE CASCAVAL CSIKI CSIPSZ 140G}",0.000497834188646589,0.169393139841689,0.00293892768687005,44.7453956648677,321
"{CHIPS DIN CARTOFI CU GUST DE CASCAVAL CSIKI CSIPSZ 140G} => {CHIPS DIN CARTOFI CU GUST DE SMANTANA SI CEAPA CSIKI CSIPSZ 140G}",0.000497834188646589,0.131503482179435,0.00378571107316612,44.7453956648677,321
"{CHIPS DIN CARTOFI CU GUST DE SMANTANA SI CEAPA CSIKI CSIPSZ 140G} => {CHIPS DIN CARTOFI CU SARE CSIKI CSIPSZ 140G}",0.000384619560075869,0.130870712401055,0.00293892768687005,28.2505923204599,248
"{_CARTOFI NOI} => {_MORCOVI}",0.000438900546376899,0.134697762970014,0.00325841006338468,4.69725119949835,283
"{BISCUITI CU CACAO GYORI EDES 180G} => {BISCUITI CU COCOS GYORI EDES 180G}",0.000395475757336075,0.141117874930825,0.00280244977845603,46.9029989331295,255
"{BISCUITI CU COCOS GYORI EDES 180G} => {BISCUITI CU CACAO GYORI EDES 180G}",0.000395475757336075,0.131443298969072,0.00300871752639995,46.9029989331295,255
"{BISCUITI CU CACAO GYORI EDES 180G} => {BISCUITI EREDETI GYORI EDES 180G}",0.00037996690410721,0.135583840619812,0.00280244977845603,43.0022190579293,245
"{BISCUITI EREDETI GYORI EDES 180G} => {BISCUITI CU CACAO GYORI EDES 180G}",0.00037996690410721,0.120511559272012,0.0031529498614284,43.0022190579293,245
"{_ARDEI ALB BIANCA} => {_MORCOVI}",0.000510241271229681,0.179096352749047,0.00284897633814263,6.245542162148,329
"{_ARDEI ALB BIANCA} => {_BANANE}",0.000307075293931541,0.107784431137725,0.00284897633814263,3.53251228558437,198
"{_ARDEI ALB BIANCA} => {CARNE TOCATA PORC VRAC}",0.000513343041875455,0.180185084376701,0.00284897633814263,3.27661123330437,331
"{_VARZA NOUA} => {_MORCOVI}",0.000514893927198341,0.162426614481409,0.00317000959998015,5.66422628617151,332
"{_VARZA NOUA} => {CARNE TOCATA PORC VRAC}",0.000558318716239165,0.176125244618395,0.00317000959998015,3.20278427585394,360
"{CARNATI DE CASA AFUMAT LANKA} => {CARNE TOCATA PORC VRAC}",0.000339643885712159,0.105440539239287,0.00322118881563541,1.91740429854244,219
"{GRIS GYERMELYI 1KG} => {PASTE ATA PAIANJENULUI CU 8 OUA GYERMELYI 250G}",0.00036600893620123,0.119372787051088,0.00306610028334675,5.40752687094505,236
"{GRIS GYERMELYI 1KG} => {CARNE TOCATA PORC VRAC}",0.000327236803129066,0.106727364693981,0.00306610028334675,1.94080483002781,211
"{CHIPS DIN CARTOFI CU GUST DE PAPRIKA CSIKI CSIPSZ 140G} => {CHIPS DIN CARTOFI CU GUST DE CASCAVAL CSIKI CSIPSZ 140G}",0.000455960284928652,0.139933365064255,0.00325841006338468,36.9635617615224,294
"{CHIPS DIN CARTOFI CU GUST DE CASCAVAL CSIKI CSIPSZ 140G} => {CHIPS DIN CARTOFI CU GUST DE PAPRIKA CSIKI CSIPSZ 140G}",0.000455960284928652,0.120442441622286,0.00378571107316612,36.9635617615224,294
"{CHIPS DIN CARTOFI CU GUST DE PAPRIKA CSIKI CSIPSZ 140G} => {CHIPS DIN CARTOFI CU SARE CSIKI CSIPSZ 140G}",0.000476121794126177,0.146120894811994,0.00325841006338468,31.5425946195213,307
"{CHIPS DIN CARTOFI CU SARE CSIKI CSIPSZ 140G} => {CHIPS DIN CARTOFI CU GUST DE PAPRIKA CSIKI CSIPSZ 140G}",0.000476121794126177,0.102778707733512,0.00463249445946218,31.5425946195213,307
"{KINDER PINGUI 30G} => {KINDER BATON LAPTE 28G}",0.000344296541680818,0.105014191106906,0.00327857157258221,26.398602466431,222
"{TOMATO JUICE 100% EKO 1L} => {CARNE TOCATA PORC VRAC}",0.000390823101367416,0.116883116883117,0.00334370875614344,2.12548411033943,252
"{APA MINERALA NATURALA NECARBOGAZOASA SZENTKIRALYI 1.5L} => {APA MINERALA NATURALA CARBOGAZOASA SZENTKIRALYI 1.5L}",0.000493181532677929,0.125196850393701,0.00393924872013189,31.9454106671569,318
"{APA MINERALA NATURALA CARBOGAZOASA SZENTKIRALYI 1.5L} => {APA MINERALA NATURALA NECARBOGAZOASA SZENTKIRALYI 1.5L}",0.000493181532677929,0.125840918084685,0.00391908721093436,31.9454106671569,318
"{BRANZA TOPITA MEDVE CU SALAM 140G} => {BRANZA TOPITA MEDVE CU SUNCA 140G}",0.00042028992250226,0.174500965872505,0.00240852490644284,55.591403798335,271
"{BRANZA TOPITA MEDVE CU SUNCA 140G} => {BRANZA TOPITA MEDVE CU SALAM 140G}",0.00042028992250226,0.133893280632411,0.00313899189352242,55.591403798335,271
"{BRANZA TOPITA MEDVE CU SALAM 140G} => {BRANZA TOPITA MEDVE CU SMANTANA 140G}",0.000283812014088242,0.117836445589182,0.00240852490644284,29.3926944915998,183
"{BRANZA TOPITA MEDVE CU SALAM 140G} => {BRANZA TOPITA MEDVE NATUR 140G}",0.000331889459097726,0.137797810688989,0.00240852490644284,17.8487472373615,214
"{UNTURA DE PORC BERKE 450G} => {CARNE TOCATA PORC VRAC}",0.000435798775731126,0.1213298791019,0.0035918504078053,2.20634713564644,281
"{PARIZER TARANESC DE PUI CRIS-TIM KG} => {CARNE TOCATA PORC VRAC}",0.000333440344420613,0.107446276861569,0.00310332153109603,1.95387803024428,215
"{BATON CIOCOLATA SPORT XL 42G} => {BATON CIOCOLATA SPORT XXL 51G}",0.000525750124458547,0.172081218274112,0.00305524408608654,51.9217430859239,339
"{BATON CIOCOLATA SPORT XXL 51G} => {BATON CIOCOLATA SPORT XL 42G}",0.000525750124458547,0.158633598502574,0.0033142419350086,51.9217430859239,339
"{BERE 6% SZEKELY SOR 500ML} => {BERE TILTOTT CSIKI KREM SOR 4.5% 500ML}",0.000590887308019783,0.140486725663717,0.00420600099566838,26.9838717011871,381
"{BERE TILTOTT CSIKI KREM SOR 4.5% 500ML} => {BERE 6% SZEKELY SOR 500ML}",0.000590887308019783,0.113494191242181,0.00520632202893021,26.9838717011871,381
"{BERE 6% SZEKELY SOR 500ML} => {STICLA BERE 500ML CSIKI}",0.00122830117572616,0.292035398230089,0.00420600099566838,28.3033790066096,792
"{STICLA BERE 500ML CSIKI} => {BERE 6% SZEKELY SOR 500ML}",0.00122830117572616,0.119044040282579,0.0103180400531643,28.3033790066096,792
"{BERE 6% SZEKELY SOR 500ML} => {BERE TILTOTT IGAZI SOR 6% 500ML}",0.00123140294637194,0.292772861356932,0.00420600099566838,14.4923914933917,794
"{SUNCA PRAGA CRIS-TIM} => {CARNE TOCATA PORC VRAC}",0.000442002317022672,0.116707616707617,0.003787261958489,2.12229269275634,285
"{DRAJEURI FRANTUZESTI BONBONETTI 70G} => {DRAJEURI CU ARAHIDE PRAJITE DUNAKAVICS BONBONETTI 70G}",0.000862292239524933,0.288531395952257,0.00298855601720242,71.1990143093165,556
"{DRAJEURI CU ARAHIDE PRAJITE DUNAKAVICS BONBONETTI 70G} => {DRAJEURI FRANTUZESTI BONBONETTI 70G}",0.000862292239524933,0.212782242632989,0.00405246334870261,71.1990143093165,556
"{CREMWURSTI DE PUI CRISTUR} => {PARIZER CRISTUR}",0.000656024491581019,0.202392344497608,0.00324135032483293,56.5429666315624,423
"{PARIZER CRISTUR} => {CREMWURSTI DE PUI CRISTUR}",0.000656024491581019,0.183275563258232,0.0035794433252222,56.5429666315624,423
"{REAL PIURE DE CASTANE 200G} => {PIURE DE CASTANE BOVITA 200G}",0.000435798775731126,0.122761031017912,0.00354997650408736,28.9734456343823,281
"{PIURE DE CASTANE BOVITA 200G} => {REAL PIURE DE CASTANE 200G}",0.000435798775731126,0.10285505124451,0.00423701870212611,28.9734456343823,281
"{BISCUITI CU COCOS GYORI EDES 180G} => {BISCUITI EREDETI GYORI EDES 180G}",0.000423391693148034,0.140721649484536,0.00300871752639995,44.6317435002865,273
"{BISCUITI EREDETI GYORI EDES 180G} => {BISCUITI CU COCOS GYORI EDES 180G}",0.000423391693148034,0.134284308903099,0.0031529498614284,44.6317435002865,273
"{BRANZA CIOCOLATA POTTYOS CU CR.DE CAPSUNI 30G} => {BRANZA CIOCOLATA POTTYOS NATUR 30G}",0.000392373986690302,0.116108306562643,0.00337937911856984,26.27793026095,253
"{ULEI RAFINAT DE FLOAREA SOARELUI BUNICA 1.8L} => {CARNE TOCATA PORC VRAC}",0.000283812014088242,0.103565365025467,0.00274041436554057,1.88330482291347,183
"{DANONE ACTIVIA NATUR 125G} => {_BANANE}",0.000359805394909684,0.123865456486919,0.00290480820976655,4.05954962308479,232
"{PACHET ZAHAR VANILIAT THYMOS 6*8G} => {DR.OETKER PRAF DE COPT 10G}",0.000313278835223087,0.108252947481243,0.00289395201250634,33.6876171647072,202
"{PACHET ZAHAR VANILIAT THYMOS 6*8G} => {CARNE TOCATA PORC VRAC}",0.000328787688451953,0.113612004287245,0.00289395201250634,2.06599991765993,212
"{CHIPS DIN CARTOFI CU GUST DE CASCAVAL CSIKI CSIPSZ 140G} => {CHIPS DIN CARTOFI CU SARE CSIKI CSIPSZ 140G}",0.00052885189510432,0.1396968455551,0.00378571107316612,30.1558580970907,341
"{CHIPS DIN CARTOFI CU SARE CSIKI CSIPSZ 140G} => {CHIPS DIN CARTOFI CU GUST DE CASCAVAL CSIKI CSIPSZ 140G}",0.00052885189510432,0.114161365918982,0.00463249445946218,30.1558580970907,341
"{BATON LAPTE END-IBO 100G} => {GOBE BATON LAPTE 100G}",0.000486977991386383,0.109560362875087,0.00444483733539291,7.95985972499337,314
"{MARGARINA RAMA CLASSIC 400G} => {CARNE TOCATA PORC VRAC}",0.000471469138157517,0.105665623913799,0.00446189707394466,1.92149739523522,304
"{PASTE MELCI ONDULATI 4 OUA GYERMELYI 500G} => {PASTE SPIRALE CU 4 OUA GYERMELYI 500G}",0.00032103326183752,0.113238512035011,0.00283501837023665,38.9831286121681,207
"{PASTE SPIRALE CU 4 OUA GYERMELYI 500G} => {PASTE MELCI ONDULATI 4 OUA GYERMELYI 500G}",0.00032103326183752,0.110517885744794,0.00290480820976655,38.9831286121681,207
"{PASTE MELCI ONDULATI 4 OUA GYERMELYI 500G} => {PASTE PATRAT INCRETIT CU 4 OUA GYERMELYI 500G}",0.000285362899411129,0.100656455142232,0.00283501837023665,21.1892189619736,184
"{PASTE MELCI ONDULATI 4 OUA GYERMELYI 500G} => {PASTE ATA PAIANJENULUI CU 8 OUA GYERMELYI 250G}",0.000493181532677929,0.173960612691466,0.00283501837023665,7.88032776023384,318
"{PASTE MELCI ONDULATI 4 OUA GYERMELYI 500G} => {CARNE TOCATA PORC VRAC}",0.000293117326025562,0.103391684901532,0.00283501837023665,1.88014650241732,189
"{PASTE TAITEI LATI GYERMELYI 250G} => {PASTE ATA PAIANJENULUI CU 8 OUA GYERMELYI 250G}",0.000710305477882049,0.22147001934236,0.00320723084772943,10.0324798497835,458
"{GOBE SUNCA COAPTA IN CUPTOR 150G} => {GOBE MUSCHI FILE FIERT SI AFUMAT VID 200G}",0.000410984610564941,0.133098945253641,0.00308781267786716,41.4195309879011,265
"{GOBE MUSCHI FILE FIERT SI AFUMAT VID 200G} => {GOBE SUNCA COAPTA IN CUPTOR 150G}",0.000410984610564941,0.127895752895753,0.00321343438902097,41.4195309879012,265
"{BERE BLONDA FARA ALCOOL CU GUST DE LAMAIE SOPRONI DOZA 500ML} => {BERE BLONDA FARA ALCOOL CU GUST DE LIME&MENTA SOPRONI DOZA 500ML}",0.000970854212126993,0.260833333333333,0.00372212477492777,60.0226650606709,626
"{BERE BLONDA FARA ALCOOL CU GUST DE LIME&MENTA SOPRONI DOZA 500ML} => {BERE BLONDA FARA ALCOOL CU GUST DE LAMAIE SOPRONI DOZA 500ML}",0.000970854212126993,0.223411848679515,0.00434558067472817,60.022665060671,626
"{PASTE SPIRALE CU 4 OUA GYERMELYI 500G} => {PASTE ATA PAIANJENULUI CU 8 OUA GYERMELYI 250G}",0.000466816482188858,0.160704751735184,0.00290480820976655,7.27984396414111,301
"{FICAT DE PUI REFRIGERAT VRAC SZEKELY CSURKE} => {PULPE PUI CU SPATE REFR.VRAC SZEKELY CSURKE}",0.000504037729938135,0.128357030015798,0.00392684163754879,5.91972780594924,325
"{FICAT DE PUI REFRIGERAT VRAC SZEKELY CSURKE} => {PIEPT DE PUI FARA OS REFR.VRAC SZEKELY CSURKE}",0.000606396161248649,0.154423380726698,0.0039268416375488,6.07437255544839,391
"{FICAT DE PUI REFRIGERAT VRAC SZEKELY CSURKE} => {CARNE TOCATA PORC VRAC}",0.000885555519368231,0.225513428120063,0.00392684163754879,4.10089344739748,571
"{_CARTOFI ROSII} => {_MORCOVI}",0.000690143968684524,0.143178893178893,0.00482015158353146,4.993009630584,445
"{BRANZA TOPITA MEDVE CU SUNCA 140G} => {BRANZA TOPITA MEDVE CU SMANTANA 140G}",0.000345847427003705,0.110177865612648,0.00313899189352242,27.4823661516349,223
"{BRANZA TOPITA MEDVE CU SUNCA 140G} => {BRANZA TOPITA MEDVE NATUR 140G}",0.00042494257847092,0.135375494071146,0.00313899189352242,17.5349881375284,274
"{BERE TILTOTT CSIKI VADMALNA CU VITAMINE STICLA 500ML} => {BERE TILTOTT CSIKI KREM SOR 4.5% 500ML}",0.000536606321718753,0.117010483598241,0.00458596789977559,22.4746919126485,346
"{BERE TILTOTT CSIKI KREM SOR 4.5% 500ML} => {BERE TILTOTT CSIKI VADMALNA CU VITAMINE STICLA 500ML}",0.000536606321718753,0.103068215668752,0.00520632202893021,22.4746919126485,346
"{BERE TILTOTT CSIKI VADMALNA CU VITAMINE STICLA 500ML} => {STICLA BERE 500ML CSIKI}",0.00222396955301934,0.484950963814677,0.00458596789977559,47.0002986338429,1434
"{STICLA BERE 500ML CSIKI} => {BERE TILTOTT CSIKI VADMALNA CU VITAMINE STICLA 500ML}",0.00222396955301934,0.21554186081467,0.0103180400531643,47.0002986338429,1434
"{BERE TILTOTT CSIKI VADMALNA CU VITAMINE STICLA 500ML} => {BERE TILTOTT IGAZI SOR 6% 500ML}",0.00125156445556946,0.272911734866419,0.00458596789977559,13.5092565837343,807
"{FASOLE BOABE CONG.AGROSPRINT 400G} => {CARNE TOCATA PORC VRAC}",0.000536606321718753,0.10568112400733,0.00507759854713063,1.92177925974558,346
"{OTET 9% REGAL 1L} => {CARNE TOCATA PORC VRAC}",0.000381517789430096,0.115819209039548,0.00329408042581107,2.10613726815492,246
"{BERE TILTOTT CSIKI KREM SOR 4.5% 500ML} => {STICLA BERE 500ML CSIKI}",0.0012236485197575,0.23503127792672,0.00520632202893022,22.7786747013684,789
"{STICLA BERE 500ML CSIKI} => {BERE TILTOTT CSIKI KREM SOR 4.5% 500ML}",0.0012236485197575,0.11859311588757,0.0103180400531644,22.7786747013684,789
"{BERE TILTOTT CSIKI KREM SOR 4.5% 500ML} => {BERE TILTOTT IGAZI SOR 6% 500ML}",0.0012236485197575,0.23503127792672,0.00520632202893022,11.6341565168282,789
"{SALAM DE CASA AFUMAT GASTRO BERKE} => {CARNE TOCATA PORC VRAC}",0.000499385073969475,0.110349554489376,0.00452548337218301,2.00667325534064,322
"{ELAN SALAM DE CASA} => {CARNE TOCATA PORC VRAC}",0.000502486844615249,0.110845022237427,0.00453323779879744,2.01568318640469,324
"{DR.OETKER BUDINCA VANILIE 40G} => {DR.OETKER PRAF DE COPT 10G}",0.000324135032483293,0.100384245917387,0.00322894324224984,31.2389281263561,209
"{DR.OETKER PRAF DE COPT 10G} => {DR.OETKER BUDINCA VANILIE 40G}",0.000324135032483293,0.100868725868726,0.00321343438902097,31.2389281263561,209
"{DR.OETKER BUDINCA VANILIE 40G} => {DR.OETKER ZAHAR VANILINAT 8G}",0.00037066159216989,0.114793467819404,0.00322894324224984,25.594061028934,239
"{DR.OETKER BUDINCA VANILIE 40G} => {GRASIME VEGETALA TARTINABILA CU 70% GRASIME RAMA 250G}",0.000352050968295251,0.109029779058598,0.00322894324224984,9.71151240896951,227
"{GOBE GRIS 500G} => {GOBE PESMET 400G}",0.000494732418000816,0.146801656695812,0.00337007380663252,28.3913259225743,319
"{BRANZA CIOCOLATA AMARA POTTYOS ORIAS NATUR 51G} => {BRANZA CIOCOLATA LAPTE POTTYOS ORIAS NATUR 51G}",0.000527301009781434,0.112396694214876,0.00469142810173187,18.2366888910147,340
"{MUSTAR DE MASA LA MINUT 300G} => {PASTE ATA PAIANJENULUI CU 8 OUA GYERMELYI 250G}",0.000345847427003705,0.102340523175769,0.00337937911856984,4.63597393284203,223
"{MUSTAR DE MASA LA MINUT 300G} => {CARNE TOCATA PORC VRAC}",0.000417188151856487,0.123451124368977,0.00337937911856984,2.24492133891493,269
"{CASCAVAL TRAPPIST 40% AMMERLAND} => {CARNE TOCATA PORC VRAC}",0.000496283303323702,0.111072544255467,0.00446810061523621,2.01982060545195,320
"{DR.OETKER PRAF DE COPT 10G} => {DR.OETKER ZAHAR VANILINAT 8G}",0.00135547377220286,0.421814671814672,0.00321343438902097,94.0467315641071,874
"{DR.OETKER ZAHAR VANILINAT 8G} => {DR.OETKER PRAF DE COPT 10G}",0.00135547377220286,0.302213001383126,0.00448516035378796,94.0467315641071,874
"{DR.OETKER PRAF DE COPT 10G} => {GRASIME VEGETALA TARTINABILA CU 70% GRASIME RAMA 250G}",0.000395475757336075,0.123069498069498,0.00321343438902097,10.9620597967573,255
"{_ARDEI ROSU CALIFORNIA} => {_CASTRAVETI FABIO}",0.000412535495887828,0.111064718162839,0.00371437034831333,24.7798452658725,266
"{_ARDEI ROSU CALIFORNIA} => {_ROSII VRAC}",0.000407882839919168,0.109812108559499,0.00371437034831333,17.6353870272491,263
"{_ARDEI ROSU CALIFORNIA} => {_MORCOVI}",0.000539708092364526,0.145302713987474,0.00371437034831333,5.06707262629125,348
"{_ARDEI ROSU CALIFORNIA} => {_BANANE}",0.000545911633656073,0.146972860125261,0.00371437034831333,4.81686852692627,352
"{_ARDEI IUTE} => {_MORCOVI}",0.000544360748333186,0.122727272727273,0.00443553202345559,4.27980997099169,351
"{_ARDEI IUTE} => {_BANANE}",0.000454409399605765,0.102447552447552,0.00443553202345559,3.35760214929931,293
"{GOBE BATON CU NUCA&CACAO 50G} => {GOBE BATON LAPTE 100G}",0.000584683766728237,0.117959949937422,0.00495662949194548,8.57011267605634,377
"{BRANZA CIOCOLATA POTTYOS URIAS DE CASTANE 51G} => {BRANZA CIOCOLATA LAPTE POTTYOS ORIAS NATUR 51G}",0.000522648353812774,0.117790982174065,0.00443708290877848,19.1119277224363,337
"{FAINA ALBA DE GRAU BL 55 KUNSAGI 1KG} => {CARNE TOCATA PORC VRAC}",0.000516444812521228,0.113963039014374,0.00453168691347456,2.0723833779456,333
"{_GULII} => {_TELINA}",0.00080490948257813,0.215531561461794,0.00373453185751086,27.3192927284518,519
"{_TELINA} => {_GULII}",0.00080490948257813,0.102024769019068,0.00788935363752398,27.3192927284518,519
"{_GULII} => {_PATRUNJEL RADACINA KG}",0.00122830117572616,0.32890365448505,0.00373453185751086,20.9229256202031,792
"{_GULII} => {_MORCOVI}",0.00154623266691791,0.414036544850498,0.00373453185751086,14.4385000467165,997
"{_GULII} => {_BANANE}",0.00037996690410721,0.101744186046512,0.00373453185751086,3.33455011454144,245
"{_GULII} => {CARNE TOCATA PORC VRAC}",0.000496283303323702,0.132890365448505,0.00373453185751086,2.41657108152287,320
"{ELAN UNT 60% GRASIME 200G} => {CARNE TOCATA PORC VRAC}",0.000465265596865971,0.103483959986202,0.00449601655104817,1.88182449690855,300
"{_ROSII CHERRY CASEROLA 500G} => {_CASTRAVETI FABIO}",0.000376865133461436,0.102143757881463,0.00368955618314715,22.7894740746235,243
"{_ROSII CHERRY CASEROLA 500G} => {_BANANE}",0.000521097468489887,0.141235813366961,0.00368955618314715,4.62884333680608,336
"{SLANINA AFUMATA MAESTRO} => {CARNE TOCATA PORC VRAC}",0.00101427900116782,0.169914263445051,0.00596935760779041,3.08983946273125,654
"{SLANINA AFUMATA LANKA} => {CARNE TOCATA PORC VRAC}",0.000730466987079574,0.134302822925577,0.0054389548273632,2.4422561933175,471
"{APA MINERALA NATURALA PLATA PERLA HARGHITEI 2L ROZ} => {APA MINERALA NATURALA CARBOGAZOASA PERLA HARGHITEI  2L}",0.000994117491970291,0.162938485002542,0.00610118286023577,9.47696144328378,641
"{BRANZA TOPITA MEDVE CU SMANTANA 140G} => {BRANZA TOPITA MEDVE NATUR 140G}",0.000437349661054013,0.109090909090909,0.00400903855966178,14.1303846013368,282
"{ZAHAR PUDRA KORONAS 500G} => {GRASIME VEGETALA TARTINABILA CU 70% GRASIME RAMA 250G}",0.000593989078665556,0.132388524023505,0.00448671123911085,11.7921250961028,383
"{_CASTRAVETI CORNISON} => {_ROSII VRAC}",0.000569174913499371,0.11796849887496,0.00482480423950012,18.9452708082396,367
"{_CASTRAVETI CORNISON} => {_MORCOVI}",0.00048387622074061,0.100289296046287,0.00482480423950012,3.49734105276224,312
"{_CASTRAVETI CORNISON} => {_BANANE}",0.000552115174947619,0.114432658309225,0.00482480423950012,3.7504003786307,356
"{_CEAPA ROSIE} => {_CEAPA GALBENA}",0.000651371835612359,0.135135135135135,0.00482015158353146,15.1854634348535,420
"{_CEAPA ROSIE} => {_MORCOVI}",0.000749077610954213,0.155405405405405,0.00482015158353146,5.41937899229679,483
"{_VARZA ALBA} => {_MORCOVI}",0.0008545378129105,0.162058823529412,0.00527301009781434,5.65140048674959,551
"{_VARZA ALBA} => {CARNE TOCATA PORC VRAC}",0.00085919046887916,0.162941176470588,0.00527301009781434,2.96303598623724,554
"{ELAN CONSERVA SUNCA 300G} => {ELAN CONSERVA CARNE PRESATA 300G}",0.00140820387318101,0.286074354127284,0.00492251001484197,51.4099055241901,908
"{ELAN CONSERVA CARNE PRESATA 300G} => {ELAN CONSERVA SUNCA 300G}",0.00140820387318101,0.253065774804905,0.00556457653851701,51.4099055241901,908
"{ELAN CONSERVA SUNCA 300G} => {CARNE TOCATA PORC VRAC}",0.000626557670446174,0.127284183994959,0.00492251001484197,2.31462436828534,404
"{_PORTOCALE^2 A nu se consuma coaja} => {_LAMAIE^2 A nu se consuma coaja}",0.000556767830916279,0.113499841922226,0.00490545027629022,10.1489257485172,359
"{_PORTOCALE^2 A nu se consuma coaja} => {_BANANE}",0.00112439185909276,0.229212772684161,0.00490545027629022,7.51218823509901,725
"{_MERE GOLDEN} => {_MERE ROSII}",0.000772340890797512,0.147774480712166,0.00522648353812774,17.2054804517587,498
"{_MERE GOLDEN} => {_MORCOVI}",0.000567624028176485,0.108605341246291,0.00522648353812774,3.78734255263492,366
"{_MERE GOLDEN} => {_BANANE}",0.00129654012993317,0.248071216617211,0.00522648353812774,8.13025231149035,836
"{GOBE SALAM DE BISCUITI CU STAFIDE DIN REMETEA 65G} => {GOBE BATON LAPTE 100G}",0.000871597551462252,0.128018223234624,0.00680838656747204,9.30087371426738,562
"{PATE PORC BUCEGI 120G} => {CARNE TOCATA PORC VRAC}",0.000527301009781434,0.120353982300885,0.00438125103715456,2.18860074763761,340
"{ELAN HREAN RAS 160G} => {CARNE TOCATA PORC VRAC}",0.00058778553737401,0.105984340044743,0.00554596591464237,1.92729315162925,379
"{ELAN CONSERVA CARNE PRESATA 300G} => {CARNE TOCATA PORC VRAC}",0.000615701473185968,0.110646599777035,0.00556457653851701,2.01207493400737,397
"{_CASTRAVETI FABIO} => {_ROSII VRAC}",0.000586234652051123,0.130795847750865,0.00448205858314219,21.0052919200059,378
"{_CASTRAVETI FABIO} => {_ARDEI ROSU CAPIA}",0.000562971372207825,0.12560553633218,0.00448205858314219,17.7375318852903,363
"{_CASTRAVETI FABIO} => {_MORCOVI}",0.000522648353812774,0.116608996539792,0.00448205858314219,4.06645022746795,337
"{_CASTRAVETI FABIO} => {_BANANE}",0.00063276121173772,0.141176470588235,0.00448205858314219,4.62689844464776,408
"{PASTE PATRAT INCRETIT CU 4 OUA GYERMELYI 500G} => {PASTE ATA PAIANJENULUI CU 8 OUA GYERMELYI 250G}",0.000857639583556273,0.180541952334313,0.00475036174400156,8.17845911700847,553
"{PASTE PATRAT INCRETIT CU 4 OUA GYERMELYI 500G} => {CARNE TOCATA PORC VRAC}",0.00048387622074061,0.101860920666014,0.00475036174400156,1.85231001802135,312
"{_CLEMENTINA^2 A nu se consuma coaja} => {_BANANE}",0.000970854212126993,0.176586741889986,0.00549788846963289,5.78742985988969,626
"{_CARTOFI ALBI} => {_MORCOVI}",0.00111198477650967,0.150693568726356,0.0073791123662943,5.2550653466616,717
"{FAINA BL-55 GYERMELYI 2KG} => {CARNE TOCATA PORC VRAC}",0.000569174913499371,0.102370990237099,0.00555992388254835,1.8615854788186,367
"{_USTUROI} => {_CEAPA GALBENA}",0.000724263445788028,0.129938786867001,0.00557388185045433,14.6015371558616,467
"{_USTUROI} => {_PATRUNJEL RADACINA KG}",0.000615701473185968,0.110461880912632,0.00557388185045433,7.02693839574771,397
"{_USTUROI} => {_MORCOVI}",0.000992566606647405,0.178074568725654,0.00557388185045433,6.20990997254302,640
"{_USTUROI} => {CARNE TOCATA PORC VRAC}",0.000783197088057718,0.140511964385086,0.00557388185045433,2.5551675518008,505
"{GRASIME VEGETALA TARTINABILA CU 72% GRASIME RAMA 500G} => {CARNE TOCATA PORC VRAC}",0.000763035578860192,0.114100185528757,0.00668741751228689,2.07487734580754,492
"{CARNATI TARANESC HAJDU} => {CARNE TOCATA PORC VRAC}",0.00102048254245936,0.141993957703928,0.00718680258625636,2.58211715183565,658
"{_ROSII VRAC} => {_BANANE}",0.000673084230132771,0.108094645080946,0.00622680457138958,3.54267919516513,434
"{CAFEA JACOBS KRONUNG 500G} => {CARNE TOCATA PORC VRAC}",0.00084988515694184,0.106677048861203,0.00796689790366831,1.93988985183489,548
"{OUA CONSUM CLASA M 1X30 PAL MAR} => {CARNE TOCATA PORC VRAC}",0.000828172762421428,0.117053923717668,0.00707513884300853,2.12859018093762,534
"{ZAHAR CRISTAL KORONAS 1KG} => {FAINA BL-55 GYERMELYI 1KG}",0.000635862982383494,0.114047287899861,0.00557543273577722,10.7134167987784,410
"{ZAHAR CRISTAL KORONAS 1KG} => {ULEI KUNSAGI EDEN 1L}",0.000635862982383494,0.114047287899861,0.00557543273577722,9.94817274172281,410
"{APA MINERALA NATURALA NATURAL CARBOGAZOASA BORSEC 1.5L} => {APA MINERALA NATURALA PLATA BORSEC 2L}",0.00103444051036534,0.126975061869408,0.00814680060112315,13.280232127812,667
"{APA MINERALA NATURALA PLATA BORSEC 2L} => {APA MINERALA NATURALA NATURAL CARBOGAZOASA BORSEC 1.5L}",0.00103444051036534,0.108191403081914,0.0095612080155957,13.280232127812,667
"{_ARDEI ROSU CAPIA} => {_MORCOVI}",0.00112749362973854,0.15922032413491,0.00708134238430008,5.55241484369503,727
"{_ARDEI ROSU CAPIA} => {_BANANE}",0.000820418335806995,0.115856329391152,0.00708134238430008,3.79705958102618,529
"{GOBE CARNATI AFUMATI UDVARHELYI} => {CARNE TOCATA PORC VRAC}",0.00116161310684204,0.134639582958835,0.00862757505121799,2.44838007261482,749
"{_MERE ROSII} => {_MORCOVI}",0.000876250207430912,0.102022390754785,0.00858880291814582,3.55777844250677,565
"{_MERE ROSII} => {_BANANE}",0.00180367963051708,0.210003611412062,0.00858880291814582,6.88262979634125,1163
"{STICLA BERE 500ML CSIKI} => {BERE TILTOTT IGAZI SOR 6% 500ML}",0.00426028198196941,0.412896437697279,0.0103180400531643,20.4385638532275,2747
"{BERE TILTOTT IGAZI SOR 6% 500ML} => {STICLA BERE 500ML CSIKI}",0.00426028198196941,0.210885920466759,0.0202018322159205,20.4385638532275,2747
"{_TELINA} => {_PATRUNJEL RADACINA KG}",0.00401214033030756,0.508551208964026,0.00788935363752398,32.3510516655033,2587
"{_PATRUNJEL RADACINA KG} => {_TELINA}",0.00401214033030756,0.255228887134964,0.0157197736327783,32.3510516655033,2587
"{_TELINA} => {PASTE ATA PAIANJENULUI CU 8 OUA GYERMELYI 250G}",0.000820418335806995,0.103990564183212,0.00788935363752398,4.71071995583714,529
"{_TELINA} => {_MORCOVI}",0.00502486844615249,0.636917633182622,0.00788935363752398,22.210926525296,3240
"{_MORCOVI} => {_TELINA}",0.00502486844615249,0.175229853975122,0.0286758696201727,22.210926525296,3240
"{_TELINA} => {CARNE TOCATA PORC VRAC}",0.00104684759294843,0.132691173579713,0.00788935363752398,2.41294883766664,675
"{_CEAPA GALBENA} => {_PATRUNJEL RADACINA KG}",0.00114145159764452,0.128267689090275,0.00889897998272314,8.1596397051683,736
"{_CEAPA GALBENA} => {_MORCOVI}",0.00214332351622924,0.240850470547229,0.00889897998272314,8.39906422150132,1382
"{_CEAPA GALBENA} => {CARNE TOCATA PORC VRAC}",0.00110267946457235,0.123910770303242,0.00889897998272314,2.25327986113537,711
"{CEAFA DE PORC FARA OS} => {COTLET PORC FARA OS}",0.00164083667161399,0.150690784788492,0.0108887658519866,8.8799454575147,1058
"{CEAFA DE PORC FARA OS} => {PIEPT DE PUI FARA OS REFR.VRAC SZEKELY CSURKE}",0.00110267946457235,0.101267625694346,0.0108887658519866,3.98344656993254,711
"{CEAFA DE PORC FARA OS} => {CARNE TOCATA PORC VRAC}",0.00263185239293851,0.241703461045435,0.0108887658519866,4.39530429685457,1697
"{DROJDIE PROASPATA BUDAFOK 50G} => {CARNE TOCATA PORC VRAC}",0.00104374582230266,0.100990396158463,0.0103350997917161,1.83647979328231,673
"{SUNCA PRAGA CAROLI} => {CARNE TOCATA PORC VRAC}",0.00144077246496162,0.125303479902886,0.011498263783881,2.27860586375492,929
"{GRASIME VEGETALA TARTINABILA CU 70% GRASIME RAMA 250G} => {CARNE TOCATA PORC VRAC}",0.00146248485948204,0.130266611410416,0.0112268588523759,2.36885890831847,943
"{PULPE PORC FARA OS} => {COTLET PORC FARA OS}",0.00148884990997111,0.113408151210868,0.0131282442582348,6.68294480384842,960
"{PULPE PORC FARA OS} => {PIEPT DE PUI FARA OS REFR.VRAC SZEKELY CSURKE}",0.00142836538237853,0.108800945067927,0.0131282442582348,4.27977597444996,921
"{PULPE PORC FARA OS} => {CARNE TOCATA PORC VRAC}",0.00347088135262014,0.264382752510337,0.0131282442582348,4.80772034912848,2238
"{GOBE 20 OUA PROASPETE M DIN GHEORGHENI} => {CARNE TOCATA PORC VRAC}",0.00129809101525606,0.10287610619469,0.0126180029870051,1.87077085965348,837
"{_LAMAIE^2 A nu se consuma coaja} => {_MORCOVI}",0.00114145159764452,0.102066287616142,0.0111834340633351,3.55930923693213,736
"{_LAMAIE^2 A nu se consuma coaja} => {_BANANE}",0.0015012569925542,0.134239356538622,0.0111834340633351,4.3995424123517,968
"{ELAN ULEI RAFINAT DE FLOAREA SOARELUI 1L} => {CARNE TOCATA PORC VRAC}",0.00185640973149522,0.137129109863673,0.0135376779834769,2.49365136601972,1197
"{PULPE PUI CU SPATE REFR.VRAC SZEKELY CSURKE} => {PIEPT DE PUI FARA OS REFR.VRAC SZEKELY CSURKE}",0.00265511567278181,0.122451899005794,0.0216829276992771,4.81674764004653,1712
"{PIEPT DE PUI FARA OS REFR.VRAC SZEKELY CSURKE} => {PULPE PUI CU SPATE REFR.VRAC SZEKELY CSURKE}",0.00265511567278181,0.104441190824793,0.0254221122127567,4.81674764004653,1712
"{PULPE PUI CU SPATE REFR.VRAC SZEKELY CSURKE} => {CARNE TOCATA PORC VRAC}",0.00521252557022176,0.240397682569201,0.0216829276992771,4.37155911040789,3361
"{_PATRUNJEL RADACINA KG} => {_MORCOVI}",0.0107414317463124,0.683307024467245,0.0157197736327783,23.8286417645921,6926
"{_MORCOVI} => {_PATRUNJEL RADACINA KG}",0.0107414317463124,0.374580854515955,0.0286758696201727,23.8286417645921,6926
"{_PATRUNJEL RADACINA KG} => {CARNE TOCATA PORC VRAC}",0.00207973721799089,0.132300710339384,0.0157197736327783,2.40584838179995,1341
"{COTLET PORC FARA OS} => {PIEPT DE PUI FARA OS REFR.VRAC SZEKELY CSURKE}",0.00256516432405439,0.151160665326266,0.0169697872030248,5.94603092226201,1654
"{PIEPT DE PUI FARA OS REFR.VRAC SZEKELY CSURKE} => {COTLET PORC FARA OS}",0.00256516432405439,0.100902879453392,0.0254221122127567,5.94603092226201,1654
"{COTLET PORC FARA OS} => {CARNE TOCATA PORC VRAC}",0.00441847228490384,0.260372875159934,0.0169697872030248,4.73480194294657,2849
"{PASTE ATA PAIANJENULUI CU 8 OUA GYERMELYI 250G} => {_MORCOVI}",0.00232632798432985,0.105381480961079,0.0220753016859674,3.67491840201931,1500
"{PASTE ATA PAIANJENULUI CU 8 OUA GYERMELYI 250G} => {CARNE TOCATA PORC VRAC}",0.00241938110370305,0.109596740199522,0.0220753016859674,1.99298355528994,1560
"{PIEPT DE PUI FARA OS REFR.VRAC SZEKELY CSURKE} => {CARNE TOCATA PORC VRAC}",0.00526215390055413,0.20699121522694,0.0254221122127567,3.76407261097141,3393
"{_MORCOVI} => {CARNE TOCATA PORC VRAC}",0.00364147873813767,0.126987560843699,0.0286758696201727,2.30923036604127,2348
"{COLORANT ALIMENTAR ALBASTRU MAXCOLOR 30ML,COLORANT ALIMENTAR VERDE MAXCOLOR 30ML} => {COLORANT ALIMENTAR ROSU ZMEURA MAXCOLOR 30ML}",0.000105460201956287,0.586206896551724,0.000179902697454842,1067.74605493863,68
"{COLORANT ALIMENTAR ALBASTRU MAXCOLOR 30ML,COLORANT ALIMENTAR ROSU ZMEURA MAXCOLOR 30ML} => {COLORANT ALIMENTAR VERDE MAXCOLOR 30ML}",0.000105460201956287,0.731182795698925,0.000144232335028451,1571.53849462366,68
"{COLORANT ALIMENTAR ROSU ZMEURA MAXCOLOR 30ML,COLORANT ALIMENTAR VERDE MAXCOLOR 30ML} => {COLORANT ALIMENTAR ALBASTRU MAXCOLOR 30ML}",0.000105460201956287,0.422360248447205,0.000249692536984738,1529.97152627539,68
"{NAVETA BERE 1/20 CSIKI REUTILIZABIL,STICLA BERE 500ML CSIKI} => {BERE TILTOTT IGAZI SOR 6% 500ML}",0.000359805394909684,0.755700325732899,0.000476121794126177,37.407514212367,232
"{BERE TILTOTT IGAZI SOR 6% 500ML,NAVETA BERE 1/20 CSIKI REUTILIZABIL} => {STICLA BERE 500ML CSIKI}",0.000359805394909684,0.888888888888889,0.000404781069273395,86.1490054611954,232
"{CERBONA TERCI DE OVAZ CU MANGO 50G,CERBONA TERCI DE OVAZ CU SFECLA&MERE 50G} => {CERBONA TERCI DE OVAZ CU PRUNE 50G}",0.000133376137768245,0.747826086956522,0.000178351812131956,1190.60006441224,86
"{CERBONA TERCI DE OVAZ CU PRUNE 50G,CERBONA TERCI DE OVAZ CU SFECLA&MERE 50G} => {CERBONA TERCI DE OVAZ CU MANGO 50G}",0.000133376137768245,0.716666666666667,0.000186106238746388,1238.87841823056,86
"{CERBONA TERCI DE OVAZ CU MANGO 50G,CERBONA TERCI DE OVAZ CU PRUNE 50G} => {CERBONA TERCI DE OVAZ CU SFECLA&MERE 50G}",0.000133376137768245,0.469945355191257,0.000283812014088242,1478.13402638944,86
"{CERBONA TERCI DE OVAZ CU MANGO 50G,CERBONA TERCI DE OVAZ CU SFECLA&MERE 50G} => {CERBONA TERCI DE OVAZ CU CAISE 50G}",0.000124070825830926,0.695652173913043,0.000178351812131956,851.141654978962,80
"{CERBONA TERCI DE OVAZ CU CAISE 50G,CERBONA TERCI DE OVAZ CU SFECLA&MERE 50G} => {CERBONA TERCI DE OVAZ CU MANGO 50G}",0.000124070825830926,0.707964601769911,0.000175250041486182,1223.83544093573,80
"{CERBONA TERCI DE OVAZ CU CAISE 50G,CERBONA TERCI DE OVAZ CU MANGO 50G} => {CERBONA TERCI DE OVAZ CU SFECLA&MERE 50G}",0.000124070825830926,0.384615384615385,0.000322584147160407,1209.74296435272,80
"{CERBONA TERCI DE OVAZ CU MANGO 50G,CERBONA TERCI DE OVAZ CU SFECLA&MERE 50G} => {CERBONA TERCI DE OVAZ CU FRUCTE DE PADURE 55G}",0.0001039093166334,0.582608695652174,0.000178351812131956,520.307491268216,67
"{CERBONA TERCI DE OVAZ CU FRUCTE DE PADURE 55G,CERBONA TERCI DE OVAZ CU SFECLA&MERE 50G} => {CERBONA TERCI DE OVAZ CU MANGO 50G}",0.0001039093166334,0.705263157894737,0.000147334105674224,1219.16554254268,67
"{CERBONA TERCI DE OVAZ CU FRUCTE DE PADURE 55G,CERBONA TERCI DE OVAZ CU MANGO 50G} => {CERBONA TERCI DE OVAZ CU SFECLA&MERE 50G}",0.0001039093166334,0.38728323699422,0.000268303160859377,1218.13424503031,67
"{CERBONA TERCI DE OVAZ CU PRUNE 50G,CERBONA TERCI DE OVAZ CU SFECLA&MERE 50G} => {CERBONA TERCI DE OVAZ CU CAISE 50G}",0.000136477908414018,0.733333333333333,0.000186106238746388,897.245161290322,88
"{CERBONA TERCI DE OVAZ CU CAISE 50G,CERBONA TERCI DE OVAZ CU SFECLA&MERE 50G} => {CERBONA TERCI DE OVAZ CU PRUNE 50G}",0.000136477908414018,0.778761061946903,0.000175250041486182,1239.85106522452,88
"{CERBONA TERCI DE OVAZ CU CAISE 50G,CERBONA TERCI DE OVAZ CU PRUNE 50G} => {CERBONA TERCI DE OVAZ CU SFECLA&MERE 50G}",0.000136477908414018,0.403669724770642,0.000338093000389272,1269.67518460506,88
"{CERBONA TERCI DE OVAZ CU PRUNE 50G,CERBONA TERCI DE OVAZ CU SFECLA&MERE 50G} => {CERBONA TERCI DE OVAZ CU FRUCTE DE PADURE 55G}",0.00010856197260206,0.583333333333333,0.000186106238746388,520.954639889197,70
"{CERBONA TERCI DE OVAZ CU FRUCTE DE PADURE 55G,CERBONA TERCI DE OVAZ CU SFECLA&MERE 50G} => {CERBONA TERCI DE OVAZ CU PRUNE 50G}",0.00010856197260206,0.736842105263158,0.000147334105674224,1173.1126705653,70
"{CERBONA TERCI DE OVAZ CU FRUCTE DE PADURE 55G,CERBONA TERCI DE OVAZ CU PRUNE 50G} => {CERBONA TERCI DE OVAZ CU SFECLA&MERE 50G}",0.00010856197260206,0.368421052631579,0.000294668211348448,1158.80641848524,70
"{CERBONA TERCI DE OVAZ CU CAISE 50G,CERBONA TERCI DE OVAZ CU SFECLA&MERE 50G} => {CERBONA TERCI DE OVAZ CU FRUCTE DE PADURE 55G}",0.000105460201956287,0.601769911504425,0.000175250041486182,537.419704361042,68
"{CERBONA TERCI DE OVAZ CU FRUCTE DE PADURE 55G,CERBONA TERCI DE OVAZ CU SFECLA&MERE 50G} => {CERBONA TERCI DE OVAZ CU CAISE 50G}",0.000105460201956287,0.715789473684211,0.000147334105674224,875.779966044143,68
"{CERBONA TERCI DE OVAZ CU CAISE 50G,CERBONA TERCI DE OVAZ CU FRUCTE DE PADURE 55G} => {CERBONA TERCI DE OVAZ CU SFECLA&MERE 50G}",0.000105460201956287,0.219354838709677,0.000480774450094837,689.943729346971,68
"{COLORANT ALIMENTAR GALBEN MAXCOLOR 30ML,COLORANT ALIMENTAR VERDE MAXCOLOR 30ML} => {COLORANT ALIMENTAR ROSU ZMEURA MAXCOLOR 30ML}",0.00011321462857072,0.715686274509804,0.00015819030293443,1303.58615819209,73
"{COLORANT ALIMENTAR GALBEN MAXCOLOR 30ML,COLORANT ALIMENTAR ROSU ZMEURA MAXCOLOR 30ML} => {COLORANT ALIMENTAR VERDE MAXCOLOR 30ML}",0.00011321462857072,0.73,0.000155088532288657,1568.9963,73
"{COLORANT ALIMENTAR ROSU ZMEURA MAXCOLOR 30ML,COLORANT ALIMENTAR VERDE MAXCOLOR 30ML} => {COLORANT ALIMENTAR GALBEN MAXCOLOR 30ML}",0.00011321462857072,0.453416149068323,0.000249692536984738,1341.0988945239,73
"{KISKEGYED,STORY} => {MAGAZIN BEST}",0.000117867284539379,0.554744525547445,0.00021247128923546,607.292677183894,76
"{KISKEGYED,MAGAZIN BEST} => {STORY}",0.000117867284539379,0.703703703703704,0.00016749561487175,1274.55961298377,76
"{MAGAZIN BEST,STORY} => {KISKEGYED}",0.000117867284539379,0.539007092198582,0.000218674830527006,1254.68592057762,76
"{CONSERVA HRANA COMPLETA PT.PISICI ADULTE CU PASARE RENO 415G,CONSERVA HRANA COMPLETA PT.PISICI ADULTE CU PESTE RENO 415G} => {CONSERVA HRANA COMPLETA PT.PISICI ADULTE CU VITA RENO 415G}",0.000136477908414018,0.765217391304348,0.000178351812131956,686.240357985124,88
"{CONSERVA HRANA COMPLETA PT.PISICI ADULTE CU PESTE RENO 415G,CONSERVA HRANA COMPLETA PT.PISICI ADULTE CU VITA RENO 415G} => {CONSERVA HRANA COMPLETA PT.PISICI ADULTE CU PASARE RENO 415G}",0.000136477908414018,0.606896551724138,0.000224878371818553,655.481822907642,88
"{CONSERVA HRANA COMPLETA PT.PISICI ADULTE CU PASARE RENO 415G,CONSERVA HRANA COMPLETA PT.PISICI ADULTE CU VITA RENO 415G} => {CONSERVA HRANA COMPLETA PT.PISICI ADULTE CU PESTE RENO 415G}",0.000136477908414018,0.313167259786477,0.000435798775731126,611.903202846975,88
"{MAGAZIN BEST,STORY} => {MEGLEPETES}",0.0001039093166334,0.475177304964539,0.000218674830527006,343.103023516237,67
"{MEGLEPETES,STORY} => {MAGAZIN BEST}",0.0001039093166334,0.62037037037037,0.00016749561487175,679.134927372194,67
"{MAGAZIN BEST,MEGLEPETES} => {STORY}",0.0001039093166334,0.301801801801802,0.000344296541680818,546.628340419071,67
"{NAPOLITANE CACAO CU CR.CACAO&ALUNE MY MOTTO 34G,NAPOLITANE CACAO CU CR.CACAO&TIRAMISU MY MOTTO 34G} => {NAPOLITANE CACAO CU CR.CACAO MY MOTTO 34G}",0.000120969055185152,0.513157894736842,0.000235734569078759,661.761236842105,78
"{NAPOLITANE CACAO CU CR.CACAO MY MOTTO 34G,NAPOLITANE CACAO CU CR.CACAO&TIRAMISU MY MOTTO 34G} => {NAPOLITANE CACAO CU CR.CACAO&ALUNE MY MOTTO 34G}",0.000120969055185152,0.577777777777778,0.000209369518589687,804.637293016559,78
"{NAPOLITANE CACAO CU CR.CACAO MY MOTTO 34G,NAPOLITANE CACAO CU CR.CACAO&ALUNE MY MOTTO 34G} => {NAPOLITANE CACAO CU CR.CACAO&TIRAMISU MY MOTTO 34G}",0.000120969055185152,0.475609756097561,0.000254345192953397,690.697841133817,78
"{BLIKK,MEGLEPETES} => {NOK LAPJA}",0.000100807545987627,0.532786885245902,0.000189208009392162,94.6122980166237,65
"{BLIKK,NOK LAPJA} => {MEGLEPETES}",0.000100807545987627,0.481481481481481,0.000209369518589687,347.654970760234,65
"{MEGLEPETES,NOK LAPJA} => {BLIKK}",0.000100807545987627,0.291479820627803,0.000345847427003705,437.079413911774,65
"{BATON CIOCOLATA CU CREMA DE ARAHIDE ROSHEN 38G,BATON CIOCOLATA CU LAPTE UMPL.DE CR.DE ZAHAR ARS ROSHEN 43G} => {BATON CIOCOLATA CU UMPL.CU GUST DE CIOC.FONDANT ROSHEN 43G}",0.000100807545987627,0.532786885245902,0.000189208009392162,415.401758280968,65
"{BATON CIOCOLATA CU CREMA DE ARAHIDE ROSHEN 38G,BATON CIOCOLATA CU UMPL.CU GUST DE CIOC.FONDANT ROSHEN 43G} => {BATON CIOCOLATA CU LAPTE UMPL.DE CR.DE ZAHAR ARS ROSHEN 43G}",0.000100807545987627,0.590909090909091,0.000170597385517523,526.262493721748,65
"{BATON CIOCOLATA CU LAPTE UMPL.DE CR.DE ZAHAR ARS ROSHEN 43G,BATON CIOCOLATA CU UMPL.CU GUST DE CIOC.FONDANT ROSHEN 43G} => {BATON CIOCOLATA CU CREMA DE ARAHIDE ROSHEN 38G}",0.000100807545987627,0.277777777777778,0.000362907165555457,466.430121527778,65
"{CERBONA BATON CEREALE COACAZE FARA GLUTEN 35G,CERBONA BATON CEREALE FARA GLUTEN FRUCTE 35G} => {CERBONA BATON CEREALE ZMEURA FARA GLUTEN 35G}",0.000117867284539379,0.535211267605634,0.000220225715849893,408.402933577798,76
"{CERBONA BATON CEREALE COACAZE FARA GLUTEN 35G,CERBONA BATON CEREALE ZMEURA FARA GLUTEN 35G} => {CERBONA BATON CEREALE FARA GLUTEN FRUCTE 35G}",0.000117867284539379,0.562962962962963,0.000209369518589687,474.502716049383,76
"{CERBONA BATON CEREALE FARA GLUTEN FRUCTE 35G,CERBONA BATON CEREALE ZMEURA FARA GLUTEN 35G} => {CERBONA BATON CEREALE COACAZE FARA GLUTEN 35G}",0.000117867284539379,0.269503546099291,0.000437349661054013,506.629737609329,76
"{CERBONA BATON CEREALE CU AFINE 20G,CERBONA BATON CEREALE CU CIOCOLATA 20G} => {CERBONA BATON CEREALE CU CIOC.AMARA&ZMEURA 20G}",0.000107011087279173,0.616071428571429,0.000173699156163296,856.117553109606,69
"{CERBONA BATON CEREALE CU CIOC.AMARA&ZMEURA 20G,CERBONA BATON CEREALE CU CIOCOLATA 20G} => {CERBONA BATON CEREALE CU AFINE 20G}",0.000107011087279173,0.48936170212766,0.000218674830527006,701.193333333333,69
"{CERBONA BATON CEREALE CU AFINE 20G,CERBONA BATON CEREALE CU CIOC.AMARA&ZMEURA 20G} => {CERBONA BATON CEREALE CU CIOCOLATA 20G}",0.000107011087279173,0.425925925925926,0.000251243422307624,805.378462039752,69
"{DROPS WINTERFRESH MINTS FRESH MINT 28G,WINCHESTER SOFT} => {BERE BUCEGI DOZA 500ML}",0.000327236803129066,0.698675496688742,0.000468367367511744,210.416193151062,211
"{BERE BUCEGI DOZA 500ML,DROPS WINTERFRESH MINTS FRESH MINT 28G} => {WINCHESTER SOFT}",0.000327236803129066,0.586111111111111,0.000558318716239165,311.301764140582,211
"{BERE BUCEGI DOZA 500ML,WINCHESTER SOFT} => {DROPS WINTERFRESH MINTS FRESH MINT 28G}",0.000327236803129066,0.844,0.000387721330721643,723.67725,211
"{DROPS WINTERFRESH MINTS FRESH MINT 28G,WINCHESTER SOFT} => {FRANZELA RIP-ROP 500G}",0.000133376137768245,0.28476821192053,0.000468367367511744,65.7652398527486,86
"{DROPS WINTERFRESH MINTS FRESH MINT 28G,FRANZELA RIP-ROP 500G} => {WINCHESTER SOFT}",0.000133376137768245,0.565789473684211,0.000235734569078759,300.508313101535,86
"{FRANZELA RIP-ROP 500G,WINCHESTER SOFT} => {DROPS WINTERFRESH MINTS FRESH MINT 28G}",0.000133376137768245,0.819047619047619,0.00016284295890309,702.282142857143,86
"{BERE BUCEGI DOZA 500ML,DROPS WINTERFRESH MINTS FRESH MINT 28G} => {FRANZELA RIP-ROP 500G}",0.000169046500194636,0.302777777777778,0.000558318716239165,69.9244239493792,109
"{DROPS WINTERFRESH MINTS FRESH MINT 28G,FRANZELA RIP-ROP 500G} => {BERE BUCEGI DOZA 500ML}",0.000169046500194636,0.717105263157895,0.000235734569078759,215.966582880602,109
"{BERE BUCEGI DOZA 500ML,FRANZELA RIP-ROP 500G} => {DROPS WINTERFRESH MINTS FRESH MINT 28G}",0.000169046500194636,0.698717948717949,0.000241938110370305,599.106971153846,109
"{HRANA INTEGRALA PT.PISICI ADULTI CU CARNE PASARE PDC 415G,HRANA INTEGRALA PT.PISICI ADULTI CU PESTE PDC 415G} => {HRANA INTEGRALA PT.PISICI CU CARNE DE VITA PDC 415G}",0.000144232335028451,0.553571428571429,0.000260548734244944,781.048100969053,93
"{HRANA INTEGRALA PT.PISICI ADULTI CU PESTE PDC 415G,HRANA INTEGRALA PT.PISICI CU CARNE DE VITA PDC 415G} => {HRANA INTEGRALA PT.PISICI ADULTI CU CARNE PASARE PDC 415G}",0.000144232335028451,0.567073170731707,0.000254345192953397,829.126555500249,93
"{HRANA INTEGRALA PT.PISICI ADULTI CU CARNE PASARE PDC 415G,HRANA INTEGRALA PT.PISICI CU CARNE DE VITA PDC 415G} => {HRANA INTEGRALA PT.PISICI ADULTI CU PESTE PDC 415G}",0.000144232335028451,0.489473684210526,0.000294668211348448,715.667132116004,93
"{HRANA INTEGRALA PT.PISICI ADULTI CU CARNE PASARE PDC 415G,HRANA INTEGRALA PT.PISICI ADULTI CU PESTE PDC 415G} => {HRANA INTEGRALA PT.PISICI CU CARNE DE VANAT/FICAT PDC 415G}",0.000136477908414018,0.523809523809524,0.000260548734244944,747.231668773704,88
"{HRANA INTEGRALA PT.PISICI ADULTI CU PESTE PDC 415G,HRANA INTEGRALA PT.PISICI CU CARNE DE VANAT/FICAT PDC 415G} => {HRANA INTEGRALA PT.PISICI ADULTI CU CARNE PASARE PDC 415G}",0.000136477908414018,0.497175141242938,0.000274506702150923,726.927552942081,88
"{HRANA INTEGRALA PT.PISICI ADULTI CU CARNE PASARE PDC 415G,HRANA INTEGRALA PT.PISICI CU CARNE DE VANAT/FICAT PDC 415G} => {HRANA INTEGRALA PT.PISICI ADULTI CU PESTE PDC 415G}",0.000136477908414018,0.560509554140127,0.000243488995693191,819.529788985658,88
"{HRANA INTEGRALA PT.PISICI ADULTI CU PESTE PDC 415G,HRANA INTEGRALA PT.PISICI CU CARNE DE VITA PDC 415G} => {HRANA INTEGRALA PT.PISICI CU CARNE DE VANAT/FICAT PDC 415G}",0.000161292073580203,0.634146341463415,0.000254345192953397,904.630800777034,104
"{HRANA INTEGRALA PT.PISICI ADULTI CU PESTE PDC 415G,HRANA INTEGRALA PT.PISICI CU CARNE DE VANAT/FICAT PDC 415G} => {HRANA INTEGRALA PT.PISICI CU CARNE DE VITA PDC 415G}",0.000161292073580203,0.587570621468927,0.000274506702150923,829.018432666988,104
"{HRANA INTEGRALA PT.PISICI CU CARNE DE VANAT/FICAT PDC 415G,HRANA INTEGRALA PT.PISICI CU CARNE DE VITA PDC 415G} => {HRANA INTEGRALA PT.PISICI ADULTI CU PESTE PDC 415G}",0.000161292073580203,0.517412935323383,0.000311727949900201,756.517548312857,104
"{HRANA INTEGRALA PT.PISICI ADULTI CU CARNE PASARE PDC 415G,HRANA INTEGRALA PT.PISICI CU CARNE DE VITA PDC 415G} => {HRANA INTEGRALA PT.PISICI CU CARNE DE VANAT/FICAT PDC 415G}",0.000165944729548863,0.563157894736842,0.000294668211348448,803.363425710293,107
"{HRANA INTEGRALA PT.PISICI ADULTI CU CARNE PASARE PDC 415G,HRANA INTEGRALA PT.PISICI CU CARNE DE VANAT/FICAT PDC 415G} => {HRANA INTEGRALA PT.PISICI CU CARNE DE VITA PDC 415G}",0.000165944729548863,0.681528662420382,0.000243488995693191,961.586238135723,107
"{HRANA INTEGRALA PT.PISICI CU CARNE DE VANAT/FICAT PDC 415G,HRANA INTEGRALA PT.PISICI CU CARNE DE VITA PDC 415G} => {HRANA INTEGRALA PT.PISICI ADULTI CU CARNE PASARE PDC 415G}",0.000165944729548863,0.532338308457711,0.000311727949900201,778.340169898805,107
"{CERBONA TERCI DE OVAZ CU MANGO 50G,CERBONA TERCI DE OVAZ CU PRUNE 50G} => {CERBONA TERCI DE OVAZ CU CAISE 50G}",0.000190758894715048,0.672131147540984,0.000283812014088242,822.363299841354,123
"{CERBONA TERCI DE OVAZ CU CAISE 50G,CERBONA TERCI DE OVAZ CU MANGO 50G} => {CERBONA TERCI DE OVAZ CU PRUNE 50G}",0.000190758894715048,0.591346153846154,0.000322584147160407,941.471260683761,123
"{CERBONA TERCI DE OVAZ CU CAISE 50G,CERBONA TERCI DE OVAZ CU PRUNE 50G} => {CERBONA TERCI DE OVAZ CU MANGO 50G}",0.000190758894715048,0.564220183486238,0.000338093000389272,975.349128071427,123
"{CERBONA TERCI DE OVAZ CU MANGO 50G,CERBONA TERCI DE OVAZ CU PRUNE 50G} => {CERBONA TERCI DE OVAZ CU FRUCTE DE PADURE 55G}",0.000142681449705564,0.502732240437158,0.000283812014088242,448.972617047364,92
"{CERBONA TERCI DE OVAZ CU FRUCTE DE PADURE 55G,CERBONA TERCI DE OVAZ CU MANGO 50G} => {CERBONA TERCI DE OVAZ CU PRUNE 50G}",0.000142681449705564,0.531791907514451,0.000268303160859377,846.65604795547,92
"{CERBONA TERCI DE OVAZ CU FRUCTE DE PADURE 55G,CERBONA TERCI DE OVAZ CU PRUNE 50G} => {CERBONA TERCI DE OVAZ CU MANGO 50G}",0.000142681449705564,0.484210526315789,0.000294668211348448,837.03902920841,92
"{CERBONA TERCI DE OVAZ CU CIOCOLATA 55G,CERBONA TERCI DE OVAZ CU MANGO 50G} => {CERBONA TERCI DE OVAZ CU CAISE 50G}",0.000107011087279173,0.69,0.000155088532288657,844.226129032258,69
"{CERBONA TERCI DE OVAZ CU CAISE 50G,CERBONA TERCI DE OVAZ CU MANGO 50G} => {CERBONA TERCI DE OVAZ CU CIOCOLATA 55G}",0.000107011087279173,0.331730769230769,0.000322584147160407,426.090991802023,69
"{CERBONA TERCI DE OVAZ CU CAISE 50G,CERBONA TERCI DE OVAZ CU CIOCOLATA 55G} => {CERBONA TERCI DE OVAZ CU MANGO 50G}",0.000107011087279173,0.408284023668639,0.00026209961956783,705.7873471136,69
"{CERBONA TERCI DE OVAZ CU CIOCOLATA 55G,CERBONA TERCI DE OVAZ CU MANGO 50G} => {CERBONA TERCI DE OVAZ CU FRUCTE DE PADURE 55G}",0.000122519940508039,0.79,0.000155088532288657,705.521426592798,79
"{CERBONA TERCI DE OVAZ CU FRUCTE DE PADURE 55G,CERBONA TERCI DE OVAZ CU MANGO 50G} => {CERBONA TERCI DE OVAZ CU CIOCOLATA 55G}",0.000122519940508039,0.456647398843931,0.000268303160859377,586.539932754531,79
"{CERBONA TERCI DE OVAZ CU CIOCOLATA 55G,CERBONA TERCI DE OVAZ CU FRUCTE DE PADURE 55G} => {CERBONA TERCI DE OVAZ CU MANGO 50G}",0.000122519940508039,0.283154121863799,0.000432697005085353,489.479345037332,79
"{CERBONA TERCI DE OVAZ CU CAISE 50G,CERBONA TERCI DE OVAZ CU MANGO 50G} => {CERBONA TERCI DE OVAZ CU FRUCTE DE PADURE 55G}",0.000173699156163296,0.538461538461538,0.000322584147160407,480.881206051566,112
"{CERBONA TERCI DE OVAZ CU FRUCTE DE PADURE 55G,CERBONA TERCI DE OVAZ CU MANGO 50G} => {CERBONA TERCI DE OVAZ CU CAISE 50G}",0.000173699156163296,0.647398843930636,0.000268303160859377,792.102927465971,112
"{CERBONA TERCI DE OVAZ CU CAISE 50G,CERBONA TERCI DE OVAZ CU FRUCTE DE PADURE 55G} => {CERBONA TERCI DE OVAZ CU MANGO 50G}",0.000173699156163296,0.361290322580645,0.000480774450094837,624.55086050333,112
"{NAPOLITANE CU CREMA DE ALUNE ROSHEN 72G,NAPOLITANE CU CREMA DE LAPTE ROSHEN 72G} => {NAPOLITANE CU CREMA DE CIOCOLATA ROSHEN 72G}",0.000100807545987627,0.560344827586207,0.000179902697454842,404.598457350272,65
"{NAPOLITANE CU CREMA DE ALUNE ROSHEN 72G,NAPOLITANE CU CREMA DE CIOCOLATA ROSHEN 72G} => {NAPOLITANE CU CREMA DE LAPTE ROSHEN 72G}",0.000100807545987627,0.371428571428571,0.00027140493150515,369.590343915344,65
"{NAPOLITANE CU CREMA DE CIOCOLATA ROSHEN 72G,NAPOLITANE CU CREMA DE LAPTE ROSHEN 72G} => {NAPOLITANE CU CREMA DE ALUNE ROSHEN 72G}",0.000100807545987627,0.411392405063291,0.000245039881016078,508.166557544013,65
"{BAUT.RAC.CARBOGAZOASA CU AROMA DE CACTUS TOPJOY 330ML,BAUT.RAC.CARBOGAZOASA CU AROMA DE MANGO TOPJOY 330ML} => {BAUT.RAC.CARBOGAZOASA CU AROMA DE PEPENE ROSU TOPJOY 330ML}",0.000110112857924946,0.541984732824427,0.000203165977298141,478.068347239482,71
"{BAUT.RAC.CARBOGAZOASA CU AROMA DE CACTUS TOPJOY 330ML,BAUT.RAC.CARBOGAZOASA CU AROMA DE PEPENE ROSU TOPJOY 330ML} => {BAUT.RAC.CARBOGAZOASA CU AROMA DE MANGO TOPJOY 330ML}",0.000110112857924946,0.43558282208589,0.000252794307630511,485.918260555756,71
"{BAUT.RAC.CARBOGAZOASA CU AROMA DE MANGO TOPJOY 330ML,BAUT.RAC.CARBOGAZOASA CU AROMA DE PEPENE ROSU TOPJOY 330ML} => {BAUT.RAC.CARBOGAZOASA CU AROMA DE CACTUS TOPJOY 330ML}",0.000110112857924946,0.449367088607595,0.000245039881016078,541.586454513191,71
"{BATON CIOCOLATA CU LAPTE UMPL.DE CR.DE ZAHAR ARS ROSHEN 43G,BATON CIOCOLATA LAPTE UMPL.DE CREMA CARAMEL ROSHEN 40G} => {BATON CIOCOLATA CU UMPL.CU GUST DE CIOC.FONDANT ROSHEN 43G}",0.000114765513893606,0.397849462365591,0.000288464670056902,310.194133478956,74
"{BATON CIOCOLATA CU UMPL.CU GUST DE CIOC.FONDANT ROSHEN 43G,BATON CIOCOLATA LAPTE UMPL.DE CREMA CARAMEL ROSHEN 40G} => {BATON CIOCOLATA CU LAPTE UMPL.DE CR.DE ZAHAR ARS ROSHEN 43G}",0.000114765513893606,0.493333333333333,0.000232632798432985,439.361712707182,74
"{BATON CIOCOLATA CU LAPTE UMPL.DE CR.DE ZAHAR ARS ROSHEN 43G,BATON CIOCOLATA CU UMPL.CU GUST DE CIOC.FONDANT ROSHEN 43G} => {BATON CIOCOLATA LAPTE UMPL.DE CREMA CARAMEL ROSHEN 40G}",0.000114765513893606,0.316239316239316,0.000362907165555457,400.606871190368,74
"{CERBONA TERCI DE OVAZ CU CIOCOLATA 55G,CERBONA TERCI DE OVAZ CU PRUNE 50G} => {CERBONA TERCI DE OVAZ CU CAISE 50G}",0.000122519940508039,0.681034482758621,0.000179902697454842,833.256674082314,79
"{CERBONA TERCI DE OVAZ CU CAISE 50G,CERBONA TERCI DE OVAZ CU PRUNE 50G} => {CERBONA TERCI DE OVAZ CU CIOCOLATA 55G}",0.000122519940508039,0.362385321100917,0.000338093000389272,465.465175993275,79
"{CERBONA TERCI DE OVAZ CU CAISE 50G,CERBONA TERCI DE OVAZ CU CIOCOLATA 55G} => {CERBONA TERCI DE OVAZ CU PRUNE 50G}",0.000122519940508039,0.467455621301775,0.00026209961956783,744.227438088977,79
"{CERBONA TERCI DE OVAZ CU CIOCOLATA 55G,CERBONA TERCI DE OVAZ CU PRUNE 50G} => {CERBONA TERCI DE OVAZ CU FRUCTE DE PADURE 55G}",0.000136477908414018,0.758620689655172,0.000179902697454842,677.497659757379,88
"{CERBONA TERCI DE OVAZ CU FRUCTE DE PADURE 55G,CERBONA TERCI DE OVAZ CU PRUNE 50G} => {CERBONA TERCI DE OVAZ CU CIOCOLATA 55G}",0.000136477908414018,0.463157894736842,0.000294668211348448,594.902327531977,88
"{CERBONA TERCI DE OVAZ CU CIOCOLATA 55G,CERBONA TERCI DE OVAZ CU FRUCTE DE PADURE 55G} => {CERBONA TERCI DE OVAZ CU PRUNE 50G}",0.000136477908414018,0.315412186379928,0.000432697005085353,502.161900969069,88
"{CERBONA TERCI DE OVAZ CU CAISE 50G,CERBONA TERCI DE OVAZ CU PRUNE 50G} => {CERBONA TERCI DE OVAZ CU FRUCTE DE PADURE 55G}",0.000187657124069275,0.555045871559633,0.000338093000389272,495.692095097715,121
"{CERBONA TERCI DE OVAZ CU FRUCTE DE PADURE 55G,CERBONA TERCI DE OVAZ CU PRUNE 50G} => {CERBONA TERCI DE OVAZ CU CAISE 50G}",0.000187657124069275,0.636842105263158,0.000294668211348448,779.186587436333,121
"{CERBONA TERCI DE OVAZ CU CAISE 50G,CERBONA TERCI DE OVAZ CU FRUCTE DE PADURE 55G} => {CERBONA TERCI DE OVAZ CU PRUNE 50G}",0.000187657124069275,0.390322580645161,0.000480774450094837,621.425352449223,121
"{HRANA COMPLETA PENTRU PISICI ADULTE CU VITA PREVITAL 100G,HRANA COMPLETA PENTRU PISICI ADULTE STERILIZATE PREVITAL 100G} => {HRANA COMPLETA PENTRU PISICI ADULTE CU PUI PREVITAL 100G}",0.000127172596476699,0.532467532467532,0.000238836339724532,564.689700102529,82
"{HRANA COMPLETA PENTRU PISICI ADULTE CU PUI PREVITAL 100G,HRANA COMPLETA PENTRU PISICI ADULTE CU VITA PREVITAL 100G} => {HRANA COMPLETA PENTRU PISICI ADULTE STERILIZATE PREVITAL 100G}",0.000127172596476699,0.347457627118644,0.00036600893620123,380.370536099681,82
"{HRANA COMPLETA PENTRU PISICI ADULTE CU PUI PREVITAL 100G,HRANA COMPLETA PENTRU PISICI ADULTE STERILIZATE PREVITAL 100G} => {HRANA COMPLETA PENTRU PISICI ADULTE CU VITA PREVITAL 100G}",0.000127172596476699,0.506172839506173,0.000251243422307624,650.152796222517,82
"{REVISTA KRONIKA,SZEKELYHON} => {NOK LAPJA}",0.000119418169862266,0.209809264305177,0.000569174913499371,37.2579303109689,77
"{NOK LAPJA,REVISTA KRONIKA} => {SZEKELYHON}",0.000119418169862266,0.777777777777778,0.00015353764696577,574.462390225277,77
"{NOK LAPJA,SZEKELYHON} => {REVISTA KRONIKA}",0.000119418169862266,0.458333333333333,0.000260548734244944,335.06816893424,77
"{CERBONA TERCI DE OVAZ CU CAISE 50G,CERBONA TERCI DE OVAZ CU CIOCOLATA 55G} => {CERBONA TERCI DE OVAZ CU FRUCTE DE PADURE 55G}",0.000218674830527006,0.834319526627219,0.00026209961956783,745.101648937042,141
"{CERBONA TERCI DE OVAZ CU CIOCOLATA 55G,CERBONA TERCI DE OVAZ CU FRUCTE DE PADURE 55G} => {CERBONA TERCI DE OVAZ CU CAISE 50G}",0.000218674830527006,0.505376344086022,0.000432697005085353,618.336108220603,141
"{CERBONA TERCI DE OVAZ CU CAISE 50G,CERBONA TERCI DE OVAZ CU FRUCTE DE PADURE 55G} => {CERBONA TERCI DE OVAZ CU CIOCOLATA 55G}",0.000218674830527006,0.454838709677419,0.000480774450094837,584.216765197275,141
"{BERE BUCEGI DOZA 500ML,WINCHESTER SOFT} => {FRANZELA RIP-ROP 500G}",0.00011321462857072,0.292,0.000387721330721642,67.4353710601719,73
"{FRANZELA RIP-ROP 500G,WINCHESTER SOFT} => {BERE BUCEGI DOZA 500ML}",0.00011321462857072,0.695238095238095,0.00016284295890309,209.380970174151,73
"{BERE BUCEGI DOZA 500ML,FRANZELA RIP-ROP 500G} => {WINCHESTER SOFT}",0.00011321462857072,0.467948717948718,0.000241938110370305,248.542057407173,73
"{PAIE MAGICA CU AROMA DE BISCUITI MILKY SIP 5*6G,PAIE MAGICA CU AROMA DE CIOCOLATA MILKY SIP 5*6G} => {PAIE MAGICA CU AROMA DE VANILIE MILKY SIP 5*6G}",0.000218674830527006,0.55952380952381,0.000390823101367416,465.518755760369,141
"{PAIE MAGICA CU AROMA DE CIOCOLATA MILKY SIP 5*6G,PAIE MAGICA CU AROMA DE VANILIE MILKY SIP 5*6G} => {PAIE MAGICA CU AROMA DE BISCUITI MILKY SIP 5*6G}",0.000218674830527006,0.55952380952381,0.000390823101367416,452.668802652805,141
"{PAIE MAGICA CU AROMA DE BISCUITI MILKY SIP 5*6G,PAIE MAGICA CU AROMA DE VANILIE MILKY SIP 5*6G} => {PAIE MAGICA CU AROMA DE CIOCOLATA MILKY SIP 5*6G}",0.000218674830527006,0.474747474747475,0.000460612940897311,457.56928024641,141
"{MEGLEPETES,SZEKELYHON} => {NOK LAPJA}",0.000139579679059791,0.833333333333333,0.00016749561487175,147.983337923437,90
"{NOK LAPJA,SZEKELYHON} => {MEGLEPETES}",0.000139579679059791,0.535714285714286,0.000260548734244944,386.813909774436,90
"{MEGLEPETES,NOK LAPJA} => {SZEKELYHON}",0.000139579679059791,0.403587443946188,0.000345847427003705,298.087467061162,90
"{BERE IGAZI TILTOTT MEZES SOR 9% 500ML,BERE TILTOTT CSIKI AFINE 500ML} => {BERE TILTOTT CSIKI VADMALNA CU VITAMINE STICLA 500ML}",0.000120969055185152,0.577777777777778,0.000209369518589687,125.988186224777,78
"{BERE IGAZI TILTOTT MEZES SOR 9% 500ML,BERE TILTOTT CSIKI VADMALNA CU VITAMINE STICLA 500ML} => {BERE TILTOTT CSIKI AFINE 500ML}",0.000120969055185152,0.414893617021277,0.000291566440702675,200.992111194591,78
"{BERE TILTOTT CSIKI AFINE 500ML,BERE TILTOTT CSIKI VADMALNA CU VITAMINE STICLA 500ML} => {BERE IGAZI TILTOTT MEZES SOR 9% 500ML}",0.000120969055185152,0.162162162162162,0.00074597584030844,148.313513513513,78
"{BERE IGAZI TILTOTT MEZES SOR 9% 500ML,BERE TILTOTT CSIKI AFINE 500ML} => {STICLA BERE 500ML CSIKI}",0.000122519940508039,0.585185185185185,0.000209369518589687,56.7147619286203,79
"{BERE IGAZI TILTOTT MEZES SOR 9% 500ML,STICLA BERE 500ML CSIKI} => {BERE TILTOTT CSIKI AFINE 500ML}",0.000122519940508039,0.196517412935323,0.000623455899800401,95.2013916144297,79
"{BERE TILTOTT CSIKI AFINE 500ML,STICLA BERE 500ML CSIKI} => {BERE IGAZI TILTOTT MEZES SOR 9% 500ML}",0.000122519940508039,0.119515885022693,0.00102513519842802,109.309228441755,79
"{BERE IGAZI TILTOTT MEZES SOR 9% 500ML,BERE TILTOTT CSIKI GOLD STICLA 500ML} => {STICLA BERE 500ML CSIKI}",0.000105460201956287,0.5,0.000210920403912573,48.4588155719224,68
"{BERE IGAZI TILTOTT MEZES SOR 9% 500ML,STICLA BERE 500ML CSIKI} => {BERE TILTOTT CSIKI GOLD STICLA 500ML}",0.000105460201956287,0.169154228855721,0.000623455899800401,53.4130571432748,68
"{BERE 6% SZEKELY SOR 500ML,BERE IGAZI TILTOTT MEZES SOR 9% 500ML} => {STICLA BERE 500ML CSIKI}",0.000105460201956287,0.535433070866142,0.000196962436006594,51.8929048644209,68
"{BERE IGAZI TILTOTT MEZES SOR 9% 500ML,STICLA BERE 500ML CSIKI} => {BERE 6% SZEKELY SOR 500ML}",0.000105460201956287,0.169154228855721,0.000623455899800401,40.2173534979967,68
"{BERE 6% SZEKELY SOR 500ML,BERE IGAZI TILTOTT MEZES SOR 9% 500ML} => {BERE TILTOTT IGAZI SOR 6% 500ML}",0.000100807545987627,0.511811023622047,0.000196962436006594,25.3348814182658,65
"{BERE IGAZI TILTOTT MEZES SOR 9% 500ML,BERE TILTOTT IGAZI SOR 6% 500ML} => {BERE 6% SZEKELY SOR 500ML}",0.000100807545987627,0.287610619469027,0.000350500082972365,68.3810155454617,65
"{BERE IGAZI TILTOTT MEZES SOR 9% 500ML,BERE TILTOTT CSIKI VADMALNA CU VITAMINE STICLA 500ML} => {STICLA BERE 500ML CSIKI}",0.00015353764696577,0.526595744680851,0.000291566440702675,51.036412144897,99
"{BERE IGAZI TILTOTT MEZES SOR 9% 500ML,STICLA BERE 500ML CSIKI} => {BERE TILTOTT CSIKI VADMALNA CU VITAMINE STICLA 500ML}",0.00015353764696577,0.246268656716418,0.000623455899800401,53.7004754718124,99
"{BERE IGAZI TILTOTT MEZES SOR 9% 500ML,BERE TILTOTT CSIKI VADMALNA CU VITAMINE STICLA 500ML} => {BERE TILTOTT IGAZI SOR 6% 500ML}",0.000119418169862266,0.409574468085106,0.000291566440702675,20.2741248272685,77
"{BERE IGAZI TILTOTT MEZES SOR 9% 500ML,BERE TILTOTT IGAZI SOR 6% 500ML} => {BERE TILTOTT CSIKI VADMALNA CU VITAMINE STICLA 500ML}",0.000119418169862266,0.34070796460177,0.000350500082972365,74.293578160118,77
"{BERE IGAZI TILTOTT MEZES SOR 9% 500ML,BERE TILTOTT CSIKI KREM SOR 4.5% 500ML} => {STICLA BERE 500ML CSIKI}",0.000130274367122472,0.56,0.000232632798432985,54.2738734405531,84
"{BERE IGAZI TILTOTT MEZES SOR 9% 500ML,STICLA BERE 500ML CSIKI} => {BERE TILTOTT CSIKI KREM SOR 4.5% 500ML}",0.000130274367122472,0.208955223880597,0.000623455899800401,40.1349018980166,84
"{BERE TILTOTT CSIKI KREM SOR 4.5% 500ML,STICLA BERE 500ML CSIKI} => {BERE IGAZI TILTOTT MEZES SOR 9% 500ML}",0.000130274367122472,0.106463878326996,0.0012236485197575,97.3718631178707,84
"{BERE IGAZI TILTOTT MEZES SOR 9% 500ML,BERE TILTOTT CSIKI KREM SOR 4.5% 500ML} => {BERE TILTOTT IGAZI SOR 6% 500ML}",0.000122519940508039,0.526666666666667,0.000232632798432986,26.0702425917396,79
"{BERE IGAZI TILTOTT MEZES SOR 9% 500ML,BERE TILTOTT IGAZI SOR 6% 500ML} => {BERE TILTOTT CSIKI KREM SOR 4.5% 500ML}",0.000122519940508039,0.349557522123894,0.000350500082972365,67.1409721068906,79
"{BERE TILTOTT CSIKI KREM SOR 4.5% 500ML,BERE TILTOTT IGAZI SOR 6% 500ML} => {BERE IGAZI TILTOTT MEZES SOR 9% 500ML}",0.000122519940508039,0.100126742712294,0.0012236485197575,91.5759188846641,79
"{BERE IGAZI TILTOTT MEZES SOR 9% 500ML,STICLA BERE 500ML CSIKI} => {BERE TILTOTT IGAZI SOR 6% 500ML}",0.00016284295890309,0.261194029850746,0.000623455899800401,12.9292247880817,105
"{BERE IGAZI TILTOTT MEZES SOR 9% 500ML,BERE TILTOTT IGAZI SOR 6% 500ML} => {STICLA BERE 500ML CSIKI}",0.00016284295890309,0.464601769911504,0.000350500082972365,45.0281029650607,105
"{BERE TILTOTT CSIKI GYOMBER CHILI STICLA 500ML,BERE TILTOTT CSIKI VADMALNA CU VITAMINE STICLA 500ML} => {STICLA BERE 500ML CSIKI}",0.000130274367122472,0.456521739130435,0.000285362899411129,44.2450055221901,84
"{BERE TILTOTT CSIKI GYOMBER CHILI STICLA 500ML,STICLA BERE 500ML CSIKI} => {BERE TILTOTT CSIKI VADMALNA CU VITAMINE STICLA 500ML}",0.000130274367122472,0.196261682242991,0.000663778918195452,42.7961308348004,84
"{BOMBOANE UMPLUTE CU FLORI DE TEI &VITAMINA C DR.TOROK 75G,BOMBOANE UMPLUTE CU MACESE&VITAMINA C DR.TOROK 75G} => {BOMBOANE UMPLUTE CU ULEI DE LAMAIE&MIERE DR.TOROK 75G}",0.00010856197260206,0.366492146596859,0.000296219096671335,304.525219949263,70
"{BOMBOANE UMPLUTE CU MACESE&VITAMINA C DR.TOROK 75G,BOMBOANE UMPLUTE CU ULEI DE LAMAIE&MIERE DR.TOROK 75G} => {BOMBOANE UMPLUTE CU FLORI DE TEI &VITAMINA C DR.TOROK 75G}",0.00010856197260206,0.542635658914729,0.000200064206652368,499.839534883721,70
"{BOMBOANE UMPLUTE CU FLORI DE TEI &VITAMINA C DR.TOROK 75G,BOMBOANE UMPLUTE CU ULEI DE LAMAIE&MIERE DR.TOROK 75G} => {BOMBOANE UMPLUTE CU MACESE&VITAMINA C DR.TOROK 75G}",0.00010856197260206,0.518518518518518,0.000209369518589687,463.713052858684,70
"{BERE FARA ALCOOL CU GUST DE POMELO&GRAPEFRUIT DREHER 500ML,BERE FARA ALCOOL CU GUST DE VISINE&MURE DREHER 500ML} => {BERE FARA ALCOOL CU GUST DE RODII DREHER 500ML}",0.000170597385517523,0.555555555555556,0.000307075293931541,369.297250859107,110
"{BERE FARA ALCOOL CU GUST DE POMELO&GRAPEFRUIT DREHER 500ML,BERE FARA ALCOOL CU GUST DE RODII DREHER 500ML} => {BERE FARA ALCOOL CU GUST DE VISINE&MURE DREHER 500ML}",0.000170597385517523,0.447154471544715,0.000381517789430096,337.613668818187,110
"{BERE FARA ALCOOL CU GUST DE RODII DREHER 500ML,BERE FARA ALCOOL CU GUST DE VISINE&MURE DREHER 500ML} => {BERE FARA ALCOOL CU GUST DE POMELO&GRAPEFRUIT DREHER 500ML}",0.000170597385517523,0.40590405904059,0.00042028992250226,377.124057551815,110
"{CERBONA BATON CEREALE FARA GLUTEN FRUCTE 35G,CERBONA BATON CEREALE FARA GLUTEN VISINE&CIOCOLATA 35G} => {CERBONA BATON CEREALE ZMEURA FARA GLUTEN 35G}",0.000179902697454842,0.497854077253219,0.000361356280232571,379.896833176728,116
"{CERBONA BATON CEREALE FARA GLUTEN VISINE&CIOCOLATA 35G,CERBONA BATON CEREALE ZMEURA FARA GLUTEN 35G} => {CERBONA BATON CEREALE FARA GLUTEN FRUCTE 35G}",0.000179902697454842,0.426470588235294,0.000421840807825147,359.457843137255,116
"{CERBONA BATON CEREALE FARA GLUTEN FRUCTE 35G,CERBONA BATON CEREALE ZMEURA FARA GLUTEN 35G} => {CERBONA BATON CEREALE FARA GLUTEN VISINE&CIOCOLATA 35G}",0.000179902697454842,0.411347517730496,0.000437349661054013,413.781591263651,116
"{REAL PATEU DE GASCA 48G,REAL PATEU DE RATA 48G} => {REAL PATEU DE PORC 48G}",0.000105460201956287,0.214511041009464,0.000491630647355043,135.736229308749,68
"{REAL PATEU DE PORC 48G,REAL PATEU DE RATA 48G} => {REAL PATEU DE GASCA 48G}",0.000105460201956287,0.438709677419355,0.000240387225047418,291.926655348048,68
"{REAL PATEU DE GASCA 48G,REAL PATEU DE PORC 48G} => {REAL PATEU DE RATA 48G}",0.000105460201956287,0.313364055299539,0.000336542115066386,263.092381912442,68
"{REAL PATEU DE GASCA 48G,REAL PATEU DE RATA 48G} => {REAL PATEU DE PUI 48G}",0.00015819030293443,0.321766561514196,0.000491630647355043,161.583198207494,102
"{REAL PATEU DE PUI 48G,REAL PATEU DE RATA 48G} => {REAL PATEU DE GASCA 48G}",0.00015819030293443,0.457399103139013,0.000345847427003705,304.362992683503,102
"{REAL PATEU DE GASCA 48G,REAL PATEU DE PUI 48G} => {REAL PATEU DE RATA 48G}",0.00015819030293443,0.329032258064516,0.000480774450094837,276.247001008065,102
"{MOGYI PORUMB PT.POPCORN MICRO CU CASC.100G,MOGYI PORUMB PT.POPCORN MICRO CU UNT 100G} => {MOGYI PORUMB PT.POPCORN MICRO CU SARE 100G}",0.000111663743247833,0.322869955156951,0.000345847427003705,261.209895853847,72
"{MOGYI PORUMB PT.POPCORN MICRO CU CASC.100G,MOGYI PORUMB PT.POPCORN MICRO CU SARE 100G} => {MOGYI PORUMB PT.POPCORN MICRO CU UNT 100G}",0.000111663743247833,0.389189189189189,0.000286913784734015,325.060187648789,72
"{MOGYI PORUMB PT.POPCORN MICRO CU SARE 100G,MOGYI PORUMB PT.POPCORN MICRO CU UNT 100G} => {MOGYI PORUMB PT.POPCORN MICRO CU CASC.100G}",0.000111663743247833,0.385026737967914,0.000290015555379789,381.355676581483,72
"{MAGHIRAN MACINAT MARCO POLO 5G,OREGANO MACINAT MARCO POLO 7G} => {BUSUIOC MACINAT MARCO POLO 5G}",0.000165944729548863,0.61849710982659,0.000268303160859377,479.906867552847,107
"{BUSUIOC MACINAT MARCO POLO 5G,MAGHIRAN MACINAT MARCO POLO 5G} => {OREGANO MACINAT MARCO POLO 7G}",0.000165944729548863,0.511961722488038,0.000324135032483293,382.957465113956,107
"{BUSUIOC MACINAT MARCO POLO 5G,OREGANO MACINAT MARCO POLO 7G} => {MAGHIRAN MACINAT MARCO POLO 5G}",0.000165944729548863,0.380782918149466,0.000435798775731126,405.828363871651,107
"{ELAN PATE CU FICAT DE PASARE 156G,ELAN PATE CU FICAT DE PORC 156G} => {ELAN PATE CU FICAT DE GASCA 110G}",0.000102358431310514,0.228373702422145,0.000448205858314219,98.6294472243016,66
"{ELAN PATE CU FICAT DE GASCA 110G,ELAN PATE CU FICAT DE PORC 156G} => {ELAN PATE CU FICAT DE PASARE 156G}",0.000102358431310514,0.38150289017341,0.000268303160859377,284.381957298941,66
"{ELAN PATE CU FICAT DE GASCA 110G,ELAN PATE CU FICAT DE PASARE 156G} => {ELAN PATE CU FICAT DE PORC 156G}",0.000102358431310514,0.323529411764706,0.00031638060586886,270.570038910506,66
"{ELAN PATE CU FICAT DE PORC 156G,ELAN PATE CU FICAT DE RATA 110G} => {ELAN PATE CU FICAT DE GASCA 110G}",0.000116316399216493,0.76530612244898,0.000151986761642884,330.518439793868,75
"{ELAN PATE CU FICAT DE GASCA 110G,ELAN PATE CU FICAT DE PORC 156G} => {ELAN PATE CU FICAT DE RATA 110G}",0.000116316399216493,0.433526011560694,0.000268303160859377,289.673095929797,75
"{ELAN PATE CU FICAT DE GASCA 110G,ELAN PATE CU FICAT DE RATA 110G} => {ELAN PATE CU FICAT DE PORC 156G}",0.000116316399216493,0.132275132275132,0.000879351978076685,110.622671031231,75
"{JOGO-BELLA IAURT CLASSIC 150G,JOGO-BELLA IAURT SPECIAL 150G} => {JOGO-BELLA IAURT STANDARD 150G}",0.000100807545987627,0.326633165829146,0.000308626179254427,283.07900389042,65
"{JOGO-BELLA IAURT CLASSIC 150G,JOGO-BELLA IAURT STANDARD 150G} => {JOGO-BELLA IAURT SPECIAL 150G}",0.000100807545987627,0.326633165829146,0.000308626179254427,278.217673572619,65
"{JOGO-BELLA IAURT SPECIAL 150G,JOGO-BELLA IAURT STANDARD 150G} => {JOGO-BELLA IAURT CLASSIC 150G}",0.000100807545987627,0.315533980582524,0.000319482376514633,300.967606422704,65
"{ELAN PATE CU FICAT DE PASARE 156G,ELAN PATE CU FICAT DE RATA 110G} => {ELAN PATE CU FICAT DE GASCA 110G}",0.000116316399216493,0.646551724137931,0.000179902697454842,279.231095687923,75
"{ELAN PATE CU FICAT DE GASCA 110G,ELAN PATE CU FICAT DE PASARE 156G} => {ELAN PATE CU FICAT DE RATA 110G}",0.000116316399216493,0.367647058823529,0.00031638060586886,245.65414507772,75
"{ELAN PATE CU FICAT DE GASCA 110G,ELAN PATE CU FICAT DE RATA 110G} => {ELAN PATE CU FICAT DE PASARE 156G}",0.000116316399216493,0.132275132275132,0.000879351978076685,98.601247820901,75
"{CHEFIR FARA LACTOZA MIZO 150G,SMANTANA FARA LACTOZA 20% MIZO 150G} => {IAURT FARA LACTOZA NATUR MIZO 150G}",0.000130274367122472,0.392523364485981,0.000331889459097726,119.328768390858,84
"{CHEFIR FARA LACTOZA MIZO 150G,IAURT FARA LACTOZA NATUR MIZO 150G} => {SMANTANA FARA LACTOZA 20% MIZO 150G}",0.000130274367122472,0.227027027027027,0.000573827569468031,70.4453502588248,84
"{IAURT FARA LACTOZA NATUR MIZO 150G,SMANTANA FARA LACTOZA 20% MIZO 150G} => {CHEFIR FARA LACTOZA MIZO 150G}",0.000130274367122472,0.164383561643836,0.000792502399995037,98.9667318982387,84
"{CHEFIR FARA LACTOZA MIZO 150G,IAURT FARA LACTOZA NATUR MIZO 150G} => {LAPTE UHT 1.5% GRASIME FARA LACTOZA MIZO 1L}",0.00011321462857072,0.197297297297297,0.000573827569468031,34.578938900847,73
"{CHEFIR FARA LACTOZA MIZO 150G,LAPTE UHT 1.5% GRASIME FARA LACTOZA MIZO 1L} => {IAURT FARA LACTOZA NATUR MIZO 150G}",0.00011321462857072,0.382198952879581,0.000296219096671335,116.190103453128,73
"{IAURT FARA LACTOZA NATUR MIZO 150G,LAPTE UHT 1.5% GRASIME FARA LACTOZA MIZO 1L} => {CHEFIR FARA LACTOZA MIZO 150G}",0.00011321462857072,0.185279187817259,0.000611048817217308,111.546893884457,73
"{BISCUITI CU CEREALE INTEGRALE KORPOVIT 174G,BISCUITI CU SEMINTE KORPOVIT 174G} => {BISCUITI KORPOVIT 174G}",0.000100807545987627,0.342105263157895,0.000294668211348448,113.587579272589,65
"{BISCUITI CU SEMINTE KORPOVIT 174G,BISCUITI KORPOVIT 174G} => {BISCUITI CU CEREALE INTEGRALE KORPOVIT 174G}",0.000100807545987627,0.353260869565217,0.000285362899411129,202.831821789461,65
"{BISCUITI CU CEREALE INTEGRALE KORPOVIT 174G,BISCUITI KORPOVIT 174G} => {BISCUITI CU SEMINTE KORPOVIT 174G}",0.000100807545987627,0.231316725978648,0.000435798775731126,164.808183087238,65
"{ELAN BRANZA TOPITA CREMOASA 100G,ELAN BRANZA TOPITA EMMENTALER 100G} => {ELAN BRANZA TOPITA CU SUNCA AFUMATA 100G}",0.000283812014088242,0.605960264900662,0.000468367367511744,338.871584636681,183
"{ELAN BRANZA TOPITA CREMOASA 100G,ELAN BRANZA TOPITA CU SUNCA AFUMATA 100G} => {ELAN BRANZA TOPITA EMMENTALER 100G}",0.000283812014088242,0.493261455525606,0.000575378454790917,330.958932042375,183
"{ELAN BRANZA TOPITA CU SUNCA AFUMATA 100G,ELAN BRANZA TOPITA EMMENTALER 100G} => {ELAN BRANZA TOPITA CREMOASA 100G}",0.000283812014088242,0.5,0.000567624028176485,329.312053115424,183
"{CARNATI PROASPETI,SANGERETE VRAC} => {CALTABOS VRAC}",0.000291566440702675,0.646048109965636,0.000451307628959992,219.940495759806,188
"{CALTABOS VRAC,CARNATI PROASPETI} => {SANGERETE VRAC}",0.000291566440702675,0.47,0.000620354129154628,232.224298850575,188
"{CALTABOS VRAC,SANGERETE VRAC} => {CARNATI PROASPETI}",0.000291566440702675,0.285280728376328,0.00102203342778225,181.765826770709,188
"{CARNATI PROASPETI,SANGERETE VRAC} => {CARNE TOCATA PORC VRAC}",0.000156639417611544,0.347079037800687,0.000451307628959992,6.31152727228322,101
"{CARNATI PROASPETI,CARNE TOCATA PORC VRAC} => {SANGERETE VRAC}",0.000156639417611544,0.34006734006734,0.000460612940897311,168.025318317272,101
"{CARNE TOCATA PORC VRAC,SANGERETE VRAC} => {CARNATI PROASPETI}",0.000156639417611544,0.308868501529052,0.000507139500583908,196.794711172354,101
"{CALTABOS VRAC,CARNATI PROASPETI} => {CARNE TOCATA PORC VRAC}",0.000200064206652368,0.3225,0.000620354129154628,5.86456490777822,129
"{CARNATI PROASPETI,CARNE TOCATA PORC VRAC} => {CALTABOS VRAC}",0.000200064206652368,0.434343434343434,0.000460612940897311,147.867796230521,129
"{CALTABOS VRAC,CARNE TOCATA PORC VRAC} => {CARNATI PROASPETI}",0.000200064206652368,0.288590604026846,0.000693245739330297,183.874704883678,129
"{REAL PATEU DE GASCA 48G,REAL PATEU DE PORC 48G} => {REAL PATEU DE PUI 48G}",0.000134927023091132,0.400921658986175,0.000336542115066386,201.332927774667,87
"{REAL PATEU DE GASCA 48G,REAL PATEU DE PUI 48G} => {REAL PATEU DE PORC 48G}",0.000134927023091132,0.280645161290323,0.000480774450094837,177.583940612238,87
"{REAL PATEU DE PORC 48G,REAL PATEU DE PUI 48G} => {REAL PATEU DE GASCA 48G}",0.000134927023091132,0.25,0.000539708092364526,166.355263157895,87
"{_CONOPIDA,_PATRUNJEL RADACINA KG} => {_MORCOVI}",0.000117867284539379,0.723809523809524,0.00016284295890309,25.2410662133972,76
"{_CONOPIDA,_MORCOVI} => {_PATRUNJEL RADACINA KG}",0.000117867284539379,0.457831325301205,0.000257446963599171,29.12454950029,76
"{ELAN PATE CU FICAT DE GASCA 110G,ELAN PATE CU FICAT DE RATA 110G} => {CARNE TOCATA PORC VRAC}",0.000117867284539379,0.134038800705467,0.000879351978076685,2.43745502914097,76
"{CARNE TOCATA PORC VRAC,ELAN PATE CU FICAT DE RATA 110G} => {ELAN PATE CU FICAT DE GASCA 110G}",0.000117867284539379,0.598425196850394,0.000196962436006594,258.446334864538,76
"{CARNE TOCATA PORC VRAC,ELAN PATE CU FICAT DE GASCA 110G} => {ELAN PATE CU FICAT DE RATA 110G}",0.000117867284539379,0.406417112299465,0.000290015555379789,271.559491285916,76
"{BOMBOANE NEGRO EXTRA STRONG GYORI 79G,BOMBOANE NEGRO MENTOL GYORI 79G} => {BOMBOANE NEGRO CLASSIC GYORI 79G}",0.000100807545987627,0.291479820627803,0.000345847427003705,116.735495641033,65
"{BOMBOANE NEGRO CLASSIC GYORI 79G,BOMBOANE NEGRO EXTRA STRONG GYORI 79G} => {BOMBOANE NEGRO MENTOL GYORI 79G}",0.000100807545987627,0.361111111111111,0.000279159358119583,194.521233639655,65
"{BOMBOANE NEGRO CLASSIC GYORI 79G,BOMBOANE NEGRO MENTOL GYORI 79G} => {BOMBOANE NEGRO EXTRA STRONG GYORI 79G}",0.000100807545987627,0.384615384615385,0.00026209961956783,205.977830309226,65
"{CHIPS DIN CARTOFI CU GUST DE PAPRIKA CSIKI CSIPSZ 70G,CHIPS DIN CARTOFI CU GUST DE SMANTANA SI CEAPA CSIKI CSIPSZ 70G} => {CHIPS DIN CARTOFI CU GUST DE CASCAVAL CSIKI CSIPSZ 70G}",0.000124070825830926,0.336134453781513,0.000369110706847004,120.744926382809,80
"{CHIPS DIN CARTOFI CU GUST DE CASCAVAL CSIKI CSIPSZ 70G,CHIPS DIN CARTOFI CU GUST DE PAPRIKA CSIKI CSIPSZ 70G} => {CHIPS DIN CARTOFI CU GUST DE SMANTANA SI CEAPA CSIKI CSIPSZ 70G}",0.000124070825830926,0.30188679245283,0.000410984610564941,155.226866480094,80
"{CHIPS DIN CARTOFI CU GUST DE CASCAVAL CSIKI CSIPSZ 70G,CHIPS DIN CARTOFI CU GUST DE SMANTANA SI CEAPA CSIKI CSIPSZ 70G} => {CHIPS DIN CARTOFI CU GUST DE PAPRIKA CSIKI CSIPSZ 70G}",0.000124070825830926,0.299625468164794,0.000414086381210714,150.699223474557,80
"{CHIPS DIN CARTOFI CU GUST DE PAPRIKA CSIKI CSIPSZ 70G,CHIPS DIN CARTOFI CU GUST DE SMANTANA SI CEAPA CSIKI CSIPSZ 70G} => {CHIPS DIN CARTOFI CU SARE CSIKI CSIPSZ 70G}",0.000131825252445358,0.357142857142857,0.000369110706847004,111.571324750831,85
"{CHIPS DIN CARTOFI CU GUST DE PAPRIKA CSIKI CSIPSZ 70G,CHIPS DIN CARTOFI CU SARE CSIKI CSIPSZ 70G} => {CHIPS DIN CARTOFI CU GUST DE SMANTANA SI CEAPA CSIKI CSIPSZ 70G}",0.000131825252445358,0.355648535564854,0.00037066159216989,182.870563151889,85
"{CHIPS DIN CARTOFI CU GUST DE SMANTANA SI CEAPA CSIKI CSIPSZ 70G,CHIPS DIN CARTOFI CU SARE CSIKI CSIPSZ 70G} => {CHIPS DIN CARTOFI CU GUST DE PAPRIKA CSIKI CSIPSZ 70G}",0.000131825252445358,0.357142857142857,0.000369110706847004,179.628092266548,85
"{CHIPS DIN CARTOFI CU GUST DE CASCAVAL CSIKI CSIPSZ 70G,CHIPS DIN CARTOFI CU GUST DE PAPRIKA CSIKI CSIPSZ 70G} => {CHIPS DIN CARTOFI CU SARE CSIKI CSIPSZ 70G}",0.000117867284539379,0.286792452830189,0.000410984610564941,89.5938788942519,76
"{CHIPS DIN CARTOFI CU GUST DE PAPRIKA CSIKI CSIPSZ 70G,CHIPS DIN CARTOFI CU SARE CSIKI CSIPSZ 70G} => {CHIPS DIN CARTOFI CU GUST DE CASCAVAL CSIKI CSIPSZ 70G}",0.000117867284539379,0.317991631799163,0.00037066159216989,114.22773161152,76
"{CHIPS DIN CARTOFI CU GUST DE CASCAVAL CSIKI CSIPSZ 70G,CHIPS DIN CARTOFI CU SARE CSIKI CSIPSZ 70G} => {CHIPS DIN CARTOFI CU GUST DE PAPRIKA CSIKI CSIPSZ 70G}",0.000117867284539379,0.252491694352159,0.000466816482188858,126.992883834955,76
"{SMANTANA FARA LACTOZA 20% MIZO 150G,UNT FARA LACTOZA 82% GRASIME MIZO 100G} => {IAURT FARA LACTOZA NATUR MIZO 150G}",0.00016284295890309,0.336538461538462,0.00048387622074061,102.30912033511,105
"{IAURT FARA LACTOZA NATUR MIZO 150G,UNT FARA LACTOZA 82% GRASIME MIZO 100G} => {SMANTANA FARA LACTOZA 20% MIZO 150G}",0.00016284295890309,0.373665480427046,0.000435798775731126,115.946528450913,105
"{IAURT FARA LACTOZA NATUR MIZO 150G,SMANTANA FARA LACTOZA 20% MIZO 150G} => {UNT FARA LACTOZA 82% GRASIME MIZO 100G}",0.00016284295890309,0.205479452054795,0.000792502399995037,110.134424213439,105
"{SMANTANA FARA LACTOZA 20% MIZO 150G,UNT FARA LACTOZA 82% GRASIME MIZO 100G} => {LAPTE UHT 1.5% GRASIME FARA LACTOZA MIZO 1L}",0.000155088532288657,0.320512820512821,0.00048387622074061,56.1740753131077,100
"{LAPTE UHT 1.5% GRASIME FARA LACTOZA MIZO 1L,UNT FARA LACTOZA 82% GRASIME MIZO 100G} => {SMANTANA FARA LACTOZA 20% MIZO 150G}",0.000155088532288657,0.341296928327645,0.000454409399605765,105.902728732997,100
"{LAPTE UHT 1.5% GRASIME FARA LACTOZA MIZO 1L,SMANTANA FARA LACTOZA 20% MIZO 150G} => {UNT FARA LACTOZA 82% GRASIME MIZO 100G}",0.000155088532288657,0.214592274678112,0.000722712560465141,115.01878351332,100
"{CHIPS DIN CARTOFI CU GUST DE ARDEI IUTE CSIKI CSIPSZ 70G,CHIPS PREMIUM DIN CARTOFI CU AROMA DE CANNABIS TILTOTT CSIKI CSIPSZ 70G} => {CHIPS PREMIUM DIN CARTOFI GUST DE TRUFE TILTOTT CSIKI SOR CSIPSZ 70G}",0.000117867284539379,0.348623853211009,0.000338093000389272,97.227603885591,76
"{CHIPS DIN CARTOFI CU GUST DE ARDEI IUTE CSIKI CSIPSZ 70G,CHIPS PREMIUM DIN CARTOFI GUST DE TRUFE TILTOTT CSIKI SOR CSIPSZ 70G} => {CHIPS PREMIUM DIN CARTOFI CU AROMA DE CANNABIS TILTOTT CSIKI CSIPSZ 70G}",0.000117867284539379,0.370731707317073,0.000317931491191747,158.623231424086,76
"{CHIPS PREMIUM DIN CARTOFI CU AROMA DE CANNABIS TILTOTT CSIKI CSIPSZ 70G,CHIPS PREMIUM DIN CARTOFI GUST DE TRUFE TILTOTT CSIKI SOR CSIPSZ 70G} => {CHIPS DIN CARTOFI CU GUST DE ARDEI IUTE CSIKI CSIPSZ 70G}",0.000117867284539379,0.249180327868852,0.000473020023480404,118.75072516448,76
"{_CARTOFI ROSII 5KG,_PATRUNJEL RADACINA KG} => {_MORCOVI}",0.00010856197260206,0.804597701149425,0.000134927023091132,28.0583540030958,70
"{_CARTOFI ROSII 5KG,_MORCOVI} => {_PATRUNJEL RADACINA KG}",0.00010856197260206,0.414201183431953,0.00026209961956783,26.3490552159273,70
"{BERE TILTOTT BARNA SOR 7% 500ML,BERE TILTOTT CSIKI AFINE 500ML} => {BERE TILTOTT CSIKI VADMALNA CU VITAMINE STICLA 500ML}",0.000136477908414018,0.505747126436782,0.000269854046182263,110.281436217975,88
"{BERE TILTOTT CSIKI AFINE 500ML,BERE TILTOTT CSIKI VADMALNA CU VITAMINE STICLA 500ML} => {BERE TILTOTT BARNA SOR 7% 500ML}",0.000136477908414018,0.182952182952183,0.00074597584030844,66.7230129537822,88
"{BERE TILTOTT BARNA SOR 7% 500ML,BERE TILTOTT CSIKI VADMALNA CU VITAMINE STICLA 500ML} => {BERE TILTOTT CSIKI AFINE 500ML}",0.000136477908414018,0.34375,0.000397026642658962,166.527117768595,88
"{BERE TILTOTT BARNA SOR 7% 500ML,BERE TILTOTT CSIKI AFINE 500ML} => {STICLA BERE 500ML CSIKI}",0.000124070825830926,0.459770114942529,0.000269854046182263,44.5598304109632,80
"{BERE TILTOTT CSIKI AFINE 500ML,STICLA BERE 500ML CSIKI} => {BERE TILTOTT BARNA SOR 7% 500ML}",0.000124070825830926,0.121028744326778,0.00102513519842802,44.139415803561,80
"{BERE TILTOTT BARNA SOR 7% 500ML,STICLA BERE 500ML CSIKI} => {BERE TILTOTT CSIKI AFINE 500ML}",0.000124070825830926,0.132669983416252,0.000935183849700602,64.2709816806277,80
"{BERE TILTOTT BARNA SOR 7% 500ML,BERE TILTOTT CSIKI AFINE 500ML} => {BERE TILTOTT IGAZI SOR 6% 500ML}",0.000148884990997111,0.551724137931034,0.000269854046182263,27.3105989612287,96
"{BERE TILTOTT CSIKI AFINE 500ML,BERE TILTOTT IGAZI SOR 6% 500ML} => {BERE TILTOTT BARNA SOR 7% 500ML}",0.000148884990997111,0.213333333333333,0.000697898395298956,77.8030769230769,96
"{BERE TILTOTT BARNA SOR 7% 500ML,BERE TILTOTT IGAZI SOR 6% 500ML} => {BERE TILTOTT CSIKI AFINE 500ML}",0.000148884990997111,0.129380053908356,0.00115075690958183,62.677199924666,96
"{BERE 6% SZEKELY SOR 500ML,BERE TILTOTT CSIKI AFINE 500ML} => {BERE TILTOTT CSIKI VADMALNA CU VITAMINE STICLA 500ML}",0.000114765513893606,0.415730337078652,0.000276057587473809,90.6526923354599,74
"{BERE TILTOTT CSIKI AFINE 500ML,BERE TILTOTT CSIKI VADMALNA CU VITAMINE STICLA 500ML} => {BERE 6% SZEKELY SOR 500ML}",0.000114765513893606,0.153846153846154,0.00074597584030844,36.5777739959156,74
"{BERE 6% SZEKELY SOR 500ML,BERE TILTOTT CSIKI VADMALNA CU VITAMINE STICLA 500ML} => {BERE TILTOTT CSIKI AFINE 500ML}",0.000114765513893606,0.276119402985075,0.000415637266533601,133.763980622806,74
"{BERE 6% SZEKELY SOR 500ML,BERE TILTOTT CSIKI AFINE 500ML} => {STICLA BERE 500ML CSIKI}",0.000128723481799585,0.466292134831461,0.000276057587473809,45.1919291288715,83
"{BERE TILTOTT CSIKI AFINE 500ML,STICLA BERE 500ML CSIKI} => {BERE 6% SZEKELY SOR 500ML}",0.000128723481799585,0.125567322239032,0.00102513519842802,29.8543253718555,83
"{BERE 6% SZEKELY SOR 500ML,STICLA BERE 500ML CSIKI} => {BERE TILTOTT CSIKI AFINE 500ML}",0.000128723481799585,0.10479797979798,0.00122830117572616,50.7685978872117,83
"{BERE 6% SZEKELY SOR 500ML,BERE TILTOTT CSIKI AFINE 500ML} => {BERE TILTOTT IGAZI SOR 6% 500ML}",0.000139579679059791,0.50561797752809,0.000276057587473809,25.0283227839912,90
"{BERE TILTOTT CSIKI AFINE 500ML,BERE TILTOTT IGAZI SOR 6% 500ML} => {BERE 6% SZEKELY SOR 500ML}",0.000139579679059791,0.2,0.000697898395298956,47.5511061946903,90
"{BERE 6% SZEKELY SOR 500ML,BERE TILTOTT IGAZI SOR 6% 500ML} => {BERE TILTOTT CSIKI AFINE 500ML}",0.000139579679059791,0.113350125944584,0.00123140294637194,54.9116211556622,90
"{BERE TILTOTT CSIKI AFINE 500ML,BERE TILTOTT CSIKI VADMALNA CU VITAMINE STICLA 500ML} => {BERE TILTOTT CSIKI KREM SOR 4.5% 500ML}",0.000142681449705564,0.191268191268191,0.00074597584030844,36.7376797296368,92
"{BERE TILTOTT CSIKI AFINE 500ML,BERE TILTOTT CSIKI KREM SOR 4.5% 500ML} => {BERE TILTOTT CSIKI VADMALNA CU VITAMINE STICLA 500ML}",0.000142681449705564,0.444444444444444,0.00032103326183752,96.9139894036749,92
"{BERE TILTOTT CSIKI KREM SOR 4.5% 500ML,BERE TILTOTT CSIKI VADMALNA CU VITAMINE STICLA 500ML} => {BERE TILTOTT CSIKI AFINE 500ML}",0.000142681449705564,0.265895953757225,0.000536606321718753,128.811307070611,92
"{BERE TILTOTT CSIKI AFINE 500ML,BERE TILTOTT CSIKI VADMALNA CU VITAMINE STICLA 500ML} => {STICLA BERE 500ML CSIKI}",0.00037531424813855,0.503118503118503,0.00074597584030844,48.7610535068825,242
"{BERE TILTOTT CSIKI AFINE 500ML,STICLA BERE 500ML CSIKI} => {BERE TILTOTT CSIKI VADMALNA CU VITAMINE STICLA 500ML}",0.00037531424813855,0.366111951588502,0.00102513519842802,79.8330820428154,242
"{BERE TILTOTT CSIKI VADMALNA CU VITAMINE STICLA 500ML,STICLA BERE 500ML CSIKI} => {BERE TILTOTT CSIKI AFINE 500ML}",0.00037531424813855,0.168758716875872,0.00222396955301934,81.7538988208444,242
"{BERE TILTOTT CSIKI AFINE 500ML,BERE TILTOTT CSIKI VADMALNA CU VITAMINE STICLA 500ML} => {BERE TILTOTT IGAZI SOR 6% 500ML}",0.000235734569078759,0.316008316008316,0.00074597584030844,15.6425572012859,152
"{BERE TILTOTT CSIKI AFINE 500ML,BERE TILTOTT IGAZI SOR 6% 500ML} => {BERE TILTOTT CSIKI VADMALNA CU VITAMINE STICLA 500ML}",0.000235734569078759,0.337777777777778,0.000697898395298956,73.6546319467929,152
"{BERE TILTOTT CSIKI VADMALNA CU VITAMINE STICLA 500ML,BERE TILTOTT IGAZI SOR 6% 500ML} => {BERE TILTOTT CSIKI AFINE 500ML}",0.000235734569078759,0.188351920693928,0.00125156445556946,91.2456799398948,152
"{BERE TILTOTT CSIKI AFINE 500ML,BERE TILTOTT CSIKI KREM SOR 4.5% 500ML} => {STICLA BERE 500ML CSIKI}",0.000128723481799585,0.400966183574879,0.00032103326183752,38.8606926808653,83
"{BERE TILTOTT CSIKI AFINE 500ML,STICLA BERE 500ML CSIKI} => {BERE TILTOTT CSIKI KREM SOR 4.5% 500ML}",0.000128723481799585,0.125567322239032,0.00102513519842802,24.1182396212309,83
"{BERE TILTOTT CSIKI KREM SOR 4.5% 500ML,STICLA BERE 500ML CSIKI} => {BERE TILTOTT CSIKI AFINE 500ML}",0.000128723481799585,0.105196451204056,0.0012236485197575,50.9616343810794,83
"{BERE TILTOTT CSIKI AFINE 500ML,BERE TILTOTT CSIKI KREM SOR 4.5% 500ML} => {BERE TILTOTT IGAZI SOR 6% 500ML}",0.000142681449705564,0.444444444444444,0.00032103326183752,22.0002047187676,92
"{BERE TILTOTT CSIKI AFINE 500ML,BERE TILTOTT IGAZI SOR 6% 500ML} => {BERE TILTOTT CSIKI KREM SOR 4.5% 500ML}",0.000142681449705564,0.204444444444444,0.000697898395298956,39.2684976665674,92
"{BERE TILTOTT CSIKI KREM SOR 4.5% 500ML,BERE TILTOTT IGAZI SOR 6% 500ML} => {BERE TILTOTT CSIKI AFINE 500ML}",0.000142681449705564,0.11660329531052,0.0012236485197575,56.4875947356543,92
"{BERE TILTOTT CSIKI AFINE 500ML,STICLA BERE 500ML CSIKI} => {BERE TILTOTT IGAZI SOR 6% 500ML}",0.000229531027787212,0.223903177004539,0.00102513519842802,11.0833103953852,148
"{BERE TILTOTT CSIKI AFINE 500ML,BERE TILTOTT IGAZI SOR 6% 500ML} => {STICLA BERE 500ML CSIKI}",0.000229531027787212,0.328888888888889,0.000697898395298956,31.8751320206423,148
"{CALTABOS VRAC,SANGERETE VRAC} => {CARNE TOCATA PORC VRAC}",0.000268303160859377,0.262518968133536,0.00102203342778225,4.77382799423901,173
"{CARNE TOCATA PORC VRAC,SANGERETE VRAC} => {CALTABOS VRAC}",0.000268303160859377,0.529051987767584,0.000507139500583908,180.110358156612,173
"{CALTABOS VRAC,CARNE TOCATA PORC VRAC} => {SANGERETE VRAC}",0.000268303160859377,0.387024608501119,0.000693245739330297,191.226634781043,173
"{_FASOLE ALB MICI KG,_PATRUNJEL RADACINA KG} => {_MORCOVI}",0.000119418169862266,0.785714285714286,0.000151986761642884,27.3998416132272,77
"{_FASOLE ALB MICI KG,_MORCOVI} => {_PATRUNJEL RADACINA KG}",0.000119418169862266,0.405263157894737,0.000294668211348448,25.7804703402152,77
"{BATON OKE RUDI CU GUST DE CAPSUNI 23G,BATON OKE RUDI NATUR 23G} => {BATON OKE RUDI CU GUST DE AFINE 23G}",0.000240387225047418,0.482866043613707,0.000497834188646589,202.174444714164,155
"{BATON OKE RUDI CU GUST DE AFINE 23G,BATON OKE RUDI CU GUST DE CAPSUNI 23G} => {BATON OKE RUDI NATUR 23G}",0.000240387225047418,0.285451197053407,0.000842130730327407,114.392127844411,155
"{BATON OKE RUDI CU GUST DE AFINE 23G,BATON OKE RUDI NATUR 23G} => {BATON OKE RUDI CU GUST DE CAPSUNI 23G}",0.000240387225047418,0.455882352941176,0.000527301009781434,195.835942704863,155
"{PASTA DE TON CU LEGUME HAME 100G,PASTA DE TON PICANT HAME 100G} => {PASTA DE TON HAME 100G}",0.000100807545987627,0.257936507936508,0.000390823101367416,59.1660102319121,65
"{PASTA DE TON CU LEGUME HAME 100G,PASTA DE TON HAME 100G} => {PASTA DE TON PICANT HAME 100G}",0.000100807545987627,0.274261603375527,0.000367559821524117,106.659808217923,65
"{PASTA DE TON HAME 100G,PASTA DE TON PICANT HAME 100G} => {PASTA DE TON CU LEGUME HAME 100G}",0.000100807545987627,0.165394402035623,0.000609497931894422,97.0383554793046,65
"{BERE BLONDA FARA ALCOOL CU GUST DE SOC&LAMAIE SOPRONI DOZA 500ML,BERE FARA ALC.CU GUST DE VISINE&LAMAIE SOPRONI RADLER 500ML} => {BERE BLONDA FARA ALCOOL CU GUST DE LAMAIE SOPRONI DOZA 500ML}",0.000114765513893606,0.275092936802974,0.000417188151856487,73.9075,74
"{BERE BLONDA FARA ALCOOL CU GUST DE LAMAIE SOPRONI DOZA 500ML,BERE BLONDA FARA ALCOOL CU GUST DE SOC&LAMAIE SOPRONI DOZA 500ML} => {BERE FARA ALC.CU GUST DE VISINE&LAMAIE SOPRONI RADLER 500ML}",0.000114765513893606,0.247491638795987,0.000463714711543084,93.7607968590955,74
"{BERE BLONDA FARA ALCOOL CU GUST DE LAMAIE SOPRONI DOZA 500ML,BERE FARA ALC.CU GUST DE VISINE&LAMAIE SOPRONI RADLER 500ML} => {BERE BLONDA FARA ALCOOL CU GUST DE SOC&LAMAIE SOPRONI DOZA 500ML}",0.000114765513893606,0.209631728045326,0.000547462518978959,90.8394293155442,74
"{BERE BLONDA FARA ALCOOL CU GUST DE SOC&LAMAIE SOPRONI DOZA 500ML,BERE FARA ALC.CU GUST DE VISINE&LAMAIE SOPRONI RADLER 500ML} => {BERE BLONDA FARA ALCOOL CU GUST DE LIME&MENTA SOPRONI DOZA 500ML}",0.000203165977298141,0.486988847583643,0.000417188151856487,112.065310492505,131
"{BERE BLONDA FARA ALCOOL CU GUST DE LIME&MENTA SOPRONI DOZA 500ML,BERE BLONDA FARA ALCOOL CU GUST DE SOC&LAMAIE SOPRONI DOZA 500ML} => {BERE FARA ALC.CU GUST DE VISINE&LAMAIE SOPRONI RADLER 500ML}",0.000203165977298141,0.252895752895753,0.000803358597255243,95.8081146867868,131
"{BERE BLONDA FARA ALCOOL CU GUST DE LIME&MENTA SOPRONI DOZA 500ML,BERE FARA ALC.CU GUST DE VISINE&LAMAIE SOPRONI RADLER 500ML} => {BERE BLONDA FARA ALCOOL CU GUST DE SOC&LAMAIE SOPRONI DOZA 500ML}",0.000203165977298141,0.297727272727273,0.000682389542070091,129.013750916422,131
"{BERE BLONDA FARA ALCOOL CU GUST DE LAMAIE SOPRONI DOZA 500ML,BERE BLONDA FARA ALCOOL CU GUST DE SOC&LAMAIE SOPRONI DOZA 500ML} => {BERE BLONDA FARA ALCOOL CU GUST DE LIME&MENTA SOPRONI DOZA 500ML}",0.000232632798432985,0.501672240802676,0.000463714711543084,115.444235961413,150
"{BERE BLONDA FARA ALCOOL CU GUST DE LIME&MENTA SOPRONI DOZA 500ML,BERE BLONDA FARA ALCOOL CU GUST DE SOC&LAMAIE SOPRONI DOZA 500ML} => {BERE BLONDA FARA ALCOOL CU GUST DE LAMAIE SOPRONI DOZA 500ML}",0.000232632798432985,0.28957528957529,0.000803358597255243,77.7983832046332,150
"{BERE BLONDA FARA ALCOOL CU GUST DE LAMAIE SOPRONI DOZA 500ML,BERE BLONDA FARA ALCOOL CU GUST DE LIME&MENTA SOPRONI DOZA 500ML} => {BERE BLONDA FARA ALCOOL CU GUST DE SOC&LAMAIE SOPRONI DOZA 500ML}",0.000232632798432985,0.23961661341853,0.000970854212126993,103.832738586004,150
"{BERE TILTOTT BARNA SOR 7% 500ML,BERE TILTOTT CSIKI GOLD STICLA 500ML} => {STICLA BERE 500ML CSIKI}",0.000130274367122472,0.362068965517241,0.000359805394909684,35.0908664486335,84
"{BERE TILTOTT BARNA SOR 7% 500ML,STICLA BERE 500ML CSIKI} => {BERE TILTOTT CSIKI GOLD STICLA 500ML}",0.000130274367122472,0.139303482587065,0.000935183849700602,43.9872235297557,84
"{BERE TILTOTT CSIKI GOLD STICLA 500ML,STICLA BERE 500ML CSIKI} => {BERE TILTOTT BARNA SOR 7% 500ML}",0.000130274367122472,0.1,0.00130274367122472,36.4701923076923,84
"{BERE TILTOTT BARNA SOR 7% 500ML,BERE TILTOTT CSIKI GOLD STICLA 500ML} => {BERE TILTOTT IGAZI SOR 6% 500ML}",0.000150435876319997,0.418103448275862,0.000359805394909684,20.6963132753061,97
"{BERE TILTOTT BARNA SOR 7% 500ML,BERE TILTOTT IGAZI SOR 6% 500ML} => {BERE TILTOTT CSIKI GOLD STICLA 500ML}",0.000150435876319997,0.130727762803235,0.00115075690958183,41.2793077185044,97
"{BERE TILTOTT CSIKI GOLD STICLA 500ML,BERE TILTOTT IGAZI SOR 6% 500ML} => {BERE TILTOTT BARNA SOR 7% 500ML}",0.000150435876319997,0.178308823529412,0.000843681615650294,65.0295708427602,97
"{BERE 6% SZEKELY SOR 500ML,BERE TILTOTT BARNA SOR 7% 500ML} => {BERE TILTOTT CSIKI VADMALNA CU VITAMINE STICLA 500ML}",0.000107011087279173,0.24468085106383,0.000437349661054013,53.3542441663849,69
"{BERE TILTOTT BARNA SOR 7% 500ML,BERE TILTOTT CSIKI VADMALNA CU VITAMINE STICLA 500ML} => {BERE 6% SZEKELY SOR 500ML}",0.000107011087279173,0.26953125,0.000397026642658962,64.0825454576881,69
"{BERE 6% SZEKELY SOR 500ML,BERE TILTOTT CSIKI VADMALNA CU VITAMINE STICLA 500ML} => {BERE TILTOTT BARNA SOR 7% 500ML}",0.000107011087279173,0.257462686567164,0.000415637266533601,93.8971369115959,69
"{BERE 6% SZEKELY SOR 500ML,BERE TILTOTT BARNA SOR 7% 500ML} => {BERE TILTOTT CSIKI KREM SOR 4.5% 500ML}",0.000141130564382678,0.322695035460993,0.000437349661054013,61.981382186476,91
"{BERE TILTOTT BARNA SOR 7% 500ML,BERE TILTOTT CSIKI KREM SOR 4.5% 500ML} => {BERE 6% SZEKELY SOR 500ML}",0.000141130564382678,0.306397306397306,0.000460612940897311,72.8476542713268,91
"{BERE 6% SZEKELY SOR 500ML,BERE TILTOTT CSIKI KREM SOR 4.5% 500ML} => {BERE TILTOTT BARNA SOR 7% 500ML}",0.000141130564382678,0.238845144356955,0.000590887308019783,87.1072834645669,91
"{BERE 6% SZEKELY SOR 500ML,BERE TILTOTT BARNA SOR 7% 500ML} => {STICLA BERE 500ML CSIKI}",0.000144232335028451,0.329787234042553,0.000437349661054013,31.962197504885,93
"{BERE TILTOTT BARNA SOR 7% 500ML,STICLA BERE 500ML CSIKI} => {BERE 6% SZEKELY SOR 500ML}",0.000144232335028451,0.154228855721393,0.000935183849700602,36.6687634834676,93
"{BERE 6% SZEKELY SOR 500ML,STICLA BERE 500ML CSIKI} => {BERE TILTOTT BARNA SOR 7% 500ML}",0.000144232335028451,0.117424242424242,0.00122830117572616,42.824847027972,93
"{BERE 6% SZEKELY SOR 500ML,BERE TILTOTT BARNA SOR 7% 500ML} => {BERE TILTOTT IGAZI SOR 6% 500ML}",0.000220225715849893,0.50354609929078,0.000437349661054013,24.9257638569016,142
"{BERE TILTOTT BARNA SOR 7% 500ML,BERE TILTOTT IGAZI SOR 6% 500ML} => {BERE 6% SZEKELY SOR 500ML}",0.000220225715849893,0.191374663072776,0.00115075690958183,45.5003846337333,142
"{BERE 6% SZEKELY SOR 500ML,BERE TILTOTT IGAZI SOR 6% 500ML} => {BERE TILTOTT BARNA SOR 7% 500ML}",0.000220225715849893,0.178841309823678,0.00123140294637194,65.223769618291,142
"{BERE TILTOTT BARNA SOR 7% 500ML,BERE TILTOTT CSIKI VADMALNA CU VITAMINE STICLA 500ML} => {BERE TILTOTT CSIKI KREM SOR 4.5% 500ML}",0.000119418169862266,0.30078125,0.000397026642658962,57.7723099586685,77
"{BERE TILTOTT BARNA SOR 7% 500ML,BERE TILTOTT CSIKI KREM SOR 4.5% 500ML} => {BERE TILTOTT CSIKI VADMALNA CU VITAMINE STICLA 500ML}",0.000119418169862266,0.259259259259259,0.000460612940897311,56.533160485477,77
"{BERE TILTOTT CSIKI KREM SOR 4.5% 500ML,BERE TILTOTT CSIKI VADMALNA CU VITAMINE STICLA 500ML} => {BERE TILTOTT BARNA SOR 7% 500ML}",0.000119418169862266,0.222543352601156,0.000536606321718753,81.1619886616274,77
"{BERE TILTOTT BARNA SOR 7% 500ML,BERE TILTOTT CSIKI VADMALNA CU VITAMINE STICLA 500ML} => {STICLA BERE 500ML CSIKI}",0.000141130564382678,0.35546875,0.000397026642658962,34.4511891956636,91
"{BERE TILTOTT BARNA SOR 7% 500ML,STICLA BERE 500ML CSIKI} => {BERE TILTOTT CSIKI VADMALNA CU VITAMINE STICLA 500ML}",0.000141130564382678,0.150912106135987,0.000935183849700602,32.9073620736359,91
"{BERE TILTOTT BARNA SOR 7% 500ML,BERE TILTOTT CSIKI VADMALNA CU VITAMINE STICLA 500ML} => {BERE TILTOTT IGAZI SOR 6% 500ML}",0.000187657124069275,0.47265625,0.000397026642658962,23.3967020886112,121
"{BERE TILTOTT BARNA SOR 7% 500ML,BERE TILTOTT IGAZI SOR 6% 500ML} => {BERE TILTOTT CSIKI VADMALNA CU VITAMINE STICLA 500ML}",0.000187657124069275,0.163072776280323,0.00115075690958183,35.559074953033,121
"{BERE TILTOTT CSIKI VADMALNA CU VITAMINE STICLA 500ML,BERE TILTOTT IGAZI SOR 6% 500ML} => {BERE TILTOTT BARNA SOR 7% 500ML}",0.000187657124069275,0.149938042131351,0.00125156445556946,54.6826923076923,121
"{BERE TILTOTT BARNA SOR 7% 500ML,BERE TILTOTT CSIKI KREM SOR 4.5% 500ML} => {STICLA BERE 500ML CSIKI}",0.000131825252445358,0.286195286195286,0.000460612940897311,27.7373691825819,85
"{BERE TILTOTT BARNA SOR 7% 500ML,STICLA BERE 500ML CSIKI} => {BERE TILTOTT CSIKI KREM SOR 4.5% 500ML}",0.000131825252445358,0.140961857379768,0.000935183849700602,27.075132232789,85
"{BERE TILTOTT CSIKI KREM SOR 4.5% 500ML,STICLA BERE 500ML CSIKI} => {BERE TILTOTT BARNA SOR 7% 500ML}",0.000131825252445358,0.107731305449937,0.0012236485197575,39.2898142731793,85
"{BERE TILTOTT BARNA SOR 7% 500ML,BERE TILTOTT CSIKI KREM SOR 4.5% 500ML} => {BERE TILTOTT IGAZI SOR 6% 500ML}",0.000215573059881233,0.468013468013468,0.000460612940897311,23.1668822417325,139
"{BERE TILTOTT BARNA SOR 7% 500ML,BERE TILTOTT IGAZI SOR 6% 500ML} => {BERE TILTOTT CSIKI KREM SOR 4.5% 500ML}",0.000215573059881233,0.18733153638814,0.00115075690958183,35.9815499977117,139
"{BERE TILTOTT CSIKI KREM SOR 4.5% 500ML,BERE TILTOTT IGAZI SOR 6% 500ML} => {BERE TILTOTT BARNA SOR 7% 500ML}",0.000215573059881233,0.17617237008872,0.0012236485197575,64.2504021643755,139
"{BERE TILTOTT BARNA SOR 7% 500ML,STICLA BERE 500ML CSIKI} => {BERE TILTOTT IGAZI SOR 6% 500ML}",0.000314829720545974,0.33665008291874,0.000935183849700602,16.6643341713053,203
"{BERE TILTOTT BARNA SOR 7% 500ML,BERE TILTOTT IGAZI SOR 6% 500ML} => {STICLA BERE 500ML CSIKI}",0.000314829720545974,0.273584905660377,0.00115075690958183,26.5152009733161,203
"{_PATRUNJEL RADACINA KG,_VARZA ROSIE} => {_MORCOVI}",0.00015353764696577,0.755725190839695,0.000203165977298141,26.3540461318063,99
"{_MORCOVI,_VARZA ROSIE} => {_PATRUNJEL RADACINA KG}",0.00015353764696577,0.480582524271845,0.000319482376514633,30.5718476295201,99
"{_PATRUNJEL RADACINA KG,CONSERVA MAZARE VERDE GREEN PEAS 400G} => {_MORCOVI}",0.000119418169862266,0.810526315789474,0.000147334105674224,28.2650997694344,77
"{_MORCOVI,CONSERVA MAZARE VERDE GREEN PEAS 400G} => {_PATRUNJEL RADACINA KG}",0.000119418169862266,0.466666666666667,0.000255896078276284,29.6866022099448,77
"{_PATRUNJEL RADACINA KG,SPATE PORC FARA OS} => {_MORCOVI}",0.0001039093166334,0.697916666666667,0.000148884990997111,24.3381168875068,67
"{_MORCOVI,SPATE PORC FARA OS} => {_PATRUNJEL RADACINA KG}",0.0001039093166334,0.475177304964539,0.000218674830527006,30.227999210734,67
"{_PATRUNJEL RADACINA KG,OASE CU MADUVA} => {_MORCOVI}",0.000169046500194636,0.736486486486487,0.000229531027787212,25.6831439200152,109
"{_MORCOVI,OASE CU MADUVA} => {_PATRUNJEL RADACINA KG}",0.000169046500194636,0.490990990990991,0.000344296541680818,31.233973367606,109
"{_PATRUNJEL RADACINA KG,PULPE PUI REFR.GALBEN VRAC} => {_MORCOVI}",0.00016284295890309,0.772058823529412,0.000210920403912573,26.9236411573824,105
"{_MORCOVI,PULPE PUI REFR.GALBEN VRAC} => {_PATRUNJEL RADACINA KG}",0.00016284295890309,0.507246376811594,0.00032103326183752,32.2680458803747,105
"{_TELINA,_VARZA PROASPATA} => {_MORCOVI}",0.000119418169862266,0.762376237623762,0.000156639417611544,26.5859849316462,77
"{_MORCOVI,_VARZA PROASPATA} => {_TELINA}",0.000119418169862266,0.245222929936306,0.000486977991386383,31.0827656108552,77
"{_PATRUNJEL RADACINA KG,_VARZA PROASPATA} => {_MORCOVI}",0.000184555353423502,0.772727272727273,0.000238836339724532,26.9469516692069,119
"{_MORCOVI,_VARZA PROASPATA} => {_PATRUNJEL RADACINA KG}",0.000184555353423502,0.378980891719745,0.000486977991386383,24.1085463806876,119
"{ARIPI PUI REFRIGERAT VRAC SZEKELY CSURKE,PULPE PUI CU SPATE REFR.VRAC SZEKELY CSURKE} => {PIEPT DE PUI FARA OS REFR.VRAC SZEKELY CSURKE}",0.000107011087279173,0.191135734072022,0.000559869601562052,7.5184836127075,69
"{ARIPI PUI REFRIGERAT VRAC SZEKELY CSURKE,PIEPT DE PUI FARA OS REFR.VRAC SZEKELY CSURKE} => {PULPE PUI CU SPATE REFR.VRAC SZEKELY CSURKE}",0.000107011087279173,0.261363636363636,0.000409433725242054,12.0538905072468,69
"{ARIPI PUI REFRIGERAT VRAC SZEKELY CSURKE,PULPE PUI CU SPATE REFR.VRAC SZEKELY CSURKE} => {CARNE TOCATA PORC VRAC}",0.00015819030293443,0.282548476454294,0.000559869601562052,5.13805854189163,102
"{ARIPI PUI REFRIGERAT VRAC SZEKELY CSURKE,CARNE TOCATA PORC VRAC} => {PULPE PUI CU SPATE REFR.VRAC SZEKELY CSURKE}",0.00015819030293443,0.258227848101266,0.000612599702540195,11.9092703569673,102
"{_PATRUNJEL RADACINA KG,ARIPI PUI REFRIGERAT VRAC SZEKELY CSURKE} => {_MORCOVI}",0.000116316399216493,0.75,0.000155088532288657,26.1543942671714,75
"{_MORCOVI,ARIPI PUI REFRIGERAT VRAC SZEKELY CSURKE} => {_PATRUNJEL RADACINA KG}",0.000116316399216493,0.480769230769231,0.000241938110370305,30.5837248042013,75
"{ARIPI PUI REFRIGERAT VRAC SZEKELY CSURKE,PIEPT DE PUI FARA OS REFR.VRAC SZEKELY CSURKE} => {CARNE TOCATA PORC VRAC}",0.000124070825830926,0.303030303030303,0.000409433725242054,5.51051436013927,80
"{ARIPI PUI REFRIGERAT VRAC SZEKELY CSURKE,CARNE TOCATA PORC VRAC} => {PIEPT DE PUI FARA OS REFR.VRAC SZEKELY CSURKE}",0.000124070825830926,0.20253164556962,0.000612599702540195,7.96675130196267,80
"{BATON CIOCOLATA SPORT 31G,BATON CIOCOLATA SPORT XL 42G} => {BATON CIOCOLATA SPORT XXL 51G}",0.000130274367122472,0.383561643835616,0.000339643885712159,115.731335055545,84
"{BATON CIOCOLATA SPORT 31G,BATON CIOCOLATA SPORT XXL 51G} => {BATON CIOCOLATA SPORT XL 42G}",0.000130274367122472,0.482758620689655,0.000269854046182263,158.009837213373,84
"{BATON CIOCOLATA SPORT XL 42G,BATON CIOCOLATA SPORT XXL 51G} => {BATON CIOCOLATA SPORT 31G}",0.000130274367122472,0.247787610619469,0.000525750124458547,101.442359882006,84
"{IAURT FARA LACTOZA NATUR MIZO 150G,SMANTANA FARA LACTOZA 20% MIZO 150G} => {LAPTE UHT 1.5% GRASIME FARA LACTOZA MIZO 1L}",0.000190758894715048,0.240704500978474,0.000792502399995037,42.1866206304466,123
"{LAPTE UHT 1.5% GRASIME FARA LACTOZA MIZO 1L,SMANTANA FARA LACTOZA 20% MIZO 150G} => {IAURT FARA LACTOZA NATUR MIZO 150G}",0.000190758894715048,0.263948497854077,0.000722712560465141,80.2414633554097,123
"{IAURT FARA LACTOZA NATUR MIZO 150G,LAPTE UHT 1.5% GRASIME FARA LACTOZA MIZO 1L} => {SMANTANA FARA LACTOZA 20% MIZO 150G}",0.000190758894715048,0.312182741116751,0.000611048817217308,96.8687421524992,123
"{BRANZA CIOCOLATA POTTYOS CU CR.DE CAISE 30G,BRANZA CIOCOLATA POTTYOS CU CR.DE CAPSUNI 30G} => {BRANZA CIOCOLATA POTTYOS NATUR 30G}",0.00015353764696577,0.133964817320704,0.00114610425361318,30.3192616548503,99
"{BRANZA CIOCOLATA POTTYOS CU CR.DE CAISE 30G,BRANZA CIOCOLATA POTTYOS NATUR 30G} => {BRANZA CIOCOLATA POTTYOS CU CR.DE CAPSUNI 30G}",0.00015353764696577,0.441964285714286,0.000347398312326592,130.782688241657,99
"{BRANZA CIOCOLATA POTTYOS CU CR.DE CAPSUNI 30G,BRANZA CIOCOLATA POTTYOS NATUR 30G} => {BRANZA CIOCOLATA POTTYOS CU CR.DE CAISE 30G}",0.00015353764696577,0.391304347826087,0.000392373986690302,149.472929116011,99
"{BRANZA CIOCOLATA POTTYOS CU CR.DE CAISE 30G,BRANZA CIOCOLATA POTTYOS CU CR.DE CAPSUNI 30G} => {BRANZA CIOCOLATA POTTYOS URIAS DE CASTANE 51G}",0.000114765513893606,0.100135317997294,0.00114610425361318,22.5678266680982,74
"{BRANZA CIOCOLATA POTTYOS CU CR.DE CAISE 30G,BRANZA CIOCOLATA POTTYOS URIAS DE CASTANE 51G} => {BRANZA CIOCOLATA POTTYOS CU CR.DE CAPSUNI 30G}",0.000114765513893606,0.41340782122905,0.000277608472796696,122.332477867711,74
"{BRANZA CIOCOLATA POTTYOS CU CR.DE CAPSUNI 30G,BRANZA CIOCOLATA POTTYOS URIAS DE CASTANE 51G} => {BRANZA CIOCOLATA POTTYOS CU CR.DE CAISE 30G}",0.000114765513893606,0.425287356321839,0.000269854046182263,162.453975322765,74
"{BRANZA CIOCOLATA AMARA POTTYOS CU COCOS 51G,BRANZA CIOCOLATA POTTYOS URIAS DE CARAMEL SARAT 51G} => {BRANZA CIOCOLATA POTTYOS URIAS DE CASTANE 51G}",0.0001039093166334,0.297777777777778,0.000348949197649478,67.1111592683211,67
"{BRANZA CIOCOLATA POTTYOS URIAS DE CARAMEL SARAT 51G,BRANZA CIOCOLATA POTTYOS URIAS DE CASTANE 51G} => {BRANZA CIOCOLATA AMARA POTTYOS CU COCOS 51G}",0.0001039093166334,0.226351351351351,0.000459062055574425,78.8491447281966,67
"{BRANZA CIOCOLATA AMARA POTTYOS CU COCOS 51G,BRANZA CIOCOLATA POTTYOS URIAS DE CASTANE 51G} => {BRANZA CIOCOLATA POTTYOS URIAS DE CARAMEL SARAT 51G}",0.0001039093166334,0.191428571428571,0.000542809863010299,68.1943662194159,67
"{BERE 6% SZEKELY SOR 500ML,BERE TILTOTT CSIKI GOLD STICLA 500ML} => {BERE TILTOTT CSIKI KREM SOR 4.5% 500ML}",0.000151986761642884,0.392,0.000387721330721642,75.2930759606792,98
"{BERE TILTOTT CSIKI GOLD STICLA 500ML,BERE TILTOTT CSIKI KREM SOR 4.5% 500ML} => {BERE 6% SZEKELY SOR 500ML}",0.000151986761642884,0.343859649122807,0.000442002317022672,81.7545334575376,98
"{BERE 6% SZEKELY SOR 500ML,BERE TILTOTT CSIKI KREM SOR 4.5% 500ML} => {BERE TILTOTT CSIKI GOLD STICLA 500ML}",0.000151986761642884,0.257217847769029,0.000590887308019783,81.2205032891946,98
"{BERE 6% SZEKELY SOR 500ML,BERE TILTOTT CSIKI GOLD STICLA 500ML} => {STICLA BERE 500ML CSIKI}",0.000127172596476699,0.328,0.000387721330721642,31.7889830151811,82
"{BERE 6% SZEKELY SOR 500ML,STICLA BERE 500ML CSIKI} => {BERE TILTOTT CSIKI GOLD STICLA 500ML}",0.000127172596476699,0.103535353535354,0.00122830117572616,32.6928850206274,82
"{BERE 6% SZEKELY SOR 500ML,BERE TILTOTT CSIKI GOLD STICLA 500ML} => {BERE TILTOTT IGAZI SOR 6% 500ML}",0.000195411550683708,0.504,0.000387721330721642,24.9482321510825,126
"{BERE TILTOTT CSIKI GOLD STICLA 500ML,BERE TILTOTT IGAZI SOR 6% 500ML} => {BERE 6% SZEKELY SOR 500ML}",0.000195411550683708,0.231617647058824,0.000843681615650294,55.068376659292,126
"{BERE 6% SZEKELY SOR 500ML,BERE TILTOTT IGAZI SOR 6% 500ML} => {BERE TILTOTT CSIKI GOLD STICLA 500ML}",0.000195411550683708,0.158690176322418,0.00123140294637194,50.1088711368565,126
"{BERE TILTOTT CSIKI GOLD STICLA 500ML,BERE TILTOTT CSIKI VADMALNA CU VITAMINE STICLA 500ML} => {STICLA BERE 500ML CSIKI}",0.000178351812131956,0.432330827067669,0.000412535495887828,41.9004796298577,115
"{BERE TILTOTT CSIKI GOLD STICLA 500ML,STICLA BERE 500ML CSIKI} => {BERE TILTOTT CSIKI VADMALNA CU VITAMINE STICLA 500ML}",0.000178351812131956,0.136904761904762,0.00130274367122472,29.8529699502391,115
"{BERE TILTOTT CSIKI GOLD STICLA 500ML,BERE TILTOTT CSIKI VADMALNA CU VITAMINE STICLA 500ML} => {BERE TILTOTT IGAZI SOR 6% 500ML}",0.000127172596476699,0.308270676691729,0.000412535495887828,15.2595404910249,82
"{BERE TILTOTT CSIKI GOLD STICLA 500ML,BERE TILTOTT IGAZI SOR 6% 500ML} => {BERE TILTOTT CSIKI VADMALNA CU VITAMINE STICLA 500ML}",0.000127172596476699,0.150735294117647,0.000843681615650294,32.8688070679743,82
"{BERE TILTOTT CSIKI VADMALNA CU VITAMINE STICLA 500ML,BERE TILTOTT IGAZI SOR 6% 500ML} => {BERE TILTOTT CSIKI GOLD STICLA 500ML}",0.000127172596476699,0.101610904584882,0.00125156445556946,32.0852105778648,82
"{BERE TILTOTT CSIKI GOLD STICLA 500ML,BERE TILTOTT CSIKI KREM SOR 4.5% 500ML} => {STICLA BERE 500ML CSIKI}",0.00015819030293443,0.357894736842105,0.000442002317022672,34.6863100935866,102
"{BERE TILTOTT CSIKI GOLD STICLA 500ML,STICLA BERE 500ML CSIKI} => {BERE TILTOTT CSIKI KREM SOR 4.5% 500ML}",0.00015819030293443,0.121428571428571,0.00130274367122472,23.3232924805311,102
"{BERE TILTOTT CSIKI KREM SOR 4.5% 500ML,STICLA BERE 500ML CSIKI} => {BERE TILTOTT CSIKI GOLD STICLA 500ML}",0.00015819030293443,0.129277566539924,0.0012236485197575,40.8213858775598,102
"{BERE TILTOTT CSIKI GOLD STICLA 500ML,BERE TILTOTT CSIKI KREM SOR 4.5% 500ML} => {BERE TILTOTT IGAZI SOR 6% 500ML}",0.000187657124069275,0.424561403508772,0.000442002317022672,21.0159850339806,121
"{BERE TILTOTT CSIKI GOLD STICLA 500ML,BERE TILTOTT IGAZI SOR 6% 500ML} => {BERE TILTOTT CSIKI KREM SOR 4.5% 500ML}",0.000187657124069275,0.222426470588235,0.000843681615650294,42.7223804736372,121
"{BERE TILTOTT CSIKI KREM SOR 4.5% 500ML,BERE TILTOTT IGAZI SOR 6% 500ML} => {BERE TILTOTT CSIKI GOLD STICLA 500ML}",0.000187657124069275,0.153358681875792,0.0012236485197575,48.425369521419,121
"{BERE TILTOTT CSIKI GOLD STICLA 500ML,STICLA BERE 500ML CSIKI} => {BERE TILTOTT IGAZI SOR 6% 500ML}",0.000272955816828036,0.20952380952381,0.00130274367122472,10.3715250817047,176
"{BERE TILTOTT CSIKI GOLD STICLA 500ML,BERE TILTOTT IGAZI SOR 6% 500ML} => {STICLA BERE 500ML CSIKI}",0.000272955816828036,0.323529411764706,0.000843681615650294,31.3557041935969,176
"{_PATRUNJEL RADACINA KG,VARZA MURATA KODO} => {_MORCOVI}",0.000102358431310514,0.804878048780488,0.000127172596476699,28.068130433062,66
"{_MORCOVI,VARZA MURATA KODO} => {_PATRUNJEL RADACINA KG}",0.000102358431310514,0.488888888888889,0.000209369518589687,31.1002499342278,66
"{_ARDEI GRAS ROMANIA,_TELINA} => {_MORCOVI}",0.000110112857924946,0.771739130434783,0.000142681449705564,26.9124926517271,71
"{_ARDEI GRAS ROMANIA,_MORCOVI} => {_TELINA}",0.000110112857924946,0.288617886178862,0.000381517789430096,36.5832106709115,71
"{_ARDEI GRAS ROMANIA,_PATRUNJEL RADACINA KG} => {_MORCOVI}",0.000161292073580203,0.781954887218045,0.000206267747943914,27.2687418925898,104
"{_ARDEI GRAS ROMANIA,_MORCOVI} => {_PATRUNJEL RADACINA KG}",0.000161292073580203,0.422764227642276,0.000381517789430096,26.893785974166,104
"{BERE BLONDA FARA ALCOOL CU GUST DE LAMAIE SOPRONI DOZA 500ML,BERE FARA ALC.CU GUST DE VISINE&LAMAIE SOPRONI RADLER 500ML} => {BERE BLONDA FARA ALCOOL CU GUST DE LIME&MENTA SOPRONI DOZA 500ML}",0.000220225715849893,0.402266288951841,0.000547462518978959,92.5690532662829,142
"{BERE BLONDA FARA ALCOOL CU GUST DE LIME&MENTA SOPRONI DOZA 500ML,BERE FARA ALC.CU GUST DE VISINE&LAMAIE SOPRONI RADLER 500ML} => {BERE BLONDA FARA ALCOOL CU GUST DE LAMAIE SOPRONI DOZA 500ML}",0.000220225715849893,0.322727272727273,0.000682389542070091,86.7051193181818,142
"{BERE BLONDA FARA ALCOOL CU GUST DE LAMAIE SOPRONI DOZA 500ML,BERE BLONDA FARA ALCOOL CU GUST DE LIME&MENTA SOPRONI DOZA 500ML} => {BERE FARA ALC.CU GUST DE VISINE&LAMAIE SOPRONI RADLER 500ML}",0.000220225715849893,0.226837060702875,0.000970854212126993,85.9359276626258,142
"{CHIO POPCORN MICROUNDE CASCAVAL 80G,CHIO POPCORN MICROUNDE UNT 80G} => {CHIO POPCORN MICROUNDE SARE 80G}",0.000173699156163296,0.266666666666667,0.000651371835612359,120.241118881119,112
"{CHIO POPCORN MICROUNDE CASCAVAL 80G,CHIO POPCORN MICROUNDE SARE 80G} => {CHIO POPCORN MICROUNDE UNT 80G}",0.000173699156163296,0.383561643835616,0.000452858514282878,179.47595284013,112
"{CHIO POPCORN MICROUNDE SARE 80G,CHIO POPCORN MICROUNDE UNT 80G} => {CHIO POPCORN MICROUNDE CASCAVAL 80G}",0.000173699156163296,0.35,0.000496283303323702,163.534456521739,112
"{_CARTOFI NOI,_TELINA} => {_MORCOVI}",0.000102358431310514,0.666666666666667,0.00015353764696577,23.248350459708,66
"{_CARTOFI NOI,_MORCOVI} => {_TELINA}",0.000102358431310514,0.23321554770318,0.000438900546376899,29.5607927364216,66
"{_CARTOFI NOI,_PATRUNJEL RADACINA KG} => {_MORCOVI}",0.00016749561487175,0.701298701298701,0.000238836339724532,24.4560569770954,108
"{_CARTOFI NOI,_MORCOVI} => {_PATRUNJEL RADACINA KG}",0.00016749561487175,0.381625441696113,0.000438900546376899,24.2767771732007,108
"{_ARDEI ALB BIANCA,_TELINA} => {_MORCOVI}",0.000127172596476699,0.689075630252101,0.000184555353423502,24.0298076180175,82
"{_ARDEI ALB BIANCA,_MORCOVI} => {_TELINA}",0.000127172596476699,0.249240121580547,0.000510241271229681,31.5919570894998,82
"{_ARDEI ALB BIANCA,_PATRUNJEL RADACINA KG} => {_MORCOVI}",0.00021712394520412,0.765027322404372,0.000283812014088242,26.6784349537632,140
"{_ARDEI ALB BIANCA,_MORCOVI} => {_PATRUNJEL RADACINA KG}",0.00021712394520412,0.425531914893617,0.000510241271229681,27.0698500394633,140
"{_ARDEI ALB BIANCA,_MORCOVI} => {CARNE TOCATA PORC VRAC}",0.000117867284539379,0.231003039513678,0.000510241271229681,4.2007203693706,76
"{_ARDEI ALB BIANCA,CARNE TOCATA PORC VRAC} => {_MORCOVI}",0.000117867284539379,0.229607250755287,0.000513343041875455,8.00698475047343,76
"{_TELINA,_VARZA NOUA} => {_PATRUNJEL RADACINA KG}",0.00010856197260206,0.588235294117647,0.000184555353423502,37.4200868192581,70
"{_PATRUNJEL RADACINA KG,_VARZA NOUA} => {_TELINA}",0.00010856197260206,0.409356725146199,0.000265201390213603,51.8872323328471,70
"{_TELINA,_VARZA NOUA} => {_MORCOVI}",0.000130274367122472,0.705882352941177,0.000184555353423502,24.6159004867496,84
"{_MORCOVI,_VARZA NOUA} => {_TELINA}",0.000130274367122472,0.253012048192771,0.000514893927198341,32.0700604659645,84
"{_PATRUNJEL RADACINA KG,_VARZA NOUA} => {_MORCOVI}",0.000214022174558347,0.807017543859649,0.000265201390213603,28.1427400301728,138
"{_MORCOVI,_VARZA NOUA} => {_PATRUNJEL RADACINA KG}",0.000214022174558347,0.41566265060241,0.000514893927198341,26.4420252042107,138
"{_PATRUNJEL RADACINA KG,GRIS GYERMELYI 1KG} => {_MORCOVI}",0.000110112857924946,0.696078431372549,0.00015819030293443,24.2740129799892,71
"{_MORCOVI,GRIS GYERMELYI 1KG} => {_PATRUNJEL RADACINA KG}",0.000110112857924946,0.47972972972973,0.000229531027787212,30.5175978316517,71
"{CHIPS DIN CARTOFI CU GUST DE CASCAVAL CSIKI CSIPSZ 140G,CHIPS DIN CARTOFI CU GUST DE PAPRIKA CSIKI CSIPSZ 140G} => {CHIPS DIN CARTOFI CU SARE CSIKI CSIPSZ 140G}",0.000100807545987627,0.22108843537415,0.000455960284928652,47.7255693037175,65
"{CHIPS DIN CARTOFI CU GUST DE PAPRIKA CSIKI CSIPSZ 140G,CHIPS DIN CARTOFI CU SARE CSIKI CSIPSZ 140G} => {CHIPS DIN CARTOFI CU GUST DE CASCAVAL CSIKI CSIPSZ 140G}",0.000100807545987627,0.211726384364821,0.000476121794126177,55.9277716320139,65
"{CHIPS DIN CARTOFI CU GUST DE CASCAVAL CSIKI CSIPSZ 140G,CHIPS DIN CARTOFI CU SARE CSIKI CSIPSZ 140G} => {CHIPS DIN CARTOFI CU GUST DE PAPRIKA CSIKI CSIPSZ 140G}",0.000100807545987627,0.190615835777126,0.00052885189510432,58.4996461676537,65
"{BERE 6% SZEKELY SOR 500ML,BERE TILTOTT CSIKI VADMALNA CU VITAMINE STICLA 500ML} => {BERE TILTOTT CSIKI KREM SOR 4.5% 500ML}",0.0001039093166334,0.25,0.000415637266533601,48.0185433422699,67
"{BERE 6% SZEKELY SOR 500ML,BERE TILTOTT CSIKI KREM SOR 4.5% 500ML} => {BERE TILTOTT CSIKI VADMALNA CU VITAMINE STICLA 500ML}",0.0001039093166334,0.175853018372703,0.000590887308019783,38.345889508147,67
"{BERE TILTOTT CSIKI KREM SOR 4.5% 500ML,BERE TILTOTT CSIKI VADMALNA CU VITAMINE STICLA 500ML} => {BERE 6% SZEKELY SOR 500ML}",0.0001039093166334,0.19364161849711,0.000536606321718753,46.0393658243388,67
"{BERE 6% SZEKELY SOR 500ML,BERE TILTOTT CSIKI VADMALNA CU VITAMINE STICLA 500ML} => {STICLA BERE 500ML CSIKI}",0.000147334105674224,0.354477611940299,0.000415637266533601,34.3551304427808,95
"{BERE 6% SZEKELY SOR 500ML,STICLA BERE 500ML CSIKI} => {BERE TILTOTT CSIKI VADMALNA CU VITAMINE STICLA 500ML}",0.000147334105674224,0.119949494949495,0.00122830117572616,26.1557641856509,95
"{BERE 6% SZEKELY SOR 500ML,BERE TILTOTT CSIKI VADMALNA CU VITAMINE STICLA 500ML} => {BERE TILTOTT IGAZI SOR 6% 500ML}",0.000161292073580203,0.388059701492537,0.000415637266533601,19.2091339708642,104
"{BERE 6% SZEKELY SOR 500ML,BERE TILTOTT IGAZI SOR 6% 500ML} => {BERE TILTOTT CSIKI VADMALNA CU VITAMINE STICLA 500ML}",0.000161292073580203,0.130982367758186,0.00123140294637194,28.5615535522165,104
"{BERE TILTOTT CSIKI VADMALNA CU VITAMINE STICLA 500ML,BERE TILTOTT IGAZI SOR 6% 500ML} => {BERE 6% SZEKELY SOR 500ML}",0.000161292073580203,0.128872366790582,0.00125156445556946,30.6401179941003,104
"{BERE 6% SZEKELY SOR 500ML,BERE TILTOTT CSIKI KREM SOR 4.5% 500ML} => {STICLA BERE 500ML CSIKI}",0.000196962436006594,0.333333333333333,0.000590887308019783,32.3058770479483,127
"{BERE 6% SZEKELY SOR 500ML,STICLA BERE 500ML CSIKI} => {BERE TILTOTT CSIKI KREM SOR 4.5% 500ML}",0.000196962436006594,0.160353535353535,0.00122830117572616,30.7997727498398,127
"{BERE TILTOTT CSIKI KREM SOR 4.5% 500ML,STICLA BERE 500ML CSIKI} => {BERE 6% SZEKELY SOR 500ML}",0.000196962436006594,0.160963244613435,0.0012236485197575,38.2699016902767,127
"{BERE 6% SZEKELY SOR 500ML,BERE TILTOTT CSIKI KREM SOR 4.5% 500ML} => {BERE TILTOTT IGAZI SOR 6% 500ML}",0.000310177064577314,0.5249343832021,0.000590887308019783,25.9844937623239,200
"{BERE 6% SZEKELY SOR 500ML,BERE TILTOTT IGAZI SOR 6% 500ML} => {BERE TILTOTT CSIKI KREM SOR 4.5% 500ML}",0.000310177064577314,0.251889168765743,0.00123140294637194,48.3814038713047,200
"{BERE TILTOTT CSIKI KREM SOR 4.5% 500ML,BERE TILTOTT IGAZI SOR 6% 500ML} => {BERE 6% SZEKELY SOR 500ML}",0.000310177064577314,0.253485424588086,0.0012236485197575,60.2675617169712,200
"{BERE 6% SZEKELY SOR 500ML,STICLA BERE 500ML CSIKI} => {BERE TILTOTT IGAZI SOR 6% 500ML}",0.000387721330721642,0.315656565656566,0.00122830117572616,15.625145396852,250
"{BERE 6% SZEKELY SOR 500ML,BERE TILTOTT IGAZI SOR 6% 500ML} => {STICLA BERE 500ML CSIKI}",0.000387721330721642,0.314861460957179,0.00123140294637194,30.51562693446,250
"{_PATRUNJEL RADACINA KG,GOBE SMANTANA 20% 150G} => {_MORCOVI}",0.000100807545987627,0.677083333333333,0.000148884990997111,23.6116059356409,65
"{_MORCOVI,GOBE SMANTANA 20% 150G} => {_PATRUNJEL RADACINA KG}",0.000100807545987627,0.448275862068966,0.000224878371818553,28.5166868519174,65
"{_PATRUNJEL RADACINA KG,SMANTANA 30% GABRIELLA 500G} => {_MORCOVI}",0.00011321462857072,0.78494623655914,0.000144232335028451,27.3730577993336,73
"{_MORCOVI,SMANTANA 30% GABRIELLA 500G} => {_PATRUNJEL RADACINA KG}",0.00011321462857072,0.506944444444444,0.000223327486495666,32.2488387102078,73
"{_PATRUNJEL RADACINA KG,ULEI RAFINAT DE FLOAREA SOARELUI BUNICA 1.8L} => {_MORCOVI}",0.00010856197260206,0.729166666666667,0.000148884990997111,25.4278833153056,70
"{_MORCOVI,ULEI RAFINAT DE FLOAREA SOARELUI BUNICA 1.8L} => {_PATRUNJEL RADACINA KG}",0.00010856197260206,0.503597122302158,0.000215573059881233,32.035901665408,70
"{_PATRUNJEL RADACINA KG,MASLINE NEGRE FARA SAMBURI COLOSAL ELITA 121/140} => {_MORCOVI}",0.0001039093166334,0.761363636363636,0.000136477908414018,26.5506729681892,67
"{_MORCOVI,MASLINE NEGRE FARA SAMBURI COLOSAL ELITA 121/140} => {_PATRUNJEL RADACINA KG}",0.0001039093166334,0.478571428571429,0.00021712394520412,30.4439134908107,67
"{_PATRUNJEL RADACINA KG,MARGARINA RAMA CLASSIC 400G} => {_MORCOVI}",0.00011321462857072,0.811111111111111,0.000139579679059791,28.2854930593113,73
"{_MORCOVI,MARGARINA RAMA CLASSIC 400G} => {_PATRUNJEL RADACINA KG}",0.00011321462857072,0.480263157894737,0.000235734569078759,30.5515314096706,73
"{_PATRUNJEL RADACINA KG,PASTE TAITEI LATI GYERMELYI 250G} => {_MORCOVI}",0.000107011087279173,0.75,0.000142681449705564,26.1543942671714,69
"{_MORCOVI,PASTE TAITEI LATI GYERMELYI 250G} => {_PATRUNJEL RADACINA KG}",0.000107011087279173,0.492857142857143,0.00021712394520412,31.3526870278498,69
"{FICAT DE PUI REFRIGERAT VRAC SZEKELY CSURKE,PULPE PUI CU SPATE REFR.VRAC SZEKELY CSURKE} => {CARNE TOCATA PORC VRAC}",0.000125621711153812,0.249230769230769,0.000504037729938135,4.53218611835454,81
"{CARNE TOCATA PORC VRAC,FICAT DE PUI REFRIGERAT VRAC SZEKELY CSURKE} => {PULPE PUI CU SPATE REFR.VRAC SZEKELY CSURKE}",0.000125621711153812,0.141856392294221,0.000885555519368231,6.54230804352818,81
"{_PATRUNJEL RADACINA KG,FICAT DE PUI REFRIGERAT VRAC SZEKELY CSURKE} => {_MORCOVI}",0.000144232335028451,0.738095238095238,0.000195411550683708,25.7392451518195,93
"{_MORCOVI,FICAT DE PUI REFRIGERAT VRAC SZEKELY CSURKE} => {_PATRUNJEL RADACINA KG}",0.000144232335028451,0.484375,0.000297769981994221,30.8131027402328,93
"{FICAT DE PUI REFRIGERAT VRAC SZEKELY CSURKE,PIEPT DE PUI FARA OS REFR.VRAC SZEKELY CSURKE} => {CARNE TOCATA PORC VRAC}",0.000127172596476699,0.209718670076726,0.000606396161248649,3.81367055205546,82
"{CARNE TOCATA PORC VRAC,FICAT DE PUI REFRIGERAT VRAC SZEKELY CSURKE} => {PIEPT DE PUI FARA OS REFR.VRAC SZEKELY CSURKE}",0.000127172596476699,0.143607705779334,0.000885555519368231,5.64892895513509,82
"{_CARTOFI ROSII,_TELINA} => {_PATRUNJEL RADACINA KG}",0.000100807545987627,0.541666666666667,0.000186106238746388,34.4576632794002,65
"{_CARTOFI ROSII,_PATRUNJEL RADACINA KG} => {_TELINA}",0.000100807545987627,0.261044176706827,0.000386170445398756,33.0881576236142,65
"{_CARTOFI ROSII,_TELINA} => {_MORCOVI}",0.000134927023091132,0.725,0.000186106238746388,25.2825811249324,87
"{_CARTOFI ROSII,_MORCOVI} => {_TELINA}",0.000134927023091132,0.195505617977528,0.000690143968684524,24.7809423889491,87
"{_CARTOFI ROSII,_CEAPA GALBENA} => {_MORCOVI}",0.000141130564382678,0.400881057268722,0.000352050968295251,13.9797349680623,91
"{_CARTOFI ROSII,_MORCOVI} => {_CEAPA GALBENA}",0.000141130564382678,0.204494382022472,0.000690143968684524,22.9795305101805,91
"{_CARTOFI ROSII,_PATRUNJEL RADACINA KG} => {_MORCOVI}",0.000288464670056902,0.746987951807229,0.000386170445398756,26.0493565391908,186
"{_CARTOFI ROSII,_MORCOVI} => {_PATRUNJEL RADACINA KG}",0.000288464670056902,0.417977528089888,0.000690143968684524,26.5892841623582,186
"{_PATRUNJEL RADACINA KG,LAPTE DE CONSUM 3.5% LACTIS PET 1.5L} => {_MORCOVI}",0.000119418169862266,0.747572815533981,0.000159741188257317,26.0697522145269,77
"{_MORCOVI,LAPTE DE CONSUM 3.5% LACTIS PET 1.5L} => {_PATRUNJEL RADACINA KG}",0.000119418169862266,0.4375,0.000272955816828036,27.8311895718232,77
"{BERE TILTOTT CSIKI KREM SOR 4.5% 500ML,BERE TILTOTT CSIKI VADMALNA CU VITAMINE STICLA 500ML} => {STICLA BERE 500ML CSIKI}",0.000175250041486182,0.326589595375723,0.000536606321718753,31.6522899400418,113
"{BERE TILTOTT CSIKI KREM SOR 4.5% 500ML,STICLA BERE 500ML CSIKI} => {BERE TILTOTT CSIKI VADMALNA CU VITAMINE STICLA 500ML}",0.000175250041486182,0.143219264892269,0.0012236485197575,31.2298882203857,113
"{BERE TILTOTT CSIKI KREM SOR 4.5% 500ML,BERE TILTOTT CSIKI VADMALNA CU VITAMINE STICLA 500ML} => {BERE TILTOTT IGAZI SOR 6% 500ML}",0.000190758894715048,0.355491329479769,0.000536606321718753,17.596984554679,123
"{BERE TILTOTT CSIKI VADMALNA CU VITAMINE STICLA 500ML,BERE TILTOTT IGAZI SOR 6% 500ML} => {BERE TILTOTT CSIKI KREM SOR 4.5% 500ML}",0.000190758894715048,0.152416356877323,0.00125156445556946,29.2752457551385,123
"{BERE TILTOTT CSIKI KREM SOR 4.5% 500ML,BERE TILTOTT IGAZI SOR 6% 500ML} => {BERE TILTOTT CSIKI VADMALNA CU VITAMINE STICLA 500ML}",0.000190758894715048,0.155893536121673,0.0012236485197575,33.9935951425438,123
"{BERE TILTOTT CSIKI VADMALNA CU VITAMINE STICLA 500ML,STICLA BERE 500ML CSIKI} => {BERE TILTOTT IGAZI SOR 6% 500ML}",0.000310177064577314,0.139470013947001,0.00222396955301934,6.90382993266765,200
"{BERE TILTOTT CSIKI VADMALNA CU VITAMINE STICLA 500ML,BERE TILTOTT IGAZI SOR 6% 500ML} => {STICLA BERE 500ML CSIKI}",0.000310177064577314,0.247831474597274,0.00125156445556946,24.0192394408537,200
"{_PATRUNJEL RADACINA KG,FASOLE BOABE CONG.AGROSPRINT 400G} => {_MORCOVI}",0.000116316399216493,0.757575757575758,0.00015353764696577,26.4185800678499,75
"{_MORCOVI,FASOLE BOABE CONG.AGROSPRINT 400G} => {_PATRUNJEL RADACINA KG}",0.000116316399216493,0.36231884057971,0.00032103326183752,23.0486042002677,75
"{_PATRUNJEL RADACINA KG,GOBE 6  L OUA PROASPETE} => {_MORCOVI}",0.000102358431310514,0.717391304347826,0.000142681449705564,25.0172466903379,66
"{_MORCOVI,GOBE 6  L OUA PROASPETE} => {_PATRUNJEL RADACINA KG}",0.000102358431310514,0.390532544378698,0.00026209961956783,24.8433949178743,66
"{_PATRUNJEL RADACINA KG,BRANZA DE VACA VRAC LACTIS} => {_MORCOVI}",0.0001039093166334,0.720430107526882,0.000144232335028451,25.123217432265,67
"{_MORCOVI,BRANZA DE VACA VRAC LACTIS} => {_PATRUNJEL RADACINA KG}",0.0001039093166334,0.396449704142012,0.00026209961956783,25.2198099923876,67
"{BERE TILTOTT CSIKI KREM SOR 4.5% 500ML,STICLA BERE 500ML CSIKI} => {BERE TILTOTT IGAZI SOR 6% 500ML}",0.000356703624263911,0.291508238276299,0.0012236485197575,14.4297920683932,230
"{BERE TILTOTT CSIKI KREM SOR 4.5% 500ML,BERE TILTOTT IGAZI SOR 6% 500ML} => {STICLA BERE 500ML CSIKI}",0.000356703624263911,0.291508238276299,0.0012236485197575,28.2522879126544,230
"{DR.OETKER BUDINCA VANILIE 40G,DR.OETKER PRAF DE COPT 10G} => {DR.OETKER ZAHAR VANILINAT 8G}",0.000147334105674224,0.454545454545455,0.000324135032483293,101.344304036213,95
"{DR.OETKER BUDINCA VANILIE 40G,DR.OETKER ZAHAR VANILINAT 8G} => {DR.OETKER PRAF DE COPT 10G}",0.000147334105674224,0.397489539748954,0.00037066159216989,123.69617413289,95
"{DR.OETKER PRAF DE COPT 10G,DR.OETKER ZAHAR VANILINAT 8G} => {DR.OETKER BUDINCA VANILIE 40G}",0.000147334105674224,0.108695652173913,0.00135547377220286,33.6629181806791,95
"{_PATRUNJEL RADACINA KG,GOBE GRIS 500G} => {_MORCOVI}",0.000105460201956287,0.686868686868687,0.00015353764696577,23.9528459281839,68
"{_MORCOVI,GOBE GRIS 500G} => {_PATRUNJEL RADACINA KG}",0.000105460201956287,0.367567567567568,0.000286913784734015,23.3824974935472,68
"{_PATRUNJEL RADACINA KG,FAINA BANEASA TIP 000 1KG} => {_MORCOVI}",0.00010856197260206,0.804597701149425,0.000134927023091132,28.0583540030958,70
"{_MORCOVI,FAINA BANEASA TIP 000 1KG} => {_PATRUNJEL RADACINA KG}",0.00010856197260206,0.429447852760736,0.000252794307630511,27.3189590889062,70
"{_PATRUNJEL RADACINA KG,ULEI RAFINAT DE FLOAREA SOARELUI BUNICA 1L} => {_MORCOVI}",0.000120969055185152,0.722222222222222,0.00016749561487175,25.1857129980169,78
"{_MORCOVI,ULEI RAFINAT DE FLOAREA SOARELUI BUNICA 1L} => {_PATRUNJEL RADACINA KG}",0.000120969055185152,0.445714285714286,0.00027140493150515,28.3537343556207,78
"{DR.OETKER PRAF DE COPT 10G,ZAHAR PUDRA KORONAS 500G} => {DR.OETKER ZAHAR VANILINAT 8G}",0.000119418169862266,0.432584269662921,0.000276057587473809,96.4478938412047,77
"{DR.OETKER ZAHAR VANILINAT 8G,ZAHAR PUDRA KORONAS 500G} => {DR.OETKER PRAF DE COPT 10G}",0.000119418169862266,0.396907216494845,0.000300871752639995,123.514958902201,77
"{DR.OETKER PRAF DE COPT 10G,DROJDIE PROASPATA BUDAFOK 50G} => {DR.OETKER ZAHAR VANILINAT 8G}",0.000125621711153812,0.529411764705882,0.000237285454401645,118.036307053942,81
"{DR.OETKER ZAHAR VANILINAT 8G,DROJDIE PROASPATA BUDAFOK 50G} => {DR.OETKER PRAF DE COPT 10G}",0.000125621711153812,0.358407079646018,0.000350500082972365,111.533965302218,81
"{DR.OETKER PRAF DE COPT 10G,DR.OETKER ZAHAR VANILINAT 8G} => {GRASIME VEGETALA TARTINABILA CU 70% GRASIME RAMA 250G}",0.000184555353423502,0.136155606407323,0.00135547377220286,12.1276670703408,119
"{DR.OETKER PRAF DE COPT 10G,GRASIME VEGETALA TARTINABILA CU 70% GRASIME RAMA 250G} => {DR.OETKER ZAHAR VANILINAT 8G}",0.000184555353423502,0.466666666666667,0.000395475757336075,104.046818810512,119
"{DR.OETKER ZAHAR VANILINAT 8G,GRASIME VEGETALA TARTINABILA CU 70% GRASIME RAMA 250G} => {DR.OETKER PRAF DE COPT 10G}",0.000184555353423502,0.423487544483986,0.000435798775731126,131.786585072617,119
"{DR.OETKER PRAF DE COPT 10G,FAINA BL-55 GYERMELYI 1KG} => {DR.OETKER ZAHAR VANILINAT 8G}",0.000110112857924946,0.525925925925926,0.000209369518589687,117.25911326264,71
"{DR.OETKER ZAHAR VANILINAT 8G,FAINA BL-55 GYERMELYI 1KG} => {DR.OETKER PRAF DE COPT 10G}",0.000110112857924946,0.339712918660287,0.000324135032483293,105.71646330199,71
"{DR.OETKER PRAF DE COPT 10G,PASTE ATA PAIANJENULUI CU 8 OUA GYERMELYI 250G} => {DR.OETKER ZAHAR VANILINAT 8G}",0.000120969055185152,0.478527607361963,0.000252794307630511,106.691304126467,78
"{DR.OETKER ZAHAR VANILINAT 8G,PASTE ATA PAIANJENULUI CU 8 OUA GYERMELYI 250G} => {DR.OETKER PRAF DE COPT 10G}",0.000120969055185152,0.382352941176471,0.00031638060586886,118.985762548263,78
"{DR.OETKER PRAF DE COPT 10G,GOBE 10 OUA PROASPETE L} => {DR.OETKER ZAHAR VANILINAT 8G}",0.000110112857924946,0.449367088607595,0.000245039881016078,100.189748673775,71
"{DR.OETKER ZAHAR VANILINAT 8G,GOBE 10 OUA PROASPETE L} => {DR.OETKER PRAF DE COPT 10G}",0.000110112857924946,0.341346153846154,0.000322584147160406,106.224715529403,71
"{DR.OETKER PRAF DE COPT 10G,DR.OETKER ZAHAR VANILINAT 8G} => {CARNE TOCATA PORC VRAC}",0.000147334105674224,0.108695652173913,0.00135547377220286,1.97659754222387,95
"{CARNE TOCATA PORC VRAC,DR.OETKER PRAF DE COPT 10G} => {DR.OETKER ZAHAR VANILINAT 8G}",0.000147334105674224,0.475,0.000310177064577314,105.904797717842,95
"{CARNE TOCATA PORC VRAC,DR.OETKER ZAHAR VANILINAT 8G} => {DR.OETKER PRAF DE COPT 10G}",0.000147334105674224,0.374015748031496,0.000393924872013189,116.391281959687,95
"{_PATRUNJEL RADACINA KG,DR.OETKER PRAF DE COPT 10G} => {_MORCOVI}",0.00010856197260206,0.795454545454545,0.000136477908414018,27.7395090712424,70
"{_MORCOVI,DR.OETKER PRAF DE COPT 10G} => {_PATRUNJEL RADACINA KG}",0.00010856197260206,0.5,0.00021712394520412,31.8070737963694,70
"{_ARDEI ROSU CALIFORNIA,_TELINA} => {_PATRUNJEL RADACINA KG}",0.000107011087279173,0.530769230769231,0.000201615091975254,33.7644321838383,69
"{_ARDEI ROSU CALIFORNIA,_PATRUNJEL RADACINA KG} => {_TELINA}",0.000107011087279173,0.370967741935484,0.000288464670056902,47.0213098537068,69
"{_ARDEI ROSU CALIFORNIA,_TELINA} => {_MORCOVI}",0.000148884990997111,0.738461538461539,0.000201615091975254,25.7520189707534,96
"{_ARDEI ROSU CALIFORNIA,_MORCOVI} => {_TELINA}",0.000148884990997111,0.275862068965517,0.000539708092364526,34.9663713454851,96
"{_ARDEI ROSU CALIFORNIA,_PATRUNJEL RADACINA KG} => {_MORCOVI}",0.000229531027787212,0.795698924731183,0.000288464670056902,27.748031193845,148
"{_ARDEI ROSU CALIFORNIA,_MORCOVI} => {_PATRUNJEL RADACINA KG}",0.000229531027787212,0.425287356321839,0.000539708092364526,27.0542926543831,148
"{_ARDEI ROSU CALIFORNIA,_MORCOVI} => {_BANANE}",0.0001039093166334,0.192528735632184,0.000539708092364526,6.30991059441307,67
"{_ARDEI ROSU CALIFORNIA,_BANANE} => {_MORCOVI}",0.0001039093166334,0.190340909090909,0.000545911633656073,6.6376682420473,67
"{_PATRUNJEL RADACINA KG,UNT 82% GRASIME MASLO POLSKIE MLEKOVITA 200G} => {_MORCOVI}",0.000102358431310514,0.640776699029126,0.000159741188257317,22.3455018981659,66
"{_MORCOVI,UNT 82% GRASIME MASLO POLSKIE MLEKOVITA 200G} => {_PATRUNJEL RADACINA KG}",0.000102358431310514,0.360655737704918,0.000283812014088242,22.9428073285287,66
"{_ARDEI IUTE,_TELINA} => {_PATRUNJEL RADACINA KG}",0.000124070825830926,0.588235294117647,0.000210920403912573,37.4200868192581,80
"{_ARDEI IUTE,_PATRUNJEL RADACINA KG} => {_TELINA}",0.000124070825830926,0.386473429951691,0.00032103326183752,48.9867038173463,80
"{_ARDEI IUTE,_TELINA} => {_MORCOVI}",0.000142681449705564,0.676470588235294,0.000210920403912573,23.5902379664684,92
"{_ARDEI IUTE,_MORCOVI} => {_TELINA}",0.000142681449705564,0.262108262108262,0.000544360748333186,33.22303374279,92
"{_ARDEI IUTE,_PATRUNJEL RADACINA KG} => {_MORCOVI}",0.000243488995693191,0.758454106280193,0.00032103326183752,26.4492103056098,157
"{_ARDEI IUTE,_MORCOVI} => {_PATRUNJEL RADACINA KG}",0.000243488995693191,0.447293447293447,0.000544360748333186,28.4541913733903,157
"{_ARDEI IUTE,_MORCOVI} => {CARNE TOCATA PORC VRAC}",0.0001039093166334,0.190883190883191,0.000544360748333186,3.47115306275439,67
"{_ARDEI IUTE,CARNE TOCATA PORC VRAC} => {_MORCOVI}",0.0001039093166334,0.25,0.000415637266533601,8.71813142239048,67
"{GOBE BATON CU NUCA&CACAO 50G,GOBE SALAM DE BISCUITI CU STAFIDE DIN REMETEA 65G} => {GOBE BATON LAPTE 100G}",0.000124070825830926,0.253968253968254,0.00048852887670927,18.45148759222,80
"{GOBE BATON CU NUCA&CACAO 50G,GOBE BATON LAPTE 100G} => {GOBE SALAM DE BISCUITI CU STAFIDE DIN REMETEA 65G}",0.000124070825830926,0.212201591511936,0.000584683766728237,31.167676718851,80
"{GOBE BATON LAPTE 100G,GOBE SALAM DE BISCUITI CU STAFIDE DIN REMETEA 65G} => {GOBE BATON CU NUCA&CACAO 50G}",0.000124070825830926,0.142348754448399,0.000871597551462252,28.7188612099644,80
"{_PATRUNJEL RADACINA KG,FAINA ALBA DE GRAU BL 55 KUNSAGI 1KG} => {_MORCOVI}",0.000122519940508039,0.675213675213675,0.000181453582777729,23.5464062348324,79
"{_MORCOVI,FAINA ALBA DE GRAU BL 55 KUNSAGI 1KG} => {_PATRUNJEL RADACINA KG}",0.000122519940508039,0.409326424870466,0.000299320867317108,26.0389516053179,79
"{_ARDEI ROSU CAPIA,_GULII} => {_PATRUNJEL RADACINA KG}",0.000102358431310514,0.420382165605096,0.000243488995693191,26.7422531281577,66
"{_ARDEI ROSU CAPIA,_PATRUNJEL RADACINA KG} => {_GULII}",0.000102358431310514,0.165,0.000620354129154628,44.1822446013289,66
"{_ARDEI ROSU CAPIA,_GULII} => {_MORCOVI}",0.000133376137768245,0.547770700636943,0.000243488995693191,19.1021478299511,86
"{_ARDEI ROSU CAPIA,_MORCOVI} => {_GULII}",0.000133376137768245,0.118294360385144,0.00112749362973854,31.6758203969346,86
"{_GULII,_TELINA} => {_PATRUNJEL RADACINA KG}",0.000553666060270505,0.687861271676301,0.00080490948257813,43.7577084597452,357
"{_GULII,_PATRUNJEL RADACINA KG} => {_TELINA}",0.000553666060270505,0.450757575757576,0.00122830117572616,57.1349183301464,357
"{_PATRUNJEL RADACINA KG,_TELINA} => {_GULII}",0.000553666060270505,0.137997680711249,0.00401214033030756,36.9518017187907,357
"{_GULII,_TELINA} => {_MORCOVI}",0.000590887308019783,0.734104046242775,0.00080490948257813,25.6000622114125,381
"{_GULII,_MORCOVI} => {_TELINA}",0.000590887308019783,0.382146439317954,0.00154623266691791,48.4382443576059,381
"{_MORCOVI,_TELINA} => {_GULII}",0.000590887308019783,0.117592592592593,0.00502486844615249,31.4879072074566,381
"{_CEAPA GALBENA,_GULII} => {_PATRUNJEL RADACINA KG}",0.000130274367122472,0.506024096385542,0.000257446963599171,32.1902915529521,84
"{_GULII,_PATRUNJEL RADACINA KG} => {_CEAPA GALBENA}",0.000130274367122472,0.106060606060606,0.00122830117572616,11.9182879685668,84
"{_CEAPA GALBENA,_PATRUNJEL RADACINA KG} => {_GULII}",0.000130274367122472,0.114130434782609,0.00114145159764452,30.5608411274014,84
"{_CEAPA GALBENA,_GULII} => {_MORCOVI}",0.000170597385517523,0.662650602409639,0.000257446963599171,23.1083001557338,110
"{_GULII,_MORCOVI} => {_CEAPA GALBENA}",0.000170597385517523,0.110330992978937,0.00154623266691791,12.3981617211341,110
"{_GULII,_LAMAIE^2 A nu se consuma coaja} => {_MORCOVI}",0.000124070825830926,0.597014925373134,0.0002078186332668,20.8194183221265,80
"{_LAMAIE^2 A nu se consuma coaja,_MORCOVI} => {_GULII}",0.000124070825830926,0.108695652173913,0.00114145159764452,29.1055629784775,80
"{_GULII,_PATRUNJEL RADACINA KG} => {PASTE ATA PAIANJENULUI CU 8 OUA GYERMELYI 250G}",0.000165944729548863,0.13510101010101,0.00122830117572616,6.12000741928204,107
"{_GULII,PASTE ATA PAIANJENULUI CU 8 OUA GYERMELYI 250G} => {_PATRUNJEL RADACINA KG}",0.000165944729548863,0.527093596059113,0.000314829720545974,33.5306098148919,107
"{_PATRUNJEL RADACINA KG,PASTE ATA PAIANJENULUI CU 8 OUA GYERMELYI 250G} => {_GULII}",0.000165944729548863,0.109518935516888,0.00151521496046018,29.3260145302081,107
"{_GULII,GOBE 10 OUA PROASPETE L} => {_PATRUNJEL RADACINA KG}",0.000100807545987627,0.384615384615385,0.00026209961956783,24.4669798433611,65
"{_PATRUNJEL RADACINA KG,GOBE 10 OUA PROASPETE L} => {_GULII}",0.000100807545987627,0.100931677018634,0.000998770147938951,27.0265941943006,65
"{_GULII,PIEPT DE PUI FARA OS REFR.VRAC SZEKELY CSURKE} => {_PATRUNJEL RADACINA KG}",0.000107011087279173,0.389830508474576,0.000274506702150923,24.7987355022541,69
"{_GULII,_PATRUNJEL RADACINA KG} => {_MORCOVI}",0.000978608638741426,0.796717171717172,0.00122830117572616,27.7835400380222,631
"{_GULII,_MORCOVI} => {_PATRUNJEL RADACINA KG}",0.000978608638741426,0.632898696088265,0.00154623266691791,40.2613110642108,631
"{_GULII,_PATRUNJEL RADACINA KG} => {_BANANE}",0.000131825252445358,0.107323232323232,0.00122830117572616,3.51739701836911,85
"{_BANANE,_GULII} => {_PATRUNJEL RADACINA KG}",0.000131825252445358,0.346938775510204,0.00037996690410721,22.0702144709502,85
"{_BANANE,_PATRUNJEL RADACINA KG} => {_GULII}",0.000131825252445358,0.127627627627628,0.00103288962504246,34.1750003741283,85
"{_GULII,_PATRUNJEL RADACINA KG} => {CARNE TOCATA PORC VRAC}",0.000169046500194636,0.137626262626263,0.00122830117572616,2.50269193856325,109
"{_GULII,CARNE TOCATA PORC VRAC} => {_PATRUNJEL RADACINA KG}",0.000169046500194636,0.340625,0.000496283303323702,21.6685690237766,109
"{_GULII,PASTE ATA PAIANJENULUI CU 8 OUA GYERMELYI 250G} => {_MORCOVI}",0.000184555353423502,0.586206896551724,0.000314829720545974,20.4425150593984,119
"{_GULII,_MORCOVI} => {PASTE ATA PAIANJENULUI CU 8 OUA GYERMELYI 250G}",0.000184555353423502,0.119358074222668,0.00154623266691791,5.40686038725986,119
"{_GULII,GOBE 10 OUA PROASPETE L} => {_MORCOVI}",0.000130274367122472,0.497041420118343,0.00026209961956783,17.3330896918533,84
"{_GULII,PIEPT DE PUI FARA OS REFR.VRAC SZEKELY CSURKE} => {_MORCOVI}",0.000128723481799585,0.468926553672316,0.000274506702150923,16.3526532894556,83
"{_GULII,_MORCOVI} => {_BANANE}",0.000181453582777729,0.117352056168506,0.00154623266691791,3.84608032698278,117
"{_BANANE,_GULII} => {_MORCOVI}",0.000181453582777729,0.477551020408163,0.00037996690410721,16.6534102272602,117
"{_GULII,_MORCOVI} => {CARNE TOCATA PORC VRAC}",0.000210920403912573,0.136409227683049,0.00154623266691791,2.48056052640973,136
"{_GULII,CARNE TOCATA PORC VRAC} => {_MORCOVI}",0.000210920403912573,0.425,0.000496283303323702,14.8208234180638,136
"{_PATRUNJEL RADACINA KG,ELAN UNT 60% GRASIME 200G} => {_MORCOVI}",0.000130274367122472,0.770642201834862,0.000169046500194636,26.8742399809468,84
"{_MORCOVI,ELAN UNT 60% GRASIME 200G} => {_PATRUNJEL RADACINA KG}",0.000130274367122472,0.403846153846154,0.000322584147160407,25.6903288355291,84
"{_PATRUNJEL RADACINA KG,PARIZER SECUIESC MAXI BENEDEK} => {_MORCOVI}",0.000116316399216493,0.78125,0.000148884990997111,27.2441606949703,75
"{_MORCOVI,PARIZER SECUIESC MAXI BENEDEK} => {_PATRUNJEL RADACINA KG}",0.000116316399216493,0.506756756756757,0.000229531027787212,32.2368991179419,75
"{_PATRUNJEL RADACINA KG,_ROSII CHERRY CASEROLA 500G} => {_MORCOVI}",0.000142681449705564,0.793103448275862,0.000179902697454842,27.6575203744801,92
"{_MORCOVI,_ROSII CHERRY CASEROLA 500G} => {_PATRUNJEL RADACINA KG}",0.000142681449705564,0.433962264150943,0.000328787688451953,27.6061395213772,92
"{PULPE PUI CU SPATE REFR.VRAC SZEKELY CSURKE,SLANINA AFUMATA MAESTRO} => {CARNE TOCATA PORC VRAC}",0.000120969055185152,0.298850574712644,0.000404781069273395,5.43450726551666,78
"{CARNE TOCATA PORC VRAC,SLANINA AFUMATA MAESTRO} => {PULPE PUI CU SPATE REFR.VRAC SZEKELY CSURKE}",0.000120969055185152,0.119266055045872,0.00101427900116782,5.50045901088568,78
"{_PATRUNJEL RADACINA KG,SLANINA AFUMATA MAESTRO} => {_MORCOVI}",0.000114765513893606,0.711538461538462,0.000161292073580203,24.8131432791114,74
"{_MORCOVI,SLANINA AFUMATA MAESTRO} => {_PATRUNJEL RADACINA KG}",0.000114765513893606,0.418079096045198,0.000274506702150923,26.595745321258,74
"{COTLET PORC FARA OS,SLANINA AFUMATA MAESTRO} => {CARNE TOCATA PORC VRAC}",0.00010856197260206,0.355329949238579,0.000305524408608654,6.46156759996026,70
"{CARNE TOCATA PORC VRAC,SLANINA AFUMATA MAESTRO} => {COTLET PORC FARA OS}",0.00010856197260206,0.107033639143731,0.00101427900116782,6.30730591157043,70
"{PIEPT DE PUI FARA OS REFR.VRAC SZEKELY CSURKE,SLANINA AFUMATA MAESTRO} => {CARNE TOCATA PORC VRAC}",0.0001039093166334,0.304545454545455,0.000341194771035045,5.53806693193996,67
"{CARNE TOCATA PORC VRAC,SLANINA AFUMATA MAESTRO} => {PIEPT DE PUI FARA OS REFR.VRAC SZEKELY CSURKE}",0.0001039093166334,0.102446483180428,0.00101427900116782,4.02981791296717,67
"{_PATRUNJEL RADACINA KG,BRANZA DE VACA VRAC KERESZTURI} => {_MORCOVI}",0.000127172596476699,0.645669291338583,0.000196962436006594,22.516118949166,82
"{_MORCOVI,BRANZA DE VACA VRAC KERESZTURI} => {_PATRUNJEL RADACINA KG}",0.000127172596476699,0.453038674033149,0.000280710243442469,28.8196690751634,82
"{_PATRUNJEL RADACINA KG,UNT MARKAZOTT 82% MEGGLE 200G} => {_MORCOVI}",0.000124070825830926,0.747663551401869,0.000165944729548863,26.0729164034108,80
"{_MORCOVI,UNT MARKAZOTT 82% MEGGLE 200G} => {_PATRUNJEL RADACINA KG}",0.000124070825830926,0.408163265306122,0.000303973523285768,25.9649582011179,80
"{_PATRUNJEL RADACINA KG,MUSTAR DE MASA DANESTAR 230G} => {_MORCOVI}",0.000127172596476699,0.780952380952381,0.00016284295890309,27.2337819670865,82
"{_MORCOVI,MUSTAR DE MASA DANESTAR 230G} => {_PATRUNJEL RADACINA KG}",0.000127172596476699,0.39047619047619,0.00032568591780618,24.8398100124028,82
"{_PATRUNJEL RADACINA KG,ZAHAR PUDRA KORONAS 500G} => {_MORCOVI}",0.000125621711153812,0.723214285714286,0.000173699156163296,25.2203087576296,81
"{_MORCOVI,ZAHAR PUDRA KORONAS 500G} => {_PATRUNJEL RADACINA KG}",0.000125621711153812,0.391304347826087,0.00032103326183752,24.8924925362891,81
"{_CASTRAVETI CORNISON,_PATRUNJEL RADACINA KG} => {_MORCOVI}",0.000196962436006594,0.693989071038251,0.000283812014088242,24.2011517080566,127
"{_CASTRAVETI CORNISON,_MORCOVI} => {_PATRUNJEL RADACINA KG}",0.000196962436006594,0.407051282051282,0.00048387622074061,25.8942203342238,127
"{_PATRUNJEL RADACINA KG,UNT 65% GRASIME FRISS 180G} => {_MORCOVI}",0.000124070825830926,0.677966101694915,0.000183004468100615,23.6423902980081,80
"{_MORCOVI,UNT 65% GRASIME FRISS 180G} => {_PATRUNJEL RADACINA KG}",0.000124070825830926,0.408163265306122,0.000303973523285768,25.9649582011179,80
"{_CEAPA ROSIE,_TELINA} => {_PATRUNJEL RADACINA KG}",0.000139579679059791,0.616438356164384,0.000226429257141439,39.2142005708664,90
"{_CEAPA ROSIE,_PATRUNJEL RADACINA KG} => {_TELINA}",0.000139579679059791,0.36734693877551,0.00037996690410721,46.5623618427123,90
"{_CEAPA ROSIE,_TELINA} => {_MORCOVI}",0.000175250041486182,0.773972602739726,0.000226429257141439,26.9903794720582,113
"{_CEAPA ROSIE,_MORCOVI} => {_TELINA}",0.000175250041486182,0.233954451345756,0.000749077610954213,29.6544510608578,113
"{_CEAPA GALBENA,_CEAPA ROSIE} => {_MORCOVI}",0.000184555353423502,0.283333333333333,0.000651371835612359,9.88054894537588,119
"{_CEAPA ROSIE,_MORCOVI} => {_CEAPA GALBENA}",0.000184555353423502,0.246376811594203,0.000749077610954213,27.6859608710807,119
"{_CEAPA ROSIE,_PATRUNJEL RADACINA KG} => {_MORCOVI}",0.000307075293931541,0.808163265306122,0.00037996690410721,28.182694230748,198
"{_CEAPA ROSIE,_MORCOVI} => {_PATRUNJEL RADACINA KG}",0.000307075293931541,0.409937888198758,0.000749077610954213,26.0778493237314,198
"{_CEAPA ROSIE,_MORCOVI} => {CARNE TOCATA PORC VRAC}",0.000100807545987627,0.134575569358178,0.000749077610954213,2.44721600465812,65
"{_CEAPA ROSIE,CARNE TOCATA PORC VRAC} => {_MORCOVI}",0.000100807545987627,0.282608695652174,0.000356703624263911,9.85527899922402,65
"{_PATRUNJEL RADACINA KG,LAPTE DE CONSUM 1.5% CUTIE KERESZTURI 1L} => {_MORCOVI}",0.000125621711153812,0.723214285714286,0.000173699156163296,25.2203087576296,81
"{_MORCOVI,LAPTE DE CONSUM 1.5% CUTIE KERESZTURI 1L} => {_PATRUNJEL RADACINA KG}",0.000125621711153812,0.48502994011976,0.000258997848922057,30.8547661976757,81
"{_TELINA,_VARZA ALBA} => {_PATRUNJEL RADACINA KG}",0.000192309780037935,0.574074074074074,0.000334991229743499,36.519232877313,124
"{_PATRUNJEL RADACINA KG,_VARZA ALBA} => {_TELINA}",0.000192309780037935,0.409240924092409,0.000469918252834631,51.8725541907444,124
"{_TELINA,_VARZA ALBA} => {_MORCOVI}",0.000243488995693191,0.726851851851852,0.000334991229743499,25.3471598762094,157
"{_MORCOVI,_VARZA ALBA} => {_TELINA}",0.000243488995693191,0.284936479128857,0.0008545378129105,36.1165809292182,157
"{_VARZA ALBA,PULPE PUI CU SPATE REFR.VRAC SZEKELY CSURKE} => {CARNE TOCATA PORC VRAC}",0.000105460201956287,0.363636363636364,0.000290015555379789,6.61261723216712,68
"{_VARZA ALBA,CARNE TOCATA PORC VRAC} => {PULPE PUI CU SPATE REFR.VRAC SZEKELY CSURKE}",0.000105460201956287,0.122743682310469,0.00085919046887916,5.66084451384124,68
"{_PATRUNJEL RADACINA KG,_VARZA ALBA} => {_MORCOVI}",0.000364458050878344,0.775577557755776,0.000469918252834631,27.046348307086,235
"{_MORCOVI,_VARZA ALBA} => {_PATRUNJEL RADACINA KG}",0.000364458050878344,0.426497277676951,0.0008545378129105,27.1312607700428,235
"{_VARZA ALBA,PASTE ATA PAIANJENULUI CU 8 OUA GYERMELYI 250G} => {_MORCOVI}",0.000107011087279173,0.350253807106599,0.000305524408608654,12.2142348861917,69
"{_MORCOVI,_VARZA ALBA} => {PASTE ATA PAIANJENULUI CU 8 OUA GYERMELYI 250G}",0.000107011087279173,0.125226860254083,0.0008545378129105,5.67271342586843,69
"{_VARZA ALBA,PIEPT DE PUI FARA OS REFR.VRAC SZEKELY CSURKE} => {CARNE TOCATA PORC VRAC}",0.000116316399216493,0.313807531380753,0.00037066159216989,5.70649499637853,75
"{_VARZA ALBA,CARNE TOCATA PORC VRAC} => {PIEPT DE PUI FARA OS REFR.VRAC SZEKELY CSURKE}",0.000116316399216493,0.135379061371841,0.00085919046887916,5.32524836012284,75
"{_MORCOVI,_VARZA ALBA} => {CARNE TOCATA PORC VRAC}",0.00015353764696577,0.17967332123412,0.0008545378129105,3.26730497542196,99
"{_VARZA ALBA,CARNE TOCATA PORC VRAC} => {_MORCOVI}",0.00015353764696577,0.17870036101083,0.00085919046887916,6.23173293008417,99
"{ELAN CONSERVA CARNE PRESATA 300G,ELAN CONSERVA SUNCA 300G} => {CARNE TOCATA PORC VRAC}",0.000172148270840409,0.122246696035242,0.00140820387318101,2.22301917413988,111
"{CARNE TOCATA PORC VRAC,ELAN CONSERVA SUNCA 300G} => {ELAN CONSERVA CARNE PRESATA 300G}",0.000172148270840409,0.274752475247525,0.000626557670446174,49.375271118249,111
"{CARNE TOCATA PORC VRAC,ELAN CONSERVA CARNE PRESATA 300G} => {ELAN CONSERVA SUNCA 300G}",0.000172148270840409,0.279596977329975,0.000615701473185968,56.7996766866813,111
"{_CLEMENTINA^2 A nu se consuma coaja,_PORTOCALE^2 A nu se consuma coaja} => {_BANANE}",0.000111663743247833,0.344497607655502,0.000324135032483293,11.2905177357433,72
"{_BANANE,_CLEMENTINA^2 A nu se consuma coaja} => {_PORTOCALE^2 A nu se consuma coaja}",0.000111663743247833,0.115015974440895,0.000970854212126993,23.446568197176,72
"{_MERE ROSII,_PORTOCALE^2 A nu se consuma coaja} => {_BANANE}",0.000122519940508039,0.374407582938389,0.000327236803129066,12.2707831973972,79
"{_BANANE,_PORTOCALE^2 A nu se consuma coaja} => {_MERE ROSII}",0.000122519940508039,0.108965517241379,0.00112439185909276,12.6869271864609,79
"{_LAMAIE^2 A nu se consuma coaja,_PORTOCALE^2 A nu se consuma coaja} => {_BANANE}",0.000161292073580203,0.289693593314763,0.000556767830916279,9.49437842402186,104
"{_BANANE,_PORTOCALE^2 A nu se consuma coaja} => {_LAMAIE^2 A nu se consuma coaja}",0.000161292073580203,0.143448275862069,0.00112439185909276,12.8268539922245,104
"{_BANANE,_LAMAIE^2 A nu se consuma coaja} => {_PORTOCALE^2 A nu se consuma coaja}",0.000161292073580203,0.107438016528926,0.0015012569925542,21.9017644615035,104
"{_PATRUNJEL RADACINA KG,_PORTOCALE^2 A nu se consuma coaja} => {_MORCOVI}",0.000183004468100615,0.751592356687898,0.000243488995693191,26.2099237666771,118
"{_MORCOVI,_PORTOCALE^2 A nu se consuma coaja} => {_PATRUNJEL RADACINA KG}",0.000183004468100615,0.432234432234432,0.000423391693148034,27.4962249668248,118
"{_MORCOVI,_PORTOCALE^2 A nu se consuma coaja} => {_BANANE}",0.0001039093166334,0.245421245421245,0.000423391693148034,8.04340251595512,67
"{_MERE GOLDEN,_MERE ROSII} => {_MORCOVI}",0.000119418169862266,0.154618473895582,0.000772340890797512,5.39193670300456,77
"{_MERE GOLDEN,_MORCOVI} => {_MERE ROSII}",0.000119418169862266,0.210382513661202,0.000567624028176484,24.4949751049382,77
"{_MERE ROSII,_MORCOVI} => {_MERE GOLDEN}",0.000119418169862266,0.136283185840708,0.000876250207430912,26.0755027441506,77
"{_MERE GOLDEN,_MERE ROSII} => {_BANANE}",0.000328787688451953,0.42570281124498,0.000772340890797512,13.9519260328903,212
"{_BANANE,_MERE GOLDEN} => {_MERE ROSII}",0.000328787688451953,0.253588516746411,0.00129654012993317,29.5254785984956,212
"{_BANANE,_MERE ROSII} => {_MERE GOLDEN}",0.000328787688451953,0.182287188306105,0.00180367963051708,34.8775973321835,212
"{_MERE GOLDEN,_PATRUNJEL RADACINA KG} => {_MORCOVI}",0.000181453582777729,0.696428571428571,0.000260548734244944,24.2862232480878,117
"{_MERE GOLDEN,_MORCOVI} => {_PATRUNJEL RADACINA KG}",0.000181453582777729,0.319672131147541,0.000567624028176485,20.335670132105,117
"{_MERE GOLDEN,_MORCOVI} => {_BANANE}",0.000176800926809069,0.311475409836066,0.000567624028176485,10.208252715992,114
"{_BANANE,_MERE GOLDEN} => {_MORCOVI}",0.000176800926809069,0.136363636363636,0.00129654012993317,4.75534441221299,114
"{_PATRUNJEL RADACINA KG,PATE PORC BUCEGI 120G} => {_MORCOVI}",0.000120969055185152,0.829787234042553,0.000145783220351338,28.9367766360195,78
"{_MORCOVI,PATE PORC BUCEGI 120G} => {_PATRUNJEL RADACINA KG}",0.000120969055185152,0.475609756097561,0.000254345192953397,30.2555092209367,78
"{_PATRUNJEL RADACINA KG,ELAN HREAN RAS 160G} => {_MORCOVI}",0.000124070825830926,0.707964601769911,0.000175250041486182,24.6885137625217,80
"{_MORCOVI,ELAN HREAN RAS 160G} => {_PATRUNJEL RADACINA KG}",0.000124070825830926,0.355555555555556,0.000348949197649478,22.6183635885293,80
"{ELAN CONSERVA CARNE PRESATA 300G,PULPE PUI CU SPATE REFR.VRAC SZEKELY CSURKE} => {CARNE TOCATA PORC VRAC}",0.0001039093166334,0.380681818181818,0.000272955816828036,6.92258366492496,67
"{CARNE TOCATA PORC VRAC,ELAN CONSERVA CARNE PRESATA 300G} => {PULPE PUI CU SPATE REFR.VRAC SZEKELY CSURKE}",0.0001039093166334,0.168765743073048,0.000615701473185968,7.78334666857162,67
"{_PATRUNJEL RADACINA KG,BOMBOANE DE POM ASORTAT GLORIA VRAC} => {_MORCOVI}",0.000136477908414018,0.63768115942029,0.000214022174558347,22.2375526136337,88
"{_MORCOVI,BOMBOANE DE POM ASORTAT GLORIA VRAC} => {_PATRUNJEL RADACINA KG}",0.000136477908414018,0.295302013422819,0.000462163826220198,18.7853858663121,88
"{_PATRUNJEL RADACINA KG,DR.OETKER ZAHAR VANILINAT 8G} => {_MORCOVI}",0.000119418169862266,0.77,0.000155088532288657,26.8518447809627,77
"{_MORCOVI,DR.OETKER ZAHAR VANILINAT 8G} => {_PATRUNJEL RADACINA KG}",0.000119418169862266,0.416216216216216,0.000286913784734015,26.4772398088696,77
"{_CASTRAVETI FABIO,_ROSII VRAC} => {_ARDEI ROSU CAPIA}",0.000102358431310514,0.174603174603175,0.000586234652051123,24.6567903552135,66
"{_ARDEI ROSU CAPIA,_CASTRAVETI FABIO} => {_ROSII VRAC}",0.000102358431310514,0.181818181818182,0.000562971372207825,29.1992754443564,66
"{_ARDEI ROSU CAPIA,_ROSII VRAC} => {_CASTRAVETI FABIO}",0.000102358431310514,0.164588528678304,0.000621905014477515,36.7216370837612,66
"{_CASTRAVETI FABIO,_TELINA} => {_PATRUNJEL RADACINA KG}",0.000114765513893606,0.578125,0.000198513321329481,36.7769290770521,74
"{_CASTRAVETI FABIO,_PATRUNJEL RADACINA KG} => {_TELINA}",0.000114765513893606,0.364532019704433,0.000314829720545974,46.2055621351053,74
"{_CASTRAVETI FABIO,_TELINA} => {_MORCOVI}",0.000148884990997111,0.75,0.000198513321329481,26.1543942671714,96
"{_CASTRAVETI FABIO,_MORCOVI} => {_TELINA}",0.000148884990997111,0.28486646884273,0.000522648353812774,36.1077069086909,96
"{_CASTRAVETI FABIO,_PATRUNJEL RADACINA KG} => {_MORCOVI}",0.000231081913110099,0.733990147783251,0.000314829720545974,25.5960902844568,149
"{_CASTRAVETI FABIO,_MORCOVI} => {_PATRUNJEL RADACINA KG}",0.000231081913110099,0.44213649851632,0.000522648353812774,28.1261364727539,149
"{_PATRUNJEL RADACINA KG,PASTE PATRAT INCRETIT CU 4 OUA GYERMELYI 500G} => {_MORCOVI}",0.000136477908414018,0.698412698412698,0.000195411550683708,24.3554147673131,88
"{_MORCOVI,PASTE PATRAT INCRETIT CU 4 OUA GYERMELYI 500G} => {_PATRUNJEL RADACINA KG}",0.000136477908414018,0.413145539906103,0.000330338573774839,26.2819013528686,88
"{PASTE ATA PAIANJENULUI CU 8 OUA GYERMELYI 250G,PASTE PATRAT INCRETIT CU 4 OUA GYERMELYI 500G} => {CARNE TOCATA PORC VRAC}",0.0001039093166334,0.121157323688969,0.000857639583556273,2.20320926767955,67
"{CARNE TOCATA PORC VRAC,PASTE PATRAT INCRETIT CU 4 OUA GYERMELYI 500G} => {PASTE ATA PAIANJENULUI CU 8 OUA GYERMELYI 250G}",0.0001039093166334,0.21474358974359,0.00048387622074061,9.72777599139655,67
"{_PATRUNJEL RADACINA KG,UNT 82% GRASIME GORDON 200G} => {_MORCOVI}",0.000125621711153812,0.675,0.000186106238746388,23.5389548404543,81
"{_MORCOVI,UNT 82% GRASIME GORDON 200G} => {_PATRUNJEL RADACINA KG}",0.000125621711153812,0.479289940828402,0.00026209961956783,30.489621035573,81
"{_CLEMENTINA^2 A nu se consuma coaja,_TELINA} => {_PATRUNJEL RADACINA KG}",0.0001039093166334,0.582608695652174,0.000178351812131956,37.0621555540304,67
"{_CLEMENTINA^2 A nu se consuma coaja,_PATRUNJEL RADACINA KG} => {_TELINA}",0.0001039093166334,0.32843137254902,0.00031638060586886,41.6296933359544,67
"{_CLEMENTINA^2 A nu se consuma coaja,_TELINA} => {_MORCOVI}",0.000124070825830926,0.695652173913043,0.000178351812131956,24.2591483057822,80
"{_CLEMENTINA^2 A nu se consuma coaja,_MORCOVI} => {_TELINA}",0.000124070825830926,0.245398773006135,0.000505588615261022,31.1050542643886,80
"{_CLEMENTINA^2 A nu se consuma coaja,_PATRUNJEL RADACINA KG} => {_MORCOVI}",0.000238836339724532,0.754901960784314,0.00031638060586886,26.3253380205516,154
"{_CLEMENTINA^2 A nu se consuma coaja,_MORCOVI} => {_PATRUNJEL RADACINA KG}",0.000238836339724532,0.47239263803681,0.000505588615261022,30.0508549977968,154
"{_CLEMENTINA^2 A nu se consuma coaja,_MORCOVI} => {_BANANE}",0.0001039093166334,0.205521472392638,0.000505588615261022,6.7357327817661,67
"{_BANANE,_CLEMENTINA^2 A nu se consuma coaja} => {_MORCOVI}",0.0001039093166334,0.10702875399361,0.000970854212126993,3.73236297316398,67
"{_BANANE,_CLEMENTINA^2 A nu se consuma coaja} => {CARNE TOCATA PORC VRAC}",0.000102358431310514,0.105431309904153,0.000970854212126993,1.91723646587593,66
"{_CLEMENTINA^2 A nu se consuma coaja,CARNE TOCATA PORC VRAC} => {_BANANE}",0.000102358431310514,0.220735785953177,0.000463714711543084,7.23436462499273,66
"{_CARTOFI ALBI,_TELINA} => {_PATRUNJEL RADACINA KG}",0.000175250041486182,0.548543689320388,0.000319482376514633,34.8951392134926,113
"{_CARTOFI ALBI,_PATRUNJEL RADACINA KG} => {_TELINA}",0.000175250041486182,0.292746113989637,0.000598641734634216,37.1064763274465,113
"{_CARTOFI ALBI,_TELINA} => {_MORCOVI}",0.000235734569078759,0.737864077669903,0.000319482376514633,25.7311840039486,152
"{_CARTOFI ALBI,_MORCOVI} => {_TELINA}",0.000235734569078759,0.211994421199442,0.00111198477650967,26.8709492487619,152
"{_CARTOFI ALBI,_CEAPA GALBENA} => {_PATRUNJEL RADACINA KG}",0.000102358431310514,0.185393258426966,0.000552115174947619,11.7936341042718,66
"{_CARTOFI ALBI,_PATRUNJEL RADACINA KG} => {_CEAPA GALBENA}",0.000102358431310514,0.170984455958549,0.000598641734634216,19.2139387087628,66
"{_CARTOFI ALBI,_CEAPA GALBENA} => {_MORCOVI}",0.000165944729548863,0.300561797752809,0.000552115174947619,10.4813490134357,107
"{_CARTOFI ALBI,_MORCOVI} => {_CEAPA GALBENA}",0.000165944729548863,0.149232914923291,0.00111198477650967,16.7696651990474,107
"{_CARTOFI ALBI,_PATRUNJEL RADACINA KG} => {_MORCOVI}",0.000460612940897311,0.769430051813471,0.000598641734634216,26.8319692481862,297
"{_CARTOFI ALBI,_MORCOVI} => {_PATRUNJEL RADACINA KG}",0.000460612940897311,0.414225941422594,0.00111198477650967,26.3506301743981,297
"{_CARTOFI ALBI,PASTE ATA PAIANJENULUI CU 8 OUA GYERMELYI 250G} => {_MORCOVI}",0.000102358431310514,0.404907975460123,0.000252794307630511,14.1201637761416,66
"{_CARTOFI ALBI,GOBE 10 OUA PROASPETE L} => {_MORCOVI}",0.00010856197260206,0.206489675516224,0.000525750124458547,7.20081651406883,70
"{_CARTOFI ALBI,PIEPT DE PUI FARA OS REFR.VRAC SZEKELY CSURKE} => {_MORCOVI}",0.00011321462857072,0.241721854304636,0.000468367367511744,8.42945157396696,73
"{_CARTOFI ALBI,_MORCOVI} => {PIEPT DE PUI FARA OS REFR.VRAC SZEKELY CSURKE}",0.00011321462857072,0.101813110181311,0.00111198477650967,4.00490365746328,73
"{_CARTOFI ALBI,_MORCOVI} => {_BANANE}",0.00011321462857072,0.101813110181311,0.00111198477650967,3.3368090247605,73
"{_BANANE,_CARTOFI ALBI} => {_MORCOVI}",0.00011321462857072,0.210982658959538,0.000536606321718753,7.35749819461856,73
"{_CARTOFI ALBI,_MORCOVI} => {CARNE TOCATA PORC VRAC}",0.000151986761642884,0.136680613668061,0.00111198477650967,2.48549559842265,98
"{_CARTOFI ALBI,CARNE TOCATA PORC VRAC} => {_MORCOVI}",0.000151986761642884,0.221218961625282,0.00068704219803875,7.71446392229587,98
"{FAINA BL-55 GYERMELYI 2KG,PULPE PUI CU SPATE REFR.VRAC SZEKELY CSURKE} => {CARNE TOCATA PORC VRAC}",0.000100807545987627,0.408805031446541,0.000246590766338965,7.43399578773505,65
"{CARNE TOCATA PORC VRAC,FAINA BL-55 GYERMELYI 2KG} => {PULPE PUI CU SPATE REFR.VRAC SZEKELY CSURKE}",0.000100807545987627,0.177111716621253,0.000569174913499371,8.1682565692989,65
"{_PATRUNJEL RADACINA KG,FAINA BL-55 GYERMELYI 2KG} => {_MORCOVI}",0.000203165977298141,0.735955056179775,0.000276057587473809,25.6646116029922,131
"{_MORCOVI,FAINA BL-55 GYERMELYI 2KG} => {_PATRUNJEL RADACINA KG}",0.000203165977298141,0.501915708812261,0.000404781069273395,31.9289399794972,131
"{COTLET PORC FARA OS,FAINA BL-55 GYERMELYI 2KG} => {CARNE TOCATA PORC VRAC}",0.000100807545987627,0.355191256830601,0.000283812014088242,6.45904552049111,65
"{CARNE TOCATA PORC VRAC,FAINA BL-55 GYERMELYI 2KG} => {COTLET PORC FARA OS}",0.000100807545987627,0.177111716621253,0.000569174913499371,10.4368849474838,65
"{FAINA BL-55 GYERMELYI 2KG,PIEPT DE PUI FARA OS REFR.VRAC SZEKELY CSURKE} => {CARNE TOCATA PORC VRAC}",0.000116316399216493,0.375,0.000310177064577314,6.81926152067234,75
"{CARNE TOCATA PORC VRAC,FAINA BL-55 GYERMELYI 2KG} => {PIEPT DE PUI FARA OS REFR.VRAC SZEKELY CSURKE}",0.000116316399216493,0.204359673024523,0.000569174913499371,8.03865828748788,75
"{_ARDEI ROSU CAPIA,_USTUROI} => {_MORCOVI}",0.0001039093166334,0.440789473684211,0.000235734569078759,15.3714422447411,67
"{_MORCOVI,_USTUROI} => {_ARDEI ROSU CAPIA}",0.0001039093166334,0.1046875,0.000992566606647405,14.7835670581472,67
"{_TELINA,_USTUROI} => {_PATRUNJEL RADACINA KG}",0.00021247128923546,0.578059071729958,0.000367559821524117,36.7727351063511,137
"{_PATRUNJEL RADACINA KG,_USTUROI} => {_TELINA}",0.00021247128923546,0.345088161209068,0.000615701473185968,43.740992870155,137
"{_TELINA,_USTUROI} => {_MORCOVI}",0.000241938110370305,0.658227848101266,0.000367559821524117,22.9540675424965,156
"{_MORCOVI,_USTUROI} => {_TELINA}",0.000241938110370305,0.24375,0.000992566606647405,30.8960671810497,156
"{_CEAPA GALBENA,_USTUROI} => {_PATRUNJEL RADACINA KG}",0.000119418169862266,0.164882226980728,0.000724263445788028,10.4888423225715,77
"{_PATRUNJEL RADACINA KG,_USTUROI} => {_CEAPA GALBENA}",0.000119418169862266,0.193954659949622,0.000615701473185968,21.7951563354647,77
"{_CEAPA GALBENA,_PATRUNJEL RADACINA KG} => {_USTUROI}",0.000119418169862266,0.104619565217391,0.00114145159764452,18.7696058194817,77
"{_CEAPA GALBENA,_USTUROI} => {_MORCOVI}",0.00021712394520412,0.299785867237687,0.000724263445788028,10.4542903566139,140
"{_MORCOVI,_USTUROI} => {_CEAPA GALBENA}",0.00021712394520412,0.21875,0.000992566606647405,24.581468935169,140
"{_CEAPA GALBENA,_MORCOVI} => {_USTUROI}",0.00021712394520412,0.101302460202605,0.00214332351622924,18.1744900449133,140
"{_CEAPA GALBENA,_USTUROI} => {CARNE TOCATA PORC VRAC}",0.000100807545987627,0.139186295503212,0.000724263445788028,2.53106066434662,65
"{_USTUROI,CARNE TOCATA PORC VRAC} => {_CEAPA GALBENA}",0.000100807545987627,0.128712871287129,0.000783197088057718,14.4637780438901,65
"{_PATRUNJEL RADACINA KG,_USTUROI} => {_MORCOVI}",0.000460612940897311,0.748110831234257,0.000615701473185968,26.0885141808562,297
"{_MORCOVI,_USTUROI} => {_PATRUNJEL RADACINA KG}",0.000460612940897311,0.4640625,0.000992566606647405,29.5209403672553,297
"{_USTUROI,PASTE ATA PAIANJENULUI CU 8 OUA GYERMELYI 250G} => {_MORCOVI}",0.000100807545987627,0.391566265060241,0.000257446963599171,13.6549046374791,65
"{_MORCOVI,_USTUROI} => {PASTE ATA PAIANJENULUI CU 8 OUA GYERMELYI 250G}",0.000100807545987627,0.1015625,0.000992566606647405,4.60072987652803,65
"{_USTUROI,PIEPT DE PUI FARA OS REFR.VRAC SZEKELY CSURKE} => {CARNE TOCATA PORC VRAC}",0.000105460201956287,0.277551020408163,0.00037996690410721,5.04718131598062,68
"{_USTUROI,CARNE TOCATA PORC VRAC} => {PIEPT DE PUI FARA OS REFR.VRAC SZEKELY CSURKE}",0.000105460201956287,0.134653465346535,0.000783197088057718,5.29670643491875,68
"{_MORCOVI,_USTUROI} => {_BANANE}",0.000117867284539379,0.11875,0.000992566606647405,3.89189634797194,76
"{_BANANE,_USTUROI} => {_MORCOVI}",0.000117867284539379,0.249180327868852,0.000473020023480404,8.68954738494002,76
"{_MORCOVI,_USTUROI} => {CARNE TOCATA PORC VRAC}",0.000169046500194636,0.1703125,0.000992566606647405,3.09708127397202,109
"{_USTUROI,CARNE TOCATA PORC VRAC} => {_MORCOVI}",0.000169046500194636,0.215841584158416,0.000783197088057718,7.5269411884401,109
"{_PATRUNJEL RADACINA KG,GRASIME VEGETALA TARTINABILA CU 72% GRASIME RAMA 500G} => {_MORCOVI}",0.000183004468100615,0.690058479532164,0.000265201390213603,24.0640820547854,118
"{_MORCOVI,GRASIME VEGETALA TARTINABILA CU 72% GRASIME RAMA 500G} => {_PATRUNJEL RADACINA KG}",0.000183004468100615,0.383116883116883,0.000477672679449064,24.3716539478674,118
"{COTLET PORC FARA OS,GRASIME VEGETALA TARTINABILA CU 72% GRASIME RAMA 500G} => {CARNE TOCATA PORC VRAC}",0.000122519940508039,0.387254901960784,0.00031638060586886,7.04211320435445,79
"{CARNE TOCATA PORC VRAC,GRASIME VEGETALA TARTINABILA CU 72% GRASIME RAMA 500G} => {COTLET PORC FARA OS}",0.000122519940508039,0.160569105691057,0.000763035578860192,9.46205770113815,79
"{GRASIME VEGETALA TARTINABILA CU 72% GRASIME RAMA 500G,PASTE ATA PAIANJENULUI CU 8 OUA GYERMELYI 250G} => {CARNE TOCATA PORC VRAC}",0.000105460201956287,0.158139534883721,0.000666880688841225,2.87571958701221,68
"{CARNE TOCATA PORC VRAC,GRASIME VEGETALA TARTINABILA CU 72% GRASIME RAMA 500G} => {PASTE ATA PAIANJENULUI CU 8 OUA GYERMELYI 250G}",0.000105460201956287,0.138211382113821,0.000763035578860192,6.26090569813946,68
"{GRASIME VEGETALA TARTINABILA CU 72% GRASIME RAMA 500G,PIEPT DE PUI FARA OS REFR.VRAC SZEKELY CSURKE} => {CARNE TOCATA PORC VRAC}",0.000131825252445358,0.304659498207885,0.000432697005085353,5.54014078143034,85
"{CARNE TOCATA PORC VRAC,GRASIME VEGETALA TARTINABILA CU 72% GRASIME RAMA 500G} => {PIEPT DE PUI FARA OS REFR.VRAC SZEKELY CSURKE}",0.000131825252445358,0.172764227642276,0.000763035578860192,6.79582507528955,85
"{_PATRUNJEL RADACINA KG,GOBE PESMET 400G} => {_MORCOVI}",0.000173699156163296,0.73202614379085,0.000237285454401645,25.5276005047774,112
"{_MORCOVI,GOBE PESMET 400G} => {_PATRUNJEL RADACINA KG}",0.000173699156163296,0.430769230769231,0.000403230183950508,27.4030174245644,112
"{CARNATI TARANESC HAJDU,PULPE PUI CU SPATE REFR.VRAC SZEKELY CSURKE} => {CARNE TOCATA PORC VRAC}",0.000110112857924946,0.298319327731092,0.000369110706847004,5.42484669991862,71
"{CARNATI TARANESC HAJDU,CARNE TOCATA PORC VRAC} => {PULPE PUI CU SPATE REFR.VRAC SZEKELY CSURKE}",0.000110112857924946,0.10790273556231,0.00102048254245936,4.97639142918451,71
"{_PATRUNJEL RADACINA KG,CARNATI TARANESC HAJDU} => {_MORCOVI}",0.000107011087279173,0.669902912621359,0.000159741188257317,23.3612065299007,69
"{_MORCOVI,CARNATI TARANESC HAJDU} => {_PATRUNJEL RADACINA KG}",0.000107011087279173,0.361256544502618,0.000296219096671335,22.9810271408323,69
"{CARNATI TARANESC HAJDU,COTLET PORC FARA OS} => {CARNE TOCATA PORC VRAC}",0.000128723481799585,0.345833333333333,0.000372212477492777,6.28887451350894,83
"{CARNATI TARANESC HAJDU,CARNE TOCATA PORC VRAC} => {COTLET PORC FARA OS}",0.000128723481799585,0.126139817629179,0.00102048254245936,7.43319972843826,83
"{CARNATI TARANESC HAJDU,PIEPT DE PUI FARA OS REFR.VRAC SZEKELY CSURKE} => {CARNE TOCATA PORC VRAC}",0.0001039093166334,0.285106382978723,0.000364458050878344,5.18457329798635,67
"{CARNATI TARANESC HAJDU,CARNE TOCATA PORC VRAC} => {PIEPT DE PUI FARA OS REFR.VRAC SZEKELY CSURKE}",0.0001039093166334,0.101823708206687,0.00102048254245936,4.00532053963606,67
"{_ROSII VRAC,_TELINA} => {_PATRUNJEL RADACINA KG}",0.000102358431310514,0.532258064516129,0.000192309780037935,33.8591430735545,66
"{_PATRUNJEL RADACINA KG,_ROSII VRAC} => {_TELINA}",0.000102358431310514,0.352941176470588,0.000290015555379789,44.7363868684883,66
"{_ROSII VRAC,_TELINA} => {_MORCOVI}",0.000133376137768245,0.693548387096774,0.000192309780037935,24.1857839459865,86
"{_MORCOVI,_ROSII VRAC} => {_TELINA}",0.000133376137768245,0.245714285714286,0.000542809863010299,31.1450464770142,86
"{_PATRUNJEL RADACINA KG,_ROSII VRAC} => {_MORCOVI}",0.00021712394520412,0.748663101604278,0.000290015555379789,26.1077732435223,140
"{_MORCOVI,_ROSII VRAC} => {_PATRUNJEL RADACINA KG}",0.00021712394520412,0.4,0.000542809863010299,25.4456590370955,140
"{_PATRUNJEL RADACINA KG,LAPTE DE CONSUM 3.5% GRASIME FRISS CUTIE 1L} => {_MORCOVI}",0.000175250041486182,0.773972602739726,0.000226429257141439,26.9903794720582,113
"{_MORCOVI,LAPTE DE CONSUM 3.5% GRASIME FRISS CUTIE 1L} => {_PATRUNJEL RADACINA KG}",0.000175250041486182,0.455645161290323,0.000384619560075869,28.9854785402398,113
"{_TELINA,APA MINERALA NATURALA CARBOGAZIFICATA CONTINUT REDUS CO2 TUSNAD 2L} => {_MORCOVI}",0.000107011087279173,0.711340206185567,0.000150435876319997,24.8062296142245,69
"{_MORCOVI,APA MINERALA NATURALA CARBOGAZIFICATA CONTINUT REDUS CO2 TUSNAD 2L} => {_TELINA}",0.000107011087279173,0.254612546125461,0.00042028992250226,32.2729285342785,69
"{_PATRUNJEL RADACINA KG,APA MINERALA NATURALA CARBOGAZIFICATA CONTINUT REDUS CO2 TUSNAD 2L} => {_MORCOVI}",0.000214022174558347,0.816568047337278,0.00026209961956783,28.4757902080446,138
"{_MORCOVI,APA MINERALA NATURALA CARBOGAZIFICATA CONTINUT REDUS CO2 TUSNAD 2L} => {_PATRUNJEL RADACINA KG}",0.000214022174558347,0.509225092250922,0.00042028992250226,32.3939201763762,138
"{_PATRUNJEL RADACINA KG,CAFEA JACOBS KRONUNG 500G} => {_MORCOVI}",0.000142681449705564,0.736,0.000193860665360821,25.6661789075176,92
"{_MORCOVI,CAFEA JACOBS KRONUNG 500G} => {_PATRUNJEL RADACINA KG}",0.000142681449705564,0.412556053811659,0.000345847427003705,26.2444016974528,92
"{_TELINA,OUA CONSUM CLASA M 1X30 PAL MAR} => {_PATRUNJEL RADACINA KG}",0.000114765513893606,0.578125,0.000198513321329481,36.7769290770521,74
"{_PATRUNJEL RADACINA KG,OUA CONSUM CLASA M 1X30 PAL MAR} => {_TELINA}",0.000114765513893606,0.373737373737374,0.000307075293931541,47.3723692597292,74
"{_TELINA,OUA CONSUM CLASA M 1X30 PAL MAR} => {_MORCOVI}",0.000147334105674224,0.7421875,0.000198513321329481,25.8819526602217,95
"{_MORCOVI,OUA CONSUM CLASA M 1X30 PAL MAR} => {_TELINA}",0.000147334105674224,0.24234693877551,0.000607947046571535,30.7182248267894,95
"{OUA CONSUM CLASA M 1X30 PAL MAR,PULPE PUI CU SPATE REFR.VRAC SZEKELY CSURKE} => {CARNE TOCATA PORC VRAC}",0.000159741188257317,0.384328358208955,0.000415637266533601,6.98889489183335,103
"{CARNE TOCATA PORC VRAC,OUA CONSUM CLASA M 1X30 PAL MAR} => {PULPE PUI CU SPATE REFR.VRAC SZEKELY CSURKE}",0.000159741188257317,0.192883895131086,0.000828172762421428,8.89565734877751,103
"{_PATRUNJEL RADACINA KG,OUA CONSUM CLASA M 1X30 PAL MAR} => {_MORCOVI}",0.000237285454401645,0.772727272727273,0.000307075293931541,26.9469516692069,153
"{_MORCOVI,OUA CONSUM CLASA M 1X30 PAL MAR} => {_PATRUNJEL RADACINA KG}",0.000237285454401645,0.39030612244898,0.000607947046571535,24.828991279819,153
"{COTLET PORC FARA OS,OUA CONSUM CLASA M 1X30 PAL MAR} => {CARNE TOCATA PORC VRAC}",0.000116316399216493,0.345622119815668,0.000336542115066386,6.28503365960585,75
"{CARNE TOCATA PORC VRAC,OUA CONSUM CLASA M 1X30 PAL MAR} => {COTLET PORC FARA OS}",0.000116316399216493,0.140449438202247,0.000828172762421428,8.2764407427108,75
"{OUA CONSUM CLASA M 1X30 PAL MAR,PIEPT DE PUI FARA OS REFR.VRAC SZEKELY CSURKE} => {CARNE TOCATA PORC VRAC}",0.000155088532288657,0.305810397553517,0.000507139500583908,5.56106953775523,100
"{CARNE TOCATA PORC VRAC,OUA CONSUM CLASA M 1X30 PAL MAR} => {PIEPT DE PUI FARA OS REFR.VRAC SZEKELY CSURKE}",0.000155088532288657,0.187265917602996,0.000828172762421428,7.36626115232972,100
"{_MORCOVI,OUA CONSUM CLASA M 1X30 PAL MAR} => {CARNE TOCATA PORC VRAC}",0.000122519940508039,0.201530612244898,0.000607947046571535,3.66477319818446,79
"{CARNE TOCATA PORC VRAC,OUA CONSUM CLASA M 1X30 PAL MAR} => {_MORCOVI}",0.000122519940508039,0.147940074906367,0.000828172762421428,5.159044062688,79
"{FAINA BL-55 GYERMELYI 1KG,ZAHAR CRISTAL KORONAS 1KG} => {ULEI KUNSAGI EDEN 1L}",0.000110112857924946,0.173170731707317,0.000635862982383494,15.1054214840038,71
"{ULEI KUNSAGI EDEN 1L,ZAHAR CRISTAL KORONAS 1KG} => {FAINA BL-55 GYERMELYI 1KG}",0.000110112857924946,0.173170731707317,0.000635862982383494,16.2673769827733,71
"{FAINA BL-55 GYERMELYI 1KG,ULEI KUNSAGI EDEN 1L} => {ZAHAR CRISTAL KORONAS 1KG}",0.000110112857924946,0.134724857685009,0.000817316565161222,24.1640181255328,71
"{_PATRUNJEL RADACINA KG,ZAHAR CRISTAL KORONAS 1KG} => {_MORCOVI}",0.00016749561487175,0.76056338028169,0.000220225715849893,26.5227660174133,108
"{_MORCOVI,ZAHAR CRISTAL KORONAS 1KG} => {_PATRUNJEL RADACINA KG}",0.00016749561487175,0.473684210526316,0.000353601853618138,30.133017280771,108
"{APA MINERALA NATURALA NATURAL CARBOGAZOASA BORSEC 1.5L,STICLA BERE 500ML CSIKI} => {BERE TILTOTT IGAZI SOR 6% 500ML}",0.00010856197260206,0.538461538461538,0.000201615091975254,26.6540941785069,70
"{APA MINERALA NATURALA NATURAL CARBOGAZOASA BORSEC 1.5L,BERE TILTOTT IGAZI SOR 6% 500ML} => {STICLA BERE 500ML CSIKI}",0.00010856197260206,0.276679841897233,0.000392373986690302,26.8151548619334,70
"{_PATRUNJEL RADACINA KG,APA MINERALA NATURALA NATURAL CARBOGAZOASA BORSEC 1.5L} => {_MORCOVI}",0.000110112857924946,0.702970297029703,0.000156639417611544,24.5143497421673,71
"{_MORCOVI,APA MINERALA NATURALA NATURAL CARBOGAZOASA BORSEC 1.5L} => {_PATRUNJEL RADACINA KG}",0.000110112857924946,0.417647058823529,0.000263650504890717,26.5682616416732,71
"{MERKUR SACOSA ECO RECICLABILA,STICLA BERE 500ML CSIKI} => {BERE TILTOTT IGAZI SOR 6% 500ML}",0.000114765513893606,0.379487179487179,0.000302422637962881,18.7847901829477,74
"{BERE TILTOTT IGAZI SOR 6% 500ML,MERKUR SACOSA ECO RECICLABILA} => {STICLA BERE 500ML CSIKI}",0.000114765513893606,0.822222222222222,0.000139579679059791,79.6878300516058,74
"{MERKUR SACOSA ECO RECICLABILA,PULPE PUI CU SPATE REFR.VRAC SZEKELY CSURKE} => {CARNE TOCATA PORC VRAC}",0.000117867284539379,0.363636363636364,0.000324135032483293,6.61261723216712,76
"{CARNE TOCATA PORC VRAC,MERKUR SACOSA ECO RECICLABILA} => {PULPE PUI CU SPATE REFR.VRAC SZEKELY CSURKE}",0.000117867284539379,0.226190476190476,0.000521097468489887,10.431731329253,76
"{_PATRUNJEL RADACINA KG,MERKUR SACOSA ECO RECICLABILA} => {_MORCOVI}",0.000119418169862266,0.719626168224299,0.000165944729548863,25.0951820382829,77
"{_MORCOVI,MERKUR SACOSA ECO RECICLABILA} => {_PATRUNJEL RADACINA KG}",0.000119418169862266,0.447674418604651,0.00026675227553649,28.4784265386098,77
"{_PATRUNJEL RADACINA KG,LAPTE DE CONSUM 1.5% GRASIME FRISS CUTIE 1L} => {_MORCOVI}",0.000223327486495666,0.795580110497238,0.000280710243442469,27.7438878414194,144
"{_MORCOVI,LAPTE DE CONSUM 1.5% GRASIME FRISS CUTIE 1L} => {_PATRUNJEL RADACINA KG}",0.000223327486495666,0.466019417475728,0.00047922356477195,29.6454280043831,144
"{LAPTE DE CONSUM 1.5% GRASIME FRISS CUTIE 1L,PIEPT DE PUI FARA OS REFR.VRAC SZEKELY CSURKE} => {CARNE TOCATA PORC VRAC}",0.000114765513893606,0.263345195729537,0.000435798775731126,4.7888526930463,74
"{CARNE TOCATA PORC VRAC,LAPTE DE CONSUM 1.5% GRASIME FRISS CUTIE 1L} => {PIEPT DE PUI FARA OS REFR.VRAC SZEKELY CSURKE}",0.000114765513893606,0.216374269005848,0.000530402780427207,8.51126244723571,74
"{_PATRUNJEL RADACINA KG,BERE TILTOTT CSIKI DOZA 500ML} => {_MORCOVI}",0.000102358431310514,0.694736842105263,0.000147334105674224,24.2272283738009,66
"{_MORCOVI,BERE TILTOTT CSIKI DOZA 500ML} => {_PATRUNJEL RADACINA KG}",0.000102358431310514,0.415094339622642,0.000246590766338965,26.4058725856651,66
"{_PATRUNJEL RADACINA KG,APA MINERALA NATURALA PLATA BORSEC 2L} => {_MORCOVI}",0.000136477908414018,0.785714285714286,0.000173699156163296,27.3998416132272,88
"{_MORCOVI,APA MINERALA NATURALA PLATA BORSEC 2L} => {_PATRUNJEL RADACINA KG}",0.000136477908414018,0.468085106382979,0.000291566440702675,29.7768350434096,88
"{_TELINA,PAINE DE CASA MAJO COM} => {_MORCOVI}",0.000105460201956287,0.686868686868687,0.00015353764696577,23.9528459281839,68
"{_MORCOVI,PAINE DE CASA MAJO COM} => {_TELINA}",0.000105460201956287,0.256603773584906,0.000410984610564941,32.5253227798569,68
"{_PATRUNJEL RADACINA KG,PAINE DE CASA MAJO COM} => {_MORCOVI}",0.000170597385517523,0.738255033557047,0.000231081913110099,25.7448176231665,110
"{_MORCOVI,PAINE DE CASA MAJO COM} => {_PATRUNJEL RADACINA KG}",0.000170597385517523,0.415094339622642,0.000410984610564941,26.4058725856651,110
"{_ARDEI ROSU CAPIA,_TELINA} => {_PATRUNJEL RADACINA KG}",0.000249692536984738,0.559027777777778,0.000446654972991332,35.5620755639963,161
"{_ARDEI ROSU CAPIA,_PATRUNJEL RADACINA KG} => {_TELINA}",0.000249692536984738,0.4025,0.000620354129154628,51.0181211912719,161
"{_ARDEI ROSU CAPIA,_TELINA} => {_MORCOVI}",0.000314829720545974,0.704861111111111,0.000446654972991332,24.5802872047954,203
"{_ARDEI ROSU CAPIA,_MORCOVI} => {_TELINA}",0.000314829720545974,0.279229711141678,0.00112749362973854,35.3932304179627,203
"{_ARDEI ROSU CAPIA,_CEAPA GALBENA} => {_MORCOVI}",0.000148884990997111,0.30379746835443,0.000490079762032156,10.5941850196138,96
"{_ARDEI ROSU CAPIA,_MORCOVI} => {_CEAPA GALBENA}",0.000148884990997111,0.132049518569464,0.00112749362973854,14.8387252051168,96
"{_ARDEI ROSU CAPIA,_PATRUNJEL RADACINA KG} => {_MORCOVI}",0.000500935959292362,0.8075,0.000620354129154628,28.1595644943213,323
"{_ARDEI ROSU CAPIA,_MORCOVI} => {_PATRUNJEL RADACINA KG}",0.000500935959292362,0.444291609353508,0.00112749362973854,28.2632320116295,323
"{_ARDEI ROSU CAPIA,_PATRUNJEL RADACINA KG} => {CARNE TOCATA PORC VRAC}",0.0001039093166334,0.1675,0.000620354129154628,3.04593681256698,67
"{_ARDEI ROSU CAPIA,CARNE TOCATA PORC VRAC} => {_PATRUNJEL RADACINA KG}",0.0001039093166334,0.158018867924528,0.000657575376903906,10.0522355865884,67
"{_ARDEI ROSU CAPIA,PIEPT DE PUI FARA OS REFR.VRAC SZEKELY CSURKE} => {_MORCOVI}",0.000125621711153812,0.252336448598131,0.000497834188646589,8.79960928615114,81
"{_ARDEI ROSU CAPIA,_MORCOVI} => {PIEPT DE PUI FARA OS REFR.VRAC SZEKELY CSURKE}",0.000125621711153812,0.111416781292985,0.00112749362973854,4.38267207541774,81
"{_ARDEI ROSU CAPIA,PIEPT DE PUI FARA OS REFR.VRAC SZEKELY CSURKE} => {CARNE TOCATA PORC VRAC}",0.000122519940508039,0.246105919003115,0.000497834188646589,4.4753616625804,79
"{_ARDEI ROSU CAPIA,CARNE TOCATA PORC VRAC} => {PIEPT DE PUI FARA OS REFR.VRAC SZEKELY CSURKE}",0.000122519940508039,0.186320754716981,0.000657575376903906,7.32908238141938,79
"{_ARDEI ROSU CAPIA,_MORCOVI} => {_BANANE}",0.000138028793736905,0.12242090784044,0.00112749362973854,4.01220618222837,89
"{_ARDEI ROSU CAPIA,_BANANE} => {_MORCOVI}",0.000138028793736905,0.168241965973535,0.000820418335806995,5.8670222804745,89
"{_ARDEI ROSU CAPIA,_MORCOVI} => {CARNE TOCATA PORC VRAC}",0.000164393844225976,0.145804676753783,0.00112749362973854,2.65141392458971,106
"{_ARDEI ROSU CAPIA,CARNE TOCATA PORC VRAC} => {_MORCOVI}",0.000164393844225976,0.25,0.000657575376903906,8.71813142239048,106
"{_PATRUNJEL RADACINA KG,COCA COLA 2L PET} => {_MORCOVI}",0.000117867284539379,0.737864077669903,0.000159741188257317,25.7311840039486,76
"{_MORCOVI,COCA COLA 2L PET} => {_PATRUNJEL RADACINA KG}",0.000117867284539379,0.404255319148936,0.000291566440702675,25.7163575374901,76
"{GOBE CARNATI AFUMATI UDVARHELYI,PULPE PORC FARA OS} => {CARNE TOCATA PORC VRAC}",0.000105460201956287,0.346938775510204,0.000303973523285768,6.30897664497577,68
"{GOBE CARNATI AFUMATI UDVARHELYI,PULPE PUI CU SPATE REFR.VRAC SZEKELY CSURKE} => {CARNE TOCATA PORC VRAC}",0.000107011087279173,0.336585365853659,0.000317931491191747,6.12070302343274,69
"{_PATRUNJEL RADACINA KG,GOBE CARNATI AFUMATI UDVARHELYI} => {_MORCOVI}",0.000169046500194636,0.703225806451613,0.000240387225047418,24.5232600010468,109
"{_MORCOVI,GOBE CARNATI AFUMATI UDVARHELYI} => {_PATRUNJEL RADACINA KG}",0.000169046500194636,0.412878787878788,0.000409433725242054,26.2649321500323,109
"{COTLET PORC FARA OS,GOBE CARNATI AFUMATI UDVARHELYI} => {CARNE TOCATA PORC VRAC}",0.00016284295890309,0.348837209302326,0.000466816482188858,6.34349908899753,105
"{CARNE TOCATA PORC VRAC,GOBE CARNATI AFUMATI UDVARHELYI} => {COTLET PORC FARA OS}",0.00016284295890309,0.14018691588785,0.00116161310684204,8.26097076001414,105
"{GOBE CARNATI AFUMATI UDVARHELYI,PIEPT DE PUI FARA OS REFR.VRAC SZEKELY CSURKE} => {CARNE TOCATA PORC VRAC}",0.000134927023091132,0.301038062283737,0.000448205858314219,5.47428606503801,87
"{CARNE TOCATA PORC VRAC,GOBE CARNATI AFUMATI UDVARHELYI} => {PIEPT DE PUI FARA OS REFR.VRAC SZEKELY CSURKE}",0.000134927023091132,0.116154873164219,0.00116161310684204,4.56904887336361,87
"{_PATRUNJEL RADACINA KG,GOBE LAPTE 1.5% 1L} => {_MORCOVI}",0.00021247128923546,0.661835748792271,0.00032103326183752,23.0798841520289,137
"{_MORCOVI,GOBE LAPTE 1.5% 1L} => {_PATRUNJEL RADACINA KG}",0.00021247128923546,0.361477572559367,0.00058778553737401,22.9950876522565,137
"{GOBE LAPTE 1.5% 1L,PIEPT DE PUI FARA OS REFR.VRAC SZEKELY CSURKE} => {CARNE TOCATA PORC VRAC}",0.000107011087279173,0.205357142857143,0.000521097468489887,3.73435749941581,69
"{CARNE TOCATA PORC VRAC,GOBE LAPTE 1.5% 1L} => {PIEPT DE PUI FARA OS REFR.VRAC SZEKELY CSURKE}",0.000107011087279173,0.113861386138614,0.000939836505669261,4.47883264717394,69
"{_MORCOVI,GOBE LAPTE 1.5% 1L} => {CARNE TOCATA PORC VRAC}",0.000114765513893606,0.195250659630607,0.00058778553737401,3.55057416027971,74
"{CARNE TOCATA PORC VRAC,GOBE LAPTE 1.5% 1L} => {_MORCOVI}",0.000114765513893606,0.122112211221122,0.000939836505669261,4.25836122281779,74
"{_MERE ROSII,_TELINA} => {_PATRUNJEL RADACINA KG}",0.000128723481799585,0.485380116959064,0.000265201390213603,30.8770423988147,83
"{_MERE ROSII,_PATRUNJEL RADACINA KG} => {_TELINA}",0.000128723481799585,0.267741935483871,0.000480774450094837,33.9371192857188,83
"{_MERE ROSII,_TELINA} => {_MORCOVI}",0.000179902697454842,0.678362573099415,0.000265201390213603,23.6562162572467,116
"{_MERE ROSII,_MORCOVI} => {_TELINA}",0.000179902697454842,0.205309734513274,0.000876250207430912,26.0236445146487,116
"{_CEAPA GALBENA,_MERE ROSII} => {_MORCOVI}",0.000114765513893606,0.28030303030303,0.000409433725242054,9.77487462510448,74
"{_MERE ROSII,_MORCOVI} => {_CEAPA GALBENA}",0.000114765513893606,0.130973451327434,0.000876250207430912,14.7178049149128,74
"{_LAMAIE^2 A nu se consuma coaja,_MERE ROSII} => {_BANANE}",0.000130274367122472,0.25,0.000521097468489887,8.19346599573041,84
"{_MERE ROSII,_PATRUNJEL RADACINA KG} => {_MORCOVI}",0.000350500082972365,0.729032258064516,0.000480774450094837,25.4231961478742,226
"{_MERE ROSII,_MORCOVI} => {_PATRUNJEL RADACINA KG}",0.000350500082972365,0.4,0.000876250207430912,25.4456590370955,226
"{_MERE ROSII,_MORCOVI} => {_BANANE}",0.000221776601172779,0.253097345132743,0.000876250207430912,8.2949779638191,143
"{_BANANE,_MERE ROSII} => {_MORCOVI}",0.000221776601172779,0.122957867583835,0.00180367963051708,4.28785139605104,143
"{_BANANE,_MORCOVI} => {_MERE ROSII}",0.000221776601172779,0.106636838180462,0.00207973721799089,12.4157975444014,143
"{APA MINERALA NATURALA CARBOGAZOASA PERLA HARGHITEI  2L,STICLA BERE 500ML CSIKI} => {BERE TILTOTT IGAZI SOR 6% 500ML}",0.000130274367122472,0.497041420118343,0.00026209961956783,24.6037792416987,84
"{APA MINERALA NATURALA CARBOGAZOASA PERLA HARGHITEI  2L,BERE TILTOTT IGAZI SOR 6% 500ML} => {STICLA BERE 500ML CSIKI}",0.000130274367122472,0.207920792079208,0.000626557670446174,20.1511906338687,84
"{PAINE ALBA SECUIASCA CU CARTOFI FEL.HARMOPAN 500G,STICLA BERE 500ML CSIKI} => {BERE TILTOTT IGAZI SOR 6% 500ML}",0.000181453582777729,0.483471074380165,0.00037531424813855,23.9320408769238,117
"{BERE TILTOTT IGAZI SOR 6% 500ML,PAINE ALBA SECUIASCA CU CARTOFI FEL.HARMOPAN 500G} => {STICLA BERE 500ML CSIKI}",0.000181453582777729,0.386138613861386,0.000469918252834631,37.4236397486134,117
"{PASTE ATA PAIANJENULUI CU 8 OUA GYERMELYI 250G,STICLA BERE 500ML CSIKI} => {BERE TILTOTT IGAZI SOR 6% 500ML}",0.000111663743247833,0.48,0.000232632798432985,23.760221096269,72
"{BERE TILTOTT IGAZI SOR 6% 500ML,PASTE ATA PAIANJENULUI CU 8 OUA GYERMELYI 250G} => {STICLA BERE 500ML CSIKI}",0.000111663743247833,0.226415094339623,0.000493181532677929,21.9436145986064,72
"{GOBE 10 OUA PROASPETE L,STICLA BERE 500ML CSIKI} => {BERE TILTOTT IGAZI SOR 6% 500ML}",0.000114765513893606,0.397849462365591,0.000288464670056902,19.6937316434129,74
"{BERE TILTOTT IGAZI SOR 6% 500ML,GOBE 10 OUA PROASPETE L} => {STICLA BERE 500ML CSIKI}",0.000114765513893606,0.256944444444444,0.000446654972991332,24.9024468911268,74
"{_BANANE,STICLA BERE 500ML CSIKI} => {BERE TILTOTT IGAZI SOR 6% 500ML}",0.000111663743247833,0.382978723404255,0.000291566440702675,18.9576232151082,72
"{_BANANE,BERE TILTOTT IGAZI SOR 6% 500ML} => {STICLA BERE 500ML CSIKI}",0.000111663743247833,0.250871080139373,0.000445104087668446,24.3138308096057,72
"{CARNE TOCATA PORC VRAC,STICLA BERE 500ML CSIKI} => {BERE TILTOTT IGAZI SOR 6% 500ML}",0.000107011087279173,0.445161290322581,0.000240387225047418,22.0356889199269,69
"{BERE TILTOTT IGAZI SOR 6% 500ML,CARNE TOCATA PORC VRAC} => {STICLA BERE 500ML CSIKI}",0.000107011087279173,0.198847262247839,0.00053815720704164,19.2718056164994,69
"{_TELINA,BRANZA PULISZKA KERESZTURI 300G} => {_MORCOVI}",0.0001039093166334,0.744444444444444,0.000139579679059791,25.9606580133405,67
"{_MORCOVI,BRANZA PULISZKA KERESZTURI 300G} => {_TELINA}",0.0001039093166334,0.270161290322581,0.000384619560075869,34.243780002156,67
"{_PATRUNJEL RADACINA KG,BRANZA PULISZKA KERESZTURI 300G} => {_MORCOVI}",0.000175250041486182,0.710691823899371,0.000246590766338965,24.7836188862924,113
"{_MORCOVI,BRANZA PULISZKA KERESZTURI 300G} => {_PATRUNJEL RADACINA KG}",0.000175250041486182,0.455645161290323,0.000384619560075869,28.9854785402398,113
"{_PATRUNJEL RADACINA KG,BRANZA TOPITA MEDVE NATUR 140G} => {_MORCOVI}",0.000119418169862266,0.68141592920354,0.000175250041486182,23.7626944964272,77
"{_MORCOVI,BRANZA TOPITA MEDVE NATUR 140G} => {_PATRUNJEL RADACINA KG}",0.000119418169862266,0.390862944162437,0.000305524408608654,24.8644130184816,77
"{_TELINA,OUA PROASPETE} => {_MORCOVI}",0.000111663743247833,0.660550458715596,0.000169046500194636,23.0350628408115,72
"{_MORCOVI,OUA PROASPETE} => {_TELINA}",0.000111663743247833,0.111111111111111,0.0010049736892305,14.0836773474871,72
"{_PATRUNJEL RADACINA KG,OUA PROASPETE} => {_MORCOVI}",0.000333440344420613,0.643712574850299,0.000517995697844114,22.4478833031611,215
"{_MORCOVI,OUA PROASPETE} => {_PATRUNJEL RADACINA KG}",0.000333440344420613,0.33179012345679,0.0010049736892305,21.1065458833933,215
"{OUA PROASPETE,PIEPT DE PUI FARA OS REFR.VRAC SZEKELY CSURKE} => {CARNE TOCATA PORC VRAC}",0.000150435876319997,0.22877358490566,0.000657575376903906,4.1601784119825,97
"{CARNE TOCATA PORC VRAC,OUA PROASPETE} => {PIEPT DE PUI FARA OS REFR.VRAC SZEKELY CSURKE}",0.000150435876319997,0.101147028154327,0.00148729902464822,3.97870276505083,97
"{_MORCOVI,OUA PROASPETE} => {CARNE TOCATA PORC VRAC}",0.000130274367122472,0.12962962962963,0.0010049736892305,2.35727558739291,84
"{_CEAPA GALBENA,_TELINA} => {_PATRUNJEL RADACINA KG}",0.000414086381210714,0.568085106382979,0.000728916101756688,36.1382498026835,267
"{_PATRUNJEL RADACINA KG,_TELINA} => {_CEAPA GALBENA}",0.000414086381210714,0.103208349439505,0.00401214033030756,11.5977729627304,267
"{_CEAPA GALBENA,_PATRUNJEL RADACINA KG} => {_TELINA}",0.000414086381210714,0.362771739130435,0.00114145159764452,45.9824411222981,267
"{_CEAPA GALBENA,_TELINA} => {_MORCOVI}",0.000561420486884938,0.770212765957447,0.000728916101756688,26.8592644672796,362
"{_MORCOVI,_TELINA} => {_CEAPA GALBENA}",0.000561420486884938,0.111728395061728,0.00502486844615249,12.5551911880511,362
"{_CEAPA GALBENA,_MORCOVI} => {_TELINA}",0.000561420486884938,0.261939218523878,0.00214332351622924,33.2016069450889,362
"{_CEAPA GALBENA,_TELINA} => {CARNE TOCATA PORC VRAC}",0.000119418169862266,0.163829787234043,0.000728916101756688,2.97919510406678,77
"{_TELINA,CARNE TOCATA PORC VRAC} => {_CEAPA GALBENA}",0.000119418169862266,0.114074074074074,0.00104684759294843,12.818780837303,77
"{_CEAPA GALBENA,CARNE TOCATA PORC VRAC} => {_TELINA}",0.000119418169862266,0.108298171589311,0.00110267946457235,13.7271285538798,77
"{_TELINA,CEAFA DE PORC FARA OS} => {_PATRUNJEL RADACINA KG}",0.000136477908414018,0.556962025316456,0.000245039881016078,35.4306644820317,88
"{_PATRUNJEL RADACINA KG,CEAFA DE PORC FARA OS} => {_TELINA}",0.000136477908414018,0.321167883211679,0.00042494257847092,40.7090235737582,88
"{_TELINA,CEAFA DE PORC FARA OS} => {_MORCOVI}",0.000176800926809069,0.721518987341772,0.000245039881016078,25.1611894215827,114
"{_MORCOVI,CEAFA DE PORC FARA OS} => {_TELINA}",0.000176800926809069,0.235051546391753,0.000752179381599986,29.793511254684,114
"{_TELINA,DROJDIE PROASPATA BUDAFOK 50G} => {_MORCOVI}",0.00010856197260206,0.614035087719298,0.000176800926809069,21.4129543707836,70
"{_MORCOVI,DROJDIE PROASPATA BUDAFOK 50G} => {_TELINA}",0.00010856197260206,0.165876777251185,0.000654473606258132,21.02539509222,70
"{_TELINA,OUA PROASPETE M DIN GHEORGHENI 1*10} => {_PATRUNJEL RADACINA KG}",0.000114765513893606,0.468354430379747,0.000245039881016078,29.7939678598903,74
"{_PATRUNJEL RADACINA KG,OUA PROASPETE M DIN GHEORGHENI 1*10} => {_TELINA}",0.000114765513893606,0.24025974025974,0.000477672679449064,30.4536659526831,74
"{_TELINA,OUA PROASPETE M DIN GHEORGHENI 1*10} => {_MORCOVI}",0.00016284295890309,0.664556962025316,0.000245039881016078,23.1747797304051,105
"{_MORCOVI,OUA PROASPETE M DIN GHEORGHENI 1*10} => {_TELINA}",0.00016284295890309,0.199619771863118,0.000815765679838336,25.3024241318921,105
"{_TELINA,GOBE PAINE SEMIALBA CU CARTOFI MAMA 1.1KG} => {_MORCOVI}",0.00010856197260206,0.686274509803922,0.00015819030293443,23.9321254732288,70
"{_MORCOVI,GOBE PAINE SEMIALBA CU CARTOFI MAMA 1.1KG} => {_TELINA}",0.00010856197260206,0.205278592375367,0.00052885189510432,26.0196971522488,70
"{_TELINA,GRASIME VEGETALA TARTINABILA CU 70% GRASIME RAMA 250G} => {_PATRUNJEL RADACINA KG}",0.000124070825830926,0.529801324503311,0.000234183683755872,33.7028596517821,80
"{_PATRUNJEL RADACINA KG,GRASIME VEGETALA TARTINABILA CU 70% GRASIME RAMA 250G} => {_TELINA}",0.000124070825830926,0.241691842900302,0.000513343041875455,30.6351893963465,80
"{_TELINA,GRASIME VEGETALA TARTINABILA CU 70% GRASIME RAMA 250G} => {_MORCOVI}",0.00015353764696577,0.655629139072848,0.000234183683755872,22.8634439951432,99
"{_MORCOVI,GRASIME VEGETALA TARTINABILA CU 70% GRASIME RAMA 250G} => {_TELINA}",0.00015353764696577,0.17338003502627,0.000885555519368231,21.9764562462539,99
"{_TELINA,PULPE PORC FARA OS} => {_PATRUNJEL RADACINA KG}",0.000164393844225976,0.579234972677596,0.000283812014088242,36.8475390427886,106
"{_PATRUNJEL RADACINA KG,PULPE PORC FARA OS} => {_TELINA}",0.000164393844225976,0.28494623655914,0.000576929340113804,36.1178177137168,106
"{_TELINA,PULPE PORC FARA OS} => {_MORCOVI}",0.000210920403912573,0.743169398907104,0.000283812014088242,25.9161939550843,136
"{_MORCOVI,PULPE PORC FARA OS} => {_TELINA}",0.000210920403912573,0.206373292867982,0.00102203342778225,26.15845382902,136
"{_TELINA,GOBE 20 OUA PROASPETE M DIN GHEORGHENI} => {_PATRUNJEL RADACINA KG}",0.000170597385517523,0.607734806629834,0.000280710243442469,38.6605316861948,110
"{_PATRUNJEL RADACINA KG,GOBE 20 OUA PROASPETE M DIN GHEORGHENI} => {_TELINA}",0.000170597385517523,0.301369863013699,0.000566073142853598,38.1995632164717,110
"{_TELINA,GOBE 20 OUA PROASPETE M DIN GHEORGHENI} => {_MORCOVI}",0.000187657124069275,0.668508287292818,0.000280710243442469,23.3125724223038,121
"{_MORCOVI,GOBE 20 OUA PROASPETE M DIN GHEORGHENI} => {_TELINA}",0.000187657124069275,0.188180404354588,0.000997219262616064,23.852448882447,121
"{_LAMAIE^2 A nu se consuma coaja,_TELINA} => {_PATRUNJEL RADACINA KG}",0.000226429257141439,0.574803149606299,0.000393924872013189,36.5656123958262,146
"{_LAMAIE^2 A nu se consuma coaja,_PATRUNJEL RADACINA KG} => {_TELINA}",0.000226429257141439,0.371501272264631,0.000609497931894422,47.0889364748041,146
"{_LAMAIE^2 A nu se consuma coaja,_TELINA} => {_MORCOVI}",0.000265201390213603,0.673228346456693,0.000393924872013189,23.4771728067523,171
"{_LAMAIE^2 A nu se consuma coaja,_MORCOVI} => {_TELINA}",0.000265201390213603,0.232336956521739,0.00114145159764452,29.4494285839437,171
"{_TELINA,FAINA BL-55 GYERMELYI 1KG} => {_PATRUNJEL RADACINA KG}",0.000122519940508039,0.564285714285714,0.00021712394520412,35.8965547130454,79
"{_PATRUNJEL RADACINA KG,FAINA BL-55 GYERMELYI 1KG} => {_TELINA}",0.000122519940508039,0.27719298245614,0.000442002317022672,35.1350687510993,79
"{_TELINA,FAINA BL-55 GYERMELYI 1KG} => {_MORCOVI}",0.000145783220351338,0.671428571428571,0.00021712394520412,23.4144101058487,94
"{_MORCOVI,FAINA BL-55 GYERMELYI 1KG} => {_TELINA}",0.000145783220351338,0.205689277899344,0.000708754592559162,26.0717528139476,94
"{_TELINA,ULEI KUNSAGI EDEN 1L} => {_PATRUNJEL RADACINA KG}",0.000116316399216493,0.559701492537313,0.0002078186332668,35.6049333541448,75
"{_PATRUNJEL RADACINA KG,ULEI KUNSAGI EDEN 1L} => {_TELINA}",0.000116316399216493,0.270758122743682,0.00042959523443958,34.3194303593999,75
"{_TELINA,ULEI KUNSAGI EDEN 1L} => {_MORCOVI}",0.000151986761642884,0.73134328358209,0.0002078186332668,25.503787444605,98
"{_MORCOVI,ULEI KUNSAGI EDEN 1L} => {_TELINA}",0.000151986761642884,0.220720720720721,0.000688593083361637,27.9770347308189,98
"{_TELINA,APA MINERALA NATURALA CARBOGAZOASA PERLA HARGHITEI  2L} => {_PATRUNJEL RADACINA KG}",0.000125621711153812,0.529411764705882,0.000237285454401645,33.6780781373323,81
"{_PATRUNJEL RADACINA KG,APA MINERALA NATURALA CARBOGAZOASA PERLA HARGHITEI  2L} => {_TELINA}",0.000125621711153812,0.276450511945392,0.000454409399605765,35.0409583150787,81
"{_TELINA,APA MINERALA NATURALA CARBOGAZOASA PERLA HARGHITEI  2L} => {_MORCOVI}",0.000138028793736905,0.581699346405229,0.000237285454401645,20.2853254011177,89
"{_MORCOVI,APA MINERALA NATURALA CARBOGAZOASA PERLA HARGHITEI  2L} => {_TELINA}",0.000138028793736905,0.182751540041068,0.00075528115224576,23.1643235222528,89
"{_TELINA,ELAN ULEI RAFINAT DE FLOAREA SOARELUI 1L} => {_PATRUNJEL RADACINA KG}",0.000144232335028451,0.474489795918367,0.000303973523285768,30.1842639087995,93
"{_PATRUNJEL RADACINA KG,ELAN ULEI RAFINAT DE FLOAREA SOARELUI 1L} => {_TELINA}",0.000144232335028451,0.26647564469914,0.000541258977687413,33.7766130081566,93
"{_TELINA,ELAN ULEI RAFINAT DE FLOAREA SOARELUI 1L} => {_MORCOVI}",0.000206267747943914,0.678571428571429,0.000303973523285768,23.6634995750599,133
"{_MORCOVI,ELAN ULEI RAFINAT DE FLOAREA SOARELUI 1L} => {_TELINA}",0.000206267747943914,0.20398773006135,0.00101117723052204,25.856076357273,133
"{_TELINA,PULPE PUI CU SPATE REFR.VRAC SZEKELY CSURKE} => {_PATRUNJEL RADACINA KG}",0.000246590766338965,0.588888888888889,0.000418739037179374,37.4616646935017,159
"{_PATRUNJEL RADACINA KG,PULPE PUI CU SPATE REFR.VRAC SZEKELY CSURKE} => {_TELINA}",0.000246590766338965,0.29014598540146,0.00084988515694184,36.7769019785657,159
"{_TELINA,PULPE PUI CU SPATE REFR.VRAC SZEKELY CSURKE} => {_MORCOVI}",0.000294668211348448,0.703703703703704,0.000418739037179374,24.5399254852473,190
"{_MORCOVI,PULPE PUI CU SPATE REFR.VRAC SZEKELY CSURKE} => {_TELINA}",0.000294668211348448,0.215175537938845,0.00136943174010884,27.2741656446239,190
"{_TELINA,PULPE PUI CU SPATE REFR.VRAC SZEKELY CSURKE} => {CARNE TOCATA PORC VRAC}",0.00011321462857072,0.27037037037037,0.000418739037179374,4.91660336799093,73
"{_TELINA,CARNE TOCATA PORC VRAC} => {PULPE PUI CU SPATE REFR.VRAC SZEKELY CSURKE}",0.00011321462857072,0.108148148148148,0.00104684759294843,4.98770966947206,73
"{_TELINA,COTLET PORC FARA OS} => {_PATRUNJEL RADACINA KG}",0.000227980142464326,0.508650519031142,0.000448205858314219,32.3573691907702,147
"{_PATRUNJEL RADACINA KG,COTLET PORC FARA OS} => {_TELINA}",0.000227980142464326,0.292828685258964,0.000778544432089058,37.1169424914848,147
"{_TELINA,PAINE ALBA SECUIASCA CU CARTOFI FEL.HARMOPAN 500G} => {_PATRUNJEL RADACINA KG}",0.000122519940508039,0.454022988505747,0.000269854046182263,28.8822854013009,79
"{_PATRUNJEL RADACINA KG,PAINE ALBA SECUIASCA CU CARTOFI FEL.HARMOPAN 500G} => {_TELINA}",0.000122519940508039,0.250793650793651,0.00048852887670927,31.7888717271851,79
"{_PATRUNJEL RADACINA KG,_TELINA} => {PASTE ATA PAIANJENULUI CU 8 OUA GYERMELYI 250G}",0.000502486844615249,0.125241592578276,0.00401214033030756,5.67338079270228,324
"{_TELINA,PASTE ATA PAIANJENULUI CU 8 OUA GYERMELYI 250G} => {_PATRUNJEL RADACINA KG}",0.000502486844615249,0.612476370510397,0.000820418335806996,38.9621622307133,324
"{_PATRUNJEL RADACINA KG,PASTE ATA PAIANJENULUI CU 8 OUA GYERMELYI 250G} => {_TELINA}",0.000502486844615249,0.331627430910952,0.00151521496046018,42.0348036287331,324
"{_TELINA,GOBE 10 OUA PROASPETE L} => {_PATRUNJEL RADACINA KG}",0.000285362899411129,0.528735632183908,0.000539708092364526,33.6350665432872,184
"{_PATRUNJEL RADACINA KG,GOBE 10 OUA PROASPETE L} => {_TELINA}",0.000285362899411129,0.285714285714286,0.000998770147938951,36.2151703221096,184
"{_TELINA,PIEPT DE PUI FARA OS REFR.VRAC SZEKELY CSURKE} => {_PATRUNJEL RADACINA KG}",0.00032103326183752,0.498795180722892,0.000643617408997926,31.7304302450528,207
"{_PATRUNJEL RADACINA KG,PIEPT DE PUI FARA OS REFR.VRAC SZEKELY CSURKE} => {_TELINA}",0.00032103326183752,0.283173734610123,0.00113369717103008,35.8931476037871,207
"{_PATRUNJEL RADACINA KG,_TELINA} => {_MORCOVI}",0.0032568591780618,0.811751063007344,0.00401214033030756,28.3078097982528,2100
"{_MORCOVI,_TELINA} => {_PATRUNJEL RADACINA KG}",0.0032568591780618,0.648148148148148,0.00502486844615249,41.2313919582566,2100
"{_MORCOVI,_PATRUNJEL RADACINA KG} => {_TELINA}",0.0032568591780618,0.303205313312157,0.0107414317463124,38.4322122245893,2100
"{_BANANE,_TELINA} => {_PATRUNJEL RADACINA KG}",0.000327236803129066,0.451820128479657,0.000724263445788028,28.7421523384751,211
"{_BANANE,_PATRUNJEL RADACINA KG} => {_TELINA}",0.000327236803129066,0.316816816816817,0.00103288962504246,40.1575124367536,211
"{_PATRUNJEL RADACINA KG,_TELINA} => {CARNE TOCATA PORC VRAC}",0.000536606321718753,0.133745651333591,0.00401214033030756,2.43212419652378,346
"{_TELINA,CARNE TOCATA PORC VRAC} => {_PATRUNJEL RADACINA KG}",0.000536606321718753,0.512592592592593,0.00104684759294843,32.6081408401298,346
"{_PATRUNJEL RADACINA KG,CARNE TOCATA PORC VRAC} => {_TELINA}",0.000536606321718753,0.258016405667412,0.00207973721799089,32.7043782700035,346
"{_TELINA,COTLET PORC FARA OS} => {PIEPT DE PUI FARA OS REFR.VRAC SZEKELY CSURKE}",0.0001039093166334,0.231833910034602,0.000448205858314219,9.11938032899836,67
"{_TELINA,PIEPT DE PUI FARA OS REFR.VRAC SZEKELY CSURKE} => {COTLET PORC FARA OS}",0.0001039093166334,0.16144578313253,0.000643617408997927,9.5137187756693,67
"{_TELINA,COTLET PORC FARA OS} => {_MORCOVI}",0.000305524408608654,0.681660899653979,0.000448205858314219,23.7712372347533,197
"{_MORCOVI,COTLET PORC FARA OS} => {_TELINA}",0.000305524408608654,0.229336437718277,0.00133221049235956,29.0691035356165,197
"{_TELINA,COTLET PORC FARA OS} => {CARNE TOCATA PORC VRAC}",0.000151986761642884,0.339100346020761,0.000448205858314219,6.16643717670948,98
"{_TELINA,CARNE TOCATA PORC VRAC} => {COTLET PORC FARA OS}",0.000151986761642884,0.145185185185185,0.00104684759294843,8.55551006316132,98
"{_TELINA,PAINE ALBA SECUIASCA CU CARTOFI FEL.HARMOPAN 500G} => {_MORCOVI}",0.000176800926809069,0.655172413793103,0.000269854046182263,22.8475168310923,114
"{_MORCOVI,PAINE ALBA SECUIASCA CU CARTOFI FEL.HARMOPAN 500G} => {_TELINA}",0.000176800926809069,0.198260869565217,0.000891759060659778,25.1301790582986,114
"{_TELINA,PASTE ATA PAIANJENULUI CU 8 OUA GYERMELYI 250G} => {_MORCOVI}",0.000604845275925762,0.737240075614367,0.000820418335806995,25.7094234762366,390
"{_MORCOVI,_TELINA} => {PASTE ATA PAIANJENULUI CU 8 OUA GYERMELYI 250G}",0.000604845275925762,0.12037037037037,0.00502486844615249,5.45271689069989,390
"{_MORCOVI,PASTE ATA PAIANJENULUI CU 8 OUA GYERMELYI 250G} => {_TELINA}",0.000604845275925762,0.26,0.00232632798432985,32.9558049931197,390
"{_TELINA,PASTE ATA PAIANJENULUI CU 8 OUA GYERMELYI 250G} => {CARNE TOCATA PORC VRAC}",0.000125621711153812,0.153119092627599,0.000820418335806996,2.78442436382841,81
"{_TELINA,CARNE TOCATA PORC VRAC} => {PASTE ATA PAIANJENULUI CU 8 OUA GYERMELYI 250G}",0.000125621711153812,0.12,0.00104684759294843,5.43593930026697,81
"{_TELINA,GOBE 10 OUA PROASPETE L} => {_MORCOVI}",0.000369110706847004,0.683908045977011,0.000539708092364526,23.8496009026314,238
"{_MORCOVI,GOBE 10 OUA PROASPETE L} => {_TELINA}",0.000369110706847004,0.218951241950322,0.0016858123459777,27.7527478181392,238
"{_TELINA,PIEPT DE PUI FARA OS REFR.VRAC SZEKELY CSURKE} => {_MORCOVI}",0.000403230183950508,0.626506024096386,0.000643617408997927,21.8478474199665,260
"{_MORCOVI,PIEPT DE PUI FARA OS REFR.VRAC SZEKELY CSURKE} => {_TELINA}",0.000403230183950508,0.207171314741036,0.00194636108022265,26.2596055722069,260
"{_TELINA,PIEPT DE PUI FARA OS REFR.VRAC SZEKELY CSURKE} => {CARNE TOCATA PORC VRAC}",0.00016749561487175,0.260240963855422,0.000643617408997926,4.73240317579189,108
"{_TELINA,CARNE TOCATA PORC VRAC} => {PIEPT DE PUI FARA OS REFR.VRAC SZEKELY CSURKE}",0.00016749561487175,0.16,0.00104684759294843,6.29373352855051,108
"{_BANANE,_TELINA} => {_MORCOVI}",0.000460612940897311,0.635974304068523,0.000724263445788028,22.1780302565308,297
"{_BANANE,_MORCOVI} => {_TELINA}",0.000460612940897311,0.221476510067114,0.00207973721799089,28.0728333704943,297
"{_MORCOVI,_TELINA} => {CARNE TOCATA PORC VRAC}",0.000744424954985553,0.148148148148148,0.00502486844615249,2.69402924273475,480
"{_TELINA,CARNE TOCATA PORC VRAC} => {_MORCOVI}",0.000744424954985553,0.711111111111111,0.00104684759294843,24.7982404903551,480
"{_MORCOVI,CARNE TOCATA PORC VRAC} => {_TELINA}",0.000744424954985553,0.20442930153322,0.00364147873813767,25.9120469084941,480
"{_BANANE,_TELINA} => {CARNE TOCATA PORC VRAC}",0.000117867284539379,0.162740899357602,0.000724263445788028,2.95939400754374,76
"{_TELINA,CARNE TOCATA PORC VRAC} => {_BANANE}",0.000117867284539379,0.112592592592593,0.00104684759294843,3.69009431511414,76
"{_CEAPA GALBENA,PULPE PORC FARA OS} => {_MORCOVI}",0.000120969055185152,0.266211604095563,0.000454409399605765,9.28347100268202,78
"{_MORCOVI,PULPE PORC FARA OS} => {_CEAPA GALBENA}",0.000120969055185152,0.118361153262519,0.00102203342778225,13.3005303408155,78
"{_CEAPA GALBENA,PULPE PORC FARA OS} => {CARNE TOCATA PORC VRAC}",0.000119418169862266,0.262798634812287,0.000454409399605765,4.77891364816174,77
"{_CEAPA GALBENA,CARNE TOCATA PORC VRAC} => {PULPE PORC FARA OS}",0.000119418169862266,0.108298171589311,0.00110267946457235,8.24925020125062,77
"{_CEAPA GALBENA,_LAMAIE^2 A nu se consuma coaja} => {_MORCOVI}",0.000134927023091132,0.341176470588235,0.000395475757336075,11.8976852352623,87
"{_LAMAIE^2 A nu se consuma coaja,_MORCOVI} => {_CEAPA GALBENA}",0.000134927023091132,0.11820652173913,0.00114145159764452,13.2831540208677,87
"{_CEAPA GALBENA,ELAN ULEI RAFINAT DE FLOAREA SOARELUI 1L} => {_MORCOVI}",0.000148884990997111,0.294478527607362,0.000505588615261022,10.2692100190121,96
"{_MORCOVI,ELAN ULEI RAFINAT DE FLOAREA SOARELUI 1L} => {_CEAPA GALBENA}",0.000148884990997111,0.147239263803681,0.00101117723052204,16.545633779325,96
"{_CEAPA GALBENA,PULPE PUI CU SPATE REFR.VRAC SZEKELY CSURKE} => {_PATRUNJEL RADACINA KG}",0.00011321462857072,0.217261904761905,0.000521097468489887,13.8209308758034,73
"{_PATRUNJEL RADACINA KG,PULPE PUI CU SPATE REFR.VRAC SZEKELY CSURKE} => {_CEAPA GALBENA}",0.00011321462857072,0.133211678832117,0.00084988515694184,14.9693199772041,73
"{_CEAPA GALBENA,PULPE PUI CU SPATE REFR.VRAC SZEKELY CSURKE} => {_MORCOVI}",0.000183004468100615,0.351190476190476,0.000521097468489887,12.2468989028819,118
"{_MORCOVI,PULPE PUI CU SPATE REFR.VRAC SZEKELY CSURKE} => {_CEAPA GALBENA}",0.000183004468100615,0.133635334088335,0.00136943174010884,15.016927147581,118
"{_CEAPA GALBENA,PULPE PUI CU SPATE REFR.VRAC SZEKELY CSURKE} => {CARNE TOCATA PORC VRAC}",0.000159741188257317,0.306547619047619,0.000521097468489887,5.57447568753374,103
"{_CEAPA GALBENA,CARNE TOCATA PORC VRAC} => {PULPE PUI CU SPATE REFR.VRAC SZEKELY CSURKE}",0.000159741188257317,0.144866385372714,0.00110267946457235,6.68112661638142,103
"{_CEAPA GALBENA,_PATRUNJEL RADACINA KG} => {PASTE ATA PAIANJENULUI CU 8 OUA GYERMELYI 250G}",0.000127172596476699,0.111413043478261,0.00114145159764452,5.04695451338192,82
"{_CEAPA GALBENA,PASTE ATA PAIANJENULUI CU 8 OUA GYERMELYI 250G} => {_PATRUNJEL RADACINA KG}",0.000127172596476699,0.317829457364341,0.000400128413304735,20.2184500100953,82
"{_CEAPA GALBENA,GOBE 10 OUA PROASPETE L} => {_PATRUNJEL RADACINA KG}",0.0001039093166334,0.164619164619165,0.000631210326414834,10.4721078346769,67
"{_PATRUNJEL RADACINA KG,GOBE 10 OUA PROASPETE L} => {_CEAPA GALBENA}",0.0001039093166334,0.104037267080745,0.000998770147938951,11.6909204518639,67
"{_CEAPA GALBENA,_PATRUNJEL RADACINA KG} => {_MORCOVI}",0.000955345358898127,0.83695652173913,0.00114145159764452,29.1867878053942,616
"{_CEAPA GALBENA,_MORCOVI} => {_PATRUNJEL RADACINA KG}",0.000955345358898127,0.445730824891462,0.00214332351622924,28.3547864812786,616
"{_CEAPA GALBENA,_PATRUNJEL RADACINA KG} => {_BANANE}",0.000114765513893606,0.10054347826087,0.00114145159764452,3.29519828089158,74
"{_BANANE,_CEAPA GALBENA} => {_PATRUNJEL RADACINA KG}",0.000114765513893606,0.143133462282398,0.000801807711932357,9.1053131950922,74
"{_BANANE,_PATRUNJEL RADACINA KG} => {_CEAPA GALBENA}",0.000114765513893606,0.111111111111111,0.00103288962504246,12.4858254908795,74
"{_CEAPA GALBENA,_PATRUNJEL RADACINA KG} => {CARNE TOCATA PORC VRAC}",0.000159741188257317,0.139945652173913,0.00114145159764452,2.54486933561323,103
"{_CEAPA GALBENA,CARNE TOCATA PORC VRAC} => {_PATRUNJEL RADACINA KG}",0.000159741188257317,0.144866385372714,0.00110267946457235,9.21555162032643,103
"{_CEAPA GALBENA,COTLET PORC FARA OS} => {_MORCOVI}",0.000139579679059791,0.337078651685393,0.000414086381210714,11.7547839403018,90
"{_MORCOVI,COTLET PORC FARA OS} => {_CEAPA GALBENA}",0.000139579679059791,0.10477299185099,0.00133221049235956,11.7735956316792,90
"{_CEAPA GALBENA,COTLET PORC FARA OS} => {CARNE TOCATA PORC VRAC}",0.000122519940508039,0.295880149812734,0.000414086381210714,5.38049098759666,79
"{_CEAPA GALBENA,CARNE TOCATA PORC VRAC} => {COTLET PORC FARA OS}",0.000122519940508039,0.111111111111111,0.00110267946457235,6.54758423201121,79
"{_CEAPA GALBENA,PASTE ATA PAIANJENULUI CU 8 OUA GYERMELYI 250G} => {_MORCOVI}",0.000189208009392162,0.472868217054264,0.000400128413304735,16.4901090470022,122
"{_CEAPA GALBENA,GOBE 10 OUA PROASPETE L} => {_MORCOVI}",0.000170597385517523,0.27027027027027,0.000631210326414834,9.42500694312485,110
"{_MORCOVI,GOBE 10 OUA PROASPETE L} => {_CEAPA GALBENA}",0.000170597385517523,0.101195952161914,0.0016858123459777,11.3716349916934,110
"{_CEAPA GALBENA,PIEPT DE PUI FARA OS REFR.VRAC SZEKELY CSURKE} => {_MORCOVI}",0.000173699156163296,0.307692307692308,0.000564522257530711,10.7300079044806,112
"{_CEAPA GALBENA,PIEPT DE PUI FARA OS REFR.VRAC SZEKELY CSURKE} => {CARNE TOCATA PORC VRAC}",0.000138028793736905,0.244505494505494,0.000564522257530711,4.44625842739809,89
"{_CEAPA GALBENA,CARNE TOCATA PORC VRAC} => {PIEPT DE PUI FARA OS REFR.VRAC SZEKELY CSURKE}",0.000138028793736905,0.125175808720113,0.00110267946457235,4.92389490190749,89
"{_BANANE,_CEAPA GALBENA} => {_MORCOVI}",0.000206267747943914,0.257253384912959,0.000801807711932356,8.97107527410394,133
"{_CEAPA GALBENA,_MORCOVI} => {CARNE TOCATA PORC VRAC}",0.000336542115066386,0.157018813314038,0.00214332351622924,2.8553396044108,217
"{_CEAPA GALBENA,CARNE TOCATA PORC VRAC} => {_MORCOVI}",0.000336542115066386,0.305203938115331,0.00110267946457235,10.6432321724823,217
"{_BANANE,_CEAPA GALBENA} => {CARNE TOCATA PORC VRAC}",0.000120969055185152,0.150870406189555,0.000801807711932356,2.74353268143104,78
"{_CEAPA GALBENA,CARNE TOCATA PORC VRAC} => {_BANANE}",0.000120969055185152,0.109704641350211,0.00110267946457235,3.59544499390701,78
"{CEAFA DE PORC FARA OS,PULPE PORC FARA OS} => {COTLET PORC FARA OS}",0.000170597385517523,0.227743271221532,0.000749077610954213,13.4205142643708,110
"{CEAFA DE PORC FARA OS,COTLET PORC FARA OS} => {PULPE PORC FARA OS}",0.000170597385517523,0.103969754253308,0.00164083667161399,7.91954751969915,110
"{COTLET PORC FARA OS,PULPE PORC FARA OS} => {CEAFA DE PORC FARA OS}",0.000170597385517523,0.114583333333333,0.00148884990997111,10.5230780871671,110
"{CEAFA DE PORC FARA OS,PULPE PORC FARA OS} => {CARNE TOCATA PORC VRAC}",0.000229531027787212,0.306418219461698,0.000749077610954213,5.57212259522157,148
"{CEAFA DE PORC FARA OS,GOBE 20 OUA PROASPETE M DIN GHEORGHENI} => {CARNE TOCATA PORC VRAC}",0.000110112857924946,0.364102564102564,0.000302422637962881,6.62109494656734,71
"{CEAFA DE PORC FARA OS,ELAN ULEI RAFINAT DE FLOAREA SOARELUI 1L} => {CARNE TOCATA PORC VRAC}",0.000131825252445358,0.37280701754386,0.000353601853618138,6.77938279832923,85
"{CEAFA DE PORC FARA OS,PULPE PUI CU SPATE REFR.VRAC SZEKELY CSURKE} => {COTLET PORC FARA OS}",0.000142681449705564,0.179337231968811,0.00079560417064081,10.5680306902637,92
"{COTLET PORC FARA OS,PULPE PUI CU SPATE REFR.VRAC SZEKELY CSURKE} => {CEAFA DE PORC FARA OS}",0.000142681449705564,0.106976744186047,0.00133376137768245,9.82450588434033,92
"{CEAFA DE PORC FARA OS,PULPE PUI CU SPATE REFR.VRAC SZEKELY CSURKE} => {PIEPT DE PUI FARA OS REFR.VRAC SZEKELY CSURKE}",0.000136477908414018,0.171539961013645,0.00079560417064081,6.74766752573642,88
"{CEAFA DE PORC FARA OS,PIEPT DE PUI FARA OS REFR.VRAC SZEKELY CSURKE} => {PULPE PUI CU SPATE REFR.VRAC SZEKELY CSURKE}",0.000136477908414018,0.123769338959212,0.00110267946457235,5.70814701205403,88
"{CEAFA DE PORC FARA OS,PULPE PUI CU SPATE REFR.VRAC SZEKELY CSURKE} => {CARNE TOCATA PORC VRAC}",0.000313278835223087,0.393762183235867,0.00079560417064081,7.16044614516342,202
"{CARNE TOCATA PORC VRAC,CEAFA DE PORC FARA OS} => {PULPE PUI CU SPATE REFR.VRAC SZEKELY CSURKE}",0.000313278835223087,0.119033588685916,0.00263185239293851,5.48973784060926,202
"{_PATRUNJEL RADACINA KG,CEAFA DE PORC FARA OS} => {_MORCOVI}",0.000314829720545974,0.740875912408759,0.00042494257847092,25.8362142882521,203
"{_MORCOVI,CEAFA DE PORC FARA OS} => {_PATRUNJEL RADACINA KG}",0.000314829720545974,0.418556701030928,0.000752179381599986,26.6261277553113,203
"{_PATRUNJEL RADACINA KG,CEAFA DE PORC FARA OS} => {CARNE TOCATA PORC VRAC}",0.000134927023091132,0.317518248175182,0.00042494257847092,5.7739732583795,87
"{CEAFA DE PORC FARA OS,PASTE ATA PAIANJENULUI CU 8 OUA GYERMELYI 250G} => {COTLET PORC FARA OS}",0.000102358431310514,0.214285714285714,0.000477672679449063,12.6274838760216,66
"{COTLET PORC FARA OS,PASTE ATA PAIANJENULUI CU 8 OUA GYERMELYI 250G} => {CEAFA DE PORC FARA OS}",0.000102358431310514,0.108731466227348,0.000941387390992148,9.98565564778951,66
"{CEAFA DE PORC FARA OS,COTLET PORC FARA OS} => {PIEPT DE PUI FARA OS REFR.VRAC SZEKELY CSURKE}",0.000232632798432985,0.141776937618147,0.00164083667161399,5.57691416164093,150
"{CEAFA DE PORC FARA OS,PIEPT DE PUI FARA OS REFR.VRAC SZEKELY CSURKE} => {COTLET PORC FARA OS}",0.000232632798432985,0.210970464135021,0.00110267946457235,12.432121959515,150
"{_MORCOVI,CEAFA DE PORC FARA OS} => {COTLET PORC FARA OS}",0.000120969055185152,0.160824742268041,0.000752179381599986,9.47712191932344,78
"{CEAFA DE PORC FARA OS,COTLET PORC FARA OS} => {CARNE TOCATA PORC VRAC}",0.000490079762032156,0.298676748582231,0.00164083667161399,5.43134628993689,316
"{CARNE TOCATA PORC VRAC,CEAFA DE PORC FARA OS} => {COTLET PORC FARA OS}",0.000490079762032156,0.186210960518562,0.00263185239293851,10.973087540271,316
"{CARNE TOCATA PORC VRAC,COTLET PORC FARA OS} => {CEAFA DE PORC FARA OS}",0.000490079762032156,0.110916110916111,0.00441847228490384,10.1862885494847,316
"{CEAFA DE PORC FARA OS,PASTE ATA PAIANJENULUI CU 8 OUA GYERMELYI 250G} => {CARNE TOCATA PORC VRAC}",0.000164393844225976,0.344155844155844,0.000477672679449064,6.25836988044388,106
"{CEAFA DE PORC FARA OS,GOBE 10 OUA PROASPETE L} => {CARNE TOCATA PORC VRAC}",0.000107011087279173,0.224755700325733,0.000476121794126177,4.08711439675476,69
"{CEAFA DE PORC FARA OS,PIEPT DE PUI FARA OS REFR.VRAC SZEKELY CSURKE} => {CARNE TOCATA PORC VRAC}",0.000348949197649478,0.316455696202532,0.00110267946457235,5.75465107229734,225
"{CARNE TOCATA PORC VRAC,CEAFA DE PORC FARA OS} => {PIEPT DE PUI FARA OS REFR.VRAC SZEKELY CSURKE}",0.000348949197649478,0.132586918090748,0.00263185239293851,5.21541707396827,225
"{_MORCOVI,CEAFA DE PORC FARA OS} => {CARNE TOCATA PORC VRAC}",0.000231081913110099,0.307216494845361,0.000752179381599986,5.58663899150614,149
"{_BANANE,CEAFA DE PORC FARA OS} => {CARNE TOCATA PORC VRAC}",0.000100807545987627,0.221843003412969,0.000454409399605765,4.03414788481185,65
"{DROJDIE PROASPATA BUDAFOK 50G,GRASIME VEGETALA TARTINABILA CU 70% GRASIME RAMA 250G} => {CARNE TOCATA PORC VRAC}",0.000128723481799585,0.143847487001733,0.000894860831305551,2.61582302121689,83
"{CARNE TOCATA PORC VRAC,DROJDIE PROASPATA BUDAFOK 50G} => {GRASIME VEGETALA TARTINABILA CU 70% GRASIME RAMA 250G}",0.000128723481799585,0.12332838038633,0.00104374582230266,10.9851189908057,83
"{_PATRUNJEL RADACINA KG,DROJDIE PROASPATA BUDAFOK 50G} => {_MORCOVI}",0.000231081913110099,0.600806451612903,0.000384619560075869,20.9516384183255,149
"{_MORCOVI,DROJDIE PROASPATA BUDAFOK 50G} => {_PATRUNJEL RADACINA KG}",0.000231081913110099,0.353080568720379,0.000654473606258132,22.4609194107063,149
"{DROJDIE PROASPATA BUDAFOK 50G,PIEPT DE PUI FARA OS REFR.VRAC SZEKELY CSURKE} => {CARNE TOCATA PORC VRAC}",0.000114765513893606,0.275092936802974,0.000417188151856487,5.00248180946472,74
"{CARNE TOCATA PORC VRAC,DROJDIE PROASPATA BUDAFOK 50G} => {PIEPT DE PUI FARA OS REFR.VRAC SZEKELY CSURKE}",0.000114765513893606,0.109955423476969,0.00104374582230266,4.32518834614355,74
"{_MORCOVI,DROJDIE PROASPATA BUDAFOK 50G} => {CARNE TOCATA PORC VRAC}",0.000124070825830926,0.18957345971564,0.000654473606258132,3.44733599781224,80
"{CARNE TOCATA PORC VRAC,DROJDIE PROASPATA BUDAFOK 50G} => {_MORCOVI}",0.000124070825830926,0.11887072808321,0.00104374582230266,4.14532251881865,80
"{PULPE PUI CU SPATE REFR.VRAC SZEKELY CSURKE,SUNCA PRAGA CAROLI} => {CARNE TOCATA PORC VRAC}",0.000142681449705564,0.299674267100977,0.000476121794126177,5.44948586233968,92
"{_PATRUNJEL RADACINA KG,SUNCA PRAGA CAROLI} => {_MORCOVI}",0.000220225715849893,0.775956284153005,0.000283812014088242,27.0595554531027,142
"{_MORCOVI,SUNCA PRAGA CAROLI} => {_PATRUNJEL RADACINA KG}",0.000220225715849893,0.409221902017291,0.00053815720704164,26.0323024731092,142
"{COTLET PORC FARA OS,SUNCA PRAGA CAROLI} => {CARNE TOCATA PORC VRAC}",0.000161292073580203,0.332268370607029,0.000485427106063496,6.04219977124536,104
"{CARNE TOCATA PORC VRAC,SUNCA PRAGA CAROLI} => {COTLET PORC FARA OS}",0.000161292073580203,0.11194833153929,0.00144077246496162,6.59692017347954,104
"{PIEPT DE PUI FARA OS REFR.VRAC SZEKELY CSURKE,SUNCA PRAGA CAROLI} => {CARNE TOCATA PORC VRAC}",0.000226429257141439,0.274952919020716,0.000823520106452769,4.99993562846535,146
"{CARNE TOCATA PORC VRAC,SUNCA PRAGA CAROLI} => {PIEPT DE PUI FARA OS REFR.VRAC SZEKELY CSURKE}",0.000226429257141439,0.157158234660926,0.00144077246496162,6.18195031733298,146
"{_MORCOVI,SUNCA PRAGA CAROLI} => {CARNE TOCATA PORC VRAC}",0.000114765513893606,0.213256484149856,0.00053815720704164,3.87800463039196,74
"{_PATRUNJEL RADACINA KG,OUA PROASPETE M DIN GHEORGHENI 1*10} => {_MORCOVI}",0.000341194771035045,0.714285714285714,0.000477672679449063,24.9089469211157,220
"{_MORCOVI,OUA PROASPETE M DIN GHEORGHENI 1*10} => {_PATRUNJEL RADACINA KG}",0.000341194771035045,0.418250950570342,0.000815765679838336,26.606677700385,220
"{OUA PROASPETE M DIN GHEORGHENI 1*10,PIEPT DE PUI FARA OS REFR.VRAC SZEKELY CSURKE} => {CARNE TOCATA PORC VRAC}",0.000133376137768245,0.20873786407767,0.000638964753029267,3.79583489176584,86
"{CARNE TOCATA PORC VRAC,OUA PROASPETE M DIN GHEORGHENI 1*10} => {PIEPT DE PUI FARA OS REFR.VRAC SZEKELY CSURKE}",0.000133376137768245,0.131297709923664,0.0010158298864907,5.1647049948029,86
"{_MORCOVI,OUA PROASPETE M DIN GHEORGHENI 1*10} => {CARNE TOCATA PORC VRAC}",0.000110112857924946,0.134980988593156,0.000815765679838336,2.45458843076166,71
"{CARNE TOCATA PORC VRAC,OUA PROASPETE M DIN GHEORGHENI 1*10} => {_MORCOVI}",0.000110112857924946,0.108396946564885,0.0010158298864907,3.78007530375404,71
"{_PATRUNJEL RADACINA KG,GOBE PAINE SEMIALBA CU CARTOFI MAMA 1.1KG} => {_MORCOVI}",0.000238836339724532,0.785714285714286,0.000303973523285768,27.3998416132272,154
"{_MORCOVI,GOBE PAINE SEMIALBA CU CARTOFI MAMA 1.1KG} => {_PATRUNJEL RADACINA KG}",0.000238836339724532,0.451612903225806,0.00052885189510432,28.7289698805917,154
"{GRASIME VEGETALA TARTINABILA CU 70% GRASIME RAMA 250G,PULPE PORC FARA OS} => {CARNE TOCATA PORC VRAC}",0.000133376137768245,0.392694063926941,0.000339643885712159,7.14102271875582,86
"{FAINA BL-55 GYERMELYI 1KG,GRASIME VEGETALA TARTINABILA CU 70% GRASIME RAMA 250G} => {PASTE ATA PAIANJENULUI CU 8 OUA GYERMELYI 250G}",0.000117867284539379,0.20708446866485,0.000569174913499371,9.38082168075135,76
"{GRASIME VEGETALA TARTINABILA CU 70% GRASIME RAMA 250G,PASTE ATA PAIANJENULUI CU 8 OUA GYERMELYI 250G} => {FAINA BL-55 GYERMELYI 1KG}",0.000117867284539379,0.11046511627907,0.00106700910214596,10.3769134208814,76
"{FAINA BL-55 GYERMELYI 1KG,PASTE ATA PAIANJENULUI CU 8 OUA GYERMELYI 250G} => {GRASIME VEGETALA TARTINABILA CU 70% GRASIME RAMA 250G}",0.000117867284539379,0.112094395280236,0.00105150024891709,9.98448424035491,76
"{GRASIME VEGETALA TARTINABILA CU 70% GRASIME RAMA 250G,PULPE PUI CU SPATE REFR.VRAC SZEKELY CSURKE} => {CARNE TOCATA PORC VRAC}",0.000141130564382678,0.310580204778157,0.000454409399605765,5.6478070387366,91
"{_PATRUNJEL RADACINA KG,GRASIME VEGETALA TARTINABILA CU 70% GRASIME RAMA 250G} => {PASTE ATA PAIANJENULUI CU 8 OUA GYERMELYI 250G}",0.0001039093166334,0.202416918429003,0.000513343041875455,9.16938401605959,67
"{_PATRUNJEL RADACINA KG,GRASIME VEGETALA TARTINABILA CU 70% GRASIME RAMA 250G} => {_MORCOVI}",0.000347398312326592,0.676737160120846,0.000513343041875455,23.5995340013954,224
"{_MORCOVI,GRASIME VEGETALA TARTINABILA CU 70% GRASIME RAMA 250G} => {_PATRUNJEL RADACINA KG}",0.000347398312326592,0.392294220665499,0.000885555519368231,24.9554624531935,224
"{_PATRUNJEL RADACINA KG,GRASIME VEGETALA TARTINABILA CU 70% GRASIME RAMA 250G} => {CARNE TOCATA PORC VRAC}",0.000111663743247833,0.217522658610272,0.000513343041875455,3.955583721961,72
"{COTLET PORC FARA OS,GRASIME VEGETALA TARTINABILA CU 70% GRASIME RAMA 250G} => {CARNE TOCATA PORC VRAC}",0.00015819030293443,0.350515463917526,0.000451307628959992,6.37401764131573,102
"{CARNE TOCATA PORC VRAC,GRASIME VEGETALA TARTINABILA CU 70% GRASIME RAMA 250G} => {COTLET PORC FARA OS}",0.00015819030293443,0.108165429480382,0.00146248485948204,6.37400034463021,102
"{GRASIME VEGETALA TARTINABILA CU 70% GRASIME RAMA 250G,PASTE ATA PAIANJENULUI CU 8 OUA GYERMELYI 250G} => {_MORCOVI}",0.000144232335028451,0.135174418604651,0.00106700910214596,4.71387338536229,93
"{_MORCOVI,GRASIME VEGETALA TARTINABILA CU 70% GRASIME RAMA 250G} => {PASTE ATA PAIANJENULUI CU 8 OUA GYERMELYI 250G}",0.000144232335028451,0.162872154115587,0.000885555519368231,7.3780261956338,93
"{GRASIME VEGETALA TARTINABILA CU 70% GRASIME RAMA 250G,PASTE ATA PAIANJENULUI CU 8 OUA GYERMELYI 250G} => {CARNE TOCATA PORC VRAC}",0.000151986761642884,0.142441860465116,0.00106700910214596,2.59026212800732,98
"{CARNE TOCATA PORC VRAC,GRASIME VEGETALA TARTINABILA CU 70% GRASIME RAMA 250G} => {PASTE ATA PAIANJENULUI CU 8 OUA GYERMELYI 250G}",0.000151986761642884,0.103923647932131,0.00146248485948204,4.70768868351151,98
"{GRASIME VEGETALA TARTINABILA CU 70% GRASIME RAMA 250G,PIEPT DE PUI FARA OS REFR.VRAC SZEKELY CSURKE} => {CARNE TOCATA PORC VRAC}",0.000192309780037935,0.265524625267666,0.000724263445788028,4.82848495967664,124
"{CARNE TOCATA PORC VRAC,GRASIME VEGETALA TARTINABILA CU 70% GRASIME RAMA 250G} => {PIEPT DE PUI FARA OS REFR.VRAC SZEKELY CSURKE}",0.000192309780037935,0.131495227995758,0.00146248485948204,5.17247453300811,124
"{_MORCOVI,GRASIME VEGETALA TARTINABILA CU 70% GRASIME RAMA 250G} => {CARNE TOCATA PORC VRAC}",0.000179902697454842,0.203152364273205,0.000885555519368231,3.69426426805834,116
"{CARNE TOCATA PORC VRAC,GRASIME VEGETALA TARTINABILA CU 70% GRASIME RAMA 250G} => {_MORCOVI}",0.000179902697454842,0.123011664899258,0.00146248485948204,4.28972744431515,116
"{GOBE 20 OUA PROASPETE M DIN GHEORGHENI,PULPE PORC FARA OS} => {CARNE TOCATA PORC VRAC}",0.000102358431310514,0.301369863013699,0.000339643885712159,5.48031976090563,66
"{FAINA BL-55 GYERMELYI 1KG,PULPE PORC FARA OS} => {CARNE TOCATA PORC VRAC}",0.000102358431310514,0.356756756756757,0.000286913784734015,6.48751366290991,66
"{ELAN ULEI RAFINAT DE FLOAREA SOARELUI 1L,PULPE PORC FARA OS} => {PULPE PUI CU SPATE REFR.VRAC SZEKELY CSURKE}",0.000133376137768245,0.226912928759894,0.00058778553737401,10.4650502878105,86
"{PULPE PORC FARA OS,PULPE PUI CU SPATE REFR.VRAC SZEKELY CSURKE} => {ELAN ULEI RAFINAT DE FLOAREA SOARELUI 1L}",0.000133376137768245,0.102380952380952,0.00130274367122472,7.56266713581985,86
"{ELAN ULEI RAFINAT DE FLOAREA SOARELUI 1L,PULPE PUI CU SPATE REFR.VRAC SZEKELY CSURKE} => {PULPE PORC FARA OS}",0.000133376137768245,0.135860979462875,0.000981710409387199,10.3487546994454,86
"{ELAN ULEI RAFINAT DE FLOAREA SOARELUI 1L,PULPE PORC FARA OS} => {CARNE TOCATA PORC VRAC}",0.000214022174558347,0.364116094986807,0.00058778553737401,6.6213410016027,138
"{CARNE TOCATA PORC VRAC,ELAN ULEI RAFINAT DE FLOAREA SOARELUI 1L} => {PULPE PORC FARA OS}",0.000214022174558347,0.115288220551378,0.00185640973149522,8.78169375002776,138
"{PULPE PORC FARA OS,PULPE PUI CU SPATE REFR.VRAC SZEKELY CSURKE} => {COTLET PORC FARA OS}",0.00015819030293443,0.121428571428571,0.00130274367122472,7.15557419641225,102
"{COTLET PORC FARA OS,PULPE PORC FARA OS} => {PULPE PUI CU SPATE REFR.VRAC SZEKELY CSURKE}",0.00015819030293443,0.10625,0.00148884990997111,4.90016853229383,102
"{COTLET PORC FARA OS,PULPE PUI CU SPATE REFR.VRAC SZEKELY CSURKE} => {PULPE PORC FARA OS}",0.00015819030293443,0.118604651162791,0.00133376137768245,9.03431173505131,102
"{PULPE PORC FARA OS,PULPE PUI CU SPATE REFR.VRAC SZEKELY CSURKE} => {PIEPT DE PUI FARA OS REFR.VRAC SZEKELY CSURKE}",0.00021247128923546,0.163095238095238,0.00130274367122472,6.41548730216831,137
"{PIEPT DE PUI FARA OS REFR.VRAC SZEKELY CSURKE,PULPE PORC FARA OS} => {PULPE PUI CU SPATE REFR.VRAC SZEKELY CSURKE}",0.00021247128923546,0.148751357220413,0.00142836538237853,6.86029853917613,137
"{PULPE PORC FARA OS,PULPE PUI CU SPATE REFR.VRAC SZEKELY CSURKE} => {CARNE TOCATA PORC VRAC}",0.000486977991386383,0.373809523809524,0.00130274367122472,6.79761307140037,314
"{CARNE TOCATA PORC VRAC,PULPE PORC FARA OS} => {PULPE PUI CU SPATE REFR.VRAC SZEKELY CSURKE}",0.000486977991386383,0.140303842716711,0.00347088135262014,6.47070564743841,314
"{_PATRUNJEL RADACINA KG,PULPE PORC FARA OS} => {_MORCOVI}",0.00043424789040824,0.752688172043011,0.000576929340113804,26.2481376157993,280
"{_MORCOVI,PULPE PORC FARA OS} => {_PATRUNJEL RADACINA KG}",0.00043424789040824,0.424886191198786,0.00102203342778225,27.0287728770362,280
"{_PATRUNJEL RADACINA KG,PULPE PORC FARA OS} => {CARNE TOCATA PORC VRAC}",0.000156639417611544,0.271505376344086,0.000576929340113804,4.93724310815704,101
"{COTLET PORC FARA OS,PULPE PORC FARA OS} => {PIEPT DE PUI FARA OS REFR.VRAC SZEKELY CSURKE}",0.000296219096671335,0.198958333333333,0.00148884990997111,7.82619208302831,191
"{PIEPT DE PUI FARA OS REFR.VRAC SZEKELY CSURKE,PULPE PORC FARA OS} => {COTLET PORC FARA OS}",0.000296219096671335,0.207383279044517,0.00142836538237853,12.2207353906919,191
"{COTLET PORC FARA OS,PIEPT DE PUI FARA OS REFR.VRAC SZEKELY CSURKE} => {PULPE PORC FARA OS}",0.000296219096671335,0.115477629987908,0.00256516432405439,8.79612137894781,191
"{_MORCOVI,PULPE PORC FARA OS} => {COTLET PORC FARA OS}",0.000138028793736905,0.1350531107739,0.00102203342778225,7.95844456728525,89
"{_MORCOVI,COTLET PORC FARA OS} => {PULPE PORC FARA OS}",0.000138028793736905,0.10360884749709,0.00133221049235956,7.8920566573173,89
"{COTLET PORC FARA OS,PULPE PORC FARA OS} => {CARNE TOCATA PORC VRAC}",0.000465265596865971,0.3125,0.00148884990997111,5.68271793389362,300
"{CARNE TOCATA PORC VRAC,PULPE PORC FARA OS} => {COTLET PORC FARA OS}",0.000465265596865971,0.134048257372654,0.00347088135262014,7.89923030671594,300
"{CARNE TOCATA PORC VRAC,COTLET PORC FARA OS} => {PULPE PORC FARA OS}",0.000465265596865971,0.105300105300105,0.00441847228490384,8.02088255130193,300
"{PASTE ATA PAIANJENULUI CU 8 OUA GYERMELYI 250G,PULPE PORC FARA OS} => {CARNE TOCATA PORC VRAC}",0.000183004468100615,0.328690807799443,0.000556767830916279,5.9771428742012,118
"{GOBE 10 OUA PROASPETE L,PULPE PORC FARA OS} => {CARNE TOCATA PORC VRAC}",0.000136477908414018,0.268292682926829,0.000508690385906795,4.87882125056233,88
"{_MORCOVI,PULPE PORC FARA OS} => {PIEPT DE PUI FARA OS REFR.VRAC SZEKELY CSURKE}",0.000117867284539379,0.115326251896813,0.00102203342778225,4.53645436428148,76
"{PIEPT DE PUI FARA OS REFR.VRAC SZEKELY CSURKE,PULPE PORC FARA OS} => {CARNE TOCATA PORC VRAC}",0.000497834188646589,0.348534201954397,0.00142836538237853,6.33798899206898,321
"{CARNE TOCATA PORC VRAC,PULPE PORC FARA OS} => {PIEPT DE PUI FARA OS REFR.VRAC SZEKELY CSURKE}",0.000497834188646589,0.14343163538874,0.00347088135262014,5.64200307938091,321
"{_MORCOVI,PULPE PORC FARA OS} => {CARNE TOCATA PORC VRAC}",0.00027140493150515,0.265553869499241,0.00102203342778225,4.82901675717819,175
"{_BANANE,PULPE PORC FARA OS} => {CARNE TOCATA PORC VRAC}",0.000134927023091132,0.264437689969605,0.000510241271229681,4.80871937020056,87
"{_PATRUNJEL RADACINA KG,GOBE BATON LAPTE 100G} => {_MORCOVI}",0.000164393844225976,0.757142857142857,0.00021712394520412,26.4034837363826,106
"{_MORCOVI,GOBE BATON LAPTE 100G} => {_PATRUNJEL RADACINA KG}",0.000164393844225976,0.382671480144404,0.00042959523443958,24.3433200174379,106
"{GOBE 20 OUA PROASPETE M DIN GHEORGHENI,PULPE PUI CU SPATE REFR.VRAC SZEKELY CSURKE} => {PIEPT DE PUI FARA OS REFR.VRAC SZEKELY CSURKE}",0.0001039093166334,0.227891156462585,0.000455960284928652,8.96428882680451,67
"{GOBE 20 OUA PROASPETE M DIN GHEORGHENI,PIEPT DE PUI FARA OS REFR.VRAC SZEKELY CSURKE} => {PULPE PUI CU SPATE REFR.VRAC SZEKELY CSURKE}",0.0001039093166334,0.137860082304527,0.000753730266922873,6.35800129099369,67
"{GOBE 20 OUA PROASPETE M DIN GHEORGHENI,PULPE PUI CU SPATE REFR.VRAC SZEKELY CSURKE} => {CARNE TOCATA PORC VRAC}",0.000139579679059791,0.306122448979592,0.000455960284928652,5.56674409850804,90
"{CARNE TOCATA PORC VRAC,GOBE 20 OUA PROASPETE M DIN GHEORGHENI} => {PULPE PUI CU SPATE REFR.VRAC SZEKELY CSURKE}",0.000139579679059791,0.10752688172043,0.00129809101525606,4.95905733818477,90
"{_PATRUNJEL RADACINA KG,GOBE 20 OUA PROASPETE M DIN GHEORGHENI} => {_MORCOVI}",0.000421840807825147,0.745205479452055,0.000566073142853598,25.9871972261941,272
"{_MORCOVI,GOBE 20 OUA PROASPETE M DIN GHEORGHENI} => {_PATRUNJEL RADACINA KG}",0.000421840807825147,0.423017107309487,0.000997219262616064,26.9098726986391,272
"{_PATRUNJEL RADACINA KG,GOBE 20 OUA PROASPETE M DIN GHEORGHENI} => {CARNE TOCATA PORC VRAC}",0.000100807545987627,0.178082191780822,0.000566073142853598,3.23837076780787,65
"{COTLET PORC FARA OS,GOBE 20 OUA PROASPETE M DIN GHEORGHENI} => {PIEPT DE PUI FARA OS REFR.VRAC SZEKELY CSURKE}",0.000107011087279173,0.214285714285714,0.000499385073969475,8.42910740430872,69
"{GOBE 20 OUA PROASPETE M DIN GHEORGHENI,PIEPT DE PUI FARA OS REFR.VRAC SZEKELY CSURKE} => {COTLET PORC FARA OS}",0.000107011087279173,0.141975308641975,0.000753730266922873,8.3663576297921,69
"{COTLET PORC FARA OS,GOBE 20 OUA PROASPETE M DIN GHEORGHENI} => {CARNE TOCATA PORC VRAC}",0.00016284295890309,0.326086956521739,0.000499385073969475,5.9297926266716,105
"{CARNE TOCATA PORC VRAC,GOBE 20 OUA PROASPETE M DIN GHEORGHENI} => {COTLET PORC FARA OS}",0.00016284295890309,0.125448028673835,0.00129809101525606,7.39243381033524,105
"{GOBE 20 OUA PROASPETE M DIN GHEORGHENI,PASTE ATA PAIANJENULUI CU 8 OUA GYERMELYI 250G} => {_MORCOVI}",0.000128723481799585,0.183628318584071,0.00070100016594473,6.40358325715407,83
"{_MORCOVI,GOBE 20 OUA PROASPETE M DIN GHEORGHENI} => {PASTE ATA PAIANJENULUI CU 8 OUA GYERMELYI 250G}",0.000128723481799585,0.129082426127527,0.000997219262616064,5.84736860967027,83
"{GOBE 20 OUA PROASPETE M DIN GHEORGHENI,PASTE ATA PAIANJENULUI CU 8 OUA GYERMELYI 250G} => {CARNE TOCATA PORC VRAC}",0.000100807545987627,0.143805309734513,0.00070100016594473,2.61505604037583,65
"{GOBE 20 OUA PROASPETE M DIN GHEORGHENI,PIEPT DE PUI FARA OS REFR.VRAC SZEKELY CSURKE} => {_MORCOVI}",0.000107011087279173,0.141975308641975,0.000753730266922873,4.95103759790077,69
"{_MORCOVI,GOBE 20 OUA PROASPETE M DIN GHEORGHENI} => {PIEPT DE PUI FARA OS REFR.VRAC SZEKELY CSURKE}",0.000107011087279173,0.107309486780715,0.000997219262616064,4.22110821802085,69
"{GOBE 20 OUA PROASPETE M DIN GHEORGHENI,PIEPT DE PUI FARA OS REFR.VRAC SZEKELY CSURKE} => {CARNE TOCATA PORC VRAC}",0.000221776601172779,0.294238683127572,0.000753730266922873,5.35064141265375,143
"{CARNE TOCATA PORC VRAC,GOBE 20 OUA PROASPETE M DIN GHEORGHENI} => {PIEPT DE PUI FARA OS REFR.VRAC SZEKELY CSURKE}",0.000221776601172779,0.170848267622461,0.00129809101525606,6.72045918893909,143
"{_MORCOVI,GOBE 20 OUA PROASPETE M DIN GHEORGHENI} => {_BANANE}",0.00010856197260206,0.108864696734059,0.000997219262616064,3.56791676330406,70
"{_BANANE,GOBE 20 OUA PROASPETE M DIN GHEORGHENI} => {_MORCOVI}",0.00010856197260206,0.164319248826291,0.000660677147549679,5.73022722598435,70
"{_MORCOVI,GOBE 20 OUA PROASPETE M DIN GHEORGHENI} => {CARNE TOCATA PORC VRAC}",0.000189208009392162,0.189735614307932,0.000997219262616064,3.45028473000322,122
"{CARNE TOCATA PORC VRAC,GOBE 20 OUA PROASPETE M DIN GHEORGHENI} => {_MORCOVI}",0.000189208009392162,0.145758661887694,0.00129809101525606,5.08297268115478,122
"{_LAMAIE^2 A nu se consuma coaja,_PATRUNJEL RADACINA KG} => {_MORCOVI}",0.00047922356477195,0.786259541984733,0.000609497931894422,27.4188560765258,309
"{_LAMAIE^2 A nu se consuma coaja,_MORCOVI} => {_PATRUNJEL RADACINA KG}",0.00047922356477195,0.419836956521739,0.00114145159764452,26.7075701170602,309
"{_LAMAIE^2 A nu se consuma coaja,_PATRUNJEL RADACINA KG} => {_BANANE}",0.000107011087279173,0.175572519083969,0.000609497931894422,5.75418985959693,69
"{_BANANE,_PATRUNJEL RADACINA KG} => {_LAMAIE^2 A nu se consuma coaja}",0.000107011087279173,0.103603603603604,0.00103288962504246,9.26402418227408,69
"{_LAMAIE^2 A nu se consuma coaja,PASTE ATA PAIANJENULUI CU 8 OUA GYERMELYI 250G} => {_MORCOVI}",0.000127172596476699,0.272425249169435,0.000466816482188858,9.50015650014644,82
"{_LAMAIE^2 A nu se consuma coaja,_MORCOVI} => {PASTE ATA PAIANJENULUI CU 8 OUA GYERMELYI 250G}",0.000127172596476699,0.111413043478261,0.00114145159764452,5.04695451338192,82
"{_LAMAIE^2 A nu se consuma coaja,GOBE 10 OUA PROASPETE L} => {_MORCOVI}",0.000120969055185152,0.189320388349515,0.000638964753029267,6.60208010627629,78
"{_LAMAIE^2 A nu se consuma coaja,_MORCOVI} => {GOBE 10 OUA PROASPETE L}",0.000120969055185152,0.105978260869565,0.00114145159764452,3.87578927802561,78
"{_LAMAIE^2 A nu se consuma coaja,GOBE 10 OUA PROASPETE L} => {_BANANE}",0.000116316399216493,0.182038834951456,0.000638964753029267,5.96611601630855,75
"{_LAMAIE^2 A nu se consuma coaja,PIEPT DE PUI FARA OS REFR.VRAC SZEKELY CSURKE} => {_BANANE}",0.0001039093166334,0.19533527696793,0.000531953665750093,6.40189179841326,67
"{_LAMAIE^2 A nu se consuma coaja,_MORCOVI} => {_BANANE}",0.000206267747943914,0.18070652173913,0.00114145159764452,5.92245096430513,133
"{_BANANE,_LAMAIE^2 A nu se consuma coaja} => {_MORCOVI}",0.000206267747943914,0.137396694214876,0.0015012569925542,4.79136974866915,133
"{_LAMAIE^2 A nu se consuma coaja,_MORCOVI} => {CARNE TOCATA PORC VRAC}",0.000148884990997111,0.130434782608696,0.00114145159764452,2.37191705066864,96
"{_LAMAIE^2 A nu se consuma coaja,CARNE TOCATA PORC VRAC} => {_MORCOVI}",0.000148884990997111,0.195918367346939,0.000759933808214419,6.83216829836315,96
"{_LAMAIE^2 A nu se consuma coaja,CARNE TOCATA PORC VRAC} => {_BANANE}",0.000111663743247833,0.146938775510204,0.000759933808214419,4.81575144238848,72
"{FAINA BL-55 GYERMELYI 1KG,ULEI KUNSAGI EDEN 1L} => {PASTE ATA PAIANJENULUI CU 8 OUA GYERMELYI 250G}",0.000117867284539379,0.144212523719165,0.000817316565161222,6.53275437729743,76
"{FAINA BL-55 GYERMELYI 1KG,PASTE ATA PAIANJENULUI CU 8 OUA GYERMELYI 250G} => {ULEI KUNSAGI EDEN 1L}",0.000117867284539379,0.112094395280236,0.00105150024891709,9.77782486687354,76
"{PASTE ATA PAIANJENULUI CU 8 OUA GYERMELYI 250G,ULEI KUNSAGI EDEN 1L} => {FAINA BL-55 GYERMELYI 1KG}",0.000117867284539379,0.129692832764505,0.00090881879921153,12.1831338456765,76
"{ELAN ULEI RAFINAT DE FLOAREA SOARELUI 1L,FAINA BL-55 GYERMELYI 1KG} => {PASTE ATA PAIANJENULUI CU 8 OUA GYERMELYI 250G}",0.000116316399216493,0.148514851485149,0.000783197088057718,6.72764764884526,75
"{FAINA BL-55 GYERMELYI 1KG,PASTE ATA PAIANJENULUI CU 8 OUA GYERMELYI 250G} => {ELAN ULEI RAFINAT DE FLOAREA SOARELUI 1L}",0.000116316399216493,0.110619469026549,0.00105150024891709,8.17122915477551,75
"{ELAN ULEI RAFINAT DE FLOAREA SOARELUI 1L,PASTE ATA PAIANJENULUI CU 8 OUA GYERMELYI 250G} => {FAINA BL-55 GYERMELYI 1KG}",0.000116316399216493,0.123355263157895,0.000942938276315034,11.587792860922,75
"{ELAN ULEI RAFINAT DE FLOAREA SOARELUI 1L,FAINA BL-55 GYERMELYI 1KG} => {_MORCOVI}",0.000102358431310514,0.130693069306931,0.000783197088057718,4.55759741685364,66
"{_MORCOVI,FAINA BL-55 GYERMELYI 1KG} => {ELAN ULEI RAFINAT DE FLOAREA SOARELUI 1L}",0.000102358431310514,0.144420131291028,0.000708754592559162,10.6680134855695,66
"{_MORCOVI,ELAN ULEI RAFINAT DE FLOAREA SOARELUI 1L} => {FAINA BL-55 GYERMELYI 1KG}",0.000102358431310514,0.101226993865031,0.00101117723052204,9.50909922133082,66
"{ELAN ULEI RAFINAT DE FLOAREA SOARELUI 1L,FAINA BL-55 GYERMELYI 1KG} => {CARNE TOCATA PORC VRAC}",0.00010856197260206,0.138613861386139,0.000783197088057718,2.52065112315281,70
"{CARNE TOCATA PORC VRAC,FAINA BL-55 GYERMELYI 1KG} => {ELAN ULEI RAFINAT DE FLOAREA SOARELUI 1L}",0.00010856197260206,0.105105105105105,0.00103288962504246,7.76389460832123,70
"{FAINA BL-55 GYERMELYI 1KG,PULPE PUI CU SPATE REFR.VRAC SZEKELY CSURKE} => {CARNE TOCATA PORC VRAC}",0.000119418169862266,0.274021352313167,0.000435798775731126,4.98299536979142,77
"{CARNE TOCATA PORC VRAC,FAINA BL-55 GYERMELYI 1KG} => {PULPE PUI CU SPATE REFR.VRAC SZEKELY CSURKE}",0.000119418169862266,0.115615615615616,0.00103288962504246,5.33210354335453,77
"{_PATRUNJEL RADACINA KG,FAINA BL-55 GYERMELYI 1KG} => {_MORCOVI}",0.00031638060586886,0.715789473684211,0.000442002317022672,24.9613868093706,204
"{_MORCOVI,FAINA BL-55 GYERMELYI 1KG} => {_PATRUNJEL RADACINA KG}",0.00031638060586886,0.446389496717724,0.000708754592559162,28.3966873280497,204
"{COTLET PORC FARA OS,FAINA BL-55 GYERMELYI 1KG} => {CARNE TOCATA PORC VRAC}",0.000141130564382678,0.33955223880597,0.000415637266533601,6.17465471026053,91
"{CARNE TOCATA PORC VRAC,FAINA BL-55 GYERMELYI 1KG} => {COTLET PORC FARA OS}",0.000141130564382678,0.136636636636637,0.00103288962504246,8.05175898801379,91
"{FAINA BL-55 GYERMELYI 1KG,PASTE ATA PAIANJENULUI CU 8 OUA GYERMELYI 250G} => {_MORCOVI}",0.000144232335028451,0.13716814159292,0.00105150024891709,4.78339954148858,93
"{_MORCOVI,FAINA BL-55 GYERMELYI 1KG} => {PASTE ATA PAIANJENULUI CU 8 OUA GYERMELYI 250G}",0.000144232335028451,0.203501094091904,0.000708754592559162,9.21849662517921,93
"{FAINA BL-55 GYERMELYI 1KG,PASTE ATA PAIANJENULUI CU 8 OUA GYERMELYI 250G} => {CARNE TOCATA PORC VRAC}",0.000122519940508039,0.116519174041298,0.00105150024891709,2.11886591989426,79
"{CARNE TOCATA PORC VRAC,FAINA BL-55 GYERMELYI 1KG} => {PASTE ATA PAIANJENULUI CU 8 OUA GYERMELYI 250G}",0.000122519940508039,0.118618618618619,0.00103288962504246,5.37336342243607,79
"{FAINA BL-55 GYERMELYI 1KG,PIEPT DE PUI FARA OS REFR.VRAC SZEKELY CSURKE} => {CARNE TOCATA PORC VRAC}",0.00015353764696577,0.269754768392371,0.000569174913499371,4.90540883230926,99
"{CARNE TOCATA PORC VRAC,FAINA BL-55 GYERMELYI 1KG} => {PIEPT DE PUI FARA OS REFR.VRAC SZEKELY CSURKE}",0.00015353764696577,0.148648648648649,0.00103288962504246,5.84721864983578,99
"{_MORCOVI,FAINA BL-55 GYERMELYI 1KG} => {CARNE TOCATA PORC VRAC}",0.000107011087279173,0.150984682713348,0.000708754592559162,2.74561076543482,69
"{CARNE TOCATA PORC VRAC,FAINA BL-55 GYERMELYI 1KG} => {_MORCOVI}",0.000107011087279173,0.103603603603604,0.00103288962504246,3.61291932819786,69
"{_PATRUNJEL RADACINA KG,BERE TILTOTT IGAZI SOR 6% 500ML} => {_MORCOVI}",0.000190758894715048,0.664864864864865,0.000286913784734015,23.1855170800871,123
"{_MORCOVI,BERE TILTOTT IGAZI SOR 6% 500ML} => {_PATRUNJEL RADACINA KG}",0.000190758894715048,0.43006993006993,0.000443553202345559,27.3585320066674,123
"{_PATRUNJEL RADACINA KG,ULEI KUNSAGI EDEN 1L} => {_MORCOVI}",0.000347398312326592,0.808664259927798,0.00042959523443958,28.2001651785627,224
"{_MORCOVI,ULEI KUNSAGI EDEN 1L} => {_PATRUNJEL RADACINA KG}",0.000347398312326592,0.504504504504504,0.000688593083361637,32.0936240107511,224
"{COTLET PORC FARA OS,ULEI KUNSAGI EDEN 1L} => {CARNE TOCATA PORC VRAC}",0.00015353764696577,0.321428571428571,0.000477672679449063,5.84508130343344,99
"{CARNE TOCATA PORC VRAC,ULEI KUNSAGI EDEN 1L} => {COTLET PORC FARA OS}",0.00015353764696577,0.168654173764906,0.000910369684534417,9.93849667925381,99
"{PASTE ATA PAIANJENULUI CU 8 OUA GYERMELYI 250G,ULEI KUNSAGI EDEN 1L} => {_MORCOVI}",0.000100807545987627,0.110921501706485,0.00090881879921153,3.86811291778417,65
"{_MORCOVI,ULEI KUNSAGI EDEN 1L} => {PASTE ATA PAIANJENULUI CU 8 OUA GYERMELYI 250G}",0.000100807545987627,0.146396396396396,0.000688593083361637,6.63168270490527,65
"{PASTE ATA PAIANJENULUI CU 8 OUA GYERMELYI 250G,ULEI KUNSAGI EDEN 1L} => {CARNE TOCATA PORC VRAC}",0.000114765513893606,0.126279863481229,0.00090881879921153,2.29636110366213,74
"{CARNE TOCATA PORC VRAC,ULEI KUNSAGI EDEN 1L} => {PASTE ATA PAIANJENULUI CU 8 OUA GYERMELYI 250G}",0.000114765513893606,0.126064735945486,0.000910369684534417,5.71066877086535,74
"{PIEPT DE PUI FARA OS REFR.VRAC SZEKELY CSURKE,ULEI KUNSAGI EDEN 1L} => {CARNE TOCATA PORC VRAC}",0.000107011087279173,0.259398496240602,0.000412535495887828,4.71708315715681,69
"{CARNE TOCATA PORC VRAC,ULEI KUNSAGI EDEN 1L} => {PIEPT DE PUI FARA OS REFR.VRAC SZEKELY CSURKE}",0.000107011087279173,0.117546848381601,0.000910369684534417,4.62380338021705,69
"{_MORCOVI,ULEI KUNSAGI EDEN 1L} => {CARNE TOCATA PORC VRAC}",0.000127172596476699,0.184684684684685,0.000688593083361637,3.35843510327407,82
"{CARNE TOCATA PORC VRAC,ULEI KUNSAGI EDEN 1L} => {_MORCOVI}",0.000127172596476699,0.1396933560477,0.000910369684534417,4.87146014743455,82
"{APA MINERALA NATURALA CARBOGAZOASA PERLA HARGHITEI  2L,PULPE PUI CU SPATE REFR.VRAC SZEKELY CSURKE} => {CARNE TOCATA PORC VRAC}",0.0001039093166334,0.286324786324786,0.000362907165555457,5.20672959413159,67
"{APA MINERALA NATURALA CARBOGAZOASA PERLA HARGHITEI  2L,CARNE TOCATA PORC VRAC} => {PULPE PUI CU SPATE REFR.VRAC SZEKELY CSURKE}",0.0001039093166334,0.103715170278638,0.00100187191858472,4.78326412913766,67
"{_PATRUNJEL RADACINA KG,APA MINERALA NATURALA CARBOGAZOASA PERLA HARGHITEI  2L} => {_MORCOVI}",0.00032568591780618,0.716723549488055,0.000454409399605765,24.9939603918362,210
"{_MORCOVI,APA MINERALA NATURALA CARBOGAZOASA PERLA HARGHITEI  2L} => {_PATRUNJEL RADACINA KG}",0.00032568591780618,0.431211498973306,0.00075528115224576,27.431151939374,210
"{APA MINERALA NATURALA CARBOGAZOASA PERLA HARGHITEI  2L,COTLET PORC FARA OS} => {CARNE TOCATA PORC VRAC}",0.000120969055185152,0.3046875,0.000397026642658962,5.54064998554628,78
"{APA MINERALA NATURALA CARBOGAZOASA PERLA HARGHITEI  2L,CARNE TOCATA PORC VRAC} => {COTLET PORC FARA OS}",0.000120969055185152,0.120743034055728,0.00100187191858472,7.11517667317627,78
"{APA MINERALA NATURALA CARBOGAZOASA PERLA HARGHITEI  2L,PIEPT DE PUI FARA OS REFR.VRAC SZEKELY CSURKE} => {CARNE TOCATA PORC VRAC}",0.000107011087279173,0.191135734072022,0.000559869601562052,3.47574548422081,69
"{APA MINERALA NATURALA CARBOGAZOASA PERLA HARGHITEI  2L,CARNE TOCATA PORC VRAC} => {PIEPT DE PUI FARA OS REFR.VRAC SZEKELY CSURKE}",0.000107011087279173,0.106811145510836,0.00100187191858472,4.20150554827772,69
"{_MORCOVI,APA MINERALA NATURALA CARBOGAZOASA PERLA HARGHITEI  2L} => {CARNE TOCATA PORC VRAC}",0.000119418169862266,0.158110882956879,0.000755281152245759,2.87519856039299,77
"{APA MINERALA NATURALA CARBOGAZOASA PERLA HARGHITEI  2L,CARNE TOCATA PORC VRAC} => {_MORCOVI}",0.000119418169862266,0.119195046439628,0.00100187191858472,4.15663231903447,77
"{ELAN ULEI RAFINAT DE FLOAREA SOARELUI 1L,PULPE PUI CU SPATE REFR.VRAC SZEKELY CSURKE} => {COTLET PORC FARA OS}",0.000124070825830926,0.126382306477093,0.000981710409387199,7.44748917385161,80
"{COTLET PORC FARA OS,ELAN ULEI RAFINAT DE FLOAREA SOARELUI 1L} => {PULPE PUI CU SPATE REFR.VRAC SZEKELY CSURKE}",0.000124070825830926,0.16260162601626,0.000763035578860192,7.49906231627941,80
"{ELAN ULEI RAFINAT DE FLOAREA SOARELUI 1L,PULPE PUI CU SPATE REFR.VRAC SZEKELY CSURKE} => {PIEPT DE PUI FARA OS REFR.VRAC SZEKELY CSURKE}",0.000139579679059791,0.14218009478673,0.000981710409387199,5.59277268532332,90
"{ELAN ULEI RAFINAT DE FLOAREA SOARELUI 1L,PIEPT DE PUI FARA OS REFR.VRAC SZEKELY CSURKE} => {PULPE PUI CU SPATE REFR.VRAC SZEKELY CSURKE}",0.000139579679059791,0.148026315789474,0.000942938276315034,6.82686018431029,90
"{ELAN ULEI RAFINAT DE FLOAREA SOARELUI 1L,PULPE PUI CU SPATE REFR.VRAC SZEKELY CSURKE} => {_MORCOVI}",0.000116316399216493,0.118483412322275,0.000981710409387199,4.13181583999549,75
"{_MORCOVI,ELAN ULEI RAFINAT DE FLOAREA SOARELUI 1L} => {PULPE PUI CU SPATE REFR.VRAC SZEKELY CSURKE}",0.000116316399216493,0.115030674846626,0.00101117723052204,5.3051265235949,75
"{ELAN ULEI RAFINAT DE FLOAREA SOARELUI 1L,PULPE PUI CU SPATE REFR.VRAC SZEKELY CSURKE} => {CARNE TOCATA PORC VRAC}",0.000305524408608654,0.311216429699842,0.000981710409387199,5.65937659640843,197
"{CARNE TOCATA PORC VRAC,ELAN ULEI RAFINAT DE FLOAREA SOARELUI 1L} => {PULPE PUI CU SPATE REFR.VRAC SZEKELY CSURKE}",0.000305524408608654,0.164578111946533,0.00185640973149522,7.59021633190336,197
"{_PATRUNJEL RADACINA KG,ELAN ULEI RAFINAT DE FLOAREA SOARELUI 1L} => {PASTE ATA PAIANJENULUI CU 8 OUA GYERMELYI 250G}",0.000107011087279173,0.197707736389685,0.000541258977687413,8.95606045172924,69
"{ELAN ULEI RAFINAT DE FLOAREA SOARELUI 1L,PASTE ATA PAIANJENULUI CU 8 OUA GYERMELYI 250G} => {_PATRUNJEL RADACINA KG}",0.000107011087279173,0.113486842105263,0.000942938276315034,7.21936872351805,69
"{_PATRUNJEL RADACINA KG,ELAN ULEI RAFINAT DE FLOAREA SOARELUI 1L} => {_MORCOVI}",0.000392373986690302,0.724928366762178,0.000541258977687413,25.2800830930062,253
"{_MORCOVI,ELAN ULEI RAFINAT DE FLOAREA SOARELUI 1L} => {_PATRUNJEL RADACINA KG}",0.000392373986690302,0.388036809815951,0.00101117723052204,24.6846308910474,253
"{_PATRUNJEL RADACINA KG,ELAN ULEI RAFINAT DE FLOAREA SOARELUI 1L} => {CARNE TOCATA PORC VRAC}",0.000107011087279173,0.197707736389685,0.000541258977687413,3.59525535760376,69
"{COTLET PORC FARA OS,ELAN ULEI RAFINAT DE FLOAREA SOARELUI 1L} => {PIEPT DE PUI FARA OS REFR.VRAC SZEKELY CSURKE}",0.000144232335028451,0.189024390243902,0.000763035578860192,7.43543214119916,93
"{ELAN ULEI RAFINAT DE FLOAREA SOARELUI 1L,PIEPT DE PUI FARA OS REFR.VRAC SZEKELY CSURKE} => {COTLET PORC FARA OS}",0.000144232335028451,0.152960526315789,0.000942938276315035,9.01369737202859,93
"{COTLET PORC FARA OS,ELAN ULEI RAFINAT DE FLOAREA SOARELUI 1L} => {CARNE TOCATA PORC VRAC}",0.000254345192953397,0.333333333333333,0.000763035578860192,6.0615657961532,164
"{CARNE TOCATA PORC VRAC,ELAN ULEI RAFINAT DE FLOAREA SOARELUI 1L} => {COTLET PORC FARA OS}",0.000254345192953397,0.137009189640769,0.00185640973149522,8.07371288759277,164
"{ELAN ULEI RAFINAT DE FLOAREA SOARELUI 1L,PASTE ATA PAIANJENULUI CU 8 OUA GYERMELYI 250G} => {_MORCOVI}",0.000164393844225976,0.174342105263158,0.000942938276315035,6.07974954456178,106
"{_MORCOVI,ELAN ULEI RAFINAT DE FLOAREA SOARELUI 1L} => {PASTE ATA PAIANJENULUI CU 8 OUA GYERMELYI 250G}",0.000164393844225976,0.162576687116564,0.00101117723052204,7.36464169003449,106
"{ELAN ULEI RAFINAT DE FLOAREA SOARELUI 1L,PASTE ATA PAIANJENULUI CU 8 OUA GYERMELYI 250G} => {CARNE TOCATA PORC VRAC}",0.000148884990997111,0.157894736842105,0.000942938276315035,2.87126800870415,96
"{ELAN ULEI RAFINAT DE FLOAREA SOARELUI 1L,GOBE 10 OUA PROASPETE L} => {CARNE TOCATA PORC VRAC}",0.00010856197260206,0.139442231075697,0.000778544432089058,2.53571477528321,70
"{ELAN ULEI RAFINAT DE FLOAREA SOARELUI 1L,PIEPT DE PUI FARA OS REFR.VRAC SZEKELY CSURKE} => {_MORCOVI}",0.000116316399216493,0.123355263157895,0.000942938276315034,4.30170958341636,75
"{_MORCOVI,ELAN ULEI RAFINAT DE FLOAREA SOARELUI 1L} => {PIEPT DE PUI FARA OS REFR.VRAC SZEKELY CSURKE}",0.000116316399216493,0.115030674846626,0.00101117723052204,4.5248275943375,75
"{ELAN ULEI RAFINAT DE FLOAREA SOARELUI 1L,PIEPT DE PUI FARA OS REFR.VRAC SZEKELY CSURKE} => {CARNE TOCATA PORC VRAC}",0.000274506702150923,0.291118421052632,0.000942938276315034,5.29390039104827,177
"{CARNE TOCATA PORC VRAC,ELAN ULEI RAFINAT DE FLOAREA SOARELUI 1L} => {PIEPT DE PUI FARA OS REFR.VRAC SZEKELY CSURKE}",0.000274506702150923,0.147869674185464,0.00185640973149522,5.81657703923058,177
"{_MORCOVI,ELAN ULEI RAFINAT DE FLOAREA SOARELUI 1L} => {_BANANE}",0.000114765513893606,0.113496932515337,0.00101117723052204,3.7197330287365,74
"{_BANANE,ELAN ULEI RAFINAT DE FLOAREA SOARELUI 1L} => {_MORCOVI}",0.000114765513893606,0.158798283261803,0.000722712560465142,5.53769721250554,74
"{_MORCOVI,ELAN ULEI RAFINAT DE FLOAREA SOARELUI 1L} => {CARNE TOCATA PORC VRAC}",0.000206267747943914,0.20398773006135,0.00101117723052204,3.70945514212442,133
"{CARNE TOCATA PORC VRAC,ELAN ULEI RAFINAT DE FLOAREA SOARELUI 1L} => {_MORCOVI}",0.000206267747943914,0.111111111111111,0.00185640973149522,3.87472507661799,133
"{_BANANE,ELAN ULEI RAFINAT DE FLOAREA SOARELUI 1L} => {CARNE TOCATA PORC VRAC}",0.000116316399216493,0.160944206008584,0.000722712560465142,2.92672168269199,75
"{_PATRUNJEL RADACINA KG,PULPE PUI CU SPATE REFR.VRAC SZEKELY CSURKE} => {PASTE ATA PAIANJENULUI CU 8 OUA GYERMELYI 250G}",0.000127172596476699,0.14963503649635,0.00084988515694184,6.77839146322827,82
"{PASTE ATA PAIANJENULUI CU 8 OUA GYERMELYI 250G,PULPE PUI CU SPATE REFR.VRAC SZEKELY CSURKE} => {_PATRUNJEL RADACINA KG}",0.000127172596476699,0.132045088566828,0.00096309978551256,8.39993575298644,82
"{_PATRUNJEL RADACINA KG,PULPE PUI CU SPATE REFR.VRAC SZEKELY CSURKE} => {PIEPT DE PUI FARA OS REFR.VRAC SZEKELY CSURKE}",0.000150435876319997,0.177007299270073,0.00084988515694184,6.96272983883896,97
"{_PATRUNJEL RADACINA KG,PIEPT DE PUI FARA OS REFR.VRAC SZEKELY CSURKE} => {PULPE PUI CU SPATE REFR.VRAC SZEKELY CSURKE}",0.000150435876319997,0.132694938440492,0.00113369717103008,6.1197888163837,97
"{_PATRUNJEL RADACINA KG,PULPE PUI CU SPATE REFR.VRAC SZEKELY CSURKE} => {_MORCOVI}",0.000631210326414834,0.742700729927007,0.00084988515694184,25.899850284036,407
"{_MORCOVI,PULPE PUI CU SPATE REFR.VRAC SZEKELY CSURKE} => {_PATRUNJEL RADACINA KG}",0.000631210326414834,0.460928652321631,0.00136943174010884,29.3215833185104,407
"{_PATRUNJEL RADACINA KG,PULPE PUI CU SPATE REFR.VRAC SZEKELY CSURKE} => {CARNE TOCATA PORC VRAC}",0.000214022174558347,0.251824817518248,0.00084988515694184,4.5793581014734,138
"{_PATRUNJEL RADACINA KG,CARNE TOCATA PORC VRAC} => {PULPE PUI CU SPATE REFR.VRAC SZEKELY CSURKE}",0.000214022174558347,0.102908277404922,0.00207973721799089,4.74605084849093,138
"{COTLET PORC FARA OS,PULPE PUI CU SPATE REFR.VRAC SZEKELY CSURKE} => {PIEPT DE PUI FARA OS REFR.VRAC SZEKELY CSURKE}",0.00031638060586886,0.237209302325581,0.00133376137768245,9.33082587081617,204
"{PIEPT DE PUI FARA OS REFR.VRAC SZEKELY CSURKE,PULPE PUI CU SPATE REFR.VRAC SZEKELY CSURKE} => {COTLET PORC FARA OS}",0.00031638060586886,0.119158878504673,0.00265511567278181,7.02182514601202,204
"{COTLET PORC FARA OS,PIEPT DE PUI FARA OS REFR.VRAC SZEKELY CSURKE} => {PULPE PUI CU SPATE REFR.VRAC SZEKELY CSURKE}",0.00031638060586886,0.123337363966143,0.00256516432405439,5.68822465659259,204
"{COTLET PORC FARA OS,PULPE PUI CU SPATE REFR.VRAC SZEKELY CSURKE} => {_MORCOVI}",0.000134927023091132,0.101162790697674,0.00133376137768245,3.52780201743243,87
"{_MORCOVI,COTLET PORC FARA OS} => {PULPE PUI CU SPATE REFR.VRAC SZEKELY CSURKE}",0.000134927023091132,0.10128055878929,0.00133221049235956,4.67098171399918,87
"{COTLET PORC FARA OS,PULPE PUI CU SPATE REFR.VRAC SZEKELY CSURKE} => {CARNE TOCATA PORC VRAC}",0.000524199239135661,0.393023255813953,0.00133376137768245,7.14700897360388,338
"{CARNE TOCATA PORC VRAC,PULPE PUI CU SPATE REFR.VRAC SZEKELY CSURKE} => {COTLET PORC FARA OS}",0.000524199239135661,0.100565307944064,0.00521252557022176,5.92613842123716,338
"{CARNE TOCATA PORC VRAC,COTLET PORC FARA OS} => {PULPE PUI CU SPATE REFR.VRAC SZEKELY CSURKE}",0.000524199239135661,0.118638118638119,0.00441847228490384,5.47149906523342,338
"{PASTE ATA PAIANJENULUI CU 8 OUA GYERMELYI 250G,PULPE PUI CU SPATE REFR.VRAC SZEKELY CSURKE} => {PIEPT DE PUI FARA OS REFR.VRAC SZEKELY CSURKE}",0.000184555353423502,0.191626409017713,0.00096309978551256,7.53778472119073,119
"{PASTE ATA PAIANJENULUI CU 8 OUA GYERMELYI 250G,PIEPT DE PUI FARA OS REFR.VRAC SZEKELY CSURKE} => {PULPE PUI CU SPATE REFR.VRAC SZEKELY CSURKE}",0.000184555353423502,0.147277227722772,0.00125311534089235,6.79231281704095,119
"{PASTE ATA PAIANJENULUI CU 8 OUA GYERMELYI 250G,PULPE PUI CU SPATE REFR.VRAC SZEKELY CSURKE} => {_MORCOVI}",0.000172148270840409,0.178743961352657,0.00096309978551256,6.23325338412459,111
"{_MORCOVI,PULPE PUI CU SPATE REFR.VRAC SZEKELY CSURKE} => {PASTE ATA PAIANJENULUI CU 8 OUA GYERMELYI 250G}",0.000172148270840409,0.125707814269536,0.00136943174010884,5.69450039948691,111
"{PASTE ATA PAIANJENULUI CU 8 OUA GYERMELYI 250G,PULPE PUI CU SPATE REFR.VRAC SZEKELY CSURKE} => {CARNE TOCATA PORC VRAC}",0.000286913784734015,0.297906602254428,0.00096309978551256,5.41734141202097,185
"{CARNE TOCATA PORC VRAC,PASTE ATA PAIANJENULUI CU 8 OUA GYERMELYI 250G} => {PULPE PUI CU SPATE REFR.VRAC SZEKELY CSURKE}",0.000286913784734015,0.118589743589744,0.00241938110370305,5.46926804509417,185
"{GOBE 10 OUA PROASPETE L,PULPE PUI CU SPATE REFR.VRAC SZEKELY CSURKE} => {CARNE TOCATA PORC VRAC}",0.000139579679059791,0.247933884297521,0.000562971372207825,4.50860265829577,90
"{_MORCOVI,PULPE PUI CU SPATE REFR.VRAC SZEKELY CSURKE} => {PIEPT DE PUI FARA OS REFR.VRAC SZEKELY CSURKE}",0.000235734569078759,0.172140430351076,0.00136943174010884,6.771287488248,152
"{_MORCOVI,PIEPT DE PUI FARA OS REFR.VRAC SZEKELY CSURKE} => {PULPE PUI CU SPATE REFR.VRAC SZEKELY CSURKE}",0.000235734569078759,0.121115537848606,0.00194636108022265,5.5857557396478,152
"{_BANANE,PULPE PUI CU SPATE REFR.VRAC SZEKELY CSURKE} => {PIEPT DE PUI FARA OS REFR.VRAC SZEKELY CSURKE}",0.000156639417611544,0.207818930041152,0.000753730266922873,8.17473104917183,101
"{_BANANE,PIEPT DE PUI FARA OS REFR.VRAC SZEKELY CSURKE} => {PULPE PUI CU SPATE REFR.VRAC SZEKELY CSURKE}",0.000156639417611544,0.122128174123337,0.00128258216202719,5.63245774819463,101
"{PIEPT DE PUI FARA OS REFR.VRAC SZEKELY CSURKE,PULPE PUI CU SPATE REFR.VRAC SZEKELY CSURKE} => {CARNE TOCATA PORC VRAC}",0.000736670528371121,0.277453271028037,0.00265511567278181,5.04540377308312,475
"{CARNE TOCATA PORC VRAC,PULPE PUI CU SPATE REFR.VRAC SZEKELY CSURKE} => {PIEPT DE PUI FARA OS REFR.VRAC SZEKELY CSURKE}",0.000736670528371121,0.141326986016067,0.00521252557022176,5.55921493986443,475
"{CARNE TOCATA PORC VRAC,PIEPT DE PUI FARA OS REFR.VRAC SZEKELY CSURKE} => {PULPE PUI CU SPATE REFR.VRAC SZEKELY CSURKE}",0.000736670528371121,0.139994105511347,0.00526215390055413,6.45642080501952,475
"{_BANANE,PULPE PUI CU SPATE REFR.VRAC SZEKELY CSURKE} => {_MORCOVI}",0.000102358431310514,0.135802469135802,0.000753730266922873,4.73577509364421,66
"{_MORCOVI,PULPE PUI CU SPATE REFR.VRAC SZEKELY CSURKE} => {CARNE TOCATA PORC VRAC}",0.000342745656357932,0.250283125707814,0.00136943174010884,4.55132290243439,221
"{_BANANE,PULPE PUI CU SPATE REFR.VRAC SZEKELY CSURKE} => {CARNE TOCATA PORC VRAC}",0.000200064206652368,0.265432098765432,0.000753730266922873,4.8268023932331,129
"{_BANANE,CARNE TOCATA PORC VRAC} => {PULPE PUI CU SPATE REFR.VRAC SZEKELY CSURKE}",0.000200064206652368,0.104538087520259,0.00191379248844203,4.82121644134544,129
"{_PATRUNJEL RADACINA KG,COTLET PORC FARA OS} => {PASTE ATA PAIANJENULUI CU 8 OUA GYERMELYI 250G}",0.000114765513893606,0.147410358565737,0.000778544432089058,6.67761467828279,74
"{COTLET PORC FARA OS,PASTE ATA PAIANJENULUI CU 8 OUA GYERMELYI 250G} => {_PATRUNJEL RADACINA KG}",0.000114765513893606,0.121911037891269,0.000941387390992148,7.75526675759912,74
"{_PATRUNJEL RADACINA KG,COTLET PORC FARA OS} => {PIEPT DE PUI FARA OS REFR.VRAC SZEKELY CSURKE}",0.000142681449705564,0.183266932270916,0.000778544432089058,7.20895772692539,92
"{_PATRUNJEL RADACINA KG,PIEPT DE PUI FARA OS REFR.VRAC SZEKELY CSURKE} => {COTLET PORC FARA OS}",0.000142681449705564,0.125854993160055,0.00113369717103008,7.41641551861188,92
"{_PATRUNJEL RADACINA KG,COTLET PORC FARA OS} => {_MORCOVI}",0.000604845275925762,0.776892430278884,0.000778544432089058,27.0922012329266,390
"{_MORCOVI,COTLET PORC FARA OS} => {_PATRUNJEL RADACINA KG}",0.000604845275925762,0.454016298020955,0.00133221049235956,28.8818597918139,390
"{_PATRUNJEL RADACINA KG,COTLET PORC FARA OS} => {CARNE TOCATA PORC VRAC}",0.000241938110370305,0.310756972111554,0.000778544432089058,5.65102149920258,156
"{_PATRUNJEL RADACINA KG,CARNE TOCATA PORC VRAC} => {COTLET PORC FARA OS}",0.000241938110370305,0.116331096196868,0.00207973721799089,6.85518886036073,156
"{_PATRUNJEL RADACINA KG,PAINE ALBA SECUIASCA CU CARTOFI FEL.HARMOPAN 500G} => {_MORCOVI}",0.000341194771035045,0.698412698412698,0.00048852887670927,24.3554147673131,220
"{_MORCOVI,PAINE ALBA SECUIASCA CU CARTOFI FEL.HARMOPAN 500G} => {_PATRUNJEL RADACINA KG}",0.000341194771035045,0.382608695652174,0.000891759060659778,24.3393260354827,220
"{_PATRUNJEL RADACINA KG,GOBE 10 OUA PROASPETE L} => {PASTE ATA PAIANJENULUI CU 8 OUA GYERMELYI 250G}",0.000110112857924946,0.110248447204969,0.000998770147938951,4.99419889129082,71
"{GOBE 10 OUA PROASPETE L,PASTE ATA PAIANJENULUI CU 8 OUA GYERMELYI 250G} => {_PATRUNJEL RADACINA KG}",0.000110112857924946,0.101283880171184,0.00108717061134349,6.44308770197497,71
"{_PATRUNJEL RADACINA KG,PIEPT DE PUI FARA OS REFR.VRAC SZEKELY CSURKE} => {PASTE ATA PAIANJENULUI CU 8 OUA GYERMELYI 250G}",0.000130274367122472,0.114911080711354,0.00113369717103008,5.205413830625,84
"{PASTE ATA PAIANJENULUI CU 8 OUA GYERMELYI 250G,PIEPT DE PUI FARA OS REFR.VRAC SZEKELY CSURKE} => {_PATRUNJEL RADACINA KG}",0.000130274367122472,0.103960396039604,0.00125311534089235,6.61335197746294,84
"{_PATRUNJEL RADACINA KG,PASTE ATA PAIANJENULUI CU 8 OUA GYERMELYI 250G} => {_MORCOVI}",0.00112439185909276,0.742067553735926,0.00151521496046018,25.8777698310465,725
"{_MORCOVI,_PATRUNJEL RADACINA KG} => {PASTE ATA PAIANJENULUI CU 8 OUA GYERMELYI 250G}",0.00112439185909276,0.104678024833959,0.0107414317463124,4.74186157557699,725
"{_MORCOVI,PASTE ATA PAIANJENULUI CU 8 OUA GYERMELYI 250G} => {_PATRUNJEL RADACINA KG}",0.00112439185909276,0.483333333333333,0.00232632798432985,30.7468380031571,725
"{_BANANE,_PATRUNJEL RADACINA KG} => {PASTE ATA PAIANJENULUI CU 8 OUA GYERMELYI 250G}",0.000116316399216493,0.112612612612613,0.00103288962504246,5.10129438838867,75
"{_BANANE,PASTE ATA PAIANJENULUI CU 8 OUA GYERMELYI 250G} => {_PATRUNJEL RADACINA KG}",0.000116316399216493,0.133928571428571,0.000868495780816479,8.5197519097418,75
"{_PATRUNJEL RADACINA KG,PASTE ATA PAIANJENULUI CU 8 OUA GYERMELYI 250G} => {CARNE TOCATA PORC VRAC}",0.000210920403912573,0.139201637666325,0.00151521496046018,2.53133965694013,136
"{_PATRUNJEL RADACINA KG,CARNE TOCATA PORC VRAC} => {PASTE ATA PAIANJENULUI CU 8 OUA GYERMELYI 250G}",0.000210920403912573,0.101416853094705,0.00207973721799089,4.59413214539092,136
"{_PATRUNJEL RADACINA KG,GOBE 10 OUA PROASPETE L} => {_MORCOVI}",0.000713407248527822,0.714285714285714,0.000998770147938951,24.9089469211157,460
"{_MORCOVI,GOBE 10 OUA PROASPETE L} => {_PATRUNJEL RADACINA KG}",0.000713407248527822,0.423183072677093,0.0016858123459777,26.9204304440293,460
"{_PATRUNJEL RADACINA KG,GOBE 10 OUA PROASPETE L} => {CARNE TOCATA PORC VRAC}",0.000141130564382678,0.141304347826087,0.000998770147938951,2.56957680489103,91
"{_PATRUNJEL RADACINA KG,PIEPT DE PUI FARA OS REFR.VRAC SZEKELY CSURKE} => {_MORCOVI}",0.000811113023869676,0.715458276333789,0.00113369717103008,24.9498371212598,523
"{_MORCOVI,PIEPT DE PUI FARA OS REFR.VRAC SZEKELY CSURKE} => {_PATRUNJEL RADACINA KG}",0.000811113023869676,0.416733067729084,0.00194636108022265,26.5101188772927,523
"{_PATRUNJEL RADACINA KG,PIEPT DE PUI FARA OS REFR.VRAC SZEKELY CSURKE} => {CARNE TOCATA PORC VRAC}",0.000248141651661851,0.218878248974008,0.00113369717103008,3.98023472250825,160
"{_PATRUNJEL RADACINA KG,CARNE TOCATA PORC VRAC} => {PIEPT DE PUI FARA OS REFR.VRAC SZEKELY CSURKE}",0.000248141651661851,0.119313944817301,0.00207973721799089,4.69331359325169,160
"{_BANANE,_PATRUNJEL RADACINA KG} => {_MORCOVI}",0.0007506284962771,0.726726726726727,0.00103288962504246,25.342796447069,484
"{_BANANE,_MORCOVI} => {_PATRUNJEL RADACINA KG}",0.0007506284962771,0.360924683072334,0.00207973721799089,22.9599160588259,484
"{_MORCOVI,_PATRUNJEL RADACINA KG} => {CARNE TOCATA PORC VRAC}",0.00151366407513729,0.140918278948888,0.0107414317463124,2.56255625918807,976
"{_PATRUNJEL RADACINA KG,CARNE TOCATA PORC VRAC} => {_MORCOVI}",0.00151366407513729,0.727815063385533,0.00207973721799089,25.3807494951621,976
"{_MORCOVI,CARNE TOCATA PORC VRAC} => {_PATRUNJEL RADACINA KG}",0.00151366407513729,0.415672913117547,0.00364147873813767,26.4426780453633,976
"{_BANANE,_PATRUNJEL RADACINA KG} => {CARNE TOCATA PORC VRAC}",0.000147334105674224,0.142642642642643,0.00103288962504246,2.59391329114664,95
"{COTLET PORC FARA OS,PASTE ATA PAIANJENULUI CU 8 OUA GYERMELYI 250G} => {PIEPT DE PUI FARA OS REFR.VRAC SZEKELY CSURKE}",0.000176800926809069,0.187808896210873,0.000941387390992148,7.38761966901522,114
"{PASTE ATA PAIANJENULUI CU 8 OUA GYERMELYI 250G,PIEPT DE PUI FARA OS REFR.VRAC SZEKELY CSURKE} => {COTLET PORC FARA OS}",0.000176800926809069,0.141089108910891,0.00125311534089235,8.31413542332117,114
"{COTLET PORC FARA OS,PASTE ATA PAIANJENULUI CU 8 OUA GYERMELYI 250G} => {_MORCOVI}",0.000147334105674224,0.156507413509061,0.000941387390992148,5.45780879820162,95
"{_MORCOVI,COTLET PORC FARA OS} => {PASTE ATA PAIANJENULUI CU 8 OUA GYERMELYI 250G}",0.000147334105674224,0.110593713620489,0.00133221049235956,5.00983928526738,95
"{COTLET PORC FARA OS,PASTE ATA PAIANJENULUI CU 8 OUA GYERMELYI 250G} => {CARNE TOCATA PORC VRAC}",0.000305524408608654,0.324546952224053,0.000941387390992148,5.90178811454125,197
"{CARNE TOCATA PORC VRAC,PASTE ATA PAIANJENULUI CU 8 OUA GYERMELYI 250G} => {COTLET PORC FARA OS}",0.000305524408608654,0.126282051282051,0.00241938110370305,7.44158130984351,197
"{COTLET PORC FARA OS,GOBE 10 OUA PROASPETE L} => {PIEPT DE PUI FARA OS REFR.VRAC SZEKELY CSURKE}",0.000130274367122472,0.163106796116505,0.000798705941286584,6.41594194658062,84
"{GOBE 10 OUA PROASPETE L,PIEPT DE PUI FARA OS REFR.VRAC SZEKELY CSURKE} => {COTLET PORC FARA OS}",0.000130274367122472,0.117482517482517,0.0011088830058639,6.92304011104962,84
"{COTLET PORC FARA OS,GOBE 10 OUA PROASPETE L} => {_MORCOVI}",0.000111663743247833,0.139805825242718,0.000798705941286583,4.8753822323271,72
"{COTLET PORC FARA OS,GOBE 10 OUA PROASPETE L} => {CARNE TOCATA PORC VRAC}",0.000193860665360821,0.242718446601942,0.000798705941286583,4.4137615020533,125
"{CARNE TOCATA PORC VRAC,GOBE 10 OUA PROASPETE L} => {COTLET PORC FARA OS}",0.000193860665360821,0.102291325695581,0.00189518186456739,6.02784964076318,125
"{_MORCOVI,COTLET PORC FARA OS} => {PIEPT DE PUI FARA OS REFR.VRAC SZEKELY CSURKE}",0.000235734569078759,0.176949941792782,0.00133221049235956,6.96047363460185,152
"{_MORCOVI,PIEPT DE PUI FARA OS REFR.VRAC SZEKELY CSURKE} => {COTLET PORC FARA OS}",0.000235734569078759,0.121115537848606,0.00194636108022265,7.13712767282178,152
"{_BANANE,COTLET PORC FARA OS} => {PIEPT DE PUI FARA OS REFR.VRAC SZEKELY CSURKE}",0.000151986761642884,0.188824662813102,0.00080490948257813,7.42757569602541,98
"{_BANANE,PIEPT DE PUI FARA OS REFR.VRAC SZEKELY CSURKE} => {COTLET PORC FARA OS}",0.000151986761642884,0.118500604594921,0.00128258216202719,6.98303421116552,98
"{COTLET PORC FARA OS,PIEPT DE PUI FARA OS REFR.VRAC SZEKELY CSURKE} => {CARNE TOCATA PORC VRAC}",0.000815765679838336,0.318016928657799,0.00256516432405439,5.78304161204942,526
"{CARNE TOCATA PORC VRAC,COTLET PORC FARA OS} => {PIEPT DE PUI FARA OS REFR.VRAC SZEKELY CSURKE}",0.000815765679838336,0.184626184626185,0.00441847228490384,7.2624250526886,526
"{CARNE TOCATA PORC VRAC,PIEPT DE PUI FARA OS REFR.VRAC SZEKELY CSURKE} => {COTLET PORC FARA OS}",0.000815765679838336,0.155025051576776,0.00526215390055413,9.13535624943739,526
"{_MORCOVI,COTLET PORC FARA OS} => {_BANANE}",0.000147334105674224,0.110593713620489,0.00133221049235956,3.62458332756409,95
"{_BANANE,COTLET PORC FARA OS} => {_MORCOVI}",0.000147334105674224,0.183044315992293,0.00080490948257813,6.38321761176952,95
"{_MORCOVI,COTLET PORC FARA OS} => {CARNE TOCATA PORC VRAC}",0.00042028992250226,0.315483119906868,0.00133221049235956,5.73696506667351,271
"{_MORCOVI,CARNE TOCATA PORC VRAC} => {COTLET PORC FARA OS}",0.00042028992250226,0.11541737649063,0.00364147873813767,6.80134494969137,271
"{_BANANE,COTLET PORC FARA OS} => {CARNE TOCATA PORC VRAC}",0.000218674830527006,0.271676300578035,0.00080490948257813,4.94035131362775,141
"{_BANANE,CARNE TOCATA PORC VRAC} => {COTLET PORC FARA OS}",0.000218674830527006,0.114262560777958,0.00191379248844203,6.73329367133082,141
"{PAINE ALBA SECUIASCA CU CARTOFI FEL.HARMOPAN 500G,PIEPT DE PUI FARA OS REFR.VRAC SZEKELY CSURKE} => {CARNE TOCATA PORC VRAC}",0.000100807545987627,0.161691542288557,0.000623455899800401,2.94031176679073,65
"{_MORCOVI,PAINE ALBA SECUIASCA CU CARTOFI FEL.HARMOPAN 500G} => {CARNE TOCATA PORC VRAC}",0.00011321462857072,0.12695652173913,0.000891759060659778,2.30866592931748,73
"{CARNE TOCATA PORC VRAC,PAINE ALBA SECUIASCA CU CARTOFI FEL.HARMOPAN 500G} => {_MORCOVI}",0.00011321462857072,0.10960960960961,0.00103288962504246,3.82236392693396,73
"{GOBE 10 OUA PROASPETE L,PASTE ATA PAIANJENULUI CU 8 OUA GYERMELYI 250G} => {_MORCOVI}",0.000161292073580203,0.148359486447932,0.00108717061134349,5.17367000244571,104
"{GOBE 10 OUA PROASPETE L,PASTE ATA PAIANJENULUI CU 8 OUA GYERMELYI 250G} => {CARNE TOCATA PORC VRAC}",0.000124070825830926,0.114122681883024,0.00108717061134349,2.07528643520224,80
"{PASTE ATA PAIANJENULUI CU 8 OUA GYERMELYI 250G,PIEPT DE PUI FARA OS REFR.VRAC SZEKELY CSURKE} => {_MORCOVI}",0.000206267747943914,0.16460396039604,0.00125311534089235,5.74015583751452,133
"{_MORCOVI,PIEPT DE PUI FARA OS REFR.VRAC SZEKELY CSURKE} => {PASTE ATA PAIANJENULUI CU 8 OUA GYERMELYI 250G}",0.000206267747943914,0.10597609561753,0.00194636108022265,4.80066352546817,133
"{PASTE ATA PAIANJENULUI CU 8 OUA GYERMELYI 250G,PIEPT DE PUI FARA OS REFR.VRAC SZEKELY CSURKE} => {CARNE TOCATA PORC VRAC}",0.000352050968295251,0.280940594059406,0.00125311534089235,5.10881968710436,227
"{CARNE TOCATA PORC VRAC,PASTE ATA PAIANJENULUI CU 8 OUA GYERMELYI 250G} => {PIEPT DE PUI FARA OS REFR.VRAC SZEKELY CSURKE}",0.000352050968295251,0.145512820512821,0.00241938110370305,5.72386823309682,227
"{_BANANE,PASTE ATA PAIANJENULUI CU 8 OUA GYERMELYI 250G} => {_MORCOVI}",0.000206267747943914,0.2375,0.000868495780816479,8.28222485127096,133
"{_MORCOVI,PASTE ATA PAIANJENULUI CU 8 OUA GYERMELYI 250G} => {CARNE TOCATA PORC VRAC}",0.000356703624263911,0.153333333333333,0.00232632798432986,2.78832026623047,230
"{CARNE TOCATA PORC VRAC,PASTE ATA PAIANJENULUI CU 8 OUA GYERMELYI 250G} => {_MORCOVI}",0.000356703624263911,0.147435897435897,0.00241938110370305,5.14146212089695,230
"{_BANANE,PASTE ATA PAIANJENULUI CU 8 OUA GYERMELYI 250G} => {CARNE TOCATA PORC VRAC}",0.000114765513893606,0.132142857142857,0.000868495780816479,2.4029778691893,74
"{GOBE 10 OUA PROASPETE L,PIEPT DE PUI FARA OS REFR.VRAC SZEKELY CSURKE} => {_MORCOVI}",0.000139579679059791,0.125874125874126,0.0011088830058639,4.38954868819661,90
"{GOBE 10 OUA PROASPETE L,PIEPT DE PUI FARA OS REFR.VRAC SZEKELY CSURKE} => {_BANANE}",0.000124070825830926,0.111888111888112,0.0011088830058639,3.6670057603269,80
"{GOBE 10 OUA PROASPETE L,PIEPT DE PUI FARA OS REFR.VRAC SZEKELY CSURKE} => {CARNE TOCATA PORC VRAC}",0.000254345192953397,0.229370629370629,0.0011088830058639,4.17103548490542,164
"{CARNE TOCATA PORC VRAC,GOBE 10 OUA PROASPETE L} => {PIEPT DE PUI FARA OS REFR.VRAC SZEKELY CSURKE}",0.000254345192953397,0.134206219312602,0.00189518186456739,5.2791136389233,164
"{_BANANE,GOBE 10 OUA PROASPETE L} => {_MORCOVI}",0.00016284295890309,0.117845117845118,0.00138183882269193,4.10955689944332,105
"{_MORCOVI,GOBE 10 OUA PROASPETE L} => {CARNE TOCATA PORC VRAC}",0.000226429257141439,0.134314627414903,0.0016858123459777,2.44247085438372,146
"{CARNE TOCATA PORC VRAC,GOBE 10 OUA PROASPETE L} => {_MORCOVI}",0.000226429257141439,0.119476268412439,0.00189518186456739,4.16643923950576,146
"{_MORCOVI,PIEPT DE PUI FARA OS REFR.VRAC SZEKELY CSURKE} => {_BANANE}",0.000214022174558347,0.10996015936255,0.00194636108022265,3.60381930648859,138
"{_BANANE,PIEPT DE PUI FARA OS REFR.VRAC SZEKELY CSURKE} => {_MORCOVI}",0.000214022174558347,0.166868198307134,0.00128258216202719,5.81911553223645,138
"{_BANANE,_MORCOVI} => {PIEPT DE PUI FARA OS REFR.VRAC SZEKELY CSURKE}",0.000214022174558347,0.102908277404922,0.00207973721799089,4.04798297417958,138
"{_MORCOVI,PIEPT DE PUI FARA OS REFR.VRAC SZEKELY CSURKE} => {CARNE TOCATA PORC VRAC}",0.000482325335417723,0.247808764940239,0.00194636108022265,4.50632740064616,311
"{_MORCOVI,CARNE TOCATA PORC VRAC} => {PIEPT DE PUI FARA OS REFR.VRAC SZEKELY CSURKE}",0.000482325335417723,0.132453151618399,0.00364147873813767,5.21015525814313,311
"{_BANANE,PIEPT DE PUI FARA OS REFR.VRAC SZEKELY CSURKE} => {CARNE TOCATA PORC VRAC}",0.000269854046182263,0.210399032648126,0.00128258216202719,3.8260427395308,174
"{_BANANE,CARNE TOCATA PORC VRAC} => {PIEPT DE PUI FARA OS REFR.VRAC SZEKELY CSURKE}",0.000269854046182263,0.141004862236629,0.00191379248844203,5.54654393217073,174
"{_BANANE,_MORCOVI} => {CARNE TOCATA PORC VRAC}",0.000297769981994221,0.143176733780761,0.00207973721799089,2.60362557687117,192
"{_BANANE,CARNE TOCATA PORC VRAC} => {_MORCOVI}",0.000297769981994221,0.155591572123177,0.00191379248844203,5.42587109594481,192
"{CERBONA TERCI DE OVAZ CU MANGO 50G,CERBONA TERCI DE OVAZ CU PRUNE 50G,CERBONA TERCI DE OVAZ CU SFECLA&MERE 50G} => {CERBONA TERCI DE OVAZ CU CAISE 50G}",0.000102358431310514,0.767441860465116,0.000133376137768245,938.977494373593,66
"{CERBONA TERCI DE OVAZ CU CAISE 50G,CERBONA TERCI DE OVAZ CU MANGO 50G,CERBONA TERCI DE OVAZ CU SFECLA&MERE 50G} => {CERBONA TERCI DE OVAZ CU PRUNE 50G}",0.000102358431310514,0.825,0.000124070825830926,1313.46722222222,66
"{CERBONA TERCI DE OVAZ CU CAISE 50G,CERBONA TERCI DE OVAZ CU PRUNE 50G,CERBONA TERCI DE OVAZ CU SFECLA&MERE 50G} => {CERBONA TERCI DE OVAZ CU MANGO 50G}",0.000102358431310514,0.75,0.000136477908414018,1296.50067024129,66
"{CERBONA TERCI DE OVAZ CU CAISE 50G,CERBONA TERCI DE OVAZ CU MANGO 50G,CERBONA TERCI DE OVAZ CU PRUNE 50G} => {CERBONA TERCI DE OVAZ CU SFECLA&MERE 50G}",0.000102358431310514,0.536585365853659,0.000190758894715048,1687.73896490184,66
"{HRANA INTEGRALA PT.PISICI ADULTI CU CARNE PASARE PDC 415G,HRANA INTEGRALA PT.PISICI ADULTI CU PESTE PDC 415G,HRANA INTEGRALA PT.PISICI CU CARNE DE VITA PDC 415G} => {HRANA INTEGRALA PT.PISICI CU CARNE DE VANAT/FICAT PDC 415G}",0.0001039093166334,0.720430107526882,0.000144232335028451,1027.71745646589,67
"{HRANA INTEGRALA PT.PISICI ADULTI CU CARNE PASARE PDC 415G,HRANA INTEGRALA PT.PISICI ADULTI CU PESTE PDC 415G,HRANA INTEGRALA PT.PISICI CU CARNE DE VANAT/FICAT PDC 415G} => {HRANA INTEGRALA PT.PISICI CU CARNE DE VITA PDC 415G}",0.0001039093166334,0.761363636363636,0.000136477908414018,1074.22744678735,67
"{HRANA INTEGRALA PT.PISICI ADULTI CU PESTE PDC 415G,HRANA INTEGRALA PT.PISICI CU CARNE DE VANAT/FICAT PDC 415G,HRANA INTEGRALA PT.PISICI CU CARNE DE VITA PDC 415G} => {HRANA INTEGRALA PT.PISICI ADULTI CU CARNE PASARE PDC 415G}",0.0001039093166334,0.644230769230769,0.000161292073580203,941.939887493459,67
"{HRANA INTEGRALA PT.PISICI ADULTI CU CARNE PASARE PDC 415G,HRANA INTEGRALA PT.PISICI CU CARNE DE VANAT/FICAT PDC 415G,HRANA INTEGRALA PT.PISICI CU CARNE DE VITA PDC 415G} => {HRANA INTEGRALA PT.PISICI ADULTI CU PESTE PDC 415G}",0.0001039093166334,0.626168224299065,0.000165944729548863,915.530357937568,67
"{CERBONA TERCI DE OVAZ CU CAISE 50G,CERBONA TERCI DE OVAZ CU MANGO 50G,CERBONA TERCI DE OVAZ CU PRUNE 50G} => {CERBONA TERCI DE OVAZ CU FRUCTE DE PADURE 55G}",0.000114765513893606,0.601626016260163,0.000190758894715048,537.291196540774,74
"{CERBONA TERCI DE OVAZ CU FRUCTE DE PADURE 55G,CERBONA TERCI DE OVAZ CU MANGO 50G,CERBONA TERCI DE OVAZ CU PRUNE 50G} => {CERBONA TERCI DE OVAZ CU CAISE 50G}",0.000114765513893606,0.804347826086957,0.000142681449705564,984.132538569425,74
"{CERBONA TERCI DE OVAZ CU CAISE 50G,CERBONA TERCI DE OVAZ CU FRUCTE DE PADURE 55G,CERBONA TERCI DE OVAZ CU MANGO 50G} => {CERBONA TERCI DE OVAZ CU PRUNE 50G}",0.000114765513893606,0.660714285714286,0.000173699156163296,1051.91097883598,74
"{CERBONA TERCI DE OVAZ CU CAISE 50G,CERBONA TERCI DE OVAZ CU FRUCTE DE PADURE 55G,CERBONA TERCI DE OVAZ CU PRUNE 50G} => {CERBONA TERCI DE OVAZ CU MANGO 50G}",0.000114765513893606,0.611570247933884,0.000187657124069275,1057.20164846121,74
"{CERBONA TERCI DE OVAZ CU CAISE 50G,CERBONA TERCI DE OVAZ CU CIOCOLATA 55G,CERBONA TERCI DE OVAZ CU PRUNE 50G} => {CERBONA TERCI DE OVAZ CU FRUCTE DE PADURE 55G}",0.000107011087279173,0.873417721518987,0.000122519940508039,780.018882148743,69
"{CERBONA TERCI DE OVAZ CU CIOCOLATA 55G,CERBONA TERCI DE OVAZ CU FRUCTE DE PADURE 55G,CERBONA TERCI DE OVAZ CU PRUNE 50G} => {CERBONA TERCI DE OVAZ CU CAISE 50G}",0.000107011087279173,0.784090909090909,0.000136477908414018,959.347873900293,69
"{CERBONA TERCI DE OVAZ CU CAISE 50G,CERBONA TERCI DE OVAZ CU FRUCTE DE PADURE 55G,CERBONA TERCI DE OVAZ CU PRUNE 50G} => {CERBONA TERCI DE OVAZ CU CIOCOLATA 55G}",0.000107011087279173,0.570247933884298,0.000187657124069275,732.453936320832,69
"{CERBONA TERCI DE OVAZ CU CAISE 50G,CERBONA TERCI DE OVAZ CU CIOCOLATA 55G,CERBONA TERCI DE OVAZ CU FRUCTE DE PADURE 55G} => {CERBONA TERCI DE OVAZ CU PRUNE 50G}",0.000107011087279173,0.48936170212766,0.000218674830527006,779.103703703704,69
"{CALTABOS VRAC,CARNATI PROASPETI,SANGERETE VRAC} => {CARNE TOCATA PORC VRAC}",0.00011321462857072,0.388297872340426,0.000291566440702675,7.06107930509335,73
"{CARNATI PROASPETI,CARNE TOCATA PORC VRAC,SANGERETE VRAC} => {CALTABOS VRAC}",0.00011321462857072,0.722772277227723,0.000156639417611544,246.060456679248,73
"{CALTABOS VRAC,CARNATI PROASPETI,CARNE TOCATA PORC VRAC} => {SANGERETE VRAC}",0.00011321462857072,0.565891472868217,0.000200064206652367,279.603724494342,73
"{CALTABOS VRAC,CARNE TOCATA PORC VRAC,SANGERETE VRAC} => {CARNATI PROASPETI}",0.00011321462857072,0.421965317919075,0.000268303160859377,268.854034819164,73
"{BERE 6% SZEKELY SOR 500ML,BERE TILTOTT CSIKI KREM SOR 4.5% 500ML,STICLA BERE 500ML CSIKI} => {BERE TILTOTT IGAZI SOR 6% 500ML}",0.000117867284539379,0.598425196850394,0.000196962436006594,29.6223228890493,76
"{BERE 6% SZEKELY SOR 500ML,BERE TILTOTT CSIKI KREM SOR 4.5% 500ML,BERE TILTOTT IGAZI SOR 6% 500ML} => {STICLA BERE 500ML CSIKI}",0.000117867284539379,0.38,0.000310177064577314,36.8286998346611,76
"{BERE 6% SZEKELY SOR 500ML,BERE TILTOTT IGAZI SOR 6% 500ML,STICLA BERE 500ML CSIKI} => {BERE TILTOTT CSIKI KREM SOR 4.5% 500ML}",0.000117867284539379,0.304,0.000387721330721642,58.3905487042002,76
"{BERE TILTOTT CSIKI KREM SOR 4.5% 500ML,BERE TILTOTT IGAZI SOR 6% 500ML,STICLA BERE 500ML CSIKI} => {BERE 6% SZEKELY SOR 500ML}",0.000117867284539379,0.330434782608696,0.000356703624263911,78.5626971912274,76
"{_GULII,_PATRUNJEL RADACINA KG,_TELINA} => {_MORCOVI}",0.000471469138157517,0.851540616246499,0.000553666060270505,29.6953720157614,304
"{_GULII,_MORCOVI,_TELINA} => {_PATRUNJEL RADACINA KG}",0.000471469138157517,0.797900262467192,0.000590887308019783,50.7577450608729,304
"{_GULII,_MORCOVI,_PATRUNJEL RADACINA KG} => {_TELINA}",0.000471469138157517,0.481774960380349,0.000978608638741426,61.0664678648567,304
"{_MORCOVI,_PATRUNJEL RADACINA KG,_TELINA} => {_GULII}",0.000471469138157517,0.144761904761905,0.0032568591780618,38.7630659705743,304
"{_CEAPA GALBENA,_GULII,_PATRUNJEL RADACINA KG} => {_MORCOVI}",0.000116316399216493,0.892857142857143,0.000130274367122472,31.1361836513946,75
"{_CEAPA GALBENA,_GULII,_MORCOVI} => {_PATRUNJEL RADACINA KG}",0.000116316399216493,0.681818181818182,0.000170597385517523,43.3732824495946,75
"{_GULII,_MORCOVI,_PATRUNJEL RADACINA KG} => {_CEAPA GALBENA}",0.000116316399216493,0.118858954041204,0.000978608638741426,13.3564694236825,75
"{_CEAPA GALBENA,_MORCOVI,_PATRUNJEL RADACINA KG} => {_GULII}",0.000116316399216493,0.121753246753247,0.000955345358898127,32.6020104791388,75
"{_GULII,_PATRUNJEL RADACINA KG,PASTE ATA PAIANJENULUI CU 8 OUA GYERMELYI 250G} => {_MORCOVI}",0.000145783220351338,0.878504672897196,0.000165944729548863,30.6356767740077,94
"{_GULII,_MORCOVI,_PATRUNJEL RADACINA KG} => {PASTE ATA PAIANJENULUI CU 8 OUA GYERMELYI 250G}",0.000145783220351338,0.148969889064976,0.000978608638741426,6.74826062103929,94
"{_GULII,_MORCOVI,PASTE ATA PAIANJENULUI CU 8 OUA GYERMELYI 250G} => {_PATRUNJEL RADACINA KG}",0.000145783220351338,0.789915966386555,0.000184555353423502,50.2498308715751,94
"{_MORCOVI,_PATRUNJEL RADACINA KG,PASTE ATA PAIANJENULUI CU 8 OUA GYERMELYI 250G} => {_GULII}",0.000145783220351338,0.129655172413793,0.00112439185909276,34.7179184328102,94
"{_GULII,_MORCOVI,_PATRUNJEL RADACINA KG} => {_BANANE}",0.00011321462857072,0.115689381933439,0.000978608638741426,3.7915880677548,73
"{_BANANE,_GULII,_PATRUNJEL RADACINA KG} => {_MORCOVI}",0.00011321462857072,0.858823529411765,0.000131825252445358,29.949345592212,73
"{_BANANE,_GULII,_MORCOVI} => {_PATRUNJEL RADACINA KG}",0.00011321462857072,0.623931623931624,0.000181453582777729,39.6908784125635,73
"{_BANANE,_MORCOVI,_PATRUNJEL RADACINA KG} => {_GULII}",0.00011321462857072,0.150826446280992,0.0007506284962771,40.3869754056726,73
"{_GULII,_MORCOVI,_PATRUNJEL RADACINA KG} => {CARNE TOCATA PORC VRAC}",0.000133376137768245,0.136291600633914,0.000978608638741425,2.47842151411652,86
"{_GULII,_PATRUNJEL RADACINA KG,CARNE TOCATA PORC VRAC} => {_MORCOVI}",0.000133376137768245,0.788990825688073,0.000169046500194636,27.514102837636,86
"{_GULII,_MORCOVI,CARNE TOCATA PORC VRAC} => {_PATRUNJEL RADACINA KG}",0.000133376137768245,0.632352941176471,0.000210920403912573,40.2265933307024,86
"{_CEAPA ROSIE,_PATRUNJEL RADACINA KG,_TELINA} => {_MORCOVI}",0.000127172596476699,0.911111111111111,0.000139579679059791,31.7727456282675,82
"{_CEAPA ROSIE,_MORCOVI,_TELINA} => {_PATRUNJEL RADACINA KG}",0.000127172596476699,0.725663716814159,0.000175250041486182,46.1624787841113,82
"{_CEAPA ROSIE,_MORCOVI,_PATRUNJEL RADACINA KG} => {_TELINA}",0.000127172596476699,0.414141414141414,0.000307075293931541,52.4937064769972,82
"{_PATRUNJEL RADACINA KG,_TELINA,_VARZA ALBA} => {_MORCOVI}",0.000165944729548863,0.862903225806452,0.000192309780037935,30.0916149095413,107
"{_MORCOVI,_TELINA,_VARZA ALBA} => {_PATRUNJEL RADACINA KG}",0.000165944729548863,0.681528662420382,0.000243488995693191,43.354864919892,107
"{_MORCOVI,_PATRUNJEL RADACINA KG,_VARZA ALBA} => {_TELINA}",0.000165944729548863,0.45531914893617,0.000364458050878344,57.7131118537448,107
"{_CASTRAVETI FABIO,_PATRUNJEL RADACINA KG,_TELINA} => {_MORCOVI}",0.000100807545987627,0.878378378378378,0.000114765513893606,30.6312725651557,65
"{_CASTRAVETI FABIO,_MORCOVI,_TELINA} => {_PATRUNJEL RADACINA KG}",0.000100807545987627,0.677083333333333,0.000148884990997111,43.0720790992502,65
"{_CASTRAVETI FABIO,_MORCOVI,_PATRUNJEL RADACINA KG} => {_TELINA}",0.000100807545987627,0.436241610738255,0.000231081913110099,55.2949748206707,65
"{_CARTOFI ALBI,_PATRUNJEL RADACINA KG,_TELINA} => {_MORCOVI}",0.000156639417611544,0.893805309734513,0.000175250041486182,31.1692486251837,101
"{_CARTOFI ALBI,_MORCOVI,_TELINA} => {_PATRUNJEL RADACINA KG}",0.000156639417611544,0.664473684210526,0.000235734569078759,42.2699270188593,101
"{_CARTOFI ALBI,_MORCOVI,_PATRUNJEL RADACINA KG} => {_TELINA}",0.000156639417611544,0.34006734006734,0.000460612940897311,43.1045882453392,101
"{_PATRUNJEL RADACINA KG,_TELINA,_USTUROI} => {_MORCOVI}",0.000176800926809069,0.832116788321168,0.00021247128923546,29.0180140774457,114
"{_MORCOVI,_TELINA,_USTUROI} => {_PATRUNJEL RADACINA KG}",0.000176800926809069,0.730769230769231,0.000241938110370305,46.487261702386,114
"{_MORCOVI,_PATRUNJEL RADACINA KG,_USTUROI} => {_TELINA}",0.000176800926809069,0.383838383838384,0.000460612940897311,48.6527035640462,114
"{_CEAPA GALBENA,_PATRUNJEL RADACINA KG,_USTUROI} => {_MORCOVI}",0.000102358431310514,0.857142857142857,0.000119418169862266,29.8907363053388,66
"{_CEAPA GALBENA,_MORCOVI,_USTUROI} => {_PATRUNJEL RADACINA KG}",0.000102358431310514,0.471428571428571,0.00021712394520412,29.9895267222911,66
"{_MORCOVI,_PATRUNJEL RADACINA KG,_USTUROI} => {_CEAPA GALBENA}",0.000102358431310514,0.222222222222222,0.000460612940897311,24.971650981759,66
"{_CEAPA GALBENA,_MORCOVI,_PATRUNJEL RADACINA KG} => {_USTUROI}",0.000102358431310514,0.107142857142857,0.000955345358898127,19.2223050321965,66
"{_ARDEI ROSU CAPIA,_PATRUNJEL RADACINA KG,_TELINA} => {_MORCOVI}",0.000204716862621027,0.819875776397516,0.000249692536984738,28.5911390746719,132
"{_ARDEI ROSU CAPIA,_MORCOVI,_TELINA} => {_PATRUNJEL RADACINA KG}",0.000204716862621027,0.650246305418719,0.000314829720545974,41.3648644445395,132
"{_ARDEI ROSU CAPIA,_MORCOVI,_PATRUNJEL RADACINA KG} => {_TELINA}",0.000204716862621027,0.408668730650155,0.000500935959292362,51.8000269003549,132
"{_MERE ROSII,_PATRUNJEL RADACINA KG,_TELINA} => {_MORCOVI}",0.00010856197260206,0.843373493975904,0.000128723481799585,29.4105638345703,70
"{_MERE ROSII,_MORCOVI,_TELINA} => {_PATRUNJEL RADACINA KG}",0.00010856197260206,0.603448275862069,0.000179902697454842,38.3878476852734,70
"{_MERE ROSII,_MORCOVI,_PATRUNJEL RADACINA KG} => {_TELINA}",0.00010856197260206,0.309734513274336,0.000350500082972365,39.2598085350303,70
"{_CEAPA GALBENA,_PATRUNJEL RADACINA KG,_TELINA} => {_MORCOVI}",0.000376865133461436,0.910112359550562,0.000414086381210714,31.7379166388148,243
"{_CEAPA GALBENA,_MORCOVI,_TELINA} => {_PATRUNJEL RADACINA KG}",0.000376865133461436,0.671270718232044,0.000561420486884938,42.702314544297,243
"{_MORCOVI,_PATRUNJEL RADACINA KG,_TELINA} => {_CEAPA GALBENA}",0.000376865133461436,0.115714285714286,0.0032568591780618,13.0030954040731,243
"{_CEAPA GALBENA,_MORCOVI,_PATRUNJEL RADACINA KG} => {_TELINA}",0.000376865133461436,0.394480519480519,0.000955345358898127,50.0016272060945,243
"{_PATRUNJEL RADACINA KG,_TELINA,CEAFA DE PORC FARA OS} => {_MORCOVI}",0.000111663743247833,0.818181818181818,0.000136477908414018,28.5320664732779,72
"{_MORCOVI,_TELINA,CEAFA DE PORC FARA OS} => {_PATRUNJEL RADACINA KG}",0.000111663743247833,0.631578947368421,0.000176800926809069,40.1773563743613,72
"{_MORCOVI,_PATRUNJEL RADACINA KG,CEAFA DE PORC FARA OS} => {_TELINA}",0.000111663743247833,0.354679802955665,0.000314829720545974,44.9567631584809,72
"{_PATRUNJEL RADACINA KG,_TELINA,PULPE PORC FARA OS} => {_MORCOVI}",0.000138028793736905,0.839622641509434,0.000164393844225976,29.2797621355756,89
"{_MORCOVI,_TELINA,PULPE PORC FARA OS} => {_PATRUNJEL RADACINA KG}",0.000138028793736905,0.654411764705882,0.000210920403912573,41.6298465864246,89
"{_MORCOVI,_PATRUNJEL RADACINA KG,PULPE PORC FARA OS} => {_TELINA}",0.000138028793736905,0.317857142857143,0.00043424789040824,40.2893769833469,89
"{_PATRUNJEL RADACINA KG,_TELINA,GOBE 20 OUA PROASPETE M DIN GHEORGHENI} => {_MORCOVI}",0.000142681449705564,0.836363636363636,0.000170597385517523,29.1661123949063,92
"{_MORCOVI,_TELINA,GOBE 20 OUA PROASPETE M DIN GHEORGHENI} => {_PATRUNJEL RADACINA KG}",0.000142681449705564,0.760330578512397,0.000187657124069275,48.36778164076,92
"{_MORCOVI,_PATRUNJEL RADACINA KG,GOBE 20 OUA PROASPETE M DIN GHEORGHENI} => {_TELINA}",0.000142681449705564,0.338235294117647,0.000421840807825147,42.872370748968,92
"{_LAMAIE^2 A nu se consuma coaja,_PATRUNJEL RADACINA KG,_TELINA} => {_MORCOVI}",0.000186106238746388,0.821917808219178,0.000226429257141439,28.6623498818317,120
"{_LAMAIE^2 A nu se consuma coaja,_MORCOVI,_TELINA} => {_PATRUNJEL RADACINA KG}",0.000186106238746388,0.701754385964912,0.000265201390213603,44.6415070826237,120
"{_LAMAIE^2 A nu se consuma coaja,_MORCOVI,_PATRUNJEL RADACINA KG} => {_TELINA}",0.000186106238746388,0.388349514563107,0.00047922356477195,49.2245033504402,120
"{_PATRUNJEL RADACINA KG,_TELINA,FAINA BL-55 GYERMELYI 1KG} => {_MORCOVI}",0.000105460201956287,0.860759493670886,0.000122519940508039,30.0168575555723,68
"{_MORCOVI,_TELINA,FAINA BL-55 GYERMELYI 1KG} => {_PATRUNJEL RADACINA KG}",0.000105460201956287,0.723404255319149,0.000145783220351338,46.0187450670876,68
"{_MORCOVI,_PATRUNJEL RADACINA KG,FAINA BL-55 GYERMELYI 1KG} => {_TELINA}",0.000105460201956287,0.333333333333333,0.00031638060586886,42.2510320424612,68
"{_PATRUNJEL RADACINA KG,_TELINA,ULEI KUNSAGI EDEN 1L} => {_MORCOVI}",0.000110112857924946,0.946666666666667,0.000116316399216493,33.0126576527853,71
"{_MORCOVI,_TELINA,ULEI KUNSAGI EDEN 1L} => {_PATRUNJEL RADACINA KG}",0.000110112857924946,0.724489795918367,0.000151986761642884,46.0878008069842,71
"{_MORCOVI,_PATRUNJEL RADACINA KG,ULEI KUNSAGI EDEN 1L} => {_TELINA}",0.000110112857924946,0.316964285714286,0.000347398312326592,40.1762045760903,71
"{_PATRUNJEL RADACINA KG,_TELINA,ELAN ULEI RAFINAT DE FLOAREA SOARELUI 1L} => {_MORCOVI}",0.000119418169862266,0.827956989247312,0.000144232335028451,28.8729513773792,77
"{_MORCOVI,_TELINA,ELAN ULEI RAFINAT DE FLOAREA SOARELUI 1L} => {_PATRUNJEL RADACINA KG}",0.000119418169862266,0.578947368421053,0.000206267747943914,36.8292433431645,77
"{_MORCOVI,_PATRUNJEL RADACINA KG,ELAN ULEI RAFINAT DE FLOAREA SOARELUI 1L} => {_TELINA}",0.000119418169862266,0.304347826086957,0.000392373986690302,38.5770292561602,77
"{_PATRUNJEL RADACINA KG,_TELINA,PULPE PUI CU SPATE REFR.VRAC SZEKELY CSURKE} => {_MORCOVI}",0.000204716862621027,0.830188679245283,0.000246590766338965,28.9507760441646,132
"{_MORCOVI,_TELINA,PULPE PUI CU SPATE REFR.VRAC SZEKELY CSURKE} => {_PATRUNJEL RADACINA KG}",0.000204716862621027,0.694736842105263,0.000294668211348448,44.1950920117974,132
"{_MORCOVI,_PATRUNJEL RADACINA KG,PULPE PUI CU SPATE REFR.VRAC SZEKELY CSURKE} => {_TELINA}",0.000204716862621027,0.324324324324324,0.000631210326414834,41.1091122575298,132
"{_PATRUNJEL RADACINA KG,_TELINA,COTLET PORC FARA OS} => {_MORCOVI}",0.000190758894715048,0.836734693877551,0.000227980142464326,29.1790521075926,123
"{_MORCOVI,_TELINA,COTLET PORC FARA OS} => {_PATRUNJEL RADACINA KG}",0.000190758894715048,0.624365482233503,0.000305524408608654,39.7184779386135,123
"{_MORCOVI,_PATRUNJEL RADACINA KG,COTLET PORC FARA OS} => {_TELINA}",0.000190758894715048,0.315384615384615,0.000604845275925762,39.975976470944,123
"{_PATRUNJEL RADACINA KG,_TELINA,PASTE ATA PAIANJENULUI CU 8 OUA GYERMELYI 250G} => {_MORCOVI}",0.000443553202345559,0.882716049382716,0.000502486844615249,30.7825381086874,286
"{_MORCOVI,_PATRUNJEL RADACINA KG,_TELINA} => {PASTE ATA PAIANJENULUI CU 8 OUA GYERMELYI 250G}",0.000443553202345559,0.136190476190476,0.0032568591780618,6.16935968204902,286
"{_MORCOVI,_TELINA,PASTE ATA PAIANJENULUI CU 8 OUA GYERMELYI 250G} => {_PATRUNJEL RADACINA KG}",0.000443553202345559,0.733333333333333,0.000604845275925762,46.6503749013417,286
"{_MORCOVI,_PATRUNJEL RADACINA KG,PASTE ATA PAIANJENULUI CU 8 OUA GYERMELYI 250G} => {_TELINA}",0.000443553202345559,0.39448275862069,0.00112439185909276,50.0019110240437,286
"{_PATRUNJEL RADACINA KG,_TELINA,GOBE 10 OUA PROASPETE L} => {_MORCOVI}",0.000243488995693191,0.853260869565217,0.000285362899411129,29.755361593811,157
"{_MORCOVI,_TELINA,GOBE 10 OUA PROASPETE L} => {_PATRUNJEL RADACINA KG}",0.000243488995693191,0.659663865546218,0.000369110706847004,41.9639545044537,157
"{_MORCOVI,_PATRUNJEL RADACINA KG,GOBE 10 OUA PROASPETE L} => {_TELINA}",0.000243488995693191,0.341304347826087,0.000713407248527822,43.2613828086939,157
"{_PATRUNJEL RADACINA KG,_TELINA,PIEPT DE PUI FARA OS REFR.VRAC SZEKELY CSURKE} => {_MORCOVI}",0.000254345192953397,0.792270531400966,0.00032103326183752,27.6284744593631,164
"{_MORCOVI,_TELINA,PIEPT DE PUI FARA OS REFR.VRAC SZEKELY CSURKE} => {_PATRUNJEL RADACINA KG}",0.000254345192953397,0.630769230769231,0.000403230183950508,40.1258469431121,164
"{_MORCOVI,_PATRUNJEL RADACINA KG,PIEPT DE PUI FARA OS REFR.VRAC SZEKELY CSURKE} => {_TELINA}",0.000254345192953397,0.313575525812619,0.000811113023869676,39.7466687665218,164
"{_BANANE,_PATRUNJEL RADACINA KG,_TELINA} => {_MORCOVI}",0.000263650504890717,0.805687203791469,0.000327236803129066,28.0963477119693,170
"{_BANANE,_MORCOVI,_TELINA} => {_PATRUNJEL RADACINA KG}",0.000263650504890717,0.572390572390572,0.000460612940897311,36.4121383527461,170
"{_BANANE,_MORCOVI,_PATRUNJEL RADACINA KG} => {_TELINA}",0.000263650504890717,0.351239669421488,0.0007506284962771,44.5207155819322,170
"{_MORCOVI,_PATRUNJEL RADACINA KG,_TELINA} => {CARNE TOCATA PORC VRAC}",0.000449756743637105,0.138095238095238,0.0032568591780618,2.51122011554918,290
"{_PATRUNJEL RADACINA KG,_TELINA,CARNE TOCATA PORC VRAC} => {_MORCOVI}",0.000449756743637105,0.838150289017341,0.000536606321718753,29.228417485471,290
"{_MORCOVI,_TELINA,CARNE TOCATA PORC VRAC} => {_PATRUNJEL RADACINA KG}",0.000449756743637105,0.604166666666667,0.000744424954985554,38.4335475039463,290
"{_MORCOVI,_PATRUNJEL RADACINA KG,CARNE TOCATA PORC VRAC} => {_TELINA}",0.000449756743637105,0.297131147540984,0.00151366407513729,37.6622929067021,290
"{_MORCOVI,_TELINA,COTLET PORC FARA OS} => {CARNE TOCATA PORC VRAC}",0.00011321462857072,0.370558375634518,0.000305524408608654,6.73849192567284,73
"{_TELINA,CARNE TOCATA PORC VRAC,COTLET PORC FARA OS} => {_MORCOVI}",0.00011321462857072,0.744897959183674,0.000151986761642884,25.9764732177349,73
"{_MORCOVI,_TELINA,CARNE TOCATA PORC VRAC} => {COTLET PORC FARA OS}",0.00011321462857072,0.152083333333333,0.000744424954985554,8.96200591756534,73
"{_MORCOVI,CARNE TOCATA PORC VRAC,COTLET PORC FARA OS} => {_TELINA}",0.00011321462857072,0.269372693726937,0.00042028992250226,34.1438229420627,73
"{_MORCOVI,_TELINA,PIEPT DE PUI FARA OS REFR.VRAC SZEKELY CSURKE} => {CARNE TOCATA PORC VRAC}",0.000117867284539379,0.292307692307692,0.000403230183950508,5.31552692893434,76
"{_TELINA,CARNE TOCATA PORC VRAC,PIEPT DE PUI FARA OS REFR.VRAC SZEKELY CSURKE} => {_MORCOVI}",0.000117867284539379,0.703703703703704,0.00016749561487175,24.5399254852473,76
"{_MORCOVI,_TELINA,CARNE TOCATA PORC VRAC} => {PIEPT DE PUI FARA OS REFR.VRAC SZEKELY CSURKE}",0.000117867284539379,0.158333333333333,0.000744424954985554,6.22817380429478,76
"{_MORCOVI,CARNE TOCATA PORC VRAC,PIEPT DE PUI FARA OS REFR.VRAC SZEKELY CSURKE} => {_TELINA}",0.000117867284539379,0.244372990353698,0.000482325335417723,30.9750331372384,76
"{_CEAPA GALBENA,_PATRUNJEL RADACINA KG,PASTE ATA PAIANJENULUI CU 8 OUA GYERMELYI 250G} => {_MORCOVI}",0.000110112857924946,0.865853658536585,0.000127172596476699,30.1945039507183,71
"{_CEAPA GALBENA,_MORCOVI,_PATRUNJEL RADACINA KG} => {PASTE ATA PAIANJENULUI CU 8 OUA GYERMELYI 250G}",0.000110112857924946,0.11525974025974,0.000955345358898127,5.22120793180404,71
"{_CEAPA GALBENA,_MORCOVI,PASTE ATA PAIANJENULUI CU 8 OUA GYERMELYI 250G} => {_PATRUNJEL RADACINA KG}",0.000110112857924946,0.581967213114754,0.000189208009392162,37.0213481892168,71
"{_CEAPA GALBENA,_MORCOVI,_PATRUNJEL RADACINA KG} => {CARNE TOCATA PORC VRAC}",0.000136477908414018,0.142857142857143,0.000955345358898127,2.59781391263708,88
"{_CEAPA GALBENA,_PATRUNJEL RADACINA KG,CARNE TOCATA PORC VRAC} => {_MORCOVI}",0.000136477908414018,0.854368932038835,0.000159741188257317,29.7940025308879,88
"{_CEAPA GALBENA,_MORCOVI,CARNE TOCATA PORC VRAC} => {_PATRUNJEL RADACINA KG}",0.000136477908414018,0.405529953917051,0.000336542115066386,25.7974423417558,88
"{_MORCOVI,_PATRUNJEL RADACINA KG,CEAFA DE PORC FARA OS} => {CARNE TOCATA PORC VRAC}",0.000100807545987627,0.320197044334975,0.000314829720545974,5.8226863559107,65
"{_PATRUNJEL RADACINA KG,CARNE TOCATA PORC VRAC,CEAFA DE PORC FARA OS} => {_MORCOVI}",0.000100807545987627,0.747126436781609,0.000134927023091132,26.0541858600175,65
"{_MORCOVI,CARNE TOCATA PORC VRAC,CEAFA DE PORC FARA OS} => {_PATRUNJEL RADACINA KG}",0.000100807545987627,0.436241610738255,0.000231081913110099,27.7511382115974,65
"{PIEPT DE PUI FARA OS REFR.VRAC SZEKELY CSURKE,PULPE PORC FARA OS,PULPE PUI CU SPATE REFR.VRAC SZEKELY CSURKE} => {CARNE TOCATA PORC VRAC}",0.000100807545987627,0.474452554744526,0.00021247128923546,8.62777613321075,65
"{CARNE TOCATA PORC VRAC,PULPE PORC FARA OS,PULPE PUI CU SPATE REFR.VRAC SZEKELY CSURKE} => {PIEPT DE PUI FARA OS REFR.VRAC SZEKELY CSURKE}",0.000100807545987627,0.207006369426752,0.000486977991386383,8.14276829927913,65
"{CARNE TOCATA PORC VRAC,PIEPT DE PUI FARA OS REFR.VRAC SZEKELY CSURKE,PULPE PORC FARA OS} => {PULPE PUI CU SPATE REFR.VRAC SZEKELY CSURKE}",0.000100807545987627,0.202492211838006,0.000497834188646589,9.33878554807693,65
"{CARNE TOCATA PORC VRAC,PIEPT DE PUI FARA OS REFR.VRAC SZEKELY CSURKE,PULPE PUI CU SPATE REFR.VRAC SZEKELY CSURKE} => {PULPE PORC FARA OS}",0.000100807545987627,0.136842105263158,0.000736670528371121,10.4234886685112,65
"{_MORCOVI,_PATRUNJEL RADACINA KG,PULPE PORC FARA OS} => {CARNE TOCATA PORC VRAC}",0.000124070825830926,0.285714285714286,0.00043424789040824,5.19562782527417,80
"{_PATRUNJEL RADACINA KG,CARNE TOCATA PORC VRAC,PULPE PORC FARA OS} => {_MORCOVI}",0.000124070825830926,0.792079207920792,0.000156639417611544,27.6218025263857,80
"{_MORCOVI,CARNE TOCATA PORC VRAC,PULPE PORC FARA OS} => {_PATRUNJEL RADACINA KG}",0.000124070825830926,0.457142857142857,0.00027140493150515,29.080753185252,80
"{COTLET PORC FARA OS,PIEPT DE PUI FARA OS REFR.VRAC SZEKELY CSURKE,PULPE PORC FARA OS} => {CARNE TOCATA PORC VRAC}",0.000134927023091132,0.455497382198953,0.000296219096671335,8.28308205652348,87
"{CARNE TOCATA PORC VRAC,COTLET PORC FARA OS,PULPE PORC FARA OS} => {PIEPT DE PUI FARA OS REFR.VRAC SZEKELY CSURKE}",0.000134927023091132,0.29,0.000465265596865971,11.4073920204978,87
"{CARNE TOCATA PORC VRAC,PIEPT DE PUI FARA OS REFR.VRAC SZEKELY CSURKE,PULPE PORC FARA OS} => {COTLET PORC FARA OS}",0.000134927023091132,0.271028037383178,0.000497834188646589,15.9712101360273,87
"{CARNE TOCATA PORC VRAC,COTLET PORC FARA OS,PIEPT DE PUI FARA OS REFR.VRAC SZEKELY CSURKE} => {PULPE PORC FARA OS}",0.000134927023091132,0.165399239543726,0.000815765679838336,12.5987326477399,87
"{_PATRUNJEL RADACINA KG,PASTE ATA PAIANJENULUI CU 8 OUA GYERMELYI 250G,PULPE PUI CU SPATE REFR.VRAC SZEKELY CSURKE} => {_MORCOVI}",0.000102358431310514,0.804878048780488,0.000127172596476699,28.068130433062,66
"{_MORCOVI,_PATRUNJEL RADACINA KG,PULPE PUI CU SPATE REFR.VRAC SZEKELY CSURKE} => {PASTE ATA PAIANJENULUI CU 8 OUA GYERMELYI 250G}",0.000102358431310514,0.162162162162162,0.000631210326414834,7.34586391927968,66
"{_MORCOVI,PASTE ATA PAIANJENULUI CU 8 OUA GYERMELYI 250G,PULPE PUI CU SPATE REFR.VRAC SZEKELY CSURKE} => {_PATRUNJEL RADACINA KG}",0.000102358431310514,0.594594594594595,0.000172148270840409,37.8246282983852,66
"{_PATRUNJEL RADACINA KG,PIEPT DE PUI FARA OS REFR.VRAC SZEKELY CSURKE,PULPE PUI CU SPATE REFR.VRAC SZEKELY CSURKE} => {_MORCOVI}",0.000120969055185152,0.804123711340206,0.000150435876319997,28.0418247812972,78
"{_MORCOVI,_PATRUNJEL RADACINA KG,PULPE PUI CU SPATE REFR.VRAC SZEKELY CSURKE} => {PIEPT DE PUI FARA OS REFR.VRAC SZEKELY CSURKE}",0.000120969055185152,0.191646191646192,0.000631210326414834,7.53856288739158,78
"{_MORCOVI,PIEPT DE PUI FARA OS REFR.VRAC SZEKELY CSURKE,PULPE PUI CU SPATE REFR.VRAC SZEKELY CSURKE} => {_PATRUNJEL RADACINA KG}",0.000120969055185152,0.513157894736842,0.000235734569078759,32.6441020541686,78
"{_MORCOVI,_PATRUNJEL RADACINA KG,PIEPT DE PUI FARA OS REFR.VRAC SZEKELY CSURKE} => {PULPE PUI CU SPATE REFR.VRAC SZEKELY CSURKE}",0.000120969055185152,0.149139579349904,0.000811113023869676,6.87820304611708,78
"{_MORCOVI,_PATRUNJEL RADACINA KG,PULPE PUI CU SPATE REFR.VRAC SZEKELY CSURKE} => {CARNE TOCATA PORC VRAC}",0.00015353764696577,0.243243243243243,0.000631210326414834,4.42330477016585,99
"{_PATRUNJEL RADACINA KG,CARNE TOCATA PORC VRAC,PULPE PUI CU SPATE REFR.VRAC SZEKELY CSURKE} => {_MORCOVI}",0.00015353764696577,0.717391304347826,0.000214022174558347,25.0172466903379,99
"{_MORCOVI,CARNE TOCATA PORC VRAC,PULPE PUI CU SPATE REFR.VRAC SZEKELY CSURKE} => {_PATRUNJEL RADACINA KG}",0.00015353764696577,0.447963800904977,0.000342745656357932,28.4968353469735,99
"{_MORCOVI,_PATRUNJEL RADACINA KG,CARNE TOCATA PORC VRAC} => {PULPE PUI CU SPATE REFR.VRAC SZEKELY CSURKE}",0.00015353764696577,0.101434426229508,0.00151366407513729,4.67807796236344,99
"{COTLET PORC FARA OS,PIEPT DE PUI FARA OS REFR.VRAC SZEKELY CSURKE,PULPE PUI CU SPATE REFR.VRAC SZEKELY CSURKE} => {CARNE TOCATA PORC VRAC}",0.000144232335028451,0.455882352941176,0.00031638060586886,8.29008263297422,93
"{CARNE TOCATA PORC VRAC,COTLET PORC FARA OS,PULPE PUI CU SPATE REFR.VRAC SZEKELY CSURKE} => {PIEPT DE PUI FARA OS REFR.VRAC SZEKELY CSURKE}",0.000144232335028451,0.275147928994083,0.000524199239135661,10.8231734126331,93
"{CARNE TOCATA PORC VRAC,PIEPT DE PUI FARA OS REFR.VRAC SZEKELY CSURKE,PULPE PUI CU SPATE REFR.VRAC SZEKELY CSURKE} => {COTLET PORC FARA OS}",0.000144232335028451,0.195789473684211,0.000736670528371121,11.5375326361966,93
"{CARNE TOCATA PORC VRAC,COTLET PORC FARA OS,PIEPT DE PUI FARA OS REFR.VRAC SZEKELY CSURKE} => {PULPE PUI CU SPATE REFR.VRAC SZEKELY CSURKE}",0.000144232335028451,0.17680608365019,0.000815765679838336,8.15416101101903,93
"{_PATRUNJEL RADACINA KG,COTLET PORC FARA OS,PIEPT DE PUI FARA OS REFR.VRAC SZEKELY CSURKE} => {_MORCOVI}",0.000111663743247833,0.782608695652174,0.000142681449705564,27.291541844005,72
"{_MORCOVI,_PATRUNJEL RADACINA KG,COTLET PORC FARA OS} => {PIEPT DE PUI FARA OS REFR.VRAC SZEKELY CSURKE}",0.000111663743247833,0.184615384615385,0.000604845275925762,7.26200022525059,72
"{_MORCOVI,_PATRUNJEL RADACINA KG,PIEPT DE PUI FARA OS REFR.VRAC SZEKELY CSURKE} => {COTLET PORC FARA OS}",0.000111663743247833,0.137667304015296,0.000811113023869676,8.11249442130643,72
"{_MORCOVI,COTLET PORC FARA OS,PIEPT DE PUI FARA OS REFR.VRAC SZEKELY CSURKE} => {_PATRUNJEL RADACINA KG}",0.000111663743247833,0.473684210526316,0.000235734569078759,30.133017280771,72
"{_MORCOVI,_PATRUNJEL RADACINA KG,COTLET PORC FARA OS} => {CARNE TOCATA PORC VRAC}",0.000198513321329481,0.328205128205128,0.000604845275925762,5.96831093775084,128
"{_PATRUNJEL RADACINA KG,CARNE TOCATA PORC VRAC,COTLET PORC FARA OS} => {_MORCOVI}",0.000198513321329481,0.82051282051282,0.000241938110370305,28.6133544119482,128
"{_MORCOVI,_PATRUNJEL RADACINA KG,CARNE TOCATA PORC VRAC} => {COTLET PORC FARA OS}",0.000198513321329481,0.131147540983607,0.00151366407513729,7.72829614270176,128
"{_MORCOVI,CARNE TOCATA PORC VRAC,COTLET PORC FARA OS} => {_PATRUNJEL RADACINA KG}",0.000198513321329481,0.472324723247232,0.00042028992250226,30.0465346563489,128
"{_MORCOVI,_PATRUNJEL RADACINA KG,PASTE ATA PAIANJENULUI CU 8 OUA GYERMELYI 250G} => {CARNE TOCATA PORC VRAC}",0.000169046500194636,0.150344827586207,0.00112439185909276,2.7339751935753,109
"{_PATRUNJEL RADACINA KG,CARNE TOCATA PORC VRAC,PASTE ATA PAIANJENULUI CU 8 OUA GYERMELYI 250G} => {_MORCOVI}",0.000169046500194636,0.801470588235294,0.000210920403912573,27.9493036776636,109
"{_MORCOVI,_PATRUNJEL RADACINA KG,CARNE TOCATA PORC VRAC} => {PASTE ATA PAIANJENULUI CU 8 OUA GYERMELYI 250G}",0.000169046500194636,0.111680327868852,0.00151366407513729,5.05906236107496,109
"{_MORCOVI,CARNE TOCATA PORC VRAC,PASTE ATA PAIANJENULUI CU 8 OUA GYERMELYI 250G} => {_PATRUNJEL RADACINA KG}",0.000169046500194636,0.473913043478261,0.000356703624263911,30.1475742939501,109
"{_MORCOVI,_PATRUNJEL RADACINA KG,GOBE 10 OUA PROASPETE L} => {CARNE TOCATA PORC VRAC}",0.00010856197260206,0.152173913043478,0.000713407248527822,2.76723655911342,70
"{_PATRUNJEL RADACINA KG,CARNE TOCATA PORC VRAC,GOBE 10 OUA PROASPETE L} => {_MORCOVI}",0.00010856197260206,0.769230769230769,0.000141130564382678,26.8250197612015,70
"{_MORCOVI,CARNE TOCATA PORC VRAC,GOBE 10 OUA PROASPETE L} => {_PATRUNJEL RADACINA KG}",0.00010856197260206,0.479452054794521,0.000226429257141439,30.4999337773405,70
"{_MORCOVI,_PATRUNJEL RADACINA KG,PIEPT DE PUI FARA OS REFR.VRAC SZEKELY CSURKE} => {CARNE TOCATA PORC VRAC}",0.000193860665360821,0.239005736137667,0.000811113023869676,4.3462469857695,125
"{_PATRUNJEL RADACINA KG,CARNE TOCATA PORC VRAC,PIEPT DE PUI FARA OS REFR.VRAC SZEKELY CSURKE} => {_MORCOVI}",0.000193860665360821,0.78125,0.000248141651661851,27.2441606949703,125
"{_MORCOVI,_PATRUNJEL RADACINA KG,CARNE TOCATA PORC VRAC} => {PIEPT DE PUI FARA OS REFR.VRAC SZEKELY CSURKE}",0.000193860665360821,0.128073770491803,0.00151366407513729,5.03788864670091,125
"{_MORCOVI,CARNE TOCATA PORC VRAC,PIEPT DE PUI FARA OS REFR.VRAC SZEKELY CSURKE} => {_PATRUNJEL RADACINA KG}",0.000193860665360821,0.401929260450161,0.000482325335417723,25.5683872961169,125
"{_BANANE,_MORCOVI,_PATRUNJEL RADACINA KG} => {CARNE TOCATA PORC VRAC}",0.000110112857924946,0.146694214876033,0.0007506284962771,2.66758990615833,71
"{_BANANE,_PATRUNJEL RADACINA KG,CARNE TOCATA PORC VRAC} => {_MORCOVI}",0.000110112857924946,0.747368421052632,0.000147334105674224,26.0626244627252,71
"{_BANANE,_MORCOVI,CARNE TOCATA PORC VRAC} => {_PATRUNJEL RADACINA KG}",0.000110112857924946,0.369791666666667,0.000297769981994221,23.5239816618982,71
