"rules","support","confidence","coverage","lift","count"
"{STICLA BERE 400ML HEINEKEN} => {BERE HEINEKEN STICLA 400ML}",0.00012144906079393,1,0.00012144906079393,3232,42
"{BERE HEINEKEN STICLA 400ML} => {STICLA BERE 400ML HEINEKEN}",0.00012144906079393,0.392523364485981,0.000309405940594059,3232,42
"{SKANDI PARADE} => {SKANDI CORVIN}",0.000112774127880078,0.464285714285714,0.00024289812158786,196.766106442577,39
"{MARLBORO FILTERS PLUS 100 6MG} => {PALL MALL BLUE}",0.000161932081058573,0.602150537634409,0.000268922920329416,149.488950126979,56
"{MARLBORO FILTERS PLUS 100 6MG} => {APA MINERALA NATURALA CARBOGAZIFICATA TUSNAD 2L}",0.000101207550661608,0.376344086021505,0.000268922920329416,51.2800698204496,35
"{MARLBORO FILTERS PLUS 100 6MG} => {APA MINERALA NATURALA CARBOGAZIFICATA CONTINUT REDUS CO2 TUSNAD 2L}",0.00012144906079393,0.451612903225806,0.000268922920329416,7.58258875783664,42
"{SET CAPACE CU FILET 6.6CM 20BUC} => {BORCAN 370ML}",0.000112774127880078,0.354545454545455,0.000318080873507912,822.888102501525,39
"{BORCAN 370ML} => {SET CAPACE CU FILET 6.6CM 20BUC}",0.000112774127880078,0.261744966442953,0.000430855001387989,822.888102501525,39
"{DENIS ICE TEA CU GUST DE PERE 1.5L} => {APA MINERALA NATURALA NATURAL CARBOGAZOASA BORSEC 1.5L}",0.000133015638012399,0.567901234567901,0.000234223188674008,313.227873274657,46
"{MIX DE SUC DE FRUCTE CU BERE FARA ALCOOL ZMEURA&COACAZE DOZA FRESH 500ML} => {MIX DE SUC DE FRUCTE CU BERE FARA ALCOOL MAR&PERE DOZA FRESH 500ML}",0.000130123993707782,0.454545454545455,0.00028627278615712,976.352343308865,45
"{MIX DE SUC DE FRUCTE CU BERE FARA ALCOOL MAR&PERE DOZA FRESH 500ML} => {MIX DE SUC DE FRUCTE CU BERE FARA ALCOOL ZMEURA&COACAZE DOZA FRESH 500ML}",0.000130123993707782,0.279503105590062,0.000465554733043398,976.352343308865,45
"{DENIS ICE TEA CU GUST DE PIERSICI 1.5L} => {PAINE CU CARTOFI FELII BACHUS 1.2 KG}",0.000101207550661608,0.393258426966292,0.000257356343110947,4.77773413831692,35
"{SCHWEPPES GUST DE RODIE 500ML} => {WINSTON BLUE 100}",0.000138798926621634,0.345323741007194,0.000401938558341815,165.174602226932,48
"{SCHWEPPES GUST DE RODIE 500ML} => {ENERGIZANT HELL 250ML}",0.000144582215230869,0.359712230215827,0.000401938558341816,31.5009172707415,50
"{BORCAN 370ML} => {CAPACE FILET MIC}",0.000219764967150921,0.51006711409396,0.000430855001387989,856.278881866163,76
"{CAPACE FILET MIC} => {BORCAN 370ML}",0.000219764967150921,0.368932038834951,0.00059567872675118,856.278881866163,76
"{BERE TILTOTT CSIKI VADMALNA CU VITAMINE STICLA 500ML} => {STICLA BERE 500ML CSIKI}",0.000138798926621634,0.355555555555556,0.000390371981123346,508.097704315886,48
"{STICLA BERE 500ML CSIKI} => {BERE TILTOTT CSIKI VADMALNA CU VITAMINE STICLA 500ML}",0.000138798926621634,0.198347107438017,0.000699777921717405,508.097704315886,48
"{_MARAR USCAT} => {_CIMBRU LEGATURA}",0.000147473859535486,0.53125,0.000277597853243268,998.472826086957,51
"{_CIMBRU LEGATURA} => {_MARAR USCAT}",0.000147473859535486,0.277173913043478,0.000532062552049597,998.472826086957,51
"{KNORR SUPA CR.DE CIUPERCI CU CASCAVAL BOGRES 17G} => {KNORR SUPA CREMA DE CASCAVAL BOGRES 22G}",0.000112774127880078,0.458823529411765,0.000245789765892477,1230.0169630643,39
"{KNORR SUPA CREMA DE CASCAVAL BOGRES 22G} => {KNORR SUPA CR.DE CIUPERCI CU CASCAVAL BOGRES 17G}",0.000112774127880078,0.302325581395349,0.000373022115295642,1230.0169630643,39
"{MAZARE KLEINE WUNDER KELVEDON KERTIMAG 250G} => {SEMINTE LEGUME GARDENSEED KERTIMAG}",0.000156148792449338,0.574468085106383,0.000271814564634033,172.153250488587,54
"{BAUTURA SPIRTOASA 28% VODKA KRESKOVA 500ML} => {CHIO BREZLI 500G}",0.000101207550661608,0.353535353535354,0.00028627278615712,1002.13942705746,35
"{CHIO BREZLI 500G} => {BAUTURA SPIRTOASA 28% VODKA KRESKOVA 500ML}",0.000101207550661608,0.286885245901639,0.00035278060516332,1002.13942705746,35
"{BAUTURA SPIRTOASA 28% VODKA KRESKOVA 500ML} => {APA MINERALA NATURALA DECARBOGAZIFICATA PARTIAL PERLA HARGHITEI 2L}",0.000159040436753956,0.555555555555556,0.00028627278615712,44.9098748116981,55
"{DR.OETKER PIKANT FIX IUTE 100G} => {DR.OETKER PIKANT FIX DULCE ACRISOR 100G}",0.000118557416489312,0.405940594059406,0.000292056074766355,303.861471861472,41
"{BAUTURA SPIRTOASA 28% CAVA DORO ORIGINAL 200ML} => {BERE BUCEGI DOZA 500ML}",0.000118557416489312,0.215789473684211,0.000549412417877302,22.4842358985744,41
"{DANONE CASA BUNA IAURT CAPSUNI 100G} => {DANONE CASA BUNA IAURT CAISE 100G}",0.000104099194966226,0.297520661157025,0.000349888960858703,857.414876033058,36
"{DANONE CASA BUNA IAURT CAISE 100G} => {DANONE CASA BUNA IAURT CAPSUNI 100G}",0.000104099194966226,0.3,0.000346997316554085,857.414876033058,36
"{DR.OETKER GELFIX EXTRA 2:1 25G} => {DR.OETKER GELFIX SUPER 3:1 25G}",0.000101207550661608,0.244755244755245,0.000413505135560285,141.305906113919,35
"{MIX DE SUC DE FRUCTE CU BERE FARA ALCOOL MAR&PERE DOZA FRESH 500ML} => {BERE GOLDEN BRAU DOZA 500ML}",0.000101207550661608,0.217391304347826,0.000465554733043398,21.2851445172091,35
"{WINSTON CASTER} => {APA MINERALA NATURALA CARBO.TIVA HARGHITA 2.5L}",0.000106990839270843,0.140684410646388,0.00076050245211437,17.8867814806531,37
"{HOHES C SUC PORTOCALE&MERE&MARACUJA&CURMALE&VIT.D 1L} => {LAPTE DE CONSUM 1.5% GRASIME FRISS CUTIE 1L}",0.000144582215230869,0.352112676056338,0.000410613491255668,10.6796188462118,50
"{BERE CIUC RADLER VISINE FARA ALC.DOZA 330ML} => {BERE CIUC RADLER ZMEURA&LAMAIE FARA ALC.DOZA 330ML}",0.00012144906079393,0.358974358974359,0.000338322383640233,358.79175930043,42
"{BERE CIUC RADLER ZMEURA&LAMAIE FARA ALC.DOZA 330ML} => {BERE CIUC RADLER VISINE FARA ALC.DOZA 330ML}",0.00012144906079393,0.121387283236994,0.00100050892939761,358.79175930043,42
"{CHIO BREZLI 500G} => {APA MINERALA NATURALA DECARBOGAZIFICATA PARTIAL PERLA HARGHITEI 2L}",0.000133015638012399,0.377049180327869,0.00035278060516332,30.4798166754803,46
"{BAUTURA SPIRTOASA 21% LEMON AMIGO 500ML PET} => {ELAN FRANZELA ALBA FELIATA 700G}",0.000138798926621634,0.159468438538206,0.000870384935689831,35.2383471495441,48
"{STICLA BERE 500ML AMIGO} => {BERE HARGHITA 500ML STICLA}",0.000106990839270843,0.237179487179487,0.000451096511520311,308.354732986312,37
"{BERE HARGHITA 500ML STICLA} => {STICLA BERE 500ML AMIGO}",0.000106990839270843,0.139097744360902,0.000769177385028223,308.354732986312,37
"{STICLA BERE 500ML AMIGO} => {BERE CIUC BLONDA 500ML STICLA}",0.000106990839270843,0.237179487179487,0.000451096511520311,278.041894828336,37
"{BERE CIUC BLONDA 500ML STICLA} => {STICLA BERE 500ML AMIGO}",0.000106990839270843,0.125423728813559,0.000853035069862126,278.041894828336,37
"{HEETS BLUE LABEL} => {PAINE CU CARTOFI FELII BACHUS 1.2 KG}",0.000153257148144721,0.240909090909091,0.000636161747015823,2.92682752343388,53
"{DR.OETKER ZAHAR VANILIAT 6*8G 5+1 GRATIS} => {DR.OETKER PRAF DE COPT 6*10G 5+1 GRATIS}",0.000104099194966226,0.315789473684211,0.000329647450726381,910.063157894737,36
"{DR.OETKER PRAF DE COPT 6*10G 5+1 GRATIS} => {DR.OETKER ZAHAR VANILIAT 6*8G 5+1 GRATIS}",0.000104099194966226,0.3,0.000346997316554085,910.063157894737,36
"{BENSON&HEDGES BLACK 100} => {PAINE CU CARTOFI FELII BACHUS 1.2 KG}",0.000101207550661608,0.14,0.000722911076154344,1.70087335324082,35
"{KNORR SUPA CREMA DE PUI CU CRUTOANE BOGRES 16G} => {KNORR SUPA CREMA DE CASCAVAL BOGRES 22G}",0.000135907282317017,0.37007874015748,0.000367238826686407,992.109381676128,47
"{KNORR SUPA CREMA DE CASCAVAL BOGRES 22G} => {KNORR SUPA CREMA DE PUI CU CRUTOANE BOGRES 16G}",0.000135907282317017,0.364341085271318,0.000373022115295642,992.109381676128,47
"{APA PLATA PERLA MOLDOVEI ALCALINIA 6.2L} => {APA MINERALA NATURALA CARBOGAZIFICATA CONTINUT REDUS CO2 TUSNAD 2L}",0.000167715369667808,0.18125,0.000925326177477561,3.04319075593533,58
"{KINDER DELICE PRAJITURA DE CACAO CU UMPL.CU CREME DE NUCA DE COCOS 37G} => {KINDER DELICE PRAJITURA DE CACAO CU UMPLUTURA DE LAPTE 39G}",0.000106990839270843,0.293650793650794,0.00036434718238179,179.419597285322,37
"{MARLBORO CIGARILLOS FOREST MIST} => {ENERGIZANT HELL RED GRAPE 250ML}",0.000292056074766355,0.537234042553192,0.000543629129268067,235.772113619181,101
"{ENERGIZANT HELL RED GRAPE 250ML} => {MARLBORO CIGARILLOS FOREST MIST}",0.000292056074766355,0.128172588832487,0.00227861571203849,235.772113619181,101
"{MARLBORO CIGARILLOS FOREST MIST} => {BATON DE CIOCOLATA SNICKERS CLASIC 50G}",0.000167715369667808,0.308510638297872,0.000543629129268067,210.020438934495,58
"{BATON DE CIOCOLATA SNICKERS CLASIC 50G} => {MARLBORO CIGARILLOS FOREST MIST}",0.000167715369667808,0.114173228346457,0.00146895530674563,210.020438934495,58
"{MARLBORO CIGARILLOS FOREST MIST} => {PAINE CU SEMINTE COUNTRY 500G}",0.000173498658277043,0.319148936170213,0.000543629129268067,61.3163120567376,60
"{IAURT CU FRUCTE DE PADURE FRISS 125G} => {IAURT CU CAPSUNI FRISS 125G}",0.000127232349403165,0.309859154929577,0.000410613491255668,776.498060828741,44
"{IAURT CU CAPSUNI FRISS 125G} => {IAURT CU FRUCTE DE PADURE FRISS 125G}",0.000127232349403165,0.318840579710145,0.000399046914037198,776.498060828741,44
"{HRANA COMPLETA PENTRU PISICI ADULTE CU VITA PREVITAL 100G} => {HRANA COMPLETA PENTRU PISICI ADULTE STERILIZATE CU FICAT PREVITAL 100G}",0.000115665772184695,0.28169014084507,0.000410613491255668,446.858767282595,40
"{HRANA COMPLETA PENTRU PISICI ADULTE STERILIZATE CU FICAT PREVITAL 100G} => {HRANA COMPLETA PENTRU PISICI ADULTE CU VITA PREVITAL 100G}",0.000115665772184695,0.18348623853211,0.000630378458406588,446.858767282595,40
"{HEETS BRONZE LABEL} => {PAINE CU CARTOFI FELII BACHUS 1.2 KG}",0.000153257148144721,0.208661417322835,0.000734477653372814,2.53504746124195,53
"{BERE TILTOTT CSIKI KREM SOR 4.5% 500ML} => {STICLA BERE 500ML CSIKI}",0.000112774127880078,0.183098591549296,0.000615920236883501,261.652426958445,39
"{STICLA BERE 500ML CSIKI} => {BERE TILTOTT CSIKI KREM SOR 4.5% 500ML}",0.000112774127880078,0.161157024793388,0.000699777921717405,261.652426958445,39
"{BERE TILTOTT CSIKI KREM SOR 4.5% 500ML} => {BERE TILTOTT IGAZI SOR 6% 500ML}",0.000112774127880078,0.183098591549296,0.000615920236883501,76.56576459969,39
"{PASTA DE TON CU LEGUME HAME 100G} => {PASTA DE TON HAME 100G}",0.00012144906079393,0.295774647887324,0.000410613491255668,74.0130042192373,42
"{HOHES C SUC DIN FRUCTE MIXTE PLUS MAGNEZIUM 1L} => {LAPTE DE CONSUM 1.5% GRASIME FRISS CUTIE 1L}",0.000106990839270843,0.221556886227545,0.000482904598871102,6.71984639736489,37
"{HOHES C MILD JUICE MULTIVITAMIN 100% 1L} => {LAPTE DE CONSUM 1.5% GRASIME FRISS CUTIE 1L}",0.000115665772184695,0.21978021978022,0.000526279263440363,6.66595989521792,40
"{CERBONA TERCI DE OVAZ CU CIOCOLATA 55G} => {CERBONA TERCI DE OVAZ CU FRUCTE DE PADURE 55G}",0.000118557416489312,0.241176470588235,0.000491579531784954,284.657378036539,41
"{CERBONA TERCI DE OVAZ CU FRUCTE DE PADURE 55G} => {CERBONA TERCI DE OVAZ CU CIOCOLATA 55G}",0.000118557416489312,0.139931740614334,0.000847251781252892,284.657378036539,41
"{CERBONA TERCI DE OVAZ CU MANGO 50G} => {CERBONA TERCI DE OVAZ CU PRUNE 50G}",0.000124340705098547,0.380530973451327,0.000326755806421764,769.571598613052,43
"{CERBONA TERCI DE OVAZ CU PRUNE 50G} => {CERBONA TERCI DE OVAZ CU MANGO 50G}",0.000124340705098547,0.251461988304094,0.000494471176089572,769.571598613052,43
"{CERBONA TERCI DE OVAZ CU MANGO 50G} => {CERBONA TERCI DE OVAZ CU CAISE 50G}",0.000141690570926252,0.433628318584071,0.000326755806421764,789.258313926409,49
"{CERBONA TERCI DE OVAZ CU CAISE 50G} => {CERBONA TERCI DE OVAZ CU MANGO 50G}",0.000141690570926252,0.257894736842105,0.000549412417877302,789.258313926409,49
"{CERBONA TERCI DE OVAZ CU MANGO 50G} => {CERBONA TERCI DE OVAZ CU FRUCTE DE PADURE 55G}",0.00010988248357546,0.336283185840708,0.000326755806421764,396.910568123471,38
"{CERBONA TERCI DE OVAZ CU FRUCTE DE PADURE 55G} => {CERBONA TERCI DE OVAZ CU MANGO 50G}",0.00010988248357546,0.129692832764505,0.000847251781252892,396.910568123471,38
"{CERBONA BATON CEREALE FARA GLUTEN VISINE&CIOCOLATA 35G} => {CERBONA BATON CEREALE ZMEURA FARA GLUTEN 35G}",0.000101207550661608,0.198863636363636,0.000508929397612658,349.095523765575,35
"{CERBONA BATON CEREALE ZMEURA FARA GLUTEN 35G} => {CERBONA BATON CEREALE FARA GLUTEN VISINE&CIOCOLATA 35G}",0.000101207550661608,0.177664974619289,0.000569653928009623,349.095523765575,35
"{BATON CIOCOLATA SPORT DUO COCOS 60G} => {BATON CIOCOLATA SPORT XXL 51G}",0.000115665772184695,0.207253886010363,0.000558087350791154,123.574772199393,40
"{BERE NEUMARKT 2.5L PET} => {IAURT CU DIFERITE AROME SZIVECSKE ZOTT 125G}",0.000141690570926252,0.140401146131805,0.00100918386231146,133.757812561668,49
"{IAURT CU DIFERITE AROME SZIVECSKE ZOTT 125G} => {BERE NEUMARKT 2.5L PET}",0.000141690570926252,0.134986225895317,0.00104966688257611,133.757812561668,49
"{CHIO POPCORN MICROUNDE CASCAVAL 80G} => {CHIO POPCORN MICROUNDE UNT 80G}",0.000124340705098547,0.294520547945205,0.000422180068474137,504.219178082192,43
"{CHIO POPCORN MICROUNDE UNT 80G} => {CHIO POPCORN MICROUNDE CASCAVAL 80G}",0.000124340705098547,0.212871287128713,0.00058411214953271,504.219178082192,43
"{PAIE MAGICA CU AROMA DE VANILIE MILKY SIP 5*6G} => {PAIE MAGICA CU AROMA DE CIOCOLATA MILKY SIP 5*6G}",0.000112774127880078,0.254901960784314,0.000442421578606459,591.618897223319,39
"{PAIE MAGICA CU AROMA DE CIOCOLATA MILKY SIP 5*6G} => {PAIE MAGICA CU AROMA DE VANILIE MILKY SIP 5*6G}",0.000112774127880078,0.261744966442953,0.000430855001387989,591.618897223319,39
"{PAIE MAGICA CU AROMA DE VANILIE MILKY SIP 5*6G} => {PAIE MAGICA CU AROMA DE BISCUITI MILKY SIP 5*6G}",0.000150365503840104,0.339869281045752,0.000442421578606459,652.971968046478,52
"{PAIE MAGICA CU AROMA DE BISCUITI MILKY SIP 5*6G} => {PAIE MAGICA CU AROMA DE VANILIE MILKY SIP 5*6G}",0.000150365503840104,0.288888888888889,0.000520495974831128,652.971968046478,52
"{STORY} => {KISKEGYED}",0.000106990839270843,0.192708333333333,0.000555195706486536,307.111367127496,37
"{KISKEGYED} => {STORY}",0.000106990839270843,0.170506912442396,0.000627486814101971,307.111367127496,37
"{BERE FARA ALC.GUST DE GRAPEFRUIT URSUS COOLER DOZA 500ML} => {BERE FARA ALC.SI LIMONADA URSUS COOLER DOZA 500ML}",0.000106990839270843,0.194736842105263,0.000549412417877302,181.034069043577,37
"{KUBETI BARBEQUE 35G} => {KUBETI BACON 35G}",0.000115665772184695,0.229885057471264,0.000503146109003424,332.635021401433,40
"{KUBETI BACON 35G} => {KUBETI BARBEQUE 35G}",0.000115665772184695,0.167364016736402,0.000691102988803553,332.635021401433,40
"{IAURT CREMA PIURE CAPSUNI MULLER 125G} => {IAURT CREMA PIURE CIRESE MULLER 125G}",0.000138798926621634,0.352941176470588,0.000393263625427963,830.309723889556,48
"{IAURT CREMA PIURE CIRESE MULLER 125G} => {IAURT CREMA PIURE CAPSUNI MULLER 125G}",0.000138798926621634,0.326530612244898,0.000425071712778754,830.309723889556,48
"{PAIE MAGICA CU AROMA DE CIOCOLATA MILKY SIP 5*6G} => {PAIE MAGICA CU AROMA DE BISCUITI MILKY SIP 5*6G}",0.000127232349403165,0.295302013422819,0.000430855001387989,567.347352721849,44
"{PAIE MAGICA CU AROMA DE BISCUITI MILKY SIP 5*6G} => {PAIE MAGICA CU AROMA DE CIOCOLATA MILKY SIP 5*6G}",0.000127232349403165,0.244444444444444,0.000520495974831128,567.347352721849,44
"{CAPPUCCINO VANILIE LA FESTA 12.5G PLIC} => {CAPPUCCINO CLASSIC LA FESTA 12.5G PLIC}",0.000106990839270843,0.266187050359712,0.000401938558341815,414.657074340528,37
"{CAPPUCCINO CLASSIC LA FESTA 12.5G PLIC} => {CAPPUCCINO VANILIE LA FESTA 12.5G PLIC}",0.000106990839270843,0.166666666666667,0.000641945035625058,414.657074340528,37
"{DANONE IAURT DELICIOS BISCUITI 400G} => {_BANANE}",0.000106990839270843,0.21264367816092,0.000503146109003424,3.91676630393192,37
"{CAPPUCCINO ROM LA FESTA 12.5G PLIC} => {CAPPUCCINO CLASSIC LA FESTA 12.5G PLIC}",0.000104099194966226,0.24,0.000433746645692607,373.863783783784,36
"{CAPPUCCINO CLASSIC LA FESTA 12.5G PLIC} => {CAPPUCCINO ROM LA FESTA 12.5G PLIC}",0.000104099194966226,0.162162162162162,0.000641945035625058,373.863783783784,36
"{BERE CIUC 0% ALC.GUST DE LAMAIE&LIME NATUR RADLER DOZA 330ML} => {BERE CIUC RADLER ZMEURA&LAMAIE FARA ALC.DOZA 330ML}",0.000190848524104747,0.392857142857143,0.000485796243175719,392.657308009909,66
"{BERE CIUC RADLER ZMEURA&LAMAIE FARA ALC.DOZA 330ML} => {BERE CIUC 0% ALC.GUST DE LAMAIE&LIME NATUR RADLER DOZA 330ML}",0.000190848524104747,0.190751445086705,0.00100050892939761,392.657308009909,66
"{BATON CIOCOLATA LAPTE UMPL.DE CREMA CARAMEL ROSHEN 40G} => {BATON CIOCOLATA CU LAPTE UMPL.DE CR.DE ZAHAR ARS ROSHEN 43G}",0.00010988248357546,0.197916666666667,0.000555195706486536,343.941373534338,38
"{BATON CIOCOLATA CU LAPTE UMPL.DE CR.DE ZAHAR ARS ROSHEN 43G} => {BATON CIOCOLATA LAPTE UMPL.DE CREMA CARAMEL ROSHEN 40G}",0.00010988248357546,0.190954773869347,0.000575437216618858,343.941373534338,38
"{ELAN PATE CU FICAT DE PASARE 156G} => {ELAN PATE CU FICAT DE PORC 156G}",0.000153257148144721,0.344155844155844,0.000445313222911076,783.008885850991,53
"{ELAN PATE CU FICAT DE PORC 156G} => {ELAN PATE CU FICAT DE PASARE 156G}",0.000153257148144721,0.348684210526316,0.000439529934301841,783.008885850991,53
"{BERE CIUCAS PET 2.25L} => {L&M RED KS 23 S}",0.000222656611455538,0.192982456140351,0.00115376607754233,52.6324644418617,77
"{MOUNTAIN DEW 2L} => {PALL MALL ASCEND ROSE GOLD}",0.000202415101323216,0.318181818181818,0.000636161747015823,220.510839861541,70
"{PALL MALL ASCEND ROSE GOLD} => {MOUNTAIN DEW 2L}",0.000202415101323216,0.140280561122244,0.00144293050800407,220.510839861541,70
"{MOUNTAIN DEW 2L} => {PAINE CU CARTOFI FELII BACHUS 1.2 KG}",0.000135907282317017,0.213636363636364,0.000636161747015823,2.59548855851684,47
"{BEIGLI CU MAC BACHUS 350G} => {BEIGLI CU NUCA BACHUS 350G}",0.000190848524104747,0.349206349206349,0.000546520773572684,589.092373209446,66
"{BEIGLI CU NUCA BACHUS 350G} => {BEIGLI CU MAC BACHUS 350G}",0.000190848524104747,0.321951219512195,0.000592787082446562,589.092373209446,66
"{BATON CIOCOLATA CU LAPTE UMPL.DE CR.DE ZAHAR ARS ROSHEN 43G} => {BATON CIOCOLATA CU UMPL.CU GUST DE CIOC.FONDANT ROSHEN 43G}",0.000127232349403165,0.221105527638191,0.000575437216618858,341.355348169419,44
"{BATON CIOCOLATA CU UMPL.CU GUST DE CIOC.FONDANT ROSHEN 43G} => {BATON CIOCOLATA CU LAPTE UMPL.DE CR.DE ZAHAR ARS ROSHEN 43G}",0.000127232349403165,0.196428571428571,0.000647728324234293,341.355348169419,44
"{APA MINERALA NATURALA CARBOGAZOASA AQUARIA 2L} => {BERE BUCEGI DOZA 500ML}",0.000228439900064773,0.330543933054393,0.000691102988803553,34.4411042797838,79
"{APA MINERALA NATURALA CARBOGAZOASA AQUARIA 2L} => {BERE GOLDEN BRAU DOZA 500ML}",0.000138798926621634,0.200836820083682,0.000691102988803553,19.6642674033463,48
"{VOGUE LA CIGARETTE IVOIRE} => {SZEKELYHON}",0.000147473859535486,0.136729222520107,0.00107858332562228,8.01563767567275,51
"{BERE 6% SZEKELY SOR 500ML} => {STICLA BERE 500ML CSIKI}",0.000127232349403165,0.159420289855072,0.000798093828074396,227.815546772069,44
"{STICLA BERE 500ML CSIKI} => {BERE 6% SZEKELY SOR 500ML}",0.000127232349403165,0.181818181818182,0.000699777921717405,227.815546772069,44
"{BERE 6% SZEKELY SOR 500ML} => {BERE TILTOTT IGAZI SOR 6% 500ML}",0.000138798926621634,0.173913043478261,0.000798093828074396,72.7246727301404,48
"{BERE 6% SZEKELY SOR 500ML} => {WINSTON NOVA BLUE 100}",0.000150365503840104,0.188405797101449,0.000798093828074396,48.550854230113,52
"{TELENOVELLA} => {MAGAZIN DE RECLAMA SI PUBLICITATE HETI HIRDETO}",0.00010988248357546,0.193877551020408,0.000566762283705006,24.4431316821296,38
"{NAPOLITANE CU CREMA DE CACAO SI LAPTE ROSHEN 72G} => {NAPOLITANE CU CREMA DE CIOCOLATA ROSHEN 72G}",0.000101207550661608,0.192307692307692,0.000526279263440363,168.793440062476,35
"{NAPOLITANE CU CREMA DE CACAO SI LAPTE ROSHEN 72G} => {NAPOLITANE CU CREMA DE LAPTE ROSHEN 72G}",0.000135907282317017,0.258241758241758,0.000526279263440363,199.344191522763,47
"{NAPOLITANE CU CREMA DE LAPTE ROSHEN 72G} => {NAPOLITANE CU CREMA DE CACAO SI LAPTE ROSHEN 72G}",0.000135907282317017,0.104910714285714,0.00129545664846858,199.344191522763,47
"{DR.OETKER BUDINCA CIOCOLATA NEAGRA 50G} => {DR.OETKER BUDINCA VANILIE 40G}",0.000141690570926252,0.328859060402685,0.000430855001387989,81.9361352339323,49
"{MARLBORO RED KS 10MG} => {APA MINERALA NATURALA NATURAL CARBOGAZOASA BORSEC STICLA 1L}",0.000106990839270843,0.114197530864198,0.00093689275469603,84.2052172997447,37
"{MARLBORO RED KS 10MG} => {PALL MALL EXTRA CUT BLUE}",0.000153257148144721,0.16358024691358,0.00093689275469603,20.1030473733625,53
"{MARLBORO RED KS 10MG} => {PAINE CU CARTOFI FELII BACHUS 1.2 KG}",0.000199523457018599,0.212962962962963,0.00093689275469603,2.58730734950654,69
"{KETCHUP PICANT REGAL 450G} => {PAINE CU CARTOFI FELII BACHUS 1.2 KG}",0.00012144906079393,0.24,0.000506037753308041,2.91578289126998,42
"{PEPSI TWIST LEMON 500ML} => {WINSTON BLUE 100}",0.000106990839270843,0.121710526315789,0.000879059868603683,58.2163500036398,37
"{PEPSI TWIST LEMON 500ML} => {ENERGIZANT HELL 250ML}",0.000112774127880078,0.128289473684211,0.000879059868603683,11.2346363503085,39
"{HEETS KELLY LABEL} => {PAINE CU CARTOFI FELII BACHUS 1.2 KG}",0.00017639030258166,0.190625,0.000925326177477561,2.31592130686808,61
"{WINSTON BLUE} => {APA MINERALA NATURALA CARBOGAZIFICATA CONTINUT REDUS CO2 TUSNAD 2L}",0.00010988248357546,0.12258064516129,0.000896409734431387,2.05813123426995,38
"{BISCUITI CU COCOS TERE FERE DETKI 180G} => {DANONE ACTIVIA NATUR 125G}",0.000106990839270843,0.286821705426357,0.000373022115295642,29.0113569632537,37
"{BISCUITI CU COCOS TERE FERE DETKI 180G} => {_BANANE}",0.000150365503840104,0.403100775193798,0.000373022115295642,7.42486937313556,52
"{CAPPUCCINO ALUNE LA FESTA 12.5G PLIC} => {PAINE CU CARTOFI FELII BACHUS 1.2 KG}",0.000101207550661608,0.207100591715976,0.000488687887480337,2.51608484207222,35
"{KENT SWITCH AZURE 94 S} => {ENERGIZANT HELL 250ML}",0.000225548255760155,0.194029850746269,0.00116244101045619,16.9916888084268,78
"{KENT SWITCH AZURE 94 S} => {APA MINERALA NATURALA CARBOGAZIFICATA CONTINUT REDUS CO2 TUSNAD 2L}",0.000138798926621634,0.119402985074627,0.00116244101045619,2.00477826433208,48
"{BERE HARGHITA 500ML STICLA} => {PAINE CU CARTOFI FELII BACHUS 1.2 KG}",0.00012144906079393,0.157894736842105,0.000769177385028223,1.91827821794078,42
"{CEAI NEGRU CU LIME&MENTA FUZE TEA 500ML} => {HEETS RUSSET}",0.000106990839270843,0.101369863013699,0.00105545017118534,74.2714650568841,37
"{CEAI NEGRU CU LIME&MENTA FUZE TEA 500ML} => {ENERGIZANT HELL 250ML}",0.000213981678541686,0.202739726027397,0.00105545017118534,17.7544347970875,74
"{CASCAVAL DOTTI 480G} => {PAINE CU CARTOFI FELII BACHUS 1.2 KG}",0.000112774127880078,0.239263803680982,0.000471338021652633,2.90683877197161,39
"{ZUZU BIFIDUS IAURT DE BAUT CAISE 320G} => {ZUZU BIFIDUS IAURT DE BAUT CAPSUNI 320G}",0.000112774127880078,0.195,0.000578328860923476,315.12,39
"{ZUZU BIFIDUS IAURT DE BAUT CAPSUNI 320G} => {ZUZU BIFIDUS IAURT DE BAUT CAISE 320G}",0.000112774127880078,0.182242990654206,0.000618811881188119,315.12,39
"{PERNITE VIVA CU CREMA DE ALUNE 100G} => {PERNITE VIVA CU CREMA DE CACAO 100G}",0.000106990839270843,0.197860962566845,0.00054073748496345,225.082465522094,37
"{PERNITE VIVA CU CREMA DE CACAO 100G} => {PERNITE VIVA CU CREMA DE ALUNE 100G}",0.000106990839270843,0.121710526315789,0.000879059868603683,225.082465522094,37
"{TON MARUNTIT IN ULEI VEGETAL VERTIS 160G} => {APA MINERALA NATURALA CARBOGAZOASA PERLA HARGHITEI PET 1L}",0.00012144906079393,0.229508196721311,0.00052917090774498,52.8073470545248,42
"{REAL FASOLE PASTAI CONGELAT 450G} => {_MORCOVI}",0.000112774127880078,0.175675675675676,0.000641945035625058,4.85906301406581,39
"{CERBONA CEREALE CU AFINE 200G} => {CERBONA CEREALE CU VISINE 200G}",0.000127232349403165,0.254335260115607,0.000500254464698806,385.768583307981,44
"{CERBONA CEREALE CU VISINE 200G} => {CERBONA CEREALE CU AFINE 200G}",0.000127232349403165,0.192982456140351,0.000659294901452762,385.768583307981,44
"{FANTA PORTOCALE 330ML} => {COCA COLA DOZA 330ML}",0.000161932081058573,0.161849710982659,0.00100050892939761,46.9953941652956,56
"{ELAN PATE CU FICAT DE RATA 110G} => {ELAN PATE CU FICAT DE GASCA 110G}",0.000292056074766355,0.554945054945055,0.000526279263440363,823.66231193699,101
"{ELAN PATE CU FICAT DE GASCA 110G} => {ELAN PATE CU FICAT DE RATA 110G}",0.000292056074766355,0.433476394849785,0.000673753122975849,823.66231193699,101
"{SALATA CU ICRE CRAP SALMARIS 70G} => {SALATA CU ICRE HERING SALMARIS 70G}",0.000127232349403165,0.257309941520468,0.000494471176089572,463.458089668616,44
"{SALATA CU ICRE HERING SALMARIS 70G} => {SALATA CU ICRE CRAP SALMARIS 70G}",0.000127232349403165,0.229166666666667,0.000555195706486537,463.458089668616,44
"{LAPTE 1.5% COVALACT CUTIE 1L} => {APA MINERALA NATURALA CARBOGAZIFICATA CONTINUT REDUS CO2 TUSNAD 2L}",0.000138798926621634,0.192771084337349,0.000720019431849727,3.23662996892166,48
"{SACI MENAJERI HDPE 30L 20BUC} => {APA MINERALA NATURALA CARBOGAZIFICATA CONTINUT REDUS CO2 TUSNAD 2L}",0.000130123993707782,0.227272727272727,0.000572545572314241,3.81591317358662,45
"{NAPOLITANE CU CREMA DE VANILIE ALFERS 170G} => {PAINE CU CARTOFI FELII BACHUS 1.2 KG}",0.000101207550661608,0.165094339622642,0.000613028592578884,2.00574687882172,35
"{TABLETA MENAJ LAPTE PANNI 90G} => {TABLETA MENAJ NEAGRA PANNI 90G}",0.000193740168409364,0.380681818181818,0.000508929397612658,595.696421225833,67
"{TABLETA MENAJ NEAGRA PANNI 90G} => {TABLETA MENAJ LAPTE PANNI 90G}",0.000193740168409364,0.30316742081448,0.000639053391320441,595.696421225833,67
"{SEMINTE FASOLE CHEROKEE/MAXIDOR/SCUBA KERTIMAG 50G} => {SEMINTE LEGUME GARDENSEED KERTIMAG}",0.000300731007680207,0.485981308411215,0.000618811881188119,145.636048526863,104
"{SALAM PAPRIKA IUTE CSARDAS 250G} => {PAINE CU CARTOFI FELII BACHUS 1.2 KG}",0.000115665772184695,0.222222222222222,0.000520495974831128,2.69979897339813,40
"{FANTA PORTOCALE 500ML} => {WINSTON BLUE 100}",0.000118557416489312,0.122754491017964,0.000965809197742204,58.7156972362329,41
"{FANTA PORTOCALE 500ML} => {ENERGIZANT HELL 250ML}",0.000156148792449338,0.161676646706587,0.000965809197742204,14.158436229592,54
"{CEAI NEGRU CU FRUCTE DE PADURE FUZE TEA 1.5L} => {SUNCA DE PORC SISSI GASTRO CAROLI}",0.000150365503840104,0.183098591549296,0.000821226982511335,31.7392918917011,52
"{HRANA COMPLETA PENTRU PISICI ADULTE CU VITA SI PUI RENO 100G} => {HRANA COMPLETA PENTRU PISICI ADULTE STERILIZATE PREVITAL 100G}",0.000144582215230869,0.257731958762887,0.000560978995095771,390.920600470248,50
"{HRANA COMPLETA PENTRU PISICI ADULTE STERILIZATE PREVITAL 100G} => {HRANA COMPLETA PENTRU PISICI ADULTE CU VITA SI PUI RENO 100G}",0.000144582215230869,0.219298245614035,0.000659294901452762,390.920600470248,50
"{HRANA COMPLETA PENTRU PISICI ADULTE CU VITA SI PUI RENO 100G} => {HRANA COMPLETA PENTRU PISICI ADULTE STERILIZATE CU FICAT PREVITAL 100G}",0.000124340705098547,0.221649484536082,0.000560978995095771,351.613354771588,43
"{HRANA COMPLETA PENTRU PISICI ADULTE STERILIZATE CU FICAT PREVITAL 100G} => {HRANA COMPLETA PENTRU PISICI ADULTE CU VITA SI PUI RENO 100G}",0.000124340705098547,0.197247706422018,0.000630378458406588,351.613354771588,43
"{HRANA COMPLETA PENTRU PISICI ADULTE CU VITA SI PUI RENO 100G} => {PAINE CU CARTOFI FELII BACHUS 1.2 KG}",0.000153257148144721,0.27319587628866,0.000560978995095771,3.31908275853327,53
"{BERE DARK DOZA SILVA 500ML} => {BERE CIUC PREMIUM DOZA 500ML}",0.000138798926621634,0.149068322981366,0.000931109466086796,51.4485067132815,48
"{BERE DARK DOZA SILVA 500ML} => {L&M RED LABEL BOX}",0.000222656611455538,0.239130434782609,0.000931109466086796,70.5004633233256,77
"{BERE DARK DOZA SILVA 500ML} => {APA MINERALA NATURALA CARBOGAZOASA PERLA HARGHITEI PET 1L}",0.000138798926621634,0.149068322981366,0.000931109466086796,34.299004475521,48
"{BERE DARK DOZA SILVA 500ML} => {APA MINERALA NATURALA CARBOGAZIFICATA CONTINUT REDUS CO2 TUSNAD 2L}",0.000161932081058573,0.173913043478261,0.000931109466086796,2.92000312413585,56
"{REVISTA KRONIKA} => {COCA COLA DOZA 330ML}",0.000170607013972425,0.115686274509804,0.00147473859535486,33.591175647421,59
"{REVISTA KRONIKA} => {SZEKELYHON}",0.000494471176089572,0.335294117647059,0.00147473859535486,19.6563405562259,171
"{STICLA BERE 500ML CSIKI} => {BERE TILTOTT IGAZI SOR 6% 500ML}",0.000263139631720181,0.37603305785124,0.000699777921717405,157.244566140686,91
"{BERE TILTOTT IGAZI SOR 6% 500ML} => {STICLA BERE 500ML CSIKI}",0.000263139631720181,0.110036275695284,0.00239138983991857,157.244566140686,91
"{_MARAR FRUNZA LEGATURA} => {_PATRUNJEL FRUNZE LEGATURA}",0.000133015638012399,0.202643171806167,0.000656403257148145,48.4304576687602,46
"{BERE CIUC BLONDA 500ML STICLA} => {BERE CIUC PREMIUM DOZA 500ML}",0.000225548255760155,0.264406779661017,0.000853035069862126,91.2556987719476,78
"{BERE CIUC BLONDA 500ML STICLA} => {LAPTE DE CONSUM 1.5% GRASIME FRISS CUTIE 1L}",0.000199523457018599,0.233898305084746,0.000853035069862126,7.09416308170734,69
"{DR.OETKER BUDINCA CARAMEL 40G} => {DR.OETKER BUDINCA VANILIE 40G}",0.000196631812713982,0.407185628742515,0.000482904598871102,101.451414174533,68
"{DANONE IAURT DELICIOS CAPSUNI 400G} => {_BANANE}",0.000112774127880078,0.168103448275862,0.000670861478671232,3.09636255108132,39
"{DANONE IAURT DELICIOS CAPSUNI 400G} => {PAINE CU CARTOFI FELII BACHUS 1.2 KG}",0.000112774127880078,0.168103448275862,0.000670861478671232,2.04230482685936,39
"{_ARDEI GRAS GALBEN} => {_ROSII DE GRADINA ROMANIA}",0.000153257148144721,0.232456140350877,0.000659294901452762,35.8079787441879,53
"{MARLBORO XL TOUCH} => {APA MINERALA NATURALA CARBOGAZIFICATA CONTINUT REDUS CO2 TUSNAD 2L}",0.000164823725363191,0.143939393939394,0.00114509114462848,2.41674500993819,57
"{CERBONA TERCI DE OVAZ CU PRUNE 50G} => {CERBONA TERCI DE OVAZ CU CAISE 50G}",0.000167715369667808,0.339181286549708,0.000494471176089572,617.352785472453,58
"{CERBONA TERCI DE OVAZ CU CAISE 50G} => {CERBONA TERCI DE OVAZ CU PRUNE 50G}",0.000167715369667808,0.305263157894737,0.000549412417877302,617.352785472453,58
"{CERBONA TERCI DE OVAZ CU PRUNE 50G} => {CERBONA TERCI DE OVAZ CU FRUCTE DE PADURE 55G}",0.000159040436753956,0.321637426900585,0.000494471176089572,379.624373789993,55
"{CERBONA TERCI DE OVAZ CU FRUCTE DE PADURE 55G} => {CERBONA TERCI DE OVAZ CU PRUNE 50G}",0.000159040436753956,0.187713310580205,0.000847251781252892,379.624373789993,55
"{APA MINERALA NATURALA CARBOGAZIFICATA TUSNAD 1L} => {PALL MALL ASCEND ROSE GOLD}",0.000164823725363191,0.185667752442997,0.000887734801517535,128.674077797288,57
"{PALL MALL ASCEND ROSE GOLD} => {APA MINERALA NATURALA CARBOGAZIFICATA TUSNAD 1L}",0.000164823725363191,0.114228456913828,0.00144293050800407,128.674077797288,57
"{APA MINERALA NATURALA CARBOGAZIFICATA TUSNAD 1L} => {PAINE CU CARTOFI FELII BACHUS 1.2 KG}",0.000118557416489312,0.133550488599349,0.000887734801517535,1.62251762407803,41
"{DR.OETKER ZAHAR VANILIAT BOURBON 8G} => {DR.OETKER PRAF DE COPT 10G}",0.000170607013972425,0.341040462427746,0.000500254464698806,64.3777166367973,59
"{DR.OETKER ZAHAR VANILIAT BOURBON 8G} => {DR.OETKER ZAHAR VANILINAT 8G}",0.00010988248357546,0.219653179190751,0.000500254464698806,33.5222158166207,38
"{SALAM PAPRIKA IUTE FELIAT CSARDAS 80G} => {PAINE CU CARTOFI FELII BACHUS 1.2 KG}",0.000104099194966226,0.184615384615385,0.000563870639400389,2.24290991636152,36
"{ENERGIZANT HELL MULTIVITAMIN 250ML} => {ENERGIZANT HELL 250ML}",0.000164823725363191,0.141791044776119,0.00116244101045619,12.4170033600042,57
"{LD RED SOFT 100} => {PAINE ROGANA COUNTRY 500G}",0.000156148792449338,0.175895765472313,0.000887734801517535,98.1112535462856,54
"{SAPUN PROTEX CREAM 90G} => {APA MINERALA NATURALA CARBOGAZIFICATA CONTINUT REDUS CO2 TUSNAD 2L}",0.000112774127880078,0.190243902439024,0.000592787082446562,3.19419853945104,39
"{CHIPS LAY S MAXX PAPRIKA 130G} => {WINCHESTER 100 SOFT}",0.000156148792449338,0.176470588235294,0.000884843157212918,112.805480047842,54
"{CHIPS LAY S MAXX PAPRIKA 130G} => {BERE BORSODI DOZA 500ML}",0.000101207550661608,0.11437908496732,0.000884843157212918,49.8174215110057,35
"{CHIPS LAY S MAXX PAPRIKA 130G} => {APA MINERALA NATURALA CARBO.TIVA HARGHITA 2.5L}",0.000182173591190895,0.205882352941176,0.000884843157212918,26.176124567474,63
"{HRANA COMPLETA PENTRU PISICI ADULTE STERILIZATE PREVITAL 100G} => {HRANA COMPLETA PENTRU PISICI ADULTE STERILIZATE CU FICAT PREVITAL 100G}",0.000159040436753956,0.241228070175439,0.000659294901452762,382.671817157573,55
"{HRANA COMPLETA PENTRU PISICI ADULTE STERILIZATE CU FICAT PREVITAL 100G} => {HRANA COMPLETA PENTRU PISICI ADULTE STERILIZATE PREVITAL 100G}",0.000159040436753956,0.252293577981651,0.000630378458406588,382.671817157573,55
"{HRANA COMPLETA PENTRU PISICI ADULTE STERILIZATE PREVITAL 100G} => {PAINE CU CARTOFI FELII BACHUS 1.2 KG}",0.000141690570926252,0.214912280701754,0.000659294901452762,2.61098979664161,49
"{NAPOLITANE UMPLUTE CU CREMA DE ALUNE BENEI 250G} => {_BANANE}",0.000104099194966226,0.163636363636364,0.000636161747015823,3.01408158818545,36
"{CASCAVAL FELII CHEDDAR MLEKOVITA 130G} => {CASCAVAL FELII EMENTALER MLEKOVITA 130G}",0.000101207550661608,0.177664974619289,0.000569653928009623,263.694472887301,35
"{CASCAVAL FELII EMENTALER MLEKOVITA 130G} => {CASCAVAL FELII CHEDDAR MLEKOVITA 130G}",0.000101207550661608,0.150214592274678,0.000673753122975849,263.694472887301,35
"{BRANZOAICA PANIPROD 120G} => {CORN UMPLUT CU FRUCTE DE PADURE PANIPROD 120G}",0.000159040436753956,0.160349854227405,0.000991833996483761,63.086266198337,55
"{_PRUNE USCATE CU SAMBURI} => {_BANANE}",0.000133015638012399,0.218009478672986,0.000610136948274267,4.01560106272206,46
"{VOGUE LA CIGARETTE UNIQUE BLEUE} => {PAINE DE CASA CU CARTOFI DOBOI KG}",0.000161932081058573,0.241379310344828,0.000670861478671232,35.5362957091059,56
"{VOGUE LA CIGARETTE UNIQUE BLEUE} => {APA MINERALA NATURALA PLATA PERLA HARGHITEI 2L ROZ}",0.000127232349403165,0.189655172413793,0.000670861478671232,14.4021322671997,44
"{VOGUE LA CIGARETTE UNIQUE BLEUE} => {PAINE CU CARTOFI FELII BACHUS 1.2 KG}",0.000156148792449338,0.232758620689655,0.000670861478671232,2.82780668334373,54
"{MOGYI ALUNE SARATE PRAJITE 50G} => {SZEKELYHON}",0.000147473859535486,0.245192307692308,0.000601462015360415,14.3741964087785,51
"{MOGYI ALUNE SARATE PRAJITE 50G} => {_BANANE}",0.000130123993707782,0.216346153846154,0.000601462015360415,3.98496363822596,45
"{CREMA DE UNT MAGYAROS MIZO 200G} => {PAINE CU CARTOFI FELII BACHUS 1.2 KG}",0.000104099194966226,0.178217821782178,0.00058411214953271,2.16518531529949,36
"{HRANA COMPLETA PENTRU PISICI ADULTE STERILIZATE CU FICAT PREVITAL 100G} => {PAINE CU CARTOFI FELII BACHUS 1.2 KG}",0.000135907282317017,0.215596330275229,0.000630378458406588,2.61930038015461,47
"{CERBONA BATON CEREALE CU FRUCTE 20G} => {CERBONA BATON CEREALE CU CIOCOLATA 20G}",0.000156148792449338,0.224066390041494,0.000696886277412788,221.392957913456,54
"{CERBONA BATON CEREALE CU CIOCOLATA 20G} => {CERBONA BATON CEREALE CU FRUCTE 20G}",0.000156148792449338,0.154285714285714,0.00101207550661608,221.392957913456,54
"{CERBONA BATON CEREALE CU FRUCTE 20G} => {CERBONA BATON CEREALE CU CIOC.AMARA&ZMEURA 20G}",0.000167715369667808,0.240663900414938,0.000696886277412788,206.519485600733,58
"{CERBONA BATON CEREALE CU CIOC.AMARA&ZMEURA 20G} => {CERBONA BATON CEREALE CU FRUCTE 20G}",0.000167715369667808,0.143920595533499,0.0011653326547608,206.519485600733,58
"{NAPOLITANE GLAZURAT CU CREMA DE CACAO BALATON 30G} => {NAPOLITANE GLAZURAT CU CREMA DE LAPTE BALATON 30G}",0.000266031276024799,0.398268398268398,0.000667969834366614,513.92078568198,92
"{NAPOLITANE GLAZURAT CU CREMA DE LAPTE BALATON 30G} => {NAPOLITANE GLAZURAT CU CREMA DE CACAO BALATON 30G}",0.000266031276024799,0.343283582089552,0.000774960673637457,513.92078568198,92
"{CERBONA TERCI DE OVAZ CU CAISE 50G} => {CERBONA TERCI DE OVAZ CU FRUCTE DE PADURE 55G}",0.000211090034237069,0.384210526315789,0.000549412417877302,453.4785701455,73
"{CERBONA TERCI DE OVAZ CU FRUCTE DE PADURE 55G} => {CERBONA TERCI DE OVAZ CU CAISE 50G}",0.000211090034237069,0.249146757679181,0.000847251781252892,453.4785701455,73
"{WINSTON XSPRESSION} => {PAINE CU CARTOFI FELII BACHUS 1.2 KG}",0.000130123993707782,0.124309392265193,0.00104677523827149,1.51024666329592,45
"{PRAF DE COPT THYMOS 12G} => {PACHET ZAHAR VANILIAT THYMOS 6*8G}",0.000104099194966226,0.182741116751269,0.000569653928009623,73.3135312753954,36
"{CERBONA BATON CEREALE CU AFINE 20G} => {CERBONA BATON CEREALE CU FRUCTE ROSII 20G}",0.000144582215230869,0.226244343891403,0.00063905339132044,274.528856076844,50
"{CERBONA BATON CEREALE CU FRUCTE ROSII 20G} => {CERBONA BATON CEREALE CU AFINE 20G}",0.000144582215230869,0.175438596491228,0.000824118626815953,274.528856076844,50
"{CERBONA BATON CEREALE CU AFINE 20G} => {CERBONA BATON CEREALE CU CIOCOLATA 20G}",0.000130123993707782,0.203619909502262,0.00063905339132044,201.190433096315,45
"{CERBONA BATON CEREALE CU CIOCOLATA 20G} => {CERBONA BATON CEREALE CU AFINE 20G}",0.000130123993707782,0.128571428571429,0.00101207550661608,201.190433096315,45
"{CERBONA BATON CEREALE CU AFINE 20G} => {CERBONA BATON CEREALE CU CIOC.AMARA&ZMEURA 20G}",0.000182173591190895,0.285067873303167,0.00063905339132044,244.623603516612,63
"{CERBONA BATON CEREALE CU CIOC.AMARA&ZMEURA 20G} => {CERBONA BATON CEREALE CU AFINE 20G}",0.000182173591190895,0.156327543424318,0.0011653326547608,244.623603516612,63
"{ELAN SUNCA DE CURCAN 110G} => {_BANANE}",0.000167715369667808,0.358024691358025,0.000468446377348015,6.59459551873223,58
"{BOMBOANE EUCALIPT MENTHOL WOOGIE 250G} => {PAINE CU CARTOFI FELII BACHUS 1.2 KG}",0.000104099194966226,0.140625,0.000740260941982049,1.7084665378535,36
"{BAUT.RAC.PORTOCALE MIRINDA 2L} => {PAINE DE CASA PE FOI DE VARZA RIP-ROP 1KG}",0.000173498658277043,0.258620689655172,0.000670861478671232,13.9375473553546,60
"{LUMANARI AMFORA STICLA ROTUNDA CU CAPAC LA 2} => {LUMANARI AMFORA STICLA ROTUNDA CU CAPAC LA 72}",0.00018795687980013,0.191176470588235,0.000983159063569908,165.283529411765,65
"{LUMANARI AMFORA STICLA ROTUNDA CU CAPAC LA 72} => {LUMANARI AMFORA STICLA ROTUNDA CU CAPAC LA 2}",0.00018795687980013,0.1625,0.00115665772184695,165.283529411765,65
"{LAPTE CU CACAO UHT FARA ZAHAR POTTYOS 300ML} => {PAINE CU CARTOFI FELII BACHUS 1.2 KG}",0.000104099194966226,0.137931034482759,0.000754719163505136,1.67573729383332,36
"{DANONE DANETTE CREMA DE CIOCOLATA 125G} => {DANONE DANETTE CREMA CU VANILIE 125G}",0.000161932081058573,0.244541484716157,0.00066218654575738,366.096599179569,56
"{DANONE DANETTE CREMA CU VANILIE 125G} => {DANONE DANETTE CREMA DE CIOCOLATA 125G}",0.000161932081058573,0.242424242424242,0.000667969834366614,366.096599179569,56
"{DANONE DANETTE CREMA DE CIOCOLATA 125G} => {APA MINERALA NATURALA CARBOGAZIFICATA CONTINUT REDUS CO2 TUSNAD 2L}",0.000115665772184695,0.174672489082969,0.00066218654575738,2.93275422948142,40
"{DANONE DANETTE CREMA DE CIOCOLATA 125G} => {PAINE CU CARTOFI FELII BACHUS 1.2 KG}",0.000101207550661608,0.152838427947598,0.000662186545757379,1.85684863890919,35
"{_CAPSUNI KG} => {_BANANE}",0.000130123993707782,0.190677966101695,0.000682428055889701,3.51217134216525,45
"{DANONE ACTIVIA MUSLI NUCI-OVAZ 125G} => {PAINE INTEGRALA RIP-ROP 500G}",0.000112774127880078,0.160493827160494,0.000702669566022023,89.3761953042683,39
"{DANONE ACTIVIA MUSLI NUCI-OVAZ 125G} => {_BANANE}",0.000130123993707782,0.185185185185185,0.000702669566022023,3.41099768210287,45
"{HEETS SIENNA LABEL} => {ENERGIZANT HELL 250ML}",0.000144582215230869,0.130890052356021,0.00110460812436384,11.4623756561075,50
"{CHESTERFIELD SILVER CROWN RCB 100} => {DROPS WINTERFRESH MINTS STRONG MINT 28G}",0.000112774127880078,0.11890243902439,0.0009484593319145,99.3220219158713,39
"{CHESTERFIELD SILVER CROWN RCB 100} => {KINDER BUENO 43G}",0.000138798926621634,0.146341463414634,0.0009484593319145,37.0757437684267,48
"{AMESTEC LEGUME MIXT BORS ROMANESC CONG.AGROSPRINT 400G} => {AMESTEC DE LEGUME HAJDU CONG.AGROSPRINT 400G}",0.000106990839270843,0.161572052401747,0.00066218654575738,60.8003193142347,37
"{INALBITOR ACE REGULAR 1L} => {PAINE CU CARTOFI FELII BACHUS 1.2 KG}",0.000112774127880078,0.157894736842105,0.000714236143240492,1.91827821794078,39
"{CHIPS DIN CARTOFI CU GUST DE SMANTANA SI CEAPA CSIKI CSIPSZ 70G} => {CHIPS DIN CARTOFI CU GUST DE CASCAVAL CSIKI CSIPSZ 70G}",0.000104099194966226,0.130909090909091,0.000795202183769779,121.371328296369,36
"{NAPOLITANE CU CREMA DE CACAO ALFERS 170G} => {_BANANE}",0.00010988248357546,0.137184115523466,0.000800985472379014,2.52684738038812,38
"{NAPOLITANE CU CREMA DE CACAO ALFERS 170G} => {PAINE CU CARTOFI FELII BACHUS 1.2 KG}",0.00010988248357546,0.137184115523466,0.000800985472379014,1.66666290415552,38
"{BERE URSUS DOZA 500ML} => {MARLBORO TOUCH 6}",0.000263139631720181,0.21563981042654,0.00122027389654853,63.1443029643928,91
"{DETERGENT PT.BUCATARIE FLORASZEPT 750ML} => {DETERGENT PT.BAIE FLORASZEPT 750ML}",0.000101207550661608,0.147058823529412,0.000688211344498936,178.443756449948,35
"{DETERGENT PT.BAIE FLORASZEPT 750ML} => {DETERGENT PT.BUCATARIE FLORASZEPT 750ML}",0.000101207550661608,0.12280701754386,0.000824118626815953,178.443756449948,35
"{PERNITE VIVA CU CREMA DE VANILIE 100G} => {PERNITE VIVA CU CREMA DE CAPSUNI 100G}",0.000124340705098547,0.17479674796748,0.000711344498935875,176.235890872028,43
"{PERNITE VIVA CU CREMA DE CAPSUNI 100G} => {PERNITE VIVA CU CREMA DE VANILIE 100G}",0.000124340705098547,0.12536443148688,0.00099183399648376,176.235890872028,43
"{CONSERVA PORUMB DULCE BOABE GESZT NOVA 425ML/340G} => {CONSERVA MAZARE VERDE GREEN PEAS 400G}",0.000101207550661608,0.154867256637168,0.000653511612843527,35.1422665087218,35
"{DANONE DANETTE CREMA CU VANILIE 125G} => {APA MINERALA NATURALA CARBOGAZIFICATA CONTINUT REDUS CO2 TUSNAD 2L}",0.000130123993707782,0.194805194805195,0.000667969834366614,3.2707827202171,45
"{DANONE DANETTE CREMA CU VANILIE 125G} => {_BANANE}",0.000104099194966226,0.155844155844156,0.000667969834366614,2.87055389350995,36
"{ELAN MAZARE VERDE BOABE BORCAN 690G} => {PAINE CU CARTOFI FELII BACHUS 1.2 KG}",0.00010988248357546,0.132867132867133,0.00082701027112057,1.61421547010867,38
"{SAPUN PROTEX FRESH 90G} => {APA MINERALA NATURALA CARBOGAZIFICATA CONTINUT REDUS CO2 TUSNAD 2L}",0.000150365503840104,0.240740740740741,0.000624595169797354,4.04204136165101,52
"{COSTITA CU FASOLE BOABE ROTINA 800G} => {PAINE CU CARTOFI FELII BACHUS 1.2 KG}",0.000101207550661608,0.126353790613718,0.000800985472379014,1.53508425382746,35
"{REAL INDULCITOR LICHID 250ML} => {BISCUITI PETIT BEURRE NEFIS 185G}",0.000101207550661608,0.136186770428016,0.000743152586286666,72.2341314363467,35
"{REAL INDULCITOR LICHID 250ML} => {PALL MALL EXTRA CUT BLUE}",0.000167715369667808,0.22568093385214,0.000743152586286666,27.7348554614366,58
"{REAL INDULCITOR LICHID 250ML} => {PALL MALL S-LINE FLOW VIOLET/ROSE}",0.000182173591190895,0.245136186770428,0.000743152586286666,21.4021652748539,63
"{REAL INDULCITOR LICHID 250ML} => {_LAMAIE^2 A nu se consuma coaja}",0.00010988248357546,0.147859922178988,0.000743152586286666,7.35839829149899,38
"{AMESTEC DE CONDIMENTE PENTRU CARNE DE PASARE MARCO POLO 30G} => {AMESTEC DE CONDIMENTE CU USTUROI PENTRU GRATAR MARCO POLO 30G}",0.000130123993707782,0.236842105263158,0.000549412417877302,300.020821283979,45
"{AMESTEC DE CONDIMENTE CU USTUROI PENTRU GRATAR MARCO POLO 30G} => {AMESTEC DE CONDIMENTE PENTRU CARNE DE PASARE MARCO POLO 30G}",0.000130123993707782,0.164835164835165,0.000789418895160544,300.020821283979,45
"{AMESTEC DE CONDIMENTE PENTRU CARNE DE PASARE MARCO POLO 30G} => {AMESTEC DE CONDIMENTE PENTRU FRIPTURA DE PUI MARCO POLO 30G}",0.00010988248357546,0.2,0.000549412417877302,171.624813895782,38
"{BOMBOANE NEGRO MENTOL GYORI 79G} => {BOMBOANE NEGRO MIERE GYORI 79G}",0.000101207550661608,0.123239436619718,0.000821226982511335,126.466335102604,35
"{BOMBOANE NEGRO MIERE GYORI 79G} => {BOMBOANE NEGRO MENTOL GYORI 79G}",0.000101207550661608,0.103857566765579,0.000974484130656056,126.466335102604,35
"{CONSERVA FILE DE SOMON IN STIL GRECESC EVRAFISH 170G} => {_BANANE}",0.000106990839270843,0.149193548387097,0.00071712778754511,2.74805377775869,37
"{SEMINTE FLORI GARDENSEED KERTIMAG} => {SEMINTE LEGUME GARDENSEED KERTIMAG}",0.000254464698806329,0.305555555555556,0.000832793559729805,91.5671095705758,88
"{CEAI VERDE CU LIME&MENTA FUZE TEA 1.5L} => {HEETS RUSSET}",0.000508929397612658,0.448979591836735,0.00113352456741001,328.957454168108,176
"{HEETS RUSSET} => {CEAI VERDE CU LIME&MENTA FUZE TEA 1.5L}",0.000508929397612658,0.372881355932203,0.0013648561117794,328.957454168108,176
"{CEAI VERDE CU LIME&MENTA FUZE TEA 1.5L} => {ENERGIZANT HELL 250ML}",0.000159040436753956,0.14030612244898,0.00113352456741001,12.2869649252459,55
"{DR.OETKER BUDINCA LAMAIE 40G} => {DR.OETKER BUDINCA CAPSUNI 40G}",0.000106990839270843,0.177884615384615,0.000601462015360415,151.893257359924,37
"{DR.OETKER BUDINCA LAMAIE 40G} => {DR.OETKER BUDINCA VANILIE 40G}",0.000141690570926252,0.235576923076923,0.000601462015360415,58.6946353358457,49
"{BOUNTY CIOCOLATA TRIO 85G} => {SANA 3.6% PET FRISS 330G}",0.000118557416489312,0.146428571428571,0.000809660405292866,13.8432242443177,41
"{HALVA DE FLOAREA SOARELUI CLASSIC TECSA 30G} => {HALVA CU CACAO TECSA 30G}",0.000182173591190895,0.231617647058824,0.000786527250855927,261.761245674741,63
"{HALVA CU CACAO TECSA 30G} => {HALVA DE FLOAREA SOARELUI CLASSIC TECSA 30G}",0.000182173591190895,0.205882352941176,0.000884843157212918,261.761245674741,63
"{MARGARINA RAMA CLASSIC 250G} => {PAINE CU CARTOFI FELII BACHUS 1.2 KG}",0.000130123993707782,0.166051660516605,0.000783635606551309,2.01737746167203,45
"{STAR SNACKS PIZZA 90G} => {STAR SNACKS CASCAVAL 90G}",0.000101207550661608,0.107033639143731,0.000945567687609882,60.0889630247428,35
"{KUBETI BACON 35G} => {KUBETI CU GUST DE PUI 35G}",0.00010988248357546,0.158995815899582,0.000691102988803553,252.22279375072,38
"{KUBETI CU GUST DE PUI 35G} => {KUBETI BACON 35G}",0.00010988248357546,0.174311926605505,0.000630378458406588,252.22279375072,38
"{CREMA DE BRANZA GOUDA MLEKOVITA 150G} => {PAINE CU CARTOFI FELII BACHUS 1.2 KG}",0.000127232349403165,0.176,0.000722911076154344,2.13824078693132,44
"{KUBETI CU GUST DE PUI 35G} => {SZEKELYHON}",0.000104099194966226,0.165137614678899,0.000630378458406588,9.68105618896688,36
"{KUBETI CU GUST DE PUI 35G} => {_BANANE}",0.000147473859535486,0.23394495412844,0.000630378458406588,4.30912275986758,51
"{ELAN CUB CU GUST GAINA 60G} => {PALL MALL EXTRA CUT BLUE}",0.000115665772184695,0.167364016736402,0.000691102988803553,20.5680503638413,40
"{ELAN CUB CU GUST GAINA 60G} => {PALL MALL S-LINE FLOW VIOLET/ROSE}",0.000124340705098547,0.179916317991632,0.000691102988803553,15.7079981704464,43
"{CEREALE COCOA BALLS VIVA 250G} => {LAPTE DE CONSUM 1.5% GRASIME FRISS CUTIE 1L}",0.000118557416489312,0.2,0.000592787082446562,6.06602350464831,41
"{CEREALE COCOA BALLS VIVA 250G} => {_BANANE}",0.000130123993707782,0.219512195121951,0.000592787082446562,4.04328017927316,45
"{PARIZER PUI BERKE} => {PAINE CU CARTOFI FELII BACHUS 1.2 KG}",0.000112774127880078,0.148854961832061,0.000757610807809753,1.80845312912737,39
"{NAPOLITANE CU ALUNE INVELIT CU CIOCOLATA DUPLO 18.2G} => {KINDER CIOCOLATA MAXI 21G}",0.000138798926621634,0.183206106870229,0.000757610807809753,159.992597733056,48
"{KINDER CIOCOLATA MAXI 21G} => {NAPOLITANE CU ALUNE INVELIT CU CIOCOLATA DUPLO 18.2G}",0.000138798926621634,0.121212121212121,0.00114509114462848,159.992597733056,48
"{NAPOLITANE CU ALUNE INVELIT CU CIOCOLATA DUPLO 18.2G} => {APA MINERALA NATURALA CARBOGAZIFICATA CONTINUT REDUS CO2 TUSNAD 2L}",0.000124340705098547,0.16412213740458,0.000757610807809753,2.75561363527706,43
"{NAPOLITANE CU CREMA DE CACAO SOPHIA TECSA 100G} => {NAPOLITANE CU CREMA CU AROMA DE COCOS SOPHIA TECSA 100G}",0.000199523457018599,0.23469387755102,0.000850143425557509,240.126554763917,69
"{NAPOLITANE CU CREMA CU AROMA DE COCOS SOPHIA TECSA 100G} => {NAPOLITANE CU CREMA DE CACAO SOPHIA TECSA 100G}",0.000199523457018599,0.20414201183432,0.000977375774960674,240.126554763917,69
"{JUMARI DE PORC BERKE 200G} => {PAINE CU CARTOFI FELII BACHUS 1.2 KG}",0.00010988248357546,0.158995815899582,0.000691102988803553,1.9316553324313,38
"{HARTIE IGIENICA ZEWA DELUXE MUSETEL 8ROLE} => {PAINE CU CARTOFI FELII BACHUS 1.2 KG}",0.000115665772184695,0.139372822299652,0.000829901915425187,1.6932537115389,40
"{KETCHUP DULCE TOMI 350G} => {PAINE CU CARTOFI FELII BACHUS 1.2 KG}",0.000101207550661608,0.146443514644351,0.000691102988803553,1.77915622723935,35
"{APA MINERALA MEDICINALA VALCELE 1L} => {_BANANE}",0.000167715369667808,0.134883720930233,0.00124340705098547,2.48447552101075,58
"{LAPTE UHT 1.5% GRASIME FARA LACTOZA MIZO 1L} => {_BANANE}",0.00010988248357546,0.122977346278317,0.00089351809012677,2.26516739277511,38
"{BRANZA TOPITA FELII CU SUNCA HOCHLAND 140G} => {PAINE CU CARTOFI FELII BACHUS 1.2 KG}",0.000115665772184695,0.170940170940171,0.000676644767280466,2.07676844107548,40
"{BAUTURA SPIRTOASA 21% SECUIANA AMIGO 500ML PET} => {PAINE CU CARTOFI FELII BACHUS 1.2 KG}",0.000124340705098547,0.102625298329356,0.00121159896363468,1.24680453783422,43
"{_RODII KG} => {_BANANE}",0.000127232349403165,0.173228346456693,0.000734477653372814,3.19076003648678,44
"{DANONE ACTIVIA DE BAUT CAPSUNI&KIWI 320G} => {DANONE ACTIVIA DE BAUT RODIE ZMEURA 320G}",0.000104099194966226,0.130909090909091,0.000795202183769779,156.108639498433,36
"{DANONE ACTIVIA DE BAUT RODIE ZMEURA 320G} => {DANONE ACTIVIA DE BAUT CAPSUNI&KIWI 320G}",0.000104099194966226,0.124137931034483,0.00083857684833904,156.108639498433,36
"{NAPOLITANE UMPLUTE CU CREMA DE NUCI BENEI 250G} => {_BANANE}",0.000130123993707782,0.154639175257732,0.000841468492643657,2.84835888917869,45
"{MARLBORO MICRO FINE TOUCH} => {FRANZELA ALBA BACHUS 1KG}",0.000133015638012399,0.130311614730878,0.00102075043952993,4.22668203457993,46
"{BISCUITI PETIT BEURRE ROSTAR 140G} => {PAINE CU CARTOFI FELII BACHUS 1.2 KG}",0.00010988248357546,0.137184115523466,0.000800985472379014,1.66666290415552,38
"{KENT CORE SILVER} => {PALL MALL S-LINE FLOW VIOLET/ROSE}",0.000190848524104747,0.113793103448276,0.00167715369667808,9.93496243546997,66
"{CERBONA CEREALE CU VISINE 200G} => {_BANANE}",0.000104099194966226,0.157894736842105,0.000659294901452762,2.90832433947719,36
"{CERBONA CEREALE CU VISINE 200G} => {PAINE CU CARTOFI FELII BACHUS 1.2 KG}",0.00010988248357546,0.166666666666667,0.000659294901452762,2.0248492300486,38
"{SZOBI BAUTURA CU GUST DE PIERSICI 12% 200ML} => {_BANANE}",0.000138798926621634,0.171428571428571,0.000809660405292866,3.15760928286095,48
"{_CARTOFI DULCI} => {_BANANE}",0.000106990839270843,0.150406504065041,0.000711344498935875,2.77039567839087,37
"{FASOLE BOABE CONGELATA BOVITA 450G} => {_MORCOVI}",0.00010988248357546,0.142322097378277,0.00077206902933284,3.93652699382111,38
"{PEPSI COLA 2.5L} => {WINSTON BLUE 100}",0.000104099194966226,0.108108108108108,0.000962917553437587,51.7100669133864,36
"{SALAM DE VARA CAROLI} => {PAINE CU CARTOFI FELII BACHUS 1.2 KG}",0.000106990839270843,0.129370629370629,0.00082701027112057,1.57173611563213,37
"{_ARDEI CAPIA GALBEN} => {_TELINA}",0.000101207550661608,0.14,0.000722911076154344,7.97485751935431,35
"{_ARDEI CAPIA GALBEN} => {_MORCOVI}",0.000130123993707782,0.18,0.000722911076154344,4.97867071902743,45
"{_ARDEI CAPIA GALBEN} => {_BANANE}",0.000130123993707782,0.18,0.000722911076154344,3.31548974700399,45
"{CONSERVA FILE DE HERING IN ULEI VEGETAL CLASSIC 170G} => {CONSERVA FILE DE HERING IN SOS TOMAT CLASSIC 170G}",0.000112774127880078,0.154761904761905,0.000728694364763579,173.205116350747,39
"{CONSERVA FILE DE HERING IN SOS TOMAT CLASSIC 170G} => {CONSERVA FILE DE HERING IN ULEI VEGETAL CLASSIC 170G}",0.000112774127880078,0.12621359223301,0.00089351809012677,173.205116350747,39
"{GIANA COMPOT DE ANANAS BUCATI 580ML} => {_BANANE}",0.000118557416489312,0.161417322834646,0.000734477653372814,2.97320821581723,41
"{MAGHIRAN MACINAT MARCO POLO 5G} => {BUSUIOC MACINAT MARCO POLO 5G}",0.000208198389932451,0.322869955156951,0.000644836679929675,429.44684373922,72
"{BUSUIOC MACINAT MARCO POLO 5G} => {MAGHIRAN MACINAT MARCO POLO 5G}",0.000208198389932451,0.276923076923077,0.000751827519200518,429.44684373922,72
"{MAGHIRAN MACINAT MARCO POLO 5G} => {OREGANO MACINAT MARCO POLO 7G}",0.000185065235495512,0.286995515695067,0.000644836679929675,274.930574015875,64
"{OREGANO MACINAT MARCO POLO 7G} => {MAGHIRAN MACINAT MARCO POLO 5G}",0.000185065235495512,0.177285318559557,0.00104388359396687,274.930574015875,64
"{MARGARINA UNIREA 500G} => {DROJDIE PROASPATA BUDAFOK 50G}",0.000144582215230869,0.174825174825175,0.00082701027112057,18.3597756631464,50
"{CERBONA BATON CEREALE CU FRUCTE ROSII 20G} => {CERBONA BATON CEREALE CU CIOCOLATA 20G}",0.000167715369667808,0.203508771929825,0.000824118626815953,201.080621553885,58
"{CERBONA BATON CEREALE CU CIOCOLATA 20G} => {CERBONA BATON CEREALE CU FRUCTE ROSII 20G}",0.000167715369667808,0.165714285714286,0.00101207550661608,201.080621553885,58
"{CERBONA BATON CEREALE CU FRUCTE ROSII 20G} => {CERBONA BATON CEREALE CU CIOC.AMARA&ZMEURA 20G}",0.00017639030258166,0.214035087719298,0.000824118626815953,183.668660484959,61
"{CERBONA BATON CEREALE CU CIOC.AMARA&ZMEURA 20G} => {CERBONA BATON CEREALE CU FRUCTE ROSII 20G}",0.00017639030258166,0.15136476426799,0.0011653326547608,183.668660484959,61
"{HEETS RUSSET} => {ENERGIZANT HELL 250ML}",0.000245789765892477,0.180084745762712,0.0013648561117794,15.7704804048225,85
"{_CARTOFI ROSII 5KG} => {_MORCOVI}",0.000112774127880078,0.103448275862069,0.00109014990284075,2.86130501093531,39
"{WINSTON CLASSIC} => {BERE BECK S DOZA 500ML}",0.000190848524104747,0.189111747851003,0.00100918386231146,82.160026493499,66
"{WINSTON CLASSIC} => {MARLBORO TOUCH 6}",0.000234223188674008,0.232091690544413,0.00100918386231146,67.9617923715757,81
"{WINSTON CLASSIC} => {APA MINERALA NATURALA CARBOGAZIFICATA CONTINUT REDUS CO2 TUSNAD 2L}",0.000245789765892477,0.243553008595989,0.00100918386231146,4.08925938945959,85
"{APA MINERALA PLATA AQUATIQUE 2L} => {APA MINERALA NATURALA CARBOGAZIFICATA CONTINUT REDUS CO2 TUSNAD 2L}",0.000156148792449338,0.144385026737968,0.0010814749699269,2.4242271926315,54
"{APA MINERALA PLATA AQUATIQUE 2L} => {_BANANE}",0.000115665772184695,0.106951871657754,0.0010814749699269,1.96998796613428,40
"{CARNE DE PORC SIBIU 300G} => {PAINE CU CARTOFI FELII BACHUS 1.2 KG}",0.000106990839270843,0.141221374045802,0.000757610807809753,1.71571194301828,37
"{COMPOT DE VISINE FARA SAMBURI PREMIKO 680G} => {_BANANE}",0.000118557416489312,0.137123745819398,0.000864601647080596,2.52573540741664,41
"{_KIWI CASEROLA BUC} => {_BANANE}",0.000199523457018599,0.273809523809524,0.000728694364763579,5.04340371568068,69
"{MOGYI SEMINTE FL.SOARELUI PRAJITE SARATE 200G} => {PAINE CU CARTOFI FELII BACHUS 1.2 KG}",0.000104099194966226,0.137931034482759,0.000754719163505136,1.67573729383332,36
"{PASTA ARDEI DULCE UNIVER 160G} => {CREMA GULAS DULCE UNIVER 160G}",0.00012144906079393,0.178723404255319,0.000679536411585084,154.131776940627,42
"{CREMA GULAS DULCE UNIVER 160G} => {PASTA ARDEI DULCE UNIVER 160G}",0.00012144906079393,0.104738154613466,0.00115954936615157,154.131776940627,42
"{PEPSI 1.25L} => {SIFOANE 2L}",0.000147473859535486,0.148255813953488,0.000994725640788378,29.2806502596523,51
"{PEPSI 1.25L} => {CHEFIR 3.3% FRISS 330G}",0.000196631812713982,0.197674418604651,0.000994725640788378,47.2429565580752,68
"{PEPSI 1.25L} => {APA MINERALA NATURALA CARBOGAZIFICATA CONTINUT REDUS CO2 TUSNAD 2L}",0.000170607013972425,0.171511627906977,0.000994725640788378,2.87968331355549,59
"{PEPSI 1.25L} => {_BANANE}",0.000101207550661608,0.101744186046512,0.000994725640788378,1.87406558696931,35
"{PEPSI TWIST LEMON 2.5L} => {PAINE CU CARTOFI FELII BACHUS 1.2 KG}",0.000164823725363191,0.151193633952255,0.00109014990284075,1.83686587977883,57
"{IAURT CREMA PIURE BISCUITI MULLER 125G} => {BERE CIUC GUST DE LAMAIE NATUR RADLER DOZA 500ML}",0.000182173591190895,0.260330578512397,0.000699777921717405,163.688294515402,63
"{BERE CIUC GUST DE LAMAIE NATUR RADLER DOZA 500ML} => {IAURT CREMA PIURE BISCUITI MULLER 125G}",0.000182173591190895,0.114545454545455,0.00159040436753956,163.688294515402,63
"{IAURT CREMA PIURE BISCUITI MULLER 125G} => {APA MINERALA NATURALA CARBOGAZIFICATA CONTINUT REDUS CO2 TUSNAD 2L}",0.000144582215230869,0.206611570247934,0.000699777921717405,3.46901197598784,50
"{LAPTE UHT 1.5% GRASIME MADETA 1L} => {MALAI EXTRA BOROMIR 1KG}",0.000124340705098547,0.132307692307692,0.000939784399000648,54.0841316603019,43
"{LAPTE UHT 1.5% GRASIME MADETA 1L} => {_MERE ROSII}",0.000118557416489312,0.126153846153846,0.000939784399000648,8.24084391618959,41
"{LAPTE UHT 1.5% GRASIME MADETA 1L} => {OUA PROASPETE}",0.000138798926621634,0.147692307692308,0.000939784399000648,5.16488468150315,48
"{MARGARINA NATUR BORDS EVE 500G} => {PAINE CU CARTOFI FELII BACHUS 1.2 KG}",0.000106990839270843,0.11144578313253,0.000960025909132969,1.3539654490084,37
"{BATON DE CIOCOLATA SNICKERS 2PACK 75G} => {PAINE CU CARTOFI FELII BACHUS 1.2 KG}",0.00012144906079393,0.107142857142857,0.00113352456741001,1.30168879074553,42
"{ORBIT PASTILE BLUEBERRY 14G} => {LD RED}",0.000164823725363191,0.15702479338843,0.00104966688257611,114.321983471074,57
"{LD RED} => {ORBIT PASTILE BLUEBERRY 14G}",0.000164823725363191,0.12,0.00137353104469325,114.321983471074,57
"{APA IZVORUL SPRING HARGHITA 2.5L} => {PAINE CU CARTOFI FELII BACHUS 1.2 KG}",0.000161932081058573,0.154696132596685,0.00104677523827149,1.87941806987936,56
"{KETCHUP DULCE REGAL 450G} => {PAINE CU CARTOFI FELII BACHUS 1.2 KG}",0.000127232349403165,0.183333333333333,0.000693994633108171,2.22733415305346,44
"{MINI BREZEL CU SARE DUNICEC 250G} => {FRANZELA ALBA BACHUS 1KG}",0.000130123993707782,0.159574468085106,0.0008154436939021,5.17582825464864,45
"{BISCUITI PETIT BEURRE ROSU CROCO 100G} => {_BANANE}",0.000173498658277043,0.202702702702703,0.000855926714166744,3.7336596250045,60
"{BISCUITI PETIT BEURRE ROSU CROCO 100G} => {PAINE CU CARTOFI FELII BACHUS 1.2 KG}",0.000159040436753956,0.185810810810811,0.000855926714166744,2.25743326322986,55
"{DANONE ACTIVIA DE BAUT RODIE ZMEURA 320G} => {DANONE ACTIVIA DE BAUT CEREALE INT.FR.PADURE 320G}",0.000112774127880078,0.13448275862069,0.00083857684833904,162.613166144201,39
"{DANONE ACTIVIA DE BAUT CEREALE INT.FR.PADURE 320G} => {DANONE ACTIVIA DE BAUT RODIE ZMEURA 320G}",0.000112774127880078,0.136363636363636,0.00082701027112057,162.613166144201,39
"{DANONE ACTIVIA DE BAUT RODIE ZMEURA 320G} => {_BANANE}",0.000138798926621634,0.16551724137931,0.000838576848339039,3.0487262041416,48
"{PEPSI 500ML} => {WINSTON BLUE 100}",0.000266031276024799,0.203090507726269,0.00130991486999167,97.1418696319908,92
"{WINSTON BLUE 100} => {PEPSI 500ML}",0.000266031276024799,0.127247579529737,0.00209065883223836,97.1418696319908,92
"{PEPSI 500ML} => {ENERGIZANT HELL 250ML}",0.000300731007680207,0.229580573951435,0.00130991486999167,20.1049562942975,104
"{AMESTEC DE CONDIMENTE PENTRU FRIPTURA DE PORC MARCO POLO 30G} => {AMESTEC DE CONDIMENTE CU USTUROI PENTRU GRATAR MARCO POLO 30G}",0.000144582215230869,0.219298245614035,0.000659294901452762,277.797056744425,50
"{AMESTEC DE CONDIMENTE CU USTUROI PENTRU GRATAR MARCO POLO 30G} => {AMESTEC DE CONDIMENTE PENTRU FRIPTURA DE PORC MARCO POLO 30G}",0.000144582215230869,0.183150183150183,0.000789418895160544,277.797056744425,50
"{AMESTEC DE CONDIMENTE PENTRU FRIPTURA DE PORC MARCO POLO 30G} => {AMESTEC DE CONDIMENTE PENTRU FRIPTURA DE PUI MARCO POLO 30G}",0.000115665772184695,0.175438596491228,0.000659294901452762,150.548082364721,40
"{ULEI RAZA SOARELUI 1L} => {PAINE CU CARTOFI FELII BACHUS 1.2 KG}",0.000124340705098547,0.154676258992806,0.000803877116683631,1.87917662357028,43
"{BURETE VASE CANELAT ANA 2BUC-9756} => {_BANANE}",0.00012144906079393,0.168,0.000722911076154344,3.09445709720373,42
"{BURETE VASE CANELAT ANA 2BUC-9756} => {PAINE CU CARTOFI FELII BACHUS 1.2 KG}",0.000118557416489312,0.164,0.000722911076154344,1.99245164236782,41
"{BOMBOANE NEGRO MIERE GYORI 79G} => {BOMBOANE NEGRO CLASSIC GYORI 79G}",0.00012144906079393,0.124629080118694,0.000974484130656056,101.173068082083,42
"{CONSERVA MAZARE VERDE BOABE EKO 200G} => {_TELINA}",0.00010988248357546,0.132404181184669,0.000829901915425187,7.5421748565322,38
"{CONSERVA MAZARE VERDE BOABE EKO 200G} => {_PATRUNJEL RADACINA KG}",0.000118557416489312,0.142857142857143,0.000829901915425187,7.21323238011806,41
"{CONSERVA MAZARE VERDE BOABE EKO 200G} => {_MORCOVI}",0.000193740168409364,0.233449477351916,0.000829901915425187,6.45704487369024,67
"{REAL MAZARE VERDE CONGELAT 450G} => {_MORCOVI}",0.000135907282317017,0.156666666666667,0.000867493291385213,4.33328747767203,47
"{BISCUITI COCONITOS ROSTAR 100G} => {_BANANE}",0.000127232349403165,0.148148148148148,0.000858818358471361,2.7287981456823,44
"{BISCUITI CU SARE CROCO 400G} => {SZEKELYHON}",0.000135907282317017,0.129120879120879,0.00105255852688073,7.56960483151363,47
"{BRANZA FAGARAS GORDON 180G} => {_BANANE}",0.000106990839270843,0.126279863481229,0.000847251781252892,2.32599773680599,37
"{REAL SUC DE ROSII CONDIMENTAT 100% 1L} => {_MORCOVI}",0.000118557416489312,0.110512129380054,0.00107280003701305,3.05668612578803,41
"{PASTE FUNDITE CU 8 OUA GYERMELYI 250G} => {_MORCOVI}",0.00010988248357546,0.147286821705426,0.000746044230591283,4.07384770290789,38
"{PASTE SPIRALA ITALIAN FARA OUA CSALADI BALOGH 1KG} => {PAINE CU CARTOFI FELII BACHUS 1.2 KG}",0.000104099194966226,0.111111111111111,0.00093689275469603,1.34989948669907,36
"{DRAJEURI CU ARAHIDE PRAJITE DUNAKAVICS BONBONETTI 70G} => {APA MINERALA NATURALA CARBOGAZIFICATA CONTINUT REDUS CO2 TUSNAD 2L}",0.000138798926621634,0.147692307692308,0.000939784399000648,2.47975649926614,48
"{ELAN PASTE MELCI FARA OUA 400G} => {_BANANE}",0.000104099194966226,0.113564668769716,0.000916651244563709,2.09179163848833,36
"{DANONE DANONINO BANANE&ZMEURA 4*50G} => {DANONE DANONINO CAISE&CAPSUNI 4*50G}",0.000135907282317017,0.176691729323308,0.000769177385028222,221.392176092405,47
"{DANONE DANONINO CAISE&CAPSUNI 4*50G} => {DANONE DANONINO BANANE&ZMEURA 4*50G}",0.000135907282317017,0.170289855072464,0.000798093828074396,221.392176092405,47
"{DANONE DANONINO BANANE&ZMEURA 4*50G} => {_BANANE}",0.000104099194966226,0.135338345864662,0.000769177385028223,2.49284943383759,36
"{ELAN SEMINTE DE DOVLEAC 80G} => {PALL MALL S-LINE FLOW VIOLET/ROSE}",0.000101207550661608,0.114754098360656,0.0008819515129083,10.0188642543488,35
"{ELAN SEMINTE DE DOVLEAC 80G} => {APA MINERALA NATURALA CARBOGAZIFICATA CONTINUT REDUS CO2 TUSNAD 2L}",0.000101207550661608,0.114754098360656,0.0008819515129083,1.92672337289292,35
"{ELAN SEMINTE DE DOVLEAC 80G} => {_BANANE}",0.00010988248357546,0.124590163934426,0.0008819515129083,2.29487450612298,38
"{ELAN SEMINTE DE DOVLEAC 80G} => {PAINE CU CARTOFI FELII BACHUS 1.2 KG}",0.000179281946886277,0.20327868852459,0.0008819515129083,2.46965217566583,62
"{MAGGI BAZA PENTRU SPAGHETE BOLOGNESE 50G} => {PASTE SPAGHETE CU 4 OUA GYERMELYI 500G}",0.000144582215230869,0.157728706624606,0.000916651244563709,109.092744479495,50
"{PASTE SPAGHETE CU 4 OUA GYERMELYI 500G} => {MAGGI BAZA PENTRU SPAGHETE BOLOGNESE 50G}",0.000144582215230869,0.1,0.00144582215230869,109.092744479495,50
"{SIO SUC DE PORTOCALE 25% 200ML} => {SIO SUC DE PIERSICA 25% 200ML}",0.000130123993707782,0.128571428571429,0.00101207550661608,84.6915918367347,45
"{SIO SUC DE PORTOCALE 25% 200ML} => {_BANANE}",0.00012144906079393,0.12,0.00101207550661608,2.21032649800266,42
"{BONDUELLE MAZARE VERDE BOABE 800G} => {PAINE CU CARTOFI FELII BACHUS 1.2 KG}",0.000133015638012399,0.125340599455041,0.00106123345979458,1.52277489780222,46
"{L&M RED 100} => {APA MINERALA NATURALA CARBOGAZIFICATA CONTINUT REDUS CO2 TUSNAD 2L}",0.000161932081058573,0.102376599634369,0.00158172943462571,1.71890494693189,56
"{CERBONA BATON CEREALE CU CIOCOLATA 20G} => {CERBONA BATON CEREALE CU CIOC.AMARA&ZMEURA 20G}",0.000268922920329416,0.265714285714286,0.00101207550661608,228.015824175824,93
"{CERBONA BATON CEREALE CU CIOC.AMARA&ZMEURA 20G} => {CERBONA BATON CEREALE CU CIOCOLATA 20G}",0.000268922920329416,0.230769230769231,0.0011653326547608,228.015824175824,93
"{DANONE ACTIVIA DE BAUT CEREALE INT.FR.PADURE 320G} => {_BANANE}",0.000135907282317017,0.164335664335664,0.00082701027112057,3.02696227873325,47
"{PUFULETI CU CIOCOLATA GUSTO 50G} => {PAINE CU CARTOFI FELII BACHUS 1.2 KG}",0.000115665772184695,0.121212121212121,0.000954242620523735,1.47261762185353,40
"{CIOCOLATA AERATA AMARUIE ROSHEN 80G} => {_BANANE}",0.000225548255760155,0.262626262626263,0.000858818358471361,4.83741489461862,78
"{CIOCOLATA AERATA AMARUIE ROSHEN 80G} => {PAINE CU CARTOFI FELII BACHUS 1.2 KG}",0.000150365503840104,0.175084175084175,0.000858818358471361,2.12711434267731,52
"{ELAN PASTE SPIRALE FARA OUA 400G} => {ELAN PASTE PATRATE INCRETITE FARA OUA 400G}",0.000101207550661608,0.115894039735099,0.000873276579994448,58.254273833359,35
"{DANONE ACTIVIA CLASIC CU FULGI DE CEREALE 168G} => {DANONE ACTIVIA CAPSUNI CU FULGI DE CEREALE 168G}",0.000237114832978625,0.250764525993884,0.000945567687609883,247.066642271535,82
"{DANONE ACTIVIA CAPSUNI CU FULGI DE CEREALE 168G} => {DANONE ACTIVIA CLASIC CU FULGI DE CEREALE 168G}",0.000237114832978625,0.233618233618234,0.0010149671509207,247.066642271535,82
"{DANONE ACTIVIA CLASIC CU FULGI DE CEREALE 168G} => {APA MINERALA NATURALA CARBOGAZIFICATA CONTINUT REDUS CO2 TUSNAD 2L}",0.000101207550661608,0.107033639143731,0.000945567687609882,1.79709672395211,35
"{DANONE ACTIVIA CLASIC CU FULGI DE CEREALE 168G} => {_BANANE}",0.000161932081058573,0.171253822629969,0.000945567687609883,3.15439051702725,56
"{NAPOLITANE CU CREMA DE FRUCTE DE PADURE&FRISCA ALFERS 170G} => {_BANANE}",0.000104099194966226,0.106194690265487,0.000980267419265291,1.95604114867492,36
"{ELAN BOABE DE MUSTAR 100G} => {ELAN PIPER NEGRU BOABE 50G}",0.000130123993707782,0.135135135135135,0.000962917553437587,106.211302211302,45
"{ELAN PIPER NEGRU BOABE 50G} => {ELAN BOABE DE MUSTAR 100G}",0.000130123993707782,0.102272727272727,0.00127232349403165,106.211302211302,45
"{ELAN BOABE DE MUSTAR 100G} => {ELAN FOI DE DAFIN 15G}",0.000135907282317017,0.141141141141141,0.000962917553437587,81.34998998999,47
"{ELAN BOABE DE MUSTAR 100G} => {OTET BISTRITA 1L}",0.000237114832978625,0.246246246246246,0.000962917553437587,23.2608199568047,82
"{DETERGENT VASE FAIRY LEMON 800ML} => {PAINE CU CARTOFI FELII BACHUS 1.2 KG}",0.00012144906079393,0.135048231511254,0.000899301378736004,1.64071384556992,42
"{7DAYS CROISSANT CU CR.DE VANILIE&LAPTE CU BUC.DE BISCUITI CU CACAO 80G} => {_BANANE}",0.000138798926621634,0.135977337110482,0.00102075043952993,2.50461926119282,48
"{ELAN OREZ 1KG} => {PAINE CU CARTOFI FELII BACHUS 1.2 KG}",0.000101207550661608,0.108024691358025,0.00093689275469603,1.3124022787352,35
"{MARGARINA DELMA SANDVIS 250G} => {PAINE CU CARTOFI FELII BACHUS 1.2 KG}",0.000101207550661608,0.115894039735099,0.000873276579994448,1.40800774274902,35
"{BRANZA TRAPIST CALUP KERESZTURI} => {PAINE CU CARTOFI FELII BACHUS 1.2 KG}",0.000101207550661608,0.118243243243243,0.000855926714166744,1.43654844023718,35
"{BISCUITI EUGENIA CU CREMA DE CACAO ROSTAR FOX 30G} => {BISCUITI EUGENIA CU CREMA CACAO CROCO 25G}",0.000104099194966226,0.115384615384615,0.000902193023040622,63.9467455621302,36
"{BISCUITI EUGENIA CU CREMA DE CACAO ROSTAR FOX 30G} => {_BANANE}",0.000133015638012399,0.147435897435897,0.000902193023040622,2.71567892382806,46
"{CHIPS DIN CARTOFI CU GUST DE CASCAVAL CSIKI CSIPSZ 70G} => {CHIPS DIN CARTOFI CU SARE CSIKI CSIPSZ 70G}",0.000124340705098547,0.115281501340483,0.00107858332562228,100.674519998917,43
"{CHIPS DIN CARTOFI CU SARE CSIKI CSIPSZ 70G} => {CHIPS DIN CARTOFI CU GUST DE CASCAVAL CSIKI CSIPSZ 70G}",0.000124340705098547,0.108585858585859,0.00114509114462848,100.674519998917,43
"{CIOCOLATA CALDA HOT CLASSICO LA FESTA 25G} => {PAINE CU CARTOFI FELII BACHUS 1.2 KG}",0.000127232349403165,0.159420289855072,0.000798093828074396,1.93681230700301,44
"{DETERGENT VASE PUR BALSAM 3X ACTION MERE 450ML} => {_BANANE}",0.00010988248357546,0.108882521489971,0.00100918386231146,2.00554935348857,38
"{MAGGI CONCENTRAT GAINA CUB 10G} => {PAINE CU CARTOFI FELII BACHUS 1.2 KG}",0.000104099194966226,0.107462686567164,0.000968700842046822,1.30557442892686,36
"{ELAN PUNGI CONG.HDPE ROLATE 300*200 150BUC/ROLA} => {ELAN PUNGI CONG.HDPE ROLATE 350*250 150BUC/ROLA}",0.000112774127880078,0.124203821656051,0.000907976311649857,124.862390756925,39
"{ELAN PUNGI CONG.HDPE ROLATE 350*250 150BUC/ROLA} => {ELAN PUNGI CONG.HDPE ROLATE 300*200 150BUC/ROLA}",0.000112774127880078,0.113372093023256,0.000994725640788378,124.862390756925,39
"{CHIPS DIN CARTOFI CU GUST DE CASCAVAL CSIKI CSIPSZ 100G} => {APA MINERALA NATURALA CARBOGAZIFICATA CONTINUT REDUS CO2 TUSNAD 2L}",0.000101207550661608,0.102639296187683,0.000986050707874526,1.72331562678105,35
"{_SFECLA ROSIE} => {_MORCOVI}",0.000170607013972425,0.18266253869969,0.000934001110391413,5.05231462715202,59
"{BAZA PENTRU MANCARE PODRAVKA 125G} => {_MORCOVI}",0.000106990839270843,0.143968871595331,0.000743152586286666,3.98207558590607,37
"{DANONE ACTIVIA MUSLI 125G} => {DANONE ACTIVIA FIBRE MUSLI CAPSUNI 125G}",0.00010988248357546,0.119122257053292,0.000922434533172943,54.2043887147335,38
"{DANONE ACTIVIA MUSLI 125G} => {DANONE ACTIVIA NATUR 125G}",0.000138798926621634,0.150470219435737,0.000922434533172943,15.2197172173572,48
"{DANONE ACTIVIA MUSLI 125G} => {_BANANE}",0.000104099194966226,0.112852664576803,0.000922434533172943,2.07867695736928,36
"{NAPOLITANE CU CREMA DE ALUNE ROSHEN 72G} => {NAPOLITANE CU CREMA DE CIOCOLATA ROSHEN 72G}",0.000150365503840104,0.159021406727829,0.000945567687609882,139.577205482854,52
"{NAPOLITANE CU CREMA DE CIOCOLATA ROSHEN 72G} => {NAPOLITANE CU CREMA DE ALUNE ROSHEN 72G}",0.000150365503840104,0.131979695431472,0.00113930785601925,139.577205482854,52
"{NAPOLITANE CU CREMA DE ALUNE ROSHEN 72G} => {NAPOLITANE CU CREMA DE LAPTE ROSHEN 72G}",0.000196631812713982,0.207951070336391,0.000945567687609882,160.523372651813,68
"{NAPOLITANE CU CREMA DE LAPTE ROSHEN 72G} => {NAPOLITANE CU CREMA DE ALUNE ROSHEN 72G}",0.000196631812713982,0.151785714285714,0.00129545664846859,160.523372651813,68
"{NAPOLITANE CU CREMA DE ALUNE ROSHEN 72G} => {_BANANE}",0.000104099194966226,0.110091743119266,0.000945567687609882,2.0278224752318,36
"{BISCUITI CU SUSAN SI MAC CROCO 100G} => {_BANANE}",0.000118557416489312,0.131832797427653,0.000899301378736005,2.42827937883465,41
"{BISCUITI CU MIERE BELVITA JO REGGELT 50G} => {BISCUITI CACAO CU BUC.DE CIOC.BELVITA JO REGGELT 50G}",0.000112774127880078,0.109243697478992,0.0010323170167484,92.5958147965068,39
"{BISCUITI CU MIERE BELVITA JO REGGELT 50G} => {BISCUITI CU FR.DE PADURE BELVITA JO REGGELT 50G}",0.000225548255760155,0.218487394957983,0.0010323170167484,157.085623438565,78
"{BISCUITI CU FR.DE PADURE BELVITA JO REGGELT 50G} => {BISCUITI CU MIERE BELVITA JO REGGELT 50G}",0.000225548255760155,0.162162162162162,0.00139088091052096,157.085623438565,78
"{BISCUITI CU MIERE BELVITA JO REGGELT 50G} => {_BANANE}",0.000118557416489312,0.11484593837535,0.0010323170167484,2.11539183982514,41
"{KNORR DELIKAT CU GUST DE GAINA 75G} => {_BANANE}",0.000150365503840104,0.215767634854772,0.000696886277412788,3.97430767275721,52
"{CARNATI PROASPETI} => {SANGERETE VRAC}",0.000399046914037198,0.464646464646465,0.000858818358471361,224.421646633937,138
"{SANGERETE VRAC} => {CARNATI PROASPETI}",0.000399046914037198,0.192737430167598,0.00207041732210604,224.421646633937,138
"{CARNATI PROASPETI} => {CALTABOS VRAC}",0.00047422966595725,0.552188552188552,0.000858818358471361,197.476787871824,164
"{CALTABOS VRAC} => {CARNATI PROASPETI}",0.00047422966595725,0.169596690796277,0.002796220042565,197.476787871824,164
"{ELAN BRANZA TOPITA CREMOASA 100G} => {ELAN BRANZA TOPITA CU SUNCA AFUMATA 100G}",0.000216873322846303,0.259515570934256,0.000835685204034422,214.192631987514,75
"{ELAN BRANZA TOPITA CU SUNCA AFUMATA 100G} => {ELAN BRANZA TOPITA CREMOASA 100G}",0.000216873322846303,0.178997613365155,0.00121159896363468,214.192631987514,75
"{ELAN BRANZA TOPITA CREMOASA 100G} => {ELAN BRANZA TOPITA EMMENTALER 100G}",0.000234223188674008,0.280276816608997,0.000835685204034422,222.30837116282,81
"{ELAN BRANZA TOPITA EMMENTALER 100G} => {ELAN BRANZA TOPITA CREMOASA 100G}",0.000234223188674008,0.185779816513761,0.00126075691681318,222.30837116282,81
"{PRAJITURA GYORI DORMI DUO CU CR.CIOCOLATA&ALUNE 30G} => {PRAJITURA GYORI DORMI CU CR.CAPSUNI 30G}",0.000118557416489312,0.146953405017921,0.000806768760988248,121.288817033216,41
"{PRAJITURA GYORI DORMI DUO CU CR.CIOCOLATA&ALUNE 30G} => {PRAJITURA GYORI DORMI CU CR.CIOCOLATA 30G}",0.000164823725363191,0.204301075268817,0.000806768760988248,115.068754159224,57
"{PRAJITURA GYORI DORMI DUO CU CR.CIOCOLATA&ALUNE 30G} => {PRAJITURA GYORI DORMI CU CR.LAPTE 30G}",0.000127232349403165,0.157706093189964,0.000806768760988248,84.9510155316607,44
"{PRAJITURA GYORI DORMI DUO CU CR.CIOCOLATA&ALUNE 30G} => {_BANANE}",0.000130123993707782,0.161290322580645,0.000806768760988248,2.97086894892831,45
"{BERE FARA ALC.SI LIMONADA URSUS COOLER DOZA 500ML} => {PAINE CU CARTOFI FELII BACHUS 1.2 KG}",0.000115665772184695,0.10752688172043,0.00107569168131766,1.30635434196684,40
"{DANONE DANONINO CAISE&CAPSUNI 4*50G} => {_BANANE}",0.000104099194966226,0.130434782608696,0.000798093828074396,2.40252880217681,36
"{ELAN SLANINA AFUMATA CU BOIA} => {PAINE CU CARTOFI FELII BACHUS 1.2 KG}",0.000112774127880078,0.137323943661972,0.000821226982511335,1.66836168954708,39
"{BISCUITI PICNIC CACAO ROSTAR 75G} => {BISCUITI PICNIC VANILIE ROSTAR 70G}",0.000318080873507912,0.348101265822785,0.000913759600259091,276.104981999768,110
"{BISCUITI PICNIC VANILIE ROSTAR 70G} => {BISCUITI PICNIC CACAO ROSTAR 75G}",0.000318080873507912,0.252293577981651,0.00126075691681318,276.104981999768,110
"{COCA COLA ZERO PET 2L} => {COCA COLA 2L PET}",0.000147473859535486,0.126550868486352,0.0011653326547608,32.2745778343837,51
"{DANONE CREMOSSO IAURT CU CAPSUNI 125G} => {DANONE CREMOSSO IAURT CU PIERSICI 125G}",0.000263139631720181,0.327338129496403,0.000803877116683631,310.140770671134,91
"{DANONE CREMOSSO IAURT CU PIERSICI 125G} => {DANONE CREMOSSO IAURT CU CAPSUNI 125G}",0.000263139631720181,0.249315068493151,0.00105545017118534,310.140770671134,91
"{DANONE CREMOSSO IAURT CU CAPSUNI 125G} => {_BANANE}",0.000130123993707782,0.161870503597122,0.000803877116683631,2.98155552788129,45
"{PROSOP DE HARTIE OOOPS SENSITIVE 2ROLE} => {_BANANE}",0.000130123993707782,0.135542168674699,0.000960025909132969,2.49660372515361,45
"{PROSOP DE HARTIE OOOPS SENSITIVE 2ROLE} => {PAINE CU CARTOFI FELII BACHUS 1.2 KG}",0.000104099194966226,0.108433734939759,0.000960025909132969,1.31737178822439,36
"{ELAN CONSERVA PORUMB DULCE BOABE 340G} => {CONSERVA MAZARE VERDE GREEN PEAS 400G}",0.00012144906079393,0.128048780487805,0.0009484593319145,29.0566545035529,42
"{ZAHAR CUBIC KORONAS 500G} => {_BANANE}",0.00012144906079393,0.12316715542522,0.000986050707874526,2.2686635609998,42
"{ZAHAR CUBIC KORONAS 500G} => {PAINE CU CARTOFI FELII BACHUS 1.2 KG}",0.000144582215230869,0.146627565982405,0.000986050707874526,1.78139228450023,50
"{GOBE SANA DIN CRISTUR 900G} => {PAINE CU CARTOFI FELII BACHUS 1.2 KG}",0.000213981678541686,0.178743961352657,0.00119714074211159,2.17157743512458,74
"{SALAM BANATEAN CRIS-TIM 100G} => {_BANANE}",0.000106990839270843,0.143968871595331,0.000743152586286666,2.65181843145585,37
"{DETERGENT ARIEL ACTIVE GEL CAPSULA} => {APA MINERALA NATURALA CARBOGAZIFICATA CONTINUT REDUS CO2 TUSNAD 2L}",0.000127232349403165,0.107579462102689,0.00118268252058851,1.80626110123807,44
"{DETERGENT ARIEL ACTIVE GEL CAPSULA} => {PAINE CU CARTOFI FELII BACHUS 1.2 KG}",0.000130123993707782,0.110024449877751,0.00118268252058851,1.3366975357289,45
"{CREME PATISSERIE CU ZAHAR 25% MEGGLE 500ML} => {OUA PROASPETE}",0.000104099194966226,0.103448275862069,0.00100629221800685,3.6176455204494,36
"{CREME PATISSERIE CU ZAHAR 25% MEGGLE 500ML} => {_BANANE}",0.000101207550661608,0.100574712643678,0.00100629221800685,1.85252460321104,35
"{LD RED} => {PAINE CU CARTOFI FELII BACHUS 1.2 KG}",0.000349888960858703,0.254736842105263,0.00137353104469325,3.09482219161112,121
"{KETCHUP DULCE TOMI 1KG} => {PAINE CU CARTOFI FELII BACHUS 1.2 KG}",0.000104099194966226,0.128571428571429,0.000809660405292866,1.56202654889463,36
"{PASTE TAITEI LATI GYERMELYI 250G} => {_BANANE}",0.000106990839270843,0.101369863013699,0.00105545017118534,1.86717078598398,37
"{COMPOT DE VISINE FARA SAMBURI REGE 700G} => {_BANANE}",0.000127232349403165,0.117647058823529,0.0010814749699269,2.16698676274771,44
"{DR.OETKER BUDINCA CIOCOLATA 50G} => {DR.OETKER BUDINCA VANILIE 40G}",0.000292056074766355,0.342372881355932,0.000853035069862126,85.3031407219264,101
"{DR.OETKER BUDINCA CIOCOLATA 50G} => {LAPTE DE CONSUM 1.5% GRASIME FRISS CUTIE 1L}",0.000106990839270843,0.125423728813559,0.000853035069862126,3.80411643511843,37
"{DR.OETKER BUDINCA CIOCOLATA 50G} => {_BANANE}",0.00010988248357546,0.128813559322034,0.000853035069862126,2.37266686226275,38
"{SARE DE LAMAIE ECOM 100G} => {BICARBONAT DE SODIU ECOM 150G}",0.000112774127880078,0.103174603174603,0.00109304154714537,24.3385088460123,39
"{SALAM BANATEAN GASTRO FOX} => {PAINE CU CARTOFI FELII BACHUS 1.2 KG}",0.00010988248357546,0.127090301003344,0.000864601647080596,1.5440321887996,38
"{UNT 80% GRASIME FRISS 200G} => {LAPTE DE CONSUM 3.5% GRASIME FRISS CUTIE 1L}",0.000118557416489312,0.113573407202216,0.00104388359396687,4.65857074751502,41
"{DR.OETKER BUDINCA FRISCA 40G} => {DR.OETKER BUDINCA CAPSUNI 40G}",0.000144582215230869,0.168350168350168,0.000858818358471361,143.751922517355,50
"{DR.OETKER BUDINCA CAPSUNI 40G} => {DR.OETKER BUDINCA FRISCA 40G}",0.000144582215230869,0.123456790123457,0.00117111594337004,143.751922517355,50
"{DR.OETKER BUDINCA FRISCA 40G} => {DR.OETKER BUDINCA VANILIE 40G}",0.000216873322846303,0.252525252525253,0.000858818358471361,62.9173580182226,75
"{CHIPS DIN CARTOFI CU GUST DE CASCAVAL CSIKI CSIPSZ 140G} => {PAINE CU CARTOFI FELII BACHUS 1.2 KG}",0.00012144906079393,0.103448275862069,0.00117400758767466,1.25680297037499,42
"{PAINE FARA GLUTEN RIP-ROP 300G} => {SMANTANA ZOTT 20% 330G}",0.00012144906079393,0.111405835543767,0.00109014990284075,42.2443110428591,42
"{PAINE FARA GLUTEN RIP-ROP 300G} => {APA MINERALA NATURALA CARBOGAZOASA PERLA HARGHITEI  2L}",0.000211090034237069,0.193633952254642,0.00109014990284075,9.44341671196013,73
"{PAINE FARA GLUTEN RIP-ROP 300G} => {PAINE DE CASA PE FOI DE VARZA RIP-ROP 1KG}",0.000335430739335616,0.307692307692308,0.00109014990284075,16.5821076227808,116
"{PAINE FARA GLUTEN RIP-ROP 300G} => {LAPTE DE CONSUM 3.5% GRASIME FRISS CUTIE 1L}",0.000133015638012399,0.122015915119363,0.00109014990284075,5.00486678095584,46
"{PAINE FARA GLUTEN RIP-ROP 300G} => {PAINE CU CARTOFI FELII BACHUS 1.2 KG}",0.000245789765892477,0.225464190981432,0.00109014990284075,2.7391859610737,85
"{KENT NANO SILVER} => {APA MINERALA NATURALA CARBOGAZIFICATA CONTINUT REDUS CO2 TUSNAD 2L}",0.00035278060516332,0.263498920086393,0.00133883131303785,4.42415160168747,122
"{KENT NANO SILVER} => {PAINE CU CARTOFI FELII BACHUS 1.2 KG}",0.000341214027944851,0.254859611231102,0.00133883131303785,3.09631372543068,118
"{BISCUITI CU CEREALE INTEGRALE KORPOVIT 174G} => {BISCUITI CU SEMINTE KORPOVIT 174G}",0.000135907282317017,0.11576354679803,0.00117400758767466,100.587469366537,47
"{BISCUITI CU SEMINTE KORPOVIT 174G} => {BISCUITI CU CEREALE INTEGRALE KORPOVIT 174G}",0.000135907282317017,0.118090452261307,0.00115087443323772,100.587469366537,47
"{BISCUITI CU CEREALE INTEGRALE KORPOVIT 174G} => {_BANANE}",0.000141690570926252,0.120689655172414,0.00117400758767466,2.22302952385325,49
"{AMESTEC DE CONDIMENTE CU USTUROI PENTRU GRATAR MARCO POLO 30G} => {AMESTEC DE CONDIMENTE PENTRU FRIPTURA DE PUI MARCO POLO 30G}",0.00012144906079393,0.153846153846154,0.000789418895160544,132.01908761214,42
"{AMESTEC DE CONDIMENTE PENTRU FRIPTURA DE PUI MARCO POLO 30G} => {AMESTEC DE CONDIMENTE CU USTUROI PENTRU GRATAR MARCO POLO 30G}",0.00012144906079393,0.104218362282878,0.0011653326547608,132.01908761214,42
"{AMESTEC DE CONDIMENTE CU USTUROI PENTRU GRATAR MARCO POLO 30G} => {PAINE CU CARTOFI FELII BACHUS 1.2 KG}",0.000104099194966226,0.131868131868132,0.000789418895160544,1.6020785116868,36
"{BISCUITI CU CACAO CU CR.DE VANILIE OREO 66G} => {PAINE CU CARTOFI FELII BACHUS 1.2 KG}",0.000118557416489312,0.129746835443038,0.000913759600259091,1.57630667908847,41
"{BUSUIOC MACINAT MARCO POLO 5G} => {OREGANO MACINAT MARCO POLO 7G}",0.000228439900064773,0.303846153846154,0.000751827519200518,291.072831877264,79
"{OREGANO MACINAT MARCO POLO 7G} => {BUSUIOC MACINAT MARCO POLO 5G}",0.000228439900064773,0.218836565096953,0.00104388359396687,291.072831877264,79
"{CASCAVAL DALIA CALUP GORDON} => {PAINE CU CARTOFI FELII BACHUS 1.2 KG}",0.00010988248357546,0.11875,0.000925326177477561,1.44270507640963,38
"{PARIZER PIEPT PUI FOX} => {PAINE CU CARTOFI FELII BACHUS 1.2 KG}",0.000138798926621634,0.138728323699422,0.00100050892939761,1.68542363657224,48
"{ELAN FOLIE ALUMINIU ALIMENTAR 15M} => {_BANANE}",0.000101207550661608,0.105105105105105,0.000962917553437587,1.93597165740974,35
"{SALAM DE CASA AFUMAT BERKE} => {PAINE CU CARTOFI FELII BACHUS 1.2 KG}",0.000144582215230869,0.127877237851662,0.00113063292310539,1.55359275962808,50
"{GOBE CASCAVAL MOZZARELLA 350G} => {_BANANE}",0.000104099194966226,0.104046242774566,0.00100050892939761,1.91646806185202,36
"{GOBE CASCAVAL MOZZARELLA 350G} => {PAINE CU CARTOFI FELII BACHUS 1.2 KG}",0.000106990839270843,0.106936416184971,0.00100050892939761,1.29918071985777,37
"{ELAN SACI MENAJERI 30L 20BUC} => {_BANANE}",0.000101207550661608,0.104477611940299,0.000968700842046821,1.92441361766401,35
"{CERBONA TERCI DE OVAZ CU FRUCTE DE PADURE 55G} => {_BANANE}",0.000133015638012399,0.156996587030717,0.000847251781252892,2.89178097008312,46
"{BISCUITI CACAO CU BUC.DE CIOC.BELVITA JO REGGELT 50G} => {BISCUITI CU FR.DE PADURE BELVITA JO REGGELT 50G}",0.000167715369667808,0.142156862745098,0.00117979087628389,102.206351147528,58
"{BISCUITI CU FR.DE PADURE BELVITA JO REGGELT 50G} => {BISCUITI CACAO CU BUC.DE CIOC.BELVITA JO REGGELT 50G}",0.000167715369667808,0.120582120582121,0.00139088091052096,102.206351147528,58
"{CHIO POPCORN MICROUNDE SARE 80G} => {_BANANE}",0.000115665772184695,0.114613180515759,0.00100918386231146,2.11110458261954,40
"{CHIO POPCORN MICROUNDE SARE 80G} => {PAINE CU CARTOFI FELII BACHUS 1.2 KG}",0.00010988248357546,0.108882521489971,0.00100918386231146,1.32282413882831,38
"{POPCORN SARE STAR 87G} => {APA MINERALA NATURALA CARBOGAZIFICATA CONTINUT REDUS CO2 TUSNAD 2L}",0.000112774127880078,0.107142857142857,0.00105255852688073,1.79893049611941,39
"{POPCORN SARE STAR 87G} => {_BANANE}",0.000167715369667808,0.159340659340659,0.00105255852688073,2.93495734624896,58
"{BRANZA TOPITA FELII SMANTANA HOCHLAND 140G} => {PAINE CU CARTOFI FELII BACHUS 1.2 KG}",0.000112774127880078,0.13448275862069,0.00083857684833904,1.63384386148749,39
"{ELAN COMPOT DE VISINE FARA SAMBURI 700G} => {_BANANE}",0.000156148792449338,0.154285714285714,0.00101207550661608,2.84184835457485,54
"{PASTA DE DINTI COLGATE WHITENING 100ML} => {PAINE CU CARTOFI FELII BACHUS 1.2 KG}",0.000115665772184695,0.112676056338028,0.00102653372813917,1.36891215552581,40
"{LAPTE DE CONSUM 3.5% GORDON 1L} => {PAINE CU CARTOFI FELII BACHUS 1.2 KG}",0.000167715369667808,0.123404255319149,0.00135907282317017,1.4992500682062,58
"{LAPTE UHT 3.2% GRASIME MLEKOVITA 1L} => {FRANZELA ALBA BACHUS 1KG}",0.000161932081058573,0.14070351758794,0.00115087443323772,4.56374538232336,56
"{LAPTE UHT 3.2% GRASIME MLEKOVITA 1L} => {_BANANE}",0.000115665772184695,0.100502512562814,0.00115087443323772,1.85119472194528,40
"{LAPTE UHT 3.2% GRASIME MLEKOVITA 1L} => {PAINE CU CARTOFI FELII BACHUS 1.2 KG}",0.000138798926621634,0.120603015075377,0.00115087443323772,1.4652175333015,48
"{_VARZA ROSIE} => {_PATRUNJEL RADACINA KG}",0.000106990839270843,0.10054347826087,0.00106412510409919,5.076704311007,37
"{_VARZA ROSIE} => {_MORCOVI}",0.000127232349403165,0.119565217391304,0.00106412510409919,3.30708803800131,44
"{SUC DE ROSII 22% DAWTONA 330ML} => {_MORCOVI}",0.000147473859535486,0.134210526315789,0.0010988248357546,3.71216676418712,51
"{_POMELO^2 A nu se consuma coaja} => {_BANANE}",0.000156148792449338,0.139175257731959,0.00112195799019154,2.56352300026082,54
"{_POMELO^2 A nu se consuma coaja} => {PAINE CU CARTOFI FELII BACHUS 1.2 KG}",0.000115665772184695,0.103092783505155,0.00112195799019154,1.25248405982387,40
"{SNACK DIN CARTOFI POM-BAR ORIGINAL 40G} => {SNACK DIN CARTOFI POM-BAR CASCAVAL 40G}",0.000112774127880078,0.104838709677419,0.00107569168131766,89.5203504579849,39
"{SNACK DIN CARTOFI POM-BAR ORIGINAL 40G} => {_BANANE}",0.000150365503840104,0.139784946236559,0.00107569168131766,2.5747530890712,52
"{SNACK DIN CARTOFI POM-BAR ORIGINAL 40G} => {PAINE CU CARTOFI FELII BACHUS 1.2 KG}",0.000118557416489312,0.110215053763441,0.00107569168131766,1.33901320051601,41
"{WINCHESTER 100 SOFT} => {APA MINERALA NATURALA CARBO.TIVA HARGHITA 2.5L}",0.00041928842416952,0.268022181146026,0.001564379568798,34.0766554311188,145
"{SALAM PAPRIKA CSARDAS 300G} => {PAINE CU CARTOFI FELII BACHUS 1.2 KG}",0.000156148792449338,0.164133738601824,0.000951350976219117,1.9940764453974,54
"{PASTA DE DINTI COLGATE CAVITY FRESH MINT 100ML} => {PAINE CU CARTOFI FELII BACHUS 1.2 KG}",0.000115665772184695,0.105540897097625,0.00109593319144999,1.28222642536059,40
"{PALL MALL ASCEND ROSE GOLD} => {CORN CU SUSAN RIP-ROP 150G}",0.000358563893772555,0.248496993987976,0.00144293050800407,35.1046668500399,124
"{PALL MALL ASCEND ROSE GOLD} => {PAINE CU CARTOFI FELII BACHUS 1.2 KG}",0.000222656611455538,0.154308617234469,0.00144293050800407,1.87471010878247,77
"{APA MINERALA NATURALA PLATA BORSEC 2L} => {APA MINERALA NATURALA CARBOGAZOASA PERLA HARGHITEI  2L}",0.000205306745627834,0.134980988593156,0.00152100490422874,6.58294533905508,71
"{APA MINERALA NATURALA PLATA BORSEC 2L} => {APA MINERALA NATURALA CARBOGAZIFICATA CONTINUT REDUS CO2 TUSNAD 2L}",0.000173498658277043,0.114068441064639,0.00152100490422874,1.91521117457579,60
"{BISCUITI CU SEMINTE KORPOVIT 174G} => {DANONE ACTIVIA NATUR 125G}",0.000124340705098547,0.108040201005025,0.00115087443323772,10.9280182721152,43
"{PALL MALL EXTRA CUT WHITE} => {BERE LOWENBRAU LAGER PET 750ML}",0.000251573054501712,0.12116991643454,0.00207620061071528,36.3114949575897,87
"{PALL MALL EXTRA CUT WHITE} => {BERE GOLDEN BRAU DOZA 500ML}",0.000222656611455538,0.107242339832869,0.00207620061071528,10.5002760278488,77
"{BERE STAROPRAMEN DOZA 5% 500ML} => {APA MINERALA NATURALA CARBOGAZIFICATA CONTINUT REDUS CO2 TUSNAD 2L}",0.000240006477283242,0.162109375,0.0014805218839641,2.72181931834733,83
"{BERE STAROPRAMEN DOZA 5% 500ML} => {PAINE CU CARTOFI FELII BACHUS 1.2 KG}",0.000185065235495512,0.125,0.0014805218839641,1.51863692253645,64
"{FASOLE GALBENA CONG.AGROSPRINT 400G} => {_MORCOVI}",0.000141690570926252,0.12039312039312,0.00117689923197927,3.32998724040874,49
"{SMANTANA 20% GRASIME KERESZTURI 145G} => {PAINE CU CARTOFI FELII BACHUS 1.2 KG}",0.000161932081058573,0.130841121495327,0.00123762376237624,1.58960126471105,56
"{GOBE NAPOLITANE CU CREMA DE CACAO 120G} => {GOBE NAPOLITANE CU CREMA DE LAMAIE 120G}",0.000141690570926252,0.119804400977995,0.00118268252058851,40.3813227717487,49
"{GOBE NAPOLITANE CU CREMA DE CACAO 120G} => {_BANANE}",0.000147473859535486,0.124694376528117,0.00118268252058851,2.29679403826683,51
"{BISCUITI CU MIERE MAIA 120G} => {_BANANE}",0.000106990839270843,0.113496932515337,0.000942676043305265,2.09054397817225,37
"{DANONE ACTIMEL IAURT DE BAUT CAPSUNI 100G} => {_BANANE}",0.000101207550661608,0.102639296187683,0.000986050707874526,1.89055296749983,35
"{DANONE ACTIMEL IAURT DE BAUT CAPSUNI 100G} => {PAINE CU CARTOFI FELII BACHUS 1.2 KG}",0.000101207550661608,0.102639296187683,0.000986050707874526,1.24697459915016,35
"{DANONE ACTIVIA CAPSUNI CU FULGI DE CEREALE 168G} => {APA MINERALA NATURALA CARBOGAZIFICATA CONTINUT REDUS CO2 TUSNAD 2L}",0.000202415101323216,0.199430199430199,0.0010149671509207,3.3484366309535,70
"{DANONE ACTIVIA CAPSUNI CU FULGI DE CEREALE 168G} => {_BANANE}",0.000138798926621634,0.136752136752137,0.0010149671509207,2.51889059601443,48
"{DANONE ACTIVIA CAPSUNI CU FULGI DE CEREALE 168G} => {PAINE CU CARTOFI FELII BACHUS 1.2 KG}",0.00010988248357546,0.108262108262108,0.0010149671509207,1.31528667934781,38
"{CAFEA TCHIBO FAMILY 250G} => {APA MINERALA NATURALA CARBOGAZIFICATA CONTINUT REDUS CO2 TUSNAD 2L}",0.000106990839270843,0.11144578313253,0.000960025909132969,1.87117670078284,37
"{SAPUN DOVE CREAM ORIGINAL 100G} => {_BANANE}",0.000112774127880078,0.123417721518987,0.000913759600259091,2.27327883497109,39
"{SAPUN DOVE CREAM ORIGINAL 100G} => {PAINE CU CARTOFI FELII BACHUS 1.2 KG}",0.000135907282317017,0.14873417721519,0.000913759600259091,1.80698570529653,47
"{ELAN CONSERVA MAZARE VERDE BOABE 420G} => {_MORCOVI}",0.000182173591190895,0.166666666666667,0.00109304154714537,4.60988029539577,63
"{DRAJEURI ASORTATE RETRO BSB 250G} => {PALL MALL BLUE}",0.000127232349403165,0.104513064133017,0.00121738225224392,25.9462497420936,44
"{DRAJEURI ASORTATE RETRO BSB 250G} => {PAINE CU CARTOFI FELII BACHUS 1.2 KG}",0.000173498658277043,0.142517814726841,0.00121738225224392,1.73146252450711,60
"{ULEI FLORIOL 1L} => {_BANANE}",0.000130123993707782,0.109223300970874,0.00119135745350236,2.01182630279369,45
"{NAPOLITANE CU CREMA DE CIOCOLATA ROSHEN 72G} => {NAPOLITANE CU CREMA DE LAPTE ROSHEN 72G}",0.000147473859535486,0.129441624365482,0.00113930785601925,99.9196881798405,51
"{NAPOLITANE CU CREMA DE LAPTE ROSHEN 72G} => {NAPOLITANE CU CREMA DE CIOCOLATA ROSHEN 72G}",0.000147473859535486,0.113839285714286,0.00129545664846859,99.9196881798405,51
"{DR.OETKER PIKANT FIX DULCE ACRISOR 100G} => {OTET BISTRITA 1L}",0.000303622651984825,0.227272727272727,0.00133593966873323,21.468550569889,105
"{CHIPS DIN CARTOFI CU SARE CSIKI CSIPSZ 100G} => {PAINE CU CARTOFI FELII BACHUS 1.2 KG}",0.000135907282317017,0.102173913043478,0.00133015638012399,1.24132061494284,47
"{BISCUITI CU SUSAN CROCO 150G} => {_BANANE}",0.000130123993707782,0.114213197969543,0.00113930785601925,2.10373714911421,45
"{DROPS WINTERFRESH MINTS STRONG MINT 28G} => {CHESTERFIELD BLACK CROWN RCB 100}",0.000144582215230869,0.120772946859903,0.00119714074211159,63.2820963255746,50
"{DROPS WINTERFRESH MINTS STRONG MINT 28G} => {KINDER BUENO 43G}",0.000147473859535486,0.123188405797101,0.00119714074211159,31.2098954185911,51
"{DROPS WINTERFRESH MINTS STRONG MINT 28G} => {_MERE ROSII}",0.000141690570926252,0.118357487922705,0.00119714074211159,7.73155646078233,49
"{KETCHUP DULCE UNIVER 470G} => {PAINE CU CARTOFI FELII BACHUS 1.2 KG}",0.000135907282317017,0.127371273712737,0.00106701674840381,1.54744575304527,47
"{IAURT 2.8% FRISS 125G} => {_BANANE}",0.000127232349403165,0.100917431192661,0.00126075691681318,1.85883726896248,44
"{APA DE MASA NECARBOGAZOASA SICULAQUA 5L} => {FRANZELA ALBA COUNTRY 1KG}",0.000190848524104747,0.111864406779661,0.00170607013972425,4.9012285075598,66
"{SALAM DE VARA GASTRO CAROLI} => {PAINE CU CARTOFI FELII BACHUS 1.2 KG}",0.000112774127880078,0.103448275862069,0.00109014990284075,1.25680297037499,39
"{SALAM SECUIESC BERTIS} => {PAINE CU CARTOFI FELII BACHUS 1.2 KG}",0.000164823725363191,0.146529562982005,0.00112484963449616,1.78020163670082,57
"{_FASOLE ALB MARE KG} => {_MORCOVI}",0.000156148792449338,0.117391304347826,0.00133015638012399,3.24695916458311,54
"{MERKUR SACOSA ECO RECICLABILA} => {PAINE CU CARTOFI FELII BACHUS 1.2 KG}",0.000101207550661608,0.11744966442953,0.000861710002775978,1.4269071755376,35
"{SALAM PICANT CRUD USCAT FOX} => {APA MINERALA NATURALA CARBOGAZIFICATA CONTINUT REDUS CO2 TUSNAD 2L}",0.00010988248357546,0.118012422360248,0.000931109466086796,1.9814306913779,38
"{SALAM PICANT CRUD USCAT FOX} => {_BANANE}",0.000104099194966226,0.111801242236025,0.000931109466086796,2.05931040186584,36
"{SALAM PICANT CRUD USCAT FOX} => {PAINE CU CARTOFI FELII BACHUS 1.2 KG}",0.000106990839270843,0.114906832298137,0.000931109466086796,1.39601406543723,37
"{ELAN LINTE 400G} => {_MORCOVI}",0.000138798926621634,0.120906801007557,0.0011479827889331,3.34419527726444,48
"{_STRUGURI ALB FARA SAMBURI} => {_BANANE}",0.000205306745627834,0.161363636363636,0.00127232349403165,2.9722193439051,71
"{KENT 100 S} => {PAINE DE CASA PE FOI DE VARZA RIP-ROP 1KG}",0.000257356343110947,0.138413685847589,0.00185932728786897,7.45936956436914,89
"{KENT 100 S} => {PAINE CU CARTOFI FELII BACHUS 1.2 KG}",0.000205306745627834,0.110419906687403,0.00185932728786897,1.34150197822815,71
"{KINDER CIOCOLATA MAXI 21G} => {APA MINERALA NATURALA CARBOGAZIFICATA CONTINUT REDUS CO2 TUSNAD 2L}",0.000118557416489312,0.103535353535354,0.00114509114462848,1.73836044574502,41
"{ELAN CONSERVA SUNCA 300G} => {ELAN CONSERVA CARNE PRESATA 300G}",0.000170607013972425,0.165730337078652,0.00102942537244379,154.068623897547,59
"{ELAN CONSERVA CARNE PRESATA 300G} => {ELAN CONSERVA SUNCA 300G}",0.000170607013972425,0.158602150537634,0.00107569168131766,154.068623897547,59
"{ELAN CONSERVA SUNCA 300G} => {PAINE CU CARTOFI FELII BACHUS 1.2 KG}",0.000130123993707782,0.126404494382022,0.00102942537244379,1.53570025874472,45
"{ELAN CONSERVA CARNE PRESATA 300G} => {PAINE CU CARTOFI FELII BACHUS 1.2 KG}",0.000115665772184695,0.10752688172043,0.00107569168131766,1.30635434196684,40
"{DANONE CREMOSSO IAURT CU PIERSICI 125G} => {_BANANE}",0.000173498658277043,0.164383561643836,0.00105545017118534,3.02784451781187,60
"{MAZARE VERDE CONG.AGROSPRINT 400G} => {_MORCOVI}",0.000196631812713982,0.176165803108808,0.00111617470158231,4.8726195868432,68
"{MAZARE VERDE CONG.AGROSPRINT 400G} => {_BANANE}",0.000115665772184695,0.103626943005181,0.00111617470158231,1.90874481692803,40
"{MAZARE VERDE CONG.AGROSPRINT 400G} => {PAINE CU CARTOFI FELII BACHUS 1.2 KG}",0.000130123993707782,0.116580310880829,0.00111617470158231,1.41634531635524,45
"{GOBE SALAM TARANESC 400G} => {PAINE CU CARTOFI FELII BACHUS 1.2 KG}",0.000159040436753956,0.137844611528822,0.00115376607754233,1.6746873331229,55
"{SUNCA PRAGA FOX} => {PAINE CU CARTOFI FELII BACHUS 1.2 KG}",0.000153257148144721,0.133165829145729,0.00115087443323772,1.61784435968707,53
"{GOBE SMANTANA 15% 900G} => {PAINE CU CARTOFI FELII BACHUS 1.2 KG}",0.000147473859535486,0.103238866396761,0.00142847228648098,1.25425883480743,51
"{_ROSII CIORCHINE} => {_ARDEI GRAS ROMANIA}",0.000144582215230869,0.119617224880383,0.00120870731933006,13.2372822966507,50
"{_ROSII CIORCHINE} => {_CASTRAVETI CORNISON}",0.00018795687980013,0.155502392344498,0.00120870731933006,16.9695359198938,65
"{_ROSII CIORCHINE} => {_BANANE}",0.000153257148144721,0.126794258373206,0.00120870731933006,2.33547257564077,53
"{GOBE PESMET 400G} => {PAINE CU CARTOFI FELII BACHUS 1.2 KG}",0.000179281946886277,0.14385150812065,0.00124629869529009,1.74766569275656,62
"{DETERGENT VASE PUR BALSAM ALOE VERA 450ML} => {_BANANE}",0.000133015638012399,0.119170984455959,0.00111617470158231,2.19505653946724,46
"{GOBE CASCAVAL DALIA 350G} => {PAINE CU CARTOFI FELII BACHUS 1.2 KG}",0.000159040436753956,0.15625,0.00101785879522532,1.89829615317056,55
"{BENSON&HEDGES BLUE 100} => {L&M RED LABEL BOX}",0.000332539095030998,0.210622710622711,0.00157883779032109,62.095812684048,115
"{BENSON&HEDGES BLUE 100} => {L&M RED KS 23 S}",0.000190848524104747,0.120879120879121,0.00157883779032109,32.9675876174299,66
"{BENSON&HEDGES BLUE 100} => {APA DE MASA CARBOGAZOASA SICULAQUA 3L}",0.000384588692514111,0.243589743589744,0.00157883779032109,56.4984436533732,133
"{BENSON&HEDGES BLUE 100} => {PAINE CU CARTOFI FELII BACHUS 1.2 KG}",0.000248681410197094,0.157509157509158,0.00157883779032109,1.91359377784813,86
"{PALL MALL EXTRA CUT BALANCE BLUE} => {PAINE CU CARTOFI FELII BACHUS 1.2 KG}",0.000213981678541686,0.111278195488722,0.00192294346257056,1.35192941073921,74
"{CARNATI SEMIAFUMATI EXTRA CAROLI} => {_BANANE}",0.000118557416489312,0.102756892230576,0.00115376607754233,1.89271901458039,41
"{CARNATI SEMIAFUMATI EXTRA CAROLI} => {PAINE CU CARTOFI FELII BACHUS 1.2 KG}",0.000164823725363191,0.142857142857143,0.00115376607754233,1.73558505432737,57
"{COZONAC IMPLETIT DULCE HARMOPAN 200G} => {_BANANE}",0.00017639030258166,0.119140625,0.0014805218839641,2.19449733688415,61
"{SNACK DIN CARTOFI POM-BAR CASCAVAL 40G} => {OUA PROASPETE}",0.000127232349403165,0.108641975308642,0.00117111594337004,3.79927216797814,44
"{SNACK DIN CARTOFI POM-BAR CASCAVAL 40G} => {_BANANE}",0.000240006477283242,0.204938271604938,0.00117111594337004,3.77483743486052,83
"{CREMA GULAS DULCE UNIVER 160G} => {_MORCOVI}",0.000133015638012399,0.114713216957606,0.00115954936615157,3.17288519084597,46
"{ELAN GALUSTE CU PRUNE CONG.800G} => {PAINE CU CARTOFI FELII BACHUS 1.2 KG}",0.000124340705098547,0.10093896713615,0.001231840473767,1.22631713932521,43
"{PASTE FIDEA CU 4 OUA TETOVARI BALOGH 250G} => {_TELINA}",0.000133015638012399,0.116751269035533,0.00113930785601925,6.6505338268727,46
"{PASTE FIDEA CU 4 OUA TETOVARI BALOGH 250G} => {_PATRUNJEL RADACINA KG}",0.000161932081058573,0.142131979695431,0.00113930785601925,7.17661698732558,56
"{PASTE FIDEA CU 4 OUA TETOVARI BALOGH 250G} => {_MORCOVI}",0.000222656611455538,0.195431472081218,0.00113930785601925,5.40549415348438,77
"{PASTE FIDEA CU 4 OUA TETOVARI BALOGH 250G} => {_BANANE}",0.000118557416489312,0.104060913705584,0.00113930785601925,1.91673829141517,41
"{SALAM VARA FOX} => {PAINE CU CARTOFI FELII BACHUS 1.2 KG}",0.000147473859535486,0.107822410147992,0.00136774775608402,1.30994474502087,51
"{GRIS HARMOPAN 500G} => {_MORCOVI}",0.000124340705098547,0.102870813397129,0.00120870731933006,2.84533281390457,43
"{GOBE BRANZA BURDUF 300G} => {PAINE CU CARTOFI FELII BACHUS 1.2 KG}",0.000138798926621634,0.111888111888112,0.00124051540668085,1.35933934324941,48
"{REAL PATEU DE RATA 48G} => {REAL PATEU DE GASCA 48G}",0.00029783936337559,0.279132791327913,0.00106701674840381,260.190885251171,103
"{REAL PATEU DE GASCA 48G} => {REAL PATEU DE RATA 48G}",0.00029783936337559,0.277628032345013,0.00107280003701305,260.190885251171,103
"{REAL PATEU DE RATA 48G} => {REAL PATEU DE PORC 48G}",0.000199523457018599,0.186991869918699,0.00106701674840381,144.667285062112,69
"{REAL PATEU DE PORC 48G} => {REAL PATEU DE RATA 48G}",0.000199523457018599,0.154362416107383,0.00129256500416397,144.667285062112,69
"{REAL PATEU DE RATA 48G} => {REAL PATEU DE PUI 48G}",0.000280489497547886,0.262872628726287,0.00106701674840381,160.614247273215,97
"{REAL PATEU DE PUI 48G} => {REAL PATEU DE RATA 48G}",0.000280489497547886,0.171378091872792,0.00163667067641344,160.614247273215,97
"{GOBE CASCAVAL TRAPPIST 350G} => {PAINE CU CARTOFI FELII BACHUS 1.2 KG}",0.000130123993707782,0.120320855614973,0.0010814749699269,1.4617895511046,45
"{SACI MENAJERI EXTRA REZISTENTI LUTRIX 10BUC 55L} => {PAINE CU CARTOFI FELII BACHUS 1.2 KG}",0.000150365503840104,0.131645569620253,0.00114219950032386,1.59937458170927,52
"{PARIZER CU LEGUME BERTIS} => {PAINE CU CARTOFI FELII BACHUS 1.2 KG}",0.000135907282317017,0.113801452784504,0.00119424909780698,1.38258470429468,47
"{BISCUITI CU FR.DE PADURE BELVITA JO REGGELT 50G} => {_BANANE}",0.000182173591190895,0.130977130977131,0.00139088091052096,2.41251852692598,63
"{BISCUITI CU FR.DE PADURE BELVITA JO REGGELT 50G} => {PAINE CU CARTOFI FELII BACHUS 1.2 KG}",0.000147473859535486,0.106029106029106,0.00139088091052096,1.28815772223466,51
"{STAR SNACKS SALTY POPS 80G} => {PAINE CU CARTOFI FELII BACHUS 1.2 KG}",0.000159040436753956,0.111788617886179,0.00142268899787175,1.35813058113016,55
"{ELAN BRANZA TOPITA CU SUNCA AFUMATA 100G} => {ELAN BRANZA TOPITA EMMENTALER 100G}",0.000289164430461738,0.238663484486873,0.00121159896363468,189.301745089882,100
"{ELAN BRANZA TOPITA EMMENTALER 100G} => {ELAN BRANZA TOPITA CU SUNCA AFUMATA 100G}",0.000289164430461738,0.229357798165138,0.00126075691681318,189.301745089882,100
"{PASTE SPAGHETE PAMBAC 500G} => {PAINE CU CARTOFI FELII BACHUS 1.2 KG}",0.000130123993707782,0.109489051094891,0.00118846580919774,1.33019292484944,45
"{ELAN COMPOT DE PIERSICI DEPELATE JUMATATI 700G} => {_BANANE}",0.000228439900064773,0.176733780760626,0.00129256500416397,3.25532798922838,79
"{BISCUITI PICNIC VANILIE ROSTAR 70G} => {_BANANE}",0.000130123993707782,0.103211009174312,0.00126075691681318,1.90108357052981,45
"{BISCUITI PICNIC VANILIE ROSTAR 70G} => {PAINE CU CARTOFI FELII BACHUS 1.2 KG}",0.000127232349403165,0.100917431192661,0.00126075691681318,1.22605549709365,44
"{REAL PATEU DE GASCA 48G} => {REAL PATEU DE PORC 48G}",0.000213981678541686,0.199460916442049,0.00107280003701305,154.31403124755,74
"{REAL PATEU DE PORC 48G} => {REAL PATEU DE GASCA 48G}",0.000213981678541686,0.165548098434004,0.00129256500416397,154.31403124755,74
"{REAL PATEU DE GASCA 48G} => {REAL PATEU DE PUI 48G}",0.000263139631720181,0.245283018867925,0.00107280003701305,149.867057803854,91
"{REAL PATEU DE PUI 48G} => {REAL PATEU DE GASCA 48G}",0.000263139631720181,0.160777385159011,0.00163667067641344,149.867057803854,91
"{DRAJEURI FRANTUZESTI BONBONETTI 70G} => {PAINE CU CARTOFI FELII BACHUS 1.2 KG}",0.000211090034237069,0.17096018735363,0.00123473211807162,2.07701162239177,73
"{BONDUELLE MAZARE VERDE 545G} => {_MORCOVI}",0.000144582215230869,0.11037527593819,0.00130991486999167,3.05290085787799,50
"{BONDUELLE MAZARE VERDE 545G} => {_BANANE}",0.000161932081058573,0.123620309050773,0.00130991486999167,2.27701037321834,56
"{GOBE CASCAVAL HARLAU} => {PAINE CU CARTOFI FELII BACHUS 1.2 KG}",0.000179281946886277,0.160206718346253,0.00111906634588693,1.94636670175214,62
"{FANTA PORTOCALE 2.5L PET} => {COCA COLA 2.5L PET}",0.000254464698806329,0.14497528830313,0.00175522809290275,39.1075929033866,88
"{FANTA PORTOCALE 2.5L PET} => {_BANANE}",0.000219764967150921,0.125205930807249,0.00175522809290275,2.30621655475292,76
"{IAURT 2.8% PROBIOTIC LACTIS 500G} => {APA MINERALA NATURALA CARBOGAZIFICATA CONTINUT REDUS CO2 TUSNAD 2L}",0.000211090034237069,0.153361344537815,0.00137642268899787,2.57493972973954,73
"{GOBE SALAM PORC 400G} => {LAPTE DE CONSUM 1.5% GRASIME FRISS CUTIE 1L}",0.000133015638012399,0.108235294117647,0.00122894882946239,3.28278919075085,46
"{GOBE SALAM PORC 400G} => {PAINE CU CARTOFI FELII BACHUS 1.2 KG}",0.000225548255760155,0.183529411764706,0.00122894882946239,2.22971632861822,78
"{GOBE BRANZA TOPITA CU SMANTANA 125G} => {_BANANE}",0.000156148792449338,0.137404580152672,0.00113641621171463,2.53090820381984,54
"{NAPOLITANE CU CREMA DE LAPTE ROSHEN 72G} => {_BANANE}",0.000153257148144721,0.118303571428571,0.00129545664846859,2.17907932280768,53
"{NAPOLITANE CU CREMA DE LAPTE ROSHEN 72G} => {PAINE CU CARTOFI FELII BACHUS 1.2 KG}",0.000135907282317017,0.104910714285714,0.00129545664846858,1.27457027427166,47
"{HARTIE IGIENICA 3STRAT CARESSE MUSETEL PERLA 4ROLE} => {APA MINERALA NATURALA CARBOGAZIFICATA CONTINUT REDUS CO2 TUSNAD 2L}",0.000141690570926252,0.106290672451193,0.00133304802442861,1.78462229983791,49
"{HARTIE IGIENICA 3STRAT CARESSE MUSETEL PERLA 4ROLE} => {_BANANE}",0.000141690570926252,0.106290672451193,0.00133304802442861,1.95780908174495,49
"{BATISTE LINDY PARFUMAT 10BUC} => {_BANANE}",0.000179281946886277,0.100486223662885,0.00178414453594892,1.85089469038581,62
"{MILKY WAY CIOCOLATA LAPTE 21.5G} => {_BANANE}",0.000150365503840104,0.1256038647343,0.00119714074211159,2.31354625394804,52
"{CREMWURSTI DIN PIEPT PUI BERKE} => {PAINE CU CARTOFI FELII BACHUS 1.2 KG}",0.000153257148144721,0.116997792494481,0.00130991486999167,1.42141734029902,53
"{DROJDIE USCATA THYMOS 10G} => {DR.OETKER ZAHAR VANILINAT 8G}",0.000118557416489312,0.107894736842105,0.0010988248357546,16.4662795559065,41
"{CORN CU CIOCOLATA PANIPROD 100G} => {CORN UMPLUT CU FRUCTE DE PADURE PANIPROD 120G}",0.000225548255760155,0.101430429128739,0.00222367447025076,39.9056618009294,78
"{CORN CU CIOCOLATA PANIPROD 100G} => {CORN CU CASCAVAL PANIPROD 100G}",0.000289164430461738,0.130039011703511,0.00222367447025076,18.8319142308857,100
"{ORBIT PASTILE WINTERFROST 14G} => {PAINE CU CARTOFI FELII BACHUS 1.2 KG}",0.000277597853243268,0.162988115449915,0.00170317849541964,1.980158160455,96
"{REAL SOS DE ROSII PASSATA 500G} => {_MORCOVI}",0.000179281946886277,0.133333333333333,0.00134461460164708,3.68790423631662,62
"{BOIA DE ARDEI SZEGEDI 50G} => {PAINE CU CARTOFI FELII BACHUS 1.2 KG}",0.000135907282317017,0.103982300884956,0.00130702322568705,1.26329089131351,47
"{SMANTANA 15% GRASIME GORDON 300G} => {_BANANE}",0.000170607013972425,0.114563106796117,0.00148919681687795,2.11018225537471,59
"{SMANTANA 15% GRASIME GORDON 300G} => {PAINE CU CARTOFI FELII BACHUS 1.2 KG}",0.000170607013972425,0.114563106796117,0.00148919681687795,1.39183811152855,59
"{BISCUITI CU CACAO GYORI EDES 180G} => {BISCUITI EREDETI GYORI EDES 180G}",0.00017639030258166,0.119607843137255,0.00147473859535486,48.0968171454628,61
"{BISCUITI CU CACAO GYORI EDES 180G} => {LAPTE DE CONSUM 1.5% GRASIME FRISS CUTIE 1L}",0.000150365503840104,0.101960784313725,0.00147473859535486,3.09248257099718,52
"{SALAM RUSTIC CONDIMENTAT BENEDEK} => {PAINE CU CARTOFI FELII BACHUS 1.2 KG}",0.000228439900064773,0.182027649769585,0.00125497362820394,2.211471278901,79
"{APA MINERALA NATURALA NATURAL CARBOGAZOASA BORSEC 1.5L} => {_MANDARINE^2 A nu se consuma coaja}",0.000341214027944851,0.188197767145136,0.0018130609789951,23.3692296679351,118
"{APA MINERALA NATURALA NATURAL CARBOGAZOASA BORSEC 1.5L} => {_ARDEI ROSU CALIFORNIA}",0.000254464698806329,0.140350877192982,0.0018130609789951,18.7762869456039,88
"{APA MINERALA NATURALA NATURAL CARBOGAZOASA BORSEC 1.5L} => {SZEKELYHON}",0.000824118626815953,0.454545454545455,0.0018130609789951,26.6473516312472,285
"{FANTA PORTOCALE 1.25L} => {PAINE CU CARTOFI FELII BACHUS 1.2 KG}",0.000190848524104747,0.115384615384615,0.00165402054224114,1.40181869772595,66
"{DR.OETKER BUDINCA CAPSUNI 40G} => {DR.OETKER BUDINCA VANILIE 40G}",0.00029783936337559,0.254320987654321,0.00117111594337004,63.3647703419077,103
"{DR.OETKER BUDINCA CAPSUNI 40G} => {DR.OETKER ZAHAR VANILINAT 8G}",0.000127232349403165,0.108641975308642,0.00117111594337004,16.580318830157,44
"{DR.OETKER BUDINCA CAPSUNI 40G} => {PAINE CU CARTOFI FELII BACHUS 1.2 KG}",0.00012144906079393,0.103703703703704,0.00117111594337004,1.25990618758579,42
"{PRAJITURA GYORI DORMI CU CR.CAPSUNI 30G} => {PRAJITURA GYORI DORMI CU CR.CIOCOLATA 30G}",0.00029783936337559,0.24582338902148,0.00121159896363468,138.455419682352,103
"{PRAJITURA GYORI DORMI CU CR.CIOCOLATA 30G} => {PRAJITURA GYORI DORMI CU CR.CAPSUNI 30G}",0.00029783936337559,0.167752442996743,0.00177546960303507,138.455419682352,103
"{PRAJITURA GYORI DORMI CU CR.CAPSUNI 30G} => {PRAJITURA GYORI DORMI CU CR.LAPTE 30G}",0.000240006477283242,0.198090692124105,0.00121159896363468,106.704852824185,83
"{PRAJITURA GYORI DORMI CU CR.LAPTE 30G} => {PRAJITURA GYORI DORMI CU CR.CAPSUNI 30G}",0.000240006477283242,0.129283489096573,0.00185643564356436,106.704852824185,83
"{PRAJITURA GYORI DORMI CU CR.CAPSUNI 30G} => {_BANANE}",0.000173498658277043,0.143198090692124,0.00121159896363468,2.63762111933492,60
"{SLANINA SECUIASCA BERTIS} => {PAINE CU CARTOFI FELII BACHUS 1.2 KG}",0.000150365503840104,0.112554112554113,0.00133593966873323,1.36743064886399,52
"{MARGARINA RAMA CLASSIC 400G} => {PAINE CU CARTOFI FELII BACHUS 1.2 KG}",0.00017639030258166,0.109318996415771,0.0016135375219765,1.32812691433295,61
"{WINSTON BLUE 100} => {ENERGIZANT HELL 250ML}",0.000838576848339039,0.401106500691563,0.00209065883223836,35.1259190922155,290
"{ELAN BRANZA TOPITA EMMENTALER 100G} => {PAINE CU CARTOFI FELII BACHUS 1.2 KG}",0.000130123993707782,0.103211009174312,0.00126075691681318,1.25392039475487,45
"{DR.OETKER GELFIX SUPER 3:1 25G} => {CONSERVANT ACID SALICILIC HA 15G}",0.000190848524104747,0.110183639398998,0.00173209493846581,65.358742558352,66
"{CONSERVANT ACID SALICILIC HA 15G} => {DR.OETKER GELFIX SUPER 3:1 25G}",0.000190848524104747,0.113207547169811,0.00168582862959193,65.358742558352,66
"{AMESTEC DE CONDIMENTE PENTRU FRIPTURA DE PUI MARCO POLO 30G} => {PAINE CU CARTOFI FELII BACHUS 1.2 KG}",0.00012144906079393,0.104218362282878,0.0011653326547608,1.26615882375247,42
"{MUSCHI FILE DE PORC AFUMAT MAESTRO} => {PAINE CU CARTOFI FELII BACHUS 1.2 KG}",0.000138798926621634,0.10958904109589,0.00126654020542241,1.33140771290867,48
"{MARGARINA CUB 60% GRASIME FALUSI 250G} => {DROJDIE PROASPATA BUDAFOK 50G}",0.000170607013972425,0.120408163265306,0.00141690570926252,12.6450144710177,59
"{REAL PATE 120G} => {PAINE CU CARTOFI FELII BACHUS 1.2 KG}",0.000164823725363191,0.130434782608696,0.00126364856111779,1.58466461482064,57
"{DANONE ACTIMEL IAURT DE BAUT FRUCTE DE PADURE 100G} => {_BANANE}",0.000147473859535486,0.119158878504673,0.00123762376237624,2.19483355525965,51
"{ELAN CARNATI DE PORC AFUMATI} => {PAINE CU CARTOFI FELII BACHUS 1.2 KG}",0.000240006477283242,0.184035476718404,0.00130413158138244,2.23586456000932,83
"{GOBE NAPOLITANE CU CREMA MIXTA 120G} => {GOBE NAPOLITANE CU CREMA DE LAMAIE 120G}",0.00017639030258166,0.122489959839357,0.00144003886369945,41.2865183932611,61
"{GOBE NAPOLITANE CU CREMA MIXTA 120G} => {_BANANE}",0.000156148792449338,0.108433734939759,0.00144003886369945,1.99728298012289,54
"{SALAM TURIST FOX} => {PAINE CU CARTOFI FELII BACHUS 1.2 KG}",0.000173498658277043,0.107719928186715,0.00161064587767188,1.30869968189856,60
"{SLANINA AFUMATA BENEDEK} => {APA MINERALA NATURALA CARBOGAZIFICATA CONTINUT REDUS CO2 TUSNAD 2L}",0.000130123993707782,0.100896860986547,0.00128967335985935,1.69406010845325,45
"{FRANZELA FELII BACHUS 500G} => {SZEKELYHON}",0.000205306745627834,0.105341246290801,0.00194896826131211,6.17554350860655,71
"{FRANZELA FELII BACHUS 500G} => {APA MINERALA NATURALA CARBOGAZOASA PERLA HARGHITEI  2L}",0.000274706208938651,0.140949554896142,0.00194896826131211,6.87402889189163,95
"{SANA 3.6% PROBIOTIC LACTIS 175G} => {_BANANE}",0.000185065235495512,0.124513618677043,0.00148630517257333,2.29346458936723,64
"{CREMA GULAS DULCE UNIVER 70G RO} => {_MORCOVI}",0.000150365503840104,0.118451025056948,0.00126943184972703,3.27627027827672,52
"{BRANZA TOPITA MEDVE CU SMANTANA 140G} => {PAINE CU CARTOFI FELII BACHUS 1.2 KG}",0.000124340705098547,0.1,0.00124340705098547,1.21490953802916,43
"{STAR SNACKS CASCAVAL 90G} => {PAINE CU CARTOFI FELII BACHUS 1.2 KG}",0.000179281946886277,0.100649350649351,0.0017812528916443,1.22279856100337,62
"{ELAN PIPER NEGRU BOABE 50G} => {OTET BISTRITA 1L}",0.000150365503840104,0.118181818181818,0.00127232349403165,11.1636462963423,52
"{ELAN PIPER NEGRU BOABE 50G} => {_MORCOVI}",0.000153257148144721,0.120454545454545,0.00127232349403165,3.33168621349058,53
"{CREMA PATISERIE CU ZAHAR 25% MEGGLE 200ML} => {LAPTE DE CONSUM 1.5% GRASIME FRISS CUTIE 1L}",0.000159040436753956,0.108481262327416,0.00146606366244101,3.29024943546013,55
"{DR.OETKER DROJDIE USCATA 7G} => {DR.OETKER PRAF DE COPT 10G}",0.000167715369667808,0.133640552995392,0.00125497362820394,25.2271346064838,58
"{DR.OETKER DROJDIE USCATA 7G} => {DR.OETKER ZAHAR VANILINAT 8G}",0.000202415101323216,0.161290322580645,0.00125497362820394,24.6152094069413,70
"{DR.OETKER DROJDIE USCATA 7G} => {PAINE CU CARTOFI FELII BACHUS 1.2 KG}",0.000141690570926252,0.112903225806452,0.00125497362820394,1.37167205906518,49
"{SALAM VICTORIA GROS CAMPOFRIO} => {PAINE CU CARTOFI FELII BACHUS 1.2 KG}",0.000196631812713982,0.14020618556701,0.00140244748773943,1.70337832136047,68
"{FAINA PAMBAC 000 1KG} => {DROJDIE PROASPATA BUDAFOK 50G}",0.00018795687980013,0.13265306122449,0.00141690570926251,13.9309481460364,65
"{KETCHUP DULCE TOMI 500G} => {LAPTE DE CONSUM 1.5% GRASIME FRISS CUTIE 1L}",0.000150365503840104,0.10655737704918,0.00141112242065328,3.23189776887,52
"{KETCHUP DULCE TOMI 500G} => {APA MINERALA NATURALA CARBOGAZIFICATA CONTINUT REDUS CO2 TUSNAD 2L}",0.000159040436753956,0.112704918032787,0.00141112242065328,1.89231759837697,55
"{MARGARINA RAMA CU GUST DE UNT 400G} => {PAINE CU CARTOFI FELII BACHUS 1.2 KG}",0.000182173591190895,0.118867924528302,0.00153257148144721,1.44413775275164,63
"{_FASOLE COLORATE KG} => {_MORCOVI}",0.000202415101323216,0.114192495921697,0.00177257795873045,3.15848242098895,70
"{_FASOLE COLORATE KG} => {PAINE CU CARTOFI FELII BACHUS 1.2 KG}",0.000190848524104747,0.107667210440457,0.00177257795873045,1.30805920897104,66
"{COZONAC BACHUS 500G} => {PAINE CU CARTOFI FELII BACHUS 1.2 KG}",0.000196631812713982,0.121428571428571,0.00161932081058573,1.47524729617826,68
"{SIO SUC DE PIERSICA 25% 200ML} => {SZEKELYHON}",0.000193740168409364,0.127619047619048,0.00151811325992412,7.48156120084922,67
"{SIO SUC DE PIERSICA 25% 200ML} => {_BANANE}",0.000280489497547886,0.184761904761905,0.00151811325992412,3.40320111597235,97
"{CHESTERFIELD BLACK CROWN RCB 100} => {CHESTERFIELD BLUE CROWN RCB 100}",0.000549412417877302,0.287878787878788,0.00190848524104747,58.4588337870781,190
"{CHESTERFIELD BLUE CROWN RCB 100} => {CHESTERFIELD BLACK CROWN RCB 100}",0.000549412417877302,0.111567821491486,0.00492447025076339,58.4588337870781,190
"{CHESTERFIELD BLACK CROWN RCB 100} => {APA DE MASA CARBOGAZOASA SICULAQUA 3L}",0.000323864162117146,0.16969696969697,0.00190848524104747,39.3596813202447,112
"{CHESTERFIELD BLACK CROWN RCB 100} => {_MERE ROSII}",0.000205306745627834,0.107575757575758,0.00190848524104747,7.02725326556078,71
"{SALAM KISKARPATI KRASNO} => {_BANANE}",0.000211090034237069,0.153361344537815,0.00137642268899787,2.82482203001041,73
"{SALAM KISKARPATI KRASNO} => {PAINE CU CARTOFI FELII BACHUS 1.2 KG}",0.000199523457018599,0.144957983193277,0.00137642268899787,1.76110836394983,69
"{IAURT 2.8% PROBIOTIC LACTIS 175G} => {LAPTE DE CONSUM 1.5% GRASIME FRISS CUTIE 1L}",0.000497362820394189,0.285714285714286,0.00174076987137966,8.6657478637833,172
"{IAURT 2.8% PROBIOTIC LACTIS 175G} => {_BANANE}",0.000193740168409364,0.111295681063123,0.00174076987137966,2.04999827472561,67
"{MARGARINA CU VITAMINE BORDS EVE 500G} => {PAINE CU CARTOFI FELII BACHUS 1.2 KG}",0.000182173591190895,0.109947643979058,0.00165691218654576,1.33576441353991,63
"{_ROSII ROZE VRAC} => {_CASTRAVETI CORNISON}",0.00024289812158786,0.152173913043478,0.00159618765614879,16.6063083951871,84
"{_ROSII ROZE VRAC} => {_BANANE}",0.000202415101323216,0.126811594202899,0.00159618765614879,2.33579189100523,70
"{CONSERVANT ACID SALICILIC HA 15G} => {DR.OETKER CONSERVANT 7G}",0.000205306745627834,0.121783876500858,0.00168582862959193,44.1928513190269,71
"{CONSERVANT ACID SALICILIC HA 15G} => {OTET BISTRITA 1L}",0.00018795687980013,0.111492281303602,0.00168582862959193,10.5317417890022,65
"{BISCUITI CU COCOS GYORI EDES 180G} => {BISCUITI EREDETI GYORI EDES 180G}",0.000159040436753956,0.113871635610766,0.00139666419913019,45.7901680389041,55
"{BISCUITI CU COCOS GYORI EDES 180G} => {PAINE CU CARTOFI FELII BACHUS 1.2 KG}",0.000170607013972425,0.122153209109731,0.00139666419913019,1.48405098848282,59
"{REAL PATEU DE PORC 48G} => {REAL PATEU DE PUI 48G}",0.000306514296289442,0.237136465324385,0.00129256500416397,144.889542375159,106
"{REAL PATEU DE PUI 48G} => {REAL PATEU DE PORC 48G}",0.000306514296289442,0.187279151943463,0.00163667067641344,144.889542375159,106
"{REAL PATEU DE PORC 48G} => {PAINE CU CARTOFI FELII BACHUS 1.2 KG}",0.000147473859535486,0.114093959731544,0.00129256500416397,1.38613839909367,51
"{PATE DE SOMON HAME 100G} => {PASTA DE TON HAME 100G}",0.000234223188674008,0.193317422434368,0.00121159896363468,48.3746774934462,81
"{PATE DE SOMON HAME 100G} => {PAINE CU CARTOFI FELII BACHUS 1.2 KG}",0.000150365503840104,0.124105011933174,0.00121159896363468,1.50776362714836,52
"{HARTIE IGIENICA NATUR 10+2 ROLE GYEMANT} => {APA MINERALA NATURALA CARBOGAZIFICATA CONTINUT REDUS CO2 TUSNAD 2L}",0.00024289812158786,0.133971291866029,0.0018130609789951,2.24938039706159,84
"{SALAM ALPESI KRASNO} => {_BANANE}",0.000193740168409364,0.135353535353535,0.0014313639307856,2.49312921491883,67
"{SALAM ALPESI KRASNO} => {PAINE CU CARTOFI FELII BACHUS 1.2 KG}",0.000144582215230869,0.101010101010101,0.0014313639307856,1.2271813515446,50
"{BERE CIUC GUST DE LAMAIE NATUR RADLER DOZA 500ML} => {CAFEA AMAROY EXTRA 500G}",0.000190848524104747,0.12,0.00159040436753956,43.8677378435518,66
"{BERE CIUC GUST DE LAMAIE NATUR RADLER DOZA 500ML} => {APA MINERALA NATURALA CARBOGAZIFICATA CONTINUT REDUS CO2 TUSNAD 2L}",0.000769177385028222,0.483636363636364,0.00159040436753956,8.12026323339233,266
"{7DAYS CROISSANT CU CREMA DE CACAO 85G} => {PAINE CU CARTOFI FELII BACHUS 1.2 KG}",0.000205306745627834,0.108895705521472,0.00188535208661053,1.32298431288451,71
"{KINDER CIOCOLATA COUNTRY 23.5G} => {_BANANE}",0.000182173591190895,0.109375,0.00166558711945961,2.01462050599201,63
"{UNT DE MASA 65% GRASIME COVALACT 180G} => {_BANANE}",0.000159040436753956,0.113871635610766,0.00139666419913019,2.09744577967817,55
"{UNT DE MASA 65% GRASIME COVALACT 180G} => {PAINE CU CARTOFI FELII BACHUS 1.2 KG}",0.00017639030258166,0.126293995859213,0.00139666419913019,1.53435780165173,61
"{SALAM SARBESC GASTRO FELIAT FOX 100G} => {APA MINERALA NATURALA CARBOGAZIFICATA CONTINUT REDUS CO2 TUSNAD 2L}",0.000159040436753956,0.121145374449339,0.00131280651429629,2.0340330132334,55
"{SALAM SARBESC GASTRO FELIAT FOX 100G} => {_BANANE}",0.000133015638012399,0.101321585903084,0.00131280651429629,1.86628155117699,46
"{SALAM SARBESC GASTRO FELIAT FOX 100G} => {PAINE CU CARTOFI FELII BACHUS 1.2 KG}",0.000234223188674008,0.1784140969163,0.00131280651429629,2.16756988062471,81
"{STICKS CU SARE CROCO 40G} => {_BANANE}",0.000202415101323216,0.130597014925373,0.00154992134727491,2.40551702208001,70
"{PASTE SPAGHETE CU 4 OUA GYERMELYI 500G} => {PAINE CU CARTOFI FELII BACHUS 1.2 KG}",0.00017639030258166,0.122,0.00144582215230869,1.48218963639557,61
"{HEETS AMBER LABEL} => {PAINE CU CARTOFI FELII BACHUS 1.2 KG}",0.00024289812158786,0.103960396039604,0.00233644859813084,1.26302476725804,84
"{NAPOLITANE CU CREMA DE LAMAIE ALFERS 170G} => {_BANANE}",0.000182173591190895,0.107142857142857,0.00170028685111502,1.97350580178809,63
"{NAPOLITANE CU CREMA DE LAMAIE ALFERS 170G} => {PAINE CU CARTOFI FELII BACHUS 1.2 KG}",0.000196631812713982,0.115646258503401,0.00170028685111502,1.40499742493168,68
"{GOBE CARNATI AFUMATI UDVARHELYI} => {PAINE CU CARTOFI FELII BACHUS 1.2 KG}",0.000182173591190895,0.13125,0.00138798926621634,1.59456876866327,63
"{CARNATI CU CASCAVAL BERTIS} => {PAINE CU CARTOFI FELII BACHUS 1.2 KG}",0.000240006477283242,0.162426614481409,0.00147763023965948,1.97333643163249,83
"{CORVIN REJTVENYMAGAZIN} => {SKANDI CORVIN}",0.00065061996853891,0.265643447461629,0.00244922272601092,112.580734773248,225
"{SKANDI CORVIN} => {CORVIN REJTVENYMAGAZIN}",0.00065061996853891,0.275735294117647,0.00235958175256778,112.580734773248,225
"{CIOCOLATA MILKA LAPTE 100G} => {_BANANE}",0.000179281946886277,0.104377104377104,0.00171763671694272,1.92256232991253,62
"{JUMARI MARUNTIT BERKE 120G} => {PAINE CU CARTOFI FELII BACHUS 1.2 KG}",0.000159040436753956,0.104562737642586,0.00152100490422874,1.27034267284418,55
"{MAGGI CUB GAINA 120G} => {_MORCOVI}",0.000193740168409364,0.141649048625793,0.00136774775608402,3.9179109487296,67
"{ELAN OASE AFUMATE} => {_MORCOVI}",0.000170607013972425,0.101899827288428,0.00167426205237346,2.81847603552695,59
"{BRANZA TOPITA CU SMANTANA HOCHLAND 140G} => {PAINE CU CARTOFI FELII BACHUS 1.2 KG}",0.000161932081058573,0.120430107526882,0.00134461460164708,1.46311686300286,56
"{HARTIE IGIENICA NATUR FARA TUB 60G} => {_BANANE}",0.000248681410197094,0.159554730983302,0.00155859628018877,2.938900414784,86
"{CIOCOLATA MILKA DESERT 100G} => {BERE BORSODI DOZA 500ML}",0.000413505135560285,0.24486301369863,0.00168872027389655,106.649252958835,143
"{BERE BORSODI DOZA 500ML} => {CIOCOLATA MILKA DESERT 100G}",0.000413505135560285,0.180100755667506,0.0022959655778662,106.649252958835,143
"{CIOCOLATA MILKA DESERT 100G} => {APA MINERALA NATURALA CARBOGAZIFICATA TUSNAD 2L}",0.000213981678541686,0.126712328767123,0.00168872027389655,17.265628204713,74
"{CIOCOLATA MILKA DESERT 100G} => {SZEKELYHON}",0.000225548255760155,0.133561643835616,0.00168872027389655,7.82994099301716,78
"{BISCUITI EUGENIA CU CREMA CACAO CROCO 25G} => {PAINE CU CARTOFI FELII BACHUS 1.2 KG}",0.000182173591190895,0.100961538461538,0.00180438604608124,1.22659136051021,63
"{BOIA DE ARDEI DULCE CAL II THYMOS 50G} => {PAINE CU CARTOFI FELII BACHUS 1.2 KG}",0.000153257148144721,0.106854838709677,0.00143425557509022,1.29818962732954,53
"{_RIDICHI NEGRU KG} => {_MORCOVI}",0.000190848524104747,0.112436115843271,0.0016973952068104,3.10990220950038,66
"{_RIDICHI NEGRU KG} => {_BANANE}",0.000196631812713982,0.115843270868825,0.0016973952068104,2.13376209347219,68
"{_RIDICHI NEGRU KG} => {PAINE CU CARTOFI FELII BACHUS 1.2 KG}",0.000185065235495512,0.109028960817717,0.0016973952068104,1.32460324418852,64
"{MUSCHI AZUGA VRAC FOX} => {PAINE CU CARTOFI FELII BACHUS 1.2 KG}",0.000254464698806329,0.173228346456693,0.00146895530674563,2.10456770367256,88
"{PATE DE PORC INTEGRAL SIBIU 120G} => {PARIZER CRISTUR}",0.000141690570926252,0.102083333333333,0.00138798926621634,8.3994448409866,49
"{PATE DE PORC INTEGRAL SIBIU 120G} => {_BANANE}",0.000144582215230869,0.104166666666667,0.00138798926621634,1.91868619618287,50
"{PATE DE PORC INTEGRAL SIBIU 120G} => {PAINE CU CARTOFI FELII BACHUS 1.2 KG}",0.000161932081058573,0.116666666666667,0.00138798926621634,1.41739446103402,56
"{COMPOT DE VISINE FARA SAMBURI KATO/ERVOLGYE 680G} => {_BANANE}",0.000280489497547886,0.156451612903226,0.00179281946886277,2.88174288046046,97
"{BATON CIOCOLATA SPORT 31G} => {_BANANE}",0.000199523457018599,0.112012987012987,0.0017812528916443,2.06321061096028,69
"{BATON CIOCOLATA SPORT 31G} => {PAINE CU CARTOFI FELII BACHUS 1.2 KG}",0.000190848524104747,0.107142857142857,0.0017812528916443,1.30168879074553,66
"{PUFULETI MEGASURPRISE GUSTO 60G} => {_BANANE}",0.00018795687980013,0.100463678516229,0.00187089386508744,1.85047942259368,65
"{PUFULETI MEGASURPRISE GUSTO 60G} => {PAINE CU CARTOFI FELII BACHUS 1.2 KG}",0.000190848524104747,0.102009273570325,0.00187089386508744,1.23932039428013,66
"{BERE BORSODI DOZA 500ML} => {DANONE IAURT DELICIOS BISCUITI 125G}",0.000274706208938651,0.119647355163728,0.0022959655778662,37.7182561095178,95
"{BERE BORSODI DOZA 500ML} => {APA MINERALA NATURALA CARBOGAZIFICATA TUSNAD 2L}",0.00035278060516332,0.153652392947103,0.0022959655778662,20.936440164909,122
"{BERE BORSODI DOZA 500ML} => {SZEKELYHON}",0.000373022115295642,0.162468513853904,0.0022959655778662,9.52458235887652,129
"{BERE BORSODI DOZA 500ML} => {OUA PROASPETE}",0.000263139631720181,0.114609571788413,0.0022959655778662,4.00796243848278,91
"{ESENTA DE ROM ADAZIA 25ML} => {DR.OETKER ZAHAR VANILINAT 8G}",0.000182173591190895,0.125,0.00145738872952716,19.0767872903795,63
"{_SALATA VERDE BUC} => {_BANANE}",0.000196631812713982,0.113144758735441,0.00173787822707504,2.08405715285886,68
"{REAL OREZ CAL B 500G} => {_MORCOVI}",0.000179281946886277,0.119001919385797,0.00150654668270565,3.29150761974516,62
"{CASCAVAL CIUC FRISS 400G} => {LAPTE DE CONSUM 1.5% GRASIME FRISS CUTIE 1L}",0.00017639030258166,0.117988394584139,0.00149498010548718,3.57860187411554,61
"{CASCAVAL CIUC FRISS 400G} => {PAINE CU CARTOFI FELII BACHUS 1.2 KG}",0.000248681410197094,0.166344294003868,0.00149498010548718,2.02093269382026,86
"{BISCUITI PETIT BEURRE NEFIS 185G} => {_BANANE}",0.00028627278615712,0.151840490797546,0.00188535208661053,2.79680883566288,99
"{GIANA TON MARUNTIT IN ULEI VEGETAL 170G} => {PAINE CU CARTOFI FELII BACHUS 1.2 KG}",0.000208198389932451,0.122033898305085,0.00170607013972425,1.48260147013728,72
"{CHIPS DE CARTOFI SARATI LIZA SNACK 45G} => {PAINE CU CARTOFI FELII BACHUS 1.2 KG}",0.000228439900064773,0.108516483516484,0.00210511705376145,1.3183771085756,79
"{CONSERVA SUNCA DE PORC HAME 105G} => {APA MINERALA NATURALA CARBOGAZIFICATA CONTINUT REDUS CO2 TUSNAD 2L}",0.000208198389932451,0.160356347438753,0.0012983482927732,2.69238595410299,72
"{CONSERVA SUNCA DE PORC HAME 105G} => {PAINE CU CARTOFI FELII BACHUS 1.2 KG}",0.000190848524104747,0.146993318485523,0.0012983482927732,1.7858358465462,66
"{SALAM DE CASA AFUMAT GASTRO BERKE} => {PAINE CU CARTOFI FELII BACHUS 1.2 KG}",0.000193740168409364,0.112794612794613,0.00171763671694272,1.37035250922481,67
"{BONDUELLE GOLD PORUMB BOABE 170G} => {BONDUELLE MAZARE VERDE BOABE 200G}",0.000329647450726381,0.214689265536723,0.00153546312575183,125.625550871357,114
"{BONDUELLE MAZARE VERDE BOABE 200G} => {BONDUELLE GOLD PORUMB BOABE 170G}",0.000329647450726381,0.192893401015228,0.00170896178402887,125.625550871357,114
"{BONDUELLE GOLD PORUMB BOABE 170G} => {_MORCOVI}",0.00017639030258166,0.114877589453861,0.00153546312575183,3.1774316160355,61
"{BONDUELLE GOLD PORUMB BOABE 170G} => {_BANANE}",0.000193740168409364,0.126177024482109,0.00153546312575183,2.32410350543281,67
"{BERE BECK S DOZA 500ML} => {MARLBORO TOUCH 6}",0.000422180068474137,0.183417085427136,0.00230174886647543,53.7087469523741,146
"{MARLBORO TOUCH 6} => {BERE BECK S DOZA 500ML}",0.000422180068474137,0.123624047417443,0.00341503192375312,53.7087469523741,146
"{BERE BECK S DOZA 500ML} => {APA MINERALA NATURALA CARBOGAZIFICATA CONTINUT REDUS CO2 TUSNAD 2L}",0.000427963357083372,0.185929648241206,0.00230174886647543,3.12176213396936,148
"{_DOVLECEI KG} => {_MORCOVI}",0.000208198389932451,0.117647058823529,0.00176968631442584,3.25403314969113,72
"{_DOVLECEI KG} => {_BANANE}",0.000196631812713982,0.111111111111111,0.00176968631442584,2.04659860926172,68
"{LAPTE BATUT 2% LACTIS 1L} => {LAPTE DE CONSUM 1.5% GRASIME FRISS CUTIE 1L}",0.000257356343110947,0.121917808219178,0.00211090034237069,3.69778145146369,89
"{APA MINERALA NATURALA PLATA PERLA HARGHITEI 5L ROZ} => {APA MINERALA NATURALA CARBOGAZIFICATA CONTINUT REDUS CO2 TUSNAD 2L}",0.000387480336818729,0.124883504193849,0.00310273433885445,2.09679627879466,134
"{_PERE} => {_BANANE}",0.000349888960858703,0.192982456140351,0.0018130609789951,3.55461863713879,121
"{PATE PORC BUCEGI 200G} => {PAINE CU CARTOFI FELII BACHUS 1.2 KG}",0.000318080873507912,0.20109689213894,0.00158172943462571,2.44314532327619,110
"{BATON LAPTE END-IBO 40G} => {APA MINERALA NATURALA CARBOGAZIFICATA CONTINUT REDUS CO2 TUSNAD 2L}",0.000245789765892477,0.11938202247191,0.00205885074488757,2.00442630185589,85
"{BATON LAPTE END-IBO 40G} => {PAINE CU CARTOFI FELII BACHUS 1.2 KG}",0.000219764967150921,0.106741573033708,0.00205885074488757,1.29681355182888,76
"{DR.OETKER AMONIU PENTRU PRAJITURI 7G} => {DR.OETKER PRAF DE COPT 10G}",0.000329647450726381,0.205405405405405,0.00160486258906264,38.7740823793226,114
"{DR.OETKER AMONIU PENTRU PRAJITURI 7G} => {DR.OETKER ZAHAR VANILINAT 8G}",0.000292056074766355,0.181981981981982,0.00160486258906264,27.7730524876156,101
"{DANONE CREMOSSO IAURT NATUR 125G} => {APA MINERALA NATURALA CARBOGAZIFICATA CONTINUT REDUS CO2 TUSNAD 2L}",0.000355672249467937,0.196172248803828,0.0018130609789951,3.29373558141161,123
"{DANONE CREMOSSO IAURT NATUR 125G} => {_BANANE}",0.000257356343110947,0.141945773524721,0.0018130609789951,2.61455420417646,89
"{PARIZER CU PIEPT PUI CAROLI} => {PAINE CU CARTOFI FELII BACHUS 1.2 KG}",0.000205306745627834,0.113964686998395,0.00180149440177663,1.38456785232858,71
"{MUSCHI FILE AFUMAT CRIS-TIM} => {PAINE CU CARTOFI FELII BACHUS 1.2 KG}",0.000205306745627834,0.12701252236136,0.00161642916628111,1.54308724865958,71
"{POLONEZ CAROLI KG} => {PAINE CU CARTOFI FELII BACHUS 1.2 KG}",0.000199523457018599,0.109697933227345,0.00181884426760433,1.33273065379987,69
"{CAFEA JACOBS KRONUNG 250G} => {_BANANE}",0.000208198389932451,0.100278551532033,0.00207620061071528,1.84706949693816,72
"{CAFEA JACOBS KRONUNG 250G} => {PAINE CU CARTOFI FELII BACHUS 1.2 KG}",0.000211090034237069,0.101671309192201,0.00207620061071528,1.23521443281516,73
"{CARNATI SECUIESTI LA METRU BENEDEK} => {PAINE CU CARTOFI FELII BACHUS 1.2 KG}",0.000193740168409364,0.118374558303887,0.00163667067641344,1.43814379943381,67
"{BRANZA TOPITA NATUR FALUSI 140G} => {DANONE ACTIVIA NATUR 125G}",0.000150365503840104,0.103585657370518,0.00145160544091792,10.4774514110857,52
"{BRANZA TOPITA NATUR FALUSI 140G} => {_BANANE}",0.000280489497547886,0.193227091633466,0.00145160544091792,3.55912467307866,97
"{CONSERVA PORUMB DULCE BOABE DELIKAT NOVA 170G} => {_BANANE}",0.00023133154436939,0.136752136752137,0.00169161191820117,2.51889059601443,80
"{OREZ CU LAPTE CU VISINE MULLER RISO 200G} => {OREZ CU LAPTE CU CIOCOLATA MULLER RISO 200G}",0.000349888960858703,0.207547169811321,0.00168582862959193,126.14199025102,121
"{OREZ CU LAPTE CU CIOCOLATA MULLER RISO 200G} => {OREZ CU LAPTE CU VISINE MULLER RISO 200G}",0.000349888960858703,0.212653778558875,0.00164534560932729,126.14199025102,121
"{OREZ CU LAPTE CU VISINE MULLER RISO 200G} => {OREZ CU LAPTE CU CAPSUNI MULLER RISO 200G}",0.000413505135560285,0.245283018867925,0.00168582862959193,141.139358930085,143
"{OREZ CU LAPTE CU CAPSUNI MULLER RISO 200G} => {OREZ CU LAPTE CU VISINE MULLER RISO 200G}",0.000413505135560285,0.237936772046589,0.00173787822707504,141.139358930085,143
"{OREZ CU LAPTE CU VISINE MULLER RISO 200G} => {_BANANE}",0.000245789765892477,0.145797598627787,0.00168582862959193,2.68550246326796,85
"{OREZ CU LAPTE CU VISINE MULLER RISO 200G} => {PAINE CU CARTOFI FELII BACHUS 1.2 KG}",0.000216873322846303,0.128644939965695,0.00168582862959193,1.56291964583511,75
"{ARIPI PUI REFRIGERAT VRAC SZEKELY CSURKE} => {PULPE DE PUI INFERIOARE REFR.VRAC SZEKELY CSURKE}",0.00018795687980013,0.101088646967341,0.00185932728786897,30.9370621671094,65
"{ARIPI PUI REFRIGERAT VRAC SZEKELY CSURKE} => {_MORCOVI}",0.000190848524104747,0.102643856920684,0.00185932728786897,2.83905536077251,66
"{MARGARINA UNIREA 250G} => {DROJDIE PROASPATA BUDAFOK 50G}",0.000260247987415564,0.13953488372093,0.00186511057647821,14.6536628083532,90
"{KNORR DELIKAT LEGUME GUSTUL DE ACASA 75G} => {_MORCOVI}",0.000196631812713982,0.117647058823529,0.00167137040806884,3.25403314969113,68
"{KNORR DELIKAT LEGUME GUSTUL DE ACASA 75G} => {_BANANE}",0.000170607013972425,0.102076124567474,0.00167137040806884,1.88017969120757,59
"{KNORR DELIKAT LEGUME GUSTUL DE ACASA 75G} => {PAINE CU CARTOFI FELII BACHUS 1.2 KG}",0.000361455538077172,0.216262975778547,0.00167137040806884,2.62739951995925,125
"{DANONE ACTIVIA MUSLI PIERSICI 125G} => {DANONE ACTIVIA FIBRE MUSLI CAPSUNI 125G}",0.000508929397612658,0.245467224546722,0.00207330896641066,111.695338765323,176
"{DANONE ACTIVIA FIBRE MUSLI CAPSUNI 125G} => {DANONE ACTIVIA MUSLI PIERSICI 125G}",0.000508929397612658,0.231578947368421,0.00219764967150921,111.695338765323,176
"{APA MINERALA NATURALA CARBOGAZIFICATA CONTINUT REDUS CO2 TUSNAD 1L} => {PAINE CU CARTOFI FELII BACHUS 1.2 KG}",0.000425071712778754,0.148036253776435,0.00287140279448506,1.79850656687096,147
"{PUFARIN CU AROME DE FRUCTE DINOFARINO 100G} => {PAINE CU CARTOFI FELII BACHUS 1.2 KG}",0.000216873322846303,0.125628140703518,0.00172631164985657,1.52626826385573,75
"{_CAISE} => {_BANANE}",0.00029783936337559,0.144257703081232,0.00206463403349681,2.65713853051207,103
"{NESCAFE 3IN1 MILD 15G} => {NESCAFE 3IN1 ORIGINAL 16.5G}",0.000312297584898677,0.144578313253012,0.00216005829554918,60.6044249726177,108
"{NESCAFE 3IN1 ORIGINAL 16.5G} => {NESCAFE 3IN1 MILD 15G}",0.000312297584898677,0.130909090909091,0.00238560655130934,60.6044249726177,108
"{PRAJITURA GYORI DORMI CU CR.CIOCOLATA 30G} => {PRAJITURA GYORI DORMI CU CR.LAPTE 30G}",0.000436638289997224,0.245928338762215,0.00177546960303507,132.473398479913,151
"{PRAJITURA GYORI DORMI CU CR.LAPTE 30G} => {PRAJITURA GYORI DORMI CU CR.CIOCOLATA 30G}",0.000436638289997224,0.235202492211838,0.00185643564356436,132.473398479913,151
"{PRAJITURA GYORI DORMI CU CR.CIOCOLATA 30G} => {_BANANE}",0.000185065235495512,0.104234527687296,0.00177546960303507,1.91993615461686,64
"{OREZ CU LAPTE CU CIOCOLATA MULLER RISO 200G} => {OREZ CU LAPTE CU CAPSUNI MULLER RISO 200G}",0.000344105672249468,0.209138840070299,0.00164534560932729,120.341481245376,119
"{OREZ CU LAPTE CU CAPSUNI MULLER RISO 200G} => {OREZ CU LAPTE CU CIOCOLATA MULLER RISO 200G}",0.000344105672249468,0.198003327787022,0.00173787822707504,120.341481245376,119
"{OREZ CU LAPTE CU CIOCOLATA MULLER RISO 200G} => {APA MINERALA NATURALA CARBOGAZIFICATA CONTINUT REDUS CO2 TUSNAD 2L}",0.00017639030258166,0.107205623901582,0.00164534560932729,1.79998435112592,61
"{OREZ CU LAPTE CU CIOCOLATA MULLER RISO 200G} => {_BANANE}",0.000179281946886277,0.10896309314587,0.00164534560932729,2.00703343403874,62
"{OREZ CU LAPTE CU CIOCOLATA MULLER RISO 200G} => {PAINE CU CARTOFI FELII BACHUS 1.2 KG}",0.000349888960858703,0.212653778558875,0.00164534560932729,2.58355103869118,121
"{BONDUELLE MAZARE VERDE BOABE 200G} => {_TELINA}",0.000225548255760155,0.131979695431472,0.00170896178402887,7.51799476081262,78
"{BONDUELLE MAZARE VERDE BOABE 200G} => {_PATRUNJEL RADACINA KG}",0.000271814564634033,0.159052453468697,0.00170896178402887,8.03097615248339,94
"{BONDUELLE MAZARE VERDE BOABE 200G} => {_MORCOVI}",0.000425071712778754,0.248730964467005,0.00170896178402887,6.8797198317074,147
"{BONDUELLE MAZARE VERDE BOABE 200G} => {_BANANE}",0.000211090034237069,0.123519458544839,0.00170896178402887,2.27515276867166,73
"{BAZA PENTRU MANCARE PODRAVKA ROSU 75G} => {_MORCOVI}",0.000202415101323216,0.123674911660777,0.00163667067641344,3.42075922979898,70
"{DANONE IAURT DELICIOS VISINE 125G} => {DANONE IAURT DELICIOS CAPSUNI 125G}",0.000367238826686407,0.256048387096774,0.00143425557509022,132.556403322387,127
"{DANONE IAURT DELICIOS CAPSUNI 125G} => {DANONE IAURT DELICIOS VISINE 125G}",0.000367238826686407,0.190119760479042,0.00193161839548441,132.556403322387,127
"{DANONE IAURT DELICIOS VISINE 125G} => {DANONE IAURT DELICIOS FRUCTE DE PADURE 125G}",0.000422180068474137,0.294354838709677,0.00143425557509022,142.569982831842,146
"{DANONE IAURT DELICIOS FRUCTE DE PADURE 125G} => {DANONE IAURT DELICIOS VISINE 125G}",0.000422180068474137,0.204481792717087,0.00206463403349681,142.569982831842,146
"{DANONE IAURT DELICIOS VISINE 125G} => {DANONE IAURT DELICIOS BISCUITI 125G}",0.000332539095030998,0.231854838709677,0.00143425557509022,73.0911282971153,115
"{DANONE IAURT DELICIOS BISCUITI 125G} => {DANONE IAURT DELICIOS VISINE 125G}",0.000332539095030998,0.104831358249772,0.00317213380216526,73.0911282971153,115
"{DANONE IAURT DELICIOS VISINE 125G} => {DANONE ACTIVIA NATUR 125G}",0.000216873322846303,0.151209677419355,0.00143425557509022,15.2945116946098,75
"{DANONE IAURT DELICIOS VISINE 125G} => {PUFULETI GUSTO 45G}",0.000173498658277043,0.120967741935484,0.00143425557509022,9.96986377194871,60
"{DANONE IAURT DELICIOS VISINE 125G} => {_BANANE}",0.000361455538077172,0.252016129032258,0.00143425557509022,4.64198273270048,125
"{PREPARAT ALIMENTAR DIN LAPTE DEGRESAT SI GRASIMI VEGETALE AKADIA} => {PAINE CU CARTOFI FELII BACHUS 1.2 KG}",0.00024289812158786,0.13953488372093,0.00174076987137966,1.69522261120348,84
"{MARGARINA OLIVE BORDS EVE 500G} => {PAINE CU CARTOFI FELII BACHUS 1.2 KG}",0.000240006477283242,0.114010989010989,0.00210511705376145,1.38513037989588,83
"{NESCAFE 3IN1 STRONG 14G} => {PAINE CU CARTOFI FELII BACHUS 1.2 KG}",0.000213981678541686,0.102920723226704,0.00207909225501989,1.25039368308982,74
"{_PERE EXTRA} => {_BANANE}",0.000384588692514111,0.193033381712627,0.00199234292588137,3.55555665498735,133
"{PARIZER SECUIESC MAXI BENEDEK} => {PAINE CU CARTOFI FELII BACHUS 1.2 KG}",0.000306514296289442,0.162327718223583,0.00188824373091515,1.97213493156341,106
"{_PEPENE GALBEN} => {_BANANE}",0.000326755806421764,0.140547263681592,0.00232488202091237,2.58879450947658,113
"{CARNATI DE PORC CASA AFUMAT BERKE} => {PAINE CU CARTOFI FELII BACHUS 1.2 KG}",0.000219764967150921,0.124590163934426,0.0017639030258166,1.51365778508551,76
"{MOGYI PORUMB PT.POPCORN MICRO CU CASC.100G} => {MOGYI PORUMB PT.POPCORN MICRO CU SARE 100G}",0.000323864162117146,0.188870151770658,0.00171474507263811,80.0439109876666,112
"{MOGYI PORUMB PT.POPCORN MICRO CU SARE 100G} => {MOGYI PORUMB PT.POPCORN MICRO CU CASC.100G}",0.000323864162117146,0.137254901960784,0.00235958175256778,80.0439109876666,112
"{MOGYI PORUMB PT.POPCORN MICRO CU CASC.100G} => {MOGYI PORUMB PT.POPCORN MICRO CU UNT 100G}",0.000491579531784954,0.286677908937605,0.0017147450726381,114.745487477359,170
"{MOGYI PORUMB PT.POPCORN MICRO CU UNT 100G} => {MOGYI PORUMB PT.POPCORN MICRO CU CASC.100G}",0.000491579531784954,0.196759259259259,0.00249838067918941,114.745487477359,170
"{OREZ CU LAPTE CU CAPSUNI MULLER RISO 200G} => {APA MINERALA NATURALA CARBOGAZIFICATA CONTINUT REDUS CO2 TUSNAD 2L}",0.000193740168409364,0.111480865224626,0.00173787822707504,1.87176572973933,67
"{OREZ CU LAPTE CU CAPSUNI MULLER RISO 200G} => {_BANANE}",0.000216873322846303,0.124792013311148,0.00173787822707504,2.2985924480061,75
"{OREZ CU LAPTE CU CAPSUNI MULLER RISO 200G} => {PAINE CU CARTOFI FELII BACHUS 1.2 KG}",0.000289164430461738,0.166389351081531,0.00173787822707504,2.02148009655434,100
"{REAL PATEU DE PUI 48G} => {_BANANE}",0.00024289812158786,0.148409893992933,0.00163667067641344,2.73361934381955,84
"{REAL PATEU DE PUI 48G} => {PAINE CU CARTOFI FELII BACHUS 1.2 KG}",0.000173498658277043,0.106007067137809,0.00163667067641344,1.28788996964222,60
"{PARIZER TARANESC DE PUI CRIS-TIM KG} => {PAINE CU CARTOFI FELII BACHUS 1.2 KG}",0.00024289812158786,0.117482517482517,0.00206752567780142,1.42730631041188,84
"{ULEI VENUSZ 1L} => {PAINE CU CARTOFI FELII BACHUS 1.2 KG}",0.000219764967150921,0.11377245508982,0.00193161839548441,1.38223240853617,76
"{BERE CIUC PREMIUM DOZA 500ML} => {APA MINERALA NATURALA CARBOGAZIFICATA CONTINUT REDUS CO2 TUSNAD 2L}",0.000300731007680207,0.103792415169661,0.00289742759322661,1.74267651520283,104
"{NESCAFE BRASERO 1.8G} => {HARTIE IGIENICA SOFFTY ECONOMAX 50M}",0.000225548255760155,0.119631901840491,0.00188535208661053,48.8448439457921,78
"{NESCAFE BRASERO 1.8G} => {SZEKELYHON}",0.000468446377348015,0.248466257668712,0.00188535208661053,14.5661290205161,162
"{NESCAFE BRASERO 1.8G} => {_ROSII VRAC}",0.000254464698806329,0.134969325153374,0.00188535208661053,9.28129487012139,88
"{NESCAFE BRASERO 1.8G} => {_LAMAIE^2 A nu se consuma coaja}",0.000216873322846303,0.115030674846626,0.00188535208661053,5.72461765695201,75
"{NESCAFE BRASERO 1.8G} => {OUA PROASPETE}",0.000341214027944851,0.180981595092025,0.00188535208661053,6.32903014876169,118
"{NESCAFE BRASERO 1.8G} => {_MORCOVI}",0.000234223188674008,0.124233128834356,0.00188535208661053,3.43619911589317,81
"{NESCAFE BRASERO 1.8G} => {_BANANE}",0.000566762283705006,0.300613496932515,0.00188535208661053,5.53711648272651,196
"{NESCAFE BRASERO 1.8G} => {PAINE CU CARTOFI FELII BACHUS 1.2 KG}",0.000211090034237069,0.111963190184049,0.00188535208661053,1.36025147662774,73
"{PRAJITURA GYORI DORMI CU CR.LAPTE 30G} => {_BANANE}",0.000289164430461738,0.155763239875389,0.00185643564356436,2.86906347092765,100
"{BRANZA CIOCOLATA POTTYOS NATUR 30G} => {_BANANE}",0.000228439900064773,0.104359313077939,0.00218897473859535,1.92223462507937,79
"{PASTE MELCI ONDULATI 4 OUA GYERMELYI 500G} => {PAINE CU CARTOFI FELII BACHUS 1.2 KG}",0.000280489497547886,0.132694938440492,0.0021137919866753,1.61212346359546,97
"{BISCUITI PETIT BEURRE ROSTAR 300G} => {_BANANE}",0.00024289812158786,0.11965811965812,0.0020299343018414,2.20402927151263,84
"{CREMWURSTI PIEPT PUI BENEDEK} => {PAINE CU CARTOFI FELII BACHUS 1.2 KG}",0.000268922920329416,0.128808864265928,0.00208776718793375,1.56491117779379,93
"{SUNCA PRESATA PIEPT PUI CAROLI} => {FRANZELA ALBA BACHUS 1KG}",0.000323864162117146,0.165680473372781,0.00195475154992135,5.37387769871212,112
"{SUNCA PRESATA PIEPT PUI CAROLI} => {PAINE CU CARTOFI FELII BACHUS 1.2 KG}",0.000274706208938651,0.140532544378698,0.00195475154992135,1.70734328569186,95
"{ELAN BATISTE DE HARTIE 3STR 50BUC} => {_BANANE}",0.000237114832978625,0.100737100737101,0.00235379846395855,1.85551569242648,82
"{COZONAC IMPLETIT BACHUS 250G} => {SZEKELYHON}",0.000361455538077172,0.140449438202247,0.00257356343110947,8.23373224561009,125
"{COZONAC IMPLETIT BACHUS 250G} => {_BANANE}",0.000266031276024799,0.103370786516854,0.00257356343110947,1.90402657131316,92
"{COZONAC IMPLETIT BACHUS 250G} => {PAINE CU CARTOFI FELII BACHUS 1.2 KG}",0.000309405940594059,0.120224719101124,0.00257356343110947,1.46062157942831,107
"{PROSOP DIN HARTIE ONDA CASA 2ROLA 2STRAT} => {APA MINERALA NATURALA CARBOGAZIFICATA CONTINUT REDUS CO2 TUSNAD 2L}",0.000208198389932451,0.101123595505618,0.00205885074488757,1.69786698510146,72
"{PROSOP DIN HARTIE ONDA CASA 2ROLA 2STRAT} => {PAINE CU CARTOFI FELII BACHUS 1.2 KG}",0.000240006477283242,0.116573033707865,0.00205885074488757,1.4162569052868,83
"{CEAFA DE PORC FARA OS} => {PAINE CU CARTOFI FELII BACHUS 1.2 KG}",0.000219764967150921,0.103542234332425,0.00212246691958916,1.25794448079313,76
"{BERE BUCEGI 2.5L PET} => {SZEKELYHON}",0.000520495974831128,0.126315789473684,0.00412059313407976,7.40515876910449,180
"{_FASOLE ALB MICI KG} => {_MORCOVI}",0.000318080873507912,0.121412803532009,0.00261982973998334,3.35819094366579,110
"{HARTIE IGIENICA PERFEX COTTON LIKE 10ROLE 3STRAT 200FOI/ROLA} => {PAINE CU CARTOFI FELII BACHUS 1.2 KG}",0.000245789765892477,0.100710900473934,0.00244054779309707,1.22354633569287,85
"{CARNE DE PORC IN SUC PROPRIU HAME 125G} => {PATE PORC BUCEGI 120G}",0.000257356343110947,0.120923913043478,0.00212825020819839,14.5303652899054,89
"{CARNE DE PORC IN SUC PROPRIU HAME 125G} => {PAINE CU CARTOFI FELII BACHUS 1.2 KG}",0.000306514296289442,0.144021739130435,0.00212825020819839,1.74973384553113,106
"{SALAM DE PORC CRIS-TIM} => {PAINE CU CARTOFI FELII BACHUS 1.2 KG}",0.000355672249467937,0.165322580645161,0.00215138336263533,2.00851980077401,123
"{DR.OETKER CONSERVANT 7G} => {OTET BISTRITA 1L}",0.000303622651984825,0.110178384050367,0.00275573702230036,10.4076289226534,105
"{SANGERETE VRAC} => {CALTABOS VRAC}",0.0017639030258166,0.85195530726257,0.00207041732210604,304.681067403072,610
"{CALTABOS VRAC} => {SANGERETE VRAC}",0.0017639030258166,0.63081695966908,0.002796220042565,304.681067403072,610
"{DANONE IAURT DELICIOS CAPSUNI 125G} => {DANONE IAURT DELICIOS FRUCTE DE PADURE 125G}",0.000370130470991024,0.191616766467066,0.00193161839548441,92.8090709337627,128
"{DANONE IAURT DELICIOS FRUCTE DE PADURE 125G} => {DANONE IAURT DELICIOS CAPSUNI 125G}",0.000370130470991024,0.179271708683473,0.00206463403349681,92.8090709337627,128
"{DANONE IAURT DELICIOS CAPSUNI 125G} => {DANONE IAURT DELICIOS BISCUITI 125G}",0.00028627278615712,0.148203592814371,0.00193161839548441,46.7204733650293,99
"{DANONE IAURT DELICIOS CAPSUNI 125G} => {_BANANE}",0.000396155269732581,0.205089820359281,0.00193161839548441,3.77762887008938,137
"{DANONE IAURT DELICIOS CAPSUNI 125G} => {PAINE CU CARTOFI FELII BACHUS 1.2 KG}",0.000205306745627834,0.106287425149701,0.00193161839548441,1.29129606586932,71
"{PATE PUI BUCEGI 120G} => {PATE PORC BUCEGI 120G}",0.00046266308873878,0.220689655172414,0.0020964421208476,26.5183388847619,160
"{PATE PUI BUCEGI 120G} => {PAINE CU CARTOFI FELII BACHUS 1.2 KG}",0.000263139631720181,0.12551724137931,0.0020964421208476,1.52492093738832,91
"{DANONE IAURT DELICIOS FRUCTE DE PADURE 125G} => {DANONE IAURT DELICIOS BISCUITI 125G}",0.000268922920329416,0.130252100840336,0.00206463403349681,41.0613514320952,93
"{DANONE IAURT DELICIOS FRUCTE DE PADURE 125G} => {_BANANE}",0.000315189229203294,0.15266106442577,0.00206463403349681,2.81192329927977,109
"{DANONE ACTIVIA FIBRE MUSLI CAPSUNI 125G} => {DANONE ACTIVIA NATUR 125G}",0.000240006477283242,0.109210526315789,0.00219764967150921,11.0463939902403,83
"{DANONE ACTIVIA FIBRE MUSLI CAPSUNI 125G} => {APA MINERALA NATURALA CARBOGAZIFICATA CONTINUT REDUS CO2 TUSNAD 2L}",0.000271814564634033,0.123684210526316,0.00219764967150921,2.07666011657293,94
"{DANONE ACTIVIA FIBRE MUSLI CAPSUNI 125G} => {_BANANE}",0.00023133154436939,0.105263157894737,0.00219764967150921,1.93888289298479,80
"{DANONE ACTIVIA FIBRE MUSLI CAPSUNI 125G} => {PAINE CU CARTOFI FELII BACHUS 1.2 KG}",0.00028627278615712,0.130263157894737,0.00219764967150921,1.58257952980114,99
"{MARGARINA CU SARE BORDS EVE 250G} => {PAINE CU CARTOFI FELII BACHUS 1.2 KG}",0.000318080873507912,0.131108462455304,0.00242608957157398,1.59284921553287,110
"{ELAN BICARBONAT DE SODIU 150G} => {OTET BISTRITA 1L}",0.000234223188674008,0.100123609394314,0.00233934024243546,9.45783859469523,81
"{SALAM CASA FOX} => {PAINE CU CARTOFI FELII BACHUS 1.2 KG}",0.000245789765892477,0.102781136638452,0.00239138983991857,1.24869783231534,85
"{MARLBORO TOUCH 6} => {APA MINERALA NATURALA CARBOGAZIFICATA CONTINUT REDUS CO2 TUSNAD 2L}",0.000482904598871102,0.141405588484335,0.00341503192375312,2.37420237083103,167
"{SALAM DE VARA PORT.BENEDEK} => {PAINE CU CARTOFI FELII BACHUS 1.2 KG}",0.00028627278615712,0.128072445019405,0.00223524104746923,1.5559643501279,99
"{BISCUITI PETIT BEURRE ROSTAR 100G} => {_BANANE}",0.00035278060516332,0.140877598152425,0.00250416396779865,2.59487906809397,122
"{BISCUITI PETIT BEURRE ROSTAR 100G} => {PAINE CU CARTOFI FELII BACHUS 1.2 KG}",0.000306514296289442,0.122401847575058,0.00250416396779865,1.48707172091329,106
"{BISCUITI EREDETI GYORI EDES 180G} => {_BANANE}",0.000294947719070973,0.118604651162791,0.00248681410197094,2.18462502709566,102
"{ZAHAR PUDRA KORONAS 500G} => {GRASIME VEGETALA TARTINABILA CU 70% GRASIME RAMA 250G}",0.000306514296289442,0.131840796019901,0.00232488202091237,18.3623485472356,106
"{ZAHAR PUDRA KORONAS 500G} => {DR.OETKER ZAHAR VANILINAT 8G}",0.000240006477283242,0.103233830845771,0.00232488202091237,15.7549586577264,83
"{SALAM DE PORC GASTRO CAROLI} => {PAINE CU CARTOFI FELII BACHUS 1.2 KG}",0.000300731007680207,0.120092378752887,0.00250416396779865,1.45901376391492,104
"{PALL MALL BLUE} => {PAINE CU CARTOFI FELII BACHUS 1.2 KG}",0.000795202183769779,0.197415649676956,0.00402806051633201,2.39842155748757,275
"{MOGYI PORUMB PT.POPCORN MICRO CU SARE 100G} => {MOGYI PORUMB PT.POPCORN MICRO CU UNT 100G}",0.000349888960858703,0.14828431372549,0.00235958175256778,59.3521695715323,121
"{MOGYI PORUMB PT.POPCORN MICRO CU UNT 100G} => {MOGYI PORUMB PT.POPCORN MICRO CU SARE 100G}",0.000349888960858703,0.140046296296296,0.00249838067918941,59.3521695715323,121
"{MOGYI PORUMB PT.POPCORN MICRO CU SARE 100G} => {PAINE CU CARTOFI FELII BACHUS 1.2 KG}",0.000248681410197094,0.105392156862745,0.00235958175256778,1.28041936606014,86
"{DOMESTOS PINE FRESH 750ML} => {PAINE CU CARTOFI FELII BACHUS 1.2 KG}",0.000306514296289442,0.123976608187135,0.00247235588044786,1.50620363779054,106
"{SUNCA PRAGA CRIS-TIM} => {PAINE CU CARTOFI FELII BACHUS 1.2 KG}",0.000260247987415564,0.106888361045131,0.00243476450448783,1.29859689338034,90
"{CREMA SANDVIS GORDON 125G} => {PAINE CU CARTOFI FELII BACHUS 1.2 KG}",0.000289164430461738,0.133689839572193,0.0021629499398538,1.62421061233845,100
"{HARTIE IGIENICA SOFFTY ECONOMAX 50M} => {SZEKELYHON}",0.000401938558341816,0.164108618654073,0.00244922272601092,9.62073214738536,139
"{HARTIE IGIENICA SOFFTY ECONOMAX 50M} => {OUA PROASPETE}",0.000309405940594059,0.126328217237308,0.00244922272601092,4.4177701888841,107
"{HARTIE IGIENICA SOFFTY ECONOMAX 50M} => {_BANANE}",0.00052917090774498,0.216056670602125,0.00244922272601092,3.97963153418425,183
"{_CEAPA VERDE LEGATURA} => {_RIDICHI ROSU LEGATURA}",0.000572545572314241,0.222972972972973,0.00256778014250023,72.8134139805528,198
"{_RIDICHI ROSU LEGATURA} => {_CEAPA VERDE LEGATURA}",0.000572545572314241,0.186968838526912,0.0030622513185898,72.8134139805528,198
"{_CEAPA VERDE LEGATURA} => {_BANANE}",0.000315189229203294,0.122747747747748,0.00256778014250023,2.26093832847495,109
"{BRANZA TOPITA MEDVE NATUR 140G} => {_BANANE}",0.000266031276024799,0.113022113022113,0.00235379846395855,2.0817980939419,92
"{SMANTANA 20% GRASIME FRISS 900G} => {PAINE CU CARTOFI FELII BACHUS 1.2 KG}",0.000326755806421764,0.119072708113804,0.00274417044508189,1.44662568806422,113
"{_GOGOSARI} => {_ARDEI GRAS ROMANIA}",0.000320972517812529,0.126136363636364,0.00254464698806329,13.9587141818182,111
"{_GOGOSARI} => {PAINE CU CARTOFI FELII BACHUS 1.2 KG}",0.000344105672249468,0.135227272727273,0.00254464698806329,1.64288903438034,119
"{FAINA BL-55 GYERMELYI 2KG} => {DROJDIE PROASPATA BUDAFOK 50G}",0.000309405940594059,0.106786427145709,0.00289742759322661,11.2144881206309,107
"{GOBE NAPOLITANE CU CREMA DE LAMAIE 120G} => {_BANANE}",0.000448204867215694,0.151072124756335,0.00296682705653743,2.78265600382077,155
"{AMESTEC DE LEGUME HAJDU CONG.AGROSPRINT 400G} => {_MORCOVI}",0.000323864162117146,0.121871599564744,0.00265742111594337,3.37088091241127,112
"{SALAM BANATEAN PORT.BENEDEK} => {_BANANE}",0.000271814564634033,0.104560622914349,0.00259958822985102,1.92594262896042,94
"{SALAM BANATEAN PORT.BENEDEK} => {PAINE CU CARTOFI FELII BACHUS 1.2 KG}",0.00036434718238179,0.140155728587319,0.00259958822985102,1.7027653147016,126
"{_GRAPEFRUIT ROSU^2 A nu se consuma coaja} => {_LAMAIE^2 A nu se consuma coaja}",0.000332539095030998,0.117227319062181,0.00283670306282965,5.83393587384657,115
"{_GRAPEFRUIT ROSU^2 A nu se consuma coaja} => {_BANANE}",0.000575437216618858,0.202854230377166,0.00283670306282965,3.73645067195489,199
"{SPECIALITATE TARTINABILA SARAT CAS.LURPAK 200G} => {PAINE CU CARTOFI FELII BACHUS 1.2 KG}",0.000338322383640233,0.131756756756757,0.00256778014250023,1.60072540483572,117
"{_VARZA NOUA} => {_MORCOVI}",0.000401938558341816,0.12290008841733,0.00327044970852225,3.39932817538468,139
"{WINSTON NOVA BLUE 100} => {APA MINERALA NATURALA CARBOGAZIFICATA CONTINUT REDUS CO2 TUSNAD 2L}",0.000506037753308041,0.130402384500745,0.00388058665679652,2.18945837828741,175
"{_CONOPIDA} => {_TELINA}",0.000320972517812529,0.111557788944724,0.00287718608309429,6.35469622863121,111
"{_CONOPIDA} => {_PATRUNJEL RADACINA KG}",0.000323864162117146,0.112562814070352,0.00287718608309429,5.68359214674629,112
"{_CONOPIDA} => {_MORCOVI}",0.000644836679929675,0.224120603015075,0.00287718608309429,6.19901490978849,223
"{MAGGI CUB GAINA 60G} => {_MORCOVI}",0.000344105672249468,0.137413394919169,0.00250416396779865,3.80075580936788,119
"{MAGGI CUB GAINA 60G} => {PAINE CU CARTOFI FELII BACHUS 1.2 KG}",0.000257356343110947,0.102771362586605,0.00250416396779865,1.2485790864272,89
"{ELAN FAINA ALBA DE GRAU TIP 550 1KG} => {ELAN ULEI RAFINAT DE FLOAREA SOARELUI 1L}",0.000370130470991024,0.126984126984127,0.00291477745905432,9.96011765256492,128
"{KINDER BUENO WHITE 39G} => {KINDER BUENO 43G}",0.000442421578606459,0.138586956521739,0.00319237531229758,35.111132345915,153
"{KINDER BUENO 43G} => {KINDER BUENO WHITE 39G}",0.000442421578606459,0.112087912087912,0.00394709447580272,35.111132345915,153
"{LAPTE DE CONSUM 3.5% LACTIS 1L} => {PAINE CU CARTOFI FELII BACHUS 1.2 KG}",0.00036434718238179,0.110332749562172,0.00330225779587305,1.34044309800065,126
"{_GHIMBIR} => {_LAMAIE^2 A nu se consuma coaja}",0.000997617285092995,0.318265682656827,0.00313454242620524,15.8388129859137,345
"{_GHIMBIR} => {_BANANE}",0.000442421578606459,0.141143911439114,0.00313454242620524,2.59978439571346,153
"{APA DE MASA CARBOGAZOASA SICULAQUA 3L} => {CHESTERFIELD BLUE CROWN RCB 100}",0.000480012954566485,0.111334674714956,0.00431144165818451,22.6084571630212,166
"{KINDER MAXI KING 35G} => {PAINE CU CARTOFI FELII BACHUS 1.2 KG}",0.000309405940594059,0.100093545369504,0.00309116776163598,1.21604602964565,107
"{PULPE PORC FARA OS} => {_MORCOVI}",0.000329647450726381,0.111436950146628,0.00295815212362358,3.08226600395964,114
"{PULPE PORC FARA OS} => {PAINE CU CARTOFI FELII BACHUS 1.2 KG}",0.000332539095030998,0.112414467253177,0.00295815212362358,1.36573408478351,115
"{SALAM VICTORIA CAROLI} => {_BANANE}",0.000439529934301841,0.163265306122449,0.00269212084759878,3.00724693605804,152
"{PREPARAT ALIMENTAR CU GRASIME VEGETALA GOLDI} => {_BANANE}",0.000306514296289442,0.109504132231405,0.00279911168686962,2.01699904259885,106
"{PACHET ZAHAR VANILIAT THYMOS 6*8G} => {DR.OETKER PRAF DE COPT 10G}",0.000332539095030998,0.133410672853828,0.00249259739058018,25.1837404634292,115
"{APA DE MASA CARBOGAZOASA SICULAQUA 3L} => {PAINE CU CARTOFI FELII BACHUS 1.2 KG}",0.000491579531784954,0.1140174379611,0.00431144165818451,1.38520872880588,170
"{_STRUGURI ALBI} => {_BANANE}",0.000410613491255668,0.107413010590015,0.00382275377070417,1.97848186281126,142
"{_STRUGURI ALBI} => {PAINE CU CARTOFI FELII BACHUS 1.2 KG}",0.000468446377348015,0.122541603630862,0.00382275377070417,1.48876963056523,162
"{POLONEZ CRISTUR} => {PARIZER CRISTUR}",0.000384588692514111,0.127272727272727,0.00302176829832516,10.4720351264248,133
"{POLONEZ CRISTUR} => {PAINE CU CARTOFI FELII BACHUS 1.2 KG}",0.000323864162117146,0.107177033492823,0.00302176829832516,1.30210400248101,112
"{MUSTAR DULCE LA MINUT 290G} => {_BANANE}",0.000375913759600259,0.12512030798845,0.00300441843249745,2.30463943487605,130
"{_CEAPA DE APA} => {_CEAPA GALBENA}",0.000344105672249468,0.101535836177474,0.00338900712501157,5.51752498589549,119
"{_CEAPA DE APA} => {PAINE CU CARTOFI FELII BACHUS 1.2 KG}",0.00036434718238179,0.107508532423208,0.00338900712501157,1.30613141460473,126
"{_RIDICHI ROSU LEGATURA} => {_BANANE}",0.000491579531784954,0.16052880075543,0.0030622513185898,2.95684218335263,170
"{_RIDICHI ROSU LEGATURA} => {PAINE CU CARTOFI FELII BACHUS 1.2 KG}",0.000375913759600259,0.12275731822474,0.0030622513185898,1.49139036774118,130
"{BRANZA GOUDA CALUP MLEKOVITA} => {PAINE CU CARTOFI FELII BACHUS 1.2 KG}",0.00035278060516332,0.112338858195212,0.00314032571481447,1.36481550312668,122
"{COCA COLA 1.25L PET} => {PAINE CU CARTOFI FELII BACHUS 1.2 KG}",0.000451096511520311,0.1003861003861,0.00449361524937541,1.21960030844626,156
"{GRASIME VEGETALA TARTINABILA CU 72% GRASIME RAMA 500G} => {DROJDIE PROASPATA BUDAFOK 50G}",0.000399046914037198,0.11031175059952,0.00361744702507634,11.5847102457724,138
"{PULPE DE PUI INFERIOARE REFR.VRAC SZEKELY CSURKE} => {PULPE DE PUI SUPERIOARE REFR.VRAC SZEKELY CSURKE}",0.000514712686221893,0.157522123893805,0.00326755806421764,42.0655837632829,178
"{PULPE DE PUI SUPERIOARE REFR.VRAC SZEKELY CSURKE} => {PULPE DE PUI INFERIOARE REFR.VRAC SZEKELY CSURKE}",0.000514712686221893,0.137451737451737,0.0037446793744795,42.0655837632829,178
"{PULPE DE PUI INFERIOARE REFR.VRAC SZEKELY CSURKE} => {_MORCOVI}",0.000453988155824928,0.138938053097345,0.00326755806421764,3.84292675952462,157
"{PULPE DE PUI INFERIOARE REFR.VRAC SZEKELY CSURKE} => {PAINE CU CARTOFI FELII BACHUS 1.2 KG}",0.000355672249467937,0.108849557522124,0.00326755806421764,1.32242365643882,123
"{SUNCA PRAGA CAROLI} => {PAINE CU CARTOFI FELII BACHUS 1.2 KG}",0.000514712686221893,0.148086522462562,0.00347575645415009,1.79911728593336,178
"{GOBE SALAM DE BISCUITI CU STAFIDE DIN REMETEA 65G} => {PAINE CU CARTOFI FELII BACHUS 1.2 KG}",0.000433746645692607,0.111690245718541,0.00388347830110114,1.35693544828275,150
"{PARIZER PASARE CAROLI} => {OUA PROASPETE}",0.000367238826686407,0.100395256916996,0.00365793004534098,3.510879697448,127
"{PARIZER PASARE CAROLI} => {PAINE CU CARTOFI FELII BACHUS 1.2 KG}",0.000451096511520311,0.123320158102767,0.00365793004534098,1.49822836310315,156
"{CHEFIR 3.3% FRISS 330G} => {_BANANE}",0.000523387619135745,0.125086385625432,0.00418420930878135,2.30401460572726,181
"{PULPE DE PUI SUPERIOARE REFR.VRAC SZEKELY CSURKE} => {PAINE CU CARTOFI FELII BACHUS 1.2 KG}",0.000401938558341816,0.107335907335907,0.0037446793744795,1.30403417595408,139
"{DANONE IAURT DELICIOS BISCUITI 125G} => {_BANANE}",0.000676644767280466,0.21330902461258,0.00317213380216526,3.92902157803573,234
"{_CARTOFI NOI} => {_CEAPA GALBENA}",0.000459771444434163,0.10179257362356,0.00451674840381234,5.53147626976648,159
"{_CARTOFI NOI} => {_MORCOVI}",0.000477121310261867,0.105633802816901,0.00451674840381234,2.92175511680014,165
"{_NECTARINE} => {_BANANE}",0.000711344498935875,0.169655172413793,0.0041928842416952,3.12494435924514,246
"{_CARTOFI ROSII} => {_CEAPA GALBENA}",0.000459771444434163,0.103046014257939,0.00446180716202461,5.59958906894053,159
"{_CARTOFI ROSII} => {_MORCOVI}",0.000575437216618858,0.128969539857421,0.00446180716202461,3.5672048429699,199
"{_KIWI KG} => {_BANANE}",0.00133015638012399,0.372771474878444,0.00356828907189784,6.86622223852799,460
"{KAIZER PROMO} => {PAINE CU CARTOFI FELII BACHUS 1.2 KG}",0.000439529934301841,0.106368089573128,0.00413215971129823,1.29227606564333,152
"{SMANTANA 12% GRASIME KERESZTURI 145G} => {OUA PROASPETE}",0.000442421578606459,0.106545961002786,0.00415240122143055,3.72597334592247,153
"{SMANTANA 12% GRASIME KERESZTURI 145G} => {_MORCOVI}",0.000430855001387989,0.103760445682451,0.00415240122143055,2.86993940395809,149
"{SMANTANA 12% GRASIME KERESZTURI 145G} => {_BANANE}",0.000537845840658832,0.129526462395543,0.00415240122143056,2.38579810021179,186
"{PAINE CU SEMINTE COUNTRY 500G} => {APA MINERALA NATURALA CARBOGAZIFICATA CONTINUT REDUS CO2 TUSNAD 2L}",0.000523387619135745,0.100555555555556,0.00520495974831128,1.68832958413577,181
"{_PATRUNJEL FRUNZE LEGATURA} => {_TELINA}",0.000425071712778754,0.101589495507947,0.00418420930878135,5.78686965813547,147
"{_PATRUNJEL FRUNZE LEGATURA} => {_PATRUNJEL RADACINA KG}",0.000453988155824928,0.108500345542502,0.00418420930878135,5.4784674400482,157
"{_PATRUNJEL FRUNZE LEGATURA} => {_MORCOVI}",0.000720019431849727,0.172080165860401,0.00418420930878134,4.75961379496979,249
"{_PATRUNJEL FRUNZE LEGATURA} => {PAINE CU CARTOFI FELII BACHUS 1.2 KG}",0.000520495974831128,0.124395300621976,0.00418420930878135,1.51129037211644,180
"{CREMINOS CU UNT LACTO FOOD 60% 200G} => {PAINE CU CARTOFI FELII BACHUS 1.2 KG}",0.00040772184695105,0.102769679300292,0.00396733598593504,1.24855863602122,141
"{_STRUGURI NEGRI} => {_BANANE}",0.000566762283705006,0.118072289156627,0.00480012954566485,2.1748192450227,196
"{CONSERVA MAZARE VERDE GREEN PEAS 400G} => {_MORCOVI}",0.000523387619135745,0.118766404199475,0.00440686592023688,3.28499343884502,181
"{ELAN UNT 60% GRASIME 200G} => {PAINE CU CARTOFI FELII BACHUS 1.2 KG}",0.000523387619135745,0.126220362622036,0.00414661793282132,1.53346322443011,181
"{SLANINA AFUMATA MAESTRO} => {PAINE CU CARTOFI FELII BACHUS 1.2 KG}",0.000546520773572684,0.11310592459605,0.00483193763301564,1.37413466599348,189
"{_ROSII PRUNISOR} => {_ARDEI GRAS ROMANIA}",0.000566762283705006,0.129973474801061,0.00436059961136301,14.3833430238727,196
"{_ROSII PRUNISOR} => {_CASTRAVETI CORNISON}",0.000482904598871102,0.110742705570292,0.00436059961136301,12.0850379965732,167
"{_ROSII PRUNISOR} => {_BANANE}",0.000494471176089572,0.113395225464191,0.00436059961136301,2.0886705965874,171
"{_ROSII PRUNISOR} => {PAINE CU CARTOFI FELII BACHUS 1.2 KG}",0.000659294901452762,0.151193633952255,0.00436059961136301,1.83686587977883,228
"{PASTA DE TON HAME 100G} => {PAINE CU CARTOFI FELII BACHUS 1.2 KG}",0.000587003793837328,0.146888567293777,0.00399625242898122,1.78456321432648,203
"{_ROSII CHERRY CASEROLA 500G} => {_CASTRAVETI FABIO}",0.00046266308873878,0.125490196078431,0.00368684648838716,21.4202969242979,160
"{_ROSII CHERRY CASEROLA 500G} => {_ARDEI ROSU CAPIA}",0.00040772184695105,0.110588235294118,0.00368684648838716,7.25831578712335,141
"{_ROSII CHERRY CASEROLA 500G} => {_BANANE}",0.000445313222911076,0.12078431372549,0.00368684648838716,2.22477307642098,154
"{_ROSII CHERRY CASEROLA 500G} => {PAINE CU CARTOFI FELII BACHUS 1.2 KG}",0.00041928842416952,0.113725490196078,0.00368684648838716,1.38166182756257,145
"{SALAM POTCOAVA CRIS-TIM} => {APA MINERALA NATURALA CARBOGAZIFICATA CONTINUT REDUS CO2 TUSNAD 2L}",0.000416396779864902,0.106273062730627,0.00391817803275655,1.78432663231327,144
"{SALAM POTCOAVA CRIS-TIM} => {_BANANE}",0.000439529934301841,0.112177121771218,0.00391817803275655,2.06623387267162,152
"{SALAM POTCOAVA CRIS-TIM} => {PAINE CU CARTOFI FELII BACHUS 1.2 KG}",0.000636161747015823,0.162361623616236,0.00391817803275655,1.97254685141266,220
"{LAPTE DE CONSUM 1.5% CUTIE KERESZTURI 1L} => {PAINE CU CARTOFI FELII BACHUS 1.2 KG}",0.000581220505228093,0.105511811023622,0.0055085824002961,1.28187305587329,201
"{KINDER BATON LAPTE 28G} => {_BANANE}",0.000477121310261867,0.104035308953342,0.00458614786712316,1.91626666756221,165
"{DR.OETKER BUDINCA VANILIE 40G} => {DR.OETKER ZAHAR VANILINAT 8G}",0.000401938558341816,0.10014409221902,0.00401360229480892,15.2834203652032,139
"{SALAM DIN CASA CAROLISTILOR GASTRO CAROLI} => {_BANANE}",0.000578328860923476,0.121654501216545,0.00475386323679097,2.24080139700189,200
"{SALAM DIN CASA CAROLISTILOR GASTRO CAROLI} => {PAINE CU CARTOFI FELII BACHUS 1.2 KG}",0.000613028592578884,0.128953771289538,0.00475386323679097,1.5666716670449,212
"{MARGARINA CU SARE BORDS EVE 500G} => {PAINE CU CARTOFI FELII BACHUS 1.2 KG}",0.000696886277412788,0.14941103533788,0.00466422226334783,1.81520891918802,241
"{BRANZA PULISZKA KERESZTURI 300G} => {PAINE CU CARTOFI FELII BACHUS 1.2 KG}",0.000555195706486536,0.122998078155029,0.00451385675950773,1.494315383098,192
"{CREMA DE UNT CU SMANTANA GORDON 125G} => {PAINE CU CARTOFI FELII BACHUS 1.2 KG}",0.000491579531784954,0.125461254612546,0.00391817803275655,1.52424074881887,170
"{_PIERSICI} => {_BANANE}",0.000737369297677431,0.135782747603834,0.00543050800407144,2.50103504166968,255
"{MUSCHI FILE AFUMAT FOX} => {PAINE CU CARTOFI FELII BACHUS 1.2 KG}",0.000480012954566485,0.115117891816921,0.00416975108725826,1.39857824766186,166
"{_CIUPERCI} => {_MORCOVI}",0.000543629129268067,0.1136638452237,0.00478277967983714,3.1438603223739,188
"{_PORTOCALE^2 A nu se consuma coaja} => {_LAMAIE^2 A nu se consuma coaja}",0.000560978995095771,0.107123136388736,0.00523676783566207,5.33109102295266,194
"{_PORTOCALE^2 A nu se consuma coaja} => {_BANANE}",0.0013648561117794,0.260629486471563,0.00523676783566207,4.80063550090768,472
"{_CEAPA ROSIE} => {_CEAPA GALBENA}",0.000902193023040622,0.178796561604585,0.00504591931155732,9.71592428038087,312
"{_CEAPA ROSIE} => {_MORCOVI}",0.000543629129268067,0.107736389684814,0.00504591931155732,2.97991115943062,188
"{_CEAPA ROSIE} => {PAINE CU CARTOFI FELII BACHUS 1.2 KG}",0.000552304062181919,0.10945558739255,0.00504591931155732,1.32978637113793,191
"{GOBE 20 OUA PROASPETE M DIN GHEORGHENI} => {PAINE CU CARTOFI FELII BACHUS 1.2 KG}",0.000679536411585084,0.122779519331243,0.00553460719903766,1.49166009110163,235
"{APA MINERALA NATURALA CARBOGAZIFICATA TUSNAD 2L} => {APA MINERALA NATURALA CARBOGAZIFICATA CONTINUT REDUS CO2 TUSNAD 2L}",0.000884843157212918,0.120567375886525,0.0073389932451189,2.0243284069807,306
"{ACADELE SLIM WHEEL CHUPA CHUPS 12G} => {PAINE CU CARTOFI FELII BACHUS 1.2 KG}",0.000714236143240492,0.109243697478992,0.00653800777273989,1.32721210036799,247
"{MUSTAR DE MASA LA MINUT 300G} => {PAINE CU CARTOFI FELII BACHUS 1.2 KG}",0.000682428055889701,0.134396355353075,0.00507772739890811,1.63279413994807,236
"{_ARDEI IUTE} => {_ROSII VRAC}",0.000488687887480337,0.101623571858088,0.0048088044785787,6.98824221798595,169
"{_ARDEI IUTE} => {_ARDEI ROSU CAPIA}",0.000520495974831128,0.10823812387252,0.0048088044785787,7.1040692636345,180
"{_ARDEI IUTE} => {_MORCOVI}",0.000526279263440363,0.109440769693325,0.0048088044785787,3.02705308633324,182
"{_ARDEI IUTE} => {_BANANE}",0.000523387619135745,0.108839446782922,0.0048088044785787,2.0047559437687,181
"{COTLET PORC FARA OS} => {PAINE CU CARTOFI FELII BACHUS 1.2 KG}",0.000598570371055797,0.118015963511973,0.00507194411029888,1.43378719710397,207
"{PALL MALL EXTRA CUT BLUE} => {PALL MALL S-LINE FLOW VIOLET/ROSE}",0.00109014990284075,0.133972992181947,0.0081370870731933,11.6968129382302,377
"{PALL MALL EXTRA CUT BLUE} => {PAINE CU CARTOFI FELII BACHUS 1.2 KG}",0.000829901915425187,0.101990049751244,0.0081370870731933,1.23908684226854,287
"{MAGAZIN DE RECLAMA SI PUBLICITATE HETI HIRDETO} => {SZEKELYHON}",0.00131569815860091,0.165876777251185,0.00793178032756547,9.72438898391486,455
"{CASCAVAL TRAPPIST 40% AMMERLAND} => {PAINE CU CARTOFI FELII BACHUS 1.2 KG}",0.000699777921717405,0.134369794558579,0.0052078513926159,1.63247145032236,242
"{APA MINERALA NATURALA CARBO.TIVA HARGHITA 2.5L} => {PAINE CU CARTOFI FELII BACHUS 1.2 KG}",0.000934001110391413,0.11875,0.00786527250855927,1.44270507640963,323
"{_ROSII DE GRADINA ROMANIA} => {_CASTRAVETI CORNISON}",0.00101785879522532,0.156792873051225,0.00649174146386601,17.1103624266541,352
"{_CASTRAVETI CORNISON} => {_ROSII DE GRADINA ROMANIA}",0.00101785879522532,0.111076049226885,0.00916362080133247,17.1103624266541,352
"{_ROSII DE GRADINA ROMANIA} => {_BANANE}",0.00070556121032664,0.108685968819599,0.00649174146386601,2.00192897369209,244
"{_ROSII DE GRADINA ROMANIA} => {PAINE CU CARTOFI FELII BACHUS 1.2 KG}",0.000896409734431387,0.138084632516704,0.00649174146386601,1.67760337099795,310
"{SUNCA DE PORC SISSI GASTRO CAROLI} => {PAINE CU CARTOFI FELII BACHUS 1.2 KG}",0.000641945035625058,0.111278195488722,0.00576883038771167,1.35192941073921,222
"{DR.OETKER PRAF DE COPT 10G} => {DR.OETKER ZAHAR VANILINAT 8G}",0.00191137688535209,0.360807860262009,0.00529749236605904,55.0644384233226,661
"{DR.OETKER ZAHAR VANILINAT 8G} => {DR.OETKER PRAF DE COPT 10G}",0.00191137688535209,0.291703442188879,0.00655246599426298,55.0644384233225,661
"{CREMWURSTI DE PUI CRISTUR} => {PARIZER CRISTUR}",0.000754719163505136,0.111538461538462,0.00676644767280466,9.17741539925694,261
"{CREMWURSTI DE PUI CRISTUR} => {PAINE CU CARTOFI FELII BACHUS 1.2 KG}",0.000725802720458962,0.107264957264957,0.00676644767280466,1.30317219677487,251
"{_PORTOCALE PLASA BUC^2 A nu se consuma coaja} => {_BANANE}",0.00133593966873323,0.18531889290012,0.00720886925141112,3.41346049631378,462
"{_CASTRAVETI FABIO} => {_ROSII CHERRY VRAC}",0.000702669566022023,0.119940769990128,0.00585847136115481,17.7182387189518,243
"{_ROSII CHERRY VRAC} => {_CASTRAVETI FABIO}",0.000702669566022023,0.103801794105083,0.00676933931710928,17.7182387189518,243
"{_CASTRAVETI FABIO} => {_ROSII VRAC}",0.000783635606551309,0.133761105626851,0.00585847136115481,9.19821049757409,271
"{_CASTRAVETI FABIO} => {_ARDEI ROSU CAPIA}",0.000722911076154344,0.123395853899309,0.00585847136115481,8.0989272687179,250
"{_CASTRAVETI FABIO} => {_BANANE}",0.0008819515129083,0.150542941757157,0.00585847136115481,2.7729087771093,305
"{_CASTRAVETI FABIO} => {PAINE CU CARTOFI FELII BACHUS 1.2 KG}",0.000754719163505136,0.128825271470879,0.00585847136115481,1.56511051049166,261
"{_VARZA ALBA} => {_MORCOVI}",0.000925326177477561,0.109140518417462,0.00847830110113815,3.01874835169164,320
"{BRANZA TOPITA CU SMANTANA GORDON 125G} => {PAINE CU CARTOFI FELII BACHUS 1.2 KG}",0.000864601647080596,0.142857142857143,0.00605221152956417,1.73558505432737,299
"{GRASIME VEGETALA TARTINABILA CU 70% GRASIME RAMA 250G} => {DROJDIE PROASPATA BUDAFOK 50G}",0.000792310539465162,0.110350382601691,0.00717995280836495,11.588767298162,274
"{_ROSII CHERRY VRAC} => {_ARDEI ROSU CAPIA}",0.000728694364763579,0.107646304997864,0.00676933931710928,7.0652259972635,252
"{_ROSII CHERRY VRAC} => {_BANANE}",0.00100050892939761,0.147800085433575,0.00676933931710928,2.72238704367408,346
"{_ROSII CHERRY VRAC} => {PAINE CU CARTOFI FELII BACHUS 1.2 KG}",0.000685319700194319,0.101238786843229,0.00676933931710928,1.2299596775434,237
"{DR.OETKER ZAHAR VANILINAT 8G} => {_BANANE}",0.000740260941982049,0.11297440423654,0.00655246599426298,2.08091932733408,256
"{_GULII} => {_TELINA}",0.00309695105024521,0.457106274007682,0.00677512260571852,26.0382671886728,1071
"{_TELINA} => {_GULII}",0.00309695105024521,0.176412452643716,0.0175551725733321,26.0382671886728,1071
"{_GULII} => {_PATRUNJEL RADACINA KG}",0.00294369390210049,0.434485702091336,0.00677512260571852,21.9383243451649,1018
"{_PATRUNJEL RADACINA KG} => {_GULII}",0.00294369390210049,0.148634837202511,0.0198048718423244,21.9383243451649,1018
"{_GULII} => {_MORCOVI}",0.00351334783011011,0.518565941101152,0.00677512260571852,14.3431614824734,1215
"{_MANDARINE^2 A nu se consuma coaja} => {_BANANE}",0.00203571759045063,0.25278276481149,0.0080532293883594,4.65610369417676,704
"{APA MINERALA NATURALA DECARBOGAZIFICATA PARTIAL PERLA HARGHITEI 2L} => {_BANANE}",0.00143425557509022,0.115942028985507,0.0123704543351531,2.1355811574905,496
"{APA MINERALA NATURALA DECARBOGAZIFICATA PARTIAL PERLA HARGHITEI 2L} => {PAINE CU CARTOFI FELII BACHUS 1.2 KG}",0.00142847228648098,0.115474520804114,0.0123704543351531,1.40291096724265,494
"{GOBE 6  L OUA PROASPETE} => {_BANANE}",0.00104099194966226,0.120562625586068,0.00863444989358749,2.22068971668051,360
"{_ARDEI ROSU CALIFORNIA} => {_ARDEI ALB BIANCA}",0.000748935874895901,0.100193423597679,0.00747490052743592,11.3492599155728,259
"{_ARDEI ROSU CALIFORNIA} => {_MORCOVI}",0.000847251781252892,0.113346228239845,0.00747490052743592,3.13507526472177,293
"{_ARDEI ROSU CALIFORNIA} => {_BANANE}",0.00100050892939761,0.13384912959381,0.00747490052743592,2.46541898229826,346
"{_ARDEI ROSU CALIFORNIA} => {PAINE CU CARTOFI FELII BACHUS 1.2 KG}",0.000803877116683631,0.107543520309478,0.00747490052743592,1.30655648577217,278
"{PULPE PUI CU SPATE REFR.VRAC SZEKELY CSURKE} => {_MORCOVI}",0.00106990839270843,0.116719242902208,0.00916651244563709,3.22837042769041,370
"{_MERE GOLDEN} => {_BANANE}",0.00166558711945961,0.192706590833055,0.00864312482650134,3.54953736715048,576
"{APA MINERALA NATURALA PLATA PERLA HARGHITEI 2L ROZ} => {APA MINERALA NATURALA CARBOGAZIFICATA CONTINUT REDUS CO2 TUSNAD 2L}",0.00133015638012399,0.101010101010101,0.0131685481632275,1.69596141048294,460
"{_ARDEI GRAS ROMANIA} => {_ROSII VRAC}",0.00131569815860091,0.1456,0.0090363884519293,10.0123234042553,455
"{_ARDEI GRAS ROMANIA} => {_MORCOVI}",0.001231840473767,0.13632,0.00903638845192931,3.77051329121011,426
"{_ARDEI GRAS ROMANIA} => {PAINE CU CARTOFI FELII BACHUS 1.2 KG}",0.000986050707874526,0.10912,0.00903638845192931,1.32570928789742,341
"{PATE PORC BUCEGI 120G} => {PAINE CU CARTOFI FELII BACHUS 1.2 KG}",0.00120870731933006,0.145239749826268,0.00832215230868881,1.76453157364902,418
"{_ARDEI ALB BIANCA} => {_ROSII VRAC}",0.00100340057370223,0.113658696364232,0.00882819006199685,7.8158490776425,347
"{_ARDEI ALB BIANCA} => {_TELINA}",0.00126654020542241,0.143465443825745,0.00882819006199685,8.17226052472319,438
"{_ARDEI ALB BIANCA} => {_PATRUNJEL RADACINA KG}",0.00125497362820394,0.14215525712414,0.00882819006199686,7.17779232584299,434
"{_ARDEI ALB BIANCA} => {_MORCOVI}",0.00194318497270288,0.220111365869636,0.00882819006199685,6.08812228989052,672
"{_ARDEI ALB BIANCA} => {_BANANE}",0.00099183399648376,0.112348509662627,0.00882819006199685,2.06939073265344,343
"{_ARDEI ALB BIANCA} => {PAINE CU CARTOFI FELII BACHUS 1.2 KG}",0.000939784399000648,0.106452669505405,0.00882819006199685,1.29330363530782,325
"{_CASTRAVETI CORNISON} => {_ROSII VRAC}",0.00155570463588415,0.169769643420637,0.00916362080133247,11.6743720752234,538
"{_ROSII VRAC} => {_CASTRAVETI CORNISON}",0.00155570463588415,0.106979518791012,0.0145420792079208,11.6743720752234,538
"{_CASTRAVETI CORNISON} => {_BANANE}",0.00109304154714537,0.119280530135689,0.00916362080133247,2.19707430378933,378
"{_CASTRAVETI CORNISON} => {PAINE CU CARTOFI FELII BACHUS 1.2 KG}",0.00106123345979458,0.115809403597349,0.00916362080133247,1.40697949023888,367
"{UNT 65% GRASIME FRISS 180G} => {_BANANE}",0.00103810030535764,0.108754922750682,0.00954531784954196,2.0031990628672,359
"{DANONE ACTIVIA NATUR 125G} => {_BANANE}",0.00150943832701027,0.152676221117286,0.00988653187748681,2.81220247625375,522
"{PUFULETI GUSTO 45G} => {_BANANE}",0.0014978717497918,0.123450905624404,0.0121333395021745,2.27389006586706,518
"{_CLEMENTINA^2 A nu se consuma coaja} => {_BANANE}",0.00204150087905987,0.183567342693708,0.0111212639955584,3.38119801436532,706
"{PIEPT DE PUI FARA OS REFR.VRAC SZEKELY CSURKE} => {PAINE CU CARTOFI FELII BACHUS 1.2 KG}",0.00110749976866846,0.101510734163795,0.0109101739613214,1.23326359147937,383
"{PASTE ATA PAIANJENULUI CU 8 OUA GYERMELYI 250G} => {_TELINA}",0.00126075691681318,0.112545172947858,0.0112022300360877,6.41094084821609,436
"{PASTE ATA PAIANJENULUI CU 8 OUA GYERMELYI 250G} => {_PATRUNJEL RADACINA KG}",0.00133304802442861,0.118998451213216,0.0112022300360877,6.0085443703255,461
"{PASTE ATA PAIANJENULUI CU 8 OUA GYERMELYI 250G} => {_MORCOVI}",0.00174944480429351,0.156169334021683,0.0112022300360877,4.31953161390982,605
"{ELAN ULEI RAFINAT DE FLOAREA SOARELUI 1L} => {PAINE CU CARTOFI FELII BACHUS 1.2 KG}",0.00145738872952716,0.114311635291449,0.012749259739058,1.38878296023292,504
"{PARIZER CRISTUR} => {PAINE CU CARTOFI FELII BACHUS 1.2 KG}",0.00158172943462571,0.13014513442779,0.0121535810123068,1.58114565144409,547
"{_CARTOFI ALBI} => {_MORCOVI}",0.00175811973720737,0.120491478398732,0.0145912371610993,3.33270775220051,608
"{_USTUROI} => {_CEAPA GALBENA}",0.00139088091052096,0.106604609929078,0.0130470991024336,5.7929655286162,481
"{_USTUROI} => {_MORCOVI}",0.00192294346257056,0.14738475177305,0.0130470991024336,4.07655637824227,665
"{_USTUROI} => {PAINE CU CARTOFI FELII BACHUS 1.2 KG}",0.00137642268899787,0.105496453900709,0.0130470991024336,1.28168648072225,476
"{GOBE 10 OUA PROASPETE L} => {PAINE CU CARTOFI FELII BACHUS 1.2 KG}",0.00163667067641344,0.107727445755615,0.0151926991764597,1.30879101356015,566
"{_MERE ROSII} => {_BANANE}",0.00303333487554363,0.198148847752172,0.0153083649486444,3.64978040612768,1049
"{_ROSII VRAC} => {_ARDEI ROSU CAPIA}",0.00165402054224114,0.113740306223901,0.0145420792079208,7.46519788566606,572
"{_ARDEI ROSU CAPIA} => {_ROSII VRAC}",0.00165402054224114,0.108559498956159,0.015236073841029,7.46519788566606,572
"{_ROSII VRAC} => {_BANANE}",0.00175811973720737,0.120898787035196,0.0145420792079208,2.22688160466895,608
"{_ROSII VRAC} => {PAINE CU CARTOFI FELII BACHUS 1.2 KG}",0.00162510409919497,0.111751839331875,0.0145420792079208,1.35768375496597,562
"{OUA PROASPETE M DIN GHEORGHENI 1*10} => {PAINE CU CARTOFI FELII BACHUS 1.2 KG}",0.00205595910058296,0.132033426183844,0.0155715045803646,1.60408668809421,711
"{_ARDEI ROSU CAPIA} => {_MORCOVI}",0.00189113537521976,0.124122224330993,0.015236073841029,3.43313157698482,654
"{_ARDEI ROSU CAPIA} => {_BANANE}",0.00194318497270288,0.127538432340102,0.015236073841029,2.34917980429207,672
"{_ARDEI ROSU CAPIA} => {PAINE CU CARTOFI FELII BACHUS 1.2 KG}",0.00176968631442584,0.116151072309736,0.015236073841029,1.41113045601413,612
"{_CEAPA GALBENA} => {_MORCOVI}",0.00299285185527899,0.162633563796354,0.018402424354585,4.49832756668883,1035
"{_TELINA} => {_PATRUNJEL RADACINA KG}",0.00914048764689553,0.520672047438643,0.0175551725733321,26.2900993040475,3161
"{_PATRUNJEL RADACINA KG} => {_TELINA}",0.00914048764689553,0.461527230252592,0.0198048718423244,26.2900993040475,3161
"{_TELINA} => {_MORCOVI}",0.0108783658739706,0.619667270630868,0.0175551725733321,17.1395516434975,3762
"{_MORCOVI} => {_TELINA}",0.0108783658739706,0.300887786931137,0.0361542287406311,17.1395516434975,3762
"{_LAMAIE^2 A nu se consuma coaja} => {_BANANE}",0.0032444249097807,0.161462080874946,0.0200940362727862,2.97403263150452,1122
"{LAPTE DE CONSUM 3.5% GRASIME FRISS CUTIE 1L} => {PAINE CU CARTOFI FELII BACHUS 1.2 KG}",0.00279043675395577,0.114458545842723,0.0243794531322291,1.39056779053272,965
"{_PATRUNJEL RADACINA KG} => {_MORCOVI}",0.0145912371610993,0.736749890494963,0.0198048718423244,20.3779728169663,5046
"{_MORCOVI} => {_PATRUNJEL RADACINA KG}",0.0145912371610993,0.403583140046389,0.0361542287406311,20.3779728169663,5046
"{LAPTE DE CONSUM 1.5% GRASIME FRISS CUTIE 1L} => {PAINE CU CARTOFI FELII BACHUS 1.2 KG}",0.00334852410474692,0.101561129626381,0.0329705283612473,1.23387585076106,1158
"{MARLBORO FILTERS PLUS 100 6MG,PALL MALL BLUE} => {APA MINERALA NATURALA CARBOGAZIFICATA CONTINUT REDUS CO2 TUSNAD 2L}",0.00010988248357546,0.678571428571429,0.000161932081058573,11.3932264754229,38
"{APA MINERALA NATURALA CARBOGAZIFICATA CONTINUT REDUS CO2 TUSNAD 2L,MARLBORO FILTERS PLUS 100 6MG} => {PALL MALL BLUE}",0.00010988248357546,0.904761904761905,0.00012144906079393,224.614774553037,38
"{APA MINERALA NATURALA CARBOGAZIFICATA CONTINUT REDUS CO2 TUSNAD 2L,PALL MALL BLUE} => {MARLBORO FILTERS PLUS 100 6MG}",0.00010988248357546,0.361904761904762,0.000303622651984825,1345.75647721454,38
"{SCHWEPPES GUST DE RODIE 500ML,WINSTON BLUE 100} => {ENERGIZANT HELL 250ML}",0.000118557416489312,0.854166666666667,0.000138798926621634,74.801553135815,41
"{ENERGIZANT HELL 250ML,SCHWEPPES GUST DE RODIE 500ML} => {WINSTON BLUE 100}",0.000118557416489312,0.82,0.000144582215230869,392.220857538036,41
"{ENERGIZANT HELL 250ML,WINSTON BLUE 100} => {SCHWEPPES GUST DE RODIE 500ML}",0.000118557416489312,0.141379310344828,0.000838576848339039,351.743587199206,41
"{ENERGIZANT HELL RED GRAPE 250ML,MARLBORO CIGARILLOS FOREST MIST} => {BATON DE CIOCOLATA SNICKERS CLASIC 50G}",0.00012144906079393,0.415841584158416,0.000292056074766355,283.086614173228,42
"{BATON DE CIOCOLATA SNICKERS CLASIC 50G,MARLBORO CIGARILLOS FOREST MIST} => {ENERGIZANT HELL RED GRAPE 250ML}",0.00012144906079393,0.724137931034483,0.000167715369667808,317.797304393489,42
"{BATON DE CIOCOLATA SNICKERS CLASIC 50G,ENERGIZANT HELL RED GRAPE 250ML} => {MARLBORO CIGARILLOS FOREST MIST}",0.00012144906079393,0.954545454545455,0.000127232349403165,1755.87620889749,42
"{ENERGIZANT HELL RED GRAPE 250ML,MARLBORO CIGARILLOS FOREST MIST} => {PAINE CU SEMINTE COUNTRY 500G}",0.000124340705098547,0.425742574257426,0.000292056074766355,81.7955555555556,43
"{MARLBORO CIGARILLOS FOREST MIST,PAINE CU SEMINTE COUNTRY 500G} => {ENERGIZANT HELL RED GRAPE 250ML}",0.000124340705098547,0.716666666666667,0.000173498658277043,314.518443316413,43
"{ENERGIZANT HELL RED GRAPE 250ML,PAINE CU SEMINTE COUNTRY 500G} => {MARLBORO CIGARILLOS FOREST MIST}",0.000124340705098547,0.934782608695652,0.000133015638012399,1719.52266419982,43
"{FANTA PORTOCALE 500ML,WINSTON BLUE 100} => {ENERGIZANT HELL 250ML}",0.00010988248357546,0.926829268292683,0.000118557416489312,81.1648024507594,38
"{ENERGIZANT HELL 250ML,FANTA PORTOCALE 500ML} => {WINSTON BLUE 100}",0.00010988248357546,0.703703703703704,0.000156148792449338,336.594231852876,38
"{ENERGIZANT HELL 250ML,WINSTON BLUE 100} => {FANTA PORTOCALE 500ML}",0.00010988248357546,0.131034482758621,0.000838576848339039,135.6732603758,38
"{BERE CIUC PREMIUM DOZA 500ML,BERE DARK DOZA SILVA 500ML} => {L&M RED LABEL BOX}",0.00010988248357546,0.791666666666667,0.000138798926621634,233.399261153737,38
"{BERE DARK DOZA SILVA 500ML,L&M RED LABEL BOX} => {BERE CIUC PREMIUM DOZA 500ML}",0.00010988248357546,0.493506493506494,0.000222656611455538,170.325738134121,38
"{BERE CIUC PREMIUM DOZA 500ML,L&M RED LABEL BOX} => {BERE DARK DOZA SILVA 500ML}",0.00010988248357546,0.603174603174603,0.000182173591190895,647.80203095731,38
"{BERE DARK DOZA SILVA 500ML,L&M RED LABEL BOX} => {APA MINERALA NATURALA CARBOGAZOASA PERLA HARGHITEI PET 1L}",0.000124340705098547,0.558441558441558,0.000222656611455538,128.491346311706,43
"{APA MINERALA NATURALA CARBOGAZOASA PERLA HARGHITEI PET 1L,BERE DARK DOZA SILVA 500ML} => {L&M RED LABEL BOX}",0.000124340705098547,0.895833333333333,0.000138798926621634,264.109690252913,43
"{APA MINERALA NATURALA CARBOGAZOASA PERLA HARGHITEI PET 1L,L&M RED LABEL BOX} => {BERE DARK DOZA SILVA 500ML}",0.000124340705098547,0.651515151515151,0.000190848524104747,699.719179371353,43
"{COCA COLA DOZA 330ML,REVISTA KRONIKA} => {SZEKELYHON}",0.000130123993707782,0.76271186440678,0.000170607013972425,44.7133527371775,45
"{REVISTA KRONIKA,SZEKELYHON} => {COCA COLA DOZA 330ML}",0.000130123993707782,0.263157894736842,0.000494471176089572,76.4116841221442,45
"{COCA COLA DOZA 330ML,SZEKELYHON} => {REVISTA KRONIKA}",0.000130123993707782,0.957446808510638,0.000135907282317017,649.23153942428,45
"{BERE CIUC BLONDA 500ML STICLA,BERE CIUC PREMIUM DOZA 500ML} => {LAPTE DE CONSUM 1.5% GRASIME FRISS CUTIE 1L}",0.000167715369667808,0.743589743589744,0.000225548255760155,22.553164312154,58
"{BERE CIUC BLONDA 500ML STICLA,LAPTE DE CONSUM 1.5% GRASIME FRISS CUTIE 1L} => {BERE CIUC PREMIUM DOZA 500ML}",0.000167715369667808,0.840579710144927,0.000199523457018599,290.112412855449,58
"{BERE CIUC PREMIUM DOZA 500ML,LAPTE DE CONSUM 1.5% GRASIME FRISS CUTIE 1L} => {BERE CIUC BLONDA 500ML STICLA}",0.000167715369667808,0.630434782608696,0.000266031276024799,739.049078850405,58
"{CHIPS LAY S MAXX PAPRIKA 130G,WINCHESTER 100 SOFT} => {APA MINERALA NATURALA CARBO.TIVA HARGHITA 2.5L}",0.000144582215230869,0.925925925925926,0.000156148792449338,117.723311546841,50
"{APA MINERALA NATURALA CARBO.TIVA HARGHITA 2.5L,CHIPS LAY S MAXX PAPRIKA 130G} => {WINCHESTER 100 SOFT}",0.000144582215230869,0.793650793650794,0.000182173591190895,507.326233019394,50
"{APA MINERALA NATURALA CARBO.TIVA HARGHITA 2.5L,WINCHESTER 100 SOFT} => {CHIPS LAY S MAXX PAPRIKA 130G}",0.000144582215230869,0.344827586206897,0.00041928842416952,389.704755465405,50
"{PALL MALL EXTRA CUT BLUE,REAL INDULCITOR LICHID 250ML} => {PALL MALL S-LINE FLOW VIOLET/ROSE}",0.000164823725363191,0.982758620689655,0.000167715369667808,85.8019483063316,57
"{PALL MALL S-LINE FLOW VIOLET/ROSE,REAL INDULCITOR LICHID 250ML} => {PALL MALL EXTRA CUT BLUE}",0.000164823725363191,0.904761904761905,0.000182173591190895,111.189900835956,57
"{PALL MALL EXTRA CUT BLUE,PALL MALL S-LINE FLOW VIOLET/ROSE} => {REAL INDULCITOR LICHID 250ML}",0.000164823725363191,0.151193633952255,0.00109014990284075,203.448977696126,57
"{ELAN CUB CU GUST GAINA 60G,PALL MALL EXTRA CUT BLUE} => {PALL MALL S-LINE FLOW VIOLET/ROSE}",0.00010988248357546,0.95,0.000115665772184695,82.9418833627872,38
"{ELAN CUB CU GUST GAINA 60G,PALL MALL S-LINE FLOW VIOLET/ROSE} => {PALL MALL EXTRA CUT BLUE}",0.00010988248357546,0.883720930232558,0.000124340705098547,108.604089188608,38
"{PALL MALL EXTRA CUT BLUE,PALL MALL S-LINE FLOW VIOLET/ROSE} => {ELAN CUB CU GUST GAINA 60G}",0.00010988248357546,0.10079575596817,0.00109014990284075,145.847663229859,38
"{MARLBORO TOUCH 6,WINSTON CLASSIC} => {APA MINERALA NATURALA CARBOGAZIFICATA CONTINUT REDUS CO2 TUSNAD 2L}",0.000156148792449338,0.666666666666667,0.000234223188674008,11.1933453091874,54
"{APA MINERALA NATURALA CARBOGAZIFICATA CONTINUT REDUS CO2 TUSNAD 2L,WINSTON CLASSIC} => {MARLBORO TOUCH 6}",0.000156148792449338,0.635294117647059,0.000245789765892477,186.028749315137,54
"{APA MINERALA NATURALA CARBOGAZIFICATA CONTINUT REDUS CO2 TUSNAD 2L,MARLBORO TOUCH 6} => {WINSTON CLASSIC}",0.000156148792449338,0.323353293413174,0.000482904598871102,320.41068579174,54
"{BERE CIUC GUST DE LAMAIE NATUR RADLER DOZA 500ML,IAURT CREMA PIURE BISCUITI MULLER 125G} => {APA MINERALA NATURALA CARBOGAZIFICATA CONTINUT REDUS CO2 TUSNAD 2L}",0.000106990839270843,0.587301587301587,0.000182173591190895,9.86080420095083,37
"{APA MINERALA NATURALA CARBOGAZIFICATA CONTINUT REDUS CO2 TUSNAD 2L,IAURT CREMA PIURE BISCUITI MULLER 125G} => {BERE CIUC GUST DE LAMAIE NATUR RADLER DOZA 500ML}",0.000106990839270843,0.74,0.000144582215230869,465.290472727273,37
"{APA MINERALA NATURALA CARBOGAZIFICATA CONTINUT REDUS CO2 TUSNAD 2L,BERE CIUC GUST DE LAMAIE NATUR RADLER DOZA 500ML} => {IAURT CREMA PIURE BISCUITI MULLER 125G}",0.000106990839270843,0.139097744360902,0.000769177385028223,198.774125396135,37
"{PEPSI 500ML,WINSTON BLUE 100} => {ENERGIZANT HELL 250ML}",0.000248681410197094,0.934782608695652,0.000266031276024799,81.8612967509661,86
"{ENERGIZANT HELL 250ML,PEPSI 500ML} => {WINSTON BLUE 100}",0.000248681410197094,0.826923076923077,0.000300731007680207,395.53229066922,86
"{ENERGIZANT HELL 250ML,WINSTON BLUE 100} => {PEPSI 500ML}",0.000248681410197094,0.296551724137931,0.00083857684833904,226.390073837254,86
"{_PATRUNJEL RADACINA KG,CONSERVA MAZARE VERDE BOABE EKO 200G} => {_MORCOVI}",0.000112774127880078,0.951219512195122,0.000118557416489312,26.3100485151856,39
"{_MORCOVI,CONSERVA MAZARE VERDE BOABE EKO 200G} => {_PATRUNJEL RADACINA KG}",0.000112774127880078,0.582089552238806,0.000193740168409364,29.3912304443616,39
"{CARNATI PROASPETI,SANGERETE VRAC} => {CALTABOS VRAC}",0.000361455538077172,0.905797101449275,0.000399046914037198,323.936273848598,125
"{CALTABOS VRAC,CARNATI PROASPETI} => {SANGERETE VRAC}",0.000361455538077172,0.76219512195122,0.00047422966595725,368.135985829132,125
"{CALTABOS VRAC,SANGERETE VRAC} => {CARNATI PROASPETI}",0.000361455538077172,0.204918032786885,0.0017639030258166,238.604625489871,125
"{APA MINERALA NATURALA CARBOGAZIFICATA CONTINUT REDUS CO2 TUSNAD 2L,KENT NANO SILVER} => {PAINE CU CARTOFI FELII BACHUS 1.2 KG}",0.00017639030258166,0.5,0.00035278060516332,6.07454769014579,61
"{KENT NANO SILVER,PAINE CU CARTOFI FELII BACHUS 1.2 KG} => {APA MINERALA NATURALA CARBOGAZIFICATA CONTINUT REDUS CO2 TUSNAD 2L}",0.00017639030258166,0.516949152542373,0.000341214027944851,8.67958555754787,61
"{BERE LOWENBRAU LAGER PET 750ML,PALL MALL EXTRA CUT WHITE} => {BERE BUCEGI DOZA 500ML}",0.000104099194966226,0.413793103448276,0.000251573054501712,43.1152715296464,36
"{BERE BUCEGI DOZA 500ML,PALL MALL EXTRA CUT WHITE} => {BERE LOWENBRAU LAGER PET 750ML}",0.000104099194966226,0.692307692307692,0.000150365503840104,207.466737768298,36
"{BERE BUCEGI DOZA 500ML,BERE LOWENBRAU LAGER PET 750ML} => {PALL MALL EXTRA CUT WHITE}",0.000104099194966226,0.315789473684211,0.000329647450726381,152.099692127254,36
"{KENT 100 S,SANA 3.6% PROBIOTIC LACTIS 175G} => {SANA 3.6% PET FRISS 330G}",0.000101207550661608,0.760869565217391,0.000133015638012399,71.9319181306012,35
"{KENT 100 S,SANA 3.6% PET FRISS 330G} => {SANA 3.6% PROBIOTIC LACTIS 175G}",0.000101207550661608,0.593220338983051,0.000170607013972425,399.124183868628,35
"{SANA 3.6% PET FRISS 330G,SANA 3.6% PROBIOTIC LACTIS 175G} => {KENT 100 S}",0.000101207550661608,0.74468085106383,0.000135907282317017,400.51090301446,35
"{BENSON&HEDGES BLUE 100,L&M RED LABEL BOX} => {APA DE MASA CARBOGAZOASA SICULAQUA 3L}",0.000179281946886277,0.539130434782609,0.000332539095030998,125.046440964628,62
"{APA DE MASA CARBOGAZOASA SICULAQUA 3L,BENSON&HEDGES BLUE 100} => {L&M RED LABEL BOX}",0.000179281946886277,0.466165413533835,0.000384588692514111,137.434942855861,62
"{APA DE MASA CARBOGAZOASA SICULAQUA 3L,L&M RED LABEL BOX} => {BENSON&HEDGES BLUE 100}",0.000179281946886277,0.849315068493151,0.000211090034237069,537.936875909479,62
"{BENSON&HEDGES BLUE 100,L&M RED LABEL BOX} => {PAINE CU CARTOFI FELII BACHUS 1.2 KG}",0.000101207550661608,0.304347826086957,0.000332539095030998,3.69755076791483,35
"{BENSON&HEDGES BLUE 100,PAINE CU CARTOFI FELII BACHUS 1.2 KG} => {L&M RED LABEL BOX}",0.000101207550661608,0.406976744186047,0.000248681410197094,119.984932294455,35
"{L&M RED LABEL BOX,PAINE CU CARTOFI FELII BACHUS 1.2 KG} => {BENSON&HEDGES BLUE 100}",0.000101207550661608,0.307017543859649,0.000329647450726381,194.457939721098,35
"{BENSON&HEDGES BLUE 100,L&M RED KS 23 S} => {APA DE MASA CARBOGAZOASA SICULAQUA 3L}",0.000156148792449338,0.818181818181818,0.000190848524104747,189.769892079751,54
"{APA DE MASA CARBOGAZOASA SICULAQUA 3L,BENSON&HEDGES BLUE 100} => {L&M RED KS 23 S}",0.000156148792449338,0.406015037593985,0.000384588692514111,110.733236877683,54
"{APA DE MASA CARBOGAZOASA SICULAQUA 3L,L&M RED KS 23 S} => {BENSON&HEDGES BLUE 100}",0.000156148792449338,0.54,0.000289164430461738,342.023736263736,54
"{_TELINA,PASTE FIDEA CU 4 OUA TETOVARI BALOGH 250G} => {_MORCOVI}",0.00010988248357546,0.826086956521739,0.000133015638012399,22.8489718989182,38
"{_MORCOVI,PASTE FIDEA CU 4 OUA TETOVARI BALOGH 250G} => {_TELINA}",0.00010988248357546,0.493506493506494,0.000222656611455538,28.1117426470745,38
"{_PATRUNJEL RADACINA KG,PASTE FIDEA CU 4 OUA TETOVARI BALOGH 250G} => {_MORCOVI}",0.000141690570926252,0.875,0.000161932081058573,24.2018715508278,49
"{_MORCOVI,PASTE FIDEA CU 4 OUA TETOVARI BALOGH 250G} => {_PATRUNJEL RADACINA KG}",0.000141690570926252,0.636363636363636,0.000222656611455538,32.131671511435,49
"{_MANDARINE^2 A nu se consuma coaja,APA MINERALA NATURALA NATURAL CARBOGAZOASA BORSEC 1.5L} => {_ARDEI ROSU CALIFORNIA}",0.00012144906079393,0.355932203389831,0.000341214027944851,47.616981936203,42
"{_ARDEI ROSU CALIFORNIA,APA MINERALA NATURALA NATURAL CARBOGAZOASA BORSEC 1.5L} => {_MANDARINE^2 A nu se consuma coaja}",0.00012144906079393,0.477272727272727,0.000254464698806329,59.264762526522,42
"{_ARDEI ROSU CALIFORNIA,_MANDARINE^2 A nu se consuma coaja} => {APA MINERALA NATURALA NATURAL CARBOGAZOASA BORSEC 1.5L}",0.00012144906079393,0.35,0.000346997316554085,193.04370015949,42
"{_MANDARINE^2 A nu se consuma coaja,APA MINERALA NATURALA NATURAL CARBOGAZOASA BORSEC 1.5L} => {SZEKELYHON}",0.000257356343110947,0.754237288135593,0.000341214027944851,44.2165377067644,89
"{APA MINERALA NATURALA NATURAL CARBOGAZOASA BORSEC 1.5L,SZEKELYHON} => {_MANDARINE^2 A nu se consuma coaja}",0.000257356343110947,0.312280701754386,0.000824118626815953,38.7770777032348,89
"{_MANDARINE^2 A nu se consuma coaja,SZEKELYHON} => {APA MINERALA NATURALA NATURAL CARBOGAZOASA BORSEC 1.5L}",0.000257356343110947,0.425837320574163,0.000604353659665032,234.872034370398,89
"{_ARDEI ROSU CALIFORNIA,APA MINERALA NATURALA NATURAL CARBOGAZOASA BORSEC 1.5L} => {SZEKELYHON}",0.000173498658277043,0.681818181818182,0.000254464698806329,39.9710274468708,60
"{APA MINERALA NATURALA NATURAL CARBOGAZOASA BORSEC 1.5L,SZEKELYHON} => {_ARDEI ROSU CALIFORNIA}",0.000173498658277043,0.210526315789474,0.000824118626815953,28.1644304184058,60
"{_ARDEI ROSU CALIFORNIA,SZEKELYHON} => {APA MINERALA NATURALA NATURAL CARBOGAZOASA BORSEC 1.5L}",0.000173498658277043,0.606060606060606,0.00028627278615712,334.274805470978,60
"{BERE BERGENBIER 2.5L PET,CHESTERFIELD BLACK CROWN RCB 100} => {CHESTERFIELD BLUE CROWN RCB 100}",0.000115665772184695,0.952380952380952,0.00012144906079393,193.397645611386,40
"{BERE BERGENBIER 2.5L PET,CHESTERFIELD BLUE CROWN RCB 100} => {CHESTERFIELD BLACK CROWN RCB 100}",0.000115665772184695,0.740740740740741,0.000156148792449338,388.130190796857,40
"{CHESTERFIELD BLACK CROWN RCB 100,CHESTERFIELD BLUE CROWN RCB 100} => {BERE BERGENBIER 2.5L PET}",0.000115665772184695,0.210526315789474,0.000549412417877302,96.0488820997084,40
"{PRAJITURA GYORI DORMI CU CR.CAPSUNI 30G,PRAJITURA GYORI DORMI CU CR.CIOCOLATA 30G} => {PRAJITURA GYORI DORMI CU CR.LAPTE 30G}",0.000133015638012399,0.446601941747573,0.00029783936337559,240.569579288026,46
"{PRAJITURA GYORI DORMI CU CR.CAPSUNI 30G,PRAJITURA GYORI DORMI CU CR.LAPTE 30G} => {PRAJITURA GYORI DORMI CU CR.CIOCOLATA 30G}",0.000133015638012399,0.55421686746988,0.000240006477283242,312.152270319061,46
"{PRAJITURA GYORI DORMI CU CR.CIOCOLATA 30G,PRAJITURA GYORI DORMI CU CR.LAPTE 30G} => {PRAJITURA GYORI DORMI CU CR.CAPSUNI 30G}",0.000133015638012399,0.304635761589404,0.000436638289997224,251.432834405475,46
"{SANA 3.6% FRISS 900G,WINSTON BLUE 100} => {ENERGIZANT HELL 250ML}",0.000156148792449338,0.870967741935484,0.000179281946886277,76.27286614006,54
"{ENERGIZANT HELL 250ML,WINSTON BLUE 100} => {SANA 3.6% FRISS 900G}",0.000156148792449338,0.186206896551724,0.000838576848339039,32.0372207925888,54
"{ENERGIZANT HELL 250ML,SANA 3.6% FRISS 900G} => {WINSTON BLUE 100}",0.000156148792449338,0.574468085106383,0.000271814564634033,274.778493864218,54
"{FRANZELA FELII BACHUS 500G,SZEKELYHON} => {APA MINERALA NATURALA CARBOGAZOASA PERLA HARGHITEI  2L}",0.000170607013972425,0.830985915492958,0.000205306745627834,40.5267061400982,59
"{APA MINERALA NATURALA CARBOGAZOASA PERLA HARGHITEI  2L,FRANZELA FELII BACHUS 500G} => {SZEKELYHON}",0.000170607013972425,0.621052631578947,0.000274706208938651,36.4086972814304,59
"{APA MINERALA NATURALA CARBOGAZOASA PERLA HARGHITEI  2L,SZEKELYHON} => {FRANZELA FELII BACHUS 500G}",0.000170607013972425,0.240816326530612,0.000708452854631258,123.560927753891,59
"{SIO SUC DE PIERSICA 25% 200ML,SZEKELYHON} => {_BANANE}",0.000147473859535486,0.761194029850746,0.000193740168409364,14.0207277858378,51
"{_BANANE,SIO SUC DE PIERSICA 25% 200ML} => {SZEKELYHON}",0.000147473859535486,0.525773195876289,0.000280489497547886,30.8230191033602,51
"{CHESTERFIELD BLACK CROWN RCB 100,CHESTERFIELD BLUE CROWN RCB 100} => {APA DE MASA CARBOGAZOASA SICULAQUA 3L}",0.000312297584898677,0.568421052631579,0.000549412417877302,131.840135550143,108
"{APA DE MASA CARBOGAZOASA SICULAQUA 3L,CHESTERFIELD BLACK CROWN RCB 100} => {CHESTERFIELD BLUE CROWN RCB 100}",0.000312297584898677,0.964285714285714,0.000323864162117146,195.815116181528,108
"{APA DE MASA CARBOGAZOASA SICULAQUA 3L,CHESTERFIELD BLUE CROWN RCB 100} => {CHESTERFIELD BLACK CROWN RCB 100}",0.000312297584898677,0.650602409638554,0.000480012954566485,340.899890470975,108
"{CHESTERFIELD BLACK CROWN RCB 100,CHESTERFIELD BLUE CROWN RCB 100} => {PAINE CU CARTOFI FELII BACHUS 1.2 KG}",0.000141690570926252,0.257894736842105,0.000549412417877302,3.13318775596994,49
"{CHESTERFIELD BLACK CROWN RCB 100,PAINE CU CARTOFI FELII BACHUS 1.2 KG} => {CHESTERFIELD BLUE CROWN RCB 100}",0.000141690570926252,0.753846153846154,0.00018795687980013,153.081674872397,49
"{CHESTERFIELD BLUE CROWN RCB 100,PAINE CU CARTOFI FELII BACHUS 1.2 KG} => {CHESTERFIELD BLACK CROWN RCB 100}",0.000141690570926252,0.357664233576642,0.000396155269732581,187.407387746074,49
"{BERE CIUC GUST DE LAMAIE NATUR RADLER DOZA 500ML,CAFEA AMAROY EXTRA 500G} => {APA MINERALA NATURALA CARBOGAZIFICATA CONTINUT REDUS CO2 TUSNAD 2L}",0.000135907282317017,0.712121212121212,0.000190848524104747,11.9565279439047,47
"{APA MINERALA NATURALA CARBOGAZIFICATA CONTINUT REDUS CO2 TUSNAD 2L,BERE CIUC GUST DE LAMAIE NATUR RADLER DOZA 500ML} => {CAFEA AMAROY EXTRA 500G}",0.000135907282317017,0.176691729323308,0.000769177385028222,64.5922205089892,47
"{APA MINERALA NATURALA CARBOGAZIFICATA CONTINUT REDUS CO2 TUSNAD 2L,CAFEA AMAROY EXTRA 500G} => {BERE CIUC GUST DE LAMAIE NATUR RADLER DOZA 500ML}",0.000135907282317017,0.55952380952381,0.00024289812158786,351.812294372294,47
"{BERE CIUC GUST DE LAMAIE NATUR RADLER DOZA 500ML,PARIZER CRISTUR} => {APA MINERALA NATURALA CARBOGAZIFICATA CONTINUT REDUS CO2 TUSNAD 2L}",0.000101207550661608,0.74468085106383,0.000135907282317017,12.5032048666455,35
"{APA MINERALA NATURALA CARBOGAZIFICATA CONTINUT REDUS CO2 TUSNAD 2L,BERE CIUC GUST DE LAMAIE NATUR RADLER DOZA 500ML} => {PARIZER CRISTUR}",0.000101207550661608,0.131578947368421,0.000769177385028222,10.8263521043866,35
"{APA MINERALA NATURALA CARBOGAZIFICATA CONTINUT REDUS CO2 TUSNAD 2L,PARIZER CRISTUR} => {BERE CIUC GUST DE LAMAIE NATUR RADLER DOZA 500ML}",0.000101207550661608,0.103550295857988,0.000977375774960673,65.1094136632598,35
"{CORVIN REJTVENYMAGAZIN,SKANDI CORVIN} => {ENERGIZANT HELL 250ML}",0.000101207550661608,0.155555555555556,0.00065061996853891,13.6223966686362,35
"{CORVIN REJTVENYMAGAZIN,ENERGIZANT HELL 250ML} => {SKANDI CORVIN}",0.000101207550661608,1,0.000101207550661608,423.803921568627,35
"{ENERGIZANT HELL 250ML,SKANDI CORVIN} => {CORVIN REJTVENYMAGAZIN}",0.000101207550661608,1,0.000101207550661608,408.29279811098,35
"{BERE BORSODI DOZA 500ML,CIOCOLATA MILKA DESERT 100G} => {DANONE IAURT DELICIOS BISCUITI 125G}",0.000130123993707782,0.314685314685315,0.000413505135560285,99.2030394400495,45
"{CIOCOLATA MILKA DESERT 100G,DANONE IAURT DELICIOS BISCUITI 125G} => {BERE BORSODI DOZA 500ML}",0.000130123993707782,0.849056603773585,0.000153257148144721,369.803716553396,45
"{BERE BORSODI DOZA 500ML,DANONE IAURT DELICIOS BISCUITI 125G} => {CIOCOLATA MILKA DESERT 100G}",0.000130123993707782,0.473684210526316,0.000274706208938651,280.4989185292,45
"{BERE BORSODI DOZA 500ML,CIOCOLATA MILKA DESERT 100G} => {APA MINERALA NATURALA CARBOGAZIFICATA TUSNAD 2L}",0.000150365503840104,0.363636363636364,0.000413505135560285,49.5485349953435,52
"{APA MINERALA NATURALA CARBOGAZIFICATA TUSNAD 2L,CIOCOLATA MILKA DESERT 100G} => {BERE BORSODI DOZA 500ML}",0.000150365503840104,0.702702702702703,0.000213981678541686,306.059772618967,52
"{APA MINERALA NATURALA CARBOGAZIFICATA TUSNAD 2L,BERE BORSODI DOZA 500ML} => {CIOCOLATA MILKA DESERT 100G}",0.000150365503840104,0.426229508196721,0.00035278060516332,252.397933977094,52
"{BERE BORSODI DOZA 500ML,CIOCOLATA MILKA DESERT 100G} => {SZEKELYHON}",0.000156148792449338,0.377622377622378,0.000413505135560285,22.1377998167284,54
"{CIOCOLATA MILKA DESERT 100G,SZEKELYHON} => {BERE BORSODI DOZA 500ML}",0.000156148792449338,0.692307692307692,0.000225548255760155,301.532261189692,54
"{BERE BORSODI DOZA 500ML,SZEKELYHON} => {CIOCOLATA MILKA DESERT 100G}",0.000156148792449338,0.418604651162791,0.000373022115295642,247.882765211851,54
"{PALL MALL EXTRA CUT BLUE,SKANDI CORVIN} => {PALL MALL S-LINE FLOW VIOLET/ROSE}",0.000147473859535486,0.761194029850746,0.000193740168409364,66.4577541477164,51
"{PALL MALL S-LINE FLOW VIOLET/ROSE,SKANDI CORVIN} => {PALL MALL EXTRA CUT BLUE}",0.000147473859535486,0.82258064516129,0.000179281946886277,101.090308824541,51
"{PALL MALL EXTRA CUT BLUE,PALL MALL S-LINE FLOW VIOLET/ROSE} => {SKANDI CORVIN}",0.000147473859535486,0.135278514588859,0.00109014990284075,57.3315649867374,51
"{APA MINERALA NATURALA CARBOGAZIFICATA TUSNAD 2L,BERE BORSODI DOZA 500ML} => {SZEKELYHON}",0.000138798926621634,0.39344262295082,0.00035278060516332,23.0652486250795,48
"{BERE BORSODI DOZA 500ML,SZEKELYHON} => {APA MINERALA NATURALA CARBOGAZIFICATA TUSNAD 2L}",0.000138798926621634,0.372093023255814,0.000373022115295642,50.7008265068631,48
"{APA MINERALA NATURALA CARBOGAZIFICATA TUSNAD 2L,SZEKELYHON} => {BERE BORSODI DOZA 500ML}",0.000138798926621634,0.64,0.000216873322846303,278.749823677582,48
"{APA MINERALA NATURALA CARBOGAZIFICATA TUSNAD 2L,BERE BORSODI DOZA 500ML} => {OUA PROASPETE}",0.000104099194966226,0.295081967213115,0.00035278060516332,10.3191855829212,36
"{BERE BORSODI DOZA 500ML,OUA PROASPETE} => {APA MINERALA NATURALA CARBOGAZIFICATA TUSNAD 2L}",0.000104099194966226,0.395604395604396,0.000263139631720181,53.9044501597693,36
"{APA MINERALA NATURALA CARBOGAZIFICATA TUSNAD 2L,OUA PROASPETE} => {BERE BORSODI DOZA 500ML}",0.000104099194966226,0.371134020618557,0.000280489497547886,161.646160637773,36
"{BERE BECK S DOZA 500ML,MARLBORO TOUCH 6} => {APA MINERALA NATURALA CARBOGAZIFICATA CONTINUT REDUS CO2 TUSNAD 2L}",0.000138798926621634,0.328767123287671,0.000422180068474137,5.52000590590065,48
"{APA MINERALA NATURALA CARBOGAZIFICATA CONTINUT REDUS CO2 TUSNAD 2L,BERE BECK S DOZA 500ML} => {MARLBORO TOUCH 6}",0.000138798926621634,0.324324324324324,0.000427963357083372,94.9696317825022,48
"{APA MINERALA NATURALA CARBOGAZIFICATA CONTINUT REDUS CO2 TUSNAD 2L,MARLBORO TOUCH 6} => {BERE BECK S DOZA 500ML}",0.000138798926621634,0.287425149700599,0.000482904598871102,124.872506243794,48
"{BATON LAPTE END-IBO 40G,PAINE CU SEMINTE COUNTRY 500G} => {APA MINERALA NATURALA CARBOGAZIFICATA CONTINUT REDUS CO2 TUSNAD 2L}",0.00010988248357546,0.95,0.000115665772184695,15.9505170655921,38
"{APA MINERALA NATURALA CARBOGAZIFICATA CONTINUT REDUS CO2 TUSNAD 2L,BATON LAPTE END-IBO 40G} => {PAINE CU SEMINTE COUNTRY 500G}",0.00010988248357546,0.447058823529412,0.000245789765892477,85.8909281045752,38
"{APA MINERALA NATURALA CARBOGAZIFICATA CONTINUT REDUS CO2 TUSNAD 2L,PAINE CU SEMINTE COUNTRY 500G} => {BATON LAPTE END-IBO 40G}",0.00010988248357546,0.209944751381215,0.000523387619135745,101.97181699671,38
"{DR.OETKER AMONIU PENTRU PRAJITURI 7G,DR.OETKER PRAF DE COPT 10G} => {DR.OETKER ZAHAR VANILINAT 8G}",0.000127232349403165,0.385964912280702,0.000329647450726381,58.9037642650315,44
"{DR.OETKER AMONIU PENTRU PRAJITURI 7G,DR.OETKER ZAHAR VANILINAT 8G} => {DR.OETKER PRAF DE COPT 10G}",0.000127232349403165,0.435643564356436,0.000292056074766355,82.235807860262,44
"{BRANZA TOPITA NATUR FALUSI 140G,DANONE ACTIVIA NATUR 125G} => {_BANANE}",0.00010988248357546,0.730769230769231,0.000150365503840104,13.4603216224521,38
"{_BANANE,BRANZA TOPITA NATUR FALUSI 140G} => {DANONE ACTIVIA NATUR 125G}",0.00010988248357546,0.391752577319588,0.000280489497547886,39.6248737347087,38
"{OREZ CU LAPTE CU CIOCOLATA MULLER RISO 200G,OREZ CU LAPTE CU VISINE MULLER RISO 200G} => {OREZ CU LAPTE CU CAPSUNI MULLER RISO 200G}",0.000112774127880078,0.322314049586777,0.000349888960858703,185.464116280029,39
"{OREZ CU LAPTE CU CAPSUNI MULLER RISO 200G,OREZ CU LAPTE CU VISINE MULLER RISO 200G} => {OREZ CU LAPTE CU CIOCOLATA MULLER RISO 200G}",0.000112774127880078,0.272727272727273,0.000413505135560285,165.756830164563,39
"{OREZ CU LAPTE CU CAPSUNI MULLER RISO 200G,OREZ CU LAPTE CU CIOCOLATA MULLER RISO 200G} => {OREZ CU LAPTE CU VISINE MULLER RISO 200G}",0.000112774127880078,0.327731092436975,0.000344105672249468,194.403563140522,39
"{_TELINA,BONDUELLE MAZARE VERDE BOABE 200G} => {_PATRUNJEL RADACINA KG}",0.000141690570926252,0.628205128205128,0.000225548255760155,31.7197270048781,49
"{_PATRUNJEL RADACINA KG,BONDUELLE MAZARE VERDE BOABE 200G} => {_TELINA}",0.000141690570926252,0.521276595744681,0.000271814564634033,29.6936184231277,49
"{_TELINA,BONDUELLE MAZARE VERDE BOABE 200G} => {_MORCOVI}",0.000182173591190895,0.807692307692308,0.000225548255760155,22.340189123841,63
"{_MORCOVI,BONDUELLE MAZARE VERDE BOABE 200G} => {_TELINA}",0.000182173591190895,0.428571428571429,0.000425071712778755,24.4128291408805,63
"{_PATRUNJEL RADACINA KG,BONDUELLE MAZARE VERDE BOABE 200G} => {_MORCOVI}",0.000225548255760155,0.829787234042553,0.000271814564634034,22.9513189175024,78
"{_MORCOVI,BONDUELLE MAZARE VERDE BOABE 200G} => {_PATRUNJEL RADACINA KG}",0.000225548255760155,0.530612244897959,0.000425071712778754,26.7920059832956,78
"{_PATRUNJEL RADACINA KG,BAZA PENTRU MANCARE PODRAVKA ROSU 75G} => {_MORCOVI}",0.00012144906079393,0.893617021276596,0.000135907282317017,24.7168049880795,42
"{_MORCOVI,BAZA PENTRU MANCARE PODRAVKA ROSU 75G} => {_PATRUNJEL RADACINA KG}",0.00012144906079393,0.6,0.000202415101323216,30.2955759964958,42
"{DANONE IAURT DELICIOS CAPSUNI 125G,DANONE IAURT DELICIOS VISINE 125G} => {DANONE IAURT DELICIOS FRUCTE DE PADURE 125G}",0.000115665772184695,0.31496062992126,0.000367238826686407,152.550342971834,40
"{DANONE IAURT DELICIOS FRUCTE DE PADURE 125G,DANONE IAURT DELICIOS VISINE 125G} => {DANONE IAURT DELICIOS CAPSUNI 125G}",0.000115665772184695,0.273972602739726,0.000422180068474137,141.835780493807,40
"{DANONE IAURT DELICIOS CAPSUNI 125G,DANONE IAURT DELICIOS FRUCTE DE PADURE 125G} => {DANONE IAURT DELICIOS VISINE 125G}",0.000115665772184695,0.3125,0.000370130470991024,217.883064516129,40
"{DANONE IAURT DELICIOS CAPSUNI 125G,DANONE IAURT DELICIOS VISINE 125G} => {DANONE IAURT DELICIOS BISCUITI 125G}",0.000104099194966226,0.283464566929134,0.000367238826686407,89.3608481255249,36
"{DANONE IAURT DELICIOS BISCUITI 125G,DANONE IAURT DELICIOS VISINE 125G} => {DANONE IAURT DELICIOS CAPSUNI 125G}",0.000104099194966226,0.31304347826087,0.000332539095030998,162.062796146837,36
"{DANONE IAURT DELICIOS BISCUITI 125G,DANONE IAURT DELICIOS CAPSUNI 125G} => {DANONE IAURT DELICIOS VISINE 125G}",0.000104099194966226,0.363636363636364,0.00028627278615712,253.536656891496,36
"{DANONE IAURT DELICIOS CAPSUNI 125G,DANONE IAURT DELICIOS VISINE 125G} => {_BANANE}",0.000115665772184695,0.31496062992126,0.000367238826686407,5.80138188452143,40
"{_BANANE,DANONE IAURT DELICIOS VISINE 125G} => {DANONE IAURT DELICIOS CAPSUNI 125G}",0.000115665772184695,0.32,0.000361455538077172,165.664191616766,40
"{_BANANE,DANONE IAURT DELICIOS CAPSUNI 125G} => {DANONE IAURT DELICIOS VISINE 125G}",0.000115665772184695,0.291970802919708,0.000396155269732581,203.569578526018,40
"{DANONE IAURT DELICIOS BISCUITI 125G,DANONE IAURT DELICIOS VISINE 125G} => {DANONE ACTIVIA NATUR 125G}",0.000141690570926252,0.426086956521739,0.000332539095030998,43.0977173595127,49
"{DANONE ACTIVIA NATUR 125G,DANONE IAURT DELICIOS VISINE 125G} => {DANONE IAURT DELICIOS BISCUITI 125G}",0.000141690570926252,0.653333333333333,0.000216873322846303,205.960206624126,49
"{DANONE ACTIVIA NATUR 125G,DANONE IAURT DELICIOS BISCUITI 125G} => {DANONE IAURT DELICIOS VISINE 125G}",0.000141690570926252,0.462264150943396,0.000306514296289442,322.30249543518,49
"{DANONE IAURT DELICIOS BISCUITI 125G,DANONE IAURT DELICIOS VISINE 125G} => {PUFULETI GUSTO 45G}",0.000112774127880078,0.339130434782609,0.000332539095030998,27.9502963484892,39
"{DANONE IAURT DELICIOS VISINE 125G,PUFULETI GUSTO 45G} => {DANONE IAURT DELICIOS BISCUITI 125G}",0.000112774127880078,0.65,0.000173498658277043,204.909389243391,39
"{DANONE IAURT DELICIOS BISCUITI 125G,PUFULETI GUSTO 45G} => {DANONE IAURT DELICIOS VISINE 125G}",0.000112774127880078,0.382352941176471,0.000294947719070973,266.586337760911,39
"{DANONE IAURT DELICIOS BISCUITI 125G,DANONE IAURT DELICIOS VISINE 125G} => {_BANANE}",0.000185065235495512,0.556521739130435,0.000332539095030998,10.2507895559544,64
"{_BANANE,DANONE IAURT DELICIOS VISINE 125G} => {DANONE IAURT DELICIOS BISCUITI 125G}",0.000185065235495512,0.512,0.000361455538077172,161.405549680948,64
"{_BANANE,DANONE IAURT DELICIOS BISCUITI 125G} => {DANONE IAURT DELICIOS VISINE 125G}",0.000185065235495512,0.273504273504274,0.000676644767280466,190.69423766198,64
"{_ROSII CHERRY VRAC,DANONE IAURT DELICIOS VISINE 125G} => {_BANANE}",0.00010988248357546,0.904761904761905,0.00012144906079393,16.6651601039883,38
"{_BANANE,DANONE IAURT DELICIOS VISINE 125G} => {_ROSII CHERRY VRAC}",0.00010988248357546,0.304,0.000361455538077172,44.9083707817172,38
"{_BANANE,_ROSII CHERRY VRAC} => {DANONE IAURT DELICIOS VISINE 125G}",0.00010988248357546,0.109826589595376,0.00100050892939761,76.5739325004662,38
"{DANONE ACTIVIA NATUR 125G,DANONE IAURT DELICIOS VISINE 125G} => {PUFULETI GUSTO 45G}",0.00010988248357546,0.506666666666667,0.000216873322846303,41.7582205274865,38
"{DANONE IAURT DELICIOS VISINE 125G,PUFULETI GUSTO 45G} => {DANONE ACTIVIA NATUR 125G}",0.00010988248357546,0.633333333333333,0.000173498658277043,64.0602125377791,38
"{DANONE ACTIVIA NATUR 125G,PUFULETI GUSTO 45G} => {DANONE IAURT DELICIOS VISINE 125G}",0.00010988248357546,0.306451612903226,0.000358563893772555,213.665972944849,38
"{DANONE ACTIVIA NATUR 125G,DANONE IAURT DELICIOS VISINE 125G} => {_BANANE}",0.000156148792449338,0.72,0.000216873322846303,13.261958988016,54
"{_BANANE,DANONE IAURT DELICIOS VISINE 125G} => {DANONE ACTIVIA NATUR 125G}",0.000156148792449338,0.432,0.000361455538077172,43.6958081310325,54
"{_BANANE,DANONE ACTIVIA NATUR 125G} => {DANONE IAURT DELICIOS VISINE 125G}",0.000156148792449338,0.103448275862069,0.00150943832701027,72.12680756396,54
"{DANONE IAURT DELICIOS VISINE 125G,PUFULETI GUSTO 45G} => {_BANANE}",0.000135907282317017,0.783333333333333,0.000173498658277043,14.4285201952952,47
"{_BANANE,DANONE IAURT DELICIOS VISINE 125G} => {PUFULETI GUSTO 45G}",0.000135907282317017,0.376,0.000361455538077172,30.9889952335558,47
"{MOGYI PORUMB PT.POPCORN MICRO CU CASC.100G,MOGYI PORUMB PT.POPCORN MICRO CU SARE 100G} => {MOGYI PORUMB PT.POPCORN MICRO CU UNT 100G}",0.000118557416489312,0.366071428571429,0.000323864162117146,146.523478835979,41
"{MOGYI PORUMB PT.POPCORN MICRO CU CASC.100G,MOGYI PORUMB PT.POPCORN MICRO CU UNT 100G} => {MOGYI PORUMB PT.POPCORN MICRO CU SARE 100G}",0.000118557416489312,0.241176470588235,0.000491579531784954,102.211534025375,41
"{MOGYI PORUMB PT.POPCORN MICRO CU SARE 100G,MOGYI PORUMB PT.POPCORN MICRO CU UNT 100G} => {MOGYI PORUMB PT.POPCORN MICRO CU CASC.100G}",0.000118557416489312,0.338842975206612,0.000349888960858703,197.605452036849,41
"{DANONE ACTIVIA NATUR 125G,REAL PATEU DE PUI 48G} => {_BANANE}",0.000104099194966226,0.72,0.000144582215230869,13.261958988016,36
"{_BANANE,REAL PATEU DE PUI 48G} => {DANONE ACTIVIA NATUR 125G}",0.000104099194966226,0.428571428571429,0.00024289812158786,43.3490160030084,36
"{HARTIE IGIENICA SOFFTY ECONOMAX 50M,NESCAFE BRASERO 1.8G} => {SZEKELYHON}",0.000164823725363191,0.730769230769231,0.000225548255760155,42.8407422379282,57
"{NESCAFE BRASERO 1.8G,SZEKELYHON} => {HARTIE IGIENICA SOFFTY ECONOMAX 50M}",0.000164823725363191,0.351851851851852,0.000468446377348015,143.658577113123,57
"{HARTIE IGIENICA SOFFTY ECONOMAX 50M,SZEKELYHON} => {NESCAFE BRASERO 1.8G}",0.000164823725363191,0.410071942446043,0.000401938558341816,217.504170896412,57
"{HARTIE IGIENICA SOFFTY ECONOMAX 50M,NESCAFE BRASERO 1.8G} => {OUA PROASPETE}",0.00010988248357546,0.487179487179487,0.000225548255760155,17.0369459980139,38
"{NESCAFE BRASERO 1.8G,OUA PROASPETE} => {HARTIE IGIENICA SOFFTY ECONOMAX 50M}",0.00010988248357546,0.322033898305085,0.000341214027944851,131.48412142557,38
"{HARTIE IGIENICA SOFFTY ECONOMAX 50M,OUA PROASPETE} => {NESCAFE BRASERO 1.8G}",0.00010988248357546,0.355140186915888,0.000309405940594059,188.368098159509,38
"{HARTIE IGIENICA SOFFTY ECONOMAX 50M,NESCAFE BRASERO 1.8G} => {_BANANE}",0.000141690570926252,0.628205128205128,0.000225548255760155,11.5711536754413,49
"{_BANANE,NESCAFE BRASERO 1.8G} => {HARTIE IGIENICA SOFFTY ECONOMAX 50M}",0.000141690570926252,0.25,0.000566762283705006,102.073199527745,49
"{_BANANE,HARTIE IGIENICA SOFFTY ECONOMAX 50M} => {NESCAFE BRASERO 1.8G}",0.000141690570926252,0.26775956284153,0.00052917090774498,142.020986288511,49
"{NESCAFE BRASERO 1.8G,SALAM VICTORIA CAROLI} => {SZEKELYHON}",0.00010988248357546,0.678571428571429,0.000161932081058573,39.7806892209333,38
"{NESCAFE BRASERO 1.8G,SZEKELYHON} => {SALAM VICTORIA CAROLI}",0.00010988248357546,0.234567901234568,0.000468446377348015,87.1312673217435,38
"{SALAM VICTORIA CAROLI,SZEKELYHON} => {NESCAFE BRASERO 1.8G}",0.00010988248357546,0.426966292134831,0.000257356343110947,226.465016888399,38
"{NESCAFE BRASERO 1.8G,SALAM VICTORIA CAROLI} => {_BANANE}",0.000104099194966226,0.642857142857143,0.000161932081058573,11.8410348107286,36
"{_BANANE,NESCAFE BRASERO 1.8G} => {SALAM VICTORIA CAROLI}",0.000104099194966226,0.183673469387755,0.000566762283705006,68.2263092132664,36
"{_BANANE,SALAM VICTORIA CAROLI} => {NESCAFE BRASERO 1.8G}",0.000104099194966226,0.236842105263158,0.000439529934301841,125.622215046819,36
"{NESCAFE BRASERO 1.8G,SMANTANA 12% GRASIME KERESZTURI 145G} => {_BANANE}",0.000118557416489312,0.719298245614035,0.000164823725363191,13.2490331020627,41
"{_BANANE,NESCAFE BRASERO 1.8G} => {SMANTANA 12% GRASIME KERESZTURI 145G}",0.000118557416489312,0.209183673469388,0.000566762283705006,50.3765561935081,41
"{_BANANE,SMANTANA 12% GRASIME KERESZTURI 145G} => {NESCAFE BRASERO 1.8G}",0.000118557416489312,0.220430107526882,0.000537845840658832,116.917210897816,41
"{NESCAFE BRASERO 1.8G,SZEKELYHON} => {_ROSII VRAC}",0.000141690570926252,0.302469135802469,0.000468446377348015,20.7995797215655,49
"{_ROSII VRAC,NESCAFE BRASERO 1.8G} => {SZEKELYHON}",0.000141690570926252,0.556818181818182,0.000254464698806329,32.6430057482778,49
"{_ROSII VRAC,SZEKELYHON} => {NESCAFE BRASERO 1.8G}",0.000141690570926252,0.318181818181818,0.000445313222911076,168.765197992192,49
"{NESCAFE BRASERO 1.8G,SZEKELYHON} => {OUA PROASPETE}",0.000161932081058573,0.345679012345679,0.000468446377348015,12.0885932617486,56
"{NESCAFE BRASERO 1.8G,OUA PROASPETE} => {SZEKELYHON}",0.000161932081058573,0.474576271186441,0.000341214027944851,27.8216417031327,56
"{OUA PROASPETE,SZEKELYHON} => {NESCAFE BRASERO 1.8G}",0.000161932081058573,0.225806451612903,0.00071712778754511,119.768850188007,56
"{NESCAFE BRASERO 1.8G,SZEKELYHON} => {_MORCOVI}",0.000112774127880078,0.240740740740741,0.000468446377348015,6.65871598223834,39
"{_MORCOVI,NESCAFE BRASERO 1.8G} => {SZEKELYHON}",0.000112774127880078,0.481481481481481,0.000234223188674008,28.2264539501359,39
"{_MORCOVI,SZEKELYHON} => {NESCAFE BRASERO 1.8G}",0.000112774127880078,0.136842105263158,0.000824118626815953,72.5817242492735,39
"{NESCAFE BRASERO 1.8G,SZEKELYHON} => {_BANANE}",0.000326755806421764,0.697530864197531,0.000468446377348015,12.8480912692542,113
"{_BANANE,NESCAFE BRASERO 1.8G} => {SZEKELYHON}",0.000326755806421764,0.576530612244898,0.000566762283705006,33.7986306914697,113
"{_BANANE,SZEKELYHON} => {NESCAFE BRASERO 1.8G}",0.000326755806421764,0.206204379562044,0.00158462107893032,109.371814965743,113
"{_CARTOFI ALBI,NESCAFE BRASERO 1.8G} => {_BANANE}",0.000106990839270843,0.627118644067797,0.000170607013972425,11.5511413031213,37
"{_BANANE,NESCAFE BRASERO 1.8G} => {_CARTOFI ALBI}",0.000106990839270843,0.188775510204082,0.000566762283705006,12.9375945384099,37
"{_ROSII VRAC,NESCAFE BRASERO 1.8G} => {_BANANE}",0.000124340705098547,0.488636363636364,0.000254464698806329,9.000382520276,43
"{_BANANE,NESCAFE BRASERO 1.8G} => {_ROSII VRAC}",0.000124340705098547,0.219387755102041,0.000566762283705006,15.0864090316978,43
"{_LAMAIE^2 A nu se consuma coaja,NESCAFE BRASERO 1.8G} => {_BANANE}",0.000115665772184695,0.533333333333333,0.000216873322846303,9.82367332445628,40
"{_BANANE,NESCAFE BRASERO 1.8G} => {_LAMAIE^2 A nu se consuma coaja}",0.000115665772184695,0.204081632653061,0.000566762283705006,10.1563284689325,40
"{_PATRUNJEL RADACINA KG,NESCAFE BRASERO 1.8G} => {_MORCOVI}",0.000135907282317017,0.903846153846154,0.000150365503840104,24.9997354481078,47
"{_MORCOVI,NESCAFE BRASERO 1.8G} => {_PATRUNJEL RADACINA KG}",0.000135907282317017,0.580246913580247,0.000234223188674008,29.2981907785042,47
"{NESCAFE BRASERO 1.8G,OUA PROASPETE} => {_BANANE}",0.000170607013972425,0.5,0.000341214027944851,9.20969374167776,59
"{_BANANE,NESCAFE BRASERO 1.8G} => {OUA PROASPETE}",0.000170607013972425,0.301020408163265,0.000566762283705006,10.5268562678383,59
"{_MORCOVI,NESCAFE BRASERO 1.8G} => {_BANANE}",0.00012144906079393,0.518518518518518,0.000234223188674008,9.55079350988805,42
"{_BANANE,NESCAFE BRASERO 1.8G} => {_MORCOVI}",0.00012144906079393,0.214285714285714,0.000566762283705006,5.92698895122313,42
"{COZONAC IMPLETIT BACHUS 250G,SZEKELYHON} => {FRANZELA ALBA BACHUS 1KG}",0.000133015638012399,0.368,0.000361455538077172,11.9361500656537,46
"{COZONAC IMPLETIT BACHUS 250G,FRANZELA ALBA BACHUS 1KG} => {SZEKELYHON}",0.000133015638012399,0.63013698630137,0.000211090034237069,36.9412600696194,46
"{FRANZELA ALBA BACHUS 1KG,SZEKELYHON} => {COZONAC IMPLETIT BACHUS 250G}",0.000133015638012399,0.140243902439024,0.0009484593319145,54.4940531652508,46
"{BERE BUCEGI 2.5L PET,PALL MALL EXTRA CUT BLACK} => {SZEKELYHON}",0.000190848524104747,0.709677419354839,0.000268922920329416,41.6042522242698,66
"{BERE BUCEGI 2.5L PET,SZEKELYHON} => {PALL MALL EXTRA CUT BLACK}",0.000190848524104747,0.366666666666667,0.000520495974831128,82.6072529858849,66
"{PALL MALL EXTRA CUT BLACK,SZEKELYHON} => {BERE BUCEGI 2.5L PET}",0.000190848524104747,0.452054794520548,0.000422180068474137,109.70624369142,66
"{_MORCOVI,SANGERETE VRAC} => {CALTABOS VRAC}",0.00010988248357546,0.904761904761905,0.00012144906079393,323.5660609642,38
"{_MORCOVI,CALTABOS VRAC} => {SANGERETE VRAC}",0.00010988248357546,0.791666666666667,0.000138798926621634,382.370577281192,38
"{_BANANE,SANGERETE VRAC} => {CALTABOS VRAC}",0.000141690570926252,0.844827586206897,0.000167715369667808,302.132011553685,49
"{_BANANE,CALTABOS VRAC} => {SANGERETE VRAC}",0.000141690570926252,0.671232876712329,0.000211090034237069,324.201729547716,49
"{PAINE CU CARTOFI FELII BACHUS 1.2 KG,SANGERETE VRAC} => {CALTABOS VRAC}",0.000144582215230869,0.892857142857143,0.000161932081058573,319.308612793618,50
"{CALTABOS VRAC,PAINE CU CARTOFI FELII BACHUS 1.2 KG} => {SANGERETE VRAC}",0.000144582215230869,0.684931506849315,0.000211090034237069,330.81809137522,50
"{_PATRUNJEL RADACINA KG,L&M RED LABEL BOX} => {_MORCOVI}",0.000104099194966226,0.857142857142857,0.00012144906079393,23.7079558048925,36
"{_MORCOVI,L&M RED LABEL BOX} => {_PATRUNJEL RADACINA KG}",0.000104099194966226,0.642857142857143,0.000161932081058573,32.4595457105313,36
"{DANONE IAURT DELICIOS BISCUITI 125G,DANONE IAURT DELICIOS CAPSUNI 125G} => {_BANANE}",0.000124340705098547,0.434343434343434,0.00028627278615712,8.00034001802311,43
"{_BANANE,DANONE IAURT DELICIOS CAPSUNI 125G} => {DANONE IAURT DELICIOS BISCUITI 125G}",0.000124340705098547,0.313868613138686,0.000396155269732581,98.9455781860283,43
"{_BANANE,DANONE IAURT DELICIOS BISCUITI 125G} => {DANONE IAURT DELICIOS CAPSUNI 125G}",0.000124340705098547,0.183760683760684,0.000676644767280466,95.1330160192436,43
"{DANONE ACTIVIA NATUR 125G,DANONE IAURT DELICIOS CAPSUNI 125G} => {_BANANE}",0.000104099194966226,0.571428571428571,0.000182173591190895,10.5253642762032,36
"{_BANANE,DANONE IAURT DELICIOS CAPSUNI 125G} => {DANONE ACTIVIA NATUR 125G}",0.000104099194966226,0.262773722627737,0.000396155269732581,26.578958717173,36
"{DANONE IAURT DELICIOS CAPSUNI 125G,PUFULETI GUSTO 45G} => {_BANANE}",0.00010988248357546,0.655172413793103,0.000167715369667808,12.0678745580605,38
"{_BANANE,DANONE IAURT DELICIOS CAPSUNI 125G} => {PUFULETI GUSTO 45G}",0.00010988248357546,0.277372262773723,0.000396155269732581,22.8603397048284,38
"{MARLBORO TOUCH 6,WINSTON XSPRESSION SUPER LINE} => {_BANANE}",0.000106990839270843,0.4625,0.00023133154436939,8.51896671105193,37
"{_BANANE,WINSTON XSPRESSION SUPER LINE} => {MARLBORO TOUCH 6}",0.000106990839270843,0.336363636363636,0.000318080873507912,98.4950196289739,37
"{_BANANE,MARLBORO TOUCH 6} => {WINSTON XSPRESSION SUPER LINE}",0.000106990839270843,0.324561403508772,0.000329647450726381,87.4833381192654,37
"{APA MINERALA NATURALA CARBOGAZIFICATA TUSNAD 2L,PALL MALL BLUE} => {APA MINERALA NATURALA CARBOGAZIFICATA CONTINUT REDUS CO2 TUSNAD 2L}",0.000118557416489312,0.788461538461538,0.000150365503840104,13.2382833945197,41
"{APA MINERALA NATURALA CARBOGAZIFICATA CONTINUT REDUS CO2 TUSNAD 2L,PALL MALL BLUE} => {APA MINERALA NATURALA CARBOGAZIFICATA TUSNAD 2L}",0.000118557416489312,0.39047619047619,0.000303622651984825,53.2056887688093,41
"{APA MINERALA NATURALA CARBOGAZIFICATA CONTINUT REDUS CO2 TUSNAD 2L,APA MINERALA NATURALA CARBOGAZIFICATA TUSNAD 2L} => {PALL MALL BLUE}",0.000118557416489312,0.133986928104575,0.000884843157212918,33.2633850860277,41
"{PALL MALL BLUE,PALL MALL S-LINE FLOW VIOLET/ROSE} => {PAINE CU CARTOFI FELII BACHUS 1.2 KG}",0.000237114832978625,0.752293577981651,0.000315189229203294,9.13968643287991,82
"{PAINE CU CARTOFI FELII BACHUS 1.2 KG,PALL MALL BLUE} => {PALL MALL S-LINE FLOW VIOLET/ROSE}",0.000237114832978625,0.298181818181818,0.000795202183769779,26.0334332468844,82
"{PAINE CU CARTOFI FELII BACHUS 1.2 KG,PALL MALL S-LINE FLOW VIOLET/ROSE} => {PALL MALL BLUE}",0.000237114832978625,0.215789473684211,0.0010988248357546,53.5715570332867,82
"{HARTIE IGIENICA SOFFTY ECONOMAX 50M,SZEKELYHON} => {_LAMAIE^2 A nu se consuma coaja}",0.000104099194966226,0.258992805755396,0.000401938558341816,12.889038431077,36
"{_LAMAIE^2 A nu se consuma coaja,HARTIE IGIENICA SOFFTY ECONOMAX 50M} => {SZEKELYHON}",0.000104099194966226,0.537313432835821,0.000193740168409364,31.499555958131,36
"{_LAMAIE^2 A nu se consuma coaja,SZEKELYHON} => {HARTIE IGIENICA SOFFTY ECONOMAX 50M}",0.000104099194966226,0.203389830508475,0.000511821041917276,83.042603005623,36
"{HARTIE IGIENICA SOFFTY ECONOMAX 50M,SZEKELYHON} => {OUA PROASPETE}",0.000138798926621634,0.345323741007194,0.000401938558341815,12.0761692193419,48
"{HARTIE IGIENICA SOFFTY ECONOMAX 50M,OUA PROASPETE} => {SZEKELYHON}",0.000138798926621634,0.448598130841121,0.000309405940594059,26.2986946940159,48
"{OUA PROASPETE,SZEKELYHON} => {HARTIE IGIENICA SOFFTY ECONOMAX 50M}",0.000138798926621634,0.193548387096774,0.00071712778754511,79.024412537609,48
"{HARTIE IGIENICA SOFFTY ECONOMAX 50M,SZEKELYHON} => {_BANANE}",0.000237114832978625,0.589928057553957,0.000401938558341815,10.8661134793896,82
"{_BANANE,HARTIE IGIENICA SOFFTY ECONOMAX 50M} => {SZEKELYHON}",0.000237114832978625,0.448087431693989,0.00052917090774498,26.2687553785628,82
"{_BANANE,SZEKELYHON} => {HARTIE IGIENICA SOFFTY ECONOMAX 50M}",0.000237114832978625,0.14963503649635,0.00158462107893032,61.0949077465335,82
"{_LAMAIE^2 A nu se consuma coaja,HARTIE IGIENICA SOFFTY ECONOMAX 50M} => {_BANANE}",0.000106990839270843,0.552238805970149,0.000193740168409364,10.1719005505098,37
"{_BANANE,HARTIE IGIENICA SOFFTY ECONOMAX 50M} => {_LAMAIE^2 A nu se consuma coaja}",0.000106990839270843,0.202185792349727,0.00052917090774498,10.0619800623905,37
"{_PATRUNJEL RADACINA KG,HARTIE IGIENICA SOFFTY ECONOMAX 50M} => {_MORCOVI}",0.00012144906079393,0.777777777777778,0.000156148792449338,21.5127747118469,42
"{_MORCOVI,HARTIE IGIENICA SOFFTY ECONOMAX 50M} => {_PATRUNJEL RADACINA KG}",0.00012144906079393,0.525,0.00023133154436939,26.5086289969339,42
"{HARTIE IGIENICA SOFFTY ECONOMAX 50M,OUA PROASPETE} => {_BANANE}",0.000144582215230869,0.467289719626168,0.000309405940594059,8.60719041278296,50
"{_BANANE,HARTIE IGIENICA SOFFTY ECONOMAX 50M} => {OUA PROASPETE}",0.000144582215230869,0.273224043715847,0.00052917090774498,9.55480146566782,50
"{_CEAPA VERDE LEGATURA,_RIDICHI ROSU LEGATURA} => {_BANANE}",0.000106990839270843,0.186868686868687,0.000572545572314241,3.44200675194017,37
"{_BANANE,_CEAPA VERDE LEGATURA} => {_RIDICHI ROSU LEGATURA}",0.000106990839270843,0.339449541284404,0.000315189229203294,110.849667766891,37
"{_BANANE,_RIDICHI ROSU LEGATURA} => {_CEAPA VERDE LEGATURA}",0.000106990839270843,0.217647058823529,0.000491579531784954,84.7607843137255,37
"{_CEAPA VERDE LEGATURA,_PATRUNJEL RADACINA KG} => {_MORCOVI}",0.000101207550661608,0.833333333333333,0.00012144906079393,23.0494014769789,35
"{_CEAPA VERDE LEGATURA,_MORCOVI} => {_PATRUNJEL RADACINA KG}",0.000101207550661608,0.522388059701492,0.000193740168409364,26.376745270581,35
"{_PATRUNJEL RADACINA KG,SMANTANA 20% GRASIME FRISS 900G} => {_MORCOVI}",0.00010988248357546,0.775510204081633,0.000141690570926252,21.4500552520456,38
"{_MORCOVI,SMANTANA 20% GRASIME FRISS 900G} => {_PATRUNJEL RADACINA KG}",0.00010988248357546,0.550724637681159,0.000199523457018599,27.8075335233537,38
"{PALL MALL EXTRA CUT BLUE,SMANTANA ZOTT 20% 330G} => {PALL MALL S-LINE FLOW VIOLET/ROSE}",0.000138798926621634,0.857142857142857,0.000161932081058573,74.8347819814621,48
"{PALL MALL S-LINE FLOW VIOLET/ROSE,SMANTANA ZOTT 20% 330G} => {PALL MALL EXTRA CUT BLUE}",0.000138798926621634,0.842105263157895,0.000164823725363191,103.489769199117,48
"{PALL MALL EXTRA CUT BLUE,PALL MALL S-LINE FLOW VIOLET/ROSE} => {SMANTANA ZOTT 20% 330G}",0.000138798926621634,0.127320954907162,0.00109014990284075,48.2792126204104,48
"{APA MINERALA NATURALA DECARBOGAZIFICATA PARTIAL PERLA HARGHITEI 2L,GOBE NAPOLITANE CU CREMA DE LAMAIE 120G} => {_BANANE}",0.000106990839270843,0.468354430379747,0.000228439900064773,8.62680173271082,37
"{_BANANE,GOBE NAPOLITANE CU CREMA DE LAMAIE 120G} => {APA MINERALA NATURALA DECARBOGAZIFICATA PARTIAL PERLA HARGHITEI 2L}",0.000106990839270843,0.238709677419355,0.000448204867215694,19.2967591126393,37
"{_PATRUNJEL RADACINA KG,AMESTEC DE LEGUME HAJDU CONG.AGROSPRINT 400G} => {_MORCOVI}",0.000133015638012399,0.851851851851852,0.000156148792449338,23.5616103986895,46
"{_MORCOVI,AMESTEC DE LEGUME HAJDU CONG.AGROSPRINT 400G} => {_PATRUNJEL RADACINA KG}",0.000133015638012399,0.410714285714286,0.000323864162117146,20.7380430928394,46
"{_TELINA,_VARZA NOUA} => {_PATRUNJEL RADACINA KG}",0.000101207550661608,0.538461538461538,0.00018795687980013,27.1883374327527,35
"{_PATRUNJEL RADACINA KG,_VARZA NOUA} => {_TELINA}",0.000101207550661608,0.660377358490566,0.000153257148144721,37.6172524497845,35
"{_TELINA,_VARZA NOUA} => {_MORCOVI}",0.000135907282317017,0.723076923076923,0.00018795687980013,19.9997883584863,47
"{_MORCOVI,_VARZA NOUA} => {_TELINA}",0.000135907282317017,0.338129496402878,0.000401938558341815,19.2609611207427,47
"{_PATRUNJEL RADACINA KG,_VARZA NOUA} => {_MORCOVI}",0.000115665772184695,0.754716981132076,0.000153257148144721,20.874929639528,40
"{_MORCOVI,_VARZA NOUA} => {_PATRUNJEL RADACINA KG}",0.000115665772184695,0.287769784172662,0.000401938558341816,14.5302522764968,40
"{_TELINA,SMANTANA 12% GRASIME KERESZTURI 750G} => {_PATRUNJEL RADACINA KG}",0.000106990839270843,0.787234042553192,0.000135907282317017,39.7495146053314,37
"{_PATRUNJEL RADACINA KG,SMANTANA 12% GRASIME KERESZTURI 750G} => {_TELINA}",0.000106990839270843,0.60655737704918,0.00017639030258166,34.551490423432,37
"{_PATRUNJEL RADACINA KG,SMANTANA 12% GRASIME KERESZTURI 750G} => {_MORCOVI}",0.000141690570926252,0.80327868852459,0.00017639030258166,22.2181115876452,49
"{_MORCOVI,SMANTANA 12% GRASIME KERESZTURI 750G} => {_PATRUNJEL RADACINA KG}",0.000141690570926252,0.550561797752809,0.000257356343110947,27.799311307646,49
"{_CONOPIDA,_TELINA} => {_PATRUNJEL RADACINA KG}",0.000167715369667808,0.522522522522523,0.000320972517812529,26.383534651603,58
"{_CONOPIDA,_PATRUNJEL RADACINA KG} => {_TELINA}",0.000167715369667808,0.517857142857143,0.000323864162117146,29.4988352118973,58
"{_CONOPIDA,_TELINA} => {_MORCOVI}",0.000190848524104747,0.594594594594595,0.000320972517812529,16.4460594322228,66
"{_CONOPIDA,_MORCOVI} => {_TELINA}",0.000190848524104747,0.295964125560538,0.000644836679929675,16.8590838013256,66
"{_CONOPIDA,_PATRUNJEL RADACINA KG} => {_MORCOVI}",0.000234223188674008,0.723214285714286,0.000323864162117146,20.0035877103781,81
"{_CONOPIDA,_MORCOVI} => {_PATRUNJEL RADACINA KG}",0.000234223188674008,0.36322869955157,0.000644836679929675,18.3403711189549,81
"{_TELINA,MAGGI CUB GAINA 60G} => {_PATRUNJEL RADACINA KG}",0.000106990839270843,0.596774193548387,0.000179281946886277,30.1326965556545,37
"{_PATRUNJEL RADACINA KG,MAGGI CUB GAINA 60G} => {_TELINA}",0.000106990839270843,0.4625,0.00023133154436939,26.3455114478669,37
"{_TELINA,MAGGI CUB GAINA 60G} => {_MORCOVI}",0.000115665772184695,0.645161290322581,0.000179281946886277,17.8446979176611,40
"{_MORCOVI,MAGGI CUB GAINA 60G} => {_TELINA}",0.000115665772184695,0.336134453781513,0.000344105672249468,19.1473169732396,40
"{_PATRUNJEL RADACINA KG,MAGGI CUB GAINA 60G} => {_MORCOVI}",0.000170607013972425,0.7375,0.00023133154436939,20.3987203071263,59
"{_MORCOVI,MAGGI CUB GAINA 60G} => {_PATRUNJEL RADACINA KG}",0.000170607013972425,0.495798319327731,0.000344105672249468,25.0341594368803,59
"{_PATRUNJEL RADACINA KG,ELAN FAINA ALBA DE GRAU TIP 550 1KG} => {_MORCOVI}",0.000101207550661608,0.714285714285714,0.000141690570926251,19.7566298374105,35
"{_MORCOVI,ELAN FAINA ALBA DE GRAU TIP 550 1KG} => {_PATRUNJEL RADACINA KG}",0.000101207550661608,0.397727272727273,0.000254464698806329,20.0822946946469,35
"{_GHIMBIR,_LAMAIE^2 A nu se consuma coaja} => {_BANANE}",0.000170607013972425,0.171014492753623,0.000997617285092995,3.14998220729848,59
"{_BANANE,_GHIMBIR} => {_LAMAIE^2 A nu se consuma coaja}",0.000170607013972425,0.38562091503268,0.000442421578606459,19.1908141200549,59
"{APA DE MASA CARBOGAZOASA SICULAQUA 3L,CHESTERFIELD BLUE CROWN RCB 100} => {PAINE CU CARTOFI FELII BACHUS 1.2 KG}",0.000112774127880078,0.234939759036145,0.000480012954566485,2.85430554115284,39
"{CHESTERFIELD BLUE CROWN RCB 100,PAINE CU CARTOFI FELII BACHUS 1.2 KG} => {APA DE MASA CARBOGAZOASA SICULAQUA 3L}",0.000112774127880078,0.284671532846715,0.000396155269732581,66.026994081276,39
"{APA DE MASA CARBOGAZOASA SICULAQUA 3L,PAINE CU CARTOFI FELII BACHUS 1.2 KG} => {CHESTERFIELD BLUE CROWN RCB 100}",0.000112774127880078,0.229411764705882,0.000491579531784954,46.5860799281545,39
"{_TELINA,PULPE PORC FARA OS} => {_MORCOVI}",0.000101207550661608,0.714285714285714,0.000141690570926251,19.7566298374105,35
"{_MORCOVI,PULPE PORC FARA OS} => {_TELINA}",0.000101207550661608,0.307017543859649,0.000329647450726381,17.488722630163,35
"{_PATRUNJEL RADACINA KG,PULPE PORC FARA OS} => {_MORCOVI}",0.000141690570926252,0.80327868852459,0.00017639030258166,22.2181115876452,49
"{_MORCOVI,PULPE PORC FARA OS} => {_PATRUNJEL RADACINA KG}",0.000141690570926252,0.429824561403509,0.000329647450726381,21.7029711086008,49
"{SALAM VICTORIA CAROLI,SZEKELYHON} => {_ROSII VRAC}",0.000104099194966226,0.404494382022472,0.000257356343110947,27.8154434616304,36
"{_ROSII VRAC,SALAM VICTORIA CAROLI} => {SZEKELYHON}",0.000104099194966226,0.439024390243902,0.000237114832978625,25.737442063351,36
"{_ROSII VRAC,SZEKELYHON} => {SALAM VICTORIA CAROLI}",0.000104099194966226,0.233766233766234,0.000445313222911076,86.8334844532481,36
"{SALAM VICTORIA CAROLI,SZEKELYHON} => {_BANANE}",0.000164823725363191,0.640449438202247,0.000257356343110947,11.7966863657446,57
"{_BANANE,SALAM VICTORIA CAROLI} => {SZEKELYHON}",0.000164823725363191,0.375,0.000439529934301841,21.9840650957789,57
"{_BANANE,SZEKELYHON} => {SALAM VICTORIA CAROLI}",0.000164823725363191,0.104014598540146,0.00158462107893032,38.6366751079994,57
"{_ROSII VRAC,SALAM VICTORIA CAROLI} => {_BANANE}",0.000135907282317017,0.573170731707317,0.000237114832978625,10.5574538014355,47
"{_BANANE,SALAM VICTORIA CAROLI} => {_ROSII VRAC}",0.000135907282317017,0.309210526315789,0.000439529934301841,21.2631578947368,47
"{_LAMAIE^2 A nu se consuma coaja,SALAM VICTORIA CAROLI} => {_BANANE}",0.00010988248357546,0.575757575757576,0.000190848524104747,10.6051018843562,38
"{_BANANE,SALAM VICTORIA CAROLI} => {_LAMAIE^2 A nu se consuma coaja}",0.00010988248357546,0.25,0.000439529934301841,12.4415023744424,38
"{_PATRUNJEL RADACINA KG,SALAM VICTORIA CAROLI} => {_MORCOVI}",0.000115665772184695,0.833333333333333,0.000138798926621634,23.0494014769789,40
"{_MORCOVI,SALAM VICTORIA CAROLI} => {_PATRUNJEL RADACINA KG}",0.000115665772184695,0.547945205479452,0.000211090034237069,27.6671926908638,40
"{OUA PROASPETE,SALAM VICTORIA CAROLI} => {_BANANE}",0.000106990839270843,0.397849462365591,0.000268922920329416,7.3281434073565,37
"{_BANANE,SALAM VICTORIA CAROLI} => {OUA PROASPETE}",0.000106990839270843,0.243421052631579,0.000439529934301841,8.51257377947853,37
"{APA DE MASA CARBOGAZOASA SICULAQUA 3L,SZEKELYHON} => {FRANZELA ALBA BACHUS 1KG}",0.00012144906079393,0.42,0.000289164430461738,13.6227799662352,42
"{APA DE MASA CARBOGAZOASA SICULAQUA 3L,FRANZELA ALBA BACHUS 1KG} => {SZEKELYHON}",0.00012144906079393,0.456521739130435,0.000266031276024799,26.7632096818178,42
"{FRANZELA ALBA BACHUS 1KG,SZEKELYHON} => {APA DE MASA CARBOGAZOASA SICULAQUA 3L}",0.00012144906079393,0.128048780487805,0.0009484593319145,29.6997595328066,42
"{_PATRUNJEL RADACINA KG,APA DE MASA CARBOGAZOASA SICULAQUA 3L} => {_MORCOVI}",0.000106990839270843,0.822222222222222,0.000130123993707782,22.7420761239525,37
"{_MORCOVI,APA DE MASA CARBOGAZOASA SICULAQUA 3L} => {_PATRUNJEL RADACINA KG}",0.000106990839270843,0.569230769230769,0.00018795687980013,28.7419567146243,37
"{_PATRUNJEL RADACINA KG,POLONEZ CRISTUR} => {_MORCOVI}",0.000106990839270843,0.902439024390244,0.000118557416489312,24.9608152579966,37
"{_MORCOVI,POLONEZ CRISTUR} => {_PATRUNJEL RADACINA KG}",0.000106990839270843,0.536231884057971,0.000199523457018599,27.0757563253707,37
"{_PATRUNJEL RADACINA KG,MUSTAR DULCE LA MINUT 290G} => {_MORCOVI}",0.000135907282317017,0.839285714285714,0.000161932081058573,23.2140400589573,47
"{_MORCOVI,MUSTAR DULCE LA MINUT 290G} => {_PATRUNJEL RADACINA KG}",0.000135907282317017,0.602564102564103,0.000225548255760155,30.4250442699851,47
"{_RIDICHI ROSU LEGATURA,_TELINA} => {_MORCOVI}",0.000112774127880078,0.78,0.000144582215230869,21.5742397824522,39
"{_MORCOVI,_RIDICHI ROSU LEGATURA} => {_TELINA}",0.000112774127880078,0.453488372093023,0.000248681410197094,25.8321796723271,39
"{_PATRUNJEL RADACINA KG,_RIDICHI ROSU LEGATURA} => {_MORCOVI}",0.000138798926621634,0.872727272727273,0.000159040436753956,24.1390095467997,48
"{_MORCOVI,_RIDICHI ROSU LEGATURA} => {_PATRUNJEL RADACINA KG}",0.000138798926621634,0.558139534883721,0.000248681410197094,28.181931159531,48
"{_PATRUNJEL RADACINA KG,GOBE SMANTANA 20% 150G} => {_MORCOVI}",0.000124340705098547,0.826923076923077,0.000150365503840104,22.8720983886944,43
"{_MORCOVI,GOBE SMANTANA 20% 150G} => {_PATRUNJEL RADACINA KG}",0.000124340705098547,0.5,0.000248681410197094,25.2463133304132,43
"{_PATRUNJEL RADACINA KG,_VINETE} => {_MORCOVI}",0.000124340705098547,0.767857142857143,0.000161932081058573,21.2383770752162,43
"{_MORCOVI,_VINETE} => {_PATRUNJEL RADACINA KG}",0.000124340705098547,0.443298969072165,0.000280489497547886,22.3833293444901,43
"{_TELINA,TOMATO JUICE 100% EKO 1L} => {_MORCOVI}",0.000118557416489312,0.683333333333333,0.000173498658277043,18.9005092111227,41
"{_MORCOVI,TOMATO JUICE 100% EKO 1L} => {_TELINA}",0.000118557416489312,0.305970149253731,0.000387480336818729,17.4290596105291,41
"{_PATRUNJEL RADACINA KG,TOMATO JUICE 100% EKO 1L} => {_MORCOVI}",0.000133015638012399,0.938775510204082,0.000141690570926251,25.9658563577394,46
"{_MORCOVI,TOMATO JUICE 100% EKO 1L} => {_PATRUNJEL RADACINA KG}",0.000133015638012399,0.343283582089552,0.000387480336818729,17.3332897492389,46
"{_PATRUNJEL RADACINA KG,GRASIME VEGETALA TARTINABILA CU 72% GRASIME RAMA 500G} => {_MORCOVI}",0.00012144906079393,0.75,0.000161932081058573,20.744461329281,42
"{_MORCOVI,GRASIME VEGETALA TARTINABILA CU 72% GRASIME RAMA 500G} => {_PATRUNJEL RADACINA KG}",0.00012144906079393,0.428571428571429,0.000283381141852503,21.6396971403542,42
"{_TELINA,PULPE DE PUI INFERIOARE REFR.VRAC SZEKELY CSURKE} => {_PATRUNJEL RADACINA KG}",0.000182173591190895,0.732558139534884,0.000248681410197094,36.9887846468845,63
"{_PATRUNJEL RADACINA KG,PULPE DE PUI INFERIOARE REFR.VRAC SZEKELY CSURKE} => {_TELINA}",0.000182173591190895,0.572727272727273,0.000318080873507912,32.6244171246313,63
"{_TELINA,PULPE DE PUI INFERIOARE REFR.VRAC SZEKELY CSURKE} => {_MORCOVI}",0.000190848524104747,0.767441860465116,0.000248681410197094,21.2268906625201,66
"{_MORCOVI,PULPE DE PUI INFERIOARE REFR.VRAC SZEKELY CSURKE} => {_TELINA}",0.000190848524104747,0.420382165605096,0.000453988155824928,23.9463419598446,66
"{_PATRUNJEL RADACINA KG,PULPE DE PUI INFERIOARE REFR.VRAC SZEKELY CSURKE} => {_MORCOVI}",0.000257356343110947,0.809090909090909,0.000318080873507912,22.3788734340122,89
"{_MORCOVI,PULPE DE PUI INFERIOARE REFR.VRAC SZEKELY CSURKE} => {_PATRUNJEL RADACINA KG}",0.000257356343110947,0.56687898089172,0.000453988155824928,28.6232087440353,89
"{_TELINA,PULPE DE PUI SUPERIOARE REFR.VRAC SZEKELY CSURKE} => {_PATRUNJEL RADACINA KG}",0.000144582215230869,0.617283950617284,0.000234223188674008,31.1682880622385,50
"{_PATRUNJEL RADACINA KG,PULPE DE PUI SUPERIOARE REFR.VRAC SZEKELY CSURKE} => {_TELINA}",0.000144582215230869,0.555555555555556,0.000260247987415564,31.6462599974377,50
"{_TELINA,PULPE DE PUI SUPERIOARE REFR.VRAC SZEKELY CSURKE} => {_MORCOVI}",0.000156148792449338,0.666666666666667,0.000234223188674008,18.4395211815831,54
"{_MORCOVI,PULPE DE PUI SUPERIOARE REFR.VRAC SZEKELY CSURKE} => {_TELINA}",0.000156148792449338,0.428571428571429,0.00036434718238179,24.4128291408805,54
"{_PATRUNJEL RADACINA KG,PULPE DE PUI SUPERIOARE REFR.VRAC SZEKELY CSURKE} => {_MORCOVI}",0.000216873322846303,0.833333333333333,0.000260247987415564,23.0494014769789,75
"{_MORCOVI,PULPE DE PUI SUPERIOARE REFR.VRAC SZEKELY CSURKE} => {_PATRUNJEL RADACINA KG}",0.000216873322846303,0.595238095238095,0.00036434718238179,30.0551349171586,75
"{_ROSII CHERRY VRAC,DANONE IAURT DELICIOS BISCUITI 125G} => {DANONE ACTIVIA NATUR 125G}",0.000115665772184695,0.689655172413793,0.000167715369667808,69.7570372462204,40
"{DANONE ACTIVIA NATUR 125G,DANONE IAURT DELICIOS BISCUITI 125G} => {_ROSII CHERRY VRAC}",0.000115665772184695,0.377358490566038,0.000306514296289442,55.7452467498972,40
"{_ROSII CHERRY VRAC,DANONE ACTIVIA NATUR 125G} => {DANONE IAURT DELICIOS BISCUITI 125G}",0.000115665772184695,0.380952380952381,0.000303622651984825,120.093414941182,40
"{_ROSII CHERRY VRAC,DANONE IAURT DELICIOS BISCUITI 125G} => {PUFULETI GUSTO 45G}",0.000112774127880078,0.672413793103448,0.000167715369667808,55.4186910357976,39
"{DANONE IAURT DELICIOS BISCUITI 125G,PUFULETI GUSTO 45G} => {_ROSII CHERRY VRAC}",0.000112774127880078,0.382352941176471,0.000294947719070973,56.4830514862929,39
"{_ROSII CHERRY VRAC,PUFULETI GUSTO 45G} => {DANONE IAURT DELICIOS BISCUITI 125G}",0.000112774127880078,0.414893617021277,0.000271814564634034,130.793227176633,39
"{_ROSII CHERRY VRAC,DANONE IAURT DELICIOS BISCUITI 125G} => {_BANANE}",0.000153257148144721,0.913793103448276,0.000167715369667808,16.8315092520318,53
"{_BANANE,DANONE IAURT DELICIOS BISCUITI 125G} => {_ROSII CHERRY VRAC}",0.000153257148144721,0.226495726495726,0.000676644767280466,33.459059427449,53
"{_BANANE,_ROSII CHERRY VRAC} => {DANONE IAURT DELICIOS BISCUITI 125G}",0.000153257148144721,0.153179190751445,0.00100050892939761,48.2890068025777,53
"{DANONE IAURT DELICIOS BISCUITI 125G,DR.OETKER ZAHAR VANILINAT 8G} => {_BANANE}",0.000101207550661608,0.795454545454545,0.000127232349403165,14.6517854981237,35
"{_BANANE,DANONE IAURT DELICIOS BISCUITI 125G} => {DR.OETKER ZAHAR VANILINAT 8G}",0.000101207550661608,0.14957264957265,0.000676644767280466,22.8269249628473,35
"{_BANANE,DR.OETKER ZAHAR VANILINAT 8G} => {DANONE IAURT DELICIOS BISCUITI 125G}",0.000101207550661608,0.13671875,0.000740260941982049,43.0999316317229,35
"{DANONE IAURT DELICIOS BISCUITI 125G,UNT 65% GRASIME FRISS 180G} => {_BANANE}",0.000101207550661608,0.673076923076923,0.000150365503840104,12.3976646522585,35
"{_BANANE,DANONE IAURT DELICIOS BISCUITI 125G} => {UNT 65% GRASIME FRISS 180G}",0.000101207550661608,0.14957264957265,0.000676644767280466,15.6697400684071,35
"{DANONE ACTIVIA NATUR 125G,DANONE IAURT DELICIOS BISCUITI 125G} => {PUFULETI GUSTO 45G}",0.000138798926621634,0.452830188679245,0.000306514296289442,37.3211504217853,48
"{DANONE IAURT DELICIOS BISCUITI 125G,PUFULETI GUSTO 45G} => {DANONE ACTIVIA NATUR 125G}",0.000138798926621634,0.470588235294118,0.000294947719070973,47.5989195327151,48
"{DANONE ACTIVIA NATUR 125G,PUFULETI GUSTO 45G} => {DANONE IAURT DELICIOS BISCUITI 125G}",0.000138798926621634,0.387096774193548,0.000358563893772555,122.030405504749,48
"{DANONE ACTIVIA NATUR 125G,DANONE IAURT DELICIOS BISCUITI 125G} => {_BANANE}",0.000216873322846303,0.707547169811321,0.000306514296289442,13.0325854835063,75
"{_BANANE,DANONE IAURT DELICIOS BISCUITI 125G} => {DANONE ACTIVIA NATUR 125G}",0.000216873322846303,0.320512820512821,0.000676644767280466,32.4191358996858,75
"{_BANANE,DANONE ACTIVIA NATUR 125G} => {DANONE IAURT DELICIOS BISCUITI 125G}",0.000216873322846303,0.14367816091954,0.00150943832701027,45.2938526179025,75
"{DANONE IAURT DELICIOS BISCUITI 125G,PUFULETI GUSTO 45G} => {_BANANE}",0.000199523457018599,0.676470588235294,0.000294947719070973,12.4601738857993,69
"{_BANANE,DANONE IAURT DELICIOS BISCUITI 125G} => {PUFULETI GUSTO 45G}",0.000199523457018599,0.294871794871795,0.000676644767280466,24.3026081005109,69
"{_BANANE,PUFULETI GUSTO 45G} => {DANONE IAURT DELICIOS BISCUITI 125G}",0.000199523457018599,0.133204633204633,0.0014978717497918,41.9921231297713,69
"{DANONE IAURT DELICIOS BISCUITI 125G,OUA PROASPETE M DIN GHEORGHENI 1*10} => {_BANANE}",0.000124340705098547,0.581081081081081,0.000213981678541686,10.7031575916796,43
"{_BANANE,DANONE IAURT DELICIOS BISCUITI 125G} => {OUA PROASPETE M DIN GHEORGHENI 1*10}",0.000124340705098547,0.183760683760684,0.000676644767280466,11.8010872239284,43
"{_PATRUNJEL RADACINA KG,KINDER BUENO 43G} => {_MORCOVI}",0.000101207550661608,0.74468085106383,0.000135907282317017,20.5973374900662,35
"{_MORCOVI,KINDER BUENO 43G} => {_PATRUNJEL RADACINA KG}",0.000101207550661608,0.454545454545455,0.000222656611455538,22.9511939367393,35
"{_CARTOFI NOI,_CEAPA GALBENA} => {_MORCOVI}",0.000106990839270843,0.232704402515723,0.000459771444434163,6.43643663885447,37
"{_CARTOFI NOI,_MORCOVI} => {_CEAPA GALBENA}",0.000106990839270843,0.224242424242424,0.000477121310261867,12.1854827343199,37
"{_CARTOFI NOI,_TELINA} => {_PATRUNJEL RADACINA KG}",0.000101207550661608,0.426829268292683,0.000237114832978625,21.5517308918161,35
"{_CARTOFI NOI,_PATRUNJEL RADACINA KG} => {_TELINA}",0.000101207550661608,0.573770491803279,0.00017639030258166,32.6838422924357,35
"{_CARTOFI NOI,_TELINA} => {_MORCOVI}",0.000144582215230869,0.609756097560976,0.000237114832978625,16.8654157148626,50
"{_CARTOFI NOI,_MORCOVI} => {_TELINA}",0.000144582215230869,0.303030303030303,0.000477121310261867,17.2615963622388,50
"{_CARTOFI NOI,_PATRUNJEL RADACINA KG} => {_MORCOVI}",0.000127232349403165,0.721311475409836,0.00017639030258166,19.9509573440079,44
"{_CARTOFI NOI,_MORCOVI} => {_PATRUNJEL RADACINA KG}",0.000127232349403165,0.266666666666667,0.000477121310261867,13.464700442887,44
"{CORN CU CASCAVAL PANIPROD 100G,SZEKELYHON} => {FRANZELA ALBA BACHUS 1KG}",0.000101207550661608,0.514705882352941,0.000196631812713982,16.6945832919549,35
"{CORN CU CASCAVAL PANIPROD 100G,FRANZELA ALBA BACHUS 1KG} => {SZEKELYHON}",0.000101207550661608,0.53030303030303,0.000190848524104747,31.0885769031217,35
"{FRANZELA ALBA BACHUS 1KG,SZEKELYHON} => {CORN CU CASCAVAL PANIPROD 100G}",0.000101207550661608,0.106707317073171,0.0009484593319145,15.4530784001307,35
"{_CARTOFI ROSII,_TELINA} => {_PATRUNJEL RADACINA KG}",0.000167715369667808,0.547169811320755,0.000306514296289442,27.6280410030937,58
"{_CARTOFI ROSII,_PATRUNJEL RADACINA KG} => {_TELINA}",0.000167715369667808,0.542056074766355,0.000309405940594059,30.8772854554439,58
"{_CARTOFI ROSII,_TELINA} => {_MORCOVI}",0.000211090034237069,0.688679245283019,0.000306514296289442,19.0483732960693,73
"{_CARTOFI ROSII,_MORCOVI} => {_TELINA}",0.000211090034237069,0.366834170854271,0.000575437216618858,20.8960731842378,73
"{_CARTOFI ROSII,_PATRUNJEL RADACINA KG} => {_MORCOVI}",0.000248681410197094,0.803738317757009,0.000309405940594059,22.2308246020955,86
"{_CARTOFI ROSII,_MORCOVI} => {_PATRUNJEL RADACINA KG}",0.000248681410197094,0.4321608040201,0.000575437216618858,21.8209341348295,86
"{_KIWI KG,_PORTOCALE^2 A nu se consuma coaja} => {_BANANE}",0.000179281946886277,0.504065040650406,0.000355672249467937,9.28456930055319,62
"{_BANANE,_KIWI KG} => {_PORTOCALE^2 A nu se consuma coaja}",0.000179281946886277,0.134782608695652,0.00133015638012399,25.7377475812066,62
"{_BANANE,_PORTOCALE^2 A nu se consuma coaja} => {_KIWI KG}",0.000179281946886277,0.13135593220339,0.0013648561117794,36.8120209872813,62
"{_KIWI KG,_PORTOCALE PLASA BUC^2 A nu se consuma coaja} => {_BANANE}",0.000150365503840104,0.584269662921348,0.000257356343110947,10.7618893161178,52
"{_BANANE,_KIWI KG} => {_PORTOCALE PLASA BUC^2 A nu se consuma coaja}",0.000150365503840104,0.11304347826087,0.00133015638012399,15.6811663963445,52
"{_BANANE,_PORTOCALE PLASA BUC^2 A nu se consuma coaja} => {_KIWI KG}",0.000150365503840104,0.112554112554113,0.00133593966873323,31.5428795947435,52
"{_KIWI KG,_MANDARINE^2 A nu se consuma coaja} => {_BANANE}",0.000196631812713982,0.557377049180328,0.00035278060516332,10.2665438431818,68
"{_BANANE,_KIWI KG} => {_MANDARINE^2 A nu se consuma coaja}",0.000196631812713982,0.147826086956522,0.00133015638012399,18.356125204902,68
"{_CLEMENTINA^2 A nu se consuma coaja,_KIWI KG} => {_BANANE}",0.000130123993707782,0.463917525773196,0.000280489497547886,8.54507666753607,45
"{_KIWI KG,_MERE ROSII} => {_BANANE}",0.000135907282317017,0.484536082474227,0.000280489497547886,8.92485785275989,47
"{_BANANE,_KIWI KG} => {_MERE ROSII}",0.000135907282317017,0.102173913043478,0.00133015638012399,6.67438445492025,47
"{_KIWI KG,_LAMAIE^2 A nu se consuma coaja} => {_BANANE}",0.000141690570926252,0.445454545454545,0.000318080873507912,8.20499987894928,49
"{_BANANE,_KIWI KG} => {_LAMAIE^2 A nu se consuma coaja}",0.000141690570926252,0.106521739130435,0.00133015638012399,5.30116188128414,49
"{_KIWI KG,_PATRUNJEL RADACINA KG} => {_MORCOVI}",0.000106990839270843,0.822222222222222,0.000130123993707782,22.7420761239525,37
"{_KIWI KG,_MORCOVI} => {_PATRUNJEL RADACINA KG}",0.000106990839270843,0.389473684210526,0.000274706208938651,19.6655493310587,37
"{_KIWI KG,_MORCOVI} => {_BANANE}",0.000135907282317017,0.494736842105263,0.000274706208938651,9.11274959702852,47
"{_BANANE,_KIWI KG} => {_MORCOVI}",0.000135907282317017,0.102173913043478,0.00133015638012399,2.82605705065567,47
"{SMANTANA 12% GRASIME KERESZTURI 145G,SZEKELYHON} => {_BANANE}",0.000173498658277043,0.625,0.000277597853243268,11.5121171770972,60
"{_BANANE,SMANTANA 12% GRASIME KERESZTURI 145G} => {SZEKELYHON}",0.000173498658277043,0.32258064516129,0.000537845840658832,18.9110237383045,60
"{_BANANE,SZEKELYHON} => {SMANTANA 12% GRASIME KERESZTURI 145G}",0.000173498658277043,0.109489051094891,0.00158462107893032,26.3676473578269,60
"{_CARTOFI ALBI,SMANTANA 12% GRASIME KERESZTURI 145G} => {_BANANE}",0.000104099194966226,0.467532467532468,0.000222656611455538,8.61166168052986,36
"{_BANANE,SMANTANA 12% GRASIME KERESZTURI 145G} => {_CARTOFI ALBI}",0.000104099194966226,0.193548387096774,0.000537845840658832,13.2647002416478,36
"{_TELINA,SMANTANA 12% GRASIME KERESZTURI 145G} => {_MORCOVI}",0.000127232349403165,0.698412698412698,0.000182173591190895,19.3175936188013,44
"{_MORCOVI,SMANTANA 12% GRASIME KERESZTURI 145G} => {_TELINA}",0.000127232349403165,0.295302013422819,0.000430855001387989,16.8213677301817,44
"{_LAMAIE^2 A nu se consuma coaja,SMANTANA 12% GRASIME KERESZTURI 145G} => {_BANANE}",0.000104099194966226,0.378947368421053,0.000274706208938651,6.97997841474525,36
"{_BANANE,SMANTANA 12% GRASIME KERESZTURI 145G} => {_LAMAIE^2 A nu se consuma coaja}",0.000104099194966226,0.193548387096774,0.000537845840658832,9.63213087053602,36
"{_PATRUNJEL RADACINA KG,SMANTANA 12% GRASIME KERESZTURI 145G} => {_MORCOVI}",0.000190848524104747,0.825,0.00023133154436939,22.8189074622091,66
"{_MORCOVI,SMANTANA 12% GRASIME KERESZTURI 145G} => {_PATRUNJEL RADACINA KG}",0.000190848524104747,0.442953020134228,0.000430855001387989,22.3658614739231,66
"{OUA PROASPETE,SMANTANA 12% GRASIME KERESZTURI 145G} => {_BANANE}",0.000130123993707782,0.294117647058824,0.000442421578606459,5.41746690686927,45
"{_BANANE,SMANTANA 12% GRASIME KERESZTURI 145G} => {OUA PROASPETE}",0.000130123993707782,0.241935483870968,0.000537845840658832,8.46062258814779,45
"{_MORCOVI,SMANTANA 12% GRASIME KERESZTURI 145G} => {_BANANE}",0.000101207550661608,0.23489932885906,0.000430855001387989,4.32670175783519,35
"{_BANANE,SMANTANA 12% GRASIME KERESZTURI 145G} => {_MORCOVI}",0.000101207550661608,0.188172043010753,0.000537845840658832,5.20470355931781,35
"{_GULII,_PATRUNJEL FRUNZE LEGATURA} => {_TELINA}",0.000118557416489312,0.525641025641026,0.000225548255760155,29.9422306129603,41
"{_PATRUNJEL FRUNZE LEGATURA,_TELINA} => {_GULII}",0.000118557416489312,0.27891156462585,0.000425071712778755,41.1670136257661,41
"{_GULII,_PATRUNJEL FRUNZE LEGATURA} => {_PATRUNJEL RADACINA KG}",0.000138798926621634,0.615384615384615,0.000225548255760155,31.0723856374316,48
"{_PATRUNJEL FRUNZE LEGATURA,_PATRUNJEL RADACINA KG} => {_GULII}",0.000138798926621634,0.305732484076433,0.000453988155824928,45.125749284357,48
"{_GULII,_PATRUNJEL FRUNZE LEGATURA} => {_MORCOVI}",0.000135907282317017,0.602564102564103,0.000225548255760155,16.6664902987386,47
"{_MORCOVI,_PATRUNJEL FRUNZE LEGATURA} => {_GULII}",0.000135907282317017,0.188755020080321,0.000720019431849727,27.8600153923419,47
"{_PATRUNJEL FRUNZE LEGATURA,_ROSII VRAC} => {PAINE CU CARTOFI FELII BACHUS 1.2 KG}",0.000101207550661608,0.343137254901961,0.000294947719070973,4.16880723833535,35
"{_PATRUNJEL FRUNZE LEGATURA,PAINE CU CARTOFI FELII BACHUS 1.2 KG} => {_ROSII VRAC}",0.000101207550661608,0.194444444444444,0.000520495974831128,13.371158392435,35
"{_CEAPA GALBENA,_PATRUNJEL FRUNZE LEGATURA} => {_MORCOVI}",0.000112774127880078,0.357798165137615,0.000315189229203294,9.89644026717991,39
"{_MORCOVI,_PATRUNJEL FRUNZE LEGATURA} => {_CEAPA GALBENA}",0.000112774127880078,0.156626506024096,0.000720019431849727,8.51118868938987,39
"{_PATRUNJEL FRUNZE LEGATURA,_TELINA} => {_PATRUNJEL RADACINA KG}",0.000225548255760155,0.530612244897959,0.000425071712778754,26.7920059832956,78
"{_PATRUNJEL FRUNZE LEGATURA,_PATRUNJEL RADACINA KG} => {_TELINA}",0.000225548255760155,0.496815286624204,0.000453988155824928,28.30022231618,78
"{_PATRUNJEL FRUNZE LEGATURA,_TELINA} => {_MORCOVI}",0.000280489497547886,0.659863945578231,0.000425071712778755,18.2513628021792,97
"{_MORCOVI,_PATRUNJEL FRUNZE LEGATURA} => {_TELINA}",0.000280489497547886,0.389558232931727,0.000720019431849727,22.1905100222997,97
"{_PATRUNJEL FRUNZE LEGATURA,_PATRUNJEL RADACINA KG} => {_MORCOVI}",0.00036434718238179,0.802547770700637,0.000453988155824928,22.1978949256,126
"{_MORCOVI,_PATRUNJEL FRUNZE LEGATURA} => {_PATRUNJEL RADACINA KG}",0.00036434718238179,0.506024096385542,0.000720019431849727,25.5504857801772,126
"{_MORCOVI,_PATRUNJEL FRUNZE LEGATURA} => {PAINE CU CARTOFI FELII BACHUS 1.2 KG}",0.000115665772184695,0.160642570281124,0.000720019431849727,1.95166190848058,40
"{_PATRUNJEL FRUNZE LEGATURA,PAINE CU CARTOFI FELII BACHUS 1.2 KG} => {_MORCOVI}",0.000115665772184695,0.222222222222222,0.000520495974831128,6.14650706052769,40
"{_PATRUNJEL RADACINA KG,PESMET 350G COUNTRY} => {_MORCOVI}",0.000144582215230869,0.746268656716418,0.000193740168409364,20.6412550540109,50
"{_MORCOVI,PESMET 350G COUNTRY} => {_PATRUNJEL RADACINA KG}",0.000144582215230869,0.45045045045045,0.000320972517812529,22.7444264237957,50
"{_TELINA,CONSERVA MAZARE VERDE GREEN PEAS 400G} => {_PATRUNJEL RADACINA KG}",0.000150365503840104,0.553191489361702,0.000271814564634033,27.9320913442869,52
"{_PATRUNJEL RADACINA KG,CONSERVA MAZARE VERDE GREEN PEAS 400G} => {_TELINA}",0.000150365503840104,0.477064220183486,0.000315189229203294,27.1751370253227,52
"{_TELINA,CONSERVA MAZARE VERDE GREEN PEAS 400G} => {_MORCOVI}",0.000193740168409364,0.712765957446808,0.000271814564634034,19.7145944547777,67
"{_MORCOVI,CONSERVA MAZARE VERDE GREEN PEAS 400G} => {_TELINA}",0.000193740168409364,0.370165745856354,0.000523387619135745,21.0858505839281,67
"{_PATRUNJEL RADACINA KG,CONSERVA MAZARE VERDE GREEN PEAS 400G} => {_MORCOVI}",0.000248681410197094,0.788990825688073,0.000315189229203294,21.8229195635249,86
"{_MORCOVI,CONSERVA MAZARE VERDE GREEN PEAS 400G} => {_PATRUNJEL RADACINA KG}",0.000248681410197094,0.475138121546961,0.000523387619135745,23.9909717835971,86
"{_PATRUNJEL RADACINA KG,GOBE LAPTE 1.5% 1L} => {_MORCOVI}",0.000106990839270843,0.637931034482759,0.000167715369667808,17.6447142341011,37
"{_MORCOVI,GOBE LAPTE 1.5% 1L} => {_PATRUNJEL RADACINA KG}",0.000106990839270843,0.321739130434783,0.000332539095030998,16.2454537952224,37
"{_PATRUNJEL RADACINA KG,SLANINA AFUMATA MAESTRO} => {_MORCOVI}",0.000106990839270843,0.770833333333333,0.000138798926621634,21.3206963662054,37
"{_MORCOVI,SLANINA AFUMATA MAESTRO} => {_PATRUNJEL RADACINA KG}",0.000106990839270843,0.474358974358974,0.000225548255760155,23.9516305955202,37
"{_PATRUNJEL RADACINA KG,BICARBONAT DE SODIU ECOM 150G} => {_MORCOVI}",0.000106990839270843,0.725490196078431,0.000147473859535486,20.0665377564287,37
"{_MORCOVI,BICARBONAT DE SODIU ECOM 150G} => {_PATRUNJEL RADACINA KG}",0.000106990839270843,0.415730337078652,0.000257356343110947,20.9913167016919,37
"{_PATRUNJEL RADACINA KG,_PRUNE} => {_MORCOVI}",0.000115665772184695,0.701754385964912,0.000164823725363191,19.4100222964032,40
"{_MORCOVI,_PRUNE} => {_PATRUNJEL RADACINA KG}",0.000115665772184695,0.425531914893617,0.000271814564634033,21.48622411099,40
"{_ARDEI GRAS ROMANIA,_ROSII PRUNISOR} => {PAINE CU CARTOFI FELII BACHUS 1.2 KG}",0.000104099194966226,0.183673469387755,0.000566762283705006,2.2314664984209,36
"{_ROSII PRUNISOR,PAINE CU CARTOFI FELII BACHUS 1.2 KG} => {_ARDEI GRAS ROMANIA}",0.000104099194966226,0.157894736842105,0.000659294901452762,17.4732126315789,36
"{_ARDEI GRAS ROMANIA,PAINE CU CARTOFI FELII BACHUS 1.2 KG} => {_ROSII PRUNISOR}",0.000104099194966226,0.105571847507331,0.000986050707874526,24.210396944546,36
"{_CASTRAVETI CORNISON,_ROSII PRUNISOR} => {PAINE CU CARTOFI FELII BACHUS 1.2 KG}",0.000104099194966226,0.215568862275449,0.000482904598871102,2.61896666880537,36
"{_ROSII PRUNISOR,PAINE CU CARTOFI FELII BACHUS 1.2 KG} => {_CASTRAVETI CORNISON}",0.000104099194966226,0.157894736842105,0.000659294901452762,17.2306057032768,36
"{_PATRUNJEL RADACINA KG,_ROSII PRUNISOR} => {_MORCOVI}",0.000127232349403165,0.830188679245283,0.000153257148144721,22.9624226034808,44
"{_MORCOVI,_ROSII PRUNISOR} => {_PATRUNJEL RADACINA KG}",0.000127232349403165,0.448979591836735,0.000283381141852503,22.6701589089425,44
"{_ROSII CHERRY CASEROLA 500G,_TELINA} => {_MORCOVI}",0.000101207550661608,0.660377358490566,0.000153257148144721,18.265563434587,35
"{_MORCOVI,_ROSII CHERRY CASEROLA 500G} => {_TELINA}",0.000101207550661608,0.307017543859649,0.000329647450726381,17.488722630163,35
"{_PATRUNJEL RADACINA KG,_ROSII CHERRY CASEROLA 500G} => {_MORCOVI}",0.000159040436753956,0.833333333333333,0.000190848524104747,23.0494014769789,55
"{_MORCOVI,_ROSII CHERRY CASEROLA 500G} => {_PATRUNJEL RADACINA KG}",0.000159040436753956,0.482456140350877,0.000329647450726381,24.3604777749601,55
"{APA MINERALA NATURALA CARBOGAZIFICATA CONTINUT REDUS CO2 TUSNAD 2L,SALAM POTCOAVA CRIS-TIM} => {PAINE CU CARTOFI FELII BACHUS 1.2 KG}",0.000115665772184695,0.277777777777778,0.000416396779864902,3.37474871674766,40
"{PAINE CU CARTOFI FELII BACHUS 1.2 KG,SALAM POTCOAVA CRIS-TIM} => {APA MINERALA NATURALA CARBOGAZIFICATA CONTINUT REDUS CO2 TUSNAD 2L}",0.000115665772184695,0.181818181818182,0.000636161747015823,3.0527305388693,40
"{_PATRUNJEL RADACINA KG,LAPTE DE CONSUM 1.5% CUTIE KERESZTURI 1L} => {_MORCOVI}",0.000112774127880078,0.829787234042553,0.000135907282317017,22.9513189175024,39
"{_MORCOVI,LAPTE DE CONSUM 1.5% CUTIE KERESZTURI 1L} => {_PATRUNJEL RADACINA KG}",0.000112774127880078,0.458823529411765,0.000245789765892477,23.1672051737909,39
"{DR.OETKER BUDINCA VANILIE 40G,DR.OETKER PRAF DE COPT 10G} => {DR.OETKER ZAHAR VANILINAT 8G}",0.000144582215230869,0.4,0.000361455538077172,61.0457193292145,50
"{DR.OETKER BUDINCA VANILIE 40G,DR.OETKER ZAHAR VANILINAT 8G} => {DR.OETKER PRAF DE COPT 10G}",0.000144582215230869,0.359712230215827,0.000401938558341816,67.9023593352392,50
"{_PATRUNJEL RADACINA KG,DR.OETKER BUDINCA VANILIE 40G} => {_MORCOVI}",0.000101207550661608,0.686274509803922,0.000147473859535486,18.9818600398649,35
"{_MORCOVI,DR.OETKER BUDINCA VANILIE 40G} => {_PATRUNJEL RADACINA KG}",0.000101207550661608,0.364583333333333,0.000277597853243268,18.4087701367596,35
"{_TELINA,SALAM DIN CASA CAROLISTILOR GASTRO CAROLI} => {_MORCOVI}",0.000147473859535486,0.728571428571429,0.000202415101323216,20.1517624341587,51
"{_MORCOVI,SALAM DIN CASA CAROLISTILOR GASTRO CAROLI} => {_TELINA}",0.000147473859535486,0.573033707865168,0.000257356343110947,32.6418726715144,51
"{_PATRUNJEL RADACINA KG,MARGARINA CU SARE BORDS EVE 500G} => {_MORCOVI}",0.000112774127880078,0.829787234042553,0.000135907282317017,22.9513189175024,39
"{_MORCOVI,MARGARINA CU SARE BORDS EVE 500G} => {_PATRUNJEL RADACINA KG}",0.000112774127880078,0.453488372093023,0.000248681410197094,22.8978190671189,39
"{_PATRUNJEL RADACINA KG,CREMA DE UNT CU SMANTANA GORDON 125G} => {_MORCOVI}",0.000101207550661608,0.853658536585366,0.000118557416489312,23.6115820008076,35
"{_MORCOVI,CREMA DE UNT CU SMANTANA GORDON 125G} => {_PATRUNJEL RADACINA KG}",0.000101207550661608,0.5,0.000202415101323216,25.2463133304132,35
"{_PIERSICI,_TELINA} => {_MORCOVI}",0.000101207550661608,0.673076923076923,0.000150365503840104,18.6168242698675,35
"{_MORCOVI,_PIERSICI} => {_TELINA}",0.000101207550661608,0.336538461538462,0.000300731007680207,19.1703305753709,35
"{_PATRUNJEL RADACINA KG,_PIERSICI} => {_MORCOVI}",0.000124340705098547,0.754385964912281,0.000164823725363191,20.8657739686335,43
"{_MORCOVI,_PIERSICI} => {_PATRUNJEL RADACINA KG}",0.000124340705098547,0.413461538461538,0.000300731007680207,20.8767591001494,43
"{_PATRUNJEL RADACINA KG,ELAN BATISTE DE HARTIE 3STR 100BUC} => {_MORCOVI}",0.000141690570926252,0.73134328358209,0.000193740168409364,20.2284299529307,49
"{_MORCOVI,ELAN BATISTE DE HARTIE 3STR 100BUC} => {_PATRUNJEL RADACINA KG}",0.000141690570926252,0.371212121212121,0.000381697048209494,18.7434750483371,49
"{_CIUPERCI,_TELINA} => {_PATRUNJEL RADACINA KG}",0.000104099194966226,0.45,0.00023133154436939,22.7216819973719,36
"{_CIUPERCI,_PATRUNJEL RADACINA KG} => {_TELINA}",0.000104099194966226,0.455696202531646,0.000228439900064773,25.9579449092907,36
"{_CIUPERCI,_TELINA} => {_MORCOVI}",0.000150365503840104,0.65,0.00023133154436939,17.9785331520435,52
"{_CIUPERCI,_MORCOVI} => {_TELINA}",0.000150365503840104,0.276595744680851,0.000543629129268067,15.7557975306392,52
"{_CIUPERCI,_PATRUNJEL RADACINA KG} => {_MORCOVI}",0.000173498658277043,0.759493670886076,0.000228439900064773,21.0070494473731,60
"{_CIUPERCI,_MORCOVI} => {_PATRUNJEL RADACINA KG}",0.000173498658277043,0.319148936170213,0.000543629129268067,16.1146680832425,60
"{_MANDARINE^2 A nu se consuma coaja,_PORTOCALE^2 A nu se consuma coaja} => {_BANANE}",0.000106990839270843,0.318965517241379,0.000335430739335616,5.87514945589788,37
"{_CLEMENTINA^2 A nu se consuma coaja,_PORTOCALE^2 A nu se consuma coaja} => {_BANANE}",0.00012144906079393,0.35,0.000346997316554085,6.44678561917443,42
"{_MERE ROSII,_PORTOCALE^2 A nu se consuma coaja} => {_BANANE}",0.000153257148144721,0.42741935483871,0.000358563893772555,7.87280271466002,53
"{_BANANE,_PORTOCALE^2 A nu se consuma coaja} => {_MERE ROSII}",0.000153257148144721,0.11228813559322,0.0013648561117794,7.33508352916317,53
"{_PORTOCALE^2 A nu se consuma coaja,_TELINA} => {_MORCOVI}",0.000101207550661608,0.593220338983051,0.000170607013972425,16.4080485090358,35
"{_MORCOVI,_PORTOCALE^2 A nu se consuma coaja} => {_TELINA}",0.000101207550661608,0.333333333333333,0.000303622651984825,18.9877559984626,35
"{_LAMAIE^2 A nu se consuma coaja,_PORTOCALE^2 A nu se consuma coaja} => {_BANANE}",0.000150365503840104,0.268041237113402,0.000560978995095771,4.93715540790973,52
"{_BANANE,_PORTOCALE^2 A nu se consuma coaja} => {_LAMAIE^2 A nu se consuma coaja}",0.000150365503840104,0.110169491525424,0.0013648561117794,5.48269596161867,52
"{_PATRUNJEL RADACINA KG,_PORTOCALE^2 A nu se consuma coaja} => {_MORCOVI}",0.000124340705098547,0.741379310344828,0.000167715369667808,20.5060192450364,43
"{_MORCOVI,_PORTOCALE^2 A nu se consuma coaja} => {_PATRUNJEL RADACINA KG}",0.000124340705098547,0.40952380952381,0.000303622651984825,20.6779328230051,43
"{_CEAPA GALBENA,_CEAPA ROSIE} => {_PATRUNJEL RADACINA KG}",0.000106990839270843,0.118589743589744,0.000902193023040622,5.98790764888005,37
"{_CEAPA ROSIE,_PATRUNJEL RADACINA KG} => {_CEAPA GALBENA}",0.000106990839270843,0.345794392523364,0.000309405940594059,18.7906976744186,37
"{_CEAPA GALBENA,_CEAPA ROSIE} => {_MORCOVI}",0.000153257148144721,0.169871794871795,0.000902193023040622,4.698531839538,53
"{_CEAPA ROSIE,_MORCOVI} => {_CEAPA GALBENA}",0.000153257148144721,0.281914893617021,0.000543629129268067,15.3194431442823,53
"{_CEAPA GALBENA,_CEAPA ROSIE} => {_BANANE}",0.000106990839270843,0.118589743589744,0.000902193023040622,2.18435043873126,37
"{_BANANE,_CEAPA ROSIE} => {_CEAPA GALBENA}",0.000106990839270843,0.243421052631579,0.000439529934301841,13.2276621787026,37
"{_CEAPA GALBENA,_CEAPA ROSIE} => {PAINE CU CARTOFI FELII BACHUS 1.2 KG}",0.000112774127880078,0.125,0.000902193023040622,1.51863692253645,39
"{_CEAPA ROSIE,PAINE CU CARTOFI FELII BACHUS 1.2 KG} => {_CEAPA GALBENA}",0.000112774127880078,0.204188481675393,0.000552304062181919,11.0957381343355,39
"{_CEAPA ROSIE,_TELINA} => {_PATRUNJEL RADACINA KG}",0.000150365503840104,0.684210526315789,0.000219764967150921,34.5475866626707,52
"{_CEAPA ROSIE,_PATRUNJEL RADACINA KG} => {_TELINA}",0.000150365503840104,0.485981308411215,0.000309405940594059,27.6830835117773,52
"{_CEAPA ROSIE,_TELINA} => {_MORCOVI}",0.000164823725363191,0.75,0.000219764967150921,20.744461329281,57
"{_CEAPA ROSIE,_MORCOVI} => {_TELINA}",0.000164823725363191,0.303191489361702,0.000543629129268067,17.2707780624314,57
"{_CEAPA ROSIE,_PATRUNJEL RADACINA KG} => {_MORCOVI}",0.000234223188674008,0.757009345794392,0.000309405940594059,20.9383347996481,81
"{_CEAPA ROSIE,_MORCOVI} => {_PATRUNJEL RADACINA KG}",0.000234223188674008,0.430851063829787,0.000543629129268067,21.7548019123773,81
"{_TELINA,GOBE 20 OUA PROASPETE M DIN GHEORGHENI} => {_PATRUNJEL RADACINA KG}",0.000104099194966226,0.590163934426229,0.00017639030258166,29.798927209668,36
"{_PATRUNJEL RADACINA KG,GOBE 20 OUA PROASPETE M DIN GHEORGHENI} => {_TELINA}",0.000104099194966226,0.507042253521127,0.000205306745627834,28.8827837723094,36
"{_TELINA,GOBE 20 OUA PROASPETE M DIN GHEORGHENI} => {_MORCOVI}",0.000144582215230869,0.819672131147541,0.00017639030258166,22.6715424363726,50
"{_MORCOVI,GOBE 20 OUA PROASPETE M DIN GHEORGHENI} => {_TELINA}",0.000144582215230869,0.357142857142857,0.000404830202646433,20.3440242840671,50
"{_PATRUNJEL RADACINA KG,GOBE 20 OUA PROASPETE M DIN GHEORGHENI} => {_MORCOVI}",0.000156148792449338,0.76056338028169,0.000205306745627834,21.036636840961,54
"{_MORCOVI,GOBE 20 OUA PROASPETE M DIN GHEORGHENI} => {_PATRUNJEL RADACINA KG}",0.000156148792449338,0.385714285714286,0.000404830202646433,19.4757274263188,54
"{_TELINA,MUSTAR DE MASA LA MINUT 300G} => {_PATRUNJEL RADACINA KG}",0.000101207550661608,0.648148148148148,0.000156148792449338,32.7267024653504,35
"{_PATRUNJEL RADACINA KG,MUSTAR DE MASA LA MINUT 300G} => {_TELINA}",0.000101207550661608,0.603448275862069,0.000167715369667808,34.3743858592858,35
"{_TELINA,MUSTAR DE MASA LA MINUT 300G} => {_MORCOVI}",0.000115665772184695,0.740740740740741,0.000156148792449338,20.4883568684257,40
"{_MORCOVI,MUSTAR DE MASA LA MINUT 300G} => {_TELINA}",0.000115665772184695,0.37037037037037,0.000312297584898677,21.0975066649585,40
"{_PATRUNJEL RADACINA KG,MUSTAR DE MASA LA MINUT 300G} => {_MORCOVI}",0.000141690570926252,0.844827586206897,0.000167715369667808,23.3673242559717,49
"{_MORCOVI,MUSTAR DE MASA LA MINUT 300G} => {_PATRUNJEL RADACINA KG}",0.000141690570926252,0.453703703703704,0.000312297584898677,22.9086917257453,49
"{_TELINA,DROJDIE PROASPATA BRAVO 50G} => {_PATRUNJEL RADACINA KG}",0.000101207550661608,0.5,0.000202415101323216,25.2463133304132,35
"{_PATRUNJEL RADACINA KG,DROJDIE PROASPATA BRAVO 50G} => {_TELINA}",0.000101207550661608,0.364583333333333,0.000277597853243268,20.7678581233185,35
"{_TELINA,DROJDIE PROASPATA BRAVO 50G} => {_MORCOVI}",0.000138798926621634,0.685714285714286,0.000202415101323216,18.966364643914,48
"{_MORCOVI,DROJDIE PROASPATA BRAVO 50G} => {_TELINA}",0.000138798926621634,0.287425149700599,0.000482904598871102,16.3726758310097,48
"{_PATRUNJEL RADACINA KG,DROJDIE PROASPATA BRAVO 50G} => {_MORCOVI}",0.000208198389932451,0.75,0.000277597853243268,20.744461329281,72
"{_MORCOVI,DROJDIE PROASPATA BRAVO 50G} => {_PATRUNJEL RADACINA KG}",0.000208198389932451,0.431137724550898,0.000482904598871102,21.7692761651467,72
"{_ARDEI IUTE,_GULII} => {_PATRUNJEL RADACINA KG}",0.000101207550661608,0.686274509803922,0.000147473859535486,34.6518026103711,35
"{_ARDEI IUTE,_PATRUNJEL RADACINA KG} => {_GULII}",0.000101207550661608,0.307017543859649,0.000329647450726381,45.3154225726501,35
"{_ARDEI IUTE,_GULII} => {_MORCOVI}",0.000112774127880078,0.764705882352941,0.000147473859535486,21.1512154729924,39
"{_ARDEI IUTE,_MORCOVI} => {_GULII}",0.000112774127880078,0.214285714285714,0.000526279263440363,31.6283153466252,39
"{_ARDEI IUTE,_CASTRAVETI CORNISON} => {_ROSII VRAC}",0.000144582215230869,0.352112676056338,0.000410613491255668,24.213365298172,50
"{_ARDEI IUTE,_ROSII VRAC} => {_CASTRAVETI CORNISON}",0.000144582215230869,0.29585798816568,0.000488687887480337,32.2861448089013,50
"{_ARDEI IUTE,_ARDEI ROSU CAPIA} => {_BANANE}",0.000101207550661608,0.194444444444444,0.000520495974831128,3.58154756620802,35
"{_ARDEI IUTE,_BANANE} => {_ARDEI ROSU CAPIA}",0.000101207550661608,0.193370165745856,0.000523387619135745,12.6916007209898,35
"{_ARDEI IUTE,_TELINA} => {_PATRUNJEL RADACINA KG}",0.000179281946886277,0.613861386138614,0.000292056074766355,30.9954737917944,62
"{_ARDEI IUTE,_PATRUNJEL RADACINA KG} => {_TELINA}",0.000179281946886277,0.543859649122807,0.000329647450726381,30.9800229448601,62
"{_ARDEI IUTE,_TELINA} => {_MORCOVI}",0.000219764967150921,0.752475247524752,0.000292056074766355,20.8129248980245,76
"{_ARDEI IUTE,_MORCOVI} => {_TELINA}",0.000219764967150921,0.417582417582418,0.000526279263440363,23.7868591629092,76
"{_ARDEI IUTE,_PATRUNJEL RADACINA KG} => {_MORCOVI}",0.000268922920329416,0.815789473684211,0.000329647450726381,22.5641509195688,93
"{_ARDEI IUTE,_MORCOVI} => {_PATRUNJEL RADACINA KG}",0.000268922920329416,0.510989010989011,0.000526279263440363,25.801177359653,93
"{_TELINA,COTLET PORC FARA OS} => {_MORCOVI}",0.000118557416489312,0.602941176470588,0.000196631812713982,16.6769198921671,41
"{_MORCOVI,COTLET PORC FARA OS} => {_TELINA}",0.000118557416489312,0.27891156462585,0.000425071712778755,15.8877142027953,41
"{_PATRUNJEL RADACINA KG,COTLET PORC FARA OS} => {_MORCOVI}",0.000135907282317017,0.746031746031746,0.000182173591190895,20.6347022746287,47
"{_MORCOVI,COTLET PORC FARA OS} => {_PATRUNJEL RADACINA KG}",0.000135907282317017,0.319727891156463,0.000425071712778754,16.1439010412166,47
"{_PATRUNJEL RADACINA KG,PALL MALL S-LINE FLOW BLUE/PURPLE} => {_MORCOVI}",0.000115665772184695,0.816326530612245,0.000141690570926251,22.5790055284691,40
"{_MORCOVI,PALL MALL S-LINE FLOW BLUE/PURPLE} => {_PATRUNJEL RADACINA KG}",0.000115665772184695,0.454545454545455,0.000254464698806329,22.9511939367393,40
"{PALL MALL EXTRA CUT BLUE,PALL MALL S-LINE FLOW VIOLET/ROSE} => {OUA PROASPETE M DIN GHEORGHENI 1*10}",0.000118557416489312,0.108753315649867,0.00109014990284075,6.98412379411323,41
"{OUA PROASPETE M DIN GHEORGHENI 1*10,PALL MALL EXTRA CUT BLUE} => {PALL MALL S-LINE FLOW VIOLET/ROSE}",0.000118557416489312,0.488095238095238,0.00024289812158786,42.6142508505548,41
"{OUA PROASPETE M DIN GHEORGHENI 1*10,PALL MALL S-LINE FLOW VIOLET/ROSE} => {PALL MALL EXTRA CUT BLUE}",0.000118557416489312,0.482352941176471,0.000245789765892477,59.2783310339061,41
"{PALL MALL EXTRA CUT BLUE,PALL MALL S-LINE FLOW VIOLET/ROSE} => {_CEAPA GALBENA}",0.000130123993707782,0.119363395225464,0.00109014990284075,6.48628642213245,45
"{_CEAPA GALBENA,PALL MALL EXTRA CUT BLUE} => {PALL MALL S-LINE FLOW VIOLET/ROSE}",0.000130123993707782,0.489130434782609,0.000266031276024799,42.70463102203,45
"{_CEAPA GALBENA,PALL MALL S-LINE FLOW VIOLET/ROSE} => {PALL MALL EXTRA CUT BLUE}",0.000130123993707782,0.328467153284672,0.000396155269732581,40.3666754859695,45
"{PALL MALL EXTRA CUT BLUE,PALL MALL S-LINE FLOW VIOLET/ROSE} => {_LAMAIE^2 A nu se consuma coaja}",0.000404830202646433,0.371352785145889,0.00109014990284075,18.4807462325934,140
"{_LAMAIE^2 A nu se consuma coaja,PALL MALL EXTRA CUT BLUE} => {PALL MALL S-LINE FLOW VIOLET/ROSE}",0.000404830202646433,0.721649484536082,0.000560978995095771,63.0052288160076,140
"{_LAMAIE^2 A nu se consuma coaja,PALL MALL S-LINE FLOW VIOLET/ROSE} => {PALL MALL EXTRA CUT BLUE}",0.000404830202646433,0.657276995305164,0.000615920236883501,80.7754653960246,140
"{PALL MALL EXTRA CUT BLUE,PALL MALL S-LINE FLOW VIOLET/ROSE} => {_MORCOVI}",0.000147473859535486,0.135278514588859,0.00109014990284075,3.74170655276155,51
"{_MORCOVI,PALL MALL EXTRA CUT BLUE} => {PALL MALL S-LINE FLOW VIOLET/ROSE}",0.000147473859535486,0.3984375,0.000370130470991024,34.7864806866953,51
"{_MORCOVI,PALL MALL S-LINE FLOW VIOLET/ROSE} => {PALL MALL EXTRA CUT BLUE}",0.000147473859535486,0.3,0.000491579531784954,36.8682302771855,51
"{_TELINA,PALL MALL EXTRA CUT BLUE} => {_MORCOVI}",0.000124340705098547,0.741379310344828,0.000167715369667808,20.5060192450364,43
"{_MORCOVI,PALL MALL EXTRA CUT BLUE} => {_TELINA}",0.000124340705098547,0.3359375,0.000370130470991024,19.1360978422006,43
"{_PATRUNJEL RADACINA KG,PALL MALL EXTRA CUT BLUE} => {_MORCOVI}",0.000138798926621634,0.8,0.000173498658277043,22.1274254178997,48
"{_MORCOVI,PALL MALL EXTRA CUT BLUE} => {_PATRUNJEL RADACINA KG}",0.000138798926621634,0.375,0.000370130470991024,18.9347349978099,48
"{APA MINERALA NATURALA CARBOGAZIFICATA CONTINUT REDUS CO2 TUSNAD 2L,PALL MALL EXTRA CUT BLUE} => {PAINE CU CARTOFI FELII BACHUS 1.2 KG}",0.00010988248357546,0.240506329113924,0.000456879800129546,2.92193433196886,38
"{PAINE CU CARTOFI FELII BACHUS 1.2 KG,PALL MALL EXTRA CUT BLUE} => {APA MINERALA NATURALA CARBOGAZIFICATA CONTINUT REDUS CO2 TUSNAD 2L}",0.00010988248357546,0.132404181184669,0.000829901915425187,2.22306858057032,38
"{MAGAZIN DE RECLAMA SI PUBLICITATE HETI HIRDETO,SZEKELYHON} => {FRANZELA ALBA BACHUS 1KG}",0.000159040436753956,0.120879120879121,0.00131569815860091,3.92073730059099,55
"{FRANZELA ALBA BACHUS 1KG,MAGAZIN DE RECLAMA SI PUBLICITATE HETI HIRDETO} => {SZEKELYHON}",0.000159040436753956,0.34375,0.00046266308873878,20.1520596711307,55
"{FRANZELA ALBA BACHUS 1KG,SZEKELYHON} => {MAGAZIN DE RECLAMA SI PUBLICITATE HETI HIRDETO}",0.000159040436753956,0.167682926829268,0.0009484593319145,21.1406418110845,55
"{MAGAZIN DE RECLAMA SI PUBLICITATE HETI HIRDETO,SZEKELYHON} => {_BANANE}",0.000283381141852503,0.215384615384615,0.00131569815860091,3.96725268872273,98
"{_BANANE,MAGAZIN DE RECLAMA SI PUBLICITATE HETI HIRDETO} => {SZEKELYHON}",0.000283381141852503,0.478048780487805,0.000592787082446562,28.0252146912044,98
"{_BANANE,SZEKELYHON} => {MAGAZIN DE RECLAMA SI PUBLICITATE HETI HIRDETO}",0.000283381141852503,0.178832116788321,0.00158462107893032,22.5462770529363,98
"{_PATRUNJEL RADACINA KG,MAGAZIN DE RECLAMA SI PUBLICITATE HETI HIRDETO} => {_MORCOVI}",0.00010988248357546,0.745098039215686,0.000147473859535486,20.6088766147105,38
"{_MORCOVI,MAGAZIN DE RECLAMA SI PUBLICITATE HETI HIRDETO} => {_PATRUNJEL RADACINA KG}",0.00010988248357546,0.336283185840708,0.000326755806421764,16.9798213549682,38
"{_PATRUNJEL RADACINA KG,CASCAVAL TRAPPIST 40% AMMERLAND} => {_MORCOVI}",0.000115665772184695,0.655737704918033,0.00017639030258166,18.1372339490981,40
"{_MORCOVI,CASCAVAL TRAPPIST 40% AMMERLAND} => {_PATRUNJEL RADACINA KG}",0.000115665772184695,0.350877192982456,0.000329647450726381,17.7167111090619,40
"{DR.OETKER PRAF DE COPT 10G,FAINA BANEASA TIP 000 1KG} => {DR.OETKER ZAHAR VANILINAT 8G}",0.000141690570926252,0.49,0.000289164430461738,74.7810061782877,49
"{DR.OETKER ZAHAR VANILINAT 8G,FAINA BANEASA TIP 000 1KG} => {DR.OETKER PRAF DE COPT 10G}",0.000141690570926252,0.429824561403509,0.000329647450726381,81.1373630583008,49
"{_TELINA,FAINA BANEASA TIP 000 1KG} => {_MORCOVI}",0.00010988248357546,0.59375,0.000185065235495512,16.4226985523474,38
"{_MORCOVI,FAINA BANEASA TIP 000 1KG} => {_TELINA}",0.00010988248357546,0.31404958677686,0.000349888960858703,17.8892907754111,38
"{_PATRUNJEL RADACINA KG,FAINA BANEASA TIP 000 1KG} => {_MORCOVI}",0.000156148792449338,0.72,0.000216873322846303,19.9146828761097,54
"{_MORCOVI,FAINA BANEASA TIP 000 1KG} => {_PATRUNJEL RADACINA KG}",0.000156148792449338,0.446280991735537,0.000349888960858703,22.5338995015258,54
"{_TELINA,SMANTANA 20% GRASIME FRISS 170G} => {_PATRUNJEL RADACINA KG}",0.000150365503840104,0.658227848101266,0.000228439900064773,33.2356529919364,52
"{_PATRUNJEL RADACINA KG,SMANTANA 20% GRASIME FRISS 170G} => {_TELINA}",0.000150365503840104,0.52,0.000289164430461738,29.6208993576017,52
"{_TELINA,SMANTANA 20% GRASIME FRISS 170G} => {_MORCOVI}",0.000170607013972425,0.746835443037975,0.000228439900064773,20.6569319565836,59
"{_MORCOVI,SMANTANA 20% GRASIME FRISS 170G} => {_TELINA}",0.000170607013972425,0.318918918918919,0.000534954196354215,18.1666638471778,59
"{_PATRUNJEL RADACINA KG,SMANTANA 20% GRASIME FRISS 170G} => {_MORCOVI}",0.000228439900064773,0.79,0.000289164430461738,21.850832600176,79
"{_MORCOVI,SMANTANA 20% GRASIME FRISS 170G} => {_PATRUNJEL RADACINA KG}",0.000228439900064773,0.427027027027027,0.000534954196354215,21.5617162497583,79
"{_CASTRAVETI CORNISON,_ROSII DE GRADINA ROMANIA} => {_BANANE}",0.000135907282317017,0.133522727272727,0.00101785879522532,2.45940685147077,47
"{_BANANE,_ROSII DE GRADINA ROMANIA} => {_CASTRAVETI CORNISON}",0.000135907282317017,0.192622950819672,0.00070556121032664,21.0203973948445,47
"{_BANANE,_CASTRAVETI CORNISON} => {_ROSII DE GRADINA ROMANIA}",0.000135907282317017,0.124338624338624,0.00109304154714537,19.1533543088109,47
"{_CASTRAVETI CORNISON,_ROSII DE GRADINA ROMANIA} => {PAINE CU CARTOFI FELII BACHUS 1.2 KG}",0.000153257148144721,0.150568181818182,0.00101785879522532,1.82926720214618,53
"{_ROSII DE GRADINA ROMANIA,PAINE CU CARTOFI FELII BACHUS 1.2 KG} => {_CASTRAVETI CORNISON}",0.000153257148144721,0.170967741935484,0.000896409734431387,18.6572257453761,53
"{_CASTRAVETI CORNISON,PAINE CU CARTOFI FELII BACHUS 1.2 KG} => {_ROSII DE GRADINA ROMANIA}",0.000153257148144721,0.14441416893733,0.00106123345979458,22.2458287566072,53
"{_ROSII DE GRADINA ROMANIA,_TELINA} => {_MORCOVI}",0.000144582215230869,0.704225352112676,0.000205306745627834,19.4783674453342,50
"{_MORCOVI,_ROSII DE GRADINA ROMANIA} => {_TELINA}",0.000144582215230869,0.347222222222222,0.000416396779864902,19.7789124983986,50
"{_PATRUNJEL RADACINA KG,_ROSII DE GRADINA ROMANIA} => {_MORCOVI}",0.000141690570926252,0.73134328358209,0.000193740168409364,20.2284299529307,49
"{_MORCOVI,_ROSII DE GRADINA ROMANIA} => {_PATRUNJEL RADACINA KG}",0.000141690570926252,0.340277777777778,0.000416396779864902,17.181518794309,49
"{_BANANE,_ROSII DE GRADINA ROMANIA} => {PAINE CU CARTOFI FELII BACHUS 1.2 KG}",0.000115665772184695,0.163934426229508,0.00070556121032664,1.99165498037567,40
"{_ROSII DE GRADINA ROMANIA,PAINE CU CARTOFI FELII BACHUS 1.2 KG} => {_BANANE}",0.000115665772184695,0.129032258064516,0.000896409734431387,2.37669515914265,40
"{_PATRUNJEL RADACINA KG,SUNCA DE PORC SISSI GASTRO CAROLI} => {_MORCOVI}",0.000104099194966226,0.705882352941177,0.000147473859535486,19.5241988981468,36
"{_MORCOVI,SUNCA DE PORC SISSI GASTRO CAROLI} => {_PATRUNJEL RADACINA KG}",0.000104099194966226,0.409090909090909,0.000254464698806329,20.6560745430653,36
"{DR.OETKER PRAF DE COPT 10G,GRASIME VEGETALA TARTINABILA CU 70% GRASIME RAMA 250G} => {DR.OETKER ZAHAR VANILINAT 8G}",0.000202415101323216,0.434782608695652,0.000465554733043398,66.3540427491462,70
"{DR.OETKER PRAF DE COPT 10G,DR.OETKER ZAHAR VANILINAT 8G} => {GRASIME VEGETALA TARTINABILA CU 70% GRASIME RAMA 250G}",0.000202415101323216,0.10590015128593,0.00191137688535209,14.7494216344364,70
"{DR.OETKER ZAHAR VANILINAT 8G,GRASIME VEGETALA TARTINABILA CU 70% GRASIME RAMA 250G} => {DR.OETKER PRAF DE COPT 10G}",0.000202415101323216,0.4,0.000506037753308041,75.507423580786,70
"{DR.OETKER PRAF DE COPT 10G,FAINA BL-55 GYERMELYI 1KG} => {DR.OETKER ZAHAR VANILINAT 8G}",0.000167715369667808,0.402777777777778,0.000416396779864902,61.4696479356674,58
"{DR.OETKER ZAHAR VANILINAT 8G,FAINA BL-55 GYERMELYI 1KG} => {DR.OETKER PRAF DE COPT 10G}",0.000167715369667808,0.371794871794872,0.000451096511520311,70.1831821744485,58
"{DR.OETKER PRAF DE COPT 10G,DROJDIE PROASPATA BUDAFOK 50G} => {DR.OETKER ZAHAR VANILINAT 8G}",0.000130123993707782,0.420560747663551,0.000309405940594059,64.1835834068844,45
"{DR.OETKER ZAHAR VANILINAT 8G,DROJDIE PROASPATA BUDAFOK 50G} => {DR.OETKER PRAF DE COPT 10G}",0.000130123993707782,0.321428571428571,0.000404830202646433,60.6756082345602,45
"{DR.OETKER PRAF DE COPT 10G,OUA PROASPETE M DIN GHEORGHENI 1*10} => {DR.OETKER ZAHAR VANILINAT 8G}",0.000106990839270843,0.430232558139535,0.000248681410197094,65.65963997619,37
"{DR.OETKER ZAHAR VANILINAT 8G,OUA PROASPETE M DIN GHEORGHENI 1*10} => {DR.OETKER PRAF DE COPT 10G}",0.000106990839270843,0.308333333333333,0.000346997316554085,58.2036390101892,37
"{DR.OETKER PRAF DE COPT 10G,SMANTANA 20% GRASIME FRISS 300G} => {DR.OETKER ZAHAR VANILINAT 8G}",0.000133015638012399,0.377049180327869,0.00035278060516332,57.5430960890136,46
"{DR.OETKER ZAHAR VANILINAT 8G,SMANTANA 20% GRASIME FRISS 300G} => {DR.OETKER PRAF DE COPT 10G}",0.000133015638012399,0.377049180327869,0.00035278060516332,71.1750304245114,46
"{_LAMAIE^2 A nu se consuma coaja,DR.OETKER PRAF DE COPT 10G} => {DR.OETKER ZAHAR VANILINAT 8G}",0.000159040436753956,0.398550724637681,0.000399046914037198,60.8245391867173,55
"{_LAMAIE^2 A nu se consuma coaja,DR.OETKER ZAHAR VANILINAT 8G} => {DR.OETKER PRAF DE COPT 10G}",0.000159040436753956,0.276381909547739,0.000575437216618858,52.172214785719,55
"{DR.OETKER PRAF DE COPT 10G,OUA PROASPETE} => {DR.OETKER ZAHAR VANILINAT 8G}",0.000130123993707782,0.416666666666667,0.000312297584898677,63.5892909679317,45
"{DR.OETKER ZAHAR VANILINAT 8G,OUA PROASPETE} => {DR.OETKER PRAF DE COPT 10G}",0.000130123993707782,0.357142857142857,0.00036434718238179,67.4173424828447,45
"{DR.OETKER PRAF DE COPT 10G,LAPTE DE CONSUM 1.5% GRASIME FRISS CUTIE 1L} => {DR.OETKER ZAHAR VANILINAT 8G}",0.000161932081058573,0.394366197183099,0.000410613491255668,60.1859204654227,56
"{DR.OETKER ZAHAR VANILINAT 8G,LAPTE DE CONSUM 1.5% GRASIME FRISS CUTIE 1L} => {DR.OETKER PRAF DE COPT 10G}",0.000161932081058573,0.323699421965318,0.000500254464698806,61.1042734179771,56
"{_MORCOVI,DR.OETKER PRAF DE COPT 10G} => {DR.OETKER ZAHAR VANILINAT 8G}",0.00012144906079393,0.338709677419355,0.000358563893772555,51.6919397545768,42
"{_MORCOVI,DR.OETKER ZAHAR VANILINAT 8G} => {DR.OETKER PRAF DE COPT 10G}",0.00012144906079393,0.259259259259259,0.000468446377348015,48.9399967653243,42
"{_BANANE,DR.OETKER PRAF DE COPT 10G} => {DR.OETKER ZAHAR VANILINAT 8G}",0.000150365503840104,0.342105263157895,0.000439529934301841,52.2101546894597,52
"{_BANANE,DR.OETKER ZAHAR VANILINAT 8G} => {DR.OETKER PRAF DE COPT 10G}",0.000150365503840104,0.203125,0.000740260941982049,38.3436135371179,52
"{DR.OETKER PRAF DE COPT 10G,PAINE CU CARTOFI FELII BACHUS 1.2 KG} => {DR.OETKER ZAHAR VANILINAT 8G}",0.000170607013972425,0.421428571428571,0.000404830202646433,64.316025721851,59
"{DR.OETKER ZAHAR VANILINAT 8G,PAINE CU CARTOFI FELII BACHUS 1.2 KG} => {DR.OETKER PRAF DE COPT 10G}",0.000170607013972425,0.337142857142857,0.000506037753308041,63.6419713038054,59
"{_TELINA,DR.OETKER PRAF DE COPT 10G} => {_MORCOVI}",0.000104099194966226,0.590163934426229,0.00017639030258166,16.3235105541883,36
"{_MORCOVI,DR.OETKER PRAF DE COPT 10G} => {_TELINA}",0.000104099194966226,0.290322580645161,0.000358563893772555,16.5377229664029,36
"{_PATRUNJEL RADACINA KG,DR.OETKER PRAF DE COPT 10G} => {_MORCOVI}",0.000138798926621634,0.695652173913043,0.000199523457018599,19.2412394938258,48
"{_MORCOVI,DR.OETKER PRAF DE COPT 10G} => {_PATRUNJEL RADACINA KG}",0.000138798926621634,0.387096774193548,0.000358563893772555,19.5455329009651,48
"{_TELINA,BERE BUCEGI DOZA 500ML} => {_PATRUNJEL RADACINA KG}",0.000118557416489312,0.630769230769231,0.00018795687980013,31.8491952783674,41
"{_PATRUNJEL RADACINA KG,BERE BUCEGI DOZA 500ML} => {_TELINA}",0.000118557416489312,0.493975903614458,0.000240006477283242,28.1384817808543,41
"{_TELINA,BERE BUCEGI DOZA 500ML} => {_MORCOVI}",0.000130123993707782,0.692307692307692,0.00018795687980013,19.1487335347209,45
"{_MORCOVI,BERE BUCEGI DOZA 500ML} => {_TELINA}",0.000130123993707782,0.298013245033113,0.000436638289997224,16.9758083429964,45
"{_PATRUNJEL RADACINA KG,BERE BUCEGI DOZA 500ML} => {_MORCOVI}",0.00018795687980013,0.783132530120482,0.000240006477283242,21.6608833157151,65
"{_MORCOVI,BERE BUCEGI DOZA 500ML} => {_PATRUNJEL RADACINA KG}",0.00018795687980013,0.43046357615894,0.000436638289997224,21.7352366420776,65
"{_TELINA,CREMWURSTI DE PUI CRISTUR} => {_PATRUNJEL RADACINA KG}",0.000130123993707782,0.6,0.000216873322846303,30.2955759964958,45
"{_PATRUNJEL RADACINA KG,CREMWURSTI DE PUI CRISTUR} => {_TELINA}",0.000130123993707782,0.569620253164557,0.000228439900064773,32.4474311366134,45
"{_TELINA,CREMWURSTI DE PUI CRISTUR} => {_MORCOVI}",0.000135907282317017,0.626666666666667,0.000216873322846303,17.3331499106881,47
"{_MORCOVI,CREMWURSTI DE PUI CRISTUR} => {_TELINA}",0.000135907282317017,0.376,0.000361455538077172,21.4181887662659,47
"{_PATRUNJEL RADACINA KG,CREMWURSTI DE PUI CRISTUR} => {_MORCOVI}",0.000182173591190895,0.79746835443038,0.000228439900064773,22.0574019197418,63
"{_MORCOVI,CREMWURSTI DE PUI CRISTUR} => {_PATRUNJEL RADACINA KG}",0.000182173591190895,0.504,0.000361455538077172,25.4482838370565,63
"{_TELINA,PAINE ALBA CU FAINA DE SECARA BRUTARIA SANDOR 500G} => {_MORCOVI}",0.000124340705098547,0.573333333333333,0.000216873322846303,15.8579882161615,43
"{_MORCOVI,PAINE ALBA CU FAINA DE SECARA BRUTARIA SANDOR 500G} => {_TELINA}",0.000124340705098547,0.32089552238806,0.000387480336818729,18.279257640311,43
"{_PATRUNJEL RADACINA KG,PAINE ALBA CU FAINA DE SECARA BRUTARIA SANDOR 500G} => {_MORCOVI}",0.000164823725363191,0.791666666666667,0.000208198389932451,21.8969314031299,57
"{_MORCOVI,PAINE ALBA CU FAINA DE SECARA BRUTARIA SANDOR 500G} => {_PATRUNJEL RADACINA KG}",0.000164823725363191,0.425373134328358,0.000387480336818729,21.4782068631873,57
"{_CLEMENTINA^2 A nu se consuma coaja,_PORTOCALE PLASA BUC^2 A nu se consuma coaja} => {_BANANE}",0.000106990839270843,0.258741258741259,0.000413505135560285,4.76585550268639,37
"{_PORTOCALE PLASA BUC^2 A nu se consuma coaja,_TELINA} => {_PATRUNJEL RADACINA KG}",0.000104099194966226,0.45,0.00023133154436939,22.7216819973719,36
"{_PATRUNJEL RADACINA KG,_PORTOCALE PLASA BUC^2 A nu se consuma coaja} => {_TELINA}",0.000104099194966226,0.428571428571429,0.00024289812158786,24.4128291408805,36
"{_PORTOCALE PLASA BUC^2 A nu se consuma coaja,_TELINA} => {_MORCOVI}",0.000124340705098547,0.5375,0.00023133154436939,14.8668639526514,43
"{_MORCOVI,_PORTOCALE PLASA BUC^2 A nu se consuma coaja} => {_TELINA}",0.000124340705098547,0.28476821192053,0.000436638289997224,16.2213279721966,43
"{_LAMAIE^2 A nu se consuma coaja,_PORTOCALE PLASA BUC^2 A nu se consuma coaja} => {_BANANE}",0.000130123993707782,0.296052631578947,0.000439529934301841,5.45310813651973,45
"{_PATRUNJEL RADACINA KG,_PORTOCALE PLASA BUC^2 A nu se consuma coaja} => {_MORCOVI}",0.000179281946886277,0.738095238095238,0.00024289812158786,20.4151841653241,62
"{_MORCOVI,_PORTOCALE PLASA BUC^2 A nu se consuma coaja} => {_PATRUNJEL RADACINA KG}",0.000179281946886277,0.410596026490066,0.000436638289997224,20.7320718739817,62
"{_MORCOVI,_PORTOCALE PLASA BUC^2 A nu se consuma coaja} => {_BANANE}",0.000106990839270843,0.245033112582781,0.000436638289997224,4.51335984691493,37
"{_PORTOCALE PLASA BUC^2 A nu se consuma coaja,PAINE CU CARTOFI FELII BACHUS 1.2 KG} => {_BANANE}",0.000115665772184695,0.188679245283019,0.000613028592578884,3.47535612893501,40
"{_CASTRAVETI FABIO,_ROSII CHERRY VRAC} => {_ARDEI ROSU CAPIA}",0.000101207550661608,0.1440329218107,0.000702669566022023,9.45341452880307,35
"{_ARDEI ROSU CAPIA,_CASTRAVETI FABIO} => {_ROSII CHERRY VRAC}",0.000101207550661608,0.14,0.000722911076154344,20.6814865442119,35
"{_ARDEI ROSU CAPIA,_ROSII CHERRY VRAC} => {_CASTRAVETI FABIO}",0.000101207550661608,0.138888888888889,0.000728694364763579,23.7073598771526,35
"{_CASTRAVETI FABIO,_ROSII CHERRY VRAC} => {_BANANE}",0.000141690570926252,0.201646090534979,0.000702669566022023,3.71419747606758,49
"{_BANANE,_CASTRAVETI FABIO} => {_ROSII CHERRY VRAC}",0.000141690570926252,0.160655737704918,0.0008819515129083,23.7328534113907,49
"{_BANANE,_ROSII CHERRY VRAC} => {_CASTRAVETI FABIO}",0.000141690570926252,0.141618497109827,0.00100050892939761,24.1732848689579,49
"{_CASTRAVETI FABIO,_ROSII CHERRY VRAC} => {PAINE CU CARTOFI FELII BACHUS 1.2 KG}",0.000112774127880078,0.160493827160494,0.000702669566022023,1.94985481412087,39
"{_CASTRAVETI FABIO,PAINE CU CARTOFI FELII BACHUS 1.2 KG} => {_ROSII CHERRY VRAC}",0.000112774127880078,0.149425287356322,0.000754719163505135,22.073836213034,39
"{_ROSII CHERRY VRAC,PAINE CU CARTOFI FELII BACHUS 1.2 KG} => {_CASTRAVETI FABIO}",0.000112774127880078,0.164556962025316,0.000685319700194319,28.0887200569808,39
"{_ARDEI ALB BIANCA,_CASTRAVETI FABIO} => {_ROSII VRAC}",0.000115665772184695,0.27972027972028,0.000413505135560285,19.2352328522541,40
"{_CASTRAVETI FABIO,_ROSII VRAC} => {_ARDEI ALB BIANCA}",0.000115665772184695,0.14760147601476,0.000783635606551309,16.7193360109166,40
"{_ARDEI ALB BIANCA,_ROSII VRAC} => {_CASTRAVETI FABIO}",0.000115665772184695,0.115273775216138,0.00100340057370223,19.6764254888183,40
"{_CASTRAVETI FABIO,_ROSII VRAC} => {_ARDEI ROSU CAPIA}",0.000141690570926252,0.180811808118081,0.000783635606551309,11.8673491612502,49
"{_ARDEI ROSU CAPIA,_CASTRAVETI FABIO} => {_ROSII VRAC}",0.000141690570926252,0.196,0.000722911076154344,13.4781276595745,49
"{_CASTRAVETI FABIO,_ROSII VRAC} => {_BANANE}",0.000118557416489312,0.151291512915129,0.000783635606551309,2.78669699932685,41
"{_BANANE,_CASTRAVETI FABIO} => {_ROSII VRAC}",0.000118557416489312,0.134426229508197,0.0008819515129083,9.24394837809557,41
"{_CASTRAVETI FABIO,_ROSII VRAC} => {PAINE CU CARTOFI FELII BACHUS 1.2 KG}",0.000101207550661608,0.129151291512915,0.000783635606551309,1.56907135907825,35
"{_CASTRAVETI FABIO,PAINE CU CARTOFI FELII BACHUS 1.2 KG} => {_ROSII VRAC}",0.000101207550661608,0.134099616858238,0.000754719163505136,9.22148854650689,35
"{_ARDEI ROSU CAPIA,_CASTRAVETI FABIO} => {PAINE CU CARTOFI FELII BACHUS 1.2 KG}",0.000106990839270843,0.148,0.000722911076154344,1.79806611628315,37
"{_CASTRAVETI FABIO,PAINE CU CARTOFI FELII BACHUS 1.2 KG} => {_ARDEI ROSU CAPIA}",0.000106990839270843,0.14176245210728,0.000754719163505136,9.30439518647711,37
"{_CASTRAVETI FABIO,_TELINA} => {_PATRUNJEL RADACINA KG}",0.000124340705098547,0.505882352941176,0.000245789765892477,25.5433287813592,43
"{_CASTRAVETI FABIO,_PATRUNJEL RADACINA KG} => {_TELINA}",0.000124340705098547,0.5,0.000248681410197094,28.481633997694,43
"{_CASTRAVETI FABIO,_TELINA} => {_MORCOVI}",0.000159040436753956,0.647058823529412,0.000245789765892477,17.8971823233012,55
"{_CASTRAVETI FABIO,_MORCOVI} => {_TELINA}",0.000159040436753956,0.376712328767123,0.000422180068474137,21.4587653407283,55
"{_CASTRAVETI FABIO,_PATRUNJEL RADACINA KG} => {_MORCOVI}",0.000179281946886277,0.720930232558139,0.000248681410197094,19.9404124405491,62
"{_CASTRAVETI FABIO,_MORCOVI} => {_PATRUNJEL RADACINA KG}",0.000179281946886277,0.424657534246575,0.000422180068474137,21.4420743354194,62
"{_GULII,_VARZA ALBA} => {_TELINA}",0.000104099194966226,0.590163934426229,0.00017639030258166,33.6176663579338,36
"{_TELINA,_VARZA ALBA} => {_GULII}",0.000104099194966226,0.203389830508475,0.000511821041917276,30.0200959222205,36
"{_CEAPA GALBENA,_VARZA ALBA} => {_MORCOVI}",0.000104099194966226,0.241610738255034,0.000430855001387989,6.68277948862743,36
"{_MORCOVI,_VARZA ALBA} => {_CEAPA GALBENA}",0.000104099194966226,0.1125,0.000925326177477561,6.11332495285984,36
"{_TELINA,_VARZA ALBA} => {_PATRUNJEL RADACINA KG}",0.000318080873507912,0.621468926553672,0.000511821041917276,31.3795984897791,110
"{_PATRUNJEL RADACINA KG,_VARZA ALBA} => {_TELINA}",0.000318080873507912,0.544554455445545,0.00058411214953271,31.0196013836271,110
"{_TELINA,_VARZA ALBA} => {_MORCOVI}",0.000329647450726381,0.644067796610169,0.000511821041917276,17.8144526669532,114
"{_MORCOVI,_VARZA ALBA} => {_TELINA}",0.000329647450726381,0.35625,0.000925326177477561,20.2931642233569,114
"{_PATRUNJEL RADACINA KG,_VARZA ALBA} => {_MORCOVI}",0.000459771444434163,0.787128712871287,0.00058411214953271,21.7714148604335,159
"{_MORCOVI,_VARZA ALBA} => {_PATRUNJEL RADACINA KG}",0.000459771444434163,0.496875,0.000925326177477561,25.0885238720981,159
"{_MORCOVI,_VARZA ALBA} => {_BANANE}",0.000101207550661608,0.109375,0.000925326177477561,2.01462050599201,35
"{_BANANE,_VARZA ALBA} => {_MORCOVI}",0.000101207550661608,0.192307692307692,0.000526279263440363,5.31909264853358,35
"{_PATRUNJEL RADACINA KG,BRANZA TOPITA CU SMANTANA GORDON 125G} => {_MORCOVI}",0.00010988248357546,0.844444444444444,0.000130123993707782,23.3567268300052,38
"{_MORCOVI,BRANZA TOPITA CU SMANTANA GORDON 125G} => {_PATRUNJEL RADACINA KG}",0.00010988248357546,0.41304347826087,0.000266031276024799,20.8556501425152,38
"{_PATRUNJEL RADACINA KG,BERE GOLDEN BRAU DOZA 500ML} => {_MORCOVI}",0.00010988248357546,0.716981132075472,0.000153257148144721,19.8311831575516,38
"{_MORCOVI,BERE GOLDEN BRAU DOZA 500ML} => {_PATRUNJEL RADACINA KG}",0.00010988248357546,0.368932038834951,0.00029783936337559,18.6283477001107,38
"{_TELINA,GRASIME VEGETALA TARTINABILA CU 70% GRASIME RAMA 250G} => {_PATRUNJEL RADACINA KG}",0.000161932081058573,0.549019607843137,0.000294947719070973,27.7214420882969,56
"{_PATRUNJEL RADACINA KG,GRASIME VEGETALA TARTINABILA CU 70% GRASIME RAMA 250G} => {_TELINA}",0.000161932081058573,0.491228070175439,0.000329647450726381,27.9819562082607,56
"{_TELINA,GRASIME VEGETALA TARTINABILA CU 70% GRASIME RAMA 250G} => {_MORCOVI}",0.000216873322846303,0.735294117647059,0.000294947719070972,20.3377071855696,75
"{_MORCOVI,GRASIME VEGETALA TARTINABILA CU 70% GRASIME RAMA 250G} => {_TELINA}",0.000216873322846303,0.380710659898477,0.000569653928009623,21.6865233484979,75
"{_PATRUNJEL RADACINA KG,GRASIME VEGETALA TARTINABILA CU 70% GRASIME RAMA 250G} => {_MORCOVI}",0.000254464698806329,0.771929824561403,0.000329647450726381,21.3510245260436,88
"{_MORCOVI,GRASIME VEGETALA TARTINABILA CU 70% GRASIME RAMA 250G} => {_PATRUNJEL RADACINA KG}",0.000254464698806329,0.446700507614213,0.000569653928009623,22.5550819601661,88
"{_ROSII CHERRY VRAC,DR.OETKER ZAHAR VANILINAT 8G} => {_BANANE}",0.000104099194966226,0.631578947368421,0.000164823725363191,11.6332973579088,36
"{_BANANE,_ROSII CHERRY VRAC} => {DR.OETKER ZAHAR VANILINAT 8G}",0.000104099194966226,0.104046242774566,0.00100050892939761,15.8789443341887,36
"{_BANANE,DR.OETKER ZAHAR VANILINAT 8G} => {_ROSII CHERRY VRAC}",0.000104099194966226,0.140625,0.000740260941982049,20.7738146091414,36
"{_ROSII CHERRY VRAC,DANONE ACTIVIA NATUR 125G} => {PUFULETI GUSTO 45G}",0.000112774127880078,0.371428571428571,0.000303622651984825,30.6122293340596,39
"{_ROSII CHERRY VRAC,PUFULETI GUSTO 45G} => {DANONE ACTIVIA NATUR 125G}",0.000112774127880078,0.414893617021277,0.000271814564634034,41.9655367688698,39
"{DANONE ACTIVIA NATUR 125G,PUFULETI GUSTO 45G} => {_ROSII CHERRY VRAC}",0.000112774127880078,0.314516129032258,0.000358563893772555,46.4618649322732,39
"{_ROSII CHERRY VRAC,DANONE ACTIVIA NATUR 125G} => {_BANANE}",0.000179281946886277,0.59047619047619,0.000303622651984825,10.8762097520766,62
"{_BANANE,_ROSII CHERRY VRAC} => {DANONE ACTIVIA NATUR 125G}",0.000179281946886277,0.179190751445087,0.00100050892939761,18.124733087963,62
"{_BANANE,DANONE ACTIVIA NATUR 125G} => {_ROSII CHERRY VRAC}",0.000179281946886277,0.118773946360153,0.00150943832701027,17.5458698103604,62
"{_ROSII CHERRY VRAC,PUFULETI GUSTO 45G} => {_BANANE}",0.000190848524104747,0.702127659574468,0.000271814564634033,12.9327614244837,66
"{_BANANE,_ROSII CHERRY VRAC} => {PUFULETI GUSTO 45G}",0.000190848524104747,0.190751445086705,0.00100050892939761,15.7212649536856,66
"{_BANANE,PUFULETI GUSTO 45G} => {_ROSII CHERRY VRAC}",0.000190848524104747,0.127413127413127,0.0014978717497918,18.8220920010753,66
"{_ROSII CHERRY VRAC,OUA PROASPETE M DIN GHEORGHENI 1*10} => {_BANANE}",0.000135907282317017,0.546511627906977,0.000248681410197094,10.066409438578,47
"{_BANANE,_ROSII CHERRY VRAC} => {OUA PROASPETE M DIN GHEORGHENI 1*10}",0.000135907282317017,0.135838150289017,0.00100050892939761,8.72350835386242,47
"{_BANANE,OUA PROASPETE M DIN GHEORGHENI 1*10} => {_ROSII CHERRY VRAC}",0.000135907282317017,0.10352422907489,0.00131280651429629,15.2931067900874,47
"{_ARDEI ROSU CAPIA,_ROSII CHERRY VRAC} => {_BANANE}",0.000130123993707782,0.178571428571429,0.000728694364763579,3.28917633631349,45
"{_BANANE,_ROSII CHERRY VRAC} => {_ARDEI ROSU CAPIA}",0.000130123993707782,0.130057803468208,0.00100050892939761,8.53617571201169,45
"{_ROSII CHERRY VRAC,_TELINA} => {_PATRUNJEL RADACINA KG}",0.000127232349403165,0.5,0.000254464698806329,25.2463133304132,44
"{_PATRUNJEL RADACINA KG,_ROSII CHERRY VRAC} => {_TELINA}",0.000127232349403165,0.45360824742268,0.000280489497547886,25.8390081628564,44
"{_ROSII CHERRY VRAC,_TELINA} => {_MORCOVI}",0.000135907282317017,0.534090909090909,0.000254464698806329,14.7725709466092,47
"{_MORCOVI,_ROSII CHERRY VRAC} => {_TELINA}",0.000135907282317017,0.281437125748503,0.000482904598871102,16.0315784178637,47
"{_PATRUNJEL RADACINA KG,_ROSII CHERRY VRAC} => {_MORCOVI}",0.000193740168409364,0.690721649484536,0.000280489497547886,19.1048647293722,67
"{_MORCOVI,_ROSII CHERRY VRAC} => {_PATRUNJEL RADACINA KG}",0.000193740168409364,0.401197604790419,0.000482904598871102,20.2575208759004,67
"{_TELINA,CARNE TOCATA PORC VRAC} => {_PATRUNJEL RADACINA KG}",0.000144582215230869,0.467289719626168,0.000309405940594059,23.5946853555264,50
"{_PATRUNJEL RADACINA KG,CARNE TOCATA PORC VRAC} => {_TELINA}",0.000144582215230869,0.476190476190476,0.000303622651984825,27.1253657120895,50
"{_TELINA,CARNE TOCATA PORC VRAC} => {_MORCOVI}",0.000205306745627834,0.663551401869159,0.000309405940594059,18.3533551947533,71
"{_MORCOVI,CARNE TOCATA PORC VRAC} => {_TELINA}",0.000205306745627834,0.314159292035398,0.000653511612843527,17.8955399454537,71
"{_PATRUNJEL RADACINA KG,CARNE TOCATA PORC VRAC} => {_MORCOVI}",0.000234223188674008,0.771428571428571,0.000303622651984825,21.3371602244033,81
"{_MORCOVI,CARNE TOCATA PORC VRAC} => {_PATRUNJEL RADACINA KG}",0.000234223188674008,0.358407079646018,0.000653511612843527,18.0969148651634,81
"{_PATRUNJEL RADACINA KG,SARE IODATA DE MASA VERITABIL 1KG} => {_MORCOVI}",0.000182173591190895,0.759036144578313,0.000240006477283242,20.9943945983085,63
"{_MORCOVI,SARE IODATA DE MASA VERITABIL 1KG} => {_PATRUNJEL RADACINA KG}",0.000182173591190895,0.431506849315068,0.000422180068474137,21.7879142440552,63
"{DANONE ACTIVIA NATUR 125G,DR.OETKER ZAHAR VANILINAT 8G} => {_BANANE}",0.000138798926621634,0.516129032258065,0.000268922920329416,9.50678063657059,48
"{_BANANE,DR.OETKER ZAHAR VANILINAT 8G} => {DANONE ACTIVIA NATUR 125G}",0.000138798926621634,0.1875,0.000740260941982049,18.9651945013162,48
"{DR.OETKER ZAHAR VANILINAT 8G,PUFULETI GUSTO 45G} => {_BANANE}",0.000115665772184695,0.563380281690141,0.000205306745627834,10.3771197089327,40
"{_BANANE,DR.OETKER ZAHAR VANILINAT 8G} => {PUFULETI GUSTO 45G}",0.000115665772184695,0.15625,0.000740260941982049,12.8777407054337,40
"{_TELINA,DR.OETKER ZAHAR VANILINAT 8G} => {_PATRUNJEL RADACINA KG}",0.000141690570926252,0.636363636363636,0.000222656611455538,32.131671511435,49
"{_PATRUNJEL RADACINA KG,DR.OETKER ZAHAR VANILINAT 8G} => {_TELINA}",0.000141690570926252,0.494949494949495,0.00028627278615712,28.19394072499,49
"{_TELINA,DR.OETKER ZAHAR VANILINAT 8G} => {_MORCOVI}",0.000147473859535486,0.662337662337662,0.000222656611455538,18.3197840310533,51
"{_MORCOVI,DR.OETKER ZAHAR VANILINAT 8G} => {_TELINA}",0.000147473859535486,0.314814814814815,0.000468446377348015,17.9328806652147,51
"{_LAMAIE^2 A nu se consuma coaja,DR.OETKER ZAHAR VANILINAT 8G} => {_BANANE}",0.00012144906079393,0.21105527638191,0.000575437216618858,3.88750891608509,42
"{_BANANE,DR.OETKER ZAHAR VANILINAT 8G} => {_LAMAIE^2 A nu se consuma coaja}",0.00012144906079393,0.1640625,0.000740260941982049,8.1647359332278,42
"{_PATRUNJEL RADACINA KG,DR.OETKER ZAHAR VANILINAT 8G} => {_MORCOVI}",0.000222656611455538,0.777777777777778,0.00028627278615712,21.5127747118469,77
"{_MORCOVI,DR.OETKER ZAHAR VANILINAT 8G} => {_PATRUNJEL RADACINA KG}",0.000222656611455538,0.475308641975309,0.000468446377348015,23.9995818079237,77
"{_TELINA,PALL MALL S-LINE FLOW VIOLET/ROSE} => {_PATRUNJEL RADACINA KG}",0.000104099194966226,0.428571428571429,0.00024289812158786,21.6396971403542,36
"{_PATRUNJEL RADACINA KG,PALL MALL S-LINE FLOW VIOLET/ROSE} => {_TELINA}",0.000104099194966226,0.486486486486487,0.000213981678541686,27.7118601058644,36
"{_TELINA,PALL MALL S-LINE FLOW VIOLET/ROSE} => {_MORCOVI}",0.000173498658277043,0.714285714285714,0.00024289812158786,19.7566298374105,60
"{_MORCOVI,PALL MALL S-LINE FLOW VIOLET/ROSE} => {_TELINA}",0.000173498658277043,0.352941176470588,0.000491579531784954,20.1046828219016,60
"{_PATRUNJEL RADACINA KG,PALL MALL S-LINE FLOW VIOLET/ROSE} => {_MORCOVI}",0.000182173591190895,0.851351351351351,0.000213981678541686,23.5477669143189,63
"{_MORCOVI,PALL MALL S-LINE FLOW VIOLET/ROSE} => {_PATRUNJEL RADACINA KG}",0.000182173591190895,0.370588235294118,0.000491579531784954,18.7119734096004,63
"{_ARDEI ROSU CALIFORNIA,_GULII} => {_TELINA}",0.000130123993707782,0.633802816901408,0.000205306745627834,36.1034797153867,45
"{_ARDEI ROSU CALIFORNIA,_TELINA} => {_GULII}",0.000130123993707782,0.274390243902439,0.00047422966595725,40.4996720901908,45
"{_ARDEI ROSU CALIFORNIA,_GULII} => {_PATRUNJEL RADACINA KG}",0.000106990839270843,0.52112676056338,0.000205306745627834,26.3130589640926,37
"{_ARDEI ROSU CALIFORNIA,_PATRUNJEL RADACINA KG} => {_GULII}",0.000106990839270843,0.248322147651007,0.000430855001387989,36.6520522361339,37
"{_ARDEI ROSU CALIFORNIA,_GULII} => {_MORCOVI}",0.000141690570926252,0.690140845070423,0.000205306745627834,19.0888000964276,49
"{_ARDEI ROSU CALIFORNIA,_MORCOVI} => {_GULII}",0.000141690570926252,0.167235494880546,0.000847251781252892,24.6837591897439,49
"{_GULII,PULPE PUI CU SPATE REFR.VRAC SZEKELY CSURKE} => {_TELINA}",0.000138798926621634,0.51063829787234,0.000271814564634033,29.0876262104108,48
"{_TELINA,PULPE PUI CU SPATE REFR.VRAC SZEKELY CSURKE} => {_GULII}",0.000138798926621634,0.237623762376238,0.00058411214953271,35.0729833546735,48
"{_GULII,PULPE PUI CU SPATE REFR.VRAC SZEKELY CSURKE} => {_PATRUNJEL RADACINA KG}",0.000161932081058573,0.595744680851064,0.000271814564634034,30.0807137553859,56
"{_PATRUNJEL RADACINA KG,PULPE PUI CU SPATE REFR.VRAC SZEKELY CSURKE} => {_GULII}",0.000161932081058573,0.208955223880597,0.000774960673637457,30.8415413330276,56
"{_GULII,PULPE PUI CU SPATE REFR.VRAC SZEKELY CSURKE} => {_MORCOVI}",0.000170607013972425,0.627659574468085,0.000271814564634033,17.3606130273415,59
"{_MORCOVI,PULPE PUI CU SPATE REFR.VRAC SZEKELY CSURKE} => {_GULII}",0.000170607013972425,0.159459459459459,0.00106990839270843,23.5360256543355,59
"{_ARDEI GRAS ROMANIA,_GULII} => {_TELINA}",0.000167715369667808,0.637362637362637,0.000263139631720181,36.3062587223352,58
"{_ARDEI GRAS ROMANIA,_TELINA} => {_GULII}",0.000167715369667808,0.22568093385214,0.000743152586286666,33.310236136783,58
"{_ARDEI GRAS ROMANIA,_GULII} => {_PATRUNJEL RADACINA KG}",0.000153257148144721,0.582417582417582,0.000263139631720181,29.4077935497121,53
"{_ARDEI GRAS ROMANIA,_PATRUNJEL RADACINA KG} => {_GULII}",0.000153257148144721,0.219917012448133,0.000696886277412788,32.4594882257205,53
"{_ARDEI GRAS ROMANIA,_GULII} => {_MORCOVI}",0.000170607013972425,0.648351648351648,0.000263139631720181,17.9329409293418,59
"{_ARDEI GRAS ROMANIA,_MORCOVI} => {_GULII}",0.000170607013972425,0.13849765258216,0.001231840473767,20.4420880096341,59
"{_ARDEI ALB BIANCA,_GULII} => {_TELINA}",0.000306514296289442,0.658385093167702,0.000465554733043398,37.5037665062802,106
"{_ARDEI ALB BIANCA,_TELINA} => {_GULII}",0.000306514296289442,0.242009132420091,0.00126654020542241,35.7202587324139,106
"{_ARDEI ALB BIANCA,_GULII} => {_PATRUNJEL RADACINA KG}",0.000294947719070973,0.633540372670807,0.000465554733043398,31.9891175118279,102
"{_GULII,_PATRUNJEL RADACINA KG} => {_ARDEI ALB BIANCA}",0.000294947719070973,0.100196463654224,0.00294369390210049,11.3496042734223,102
"{_ARDEI ALB BIANCA,_PATRUNJEL RADACINA KG} => {_GULII}",0.000294947719070973,0.235023041474654,0.00125497362820394,34.6891200575889,102
"{_ARDEI ALB BIANCA,_GULII} => {_MORCOVI}",0.000344105672249468,0.739130434782609,0.000465554733043398,20.4438169621899,119
"{_ARDEI ALB BIANCA,_MORCOVI} => {_GULII}",0.000344105672249468,0.177083333333333,0.00194318497270288,26.137288376725,119
"{_GULII,PIEPT DE PUI FARA OS REFR.VRAC SZEKELY CSURKE} => {_MORCOVI}",0.000118557416489312,0.539473684210526,0.000219764967150921,14.92145464036,41
"{_MORCOVI,PIEPT DE PUI FARA OS REFR.VRAC SZEKELY CSURKE} => {_GULII}",0.000118557416489312,0.123867069486405,0.000957134264828352,18.2826314289656,41
"{_GULII,PASTE ATA PAIANJENULUI CU 8 OUA GYERMELYI 250G} => {_TELINA}",0.000315189229203294,0.689873417721519,0.000456879800129546,39.2974443765651,109
"{_GULII,_TELINA} => {PASTE ATA PAIANJENULUI CU 8 OUA GYERMELYI 250G}",0.000315189229203294,0.101774042950514,0.00309695105024521,9.08515917122313,109
"{_TELINA,PASTE ATA PAIANJENULUI CU 8 OUA GYERMELYI 250G} => {_GULII}",0.000315189229203294,0.25,0.00126075691681318,36.8997012377294,109
"{_GULII,PASTE ATA PAIANJENULUI CU 8 OUA GYERMELYI 250G} => {_PATRUNJEL RADACINA KG}",0.000294947719070973,0.645569620253165,0.000456879800129546,32.5965058190145,102
"{_GULII,_PATRUNJEL RADACINA KG} => {PASTE ATA PAIANJENULUI CU 8 OUA GYERMELYI 250G}",0.000294947719070973,0.100196463654224,0.00294369390210049,8.94433191707753,102
"{_PATRUNJEL RADACINA KG,PASTE ATA PAIANJENULUI CU 8 OUA GYERMELYI 250G} => {_GULII}",0.000294947719070973,0.221258134490239,0.00133304802442861,32.6574362364286,102
"{_GULII,PASTE ATA PAIANJENULUI CU 8 OUA GYERMELYI 250G} => {_MORCOVI}",0.000335430739335616,0.734177215189873,0.000456879800129546,20.306814465794,116
"{_MORCOVI,PASTE ATA PAIANJENULUI CU 8 OUA GYERMELYI 250G} => {_GULII}",0.000335430739335616,0.191735537190083,0.00174944480429351,28.2999361558784,116
"{_GULII,PARIZER CRISTUR} => {_MORCOVI}",0.000104099194966226,0.642857142857143,0.000161932081058573,17.7809668536694,36
"{_MORCOVI,PARIZER CRISTUR} => {_GULII}",0.000104099194966226,0.142857142857143,0.000728694364763579,21.0855435644168,36
"{_CARTOFI ALBI,_GULII} => {_TELINA}",0.000159040436753956,0.5,0.000318080873507912,28.481633997694,55
"{_CARTOFI ALBI,_TELINA} => {_GULII}",0.000159040436753956,0.189003436426117,0.000841468492643657,27.8966813481116,55
"{_CARTOFI ALBI,_GULII} => {_PATRUNJEL RADACINA KG}",0.000179281946886277,0.563636363636364,0.000318080873507912,28.4594804815567,62
"{_CARTOFI ALBI,_PATRUNJEL RADACINA KG} => {_GULII}",0.000179281946886277,0.171270718232044,0.00104677523827149,25.2793533341351,62
"{_CARTOFI ALBI,_GULII} => {_MORCOVI}",0.000196631812713982,0.618181818181818,0.000318080873507912,17.0984650956498,68
"{_CARTOFI ALBI,_MORCOVI} => {_GULII}",0.000196631812713982,0.111842105263158,0.00175811973720737,16.5077610800368,68
"{_GULII,_USTUROI} => {_TELINA}",0.000208198389932451,0.549618320610687,0.000378805403904876,31.3080556921216,72
"{_TELINA,_USTUROI} => {_GULII}",0.000208198389932451,0.220183486238532,0.000945567687609882,32.4988194387342,72
"{_GULII,_USTUROI} => {_PATRUNJEL RADACINA KG}",0.00018795687980013,0.49618320610687,0.000378805403904876,25.0535933813261,65
"{_PATRUNJEL RADACINA KG,_USTUROI} => {_GULII}",0.00018795687980013,0.172872340425532,0.00108725825853613,25.5157508558767,65
"{_GULII,_USTUROI} => {_MORCOVI}",0.00024289812158786,0.641221374045801,0.000378805403904877,17.7357226632021,84
"{_MORCOVI,_USTUROI} => {_GULII}",0.00024289812158786,0.126315789473684,0.00192294346257056,18.6440595727475,84
"{_GULII,PAINE DE CASA PE FOI DE VARZA RIP-ROP 1KG} => {_TELINA}",0.00010988248357546,0.436781609195402,0.000251573054501712,24.8805078600545,38
"{_TELINA,PAINE DE CASA PE FOI DE VARZA RIP-ROP 1KG} => {_GULII}",0.00010988248357546,0.265734265734266,0.000413505135560285,39.2220600568872,38
"{_GULII,PAINE DE CASA PE FOI DE VARZA RIP-ROP 1KG} => {_PATRUNJEL RADACINA KG}",0.000112774127880078,0.448275862068966,0.000251573054501712,22.6346257445084,39
"{_PATRUNJEL RADACINA KG,PAINE DE CASA PE FOI DE VARZA RIP-ROP 1KG} => {_GULII}",0.000112774127880078,0.276595744680851,0.00040772184695105,40.8252013694028,39
"{_GULII,PAINE DE CASA PE FOI DE VARZA RIP-ROP 1KG} => {_MORCOVI}",0.000141690570926252,0.563218390804598,0.000251573054501712,15.5782161706478,49
"{_MORCOVI,PAINE DE CASA PE FOI DE VARZA RIP-ROP 1KG} => {_GULII}",0.000141690570926252,0.166101694915254,0.000853035069862127,24.5164116698134,49
"{_GULII,GOBE 10 OUA PROASPETE L} => {_TELINA}",0.000127232349403165,0.594594594594595,0.000213981678541686,33.8700512405009,44
"{_TELINA,GOBE 10 OUA PROASPETE L} => {_GULII}",0.000127232349403165,0.280254777070064,0.000453988155824928,41.3652701773272,44
"{_GULII,GOBE 10 OUA PROASPETE L} => {_PATRUNJEL RADACINA KG}",0.000104099194966226,0.486486486486487,0.000213981678541686,24.5639805376993,36
"{_PATRUNJEL RADACINA KG,GOBE 10 OUA PROASPETE L} => {_GULII}",0.000104099194966226,0.2,0.000520495974831128,29.5197609901835,36
"{_GULII,GOBE 10 OUA PROASPETE L} => {_MORCOVI}",0.000147473859535486,0.689189189189189,0.000213981678541686,19.0624779782582,51
"{_MORCOVI,GOBE 10 OUA PROASPETE L} => {_GULII}",0.000147473859535486,0.150887573964497,0.000977375774960674,22.270825599103,51
"{_GULII,_MERE ROSII} => {_PATRUNJEL RADACINA KG}",0.000104099194966226,0.537313432835821,0.000193740168409364,27.1303665640261,36
"{_MERE ROSII,_PATRUNJEL RADACINA KG} => {_GULII}",0.000104099194966226,0.157205240174672,0.000662186545757379,23.2033055818036,36
"{_GULII,_MERE ROSII} => {_MORCOVI}",0.00012144906079393,0.626865671641791,0.000193740168409364,17.3386542453692,42
"{_MERE ROSII,_MORCOVI} => {_GULII}",0.00012144906079393,0.1,0.0012144906079393,14.7598804950918,42
"{_GULII,_ROSII VRAC} => {_TELINA}",0.00012144906079393,0.477272727272727,0.000254464698806329,27.187014270526,42
"{_ROSII VRAC,_TELINA} => {_GULII}",0.00012144906079393,0.228260869565217,0.000532062552049597,33.6910315648834,42
"{_GULII,_ROSII VRAC} => {_PATRUNJEL RADACINA KG}",0.000144582215230869,0.568181818181818,0.000254464698806329,28.6889924209241,50
"{_PATRUNJEL RADACINA KG,_ROSII VRAC} => {_GULII}",0.000144582215230869,0.206611570247934,0.000699777921717405,30.4956208576276,50
"{_GULII,_ROSII VRAC} => {_MORCOVI}",0.000156148792449338,0.613636363636364,0.000254464698806329,16.9727410875935,54
"{_MORCOVI,_ROSII VRAC} => {_GULII}",0.000156148792449338,0.126760563380282,0.001231840473767,18.7097076698346,54
"{_GULII,OUA PROASPETE M DIN GHEORGHENI 1*10} => {_TELINA}",0.000133015638012399,0.597402597402597,0.000222656611455538,34.030004256985,46
"{_TELINA,OUA PROASPETE M DIN GHEORGHENI 1*10} => {_GULII}",0.000133015638012399,0.232323232323232,0.000572545572314241,34.2906314532435,46
"{_GULII,OUA PROASPETE M DIN GHEORGHENI 1*10} => {_PATRUNJEL RADACINA KG}",0.000115665772184695,0.519480519480519,0.000222656611455538,26.229935927702,40
"{_PATRUNJEL RADACINA KG,OUA PROASPETE M DIN GHEORGHENI 1*10} => {_GULII}",0.000115665772184695,0.202020202020202,0.000572545572314241,29.8179403941248,40
"{_GULII,OUA PROASPETE M DIN GHEORGHENI 1*10} => {_MORCOVI}",0.000127232349403165,0.571428571428571,0.000222656611455538,15.8053038699284,44
"{_MORCOVI,OUA PROASPETE M DIN GHEORGHENI 1*10} => {_GULII}",0.000127232349403165,0.121883656509695,0.00104388359396687,17.9898820438792,44
"{_ARDEI ROSU CAPIA,_GULII} => {_TELINA}",0.000182173591190895,0.5,0.00036434718238179,28.481633997694,63
"{_ARDEI ROSU CAPIA,_TELINA} => {_GULII}",0.000182173591190895,0.21,0.000867493291385213,30.9957490396927,63
"{_ARDEI ROSU CAPIA,_GULII} => {_PATRUNJEL RADACINA KG}",0.000173498658277043,0.476190476190476,0.00036434718238179,24.0441079337269,60
"{_ARDEI ROSU CAPIA,_PATRUNJEL RADACINA KG} => {_GULII}",0.000173498658277043,0.162162162162162,0.00106990839270843,23.9349413433921,60
"{_ARDEI ROSU CAPIA,_GULII} => {_MORCOVI}",0.000193740168409364,0.531746031746032,0.00036434718238179,14.7077133234056,67
"{_ARDEI ROSU CAPIA,_MORCOVI} => {_GULII}",0.000193740168409364,0.102446483180428,0.00189113537521976,15.1209784888555,67
"{_CEAPA GALBENA,_GULII} => {_TELINA}",0.000320972517812529,0.560606060606061,0.000572545572314241,31.9339532701417,111
"{_GULII,_TELINA} => {_CEAPA GALBENA}",0.000320972517812529,0.103641456582633,0.00309695105024521,5.63194580157645,111
"{_CEAPA GALBENA,_TELINA} => {_GULII}",0.000320972517812529,0.230769230769231,0.00139088091052096,34.061262680981,111
"{_CEAPA GALBENA,_GULII} => {_PATRUNJEL RADACINA KG}",0.00029783936337559,0.52020202020202,0.000572545572314241,26.2663663942683,103
"{_GULII,_PATRUNJEL RADACINA KG} => {_CEAPA GALBENA}",0.00029783936337559,0.101178781925344,0.00294369390210049,5.49812241994816,103
"{_CEAPA GALBENA,_PATRUNJEL RADACINA KG} => {_GULII}",0.00029783936337559,0.188990825688073,0.00157594614601647,27.8948200182468,103
"{_CEAPA GALBENA,_GULII} => {_MORCOVI}",0.000387480336818729,0.676767676767677,0.000572545572314241,18.7189078661525,134
"{_GULII,_MORCOVI} => {_CEAPA GALBENA}",0.000387480336818729,0.110288065843621,0.00351334783011011,5.99312697710631,134
"{_CEAPA GALBENA,_MORCOVI} => {_GULII}",0.000387480336818729,0.129468599033816,0.00299285185527899,19.1094104960608,134
"{_GULII,SMANTANA 20% GRASIME FRISS 300G} => {_TELINA}",0.000133015638012399,0.442307692307692,0.000300731007680207,25.1952916133447,46
"{_TELINA,SMANTANA 20% GRASIME FRISS 300G} => {_GULII}",0.000133015638012399,0.168498168498169,0.000789418895160544,24.870128306748,46
"{_GULII,_LAMAIE^2 A nu se consuma coaja} => {_TELINA}",0.000156148792449338,0.524271844660194,0.00029783936337559,29.864237589815,54
"{_LAMAIE^2 A nu se consuma coaja,_TELINA} => {_GULII}",0.000156148792449338,0.203007518796992,0.000769177385028223,29.963667170487,54
"{_GULII,LAPTE DE CONSUM 3.5% GRASIME FRISS CUTIE 1L} => {_TELINA}",0.000118557416489312,0.482352941176471,0.000245789765892477,27.4763998565989,41
"{_TELINA,LAPTE DE CONSUM 3.5% GRASIME FRISS CUTIE 1L} => {_GULII}",0.000118557416489312,0.199029126213592,0.00059567872675118,29.3764611795516,41
"{_GULII,_TELINA} => {_PATRUNJEL RADACINA KG}",0.00213981678541686,0.69094304388422,0.00309695105024521,34.8875291587409,740
"{_GULII,_PATRUNJEL RADACINA KG} => {_TELINA}",0.00213981678541686,0.726915520628684,0.00294369390210049,41.4074836115786,740
"{_PATRUNJEL RADACINA KG,_TELINA} => {_GULII}",0.00213981678541686,0.234103131920278,0.00914048764689553,34.5533425067001,740
"{_GULII,FRANZELA ALBA BACHUS 1KG} => {_TELINA}",0.000124340705098547,0.524390243902439,0.000237114832978625,29.8709819975815,43
"{_TELINA,FRANZELA ALBA BACHUS 1KG} => {_GULII}",0.000124340705098547,0.254437869822485,0.000488687887480337,37.554725520056,43
"{_GULII,LAPTE DE CONSUM 1.5% GRASIME FRISS CUTIE 1L} => {_TELINA}",0.000133015638012399,0.534883720930233,0.000248681410197094,30.4687247417191,46
"{_TELINA,LAPTE DE CONSUM 1.5% GRASIME FRISS CUTIE 1L} => {_GULII}",0.000133015638012399,0.148867313915858,0.00089351809012677,21.9726376302337,46
"{_GULII,_TELINA} => {_MORCOVI}",0.00230174886647543,0.743230625583567,0.00309695105024521,20.5572252948741,796
"{_GULII,_MORCOVI} => {_TELINA}",0.00230174886647543,0.655144032921811,0.00351334783011011,37.3191451229043,796
"{_MORCOVI,_TELINA} => {_GULII}",0.00230174886647543,0.211589580010633,0.0108783658739706,31.2303691496359,796
"{_GULII,APA MINERALA NATURALA CARBOGAZIFICATA CONTINUT REDUS CO2 TUSNAD 2L} => {_TELINA}",0.000115665772184695,0.449438202247191,0.000257356343110947,25.6014687619721,40
"{_TELINA,APA MINERALA NATURALA CARBOGAZIFICATA CONTINUT REDUS CO2 TUSNAD 2L} => {_GULII}",0.000115665772184695,0.141342756183746,0.000818335338206718,20.8620219011898,40
"{_BANANE,_GULII} => {_TELINA}",0.00023133154436939,0.361990950226244,0.00063905339132044,20.6201875096427,80
"{_BANANE,_TELINA} => {_GULII}",0.00023133154436939,0.161616161616162,0.0014313639307856,23.8543523152998,80
"{_GULII,_TELINA} => {PAINE CU CARTOFI FELII BACHUS 1.2 KG}",0.000326755806421764,0.105508870214753,0.00309695105024521,1.28183732770583,113
"{_GULII,PAINE CU CARTOFI FELII BACHUS 1.2 KG} => {_TELINA}",0.000326755806421764,0.489177489177489,0.000667969834366614,27.8651484133283,113
"{_TELINA,PAINE CU CARTOFI FELII BACHUS 1.2 KG} => {_GULII}",0.000326755806421764,0.238396624472574,0.00137063940038864,35.1870568764846,113
"{_GULII,SMANTANA 20% GRASIME FRISS 300G} => {_PATRUNJEL RADACINA KG}",0.000104099194966226,0.346153846153846,0.000300731007680207,17.4782169210553,36
"{_PATRUNJEL RADACINA KG,SMANTANA 20% GRASIME FRISS 300G} => {_GULII}",0.000104099194966226,0.129032258064516,0.000806768760988248,19.045007090441,36
"{_GULII,SMANTANA 20% GRASIME FRISS 300G} => {_MORCOVI}",0.000161932081058573,0.538461538461538,0.000300731007680207,14.893459415894,56
"{_MORCOVI,SMANTANA 20% GRASIME FRISS 300G} => {_GULII}",0.000161932081058573,0.104868913857678,0.00154413805866568,15.478526361894,56
"{_GULII,_LAMAIE^2 A nu se consuma coaja} => {_PATRUNJEL RADACINA KG}",0.000118557416489312,0.398058252427184,0.00029783936337559,20.0990067290668,41
"{_LAMAIE^2 A nu se consuma coaja,_PATRUNJEL RADACINA KG} => {_GULII}",0.000118557416489312,0.152416356877323,0.000777852317942075,22.4964721300655,41
"{_GULII,_LAMAIE^2 A nu se consuma coaja} => {_MORCOVI}",0.000153257148144721,0.514563106796116,0.00029783936337559,14.2324459605423,53
"{_LAMAIE^2 A nu se consuma coaja,_MORCOVI} => {_GULII}",0.000153257148144721,0.103921568627451,0.00147473859535486,15.3386993380365,53
"{_GULII,LAPTE DE CONSUM 3.5% GRASIME FRISS CUTIE 1L} => {_PATRUNJEL RADACINA KG}",0.000124340705098547,0.505882352941176,0.000245789765892477,25.5433287813592,43
"{_PATRUNJEL RADACINA KG,LAPTE DE CONSUM 3.5% GRASIME FRISS CUTIE 1L} => {_GULII}",0.000124340705098547,0.197247706422018,0.000630378458406588,29.1135257471993,43
"{_GULII,LAPTE DE CONSUM 3.5% GRASIME FRISS CUTIE 1L} => {_MORCOVI}",0.000124340705098547,0.505882352941176,0.000245789765892477,13.9923425436719,43
"{_MORCOVI,LAPTE DE CONSUM 3.5% GRASIME FRISS CUTIE 1L} => {_GULII}",0.000124340705098547,0.104116222760291,0.00119424909780698,15.3674300554224,43
"{_GULII,LAPTE DE CONSUM 1.5% GRASIME FRISS CUTIE 1L} => {_PATRUNJEL RADACINA KG}",0.00012144906079393,0.488372093023256,0.000248681410197094,24.6591897645896,42
"{_PATRUNJEL RADACINA KG,LAPTE DE CONSUM 1.5% GRASIME FRISS CUTIE 1L} => {_GULII}",0.00012144906079393,0.128440366972477,0.000945567687609882,18.9576446725949,42
"{_GULII,_PATRUNJEL RADACINA KG} => {_MORCOVI}",0.00247813916905709,0.841846758349705,0.00294369390210049,23.2848766983547,857
"{_GULII,_MORCOVI} => {_PATRUNJEL RADACINA KG}",0.00247813916905709,0.705349794238683,0.00351334783011011,35.6149638257845,857
"{_MORCOVI,_PATRUNJEL RADACINA KG} => {_GULII}",0.00247813916905709,0.169837495045581,0.0145912371610993,25.0678113045851,857
"{_GULII,APA MINERALA NATURALA CARBOGAZIFICATA CONTINUT REDUS CO2 TUSNAD 2L} => {_PATRUNJEL RADACINA KG}",0.000112774127880078,0.438202247191011,0.000257356343110947,22.1259824693509,39
"{_PATRUNJEL RADACINA KG,APA MINERALA NATURALA CARBOGAZIFICATA CONTINUT REDUS CO2 TUSNAD 2L} => {_GULII}",0.000112774127880078,0.112391930835735,0.00100340057370223,16.5889146774807,39
"{_BANANE,_GULII} => {_PATRUNJEL RADACINA KG}",0.000263139631720181,0.411764705882353,0.000639053391320441,20.7910815662226,91
"{_BANANE,_PATRUNJEL RADACINA KG} => {_GULII}",0.000263139631720181,0.16636197440585,0.00158172943462571,24.5548286115786,91
"{_GULII,_PATRUNJEL RADACINA KG} => {PAINE CU CARTOFI FELII BACHUS 1.2 KG}",0.000323864162117146,0.110019646365422,0.00294369390210049,1.33663917739947,112
"{_GULII,PAINE CU CARTOFI FELII BACHUS 1.2 KG} => {_PATRUNJEL RADACINA KG}",0.000323864162117146,0.484848484848485,0.000667969834366614,24.4812735325219,112
"{_PATRUNJEL RADACINA KG,PAINE CU CARTOFI FELII BACHUS 1.2 KG} => {_GULII}",0.000323864162117146,0.203636363636364,0.00159040436753956,30.0564839172778,112
"{_GULII,OUA PROASPETE} => {_MORCOVI}",0.000101207550661608,0.507246376811594,0.000199523457018599,14.030070464248,35
"{_GULII,FRANZELA ALBA BACHUS 1KG} => {_MORCOVI}",0.000130123993707782,0.548780487804878,0.000237114832978625,15.1788741433763,45
"{_MORCOVI,FRANZELA ALBA BACHUS 1KG} => {_GULII}",0.000130123993707782,0.106888361045131,0.00121738225224392,15.7765943534235,45
"{_GULII,LAPTE DE CONSUM 1.5% GRASIME FRISS CUTIE 1L} => {_MORCOVI}",0.000156148792449338,0.627906976744186,0.000248681410197094,17.3674559966073,54
"{_GULII,APA MINERALA NATURALA CARBOGAZIFICATA CONTINUT REDUS CO2 TUSNAD 2L} => {_MORCOVI}",0.000130123993707782,0.50561797752809,0.000257356343110947,13.9850301096276,45
"{_BANANE,_GULII} => {_MORCOVI}",0.000309405940594059,0.484162895927602,0.00063905339132044,13.3915979621904,107
"{_BANANE,_MORCOVI} => {_GULII}",0.000309405940594059,0.100848256361923,0.00306803460719904,14.8850821204036,107
"{_GULII,_MORCOVI} => {PAINE CU CARTOFI FELII BACHUS 1.2 KG}",0.000425071712778754,0.120987654320988,0.00351334783011011,1.46989055218343,147
"{_GULII,PAINE CU CARTOFI FELII BACHUS 1.2 KG} => {_MORCOVI}",0.000425071712778754,0.636363636363636,0.000667969834366614,17.6013611278748,147
"{_MORCOVI,PAINE CU CARTOFI FELII BACHUS 1.2 KG} => {_GULII}",0.000425071712778754,0.140267175572519,0.00303044323123901,20.7032674883444,147
"{_BANANE,_GULII} => {PAINE CU CARTOFI FELII BACHUS 1.2 KG}",0.000101207550661608,0.158371040723982,0.00063905339132044,1.9240648792317,35
"{_GULII,PAINE CU CARTOFI FELII BACHUS 1.2 KG} => {_BANANE}",0.000101207550661608,0.151515151515152,0.000667969834366614,2.7908162853569,35
"{_ARDEI ROSU CALIFORNIA,_MANDARINE^2 A nu se consuma coaja} => {SZEKELYHON}",0.00010988248357546,0.316666666666667,0.000346997316554085,18.5643216364356,38
"{_MANDARINE^2 A nu se consuma coaja,SZEKELYHON} => {_ARDEI ROSU CALIFORNIA}",0.00010988248357546,0.181818181818182,0.000604353659665032,24.3238262704414,38
"{_ARDEI ROSU CALIFORNIA,SZEKELYHON} => {_MANDARINE^2 A nu se consuma coaja}",0.00010988248357546,0.383838383838384,0.00028627278615712,47.662666158896,38
"{_MANDARINE^2 A nu se consuma coaja,DANONE ACTIVIA NATUR 125G} => {_BANANE}",0.00012144906079393,0.388888888888889,0.000312297584898677,7.16309513241604,42
"{_MANDARINE^2 A nu se consuma coaja,SZEKELYHON} => {OUA PROASPETE}",0.000115665772184695,0.191387559808612,0.000604353659665032,6.6929327013099,40
"{_MANDARINE^2 A nu se consuma coaja,OUA PROASPETE} => {SZEKELYHON}",0.000115665772184695,0.300751879699248,0.000384588692514111,17.6313304026297,40
"{OUA PROASPETE,SZEKELYHON} => {_MANDARINE^2 A nu se consuma coaja}",0.000115665772184695,0.161290322580645,0.00071712778754511,20.0280303469045,40
"{_MANDARINE^2 A nu se consuma coaja,SZEKELYHON} => {_BANANE}",0.000202415101323216,0.334928229665072,0.000604353659665032,6.16917284131525,70
"{_BANANE,SZEKELYHON} => {_MANDARINE^2 A nu se consuma coaja}",0.000202415101323216,0.127737226277372,0.00158462107893032,15.8616152747382,70
"{_MANDARINE^2 A nu se consuma coaja,_MERE ROSII} => {_BANANE}",0.000179281946886277,0.369047619047619,0.000485796243175719,6.79763109504787,62
"{_ARDEI ROSU CAPIA,_MANDARINE^2 A nu se consuma coaja} => {_BANANE}",0.000150365503840104,0.333333333333333,0.000451096511520311,6.13979582778517,52
"{_MANDARINE^2 A nu se consuma coaja,_TELINA} => {_PATRUNJEL RADACINA KG}",0.00018795687980013,0.670103092783505,0.000280489497547886,33.8352652881826,65
"{_MANDARINE^2 A nu se consuma coaja,_PATRUNJEL RADACINA KG} => {_TELINA}",0.00018795687980013,0.601851851851852,0.000312297584898677,34.2834483305575,65
"{_MANDARINE^2 A nu se consuma coaja,_TELINA} => {_MORCOVI}",0.000193740168409364,0.690721649484536,0.000280489497547886,19.1048647293722,67
"{_MANDARINE^2 A nu se consuma coaja,_MORCOVI} => {_TELINA}",0.000193740168409364,0.356382978723404,0.000543629129268067,20.3007391260159,67
"{_LAMAIE^2 A nu se consuma coaja,_MANDARINE^2 A nu se consuma coaja} => {_BANANE}",0.000228439900064773,0.357466063348416,0.00063905339132044,6.58430593296419,79
"{_BANANE,_MANDARINE^2 A nu se consuma coaja} => {_LAMAIE^2 A nu se consuma coaja}",0.000228439900064773,0.112215909090909,0.00203571759045063,5.58453799761902,79
"{_MANDARINE^2 A nu se consuma coaja,LAPTE DE CONSUM 3.5% GRASIME FRISS CUTIE 1L} => {_BANANE}",0.000144582215230869,0.420168067226891,0.000344105672249468,7.73923843838467,50
"{_MANDARINE^2 A nu se consuma coaja,_PATRUNJEL RADACINA KG} => {_MORCOVI}",0.000248681410197094,0.796296296296296,0.000312297584898677,22.0249836335576,86
"{_MANDARINE^2 A nu se consuma coaja,_MORCOVI} => {_PATRUNJEL RADACINA KG}",0.000248681410197094,0.457446808510638,0.000543629129268067,23.0976909193142,86
"{_MANDARINE^2 A nu se consuma coaja,OUA PROASPETE} => {_BANANE}",0.000159040436753956,0.413533834586466,0.000384588692514111,7.61703993672597,55
"{_MANDARINE^2 A nu se consuma coaja,LAPTE DE CONSUM 1.5% GRASIME FRISS CUTIE 1L} => {_BANANE}",0.00010988248357546,0.26027397260274,0.000422180068474137,4.79408715320212,38
"{_MANDARINE^2 A nu se consuma coaja,_MORCOVI} => {_BANANE}",0.000144582215230869,0.265957446808511,0.000543629129268067,4.89877326684987,50
"{_MANDARINE^2 A nu se consuma coaja,APA MINERALA NATURALA CARBOGAZIFICATA CONTINUT REDUS CO2 TUSNAD 2L} => {_BANANE}",0.000167715369667808,0.302083333333333,0.000555195706486537,5.56418996893031,58
"{_MANDARINE^2 A nu se consuma coaja,PAINE CU CARTOFI FELII BACHUS 1.2 KG} => {_BANANE}",0.000135907282317017,0.188755020080321,0.000720019431849727,3.47675185428799,47
"{_BANANE,APA MINERALA NATURALA DECARBOGAZIFICATA PARTIAL PERLA HARGHITEI 2L} => {PAINE CU CARTOFI FELII BACHUS 1.2 KG}",0.000222656611455538,0.155241935483871,0.00143425557509022,1.88604908121462,77
"{APA MINERALA NATURALA DECARBOGAZIFICATA PARTIAL PERLA HARGHITEI 2L,PAINE CU CARTOFI FELII BACHUS 1.2 KG} => {_BANANE}",0.000222656611455538,0.15587044534413,0.00142847228648098,2.87103812999671,77
"{_TELINA,GOBE 6  L OUA PROASPETE} => {_PATRUNJEL RADACINA KG}",0.000130123993707782,0.432692307692308,0.000300731007680207,21.8477711513191,45
"{_PATRUNJEL RADACINA KG,GOBE 6  L OUA PROASPETE} => {_TELINA}",0.000130123993707782,0.511363636363636,0.000254464698806329,29.1289438612779,45
"{_TELINA,GOBE 6  L OUA PROASPETE} => {_MORCOVI}",0.000170607013972425,0.567307692307692,0.000300731007680207,15.6913233131741,59
"{_MORCOVI,GOBE 6  L OUA PROASPETE} => {_TELINA}",0.000170607013972425,0.302564102564103,0.000563870639400389,17.235040060143,59
"{_PATRUNJEL RADACINA KG,GOBE 6  L OUA PROASPETE} => {_MORCOVI}",0.000182173591190895,0.715909090909091,0.000254464698806329,19.8015312688591,63
"{_MORCOVI,GOBE 6  L OUA PROASPETE} => {_PATRUNJEL RADACINA KG}",0.000182173591190895,0.323076923076923,0.000563870639400389,16.3130024596516,63
"{APA MINERALA NATURALA CARBOGAZIFICATA CONTINUT REDUS CO2 TUSNAD 2L,GOBE 6  L OUA PROASPETE} => {_BANANE}",0.000159040436753956,0.185810810810811,0.000855926714166744,3.42252132292079,55
"{_BANANE,GOBE 6  L OUA PROASPETE} => {APA MINERALA NATURALA CARBOGAZIFICATA CONTINUT REDUS CO2 TUSNAD 2L}",0.000159040436753956,0.152777777777778,0.00104099194966226,2.56514163335545,55
"{_ARDEI ALB BIANCA,_ARDEI ROSU CALIFORNIA} => {_ROSII VRAC}",0.00010988248357546,0.146718146718147,0.000748935874895901,10.0892138338947,38
"{_ARDEI ROSU CALIFORNIA,_ROSII VRAC} => {_ARDEI ALB BIANCA}",0.00010988248357546,0.150793650793651,0.000728694364763579,17.0809248254384,38
"{_ARDEI ALB BIANCA,_ROSII VRAC} => {_ARDEI ROSU CALIFORNIA}",0.00010988248357546,0.109510086455331,0.00100340057370223,14.6503737479027,38
"{_ARDEI ALB BIANCA,_ARDEI ROSU CALIFORNIA} => {_MORCOVI}",0.000150365503840104,0.200772200772201,0.000748935874895901,5.55321487321807,52
"{_ARDEI ROSU CALIFORNIA,_MORCOVI} => {_ARDEI ALB BIANCA}",0.000150365503840104,0.177474402730375,0.000847251781252892,20.1031470192694,52
"{_ARDEI ALB BIANCA,_ARDEI ROSU CALIFORNIA} => {PAINE CU CARTOFI FELII BACHUS 1.2 KG}",0.000104099194966226,0.138996138996139,0.000748935874895901,1.68867735015636,36
"{_ARDEI ROSU CALIFORNIA,PAINE CU CARTOFI FELII BACHUS 1.2 KG} => {_ARDEI ALB BIANCA}",0.000104099194966226,0.129496402877698,0.000803877116683631,14.6685109822394,36
"{_ARDEI ALB BIANCA,PAINE CU CARTOFI FELII BACHUS 1.2 KG} => {_ARDEI ROSU CALIFORNIA}",0.000104099194966226,0.110769230769231,0.000939784399000648,14.8188233893766,36
"{_ARDEI ROSU CALIFORNIA,_ROSII VRAC} => {_MORCOVI}",0.00010988248357546,0.150793650793651,0.000728694364763579,4.17084407678665,38
"{_ARDEI ROSU CALIFORNIA,_MORCOVI} => {_ROSII VRAC}",0.00010988248357546,0.129692832764505,0.000847251781252892,8.91845181904001,38
"{_ARDEI ROSU CALIFORNIA,_ROSII VRAC} => {_BANANE}",0.000101207550661608,0.138888888888889,0.000728694364763579,2.55824826157716,35
"{_ARDEI ROSU CALIFORNIA,_BANANE} => {_ROSII VRAC}",0.000101207550661608,0.101156069364162,0.00100050892939761,6.95609396138236,35
"{_ARDEI ROSU CALIFORNIA,_CEAPA GALBENA} => {_MORCOVI}",0.000138798926621634,0.230769230769231,0.000601462015360414,6.3829111782403,48
"{_ARDEI ROSU CALIFORNIA,_MORCOVI} => {_CEAPA GALBENA}",0.000138798926621634,0.16382252559727,0.000847251781252892,8.90222518732718,48
"{_ARDEI ROSU CALIFORNIA,_TELINA} => {_PATRUNJEL RADACINA KG}",0.000254464698806329,0.536585365853659,0.00047422966595725,27.0936045497117,88
"{_ARDEI ROSU CALIFORNIA,_PATRUNJEL RADACINA KG} => {_TELINA}",0.000254464698806329,0.590604026845638,0.000430855001387989,33.6427354603633,88
"{_ARDEI ROSU CALIFORNIA,_TELINA} => {_MORCOVI}",0.000326755806421764,0.689024390243902,0.00047422966595725,19.0579197577947,113
"{_ARDEI ROSU CALIFORNIA,_MORCOVI} => {_TELINA}",0.000326755806421764,0.385665529010239,0.000847251781252892,21.9687688855933,113
"{_ARDEI ROSU CALIFORNIA,_PATRUNJEL RADACINA KG} => {_MORCOVI}",0.000358563893772555,0.832214765100671,0.000430855001387989,23.01846268305,124
"{_ARDEI ROSU CALIFORNIA,_MORCOVI} => {_PATRUNJEL RADACINA KG}",0.000358563893772555,0.42320819112628,0.000847251781252892,21.3688931943429,124
"{_ARDEI ROSU CALIFORNIA,_MORCOVI} => {_BANANE}",0.00012144906079393,0.143344709897611,0.000847251781252892,2.64032175529328,42
"{_ARDEI ROSU CALIFORNIA,_BANANE} => {_MORCOVI}",0.00012144906079393,0.121387283236994,0.00100050892939761,3.35748507063507,42
"{_ARDEI ROSU CALIFORNIA,_BANANE} => {PAINE CU CARTOFI FELII BACHUS 1.2 KG}",0.000112774127880078,0.11271676300578,0.00100050892939761,1.36940670471495,39
"{_ARDEI ROSU CALIFORNIA,PAINE CU CARTOFI FELII BACHUS 1.2 KG} => {_BANANE}",0.000112774127880078,0.140287769784173,0.000803877116683631,2.58401479083045,39
"{PASTE ATA PAIANJENULUI CU 8 OUA GYERMELYI 250G,PULPE PUI CU SPATE REFR.VRAC SZEKELY CSURKE} => {_TELINA}",0.000112774127880078,0.293233082706767,0.000384588692514111,16.7035146753393,39
"{_TELINA,PULPE PUI CU SPATE REFR.VRAC SZEKELY CSURKE} => {PASTE ATA PAIANJENULUI CU 8 OUA GYERMELYI 250G}",0.000112774127880078,0.193069306930693,0.00058411214953271,17.2348993288591,39
"{PASTE ATA PAIANJENULUI CU 8 OUA GYERMELYI 250G,PULPE PUI CU SPATE REFR.VRAC SZEKELY CSURKE} => {_PATRUNJEL RADACINA KG}",0.000133015638012399,0.345864661654135,0.000384588692514111,17.4636152360753,46
"{_PATRUNJEL RADACINA KG,PULPE PUI CU SPATE REFR.VRAC SZEKELY CSURKE} => {PASTE ATA PAIANJENULUI CU 8 OUA GYERMELYI 250G}",0.000133015638012399,0.171641791044776,0.000774960673637457,15.3221091239723,46
"{PASTE ATA PAIANJENULUI CU 8 OUA GYERMELYI 250G,PULPE PUI CU SPATE REFR.VRAC SZEKELY CSURKE} => {_MORCOVI}",0.000147473859535486,0.383458646616541,0.000384588692514111,10.6061907548203,51
"{_MORCOVI,PULPE PUI CU SPATE REFR.VRAC SZEKELY CSURKE} => {PASTE ATA PAIANJENULUI CU 8 OUA GYERMELYI 250G}",0.000147473859535486,0.137837837837838,0.00106990839270843,12.3044998534931,51
"{_CEAPA GALBENA,PULPE PUI CU SPATE REFR.VRAC SZEKELY CSURKE} => {_MORCOVI}",0.000138798926621634,0.30379746835443,0.000456879800129546,8.40281977894925,48
"{_MORCOVI,PULPE PUI CU SPATE REFR.VRAC SZEKELY CSURKE} => {_CEAPA GALBENA}",0.000138798926621634,0.12972972972973,0.00106990839270843,7.04959994564017,48
"{_TELINA,PULPE PUI CU SPATE REFR.VRAC SZEKELY CSURKE} => {_PATRUNJEL RADACINA KG}",0.000390371981123346,0.668316831683168,0.00058411214953271,33.7450722733246,135
"{_PATRUNJEL RADACINA KG,PULPE PUI CU SPATE REFR.VRAC SZEKELY CSURKE} => {_TELINA}",0.000390371981123346,0.503731343283582,0.000774960673637457,28.6941835051394,135
"{_TELINA,PULPE PUI CU SPATE REFR.VRAC SZEKELY CSURKE} => {_MORCOVI}",0.000445313222911076,0.762376237623762,0.00058411214953271,21.0867791729985,154
"{_MORCOVI,PULPE PUI CU SPATE REFR.VRAC SZEKELY CSURKE} => {_TELINA}",0.000445313222911076,0.416216216216216,0.00106990839270843,23.7090358683506,154
"{_PATRUNJEL RADACINA KG,PULPE PUI CU SPATE REFR.VRAC SZEKELY CSURKE} => {_MORCOVI}",0.000647728324234293,0.835820895522388,0.000774960673637457,23.1182056604922,224
"{_MORCOVI,PULPE PUI CU SPATE REFR.VRAC SZEKELY CSURKE} => {_PATRUNJEL RADACINA KG}",0.000647728324234293,0.605405405405405,0.00106990839270843,30.5685091135814,224
"{_MERE GOLDEN,_TELINA} => {_PATRUNJEL RADACINA KG}",0.000156148792449338,0.486486486486487,0.000320972517812529,24.5639805376993,54
"{_MERE GOLDEN,_PATRUNJEL RADACINA KG} => {_TELINA}",0.000156148792449338,0.504672897196262,0.000309405940594059,28.7478174929995,54
"{_MERE GOLDEN,_TELINA} => {_MORCOVI}",0.000213981678541686,0.666666666666667,0.000320972517812529,18.4395211815831,74
"{_MERE GOLDEN,_MORCOVI} => {_TELINA}",0.000213981678541686,0.317596566523605,0.000673753122975849,18.0913383332992,74
"{_MERE GOLDEN,_PATRUNJEL RADACINA KG} => {_MORCOVI}",0.000245789765892477,0.794392523364486,0.000309405940594059,21.972326641606,85
"{_MERE GOLDEN,_MORCOVI} => {_PATRUNJEL RADACINA KG}",0.000245789765892477,0.36480686695279,0.000673753122975849,18.420056936353,85
"{_MERE GOLDEN,LAPTE DE CONSUM 1.5% GRASIME FRISS CUTIE 1L} => {_BANANE}",0.00010988248357546,0.25,0.000439529934301841,4.60484687083888,38
"{_MERE GOLDEN,_MORCOVI} => {_BANANE}",0.000156148792449338,0.231759656652361,0.000673753122975849,4.26887091888926,54
"{_MERE GOLDEN,APA MINERALA NATURALA CARBOGAZIFICATA CONTINUT REDUS CO2 TUSNAD 2L} => {_BANANE}",0.000118557416489312,0.193396226415094,0.000613028592578884,3.56224003215838,41
"{_MERE GOLDEN,PAINE CU CARTOFI FELII BACHUS 1.2 KG} => {_BANANE}",0.000144582215230869,0.181159420289855,0.000798093828074396,3.3368455585789,50
"{_TELINA,OTET BISTRITA 1L} => {_PATRUNJEL RADACINA KG}",0.000147473859535486,0.53125,0.000277597853243268,26.824207913564,51
"{_PATRUNJEL RADACINA KG,OTET BISTRITA 1L} => {_TELINA}",0.000147473859535486,0.490384615384615,0.000300731007680207,27.9339102669691,51
"{_TELINA,OTET BISTRITA 1L} => {_MORCOVI}",0.00017639030258166,0.635416666666667,0.000277597853243268,17.5751686261964,61
"{_MORCOVI,OTET BISTRITA 1L} => {_TELINA}",0.00017639030258166,0.322751322751323,0.000546520773572684,18.3849700937495,61
"{_PATRUNJEL RADACINA KG,OTET BISTRITA 1L} => {_MORCOVI}",0.000185065235495512,0.615384615384615,0.000300731007680207,17.0210964753075,64
"{_MORCOVI,OTET BISTRITA 1L} => {_PATRUNJEL RADACINA KG}",0.000185065235495512,0.338624338624339,0.000546520773572684,17.098032308428,64
"{_TELINA,APA MINERALA NATURALA PLATA PERLA HARGHITEI 2L ROZ} => {_PATRUNJEL RADACINA KG}",0.000112774127880078,0.414893617021277,0.000271814564634034,20.9490685082152,39
"{_PATRUNJEL RADACINA KG,APA MINERALA NATURALA PLATA PERLA HARGHITEI 2L ROZ} => {_TELINA}",0.000112774127880078,0.5,0.000225548255760155,28.481633997694,39
"{_TELINA,APA MINERALA NATURALA PLATA PERLA HARGHITEI 2L ROZ} => {_MORCOVI}",0.000170607013972425,0.627659574468085,0.000271814564634033,17.3606130273415,59
"{_MORCOVI,APA MINERALA NATURALA PLATA PERLA HARGHITEI 2L ROZ} => {_TELINA}",0.000170607013972425,0.343023255813953,0.000497362820394189,19.5397256495807,59
"{_PATRUNJEL RADACINA KG,APA MINERALA NATURALA PLATA PERLA HARGHITEI 2L ROZ} => {_MORCOVI}",0.00017639030258166,0.782051282051282,0.000225548255760155,21.6309767707032,61
"{_MORCOVI,APA MINERALA NATURALA PLATA PERLA HARGHITEI 2L ROZ} => {_PATRUNJEL RADACINA KG}",0.00017639030258166,0.354651162790698,0.000497362820394189,17.9072687576187,61
"{APA MINERALA NATURALA PLATA PERLA HARGHITEI 2L ROZ,PAINE CU CARTOFI FELII BACHUS 1.2 KG} => {APA MINERALA NATURALA CARBOGAZIFICATA CONTINUT REDUS CO2 TUSNAD 2L}",0.000118557416489312,0.129746835443038,0.000913759600259091,2.17845169783236,41
"{DROJDIE PROASPATA BUDAFOK 50G,FAINA BL-55 GYERMELYI 1KG} => {LAPTE DE CONSUM 1.5% GRASIME FRISS CUTIE 1L}",0.000104099194966226,0.140077821011673,0.000743152586286666,4.24857677368364,36
"{FAINA BL-55 GYERMELYI 1KG,LAPTE DE CONSUM 1.5% GRASIME FRISS CUTIE 1L} => {DROJDIE PROASPATA BUDAFOK 50G}",0.000104099194966226,0.124567474048443,0.000835685204034422,13.0818166247582,36
"{DROJDIE PROASPATA BUDAFOK 50G,LAPTE DE CONSUM 1.5% GRASIME FRISS CUTIE 1L} => {FAINA BL-55 GYERMELYI 1KG}",0.000104099194966226,0.128571428571429,0.000809660405292866,14.29681212678,36
"{_TELINA,FAINA BL-55 GYERMELYI 1KG} => {_PATRUNJEL RADACINA KG}",0.000156148792449338,0.5,0.000312297584898677,25.2463133304132,54
"{_PATRUNJEL RADACINA KG,FAINA BL-55 GYERMELYI 1KG} => {_TELINA}",0.000156148792449338,0.469565217391304,0.000332539095030998,26.7479693195735,54
"{_TELINA,FAINA BL-55 GYERMELYI 1KG} => {_MORCOVI}",0.000205306745627834,0.657407407407407,0.000312297584898677,18.1834167207278,71
"{_MORCOVI,FAINA BL-55 GYERMELYI 1KG} => {_TELINA}",0.000205306745627834,0.371727748691099,0.000552304062181919,21.1748273700133,71
"{_PATRUNJEL RADACINA KG,FAINA BL-55 GYERMELYI 1KG} => {_MORCOVI}",0.000234223188674008,0.704347826086957,0.000332539095030998,19.4817549874987,81
"{_MORCOVI,FAINA BL-55 GYERMELYI 1KG} => {_PATRUNJEL RADACINA KG}",0.000234223188674008,0.424083769633508,0.000552304062181919,21.4131034530206,81
"{_ARDEI GRAS ROMANIA,_CASTRAVETI CORNISON} => {_ROSII VRAC}",0.00024289812158786,0.366812227074236,0.000662186545757379,25.224193997956,84
"{_ARDEI GRAS ROMANIA,_ROSII VRAC} => {_CASTRAVETI CORNISON}",0.00024289812158786,0.184615384615385,0.00131569815860091,20.1465543607544,84
"{_CASTRAVETI CORNISON,_ROSII VRAC} => {_ARDEI GRAS ROMANIA}",0.00024289812158786,0.156133828996283,0.00155570463588415,17.2783440892193,84
"{_ARDEI GRAS ROMANIA,_CARTOFI ALBI} => {_MORCOVI}",0.000101207550661608,0.241379310344828,0.00041928842416952,6.67637835884905,35
"{_ARDEI GRAS ROMANIA,_ROSII VRAC} => {_ARDEI ROSU CAPIA}",0.000138798926621634,0.105494505494505,0.00131569815860091,6.92399542002882,48
"{_ARDEI GRAS ROMANIA,_ARDEI ROSU CAPIA} => {_ROSII VRAC}",0.000138798926621634,0.175824175824176,0.000789418895160544,12.0907177928455,48
"{_ARDEI GRAS ROMANIA,_ROSII VRAC} => {_CEAPA GALBENA}",0.000190848524104747,0.145054945054945,0.00131569815860091,7.88238235680096,66
"{_ARDEI GRAS ROMANIA,_CEAPA GALBENA} => {_ROSII VRAC}",0.000190848524104747,0.22680412371134,0.000841468492643657,15.5964027198947,66
"{_CEAPA GALBENA,_ROSII VRAC} => {_ARDEI GRAS ROMANIA}",0.000190848524104747,0.168797953964194,0.00113063292310539,18.6798027621483,66
"{_ARDEI GRAS ROMANIA,_ROSII VRAC} => {_MORCOVI}",0.000135907282317017,0.103296703296703,0.00131569815860091,2.8571126226409,47
"{_ARDEI GRAS ROMANIA,_MORCOVI} => {_ROSII VRAC}",0.000135907282317017,0.110328638497653,0.001231840473767,7.5868544600939,47
"{_MORCOVI,_ROSII VRAC} => {_ARDEI GRAS ROMANIA}",0.000135907282317017,0.110328638497653,0.001231840473767,12.2093731455399,47
"{_ARDEI GRAS ROMANIA,PAINE CU CARTOFI FELII BACHUS 1.2 KG} => {_ROSII VRAC}",0.000118557416489312,0.120234604105572,0.000986050707874526,8.26804766955762,41
"{_ARDEI GRAS ROMANIA,_CEAPA GALBENA} => {_MORCOVI}",0.000153257148144721,0.18213058419244,0.000841468492643657,5.03760114754589,53
"{_ARDEI GRAS ROMANIA,_MORCOVI} => {_CEAPA GALBENA}",0.000153257148144721,0.124413145539906,0.001231840473767,6.76069321860347,53
"{_ARDEI GRAS ROMANIA,_TELINA} => {_PATRUNJEL RADACINA KG}",0.000404830202646433,0.544747081712062,0.000743152586286666,27.5057110214618,140
"{_ARDEI GRAS ROMANIA,_PATRUNJEL RADACINA KG} => {_TELINA}",0.000404830202646433,0.580912863070539,0.000696886277412788,33.0906951010552,140
"{_ARDEI GRAS ROMANIA,_TELINA} => {_MORCOVI}",0.000508929397612658,0.684824902723735,0.000743152586286666,18.9417649491748,176
"{_ARDEI GRAS ROMANIA,_MORCOVI} => {_TELINA}",0.000508929397612658,0.413145539906103,0.001231840473767,23.5341201107706,176
"{_ARDEI GRAS ROMANIA,_PATRUNJEL RADACINA KG} => {_MORCOVI}",0.000581220505228093,0.83402489626556,0.000696886277412788,23.0685296109847,201
"{_ARDEI GRAS ROMANIA,_MORCOVI} => {_PATRUNJEL RADACINA KG}",0.000581220505228093,0.471830985915493,0.001231840473767,23.8239858188406,201
"{_ARDEI GRAS ROMANIA,_MORCOVI} => {PAINE CU CARTOFI FELII BACHUS 1.2 KG}",0.000130123993707782,0.105633802816901,0.001231840473767,1.28335514580545,45
"{_ARDEI GRAS ROMANIA,PAINE CU CARTOFI FELII BACHUS 1.2 KG} => {_MORCOVI}",0.000130123993707782,0.131964809384164,0.000986050707874526,3.65005184679431,45
"{_ARDEI GRAS ROMANIA,_BANANE} => {PAINE CU CARTOFI FELII BACHUS 1.2 KG}",0.00012144906079393,0.167330677290837,0.000725802720458962,2.03291635845517,42
"{_ARDEI GRAS ROMANIA,PAINE CU CARTOFI FELII BACHUS 1.2 KG} => {_BANANE}",0.00012144906079393,0.12316715542522,0.000986050707874526,2.2686635609998,42
"{_TELINA,PATE PORC BUCEGI 120G} => {_PATRUNJEL RADACINA KG}",0.000124340705098547,0.614285714285714,0.000202415101323216,31.0168992345076,43
"{_PATRUNJEL RADACINA KG,PATE PORC BUCEGI 120G} => {_TELINA}",0.000124340705098547,0.544303797468354,0.000228439900064773,31.0053230860972,43
"{_TELINA,PATE PORC BUCEGI 120G} => {_MORCOVI}",0.000141690570926252,0.7,0.000202415101323216,19.3614972406622,49
"{_MORCOVI,PATE PORC BUCEGI 120G} => {_TELINA}",0.000141690570926252,0.368421052631579,0.000384588692514111,20.9864671561955,49
"{_PATRUNJEL RADACINA KG,PATE PORC BUCEGI 120G} => {_MORCOVI}",0.00018795687980013,0.822784810126582,0.000228439900064773,22.7576369013209,65
"{_MORCOVI,PATE PORC BUCEGI 120G} => {_PATRUNJEL RADACINA KG}",0.00018795687980013,0.488721804511278,0.000384588692514111,24.6768476161934,65
"{APA MINERALA NATURALA CARBOGAZIFICATA CONTINUT REDUS CO2 TUSNAD 2L,PATE PORC BUCEGI 120G} => {PAINE CU CARTOFI FELII BACHUS 1.2 KG}",0.00010988248357546,0.217142857142857,0.000506037753308041,2.6380892825776,38
"{_BANANE,PATE PORC BUCEGI 120G} => {PAINE CU CARTOFI FELII BACHUS 1.2 KG}",0.000141690570926252,0.195219123505976,0.000725802720458962,2.37173575153103,49
"{PAINE CU CARTOFI FELII BACHUS 1.2 KG,PATE PORC BUCEGI 120G} => {_BANANE}",0.000141690570926252,0.117224880382775,0.00120870731933006,2.15921049446034,49
"{_TELINA,SANA 3.6% PET FRISS 330G} => {_MORCOVI}",0.000106990839270843,0.60655737704918,0.00017639030258166,16.7769414029158,37
"{_MORCOVI,SANA 3.6% PET FRISS 330G} => {_TELINA}",0.000106990839270843,0.255172413793103,0.00041928842416952,14.5354545919266,37
"{_PATRUNJEL RADACINA KG,SANA 3.6% PET FRISS 330G} => {_MORCOVI}",0.000141690570926252,0.777777777777778,0.000182173591190895,21.5127747118469,49
"{_MORCOVI,SANA 3.6% PET FRISS 330G} => {_PATRUNJEL RADACINA KG}",0.000141690570926252,0.337931034482759,0.00041928842416952,17.0630255612448,49
"{_BANANE,SANA 3.6% PET FRISS 330G} => {PAINE CU CARTOFI FELII BACHUS 1.2 KG}",0.000104099194966226,0.101983002832861,0.00102075043952993,1.23900122858498,36
"{PAINE CU CARTOFI FELII BACHUS 1.2 KG,SANA 3.6% PET FRISS 330G} => {_BANANE}",0.000104099194966226,0.115384615384615,0.000902193023040622,2.12531394038718,36
"{_TELINA,DROJDIE PROASPATA BUDAFOK 50G} => {_PATRUNJEL RADACINA KG}",0.00018795687980013,0.537190082644628,0.000349888960858703,27.1241382888737,65
"{_PATRUNJEL RADACINA KG,DROJDIE PROASPATA BUDAFOK 50G} => {_TELINA}",0.00018795687980013,0.471014492753623,0.000399046914037198,26.8305247804363,65
"{_TELINA,DROJDIE PROASPATA BUDAFOK 50G} => {_MORCOVI}",0.000208198389932451,0.59504132231405,0.000349888960858703,16.4584156000907,72
"{_MORCOVI,DROJDIE PROASPATA BUDAFOK 50G} => {_TELINA}",0.000208198389932451,0.283464566929134,0.000734477653372814,16.1470680931808,72
"{_PATRUNJEL RADACINA KG,DROJDIE PROASPATA BUDAFOK 50G} => {_MORCOVI}",0.000300731007680207,0.753623188405797,0.000399046914037198,20.8446761183113,104
"{_MORCOVI,DROJDIE PROASPATA BUDAFOK 50G} => {_PATRUNJEL RADACINA KG}",0.000300731007680207,0.409448818897638,0.000734477653372814,20.6741463493147,104
"{_ARDEI ALB BIANCA,PASTE ATA PAIANJENULUI CU 8 OUA GYERMELYI 250G} => {_TELINA}",0.000127232349403165,0.423076923076923,0.000300731007680207,24.0998441518949,44
"{_ARDEI ALB BIANCA,_TELINA} => {PASTE ATA PAIANJENULUI CU 8 OUA GYERMELYI 250G}",0.000127232349403165,0.100456621004566,0.00126654020542241,8.96755562784799,44
"{_TELINA,PASTE ATA PAIANJENULUI CU 8 OUA GYERMELYI 250G} => {_ARDEI ALB BIANCA}",0.000127232349403165,0.100917431192661,0.00126075691681318,11.4312707909501,44
"{_ARDEI ALB BIANCA,PASTE ATA PAIANJENULUI CU 8 OUA GYERMELYI 250G} => {_PATRUNJEL RADACINA KG}",0.000135907282317017,0.451923076923077,0.000300731007680207,22.8187832024889,47
"{_ARDEI ALB BIANCA,_PATRUNJEL RADACINA KG} => {PASTE ATA PAIANJENULUI CU 8 OUA GYERMELYI 250G}",0.000135907282317017,0.108294930875576,0.00125497362820394,9.66726540400496,47
"{_PATRUNJEL RADACINA KG,PASTE ATA PAIANJENULUI CU 8 OUA GYERMELYI 250G} => {_ARDEI ALB BIANCA}",0.000135907282317017,0.101952277657267,0.00133304802442861,11.548491473484,47
"{_ARDEI ALB BIANCA,PASTE ATA PAIANJENULUI CU 8 OUA GYERMELYI 250G} => {_MORCOVI}",0.000164823725363191,0.548076923076923,0.000300731007680207,15.1594140483207,57
"{_ARDEI ALB BIANCA,_USTUROI} => {_MORCOVI}",0.000124340705098547,0.288590604026846,0.000430855001387989,7.98220883363832,43
"{_ARDEI ALB BIANCA,_ROSII VRAC} => {_ARDEI ROSU CAPIA}",0.000150365503840104,0.14985590778098,0.00100340057370223,9.83559868142903,52
"{_ARDEI ALB BIANCA,_ARDEI ROSU CAPIA} => {_ROSII VRAC}",0.000150365503840104,0.173913043478261,0.000864601647080596,11.959296947271,52
"{_ARDEI ALB BIANCA,_ROSII VRAC} => {_CEAPA GALBENA}",0.000147473859535486,0.146974063400576,0.00100340057370223,7.98666852631064,51
"{_ARDEI ALB BIANCA,_CEAPA GALBENA} => {_ROSII VRAC}",0.000147473859535486,0.188191881918819,0.000783635606551309,12.9411949438643,51
"{_CEAPA GALBENA,_ROSII VRAC} => {_ARDEI ALB BIANCA}",0.000147473859535486,0.130434782608696,0.00113063292310539,14.7748045400817,51
"{_ARDEI ALB BIANCA,_ROSII VRAC} => {_MORCOVI}",0.000141690570926252,0.141210374639769,0.00100340057370223,3.90577754134397,49
"{_MORCOVI,_ROSII VRAC} => {_ARDEI ALB BIANCA}",0.000141690570926252,0.115023474178404,0.001231840473767,13.0291116718874,49
"{_ARDEI ALB BIANCA,_ROSII VRAC} => {_BANANE}",0.00010988248357546,0.109510086455331,0.00100340057370223,2.01710871575651,38
"{_ARDEI ALB BIANCA,_BANANE} => {_ROSII VRAC}",0.00010988248357546,0.110787172011662,0.00099183399648376,7.61838595620619,38
"{_ARDEI ALB BIANCA,_ROSII VRAC} => {PAINE CU CARTOFI FELII BACHUS 1.2 KG}",0.000124340705098547,0.123919308357349,0.00100340057370223,1.50550749669319,43
"{_ARDEI ALB BIANCA,PAINE CU CARTOFI FELII BACHUS 1.2 KG} => {_ROSII VRAC}",0.000124340705098547,0.132307692307692,0.000939784399000648,9.0982651391162,43
"{_ARDEI ALB BIANCA,_ARDEI ROSU CAPIA} => {_CEAPA GALBENA}",0.000106990839270843,0.123745819397993,0.000864601647080596,6.72443027144746,37
"{_ARDEI ALB BIANCA,_CEAPA GALBENA} => {_ARDEI ROSU CAPIA}",0.000106990839270843,0.136531365313653,0.000783635606551309,8.96105957073995,37
"{_ARDEI ALB BIANCA,_ARDEI ROSU CAPIA} => {_MORCOVI}",0.000159040436753956,0.183946488294314,0.000864601647080596,5.08782775077125,55
"{_ARDEI ALB BIANCA,_ARDEI ROSU CAPIA} => {_BANANE}",0.000118557416489312,0.137123745819398,0.000864601647080596,2.52573540741664,41
"{_ARDEI ALB BIANCA,_BANANE} => {_ARDEI ROSU CAPIA}",0.000118557416489312,0.119533527696793,0.00099183399648376,7.84542848400375,41
"{_ARDEI ALB BIANCA,_ARDEI ROSU CAPIA} => {PAINE CU CARTOFI FELII BACHUS 1.2 KG}",0.000115665772184695,0.133779264214047,0.000864601647080596,1.62529704084168,40
"{_ARDEI ALB BIANCA,PAINE CU CARTOFI FELII BACHUS 1.2 KG} => {_ARDEI ROSU CAPIA}",0.000115665772184695,0.123076923076923,0.000939784399000648,8.07799465670029,40
"{_ARDEI ALB BIANCA,_CEAPA GALBENA} => {_TELINA}",0.000130123993707782,0.166051660516605,0.000783635606551309,9.45884523908655,45
"{_ARDEI ALB BIANCA,_TELINA} => {_CEAPA GALBENA}",0.000130123993707782,0.102739726027397,0.00126654020542241,5.58294516242907,45
"{_ARDEI ALB BIANCA,_CEAPA GALBENA} => {_PATRUNJEL RADACINA KG}",0.000124340705098547,0.158671586715867,0.000783635606551309,8.01174518972522,43
"{_ARDEI ALB BIANCA,_CEAPA GALBENA} => {_MORCOVI}",0.000202415101323216,0.25830258302583,0.000783635606551309,7.14446392644363,70
"{_ARDEI ALB BIANCA,_MORCOVI} => {_CEAPA GALBENA}",0.000202415101323216,0.104166666666667,0.00194318497270288,5.66048606746281,70
"{_ARDEI ALB BIANCA,_CEAPA GALBENA} => {_BANANE}",0.000101207550661608,0.129151291512915,0.000783635606551309,2.37888768235219,35
"{_ARDEI ALB BIANCA,_BANANE} => {_CEAPA GALBENA}",0.000101207550661608,0.102040816326531,0.00099183399648376,5.54496594363704,35
"{_ARDEI ALB BIANCA,SMANTANA 20% GRASIME FRISS 300G} => {_TELINA}",0.000104099194966226,0.208092485549133,0.000500254464698806,11.8536280221616,36
"{_TELINA,SMANTANA 20% GRASIME FRISS 300G} => {_ARDEI ALB BIANCA}",0.000104099194966226,0.131868131868132,0.000789418895160544,14.9371650295332,36
"{_ARDEI ALB BIANCA,_TELINA} => {_PATRUNJEL RADACINA KG}",0.000777852317942075,0.614155251141553,0.00126654020542241,31.0103118076765,269
"{_ARDEI ALB BIANCA,_PATRUNJEL RADACINA KG} => {_TELINA}",0.000777852317942075,0.619815668202765,0.00125497362820394,35.3067260155745,269
"{_ARDEI ALB BIANCA,_TELINA} => {_MORCOVI}",0.000922434533172943,0.728310502283105,0.00126654020542241,20.1445454004281,319
"{_ARDEI ALB BIANCA,_MORCOVI} => {_TELINA}",0.000922434533172943,0.474702380952381,0.00194318497270288,27.0405989442392,319
"{_ARDEI ALB BIANCA,_TELINA} => {_BANANE}",0.000133015638012399,0.105022831050228,0.00126654020542241,1.93445621971314,46
"{_ARDEI ALB BIANCA,_BANANE} => {_TELINA}",0.000133015638012399,0.134110787172012,0.00099183399648376,7.63938871075173,46
"{_ARDEI ALB BIANCA,PAINE CU CARTOFI FELII BACHUS 1.2 KG} => {_TELINA}",0.000112774127880078,0.12,0.000939784399000648,6.83559215944655,39
"{_ARDEI ALB BIANCA,SMANTANA 20% GRASIME FRISS 300G} => {_MORCOVI}",0.000138798926621634,0.277456647398844,0.000500254464698806,7.67425159002302,48
"{_ARDEI ALB BIANCA,_LAMAIE^2 A nu se consuma coaja} => {_BANANE}",0.000106990839270843,0.22289156626506,0.000480012954566485,4.10552612580816,37
"{_ARDEI ALB BIANCA,_BANANE} => {_LAMAIE^2 A nu se consuma coaja}",0.000106990839270843,0.107871720116618,0.00099183399648376,5.36834504786434,37
"{_ARDEI ALB BIANCA,LAPTE DE CONSUM 3.5% GRASIME FRISS CUTIE 1L} => {_MORCOVI}",0.000101207550661608,0.238095238095238,0.000425071712778755,6.58554327913682,35
"{_ARDEI ALB BIANCA,_PATRUNJEL RADACINA KG} => {_MORCOVI}",0.00104677523827149,0.834101382488479,0.00125497362820394,23.0706451649761,362
"{_ARDEI ALB BIANCA,_MORCOVI} => {_PATRUNJEL RADACINA KG}",0.00104677523827149,0.538690476190476,0.00194318497270288,27.1998971000285,362
"{_ARDEI ALB BIANCA,_BANANE} => {_PATRUNJEL RADACINA KG}",0.000106990839270843,0.107871720116618,0.00099183399648376,5.44672649110955,37
"{_ARDEI ALB BIANCA,PAINE CU CARTOFI FELII BACHUS 1.2 KG} => {_PATRUNJEL RADACINA KG}",0.000118557416489312,0.126153846153846,0.000939784399000648,6.36983905567348,41
"{_ARDEI ALB BIANCA,LAPTE DE CONSUM 1.5% GRASIME FRISS CUTIE 1L} => {_MORCOVI}",0.000101207550661608,0.243055555555556,0.000416396779864902,6.72274209745217,35
"{_ARDEI ALB BIANCA,APA MINERALA NATURALA CARBOGAZIFICATA CONTINUT REDUS CO2 TUSNAD 2L} => {_MORCOVI}",0.000141690570926252,0.242574257425743,0.00058411214953271,6.70942973686315,49
"{_ARDEI ALB BIANCA,_BANANE} => {_MORCOVI}",0.000182173591190895,0.183673469387755,0.00099183399648376,5.08027624390554,63
"{_ARDEI ALB BIANCA,PAINE CU CARTOFI FELII BACHUS 1.2 KG} => {_MORCOVI}",0.000182173591190895,0.193846153846154,0.000939784399000648,5.36164538972185,63
"{_ARDEI ALB BIANCA,APA MINERALA NATURALA CARBOGAZIFICATA CONTINUT REDUS CO2 TUSNAD 2L} => {_BANANE}",0.00010988248357546,0.188118811881188,0.00058411214953271,3.46503328894807,38
"{_ARDEI ALB BIANCA,_BANANE} => {APA MINERALA NATURALA CARBOGAZIFICATA CONTINUT REDUS CO2 TUSNAD 2L}",0.00010988248357546,0.110787172011662,0.00099183399648376,1.86011860823231,38
"{_ARDEI ALB BIANCA,_BANANE} => {PAINE CU CARTOFI FELII BACHUS 1.2 KG}",0.000141690570926252,0.142857142857143,0.000991833996483761,1.73558505432737,49
"{_ARDEI ALB BIANCA,PAINE CU CARTOFI FELII BACHUS 1.2 KG} => {_BANANE}",0.000141690570926252,0.150769230769231,0.000939784399000648,2.77707688210591,49
"{_CASTRAVETI CORNISON,_MERE ROSII} => {_BANANE}",0.000104099194966226,0.253521126760563,0.000410613491255668,4.66970386901971,36
"{_CASTRAVETI CORNISON,FRANZELA RIP-ROP 1KG} => {_ROSII VRAC}",0.00010988248357546,0.304,0.000361455538077172,20.9048510638298,38
"{_ROSII VRAC,FRANZELA RIP-ROP 1KG} => {_CASTRAVETI CORNISON}",0.00010988248357546,0.17351598173516,0.000633270102711206,18.935307941805,38
"{_CASTRAVETI CORNISON,_ROSII VRAC} => {_ARDEI ROSU CAPIA}",0.00023133154436939,0.148698884758364,0.00155570463588415,9.7596589718498,80
"{_ARDEI ROSU CAPIA,_CASTRAVETI CORNISON} => {_ROSII VRAC}",0.00023133154436939,0.275862068965517,0.000838576848339039,18.9699192956713,80
"{_ARDEI ROSU CAPIA,_ROSII VRAC} => {_CASTRAVETI CORNISON}",0.00023133154436939,0.13986013986014,0.00165402054224114,15.2625411823897,80
"{_CASTRAVETI CORNISON,_CEAPA GALBENA} => {_ROSII VRAC}",0.000118557416489312,0.196172248803828,0.000604353659665032,13.4899725134888,41
"{_CEAPA GALBENA,_ROSII VRAC} => {_CASTRAVETI CORNISON}",0.000118557416489312,0.104859335038363,0.00113063292310539,11.4430024235743,41
"{_CASTRAVETI CORNISON,_ROSII VRAC} => {_BANANE}",0.000190848524104747,0.122676579925651,0.00155570463588415,2.25962746078339,66
"{_BANANE,_CASTRAVETI CORNISON} => {_ROSII VRAC}",0.000190848524104747,0.174603174603175,0.00109304154714537,12.0067544748396,66
"{_BANANE,_ROSII VRAC} => {_CASTRAVETI CORNISON}",0.000190848524104747,0.108552631578947,0.00175811973720737,11.8460414210028,66
"{_CASTRAVETI CORNISON,_ROSII VRAC} => {PAINE CU CARTOFI FELII BACHUS 1.2 KG}",0.00017639030258166,0.113382899628253,0.00155570463588415,1.37749966207767,61
"{_CASTRAVETI CORNISON,PAINE CU CARTOFI FELII BACHUS 1.2 KG} => {_ROSII VRAC}",0.00017639030258166,0.166212534059946,0.00106123345979458,11.4297640442924,61
"{_ROSII VRAC,PAINE CU CARTOFI FELII BACHUS 1.2 KG} => {_CASTRAVETI CORNISON}",0.00017639030258166,0.108540925266904,0.00162510409919497,11.8447639443048,61
"{_ARDEI ROSU CAPIA,_CASTRAVETI CORNISON} => {_BANANE}",0.000161932081058573,0.193103448275862,0.00083857684833904,3.55684723816521,56
"{_BANANE,_CASTRAVETI CORNISON} => {_ARDEI ROSU CAPIA}",0.000161932081058573,0.148148148148148,0.00109304154714537,9.72351208676887,56
"{_ARDEI ROSU CAPIA,_CASTRAVETI CORNISON} => {PAINE CU CARTOFI FELII BACHUS 1.2 KG}",0.000101207550661608,0.120689655172414,0.000838576848339039,1.46627013210416,35
"{_CASTRAVETI CORNISON,_CEAPA GALBENA} => {_BANANE}",0.000104099194966226,0.172248803827751,0.000604353659665032,3.17271746124784,36
"{_CASTRAVETI CORNISON,_TELINA} => {_PATRUNJEL RADACINA KG}",0.000147473859535486,0.515151515151515,0.00028627278615712,26.0113531283045,51
"{_CASTRAVETI CORNISON,_PATRUNJEL RADACINA KG} => {_TELINA}",0.000147473859535486,0.476635514018692,0.000309405940594059,27.1507165211662,51
"{_CASTRAVETI CORNISON,_TELINA} => {_MORCOVI}",0.000179281946886277,0.626262626262626,0.00028627278615712,17.3219744433053,62
"{_CASTRAVETI CORNISON,_MORCOVI} => {_TELINA}",0.000179281946886277,0.28310502283105,0.000633270102711206,16.1265872863655,62
"{_CASTRAVETI CORNISON,_LAMAIE^2 A nu se consuma coaja} => {_BANANE}",0.000112774127880078,0.297709923664122,0.000378805403904876,5.48363444160966,39
"{_BANANE,_CASTRAVETI CORNISON} => {_LAMAIE^2 A nu se consuma coaja}",0.000112774127880078,0.103174603174603,0.00109304154714537,5.1345882815159,39
"{_CASTRAVETI CORNISON,_PATRUNJEL RADACINA KG} => {_MORCOVI}",0.000225548255760155,0.728971962616822,0.000309405940594059,20.1628409181796,78
"{_CASTRAVETI CORNISON,_MORCOVI} => {_PATRUNJEL RADACINA KG}",0.000225548255760155,0.356164383561644,0.000633270102711206,17.9836752490615,78
"{_CASTRAVETI CORNISON,OUA PROASPETE} => {_BANANE}",0.000115665772184695,0.275862068965517,0.00041928842416952,5.08121034023601,40
"{_BANANE,_CASTRAVETI CORNISON} => {OUA PROASPETE}",0.000115665772184695,0.105820105820106,0.00109304154714537,3.70058977400468,40
"{_CASTRAVETI CORNISON,PAINE CU CARTOFI FELII BACHUS 1.2 KG} => {_BANANE}",0.000106990839270843,0.100817438692098,0.00106123345979458,1.85699546834919,37
"{DANONE ACTIVIA NATUR 125G,UNT 65% GRASIME FRISS 180G} => {_BANANE}",0.000153257148144721,0.404580152671756,0.000378805403904876,7.45211860013621,53
"{_BANANE,UNT 65% GRASIME FRISS 180G} => {DANONE ACTIVIA NATUR 125G}",0.000153257148144721,0.147632311977716,0.00103810030535764,14.932669393794,53
"{_BANANE,DANONE ACTIVIA NATUR 125G} => {UNT 65% GRASIME FRISS 180G}",0.000153257148144721,0.101532567049808,0.00150943832701027,10.6368974454508,53
"{PUFULETI GUSTO 45G,UNT 65% GRASIME FRISS 180G} => {_BANANE}",0.000135907282317017,0.5,0.000271814564634033,9.20969374167776,47
"{_BANANE,UNT 65% GRASIME FRISS 180G} => {PUFULETI GUSTO 45G}",0.000135907282317017,0.13091922005571,0.00103810030535764,10.7900401231044,47
"{_TELINA,UNT 65% GRASIME FRISS 180G} => {_PATRUNJEL RADACINA KG}",0.000141690570926252,0.515789473684211,0.000274706208938651,26.043565330321,49
"{_PATRUNJEL RADACINA KG,UNT 65% GRASIME FRISS 180G} => {_TELINA}",0.000141690570926252,0.429824561403509,0.000329647450726381,24.4842116822281,49
"{_TELINA,UNT 65% GRASIME FRISS 180G} => {_MORCOVI}",0.000153257148144721,0.557894736842105,0.000274706208938651,15.4309677256406,53
"{_MORCOVI,UNT 65% GRASIME FRISS 180G} => {_TELINA}",0.000153257148144721,0.271794871794872,0.000563870639400389,15.4823241218234,53
"{SMANTANA 20% GRASIME FRISS 300G,UNT 65% GRASIME FRISS 180G} => {LAPTE DE CONSUM 3.5% GRASIME FRISS CUTIE 1L}",0.00010988248357546,0.145593869731801,0.000754719163505135,5.97199079659949,38
"{LAPTE DE CONSUM 3.5% GRASIME FRISS CUTIE 1L,UNT 65% GRASIME FRISS 180G} => {SMANTANA 20% GRASIME FRISS 300G}",0.00010988248357546,0.146718146718147,0.000748935874895901,6.61176132012723,38
"{_LAMAIE^2 A nu se consuma coaja,UNT 65% GRASIME FRISS 180G} => {_BANANE}",0.000138798926621634,0.269662921348315,0.000514712686221893,4.96702583820823,48
"{_BANANE,UNT 65% GRASIME FRISS 180G} => {_LAMAIE^2 A nu se consuma coaja}",0.000138798926621634,0.133704735376045,0.00103810030535764,6.65395113062099,48
"{LAPTE DE CONSUM 3.5% GRASIME FRISS CUTIE 1L,UNT 65% GRASIME FRISS 180G} => {_BANANE}",0.000115665772184695,0.154440154440154,0.000748935874895901,2.84469304762247,40
"{_BANANE,UNT 65% GRASIME FRISS 180G} => {LAPTE DE CONSUM 3.5% GRASIME FRISS CUTIE 1L}",0.000115665772184695,0.11142061281337,0.00103810030535764,4.57026711013771,40
"{_PATRUNJEL RADACINA KG,UNT 65% GRASIME FRISS 180G} => {_MORCOVI}",0.00023133154436939,0.701754385964912,0.000329647450726381,19.4100222964032,80
"{_MORCOVI,UNT 65% GRASIME FRISS 180G} => {_PATRUNJEL RADACINA KG}",0.00023133154436939,0.41025641025641,0.000563870639400389,20.7149237582878,80
"{_MORCOVI,UNT 65% GRASIME FRISS 180G} => {_BANANE}",0.00012144906079393,0.215384615384615,0.000563870639400389,3.96725268872273,42
"{_BANANE,UNT 65% GRASIME FRISS 180G} => {_MORCOVI}",0.00012144906079393,0.116991643454039,0.00103810030535764,3.23590483130845,42
"{DANONE ACTIVIA NATUR 125G,PUFULETI GUSTO 45G} => {_BANANE}",0.000234223188674008,0.653225806451613,0.000358563893772555,12.0320192431597,81
"{_BANANE,DANONE ACTIVIA NATUR 125G} => {PUFULETI GUSTO 45G}",0.000234223188674008,0.155172413793103,0.00150943832701027,12.7889287005687,81
"{_BANANE,PUFULETI GUSTO 45G} => {DANONE ACTIVIA NATUR 125G}",0.000234223188674008,0.156370656370656,0.0014978717497918,15.8165328659625,81
"{DANONE ACTIVIA NATUR 125G,OUA PROASPETE M DIN GHEORGHENI 1*10} => {_BANANE}",0.000167715369667808,0.442748091603053,0.000378805403904876,8.15514865675283,58
"{_BANANE,DANONE ACTIVIA NATUR 125G} => {OUA PROASPETE M DIN GHEORGHENI 1*10}",0.000167715369667808,0.111111111111111,0.00150943832701027,7.13554111214278,58
"{_BANANE,OUA PROASPETE M DIN GHEORGHENI 1*10} => {DANONE ACTIVIA NATUR 125G}",0.000167715369667808,0.127753303964758,0.00131280651429629,12.9219533753461,58
"{_TELINA,DANONE ACTIVIA NATUR 125G} => {_PATRUNJEL RADACINA KG}",0.000144582215230869,0.568181818181818,0.000254464698806329,28.6889924209241,50
"{_PATRUNJEL RADACINA KG,DANONE ACTIVIA NATUR 125G} => {_TELINA}",0.000144582215230869,0.526315789473684,0.000274706208938651,29.9806673659936,50
"{_TELINA,DANONE ACTIVIA NATUR 125G} => {_MORCOVI}",0.000159040436753956,0.625,0.000254464698806329,17.2870511077341,55
"{_MORCOVI,DANONE ACTIVIA NATUR 125G} => {_TELINA}",0.000159040436753956,0.310734463276836,0.000511821041917276,17.7004505070414,55
"{_LAMAIE^2 A nu se consuma coaja,DANONE ACTIVIA NATUR 125G} => {_BANANE}",0.000179281946886277,0.342541436464088,0.000523387619135745,6.30940344733725,62
"{_BANANE,DANONE ACTIVIA NATUR 125G} => {_LAMAIE^2 A nu se consuma coaja}",0.000179281946886277,0.118773946360153,0.00150943832701027,5.91090534264695,62
"{_PATRUNJEL RADACINA KG,DANONE ACTIVIA NATUR 125G} => {_MORCOVI}",0.000205306745627834,0.747368421052632,0.000274706208938651,20.6716737456695,71
"{_MORCOVI,DANONE ACTIVIA NATUR 125G} => {_PATRUNJEL RADACINA KG}",0.000205306745627834,0.401129943502825,0.000511821041917276,20.2541044797665,71
"{_MORCOVI,DANONE ACTIVIA NATUR 125G} => {_BANANE}",0.000118557416489312,0.231638418079096,0.000511821041917276,4.26663777863038,41
"{APA MINERALA NATURALA CARBOGAZIFICATA CONTINUT REDUS CO2 TUSNAD 2L,DANONE ACTIVIA NATUR 125G} => {_BANANE}",0.000124340705098547,0.172690763052209,0.000720019431849727,3.18085807945497,43
"{DANONE ACTIVIA NATUR 125G,PAINE CU CARTOFI FELII BACHUS 1.2 KG} => {_BANANE}",0.00012144906079393,0.154981549815498,0.000783635606551309,2.85466521882263,42
"{_MERE ROSII,PUFULETI GUSTO 45G} => {_BANANE}",0.000112774127880078,0.302325581395349,0.000373022115295642,5.56865202985167,39
"{OUA PROASPETE M DIN GHEORGHENI 1*10,PUFULETI GUSTO 45G} => {_BANANE}",0.000164823725363191,0.456,0.000361455538077172,8.39924069241012,57
"{_BANANE,PUFULETI GUSTO 45G} => {OUA PROASPETE M DIN GHEORGHENI 1*10}",0.000164823725363191,0.11003861003861,0.0014978717497918,7.06666523268195,57
"{_BANANE,OUA PROASPETE M DIN GHEORGHENI 1*10} => {PUFULETI GUSTO 45G}",0.000164823725363191,0.125550660792952,0.00131280651429629,10.34757667256,57
"{_TELINA,PUFULETI GUSTO 45G} => {_PATRUNJEL RADACINA KG}",0.000144582215230869,0.595238095238095,0.00024289812158786,30.0551349171586,50
"{_PATRUNJEL RADACINA KG,PUFULETI GUSTO 45G} => {_TELINA}",0.000144582215230869,0.490196078431373,0.000294947719070973,27.9231705859745,50
"{_TELINA,PUFULETI GUSTO 45G} => {_MORCOVI}",0.000159040436753956,0.654761904761905,0.00024289812158786,18.1102440176262,55
"{_MORCOVI,PUFULETI GUSTO 45G} => {_TELINA}",0.000159040436753956,0.261904761904762,0.000607245303969649,14.9189511416492,55
"{_PATRUNJEL RADACINA KG,PUFULETI GUSTO 45G} => {_MORCOVI}",0.000222656611455538,0.754901960784314,0.000294947719070973,20.8800460438514,77
"{_MORCOVI,PUFULETI GUSTO 45G} => {_PATRUNJEL RADACINA KG}",0.000222656611455538,0.366666666666667,0.000607245303969649,18.5139631089697,77
"{_MORCOVI,PUFULETI GUSTO 45G} => {_BANANE}",0.000133015638012399,0.219047619047619,0.000607245303969649,4.03472297254454,46
"{PAINE CU CARTOFI FELII BACHUS 1.2 KG,PUFULETI GUSTO 45G} => {_BANANE}",0.000104099194966226,0.103746397694524,0.00100340057370223,1.91094509913775,36
"{_CLEMENTINA^2 A nu se consuma coaja,_MERE ROSII} => {_BANANE}",0.000193740168409364,0.29004329004329,0.000667969834366614,5.34241974625463,67
"{_ARDEI ROSU CAPIA,_CLEMENTINA^2 A nu se consuma coaja} => {_BANANE}",0.00010988248357546,0.2375,0.00046266308873878,4.37460452729694,38
"{_CLEMENTINA^2 A nu se consuma coaja,_TELINA} => {_PATRUNJEL RADACINA KG}",0.000196631812713982,0.612612612612613,0.000320972517812529,30.9324199363621,68
"{_CLEMENTINA^2 A nu se consuma coaja,_PATRUNJEL RADACINA KG} => {_TELINA}",0.000196631812713982,0.56198347107438,0.000349888960858703,32.0124150717882,68
"{_CLEMENTINA^2 A nu se consuma coaja,_TELINA} => {_MORCOVI}",0.000216873322846303,0.675675675675676,0.000320972517812529,18.6887039002531,75
"{_CLEMENTINA^2 A nu se consuma coaja,_MORCOVI} => {_TELINA}",0.000216873322846303,0.334821428571429,0.000647728324234293,19.0725227663129,75
"{_CLEMENTINA^2 A nu se consuma coaja,_LAMAIE^2 A nu se consuma coaja} => {_BANANE}",0.000156148792449338,0.252336448598131,0.000618811881188119,4.6478828229028,54
"{_CLEMENTINA^2 A nu se consuma coaja,_PATRUNJEL RADACINA KG} => {_MORCOVI}",0.000254464698806329,0.727272727272727,0.000349888960858703,20.1158412889997,88
"{_CLEMENTINA^2 A nu se consuma coaja,_MORCOVI} => {_PATRUNJEL RADACINA KG}",0.000254464698806329,0.392857142857143,0.000647728324234293,19.8363890453247,88
"{_CLEMENTINA^2 A nu se consuma coaja,OUA PROASPETE} => {_BANANE}",0.000127232349403165,0.278481012658228,0.000456879800129546,5.12944967890913,44
"{_CLEMENTINA^2 A nu se consuma coaja,LAPTE DE CONSUM 1.5% GRASIME FRISS CUTIE 1L} => {_BANANE}",0.000118557416489312,0.235632183908046,0.000503146109003424,4.34020049895159,41
"{_CLEMENTINA^2 A nu se consuma coaja,_MORCOVI} => {_BANANE}",0.000141690570926252,0.21875,0.000647728324234293,4.02924101198402,49
"{_CLEMENTINA^2 A nu se consuma coaja,APA MINERALA NATURALA CARBOGAZIFICATA CONTINUT REDUS CO2 TUSNAD 2L} => {_BANANE}",0.000190848524104747,0.250950570342205,0.00076050245211437,4.62235579430215,66
"{_CLEMENTINA^2 A nu se consuma coaja,APA MINERALA NATURALA CARBOGAZIFICATA CONTINUT REDUS CO2 TUSNAD 2L} => {PAINE CU CARTOFI FELII BACHUS 1.2 KG}",0.000118557416489312,0.155893536121673,0.00076050245211437,1.89396543951314,41
"{_CLEMENTINA^2 A nu se consuma coaja,PAINE CU CARTOFI FELII BACHUS 1.2 KG} => {APA MINERALA NATURALA CARBOGAZIFICATA CONTINUT REDUS CO2 TUSNAD 2L}",0.000118557416489312,0.111716621253406,0.00106123345979458,1.87572407769762,41
"{_CLEMENTINA^2 A nu se consuma coaja,PAINE CU CARTOFI FELII BACHUS 1.2 KG} => {_BANANE}",0.000133015638012399,0.125340599455041,0.00106123345979458,2.30869706875846,46
"{_TELINA,PIEPT DE PUI FARA OS REFR.VRAC SZEKELY CSURKE} => {_PATRUNJEL RADACINA KG}",0.000237114832978625,0.56551724137931,0.00041928842416952,28.554450939226,82
"{_PATRUNJEL RADACINA KG,PIEPT DE PUI FARA OS REFR.VRAC SZEKELY CSURKE} => {_TELINA}",0.000237114832978625,0.416243654822335,0.000569653928009623,23.7105988610244,82
"{_TELINA,PIEPT DE PUI FARA OS REFR.VRAC SZEKELY CSURKE} => {_MORCOVI}",0.00028627278615712,0.682758620689655,0.00041928842416952,18.884613072173,99
"{_MORCOVI,PIEPT DE PUI FARA OS REFR.VRAC SZEKELY CSURKE} => {_TELINA}",0.00028627278615712,0.299093655589124,0.000957134264828352,17.0373520590435,99
"{_PATRUNJEL RADACINA KG,PIEPT DE PUI FARA OS REFR.VRAC SZEKELY CSURKE} => {_MORCOVI}",0.000459771444434163,0.807106598984772,0.000569653928009623,22.3239888416628,159
"{_MORCOVI,PIEPT DE PUI FARA OS REFR.VRAC SZEKELY CSURKE} => {_PATRUNJEL RADACINA KG}",0.000459771444434163,0.48036253776435,0.000957134264828352,24.2547662811825,159
"{_MORCOVI,PIEPT DE PUI FARA OS REFR.VRAC SZEKELY CSURKE} => {_BANANE}",0.000130123993707782,0.13595166163142,0.000957134264828352,2.50414633459516,45
"{_BANANE,PIEPT DE PUI FARA OS REFR.VRAC SZEKELY CSURKE} => {_MORCOVI}",0.000130123993707782,0.140625,0.000925326177477561,3.88958649924018,45
"{_MORCOVI,PIEPT DE PUI FARA OS REFR.VRAC SZEKELY CSURKE} => {PAINE CU CARTOFI FELII BACHUS 1.2 KG}",0.000133015638012399,0.138972809667674,0.000957134264828352,1.68839391991968,46
"{PAINE CU CARTOFI FELII BACHUS 1.2 KG,PIEPT DE PUI FARA OS REFR.VRAC SZEKELY CSURKE} => {_MORCOVI}",0.000133015638012399,0.120104438642298,0.00110749976866846,3.32200251052019,46
"{_BANANE,PIEPT DE PUI FARA OS REFR.VRAC SZEKELY CSURKE} => {PAINE CU CARTOFI FELII BACHUS 1.2 KG}",0.000130123993707782,0.140625,0.000925326177477561,1.7084665378535,45
"{PAINE CU CARTOFI FELII BACHUS 1.2 KG,PIEPT DE PUI FARA OS REFR.VRAC SZEKELY CSURKE} => {_BANANE}",0.000130123993707782,0.117493472584856,0.00110749976866846,2.16415779830548,45
"{_USTUROI,PASTE ATA PAIANJENULUI CU 8 OUA GYERMELYI 250G} => {_PATRUNJEL RADACINA KG}",0.000112774127880078,0.319672131147541,0.00035278060516332,16.1410855719035,39
"{_PATRUNJEL RADACINA KG,_USTUROI} => {PASTE ATA PAIANJENULUI CU 8 OUA GYERMELYI 250G}",0.000112774127880078,0.103723404255319,0.00108725825853613,9.25917463944024,39
"{_USTUROI,PASTE ATA PAIANJENULUI CU 8 OUA GYERMELYI 250G} => {_MORCOVI}",0.000133015638012399,0.377049180327869,0.00035278060516332,10.4289095207314,46
"{_CEAPA GALBENA,PASTE ATA PAIANJENULUI CU 8 OUA GYERMELYI 250G} => {_TELINA}",0.000124340705098547,0.302816901408451,0.000410613491255668,17.2494403084625,43
"{_CEAPA GALBENA,PASTE ATA PAIANJENULUI CU 8 OUA GYERMELYI 250G} => {_PATRUNJEL RADACINA KG}",0.000144582215230869,0.352112676056338,0.000410613491255668,17.7790938946572,50
"{_PATRUNJEL RADACINA KG,PASTE ATA PAIANJENULUI CU 8 OUA GYERMELYI 250G} => {_CEAPA GALBENA}",0.000144582215230869,0.108459869848156,0.00133304802442861,5.89378158868145,50
"{_CEAPA GALBENA,PASTE ATA PAIANJENULUI CU 8 OUA GYERMELYI 250G} => {_MORCOVI}",0.00017639030258166,0.429577464788732,0.000410613491255668,11.8818041416539,61
"{_MORCOVI,PASTE ATA PAIANJENULUI CU 8 OUA GYERMELYI 250G} => {_CEAPA GALBENA}",0.00017639030258166,0.100826446280992,0.00174944480429351,5.47897626629128,61
"{_TELINA,PASTE ATA PAIANJENULUI CU 8 OUA GYERMELYI 250G} => {_PATRUNJEL RADACINA KG}",0.000818335338206718,0.649082568807339,0.00126075691681318,32.7738838188392,283
"{_PATRUNJEL RADACINA KG,PASTE ATA PAIANJENULUI CU 8 OUA GYERMELYI 250G} => {_TELINA}",0.000818335338206718,0.613882863340564,0.00133304802442861,34.9687740622446,283
"{_TELINA,PASTE ATA PAIANJENULUI CU 8 OUA GYERMELYI 250G} => {_MORCOVI}",0.000925326177477561,0.73394495412844,0.00126075691681318,20.3003902916511,320
"{_MORCOVI,PASTE ATA PAIANJENULUI CU 8 OUA GYERMELYI 250G} => {_TELINA}",0.000925326177477561,0.528925619834711,0.00174944480429351,30.1293318322713,320
"{PAINE CU CARTOFI FELII BACHUS 1.2 KG,PASTE ATA PAIANJENULUI CU 8 OUA GYERMELYI 250G} => {_TELINA}",0.000112774127880078,0.122641509433962,0.000919542888868326,6.98606116924569,39
"{_PATRUNJEL RADACINA KG,PASTE ATA PAIANJENULUI CU 8 OUA GYERMELYI 250G} => {_MORCOVI}",0.00105255852688073,0.789587852494577,0.00133304802442861,21.8394328961917,364
"{_MORCOVI,PASTE ATA PAIANJENULUI CU 8 OUA GYERMELYI 250G} => {_PATRUNJEL RADACINA KG}",0.00105255852688073,0.601652892561984,0.00174944480429351,30.3790348835385,364
"{_BANANE,PASTE ATA PAIANJENULUI CU 8 OUA GYERMELYI 250G} => {_PATRUNJEL RADACINA KG}",0.000130123993707782,0.197368421052632,0.000659294901452762,9.96564999884732,45
"{LAPTE DE CONSUM 1.5% GRASIME FRISS CUTIE 1L,PASTE ATA PAIANJENULUI CU 8 OUA GYERMELYI 250G} => {_MORCOVI}",0.000127232349403165,0.211538461538462,0.000601462015360415,5.85100191338694,44
"{_BANANE,PASTE ATA PAIANJENULUI CU 8 OUA GYERMELYI 250G} => {_MORCOVI}",0.000133015638012399,0.201754385964912,0.000659294901452762,5.58038141021593,46
"{PAINE CU CARTOFI FELII BACHUS 1.2 KG,PASTE ATA PAIANJENULUI CU 8 OUA GYERMELYI 250G} => {_MORCOVI}",0.000147473859535486,0.160377358490566,0.000919542888868326,4.4359225483997,51
"{_CARTOFI ALBI,SZEKELYHON} => {_BANANE}",0.000104099194966226,0.346153846153846,0.000300731007680207,6.37594182116153,36
"{_MERE ROSII,SZEKELYHON} => {_BANANE}",0.000118557416489312,0.35042735042735,0.000338322383640233,6.45465715228698,41
"{_ROSII VRAC,SZEKELYHON} => {_BANANE}",0.00017639030258166,0.396103896103896,0.000445313222911076,7.29599114600446,61
"{_BANANE,SZEKELYHON} => {_ROSII VRAC}",0.00017639030258166,0.111313868613139,0.00158462107893032,7.65460475229073,61
"{_BANANE,_ROSII VRAC} => {SZEKELYHON}",0.00017639030258166,0.100328947368421,0.00175811973720737,5.88170162650226,61
"{_ARDEI ROSU CAPIA,SZEKELYHON} => {_BANANE}",0.000101207550661608,0.299145299145299,0.000338322383640233,5.51007317878157,35
"{_CEAPA GALBENA,SZEKELYHON} => {_BANANE}",0.000112774127880078,0.242236024844721,0.000465554733043398,4.46183920404264,39
"{_TELINA,SZEKELYHON} => {_PATRUNJEL RADACINA KG}",0.00023133154436939,0.645161290322581,0.000358563893772555,32.5758881682751,80
"{_PATRUNJEL RADACINA KG,SZEKELYHON} => {_TELINA}",0.00023133154436939,0.454545454545455,0.000508929397612658,25.8923945433581,80
"{_TELINA,SZEKELYHON} => {_MORCOVI}",0.000266031276024799,0.741935483870968,0.000358563893772555,20.5214026053102,92
"{_MORCOVI,SZEKELYHON} => {_TELINA}",0.000266031276024799,0.32280701754386,0.000824118626815953,18.3881426511428,92
"{_LAMAIE^2 A nu se consuma coaja,SZEKELYHON} => {_BANANE}",0.000245789765892477,0.480225988700565,0.000511821041917276,8.84546856545322,85
"{_BANANE,SZEKELYHON} => {_LAMAIE^2 A nu se consuma coaja}",0.000245789765892477,0.155109489051095,0.00158462107893032,7.71918030531096,85
"{_PATRUNJEL RADACINA KG,SZEKELYHON} => {_MORCOVI}",0.000384588692514111,0.755681818181818,0.000508929397612658,20.9016163393513,133
"{_MORCOVI,SZEKELYHON} => {_PATRUNJEL RADACINA KG}",0.000384588692514111,0.466666666666667,0.000824118626815953,23.5632257750523,133
"{_PATRUNJEL RADACINA KG,SZEKELYHON} => {_BANANE}",0.000156148792449338,0.306818181818182,0.000508929397612658,5.65140297784772,54
"{OUA PROASPETE,SZEKELYHON} => {_MORCOVI}",0.000106990839270843,0.149193548387097,0.00071712778754511,4.12658639345912,37
"{_MORCOVI,SZEKELYHON} => {OUA PROASPETE}",0.000106990839270843,0.129824561403509,0.000824118626815953,4.54003934905521,37
"{OUA PROASPETE,SZEKELYHON} => {_BANANE}",0.00024289812158786,0.338709677419355,0.00071712778754511,6.23882479274945,84
"{_BANANE,SZEKELYHON} => {OUA PROASPETE}",0.00024289812158786,0.153284671532847,0.00158462107893032,5.36045285146882,84
"{_BANANE,OUA PROASPETE} => {SZEKELYHON}",0.00024289812158786,0.113207547169811,0.00214560007402609,6.63669889683893,84
"{FRANZELA ALBA BACHUS 1KG,SZEKELYHON} => {_BANANE}",0.000153257148144721,0.161585365853659,0.0009484593319145,2.9763034652983,53
"{_MORCOVI,SZEKELYHON} => {_BANANE}",0.000199523457018599,0.242105263157895,0.000824118626815953,4.45943065386502,69
"{_BANANE,SZEKELYHON} => {_MORCOVI}",0.000199523457018599,0.125912408759124,0.00158462107893032,3.48264679250702,69
"{ELAN ULEI RAFINAT DE FLOAREA SOARELUI 1L,OUA PROASPETE M DIN GHEORGHENI 1*10} => {PAINE CU CARTOFI FELII BACHUS 1.2 KG}",0.000106990839270843,0.157446808510638,0.000679536411585084,1.91283629391825,37
"{_CEAPA GALBENA,ELAN ULEI RAFINAT DE FLOAREA SOARELUI 1L} => {_MORCOVI}",0.000135907282317017,0.205240174672489,0.000662186545757379,5.67679582227776,47
"{_MORCOVI,ELAN ULEI RAFINAT DE FLOAREA SOARELUI 1L} => {_CEAPA GALBENA}",0.000135907282317017,0.173431734317343,0.000783635606551309,9.42439599128864,47
"{_TELINA,ELAN ULEI RAFINAT DE FLOAREA SOARELUI 1L} => {_PATRUNJEL RADACINA KG}",0.000182173591190895,0.583333333333333,0.000312297584898677,29.4540322188154,63
"{_PATRUNJEL RADACINA KG,ELAN ULEI RAFINAT DE FLOAREA SOARELUI 1L} => {_TELINA}",0.000182173591190895,0.45,0.000404830202646433,25.6334705979246,63
"{_TELINA,ELAN ULEI RAFINAT DE FLOAREA SOARELUI 1L} => {_MORCOVI}",0.000205306745627834,0.657407407407407,0.000312297584898677,18.1834167207278,71
"{_MORCOVI,ELAN ULEI RAFINAT DE FLOAREA SOARELUI 1L} => {_TELINA}",0.000205306745627834,0.261992619926199,0.000783635606551309,14.9239558216699,71
"{_PATRUNJEL RADACINA KG,ELAN ULEI RAFINAT DE FLOAREA SOARELUI 1L} => {_MORCOVI}",0.000309405940594059,0.764285714285714,0.000404830202646433,21.1395939260292,107
"{_MORCOVI,ELAN ULEI RAFINAT DE FLOAREA SOARELUI 1L} => {_PATRUNJEL RADACINA KG}",0.000309405940594059,0.394833948339483,0.000783635606551309,19.9362031465256,107
"{ELAN ULEI RAFINAT DE FLOAREA SOARELUI 1L,OUA PROASPETE} => {_MORCOVI}",0.000115665772184695,0.12012012012012,0.000962917553437587,3.32243624893389,40
"{_MORCOVI,ELAN ULEI RAFINAT DE FLOAREA SOARELUI 1L} => {OUA PROASPETE}",0.000115665772184695,0.14760147601476,0.000783635606551309,5.16170824565966,40
"{ELAN ULEI RAFINAT DE FLOAREA SOARELUI 1L,OUA PROASPETE} => {_BANANE}",0.000130123993707782,0.135135135135135,0.000962917553437587,2.48910641666967,45
"{_BANANE,ELAN ULEI RAFINAT DE FLOAREA SOARELUI 1L} => {OUA PROASPETE}",0.000130123993707782,0.128939828080229,0.00100918386231146,4.50909971746559,45
"{ELAN ULEI RAFINAT DE FLOAREA SOARELUI 1L,LAPTE DE CONSUM 1.5% GRASIME FRISS CUTIE 1L} => {PAINE CU CARTOFI FELII BACHUS 1.2 KG}",0.000112774127880078,0.138790035587189,0.000812552049597483,1.68617338018282,39
"{_BANANE,ELAN ULEI RAFINAT DE FLOAREA SOARELUI 1L} => {PAINE CU CARTOFI FELII BACHUS 1.2 KG}",0.00012144906079393,0.120343839541547,0.00100918386231146,1.46206878502076,42
"{_TELINA,PARIZER CRISTUR} => {_PATRUNJEL RADACINA KG}",0.000219764967150921,0.638655462184874,0.000344105672249468,32.2473918169984,76
"{_PATRUNJEL RADACINA KG,PARIZER CRISTUR} => {_TELINA}",0.000219764967150921,0.490322580645161,0.000448204867215694,27.9303765654805,76
"{_TELINA,PARIZER CRISTUR} => {_MORCOVI}",0.000234223188674008,0.680672268907563,0.000344105672249468,18.8269060803558,81
"{_MORCOVI,PARIZER CRISTUR} => {_TELINA}",0.000234223188674008,0.321428571428571,0.000728694364763579,18.3096218556604,81
"{_PATRUNJEL RADACINA KG,PARIZER CRISTUR} => {_MORCOVI}",0.000346997316554085,0.774193548387097,0.000448204867215694,21.4136375011933,120
"{_MORCOVI,PARIZER CRISTUR} => {_PATRUNJEL RADACINA KG}",0.000346997316554085,0.476190476190476,0.000728694364763579,24.0441079337269,120
"{LAPTE DE CONSUM 1.5% GRASIME FRISS CUTIE 1L,PARIZER CRISTUR} => {PAINE CU CARTOFI FELII BACHUS 1.2 KG}",0.000112774127880078,0.147169811320755,0.000766285740723605,1.78798007483537,39
"{_MORCOVI,PARIZER CRISTUR} => {_BANANE}",0.000124340705098547,0.170634920634921,0.000728694364763579,3.14299072136622,43
"{_BANANE,PARIZER CRISTUR} => {_MORCOVI}",0.000124340705098547,0.120448179271709,0.0010323170167484,3.33151012944568,43
"{APA MINERALA NATURALA CARBOGAZIFICATA CONTINUT REDUS CO2 TUSNAD 2L,PARIZER CRISTUR} => {PAINE CU CARTOFI FELII BACHUS 1.2 KG}",0.000127232349403165,0.130177514792899,0.000977375774960674,1.58153904358825,44
"{_BANANE,PARIZER CRISTUR} => {PAINE CU CARTOFI FELII BACHUS 1.2 KG}",0.000124340705098547,0.120448179271709,0.0010323170167484,1.46333641835445,43
"{_CARTOFI ALBI,_USTUROI} => {_CEAPA GALBENA}",0.000127232349403165,0.214634146341463,0.000592787082446562,11.6633625116892,44
"{_CARTOFI ALBI,_MERE ROSII} => {_BANANE}",0.000118557416489312,0.254658385093168,0.000465554733043398,4.69065147091662,41
"{_CARTOFI ALBI,_ROSII VRAC} => {_MORCOVI}",0.000104099194966226,0.157205240174672,0.000662186545757379,4.3481840340851,36
"{_CARTOFI ALBI,_ROSII VRAC} => {_BANANE}",0.00012144906079393,0.183406113537118,0.000662186545757379,3.37822827205647,42
"{_CARTOFI ALBI,FRANZELA RIP-ROP 1KG} => {LAPTE DE CONSUM 1.5% GRASIME FRISS CUTIE 1L}",0.000118557416489312,0.205,0.000578328860923476,6.21767409226451,41
"{_CARTOFI ALBI,LAPTE DE CONSUM 1.5% GRASIME FRISS CUTIE 1L} => {FRANZELA RIP-ROP 1KG}",0.000118557416489312,0.133116883116883,0.000890626445822152,5.66654517319214,41
"{FRANZELA RIP-ROP 1KG,LAPTE DE CONSUM 1.5% GRASIME FRISS CUTIE 1L} => {_CARTOFI ALBI}",0.000118557416489312,0.101990049751244,0.00116244101045619,6.98981509416848,41
"{_ARDEI ROSU CAPIA,_CARTOFI ALBI} => {_CEAPA GALBENA}",0.000106990839270843,0.177033492822967,0.000604353659665032,9.62011794814732,37
"{_ARDEI ROSU CAPIA,_CARTOFI ALBI} => {_MORCOVI}",0.00012144906079393,0.200956937799043,0.000604353659665032,5.55832456669729,42
"{_ARDEI ROSU CAPIA,_CARTOFI ALBI} => {_BANANE}",0.000118557416489312,0.196172248803828,0.000604353659665032,3.61337266419893,41
"{_CARTOFI ALBI,_TELINA} => {_CEAPA GALBENA}",0.000115665772184695,0.13745704467354,0.000841468492643657,7.46950738799216,40
"{_CARTOFI ALBI,_PATRUNJEL RADACINA KG} => {_CEAPA GALBENA}",0.000144582215230869,0.138121546961326,0.00104677523827149,7.50561688503356,50
"{_CARTOFI ALBI,OUA PROASPETE} => {_CEAPA GALBENA}",0.000118557416489312,0.13015873015873,0.000910867955954474,7.07291211477258,41
"{_CEAPA GALBENA,OUA PROASPETE} => {_CARTOFI ALBI}",0.000118557416489312,0.115819209039548,0.00102364208383455,7.93758663236081,41
"{_CARTOFI ALBI,LAPTE DE CONSUM 1.5% GRASIME FRISS CUTIE 1L} => {_CEAPA GALBENA}",0.000112774127880078,0.126623376623377,0.000890626445822152,6.88079864824051,39
"{_CEAPA GALBENA,LAPTE DE CONSUM 1.5% GRASIME FRISS CUTIE 1L} => {_CARTOFI ALBI}",0.000112774127880078,0.106267029972752,0.00106123345979458,7.28293487382025,39
"{_CARTOFI ALBI,_CEAPA GALBENA} => {_MORCOVI}",0.000251573054501712,0.173652694610778,0.00144871379661331,4.80310881077164,87
"{_CARTOFI ALBI,_MORCOVI} => {_CEAPA GALBENA}",0.000251573054501712,0.143092105263158,0.00175811973720737,7.77572033477786,87
"{_CARTOFI ALBI,_CEAPA GALBENA} => {_BANANE}",0.000208198389932451,0.143712574850299,0.00144871379661331,2.6470976023984,72
"{_BANANE,_CARTOFI ALBI} => {_CEAPA GALBENA}",0.000208198389932451,0.150313152400835,0.00138509762191172,8.16811684724487,72
"{_BANANE,_CEAPA GALBENA} => {_CARTOFI ALBI}",0.000208198389932451,0.127208480565371,0.00163667067641344,8.71814220829149,72
"{_CARTOFI ALBI,_CEAPA GALBENA} => {PAINE CU CARTOFI FELII BACHUS 1.2 KG}",0.000156148792449338,0.107784431137725,0.00144871379661331,1.30948333440269,54
"{_CARTOFI ALBI,PAINE CU CARTOFI FELII BACHUS 1.2 KG} => {_CEAPA GALBENA}",0.000156148792449338,0.116630669546436,0.00133883131303785,6.33778828806203,54
"{_CARTOFI ALBI,_TELINA} => {_PATRUNJEL RADACINA KG}",0.000500254464698806,0.594501718213058,0.000841468492643657,30.0179533069518,173
"{_CARTOFI ALBI,_PATRUNJEL RADACINA KG} => {_TELINA}",0.000500254464698806,0.477900552486188,0.00104677523827149,27.2227772464147,173
"{_CARTOFI ALBI,_TELINA} => {_MORCOVI}",0.000560978995095771,0.666666666666667,0.000841468492643657,18.4395211815831,194
"{_CARTOFI ALBI,_MORCOVI} => {_TELINA}",0.000560978995095771,0.319078947368421,0.00175811973720737,18.1757795906336,194
"{_CARTOFI ALBI,_TELINA} => {_BANANE}",0.000104099194966226,0.123711340206186,0.000841468492643657,2.27868711134295,36
"{_CARTOFI ALBI,_LAMAIE^2 A nu se consuma coaja} => {_BANANE}",0.000147473859535486,0.288135593220339,0.000511821041917276,5.30728113927193,51
"{_BANANE,_CARTOFI ALBI} => {_LAMAIE^2 A nu se consuma coaja}",0.000147473859535486,0.106471816283925,0.00138509762191172,5.29867742043057,51
"{_CARTOFI ALBI,_PATRUNJEL RADACINA KG} => {_MORCOVI}",0.000832793559729805,0.795580110497238,0.00104677523827149,22.00517444874,288
"{_CARTOFI ALBI,_MORCOVI} => {_PATRUNJEL RADACINA KG}",0.000832793559729805,0.473684210526316,0.00175811973720737,23.9175599972336,288
"{_CARTOFI ALBI,_PATRUNJEL RADACINA KG} => {_BANANE}",0.000141690570926252,0.135359116022099,0.00104677523827149,2.49323200741553,49
"{_BANANE,_CARTOFI ALBI} => {_PATRUNJEL RADACINA KG}",0.000141690570926252,0.102296450939457,0.00138509762191172,5.16521650601356,49
"{_CARTOFI ALBI,OUA PROASPETE} => {_MORCOVI}",0.000150365503840104,0.165079365079365,0.000910867955954474,4.56597667353486,52
"{_CARTOFI ALBI,OUA PROASPETE} => {_BANANE}",0.000202415101323216,0.222222222222222,0.000910867955954474,4.09319721852345,70
"{_BANANE,_CARTOFI ALBI} => {OUA PROASPETE}",0.000202415101323216,0.146137787056367,0.00138509762191172,5.11052220355761,70
"{_CARTOFI ALBI,LAPTE DE CONSUM 1.5% GRASIME FRISS CUTIE 1L} => {_MORCOVI}",0.000124340705098547,0.13961038961039,0.000890626445822152,3.86152310458477,43
"{_CARTOFI ALBI,LAPTE DE CONSUM 1.5% GRASIME FRISS CUTIE 1L} => {_BANANE}",0.000101207550661608,0.113636363636364,0.000890626445822152,2.09311221401767,35
"{_CARTOFI ALBI,APA MINERALA NATURALA CARBOGAZIFICATA CONTINUT REDUS CO2 TUSNAD 2L} => {_MORCOVI}",0.000150365503840104,0.138297872340426,0.00108725825853613,3.82521981958373,52
"{_CARTOFI ALBI,_MORCOVI} => {_BANANE}",0.000211090034237069,0.120065789473684,0.00175811973720737,2.21153829981078,73
"{_BANANE,_CARTOFI ALBI} => {_MORCOVI}",0.000211090034237069,0.152400835073069,0.00138509762191172,4.21529763963121,73
"{_CARTOFI ALBI,PAINE CU CARTOFI FELII BACHUS 1.2 KG} => {_MORCOVI}",0.000164823725363191,0.123110151187905,0.00133883131303785,3.4051383607459,57
"{_CARTOFI ALBI,APA MINERALA NATURALA CARBOGAZIFICATA CONTINUT REDUS CO2 TUSNAD 2L} => {_BANANE}",0.000115665772184695,0.106382978723404,0.00108725825853613,1.95950930673995,40
"{_CARTOFI ALBI,APA MINERALA NATURALA CARBOGAZIFICATA CONTINUT REDUS CO2 TUSNAD 2L} => {PAINE CU CARTOFI FELII BACHUS 1.2 KG}",0.000150365503840104,0.138297872340426,0.00108725825853613,1.68019404195522,52
"{_CARTOFI ALBI,PAINE CU CARTOFI FELII BACHUS 1.2 KG} => {APA MINERALA NATURALA CARBOGAZIFICATA CONTINUT REDUS CO2 TUSNAD 2L}",0.000150365503840104,0.11231101511879,0.00133883131303785,1.88570396137499,52
"{_TELINA,APA MINERALA NATURALA CARBOGAZOASA PERLA HARGHITEI  2L} => {_PATRUNJEL RADACINA KG}",0.000164823725363191,0.564356435643564,0.000292056074766355,28.4958388085852,57
"{_PATRUNJEL RADACINA KG,APA MINERALA NATURALA CARBOGAZOASA PERLA HARGHITEI  2L} => {_TELINA}",0.000164823725363191,0.542857142857143,0.000303622651984825,30.922916911782,57
"{_TELINA,APA MINERALA NATURALA CARBOGAZOASA PERLA HARGHITEI  2L} => {_MORCOVI}",0.000179281946886277,0.613861386138614,0.000292056074766355,16.9789650483884,62
"{_MORCOVI,APA MINERALA NATURALA CARBOGAZOASA PERLA HARGHITEI  2L} => {_TELINA}",0.000179281946886277,0.352272727272727,0.000508929397612658,20.0666057711026,62
"{_PATRUNJEL RADACINA KG,APA MINERALA NATURALA CARBOGAZOASA PERLA HARGHITEI  2L} => {_MORCOVI}",0.00023133154436939,0.761904761904762,0.000303622651984825,21.0737384932378,80
"{_MORCOVI,APA MINERALA NATURALA CARBOGAZOASA PERLA HARGHITEI  2L} => {_PATRUNJEL RADACINA KG}",0.00023133154436939,0.454545454545455,0.000508929397612658,22.9511939367393,80
"{_BANANE,APA MINERALA NATURALA CARBOGAZOASA PERLA HARGHITEI  2L} => {PAINE CU CARTOFI FELII BACHUS 1.2 KG}",0.000118557416489312,0.12094395280236,0.000980267419265291,1.46935961826535,41
"{_MERE ROSII,_USTUROI} => {_BANANE}",0.000112774127880078,0.219101123595506,0.000514712686221893,4.03570849354419,39
"{_ROSII VRAC,_USTUROI} => {_ARDEI ROSU CAPIA}",0.000118557416489312,0.200980392156863,0.000589895438141945,13.1910880883004,41
"{_ARDEI ROSU CAPIA,_USTUROI} => {_ROSII VRAC}",0.000118557416489312,0.13758389261745,0.000861710002775978,9.46108810509782,41
"{_ROSII VRAC,_USTUROI} => {_CEAPA GALBENA}",0.000112774127880078,0.191176470588235,0.000589895438141945,10.3886567826376,39
"{_ROSII VRAC,_USTUROI} => {_MORCOVI}",0.000104099194966226,0.176470588235294,0.000589895438141945,4.8810497245367,36
"{_ROSII VRAC,_USTUROI} => {_BANANE}",0.000106990839270843,0.181372549019608,0.000589895438141945,3.34077125923605,37
"{_ARDEI ROSU CAPIA,_USTUROI} => {_CEAPA GALBENA}",0.000150365503840104,0.174496644295302,0.000861710002775978,9.48226390898468,52
"{_CEAPA GALBENA,_USTUROI} => {_ARDEI ROSU CAPIA}",0.000150365503840104,0.108108108108108,0.00139088091052096,7.09553584710161,52
"{_ARDEI ROSU CAPIA,_CEAPA GALBENA} => {_USTUROI}",0.000150365503840104,0.122931442080378,0.00122316554085315,9.42212833023154,52
"{_ARDEI ROSU CAPIA,_USTUROI} => {_MORCOVI}",0.000185065235495512,0.214765100671141,0.000861710002775978,5.94024843433549,64
"{_ARDEI ROSU CAPIA,_USTUROI} => {_BANANE}",0.000124340705098547,0.144295302013423,0.000861710002775979,2.65783107981305,43
"{_ARDEI ROSU CAPIA,_USTUROI} => {PAINE CU CARTOFI FELII BACHUS 1.2 KG}",0.000104099194966226,0.120805369127517,0.000861710002775979,1.46767595198153,36
"{_CEAPA GALBENA,_USTUROI} => {_TELINA}",0.000159040436753956,0.114345114345114,0.00139088091052096,6.51347139240402,55
"{_TELINA,_USTUROI} => {_CEAPA GALBENA}",0.000159040436753956,0.168195718654434,0.000945567687609883,9.13986741168307,55
"{_CEAPA GALBENA,_TELINA} => {_USTUROI}",0.000159040436753956,0.114345114345114,0.00139088091052096,8.76402589168547,55
"{_CEAPA GALBENA,_USTUROI} => {_PATRUNJEL RADACINA KG}",0.000147473859535486,0.106029106029106,0.00139088091052096,5.35368806590883,51
"{_PATRUNJEL RADACINA KG,_USTUROI} => {_CEAPA GALBENA}",0.000147473859535486,0.13563829787234,0.00108725825853613,7.37067547507923,51
"{_CEAPA GALBENA,_USTUROI} => {_MORCOVI}",0.000306514296289442,0.22037422037422,0.00139088091052096,6.09539265669794,106
"{_MORCOVI,_USTUROI} => {_CEAPA GALBENA}",0.000306514296289442,0.159398496240602,0.00192294346257056,8.6618204845867,106
"{_CEAPA GALBENA,_MORCOVI} => {_USTUROI}",0.000306514296289442,0.102415458937198,0.00299285185527899,7.84967279953404,106
"{_CEAPA GALBENA,_USTUROI} => {_BANANE}",0.000147473859535486,0.106029106029106,0.00139088091052096,1.95299118846389,51
"{_BANANE,_USTUROI} => {_CEAPA GALBENA}",0.000147473859535486,0.116438356164384,0.00126654020542241,6.32733785075295,51
"{_CEAPA GALBENA,_USTUROI} => {PAINE CU CARTOFI FELII BACHUS 1.2 KG}",0.000182173591190895,0.130977130977131,0.00139088091052096,1.59125365687811,63
"{_USTUROI,PAINE CU CARTOFI FELII BACHUS 1.2 KG} => {_CEAPA GALBENA}",0.000182173591190895,0.132352941176471,0.00137642268899787,7.19214700336451,63
"{_CEAPA GALBENA,PAINE CU CARTOFI FELII BACHUS 1.2 KG} => {_USTUROI}",0.000182173591190895,0.105527638190955,0.00172631164985657,8.08820699240885,63
"{_TELINA,_USTUROI} => {_PATRUNJEL RADACINA KG}",0.000537845840658832,0.568807339449541,0.000945567687609882,28.7205766327636,186
"{_PATRUNJEL RADACINA KG,_USTUROI} => {_TELINA}",0.000537845840658832,0.49468085106383,0.00108725825853613,28.1786378913355,186
"{_TELINA,_USTUROI} => {_MORCOVI}",0.000653511612843527,0.691131498470948,0.000945567687609882,19.1162008579715,226
"{_MORCOVI,_USTUROI} => {_TELINA}",0.000653511612843527,0.33984962406015,0.00192294346257056,19.3589452134702,226
"{_TELINA,_USTUROI} => {_BANANE}",0.000101207550661608,0.107033639143731,0.000945567687609882,1.97149407314203,35
"{_LAMAIE^2 A nu se consuma coaja,_USTUROI} => {_BANANE}",0.000153257148144721,0.197026022304833,0.000777852317942075,3.62909864913696,53
"{_BANANE,_USTUROI} => {_LAMAIE^2 A nu se consuma coaja}",0.000153257148144721,0.121004566210046,0.00126654020542241,6.02191439128261,53
"{_LAMAIE^2 A nu se consuma coaja,_USTUROI} => {PAINE CU CARTOFI FELII BACHUS 1.2 KG}",0.000133015638012399,0.171003717472119,0.000777852317942075,2.07754047395321,46
"{_PATRUNJEL RADACINA KG,_USTUROI} => {_MORCOVI}",0.000841468492643657,0.773936170212766,0.00108725825853613,21.4065186057474,291
"{_MORCOVI,_USTUROI} => {_PATRUNJEL RADACINA KG}",0.000841468492643657,0.437593984962406,0.00192294346257056,22.09526971173,291
"{_BANANE,_USTUROI} => {_MORCOVI}",0.000173498658277043,0.136986301369863,0.00126654020542241,3.78894270854447,60
"{_MORCOVI,_USTUROI} => {PAINE CU CARTOFI FELII BACHUS 1.2 KG}",0.000196631812713982,0.102255639097744,0.00192294346257056,1.24231351257117,68
"{_USTUROI,PAINE CU CARTOFI FELII BACHUS 1.2 KG} => {_MORCOVI}",0.000196631812713982,0.142857142857143,0.00137642268899787,3.95132596748209,68
"{_BANANE,_USTUROI} => {PAINE CU CARTOFI FELII BACHUS 1.2 KG}",0.000138798926621634,0.10958904109589,0.00126654020542241,1.33140771290867,48
"{_USTUROI,PAINE CU CARTOFI FELII BACHUS 1.2 KG} => {_BANANE}",0.000138798926621634,0.100840336134454,0.00137642268899787,1.85741722521232,48
"{_TELINA,PAINE DE CASA PE FOI DE VARZA RIP-ROP 1KG} => {_PATRUNJEL RADACINA KG}",0.00018795687980013,0.454545454545455,0.000413505135560285,22.9511939367393,65
"{_PATRUNJEL RADACINA KG,PAINE DE CASA PE FOI DE VARZA RIP-ROP 1KG} => {_TELINA}",0.00018795687980013,0.460992907801418,0.00040772184695105,26.2596625510654,65
"{_TELINA,PAINE DE CASA PE FOI DE VARZA RIP-ROP 1KG} => {_MORCOVI}",0.000240006477283242,0.58041958041958,0.000413505135560285,16.0539887210286,83
"{_MORCOVI,PAINE DE CASA PE FOI DE VARZA RIP-ROP 1KG} => {_TELINA}",0.000240006477283242,0.28135593220339,0.000853035069862126,16.0269533681939,83
"{PAINE DE CASA PE FOI DE VARZA RIP-ROP 1KG,SMANTANA 20% GRASIME FRISS 300G} => {LAPTE DE CONSUM 1.5% GRASIME FRISS CUTIE 1L}",0.000115665772184695,0.176211453744493,0.000656403257148145,5.34451410101172,40
"{LAPTE DE CONSUM 1.5% GRASIME FRISS CUTIE 1L,PAINE DE CASA PE FOI DE VARZA RIP-ROP 1KG} => {SMANTANA 20% GRASIME FRISS 300G}",0.000115665772184695,0.159362549800797,0.000725802720458962,7.18157341963914,40
"{_PATRUNJEL RADACINA KG,PAINE DE CASA PE FOI DE VARZA RIP-ROP 1KG} => {_MORCOVI}",0.000306514296289442,0.75177304964539,0.00040772184695105,20.7935026090192,106
"{_MORCOVI,PAINE DE CASA PE FOI DE VARZA RIP-ROP 1KG} => {_PATRUNJEL RADACINA KG}",0.000306514296289442,0.359322033898305,0.000853035069862126,18.1431133086359,106
"{_CEAPA GALBENA,GOBE 10 OUA PROASPETE L} => {_MORCOVI}",0.000118557416489312,0.207070707070707,0.000572545572314241,5.72742703367353,41
"{_MORCOVI,GOBE 10 OUA PROASPETE L} => {_CEAPA GALBENA}",0.000118557416489312,0.121301775147929,0.000977375774960674,6.59161927856024,41
"{_TELINA,GOBE 10 OUA PROASPETE L} => {_PATRUNJEL RADACINA KG}",0.000248681410197094,0.547770700636943,0.000453988155824928,27.6583814830004,86
"{_PATRUNJEL RADACINA KG,GOBE 10 OUA PROASPETE L} => {_TELINA}",0.000248681410197094,0.477777777777778,0.000520495974831128,27.2157835977964,86
"{_TELINA,GOBE 10 OUA PROASPETE L} => {_MORCOVI}",0.000320972517812529,0.707006369426752,0.000453988155824928,19.5552883868381,111
"{_MORCOVI,GOBE 10 OUA PROASPETE L} => {_TELINA}",0.000320972517812529,0.328402366863905,0.000977375774960673,18.7068720339883,111
"{GOBE 10 OUA PROASPETE L,LAPTE DE CONSUM 3.5% GRASIME FRISS CUTIE 1L} => {APA MINERALA NATURALA CARBOGAZIFICATA CONTINUT REDUS CO2 TUSNAD 2L}",0.000104099194966226,0.1,0.00104099194966226,1.67900179637811,36
"{APA MINERALA NATURALA CARBOGAZIFICATA CONTINUT REDUS CO2 TUSNAD 2L,GOBE 10 OUA PROASPETE L} => {LAPTE DE CONSUM 3.5% GRASIME FRISS CUTIE 1L}",0.000104099194966226,0.102564102564103,0.0010149671509207,4.20698946804984,36
"{GOBE 10 OUA PROASPETE L,LAPTE DE CONSUM 3.5% GRASIME FRISS CUTIE 1L} => {_BANANE}",0.000104099194966226,0.1,0.00104099194966226,1.84193874833555,36
"{GOBE 10 OUA PROASPETE L,LAPTE DE CONSUM 3.5% GRASIME FRISS CUTIE 1L} => {PAINE CU CARTOFI FELII BACHUS 1.2 KG}",0.000138798926621634,0.133333333333333,0.00104099194966226,1.61987938403888,48
"{_PATRUNJEL RADACINA KG,GOBE 10 OUA PROASPETE L} => {_MORCOVI}",0.000416396779864902,0.8,0.000520495974831128,22.1274254178997,144
"{_MORCOVI,GOBE 10 OUA PROASPETE L} => {_PATRUNJEL RADACINA KG}",0.000416396779864902,0.42603550295858,0.000977375774960674,21.511651595145,144
"{GOBE 10 OUA PROASPETE L,LAPTE DE CONSUM 1.5% GRASIME FRISS CUTIE 1L} => {PAINE CU CARTOFI FELII BACHUS 1.2 KG}",0.000127232349403165,0.134969325153374,0.000942676043305265,1.63975520470193,44
"{_MORCOVI,GOBE 10 OUA PROASPETE L} => {_BANANE}",0.00010988248357546,0.112426035502959,0.000977375774960673,2.07081871114648,38
"{_BANANE,GOBE 10 OUA PROASPETE L} => {PAINE CU CARTOFI FELII BACHUS 1.2 KG}",0.000156148792449338,0.13953488372093,0.00111906634588693,1.69522261120348,54
"{_MERE ROSII,_ROSII VRAC} => {_BANANE}",0.000135907282317017,0.213636363636364,0.000636161747015823,3.93505096235323,47
"{_MERE ROSII,FRANZELA RIP-ROP 1KG} => {_BANANE}",0.00010988248357546,0.251655629139073,0.000436638289997224,4.6353425454802,38
"{_ARDEI ROSU CAPIA,_MERE ROSII} => {_BANANE}",0.000147473859535486,0.246376811594203,0.000598570371055797,4.5381099596673,51
"{_CEAPA GALBENA,_MERE ROSII} => {_PATRUNJEL RADACINA KG}",0.000101207550661608,0.12962962962963,0.000780743962246692,6.54534049307009,35
"{_MERE ROSII,_PATRUNJEL RADACINA KG} => {_CEAPA GALBENA}",0.000101207550661608,0.152838427947598,0.000662186545757379,8.30534200291487,35
"{_CEAPA GALBENA,_MERE ROSII} => {_MORCOVI}",0.000164823725363191,0.211111111111111,0.000780743962246692,5.83918170750131,57
"{_MERE ROSII,_MORCOVI} => {_CEAPA GALBENA}",0.000164823725363191,0.135714285714286,0.0012144906079393,7.37480470503726,57
"{_CEAPA GALBENA,_MERE ROSII} => {_BANANE}",0.00018795687980013,0.240740740740741,0.000780743962246692,4.43429698673374,65
"{_BANANE,_CEAPA GALBENA} => {_MERE ROSII}",0.00018795687980013,0.114840989399293,0.00163667067641344,7.50184554552724,65
"{_MERE ROSII,_TELINA} => {_PATRUNJEL RADACINA KG}",0.000248681410197094,0.441025641025641,0.000563870639400389,22.2685430401593,86
"{_MERE ROSII,_PATRUNJEL RADACINA KG} => {_TELINA}",0.000248681410197094,0.375545851528384,0.00066218654575738,21.3923189851675,86
"{_MERE ROSII,_TELINA} => {_MORCOVI}",0.000329647450726381,0.584615384615385,0.000563870639400389,16.1700416515421,114
"{_MERE ROSII,_MORCOVI} => {_TELINA}",0.000329647450726381,0.271428571428571,0.0012144906079393,15.461458455891,114
"{_MERE ROSII,_TELINA} => {_BANANE}",0.000130123993707782,0.230769230769231,0.000563870639400389,4.25062788077435,45
"{_LAMAIE^2 A nu se consuma coaja,_MERE ROSII} => {_MORCOVI}",0.00010988248357546,0.116207951070336,0.000945567687609882,3.21422846284476,38
"{_LAMAIE^2 A nu se consuma coaja,_MERE ROSII} => {_BANANE}",0.000219764967150921,0.232415902140673,0.000945567687609882,4.28095855882269,76
"{_MERE ROSII,LAPTE DE CONSUM 3.5% GRASIME FRISS CUTIE 1L} => {_BANANE}",0.000147473859535486,0.235023041474654,0.000627486814101971,4.3289804684384,51
"{_MERE ROSII,_PATRUNJEL RADACINA KG} => {_MORCOVI}",0.000503146109003424,0.759825327510917,0.000662186545757379,21.0162228314113,174
"{_MERE ROSII,_MORCOVI} => {_PATRUNJEL RADACINA KG}",0.000503146109003424,0.414285714285714,0.0012144906079393,20.9183739023424,174
"{_MERE ROSII,_PATRUNJEL RADACINA KG} => {_BANANE}",0.000127232349403165,0.192139737991266,0.00066218654575738,3.53909628501154,44
"{_MERE ROSII,OUA PROASPETE} => {_MORCOVI}",0.000115665772184695,0.135135135135135,0.000855926714166744,3.73774078005063,40
"{_MERE ROSII,OUA PROASPETE} => {_BANANE}",0.000283381141852503,0.331081081081081,0.000855926714166744,6.09831072084068,98
"{_BANANE,OUA PROASPETE} => {_MERE ROSII}",0.000283381141852503,0.132075471698113,0.00214560007402609,8.62766677833931,98
"{_MERE ROSII,LAPTE DE CONSUM 1.5% GRASIME FRISS CUTIE 1L} => {_BANANE}",0.000196631812713982,0.253731343283582,0.000774960673637457,4.6735759286126,68
"{_MERE ROSII,_MORCOVI} => {_BANANE}",0.000254464698806329,0.20952380952381,0.0012144906079393,3.85930023460782,88
"{_MERE ROSII,APA MINERALA NATURALA CARBOGAZIFICATA CONTINUT REDUS CO2 TUSNAD 2L} => {_BANANE}",0.000228439900064773,0.259016393442623,0.0008819515129083,4.77092331536094,79
"{_MERE ROSII,APA MINERALA NATURALA CARBOGAZIFICATA CONTINUT REDUS CO2 TUSNAD 2L} => {PAINE CU CARTOFI FELII BACHUS 1.2 KG}",0.000138798926621634,0.157377049180328,0.0008819515129083,1.91198878116064,48
"{_MERE ROSII,PAINE CU CARTOFI FELII BACHUS 1.2 KG} => {APA MINERALA NATURALA CARBOGAZIFICATA CONTINUT REDUS CO2 TUSNAD 2L}",0.000138798926621634,0.107142857142857,0.00129545664846859,1.79893049611941,48
"{_BANANE,_MERE ROSII} => {PAINE CU CARTOFI FELII BACHUS 1.2 KG}",0.000303622651984825,0.100095328884652,0.00303333487554363,1.21606769774129,105
"{_MERE ROSII,PAINE CU CARTOFI FELII BACHUS 1.2 KG} => {_BANANE}",0.000303622651984825,0.234375,0.00129545664846859,4.31704394141145,105
"{_ARDEI ROSU CAPIA,_ROSII VRAC} => {_CEAPA GALBENA}",0.000193740168409364,0.117132867132867,0.00165402054224114,6.36507803949664,67
"{_CEAPA GALBENA,_ROSII VRAC} => {_ARDEI ROSU CAPIA}",0.000193740168409364,0.171355498721228,0.00113063292310539,11.2466965249136,67
"{_ARDEI ROSU CAPIA,_CEAPA GALBENA} => {_ROSII VRAC}",0.000193740168409364,0.15839243498818,0.00122316554085315,10.8920074442935,67
"{_LAMAIE^2 A nu se consuma coaja,_ROSII VRAC} => {_ARDEI ROSU CAPIA}",0.00010988248357546,0.169642857142857,0.000647728324234292,11.1342895100724,38
"{_ARDEI ROSU CAPIA,_LAMAIE^2 A nu se consuma coaja} => {_ROSII VRAC}",0.00010988248357546,0.137184115523466,0.000800985472379014,9.43359705046471,38
"{_PATRUNJEL RADACINA KG,_ROSII VRAC} => {_ARDEI ROSU CAPIA}",0.000112774127880078,0.161157024793388,0.000699777921717405,10.577332879512,39
"{_ARDEI ROSU CAPIA,_PATRUNJEL RADACINA KG} => {_ROSII VRAC}",0.000112774127880078,0.105405405405405,0.00106990839270843,7.24830362277171,39
"{_ROSII VRAC,OUA PROASPETE} => {_ARDEI ROSU CAPIA}",0.000115665772184695,0.13840830449827,0.000835685204034422,9.08425004646227,40
"{_ARDEI ROSU CAPIA,OUA PROASPETE} => {_ROSII VRAC}",0.000115665772184695,0.149253731343284,0.000774960673637457,10.2635757383296,40
"{_ARDEI ROSU CAPIA,_ROSII VRAC} => {_MORCOVI}",0.000219764967150921,0.132867132867133,0.00165402054224114,3.67500946625957,76
"{_MORCOVI,_ROSII VRAC} => {_ARDEI ROSU CAPIA}",0.000219764967150921,0.178403755868545,0.001231840473767,11.7092997664611,76
"{_ARDEI ROSU CAPIA,_MORCOVI} => {_ROSII VRAC}",0.000219764967150921,0.116207951070336,0.00189113537521976,7.99115101828356,76
"{_ROSII VRAC,APA MINERALA NATURALA CARBOGAZIFICATA CONTINUT REDUS CO2 TUSNAD 2L} => {_ARDEI ROSU CAPIA}",0.000127232349403165,0.158273381294964,0.000803877116683631,10.3880686682387,44
"{_ARDEI ROSU CAPIA,APA MINERALA NATURALA CARBOGAZIFICATA CONTINUT REDUS CO2 TUSNAD 2L} => {_ROSII VRAC}",0.000127232349403165,0.142857142857143,0.000890626445822152,9.82370820668693,44
"{_ARDEI ROSU CAPIA,_ROSII VRAC} => {_BANANE}",0.000225548255760155,0.136363636363636,0.00165402054224114,2.51173465682121,78
"{_BANANE,_ROSII VRAC} => {_ARDEI ROSU CAPIA}",0.000225548255760155,0.128289473684211,0.00175811973720737,8.42011367382206,78
"{_ARDEI ROSU CAPIA,_BANANE} => {_ROSII VRAC}",0.000225548255760155,0.116071428571429,0.00194318497270288,7.98176291793313,78
"{_ARDEI ROSU CAPIA,_ROSII VRAC} => {PAINE CU CARTOFI FELII BACHUS 1.2 KG}",0.000263139631720181,0.159090909090909,0.00165402054224114,1.93281062868275,91
"{_ROSII VRAC,PAINE CU CARTOFI FELII BACHUS 1.2 KG} => {_ARDEI ROSU CAPIA}",0.000263139631720181,0.161921708185053,0.00162510409919497,10.6275218848715,91
"{_ARDEI ROSU CAPIA,PAINE CU CARTOFI FELII BACHUS 1.2 KG} => {_ROSII VRAC}",0.000263139631720181,0.148692810457516,0.00176968631442584,10.2250034765679,91
"{_CEAPA GALBENA,_ROSII VRAC} => {_LAMAIE^2 A nu se consuma coaja}",0.000115665772184695,0.10230179028133,0.00113063292310539,5.09115186677948,40
"{_LAMAIE^2 A nu se consuma coaja,_ROSII VRAC} => {_CEAPA GALBENA}",0.000115665772184695,0.178571428571429,0.000647728324234293,9.70369040136482,40
"{_CEAPA GALBENA,_LAMAIE^2 A nu se consuma coaja} => {_ROSII VRAC}",0.000115665772184695,0.148148148148148,0.000780743962246692,10.187549251379,40
"{_PATRUNJEL RADACINA KG,_ROSII VRAC} => {_CEAPA GALBENA}",0.000112774127880078,0.161157024793388,0.000699777921717405,8.75738009776065,39
"{_ROSII VRAC,OUA PROASPETE} => {_CEAPA GALBENA}",0.000106990839270843,0.1280276816609,0.000835685204034422,6.95710951959443,37
"{_CEAPA GALBENA,OUA PROASPETE} => {_ROSII VRAC}",0.000106990839270843,0.104519774011299,0.00102364208383455,7.18740233201106,37
"{_CEAPA GALBENA,_ROSII VRAC} => {_MORCOVI}",0.000179281946886277,0.158567774936061,0.00113063292310539,4.38587076697501,62
"{_MORCOVI,_ROSII VRAC} => {_CEAPA GALBENA}",0.000179281946886277,0.145539906103286,0.001231840473767,7.90873546327198,62
"{_CEAPA GALBENA,_ROSII VRAC} => {_BANANE}",0.000138798926621634,0.122762148337596,0.00113063292310539,2.26120357851935,48
"{_ROSII VRAC,_TELINA} => {_PATRUNJEL RADACINA KG}",0.000326755806421764,0.614130434782609,0.000532062552049597,31.0090587645293,113
"{_PATRUNJEL RADACINA KG,_ROSII VRAC} => {_TELINA}",0.000326755806421764,0.466942148760331,0.000699777921717405,26.598550758177,113
"{_ROSII VRAC,_TELINA} => {_MORCOVI}",0.000381697048209494,0.717391304347826,0.000532062552049598,19.8425282280079,132
"{_MORCOVI,_ROSII VRAC} => {_TELINA}",0.000381697048209494,0.309859154929577,0.001231840473767,17.6505900830779,132
"{_LAMAIE^2 A nu se consuma coaja,_ROSII VRAC} => {_BANANE}",0.000173498658277043,0.267857142857143,0.000647728324234293,4.93376450447023,60
"{_PATRUNJEL RADACINA KG,_ROSII VRAC} => {_MORCOVI}",0.000563870639400389,0.805785123966942,0.000699777921717405,22.2874377917895,195
"{_MORCOVI,_ROSII VRAC} => {_PATRUNJEL RADACINA KG}",0.000563870639400389,0.457746478873239,0.001231840473767,23.1128220630543,195
"{_PATRUNJEL RADACINA KG,_ROSII VRAC} => {_BANANE}",0.000106990839270843,0.152892561983471,0.000699777921717405,2.81618734249651,37
"{_ROSII VRAC,OUA PROASPETE} => {_MORCOVI}",0.000104099194966226,0.124567474048443,0.000835685204034422,3.44544686437885,36
"{_ROSII VRAC,OUA PROASPETE} => {_BANANE}",0.000179281946886277,0.214532871972318,0.000835685204034422,3.95156409677523,62
"{_BANANE,_ROSII VRAC} => {OUA PROASPETE}",0.000179281946886277,0.101973684210526,0.00175811973720737,3.56607820491668,62
"{_ROSII VRAC,LAPTE DE CONSUM 1.5% GRASIME FRISS CUTIE 1L} => {_BANANE}",0.000104099194966226,0.174757281553398,0.00059567872675118,3.2189220844699,36
"{_MORCOVI,_ROSII VRAC} => {_BANANE}",0.000173498658277043,0.140845070422535,0.001231840473767,2.59427992723317,60
"{_MORCOVI,_ROSII VRAC} => {PAINE CU CARTOFI FELII BACHUS 1.2 KG}",0.000130123993707782,0.105633802816901,0.001231840473767,1.28335514580545,45
"{_ROSII VRAC,APA MINERALA NATURALA CARBOGAZIFICATA CONTINUT REDUS CO2 TUSNAD 2L} => {_BANANE}",0.000115665772184695,0.143884892086331,0.000803877116683631,2.65027158033892,40
"{_BANANE,_ROSII VRAC} => {PAINE CU CARTOFI FELII BACHUS 1.2 KG}",0.000263139631720181,0.149671052631579,0.00175811973720737,1.81836789408969,91
"{_ROSII VRAC,PAINE CU CARTOFI FELII BACHUS 1.2 KG} => {_BANANE}",0.000263139631720181,0.161921708185053,0.00162510409919497,2.98249868502732,91
"{_CEAPA GALBENA,OUA PROASPETE M DIN GHEORGHENI 1*10} => {_MORCOVI}",0.000135907282317017,0.244791666666667,0.000555195706486536,6.77076168386254,47
"{_MORCOVI,OUA PROASPETE M DIN GHEORGHENI 1*10} => {_CEAPA GALBENA}",0.000135907282317017,0.130193905817175,0.00104388359396687,7.07482358348815,47
"{_TELINA,OUA PROASPETE M DIN GHEORGHENI 1*10} => {_PATRUNJEL RADACINA KG}",0.000300731007680207,0.525252525252525,0.000572545572314241,26.521379660232,104
"{_PATRUNJEL RADACINA KG,OUA PROASPETE M DIN GHEORGHENI 1*10} => {_TELINA}",0.000300731007680207,0.525252525252525,0.000572545572314241,29.9201003612139,104
"{_TELINA,OUA PROASPETE M DIN GHEORGHENI 1*10} => {_MORCOVI}",0.000373022115295642,0.651515151515151,0.000572545572314241,18.0204411547289,129
"{_MORCOVI,OUA PROASPETE M DIN GHEORGHENI 1*10} => {_TELINA}",0.000373022115295642,0.357340720221607,0.00104388359396687,20.3552952116483,129
"{OUA PROASPETE M DIN GHEORGHENI 1*10,SMANTANA 20% GRASIME FRISS 300G} => {LAPTE DE CONSUM 1.5% GRASIME FRISS CUTIE 1L}",0.000124340705098547,0.178423236514523,0.000696886277412788,5.4115977323626,43
"{OUA PROASPETE M DIN GHEORGHENI 1*10,SMANTANA 20% GRASIME FRISS 300G} => {PAINE CU CARTOFI FELII BACHUS 1.2 KG}",0.00012144906079393,0.174273858921162,0.000696886277412788,2.11726973432467,42
"{LAPTE DE CONSUM 3.5% GRASIME FRISS CUTIE 1L,OUA PROASPETE M DIN GHEORGHENI 1*10} => {PAINE CU CARTOFI FELII BACHUS 1.2 KG}",0.00012144906079393,0.172131147540984,0.00070556121032664,2.09123772939445,42
"{_PATRUNJEL RADACINA KG,OUA PROASPETE M DIN GHEORGHENI 1*10} => {_MORCOVI}",0.000433746645692607,0.757575757575758,0.000572545572314241,20.9540013427081,150
"{_MORCOVI,OUA PROASPETE M DIN GHEORGHENI 1*10} => {_PATRUNJEL RADACINA KG}",0.000433746645692607,0.415512465373961,0.00104388359396687,20.980315787047,150
"{_MORCOVI,OUA PROASPETE M DIN GHEORGHENI 1*10} => {LAPTE DE CONSUM 1.5% GRASIME FRISS CUTIE 1L}",0.000115665772184695,0.110803324099723,0.00104388359396687,3.36067784191042,40
"{LAPTE DE CONSUM 1.5% GRASIME FRISS CUTIE 1L,OUA PROASPETE M DIN GHEORGHENI 1*10} => {PAINE CU CARTOFI FELII BACHUS 1.2 KG}",0.000196631812713982,0.146868250539957,0.00133883131303785,1.7843163841465,68
"{_MORCOVI,OUA PROASPETE M DIN GHEORGHENI 1*10} => {_BANANE}",0.000141690570926252,0.135734072022161,0.00104388359396687,2.50013846726986,49
"{_BANANE,OUA PROASPETE M DIN GHEORGHENI 1*10} => {_MORCOVI}",0.000141690570926252,0.107929515418502,0.00131280651429629,2.9852528785162,49
"{_MORCOVI,OUA PROASPETE M DIN GHEORGHENI 1*10} => {PAINE CU CARTOFI FELII BACHUS 1.2 KG}",0.000141690570926252,0.135734072022161,0.00104388359396687,1.6490461873526,49
"{APA MINERALA NATURALA CARBOGAZIFICATA CONTINUT REDUS CO2 TUSNAD 2L,OUA PROASPETE M DIN GHEORGHENI 1*10} => {PAINE CU CARTOFI FELII BACHUS 1.2 KG}",0.000196631812713982,0.197674418604651,0.000994725640788378,2.40156536587159,68
"{_BANANE,OUA PROASPETE M DIN GHEORGHENI 1*10} => {PAINE CU CARTOFI FELII BACHUS 1.2 KG}",0.000156148792449338,0.118942731277533,0.00131280651429629,1.44504658708314,54
"{_TELINA,FRANZELA ALBA COUNTRY 1KG} => {_PATRUNJEL RADACINA KG}",0.000228439900064773,0.541095890410959,0.000422180068474137,27.321352782228,79
"{_PATRUNJEL RADACINA KG,FRANZELA ALBA COUNTRY 1KG} => {_TELINA}",0.000228439900064773,0.407216494845361,0.000560978995095771,23.1963823280188,79
"{_TELINA,FRANZELA ALBA COUNTRY 1KG} => {_MORCOVI}",0.000263139631720181,0.623287671232877,0.000422180068474137,17.2396893238773,91
"{_MORCOVI,FRANZELA ALBA COUNTRY 1KG} => {_TELINA}",0.000263139631720181,0.294498381877023,0.00089351809012677,16.7755902510689,91
"{FRANZELA ALBA COUNTRY 1KG,LAPTE DE CONSUM 3.5% GRASIME FRISS CUTIE 1L} => {APA MINERALA NATURALA CARBOGAZIFICATA CONTINUT REDUS CO2 TUSNAD 2L}",0.000106990839270843,0.125850340136054,0.000850143425557509,2.11302947163232,37
"{_PATRUNJEL RADACINA KG,FRANZELA ALBA COUNTRY 1KG} => {_MORCOVI}",0.000404830202646433,0.721649484536082,0.000560978995095771,19.9603064336724,140
"{_MORCOVI,FRANZELA ALBA COUNTRY 1KG} => {_PATRUNJEL RADACINA KG}",0.000404830202646433,0.453074433656958,0.00089351809012677,22.8769182282061,140
"{_TELINA,FRANZELA RIP-ROP 1KG} => {_PATRUNJEL RADACINA KG}",0.00018795687980013,0.474452554744526,0.000396155269732581,23.9563557149906,65
"{_PATRUNJEL RADACINA KG,FRANZELA RIP-ROP 1KG} => {_TELINA}",0.00018795687980013,0.457746478873239,0.000410613491255668,26.0747353500015,65
"{_TELINA,FRANZELA RIP-ROP 1KG} => {_MORCOVI}",0.000263139631720181,0.664233576642336,0.000396155269732581,18.3722236590226,91
"{_MORCOVI,FRANZELA RIP-ROP 1KG} => {_TELINA}",0.000263139631720181,0.310580204778157,0.000847251781252892,17.6916634388406,91
"{_PATRUNJEL RADACINA KG,FRANZELA RIP-ROP 1KG} => {_MORCOVI}",0.000289164430461738,0.704225352112676,0.000410613491255668,19.4783674453342,100
"{_MORCOVI,FRANZELA RIP-ROP 1KG} => {_PATRUNJEL RADACINA KG}",0.000289164430461738,0.341296928327645,0.000847251781252892,17.2329783825346,100
"{FRANZELA RIP-ROP 1KG,LAPTE DE CONSUM 1.5% GRASIME FRISS CUTIE 1L} => {_MORCOVI}",0.000118557416489312,0.101990049751244,0.00116244101045619,2.82097152404816,41
"{_MORCOVI,FRANZELA RIP-ROP 1KG} => {LAPTE DE CONSUM 1.5% GRASIME FRISS CUTIE 1L}",0.000118557416489312,0.139931740614334,0.000847251781252892,4.24414613806452,41
"{FRANZELA RIP-ROP 1KG,LAPTE DE CONSUM 1.5% GRASIME FRISS CUTIE 1L} => {_BANANE}",0.000141690570926252,0.121890547263682,0.00116244101045619,2.24514922060801,49
"{_ARDEI ROSU CAPIA,_TELINA} => {_CEAPA GALBENA}",0.00012144906079393,0.14,0.000867493291385213,7.60769327467002,42
"{_ARDEI ROSU CAPIA,_LAMAIE^2 A nu se consuma coaja} => {_CEAPA GALBENA}",0.000106990839270843,0.133574007220217,0.000800985472379014,7.25850054571405,37
"{_CEAPA GALBENA,_LAMAIE^2 A nu se consuma coaja} => {_ARDEI ROSU CAPIA}",0.000106990839270843,0.137037037037037,0.000780743962246692,8.99424868026121,37
"{_ARDEI ROSU CAPIA,_PATRUNJEL RADACINA KG} => {_CEAPA GALBENA}",0.000118557416489312,0.110810810810811,0.00106990839270843,6.02153328690098,41
"{_ARDEI ROSU CAPIA,_CEAPA GALBENA} => {_MORCOVI}",0.000251573054501712,0.205673758865248,0.00122316554085315,5.68878844963734,87
"{_ARDEI ROSU CAPIA,_MORCOVI} => {_CEAPA GALBENA}",0.000251573054501712,0.13302752293578,0.00189113537521976,7.22880422560389,87
"{_ARDEI ROSU CAPIA,_CEAPA GALBENA} => {_BANANE}",0.000153257148144721,0.125295508274232,0.00122316554085315,2.30786651682705,53
"{_ARDEI ROSU CAPIA,_CEAPA GALBENA} => {PAINE CU CARTOFI FELII BACHUS 1.2 KG}",0.000124340705098547,0.101654846335697,0.00122316554085315,1.23501442400127,43
"{_ARDEI ROSU CAPIA,_TELINA} => {_PATRUNJEL RADACINA KG}",0.000506037753308041,0.583333333333333,0.000867493291385213,29.4540322188154,175
"{_ARDEI ROSU CAPIA,_PATRUNJEL RADACINA KG} => {_TELINA}",0.000506037753308041,0.472972972972973,0.00106990839270843,26.9420862140348,175
"{_ARDEI ROSU CAPIA,_TELINA} => {_MORCOVI}",0.000543629129268067,0.626666666666667,0.000867493291385213,17.3331499106881,188
"{_ARDEI ROSU CAPIA,_MORCOVI} => {_TELINA}",0.000543629129268067,0.287461773700306,0.00189113537521976,16.3747620537201,188
"{_ARDEI ROSU CAPIA,_TELINA} => {_BANANE}",0.000124340705098547,0.143333333333333,0.000867493291385213,2.64011220594763,43
"{_ARDEI ROSU CAPIA,_LAMAIE^2 A nu se consuma coaja} => {_MORCOVI}",0.000133015638012399,0.166064981949458,0.000800985472379014,4.59323812826438,46
"{_ARDEI ROSU CAPIA,_LAMAIE^2 A nu se consuma coaja} => {_BANANE}",0.000190848524104747,0.23826714801444,0.000800985472379014,4.388734923832,66
"{_ARDEI ROSU CAPIA,_LAMAIE^2 A nu se consuma coaja} => {PAINE CU CARTOFI FELII BACHUS 1.2 KG}",0.000101207550661608,0.126353790613718,0.000800985472379014,1.53508425382746,35
"{_ARDEI ROSU CAPIA,LAPTE DE CONSUM 3.5% GRASIME FRISS CUTIE 1L} => {_BANANE}",0.000118557416489312,0.220430107526882,0.000537845840658832,4.06018756353536,41
"{_ARDEI ROSU CAPIA,_PATRUNJEL RADACINA KG} => {_MORCOVI}",0.000844360136948274,0.789189189189189,0.00106990839270843,21.8284061554957,292
"{_ARDEI ROSU CAPIA,_MORCOVI} => {_PATRUNJEL RADACINA KG}",0.000844360136948274,0.446483180428135,0.00189113537521976,22.5441085396962,292
"{_ARDEI ROSU CAPIA,_PATRUNJEL RADACINA KG} => {_BANANE}",0.000173498658277043,0.162162162162162,0.00106990839270843,2.9869277000036,60
"{_BANANE,_PATRUNJEL RADACINA KG} => {_ARDEI ROSU CAPIA}",0.000173498658277043,0.109689213893967,0.00158172943462571,7.19930968033161,60
"{_ARDEI ROSU CAPIA,OUA PROASPETE} => {_BANANE}",0.000164823725363191,0.212686567164179,0.000774960673637457,3.91755629310174,57
"{_ARDEI ROSU CAPIA,APA MINERALA NATURALA CARBOGAZIFICATA CONTINUT REDUS CO2 TUSNAD 2L} => {_MORCOVI}",0.000106990839270843,0.12012987012987,0.000890626445822152,3.32270592720085,37
"{_ARDEI ROSU CAPIA,_MORCOVI} => {_BANANE}",0.000283381141852503,0.149847094801223,0.00189113537521977,2.76009170239884,98
"{_ARDEI ROSU CAPIA,_BANANE} => {_MORCOVI}",0.000283381141852503,0.145833333333333,0.00194318497270288,4.0336452584713,98
"{_ARDEI ROSU CAPIA,PAINE CU CARTOFI FELII BACHUS 1.2 KG} => {_MORCOVI}",0.00018795687980013,0.106209150326797,0.00176968631442584,2.93766881569338,65
"{_ARDEI ROSU CAPIA,APA MINERALA NATURALA CARBOGAZIFICATA CONTINUT REDUS CO2 TUSNAD 2L} => {_BANANE}",0.000133015638012399,0.149350649350649,0.000890626445822152,2.75094748128037,46
"{_ARDEI ROSU CAPIA,APA MINERALA NATURALA CARBOGAZIFICATA CONTINUT REDUS CO2 TUSNAD 2L} => {PAINE CU CARTOFI FELII BACHUS 1.2 KG}",0.000173498658277043,0.194805194805195,0.000890626445822152,2.36670689226459,60
"{_ARDEI ROSU CAPIA,_BANANE} => {PAINE CU CARTOFI FELII BACHUS 1.2 KG}",0.00023133154436939,0.119047619047619,0.00194318497270288,1.44632087860614,80
"{_ARDEI ROSU CAPIA,PAINE CU CARTOFI FELII BACHUS 1.2 KG} => {_BANANE}",0.00023133154436939,0.130718954248366,0.00176968631442583,2.40776306971968,80
"{_CEAPA GALBENA,_TELINA} => {_PATRUNJEL RADACINA KG}",0.000835685204034422,0.600831600831601,0.00139088091052096,30.3375657068167,289
"{_CEAPA GALBENA,_PATRUNJEL RADACINA KG} => {_TELINA}",0.000835685204034422,0.530275229357798,0.00157594614601647,30.206210001224,289
"{_CEAPA GALBENA,_TELINA} => {_MORCOVI}",0.00100340057370223,0.721413721413721,0.00139088091052096,19.9537853950395,347
"{_CEAPA GALBENA,_MORCOVI} => {_TELINA}",0.00100340057370223,0.335265700483092,0.00299285185527899,19.0978299462798,347
"{_CEAPA GALBENA,SMANTANA 20% GRASIME FRISS 300G} => {LAPTE DE CONSUM 1.5% GRASIME FRISS CUTIE 1L}",0.00010988248357546,0.151394422310757,0.000725802720458962,4.59181062104852,38
"{_CEAPA GALBENA,LAPTE DE CONSUM 1.5% GRASIME FRISS CUTIE 1L} => {SMANTANA 20% GRASIME FRISS 300G}",0.00010988248357546,0.103542234332425,0.00106123345979458,4.66606589077099,38
"{_CEAPA GALBENA,SMANTANA 20% GRASIME FRISS 300G} => {_MORCOVI}",0.000182173591190895,0.250996015936255,0.000725802720458962,6.94236952852431,63
"{_MORCOVI,SMANTANA 20% GRASIME FRISS 300G} => {_CEAPA GALBENA}",0.000182173591190895,0.117977528089888,0.00154413805866568,6.41097747865451,63
"{_CEAPA GALBENA,_LAMAIE^2 A nu se consuma coaja} => {_MORCOVI}",0.000127232349403165,0.162962962962963,0.000780743962246692,4.50743851105364,44
"{_CEAPA GALBENA,_LAMAIE^2 A nu se consuma coaja} => {_BANANE}",0.000144582215230869,0.185185185185185,0.000780743962246692,3.41099768210287,50
"{_CEAPA GALBENA,LAPTE DE CONSUM 3.5% GRASIME FRISS CUTIE 1L} => {_MORCOVI}",0.000118557416489312,0.170124481327801,0.000696886277412788,4.70552096542473,41
"{_CEAPA GALBENA,LAPTE DE CONSUM 1.5% GRASIME FRISS CUTIE 1L} => {_PATRUNJEL RADACINA KG}",0.000130123993707782,0.122615803814714,0.00106123345979458,6.19119400473348,45
"{_PATRUNJEL RADACINA KG,LAPTE DE CONSUM 1.5% GRASIME FRISS CUTIE 1L} => {_CEAPA GALBENA}",0.000130123993707782,0.137614678899083,0.000945567687609882,7.4780733368316,45
"{_CEAPA GALBENA,_PATRUNJEL RADACINA KG} => {_MORCOVI}",0.00126654020542241,0.803669724770642,0.00157594614601647,22.228927369358,438
"{_CEAPA GALBENA,_MORCOVI} => {_PATRUNJEL RADACINA KG}",0.00126654020542241,0.423188405797101,0.00299285185527899,21.3678941811033,438
"{_CEAPA GALBENA,_PATRUNJEL RADACINA KG} => {_BANANE}",0.000159040436753956,0.100917431192661,0.00157594614601647,1.85883726896248,55
"{_BANANE,_PATRUNJEL RADACINA KG} => {_CEAPA GALBENA}",0.000159040436753956,0.10054844606947,0.00158172943462571,5.46386954958019,55
"{_CEAPA GALBENA,OUA PROASPETE} => {_MORCOVI}",0.000164823725363191,0.161016949152542,0.00102364208383455,4.45361316673829,57
"{_CEAPA GALBENA,OUA PROASPETE} => {_BANANE}",0.000147473859535486,0.144067796610169,0.00102364208383455,2.65364056963597,51
"{_CEAPA GALBENA,FRANZELA ALBA BACHUS 1KG} => {_MORCOVI}",0.000144582215230869,0.210970464135021,0.000685319700194319,5.83529151315921,50
"{_MORCOVI,FRANZELA ALBA BACHUS 1KG} => {_CEAPA GALBENA}",0.000144582215230869,0.118764845605701,0.00121738225224392,6.45376083701223,50
"{_CEAPA GALBENA,LAPTE DE CONSUM 1.5% GRASIME FRISS CUTIE 1L} => {_MORCOVI}",0.00023133154436939,0.217983651226158,0.00106123345979458,6.02927123103534,80
"{_MORCOVI,LAPTE DE CONSUM 1.5% GRASIME FRISS CUTIE 1L} => {_CEAPA GALBENA}",0.00023133154436939,0.123076923076923,0.0018795687980013,6.68808199970991,80
"{_CEAPA GALBENA,LAPTE DE CONSUM 1.5% GRASIME FRISS CUTIE 1L} => {PAINE CU CARTOFI FELII BACHUS 1.2 KG}",0.000130123993707782,0.122615803814714,0.00106123345979458,1.48967109567608,45
"{_CEAPA GALBENA,APA MINERALA NATURALA CARBOGAZIFICATA CONTINUT REDUS CO2 TUSNAD 2L} => {_MORCOVI}",0.000156148792449338,0.157894736842105,0.000988942352179143,4.36725501669073,54
"{_BANANE,_CEAPA GALBENA} => {_MORCOVI}",0.000294947719070973,0.180212014134276,0.00163667067641344,4.98453487770709,102
"{_CEAPA GALBENA,PAINE CU CARTOFI FELII BACHUS 1.2 KG} => {_MORCOVI}",0.00029783936337559,0.172529313232831,0.00172631164985657,4.77203688870115,103
"{_CEAPA GALBENA,APA MINERALA NATURALA CARBOGAZIFICATA CONTINUT REDUS CO2 TUSNAD 2L} => {PAINE CU CARTOFI FELII BACHUS 1.2 KG}",0.000133015638012399,0.134502923976608,0.000988942352179143,1.63408885231992,46
"{_TELINA,SMANTANA 20% GRASIME FRISS 300G} => {_PATRUNJEL RADACINA KG}",0.000413505135560285,0.523809523809524,0.000789418895160544,26.4485187270995,143
"{_PATRUNJEL RADACINA KG,SMANTANA 20% GRASIME FRISS 300G} => {_TELINA}",0.000413505135560285,0.512544802867383,0.000806768760988248,29.196226965378,143
"{_TELINA,SMANTANA 20% GRASIME FRISS 300G} => {LAPTE DE CONSUM 1.5% GRASIME FRISS CUTIE 1L}",0.000112774127880078,0.142857142857143,0.000789418895160544,4.33287393189165,39
"{_TELINA,LAPTE DE CONSUM 1.5% GRASIME FRISS CUTIE 1L} => {SMANTANA 20% GRASIME FRISS 300G}",0.000112774127880078,0.12621359223301,0.00089351809012677,5.68773642434042,39
"{_TELINA,SMANTANA 20% GRASIME FRISS 300G} => {_MORCOVI}",0.000477121310261867,0.604395604395604,0.000789418895160544,16.7171483239627,165
"{_MORCOVI,SMANTANA 20% GRASIME FRISS 300G} => {_TELINA}",0.000477121310261867,0.308988764044944,0.00154413805866568,17.6010097738558,165
"{_LAMAIE^2 A nu se consuma coaja,_TELINA} => {_PATRUNJEL RADACINA KG}",0.000338322383640233,0.43984962406015,0.000769177385028222,22.209162854574,117
"{_LAMAIE^2 A nu se consuma coaja,_PATRUNJEL RADACINA KG} => {_TELINA}",0.000338322383640233,0.434944237918216,0.000777852317942075,24.7758451875851,117
"{_LAMAIE^2 A nu se consuma coaja,_TELINA} => {_MORCOVI}",0.000471338021652633,0.612781954887218,0.000769177385028222,16.9491087552521,163
"{_LAMAIE^2 A nu se consuma coaja,_MORCOVI} => {_TELINA}",0.000471338021652633,0.319607843137255,0.00147473859535486,18.2059072220553,163
"{_LAMAIE^2 A nu se consuma coaja,_TELINA} => {_BANANE}",0.000144582215230869,0.18796992481203,0.000769177385028223,3.46229088032999,50
"{_BANANE,_TELINA} => {_LAMAIE^2 A nu se consuma coaja}",0.000144582215230869,0.101010101010101,0.0014313639307856,5.02686964623934,50
"{_TELINA,LAPTE DE CONSUM 3.5% GRASIME FRISS CUTIE 1L} => {_PATRUNJEL RADACINA KG}",0.000329647450726381,0.553398058252427,0.00059567872675118,27.9425215501661,114
"{_PATRUNJEL RADACINA KG,LAPTE DE CONSUM 3.5% GRASIME FRISS CUTIE 1L} => {_TELINA}",0.000329647450726381,0.522935779816514,0.000630378458406588,29.7881309700652,114
"{_TELINA,LAPTE DE CONSUM 3.5% GRASIME FRISS CUTIE 1L} => {_MORCOVI}",0.000401938558341816,0.674757281553398,0.00059567872675118,18.663301778447,139
"{_MORCOVI,LAPTE DE CONSUM 3.5% GRASIME FRISS CUTIE 1L} => {_TELINA}",0.000401938558341816,0.336561743341404,0.00119424909780698,19.1716567829514,139
"{_TELINA,OUA PROASPETE} => {_PATRUNJEL RADACINA KG}",0.000393263625427963,0.492753623188406,0.000798093828074396,24.8804247314217,136
"{_PATRUNJEL RADACINA KG,OUA PROASPETE} => {_TELINA}",0.000393263625427963,0.396501457725948,0.00099183399648376,22.5860187970051,136
"{_TELINA,FRANZELA ALBA BACHUS 1KG} => {_PATRUNJEL RADACINA KG}",0.000294947719070973,0.603550295857988,0.000488687887480337,30.4748397597887,102
"{_PATRUNJEL RADACINA KG,FRANZELA ALBA BACHUS 1KG} => {_TELINA}",0.000294947719070973,0.465753424657534,0.000633270102711206,26.5308371485368,102
"{_TELINA,LAPTE DE CONSUM 1.5% GRASIME FRISS CUTIE 1L} => {_PATRUNJEL RADACINA KG}",0.000488687887480337,0.546925566343042,0.00089351809012677,27.6157084326203,169
"{_PATRUNJEL RADACINA KG,LAPTE DE CONSUM 1.5% GRASIME FRISS CUTIE 1L} => {_TELINA}",0.000488687887480337,0.516819571865443,0.000945567687609882,29.4397317774329,169
"{_PATRUNJEL RADACINA KG,_TELINA} => {_MORCOVI}",0.00741995928564819,0.811768427712749,0.00914048764689553,22.4529316760245,2566
"{_MORCOVI,_TELINA} => {_PATRUNJEL RADACINA KG}",0.00741995928564819,0.682083997873472,0.0108783658739706,34.4402126559491,2566
"{_MORCOVI,_PATRUNJEL RADACINA KG} => {_TELINA}",0.00741995928564819,0.508521601268331,0.0145912371610993,28.9670522544918,2566
"{_TELINA,APA MINERALA NATURALA CARBOGAZIFICATA CONTINUT REDUS CO2 TUSNAD 2L} => {_PATRUNJEL RADACINA KG}",0.000488687887480337,0.597173144876325,0.000818335338206718,30.1528406561119,169
"{_PATRUNJEL RADACINA KG,APA MINERALA NATURALA CARBOGAZIFICATA CONTINUT REDUS CO2 TUSNAD 2L} => {_TELINA}",0.000488687887480337,0.487031700288184,0.00100340057370223,27.7429172657653,169
"{_BANANE,_TELINA} => {_PATRUNJEL RADACINA KG}",0.000743152586286666,0.519191919191919,0.0014313639307856,26.2153637410755,257
"{_BANANE,_PATRUNJEL RADACINA KG} => {_TELINA}",0.000743152586286666,0.469835466179159,0.00158172943462571,26.7633635737015,257
"{_TELINA,PAINE CU CARTOFI FELII BACHUS 1.2 KG} => {_PATRUNJEL RADACINA KG}",0.000783635606551309,0.571729957805907,0.00137063940038864,28.8681473103037,271
"{_PATRUNJEL RADACINA KG,PAINE CU CARTOFI FELII BACHUS 1.2 KG} => {_TELINA}",0.000783635606551309,0.492727272727273,0.00159040436753956,28.0673556850002,271
"{_TELINA,OUA PROASPETE} => {_MORCOVI}",0.000482904598871102,0.605072463768116,0.000798093828074396,16.7358697680673,167
"{_MORCOVI,OUA PROASPETE} => {_TELINA}",0.000482904598871102,0.287931034482759,0.00167715369667808,16.4014926814307,167
"{_TELINA,OUA PROASPETE} => {_BANANE}",0.000104099194966226,0.130434782608696,0.000798093828074396,2.40252880217681,36
"{_TELINA,FRANZELA ALBA BACHUS 1KG} => {_MORCOVI}",0.000309405940594059,0.633136094674556,0.000488687887480337,17.5120896428644,107
"{_MORCOVI,FRANZELA ALBA BACHUS 1KG} => {_TELINA}",0.000309405940594059,0.2541567695962,0.00121738225224392,14.4776001793504,107
"{_TELINA,LAPTE DE CONSUM 1.5% GRASIME FRISS CUTIE 1L} => {_MORCOVI}",0.000604353659665032,0.676375404530744,0.00089351809012677,18.7080578978197,209
"{_MORCOVI,LAPTE DE CONSUM 1.5% GRASIME FRISS CUTIE 1L} => {_TELINA}",0.000604353659665032,0.321538461538462,0.0018795687980013,18.3158815554401,209
"{_TELINA,LAPTE DE CONSUM 1.5% GRASIME FRISS CUTIE 1L} => {PAINE CU CARTOFI FELII BACHUS 1.2 KG}",0.000106990839270843,0.119741100323625,0.00089351809012677,1.45474604877278,37
"{_TELINA,APA MINERALA NATURALA CARBOGAZIFICATA CONTINUT REDUS CO2 TUSNAD 2L} => {_MORCOVI}",0.000517604330526511,0.632508833922262,0.000818335338206718,17.4947400609719,179
"{_MORCOVI,APA MINERALA NATURALA CARBOGAZIFICATA CONTINUT REDUS CO2 TUSNAD 2L} => {_TELINA}",0.000517604330526511,0.286858974358974,0.00180438604608124,16.3404246332924,179
"{_BANANE,_TELINA} => {_MORCOVI}",0.000934001110391413,0.652525252525253,0.0014313639307856,18.0483798231859,323
"{_BANANE,_MORCOVI} => {_TELINA}",0.000934001110391413,0.304429783223374,0.00306803460719904,17.3413153275309,323
"{_TELINA,PAINE CU CARTOFI FELII BACHUS 1.2 KG} => {_MORCOVI}",0.000942676043305265,0.687763713080169,0.00137063940038864,19.023050332899,326
"{_MORCOVI,PAINE CU CARTOFI FELII BACHUS 1.2 KG} => {_TELINA}",0.000942676043305265,0.311068702290076,0.00303044323123901,17.7194898535272,326
"{_BANANE,_TELINA} => {PAINE CU CARTOFI FELII BACHUS 1.2 KG}",0.000161932081058573,0.113131313131313,0.0014313639307856,1.37444311372996,56
"{_TELINA,PAINE CU CARTOFI FELII BACHUS 1.2 KG} => {_BANANE}",0.000161932081058573,0.118143459915612,0.00137063940038864,2.17613016680994,56
"{_LAMAIE^2 A nu se consuma coaja,SMANTANA 20% GRASIME FRISS 300G} => {_BANANE}",0.000112774127880078,0.160493827160494,0.000702669566022023,2.95619799115582,39
"{_MORCOVI,LAPTE DE CONSUM 3.5% GRASIME FRISS CUTIE 1L} => {SMANTANA 20% GRASIME FRISS 300G}",0.000135907282317017,0.113801452784504,0.00119424909780698,5.12839113992027,47
"{_PATRUNJEL RADACINA KG,SMANTANA 20% GRASIME FRISS 300G} => {LAPTE DE CONSUM 1.5% GRASIME FRISS CUTIE 1L}",0.000101207550661608,0.125448028673835,0.000806768760988248,3.80485345273639,35
"{_PATRUNJEL RADACINA KG,LAPTE DE CONSUM 1.5% GRASIME FRISS CUTIE 1L} => {SMANTANA 20% GRASIME FRISS 300G}",0.000101207550661608,0.107033639143731,0.000945567687609882,4.8234038602087,35
"{_PATRUNJEL RADACINA KG,SMANTANA 20% GRASIME FRISS 300G} => {_MORCOVI}",0.000621703525492736,0.770609318996416,0.000806768760988248,21.3145002905396,215
"{_MORCOVI,SMANTANA 20% GRASIME FRISS 300G} => {_PATRUNJEL RADACINA KG}",0.000621703525492736,0.402621722846442,0.00154413805866568,20.3294283372241,215
"{FRANZELA ALBA BACHUS 1KG,SMANTANA 20% GRASIME FRISS 300G} => {LAPTE DE CONSUM 1.5% GRASIME FRISS CUTIE 1L}",0.000118557416489312,0.138513513513514,0.000855926714166744,4.20113114342197,41
"{LAPTE DE CONSUM 1.5% GRASIME FRISS CUTIE 1L,SMANTANA 20% GRASIME FRISS 300G} => {_MORCOVI}",0.000225548255760155,0.105548037889039,0.00213692514111224,2.91938292049421,78
"{_MORCOVI,SMANTANA 20% GRASIME FRISS 300G} => {LAPTE DE CONSUM 1.5% GRASIME FRISS CUTIE 1L}",0.000225548255760155,0.146067415730337,0.00154413805866568,4.4302418854173,78
"{_MORCOVI,LAPTE DE CONSUM 1.5% GRASIME FRISS CUTIE 1L} => {SMANTANA 20% GRASIME FRISS 300G}",0.000225548255760155,0.12,0.0018795687980013,5.40772478498827,78
"{APA MINERALA NATURALA CARBOGAZIFICATA CONTINUT REDUS CO2 TUSNAD 2L,SMANTANA 20% GRASIME FRISS 300G} => {LAPTE DE CONSUM 1.5% GRASIME FRISS CUTIE 1L}",0.000141690570926252,0.101449275362319,0.00139666419913019,3.07696844438682,49
"{_BANANE,SMANTANA 20% GRASIME FRISS 300G} => {LAPTE DE CONSUM 1.5% GRASIME FRISS CUTIE 1L}",0.000150365503840104,0.109014675052411,0.00137931433330249,3.30642790609761,52
"{_BANANE,SMANTANA 20% GRASIME FRISS 300G} => {PAINE CU CARTOFI FELII BACHUS 1.2 KG}",0.000156148792449338,0.113207547169811,0.00137931433330249,1.3753692883349,54
"{_LAMAIE^2 A nu se consuma coaja,LAPTE DE CONSUM 3.5% GRASIME FRISS CUTIE 1L} => {_BANANE}",0.000185065235495512,0.23021582733813,0.000803877116683631,4.24043452854228,64
"{_LAMAIE^2 A nu se consuma coaja,_PATRUNJEL RADACINA KG} => {_MORCOVI}",0.000581220505228093,0.747211895910781,0.000777852317942075,20.6673443726665,201
"{_LAMAIE^2 A nu se consuma coaja,_MORCOVI} => {_PATRUNJEL RADACINA KG}",0.000581220505228093,0.394117647058824,0.00147473859535486,19.9000352133845,201
"{_LAMAIE^2 A nu se consuma coaja,_PATRUNJEL RADACINA KG} => {_BANANE}",0.000153257148144721,0.197026022304833,0.000777852317942075,3.62909864913696,53
"{_LAMAIE^2 A nu se consuma coaja,OUA PROASPETE} => {_MORCOVI}",0.000101207550661608,0.114754098360656,0.0008819515129083,3.17401594109217,35
"{_LAMAIE^2 A nu se consuma coaja,OUA PROASPETE} => {_BANANE}",0.000257356343110947,0.291803278688525,0.0008819515129083,5.37483765907751,89
"{_BANANE,OUA PROASPETE} => {_LAMAIE^2 A nu se consuma coaja}",0.000257356343110947,0.119946091644205,0.00214560007402609,5.96923833598582,89
"{_LAMAIE^2 A nu se consuma coaja,LAPTE DE CONSUM 1.5% GRASIME FRISS CUTIE 1L} => {_MORCOVI}",0.000118557416489312,0.10379746835443,0.00114219950032386,2.87096342447433,41
"{_LAMAIE^2 A nu se consuma coaja,LAPTE DE CONSUM 1.5% GRASIME FRISS CUTIE 1L} => {_BANANE}",0.000182173591190895,0.159493670886076,0.00114219950032386,2.93777572519341,63
"{_LAMAIE^2 A nu se consuma coaja,_MORCOVI} => {_BANANE}",0.000271814564634033,0.184313725490196,0.00147473859535486,3.39494592830474,94
"{_LAMAIE^2 A nu se consuma coaja,APA MINERALA NATURALA CARBOGAZIFICATA CONTINUT REDUS CO2 TUSNAD 2L} => {_BANANE}",0.000257356343110947,0.225316455696203,0.00114219950032386,4.15019110384466,89
"{_LAMAIE^2 A nu se consuma coaja,PAINE CU CARTOFI FELII BACHUS 1.2 KG} => {_BANANE}",0.000254464698806329,0.149152542372881,0.00170607013972425,2.74729847209371,88
"{_PATRUNJEL RADACINA KG,LAPTE DE CONSUM 3.5% GRASIME FRISS CUTIE 1L} => {_MORCOVI}",0.000503146109003424,0.798165137614679,0.000630378458406588,22.0766744421706,174
"{_MORCOVI,LAPTE DE CONSUM 3.5% GRASIME FRISS CUTIE 1L} => {_PATRUNJEL RADACINA KG}",0.000503146109003424,0.421307506053269,0.00119424909780698,21.2729226125516,174
"{LAPTE DE CONSUM 3.5% GRASIME FRISS CUTIE 1L,OUA PROASPETE} => {_BANANE}",0.000159040436753956,0.217391304347826,0.000731586009068197,4.00421467029468,55
"{_MORCOVI,LAPTE DE CONSUM 3.5% GRASIME FRISS CUTIE 1L} => {APA MINERALA NATURALA CARBOGAZIFICATA CONTINUT REDUS CO2 TUSNAD 2L}",0.00012144906079393,0.101694915254237,0.00119424909780698,1.70745945394384,42
"{_MORCOVI,LAPTE DE CONSUM 3.5% GRASIME FRISS CUTIE 1L} => {_BANANE}",0.000164823725363191,0.138014527845036,0.00119424909780698,2.54214306671008,57
"{_MORCOVI,LAPTE DE CONSUM 3.5% GRASIME FRISS CUTIE 1L} => {PAINE CU CARTOFI FELII BACHUS 1.2 KG}",0.000135907282317017,0.113801452784504,0.00119424909780698,1.38258470429468,47
"{_BANANE,LAPTE DE CONSUM 3.5% GRASIME FRISS CUTIE 1L} => {PAINE CU CARTOFI FELII BACHUS 1.2 KG}",0.000248681410197094,0.132307692307692,0.0018795687980013,1.60741877339243,86
"{_PATRUNJEL RADACINA KG,OUA PROASPETE} => {_MORCOVI}",0.000740260941982049,0.746355685131195,0.00099183399648376,20.6436621974574,256
"{_MORCOVI,OUA PROASPETE} => {_PATRUNJEL RADACINA KG}",0.000740260941982049,0.441379310344828,0.00167715369667808,22.2864007330544,256
"{_PATRUNJEL RADACINA KG,OUA PROASPETE} => {_BANANE}",0.000124340705098547,0.12536443148688,0.00099183399648376,2.30913604018743,43
"{_PATRUNJEL RADACINA KG,FRANZELA ALBA BACHUS 1KG} => {_MORCOVI}",0.000439529934301841,0.694063926940639,0.000633270102711206,19.197309723292,152
"{_MORCOVI,FRANZELA ALBA BACHUS 1KG} => {_PATRUNJEL RADACINA KG}",0.000439529934301841,0.36104513064133,0.00121738225224392,18.230116989182,152
"{_PATRUNJEL RADACINA KG,LAPTE DE CONSUM 1.5% GRASIME FRISS CUTIE 1L} => {_MORCOVI}",0.000754719163505136,0.798165137614679,0.000945567687609883,22.0766744421706,261
"{_MORCOVI,LAPTE DE CONSUM 1.5% GRASIME FRISS CUTIE 1L} => {_PATRUNJEL RADACINA KG}",0.000754719163505136,0.401538461538462,0.0018795687980013,20.2747316284241,261
"{_PATRUNJEL RADACINA KG,LAPTE DE CONSUM 1.5% GRASIME FRISS CUTIE 1L} => {PAINE CU CARTOFI FELII BACHUS 1.2 KG}",0.000124340705098547,0.131498470948012,0.000945567687609883,1.5975874659099,43
"{_PATRUNJEL RADACINA KG,APA MINERALA NATURALA CARBOGAZIFICATA CONTINUT REDUS CO2 TUSNAD 2L} => {_MORCOVI}",0.000746044230591283,0.743515850144092,0.00100340057370223,20.5651144013621,258
"{_MORCOVI,APA MINERALA NATURALA CARBOGAZIFICATA CONTINUT REDUS CO2 TUSNAD 2L} => {_PATRUNJEL RADACINA KG}",0.000746044230591283,0.413461538461538,0.00180438604608124,20.8767591001494,258
"{_BANANE,_PATRUNJEL RADACINA KG} => {_MORCOVI}",0.00131858980290552,0.83363802559415,0.00158172943462571,23.0578290460746,456
"{_BANANE,_MORCOVI} => {_PATRUNJEL RADACINA KG}",0.00131858980290552,0.429783223374175,0.00306803460719904,21.7008838429188,456
"{_PATRUNJEL RADACINA KG,PAINE CU CARTOFI FELII BACHUS 1.2 KG} => {_MORCOVI}",0.00125208198389932,0.787272727272727,0.00159040436753956,21.7753981953422,433
"{_MORCOVI,PAINE CU CARTOFI FELII BACHUS 1.2 KG} => {_PATRUNJEL RADACINA KG}",0.00125208198389932,0.413167938931298,0.00303044323123901,20.8619344886811,433
"{_BANANE,_PATRUNJEL RADACINA KG} => {PAINE CU CARTOFI FELII BACHUS 1.2 KG}",0.000202415101323216,0.127970749542962,0.00158172943462571,1.55472884208485,70
"{_PATRUNJEL RADACINA KG,PAINE CU CARTOFI FELII BACHUS 1.2 KG} => {_BANANE}",0.000202415101323216,0.127272727272727,0.00159040436753956,2.34428567969979,70
"{LAPTE DE CONSUM 1.5% GRASIME FRISS CUTIE 1L,OUA PROASPETE} => {PAINE CU CARTOFI FELII BACHUS 1.2 KG}",0.000159040436753956,0.117521367521368,0.00135328953456093,1.4277783032394,55
"{_MORCOVI,OUA PROASPETE} => {_BANANE}",0.000225548255760155,0.13448275862069,0.00167715369667808,2.47709004086505,78
"{_BANANE,OUA PROASPETE} => {_MORCOVI}",0.000225548255760155,0.105121293800539,0.00214560007402609,2.90757948550569,78
"{_MORCOVI,LAPTE DE CONSUM 1.5% GRASIME FRISS CUTIE 1L} => {PAINE CU CARTOFI FELII BACHUS 1.2 KG}",0.000251573054501712,0.133846153846154,0.0018795687980013,1.6261096893621,87
"{APA MINERALA NATURALA CARBOGAZIFICATA CONTINUT REDUS CO2 TUSNAD 2L,LAPTE DE CONSUM 1.5% GRASIME FRISS CUTIE 1L} => {_BANANE}",0.000208198389932451,0.104499274310595,0.00199234292588137,1.92481262525631,72
"{APA MINERALA NATURALA CARBOGAZIFICATA CONTINUT REDUS CO2 TUSNAD 2L,LAPTE DE CONSUM 1.5% GRASIME FRISS CUTIE 1L} => {PAINE CU CARTOFI FELII BACHUS 1.2 KG}",0.000202415101323216,0.101596516690856,0.00199234292588137,1.2343057715826,70
"{_BANANE,_MORCOVI} => {PAINE CU CARTOFI FELII BACHUS 1.2 KG}",0.000332539095030998,0.108388312912347,0.00306803460719904,1.31681995168099,115
"{_MORCOVI,PAINE CU CARTOFI FELII BACHUS 1.2 KG} => {_BANANE}",0.000332539095030998,0.109732824427481,0.00303044323123901,2.02121141277279,115
"{_BANANE,APA MINERALA NATURALA CARBOGAZIFICATA CONTINUT REDUS CO2 TUSNAD 2L} => {PAINE CU CARTOFI FELII BACHUS 1.2 KG}",0.000396155269732581,0.102775693923481,0.00385456185805496,1.24863170825202,137
"{_PATRUNJEL RADACINA KG,_TELINA,BONDUELLE MAZARE VERDE BOABE 200G} => {_MORCOVI}",0.000133015638012399,0.938775510204082,0.000141690570926251,25.9658563577394,46
"{_MORCOVI,_TELINA,BONDUELLE MAZARE VERDE BOABE 200G} => {_PATRUNJEL RADACINA KG}",0.000133015638012399,0.73015873015873,0.000182173591190895,36.8676321650478,46
"{_MORCOVI,_PATRUNJEL RADACINA KG,BONDUELLE MAZARE VERDE BOABE 200G} => {_TELINA}",0.000133015638012399,0.58974358974359,0.000225548255760155,33.5937221511262,46
"{DANONE ACTIVIA NATUR 125G,DANONE IAURT DELICIOS BISCUITI 125G,DANONE IAURT DELICIOS VISINE 125G} => {_BANANE}",0.000124340705098547,0.877551020408163,0.000141690570926252,16.163952281312,43
"{_BANANE,DANONE IAURT DELICIOS BISCUITI 125G,DANONE IAURT DELICIOS VISINE 125G} => {DANONE ACTIVIA NATUR 125G}",0.000124340705098547,0.671875,0.000185065235495512,67.9586136297163,43
"{_BANANE,DANONE ACTIVIA NATUR 125G,DANONE IAURT DELICIOS VISINE 125G} => {DANONE IAURT DELICIOS BISCUITI 125G}",0.000124340705098547,0.796296296296296,0.000156148792449338,251.028596508998,43
"{_BANANE,DANONE ACTIVIA NATUR 125G,DANONE IAURT DELICIOS BISCUITI 125G} => {DANONE IAURT DELICIOS VISINE 125G}",0.000124340705098547,0.573333333333333,0.000216873322846303,399.742795698925,43
"{HARTIE IGIENICA SOFFTY ECONOMAX 50M,NESCAFE BRASERO 1.8G,SZEKELYHON} => {_BANANE}",0.00010988248357546,0.666666666666667,0.000164823725363191,12.2795916555703,38
"{_BANANE,HARTIE IGIENICA SOFFTY ECONOMAX 50M,NESCAFE BRASERO 1.8G} => {SZEKELYHON}",0.00010988248357546,0.775510204081633,0.000141690570926252,45.4636448239238,38
"{_BANANE,NESCAFE BRASERO 1.8G,SZEKELYHON} => {HARTIE IGIENICA SOFFTY ECONOMAX 50M}",0.00010988248357546,0.336283185840708,0.000326755806421764,137.302002904577,38
"{_BANANE,HARTIE IGIENICA SOFFTY ECONOMAX 50M,SZEKELYHON} => {NESCAFE BRASERO 1.8G}",0.00010988248357546,0.463414634146341,0.000237114832978625,245.797396378872,38
"{NESCAFE BRASERO 1.8G,OUA PROASPETE,SZEKELYHON} => {_BANANE}",0.000104099194966226,0.642857142857143,0.000161932081058573,11.8410348107286,36
"{_BANANE,NESCAFE BRASERO 1.8G,SZEKELYHON} => {OUA PROASPETE}",0.000104099194966226,0.31858407079646,0.000326755806421764,11.141067620499,36
"{_BANANE,NESCAFE BRASERO 1.8G,OUA PROASPETE} => {SZEKELYHON}",0.000104099194966226,0.610169491525424,0.000170607013972425,35.770682189742,36
"{_BANANE,OUA PROASPETE,SZEKELYHON} => {NESCAFE BRASERO 1.8G}",0.000104099194966226,0.428571428571429,0.00024289812158786,227.31638913234,36
"{_CONOPIDA,_PATRUNJEL RADACINA KG,_TELINA} => {_MORCOVI}",0.000115665772184695,0.689655172413793,0.000167715369667808,19.0753667395687,40
"{_CONOPIDA,_MORCOVI,_TELINA} => {_PATRUNJEL RADACINA KG}",0.000115665772184695,0.606060606060606,0.000190848524104747,30.6015919156524,40
"{_CONOPIDA,_MORCOVI,_PATRUNJEL RADACINA KG} => {_TELINA}",0.000115665772184695,0.493827160493827,0.000234223188674008,28.1300088866113,40
"{_PATRUNJEL RADACINA KG,_TELINA,PULPE DE PUI INFERIOARE REFR.VRAC SZEKELY CSURKE} => {_MORCOVI}",0.000150365503840104,0.825396825396825,0.000182173591190895,22.8298833676743,52
"{_MORCOVI,_TELINA,PULPE DE PUI INFERIOARE REFR.VRAC SZEKELY CSURKE} => {_PATRUNJEL RADACINA KG}",0.000150365503840104,0.787878787878788,0.000190848524104747,39.7820694903481,52
"{_MORCOVI,_PATRUNJEL RADACINA KG,PULPE DE PUI INFERIOARE REFR.VRAC SZEKELY CSURKE} => {_TELINA}",0.000150365503840104,0.584269662921348,0.000257356343110947,33.2819093905637,52
"{_PATRUNJEL RADACINA KG,_TELINA,PULPE DE PUI SUPERIOARE REFR.VRAC SZEKELY CSURKE} => {_MORCOVI}",0.000127232349403165,0.88,0.000144582215230869,24.3401679596897,44
"{_MORCOVI,_TELINA,PULPE DE PUI SUPERIOARE REFR.VRAC SZEKELY CSURKE} => {_PATRUNJEL RADACINA KG}",0.000127232349403165,0.814814814814815,0.000156148792449338,41.1421402421548,44
"{_MORCOVI,_PATRUNJEL RADACINA KG,PULPE DE PUI SUPERIOARE REFR.VRAC SZEKELY CSURKE} => {_TELINA}",0.000127232349403165,0.586666666666667,0.000216873322846303,33.4184505572942,44
"{_ROSII CHERRY VRAC,DANONE ACTIVIA NATUR 125G,DANONE IAURT DELICIOS BISCUITI 125G} => {_BANANE}",0.000106990839270843,0.925,0.000115665772184695,17.0379334221039,37
"{_BANANE,_ROSII CHERRY VRAC,DANONE IAURT DELICIOS BISCUITI 125G} => {DANONE ACTIVIA NATUR 125G}",0.000106990839270843,0.69811320754717,0.000153257148144721,70.6125480803722,37
"{_BANANE,DANONE ACTIVIA NATUR 125G,DANONE IAURT DELICIOS BISCUITI 125G} => {_ROSII CHERRY VRAC}",0.000106990839270843,0.493333333333333,0.000216873322846303,72.8776192510323,37
"{_BANANE,_ROSII CHERRY VRAC,DANONE ACTIVIA NATUR 125G} => {DANONE IAURT DELICIOS BISCUITI 125G}",0.000106990839270843,0.596774193548387,0.000179281946886277,188.130208486488,37
"{_ROSII CHERRY VRAC,DANONE IAURT DELICIOS BISCUITI 125G,PUFULETI GUSTO 45G} => {_BANANE}",0.000104099194966226,0.923076923076923,0.000112774127880078,17.0025115230974,36
"{_BANANE,_ROSII CHERRY VRAC,DANONE IAURT DELICIOS BISCUITI 125G} => {PUFULETI GUSTO 45G}",0.000104099194966226,0.679245283018868,0.000153257148144721,55.981725632678,36
"{_BANANE,DANONE IAURT DELICIOS BISCUITI 125G,PUFULETI GUSTO 45G} => {_ROSII CHERRY VRAC}",0.000104099194966226,0.521739130434783,0.000199523457018599,77.073862897684,36
"{_BANANE,_ROSII CHERRY VRAC,PUFULETI GUSTO 45G} => {DANONE IAURT DELICIOS BISCUITI 125G}",0.000104099194966226,0.545454545454545,0.000190848524104747,171.951935029419,36
"{DANONE ACTIVIA NATUR 125G,DANONE IAURT DELICIOS BISCUITI 125G,PUFULETI GUSTO 45G} => {_BANANE}",0.000127232349403165,0.916666666666667,0.000138798926621634,16.8844385264092,44
"{_BANANE,DANONE ACTIVIA NATUR 125G,DANONE IAURT DELICIOS BISCUITI 125G} => {PUFULETI GUSTO 45G}",0.000127232349403165,0.586666666666667,0.000216873322846303,48.3516237686686,44
"{_BANANE,DANONE IAURT DELICIOS BISCUITI 125G,PUFULETI GUSTO 45G} => {DANONE ACTIVIA NATUR 125G}",0.000127232349403165,0.63768115942029,0.000199523457018599,64.4999851638966,44
"{_BANANE,DANONE ACTIVIA NATUR 125G,PUFULETI GUSTO 45G} => {DANONE IAURT DELICIOS BISCUITI 125G}",0.000127232349403165,0.54320987654321,0.000234223188674008,171.244313897611,44
"{_CARTOFI ROSII,_PATRUNJEL RADACINA KG,_TELINA} => {_MORCOVI}",0.000144582215230869,0.862068965517241,0.000167715369667808,23.8442084244609,50
"{_CARTOFI ROSII,_MORCOVI,_TELINA} => {_PATRUNJEL RADACINA KG}",0.000144582215230869,0.684931506849315,0.000211090034237069,34.5839908635797,50
"{_CARTOFI ROSII,_MORCOVI,_PATRUNJEL RADACINA KG} => {_TELINA}",0.000144582215230869,0.581395348837209,0.000248681410197094,33.118179067086,50
"{_GULII,_PATRUNJEL FRUNZE LEGATURA,_PATRUNJEL RADACINA KG} => {_MORCOVI}",0.000115665772184695,0.833333333333333,0.000138798926621634,23.0494014769789,40
"{_GULII,_MORCOVI,_PATRUNJEL FRUNZE LEGATURA} => {_PATRUNJEL RADACINA KG}",0.000115665772184695,0.851063829787234,0.000135907282317017,42.9724482219799,40
"{_MORCOVI,_PATRUNJEL FRUNZE LEGATURA,_PATRUNJEL RADACINA KG} => {_GULII}",0.000115665772184695,0.317460317460317,0.00036434718238179,46.8567634764818,40
"{_PATRUNJEL FRUNZE LEGATURA,_PATRUNJEL RADACINA KG,_TELINA} => {_MORCOVI}",0.000185065235495512,0.82051282051282,0.000225548255760155,22.69479530041,64
"{_MORCOVI,_PATRUNJEL FRUNZE LEGATURA,_TELINA} => {_PATRUNJEL RADACINA KG}",0.000185065235495512,0.65979381443299,0.000280489497547886,33.3147227452875,64
"{_MORCOVI,_PATRUNJEL FRUNZE LEGATURA,_PATRUNJEL RADACINA KG} => {_TELINA}",0.000185065235495512,0.507936507936508,0.00036434718238179,28.9337234262288,64
"{_PATRUNJEL RADACINA KG,_TELINA,CONSERVA MAZARE VERDE GREEN PEAS 400G} => {_MORCOVI}",0.000130123993707782,0.865384615384615,0.000150365503840104,23.9359169184011,45
"{_MORCOVI,_TELINA,CONSERVA MAZARE VERDE GREEN PEAS 400G} => {_PATRUNJEL RADACINA KG}",0.000130123993707782,0.671641791044776,0.000193740168409364,33.9129582050327,45
"{_MORCOVI,_PATRUNJEL RADACINA KG,CONSERVA MAZARE VERDE GREEN PEAS 400G} => {_TELINA}",0.000130123993707782,0.523255813953488,0.000248681410197094,29.8063611603774,45
"{_CEAPA ROSIE,_PATRUNJEL RADACINA KG,_TELINA} => {_MORCOVI}",0.000127232349403165,0.846153846153846,0.000150365503840104,23.4040076535478,44
"{_CEAPA ROSIE,_MORCOVI,_TELINA} => {_PATRUNJEL RADACINA KG}",0.000127232349403165,0.771929824561403,0.000164823725363191,38.9767644399362,44
"{_CEAPA ROSIE,_MORCOVI,_PATRUNJEL RADACINA KG} => {_TELINA}",0.000127232349403165,0.54320987654321,0.000234223188674008,30.9430097752724,44
"{_ARDEI IUTE,_PATRUNJEL RADACINA KG,_TELINA} => {_MORCOVI}",0.000167715369667808,0.935483870967742,0.000179281946886277,25.8748119806085,58
"{_ARDEI IUTE,_MORCOVI,_TELINA} => {_PATRUNJEL RADACINA KG}",0.000167715369667808,0.763157894736842,0.000219764967150921,38.5338466622096,58
"{_ARDEI IUTE,_MORCOVI,_PATRUNJEL RADACINA KG} => {_TELINA}",0.000167715369667808,0.623655913978495,0.000268922920329416,35.5254789648656,58
"{_PATRUNJEL RADACINA KG,_TELINA,SMANTANA 20% GRASIME FRISS 170G} => {_MORCOVI}",0.000124340705098547,0.826923076923077,0.000150365503840104,22.8720983886944,43
"{_MORCOVI,_TELINA,SMANTANA 20% GRASIME FRISS 170G} => {_PATRUNJEL RADACINA KG}",0.000124340705098547,0.728813559322034,0.000170607013972425,36.7997109561955,43
"{_MORCOVI,_PATRUNJEL RADACINA KG,SMANTANA 20% GRASIME FRISS 170G} => {_TELINA}",0.000124340705098547,0.544303797468354,0.000228439900064773,31.0053230860972,43
"{_PATRUNJEL RADACINA KG,_TELINA,BERE BUCEGI DOZA 500ML} => {_MORCOVI}",0.000106990839270843,0.902439024390244,0.000118557416489312,24.9608152579966,37
"{_MORCOVI,_TELINA,BERE BUCEGI DOZA 500ML} => {_PATRUNJEL RADACINA KG}",0.000106990839270843,0.822222222222222,0.000130123993707782,41.5161596989017,37
"{_MORCOVI,_PATRUNJEL RADACINA KG,BERE BUCEGI DOZA 500ML} => {_TELINA}",0.000106990839270843,0.569230769230769,0.00018795687980013,32.4252448589131,37
"{_PATRUNJEL RADACINA KG,_TELINA,CREMWURSTI DE PUI CRISTUR} => {_MORCOVI}",0.000106990839270843,0.822222222222222,0.000130123993707782,22.7420761239525,37
"{_MORCOVI,_TELINA,CREMWURSTI DE PUI CRISTUR} => {_PATRUNJEL RADACINA KG}",0.000106990839270843,0.787234042553192,0.000135907282317017,39.7495146053314,37
"{_MORCOVI,_PATRUNJEL RADACINA KG,CREMWURSTI DE PUI CRISTUR} => {_TELINA}",0.000106990839270843,0.587301587301587,0.000182173591190895,33.454617711577,37
"{_CASTRAVETI FABIO,_PATRUNJEL RADACINA KG,_TELINA} => {_MORCOVI}",0.000101207550661608,0.813953488372093,0.000124340705098547,22.513368884491,35
"{_CASTRAVETI FABIO,_MORCOVI,_TELINA} => {_PATRUNJEL RADACINA KG}",0.000101207550661608,0.636363636363636,0.000159040436753956,32.131671511435,35
"{_CASTRAVETI FABIO,_MORCOVI,_PATRUNJEL RADACINA KG} => {_TELINA}",0.000101207550661608,0.564516129032258,0.000179281946886277,32.1566835457835,35
"{_PATRUNJEL RADACINA KG,_TELINA,_VARZA ALBA} => {_MORCOVI}",0.000263139631720181,0.827272727272727,0.000318080873507912,22.8817694662372,91
"{_MORCOVI,_TELINA,_VARZA ALBA} => {_PATRUNJEL RADACINA KG}",0.000263139631720181,0.798245614035088,0.000329647450726381,40.3055177731158,91
"{_MORCOVI,_PATRUNJEL RADACINA KG,_VARZA ALBA} => {_TELINA}",0.000263139631720181,0.572327044025157,0.000459771444434163,32.6016187898132,91
"{_PATRUNJEL RADACINA KG,_TELINA,GRASIME VEGETALA TARTINABILA CU 70% GRASIME RAMA 250G} => {_MORCOVI}",0.000138798926621634,0.857142857142857,0.000161932081058573,23.7079558048925,48
"{_MORCOVI,_TELINA,GRASIME VEGETALA TARTINABILA CU 70% GRASIME RAMA 250G} => {_PATRUNJEL RADACINA KG}",0.000138798926621634,0.64,0.000216873322846303,32.3152810629289,48
"{_MORCOVI,_PATRUNJEL RADACINA KG,GRASIME VEGETALA TARTINABILA CU 70% GRASIME RAMA 250G} => {_TELINA}",0.000138798926621634,0.545454545454545,0.000254464698806329,31.0708734520298,48
"{_ROSII CHERRY VRAC,DANONE ACTIVIA NATUR 125G,PUFULETI GUSTO 45G} => {_BANANE}",0.000106990839270843,0.948717948717949,0.000112774127880078,17.4748035098501,37
"{_BANANE,_ROSII CHERRY VRAC,DANONE ACTIVIA NATUR 125G} => {PUFULETI GUSTO 45G}",0.000106990839270843,0.596774193548387,0.000179281946886277,49.184661274947,37
"{_BANANE,_ROSII CHERRY VRAC,PUFULETI GUSTO 45G} => {DANONE ACTIVIA NATUR 125G}",0.000106990839270843,0.560606060606061,0.000190848524104747,56.7040158827231,37
"{_BANANE,DANONE ACTIVIA NATUR 125G,PUFULETI GUSTO 45G} => {_ROSII CHERRY VRAC}",0.000106990839270843,0.45679012345679,0.000234223188674008,67.4792770842892,37
"{_PATRUNJEL RADACINA KG,_TELINA,CARNE TOCATA PORC VRAC} => {_MORCOVI}",0.00012144906079393,0.84,0.000144582215230869,23.2337966887947,42
"{_MORCOVI,_TELINA,CARNE TOCATA PORC VRAC} => {_PATRUNJEL RADACINA KG}",0.00012144906079393,0.591549295774648,0.000205306745627834,29.8688777430241,42
"{_MORCOVI,_PATRUNJEL RADACINA KG,CARNE TOCATA PORC VRAC} => {_TELINA}",0.00012144906079393,0.518518518518518,0.000234223188674008,29.5365093309419,42
"{_PATRUNJEL RADACINA KG,_TELINA,DR.OETKER ZAHAR VANILINAT 8G} => {_MORCOVI}",0.000118557416489312,0.836734693877551,0.000141690570926251,23.1434806666808,41
"{_MORCOVI,_TELINA,DR.OETKER ZAHAR VANILINAT 8G} => {_PATRUNJEL RADACINA KG}",0.000118557416489312,0.803921568627451,0.000147473859535486,40.5921116292918,41
"{_MORCOVI,_PATRUNJEL RADACINA KG,DR.OETKER ZAHAR VANILINAT 8G} => {_TELINA}",0.000118557416489312,0.532467532467532,0.000222656611455538,30.331090750791,41
"{_GULII,_TELINA,PULPE PUI CU SPATE REFR.VRAC SZEKELY CSURKE} => {_PATRUNJEL RADACINA KG}",0.000115665772184695,0.833333333333333,0.000138798926621634,42.077188884022,40
"{_GULII,_PATRUNJEL RADACINA KG,PULPE PUI CU SPATE REFR.VRAC SZEKELY CSURKE} => {_TELINA}",0.000115665772184695,0.714285714285714,0.000161932081058573,40.6880485681342,40
"{_PATRUNJEL RADACINA KG,_TELINA,PULPE PUI CU SPATE REFR.VRAC SZEKELY CSURKE} => {_GULII}",0.000115665772184695,0.296296296296296,0.000390371981123346,43.7329792447163,40
"{_GULII,_TELINA,PULPE PUI CU SPATE REFR.VRAC SZEKELY CSURKE} => {_MORCOVI}",0.000112774127880078,0.8125,0.000138798926621634,22.4731664400544,39
"{_GULII,_MORCOVI,PULPE PUI CU SPATE REFR.VRAC SZEKELY CSURKE} => {_TELINA}",0.000112774127880078,0.661016949152542,0.000170607013972425,37.65368562407,39
"{_MORCOVI,_TELINA,PULPE PUI CU SPATE REFR.VRAC SZEKELY CSURKE} => {_GULII}",0.000112774127880078,0.253246753246753,0.000445313222911076,37.3789181369207,39
"{_GULII,_PATRUNJEL RADACINA KG,PULPE PUI CU SPATE REFR.VRAC SZEKELY CSURKE} => {_MORCOVI}",0.000153257148144721,0.946428571428571,0.000161932081058573,26.1775345345688,53
"{_GULII,_MORCOVI,PULPE PUI CU SPATE REFR.VRAC SZEKELY CSURKE} => {_PATRUNJEL RADACINA KG}",0.000153257148144721,0.898305084745763,0.000170607013972425,45.3577832715898,53
"{_MORCOVI,_PATRUNJEL RADACINA KG,PULPE PUI CU SPATE REFR.VRAC SZEKELY CSURKE} => {_GULII}",0.000153257148144721,0.236607142857143,0.000647728324234293,34.9229315285653,53
"{_ARDEI GRAS ROMANIA,_GULII,_TELINA} => {_PATRUNJEL RADACINA KG}",0.000112774127880078,0.672413793103448,0.000167715369667808,33.9519386167626,39
"{_ARDEI GRAS ROMANIA,_GULII,_PATRUNJEL RADACINA KG} => {_TELINA}",0.000112774127880078,0.735849056603774,0.000153257148144721,41.9163670154741,39
"{_ARDEI GRAS ROMANIA,_PATRUNJEL RADACINA KG,_TELINA} => {_GULII}",0.000112774127880078,0.278571428571429,0.000404830202646433,41.1168099506128,39
"{_ARDEI GRAS ROMANIA,_GULII,_TELINA} => {_MORCOVI}",0.000133015638012399,0.793103448275862,0.000167715369667808,21.936671750504,46
"{_ARDEI GRAS ROMANIA,_GULII,_MORCOVI} => {_TELINA}",0.000133015638012399,0.779661016949153,0.000170607013972425,44.4120394540313,46
"{_ARDEI GRAS ROMANIA,_MORCOVI,_TELINA} => {_GULII}",0.000133015638012399,0.261363636363636,0.000508929397612658,38.5769603848989,46
"{_ARDEI GRAS ROMANIA,_GULII,_PATRUNJEL RADACINA KG} => {_MORCOVI}",0.000130123993707782,0.849056603773585,0.000153257148144721,23.484295844469,45
"{_ARDEI GRAS ROMANIA,_GULII,_MORCOVI} => {_PATRUNJEL RADACINA KG}",0.000130123993707782,0.76271186440678,0.000170607013972425,38.5113254192744,45
"{_ARDEI GRAS ROMANIA,_MORCOVI,_PATRUNJEL RADACINA KG} => {_GULII}",0.000130123993707782,0.223880597014925,0.000581220505228093,33.044508571101,45
"{_ARDEI ALB BIANCA,_GULII,_TELINA} => {_PATRUNJEL RADACINA KG}",0.000240006477283242,0.783018867924528,0.000306514296289442,39.5366793664961,83
"{_ARDEI ALB BIANCA,_GULII,_PATRUNJEL RADACINA KG} => {_TELINA}",0.000240006477283242,0.813725490196078,0.000294947719070973,46.3524631727176,83
"{_GULII,_PATRUNJEL RADACINA KG,_TELINA} => {_ARDEI ALB BIANCA}",0.000240006477283242,0.112162162162162,0.00213981678541686,12.7050008409982,83
"{_ARDEI ALB BIANCA,_PATRUNJEL RADACINA KG,_TELINA} => {_GULII}",0.000240006477283242,0.308550185873606,0.000777852317942075,45.5416387023277,83
"{_ARDEI ALB BIANCA,_GULII,_TELINA} => {_MORCOVI}",0.000263139631720181,0.858490566037736,0.000306514296289442,23.7452324649631,91
"{_ARDEI ALB BIANCA,_GULII,_MORCOVI} => {_TELINA}",0.000263139631720181,0.764705882352941,0.000344105672249468,43.5601461141202,91
"{_GULII,_MORCOVI,_TELINA} => {_ARDEI ALB BIANCA}",0.000263139631720181,0.114321608040201,0.00230174886647543,12.9496088368472,91
"{_ARDEI ALB BIANCA,_MORCOVI,_TELINA} => {_GULII}",0.000263139631720181,0.285266457680251,0.000922434533172944,42.1049882461865,91
"{_ARDEI ALB BIANCA,_GULII,_PATRUNJEL RADACINA KG} => {_MORCOVI}",0.000271814564634033,0.92156862745098,0.000294947719070973,25.4899263392472,94
"{_ARDEI ALB BIANCA,_GULII,_MORCOVI} => {_PATRUNJEL RADACINA KG}",0.000271814564634033,0.789915966386555,0.000344105672249468,39.8849319841822,94
"{_GULII,_MORCOVI,_PATRUNJEL RADACINA KG} => {_ARDEI ALB BIANCA}",0.000271814564634033,0.109684947491249,0.00247813916905709,12.4243980613212,94
"{_ARDEI ALB BIANCA,_MORCOVI,_PATRUNJEL RADACINA KG} => {_GULII}",0.000271814564634033,0.259668508287293,0.00104677523827149,38.3267615065919,94
"{_GULII,_TELINA,PASTE ATA PAIANJENULUI CU 8 OUA GYERMELYI 250G} => {_PATRUNJEL RADACINA KG}",0.000240006477283242,0.761467889908257,0.000315189229203294,38.4485138793449,83
"{_GULII,_PATRUNJEL RADACINA KG,PASTE ATA PAIANJENULUI CU 8 OUA GYERMELYI 250G} => {_TELINA}",0.000240006477283242,0.813725490196078,0.000294947719070973,46.3524631727176,83
"{_GULII,_PATRUNJEL RADACINA KG,_TELINA} => {PASTE ATA PAIANJENULUI CU 8 OUA GYERMELYI 250G}",0.000240006477283242,0.112162162162162,0.00213981678541686,10.0124851749013,83
"{_PATRUNJEL RADACINA KG,_TELINA,PASTE ATA PAIANJENULUI CU 8 OUA GYERMELYI 250G} => {_GULII}",0.000240006477283242,0.293286219081272,0.000818335338206718,43.2886954449688,83
"{_GULII,_TELINA,PASTE ATA PAIANJENULUI CU 8 OUA GYERMELYI 250G} => {_MORCOVI}",0.000260247987415564,0.825688073394495,0.000315189229203294,22.8379390781075,90
"{_GULII,_MORCOVI,PASTE ATA PAIANJENULUI CU 8 OUA GYERMELYI 250G} => {_TELINA}",0.000260247987415564,0.775862068965517,0.000335430739335616,44.1956389619389,90
"{_GULII,_MORCOVI,_TELINA} => {PASTE ATA PAIANJENULUI CU 8 OUA GYERMELYI 250G}",0.000260247987415564,0.113065326633166,0.00230174886647543,10.0931088068115,90
"{_MORCOVI,_TELINA,PASTE ATA PAIANJENULUI CU 8 OUA GYERMELYI 250G} => {_GULII}",0.000260247987415564,0.28125,0.000925326177477561,41.5121638924456,90
"{_GULII,_PATRUNJEL RADACINA KG,PASTE ATA PAIANJENULUI CU 8 OUA GYERMELYI 250G} => {_MORCOVI}",0.000271814564634033,0.92156862745098,0.000294947719070973,25.4899263392472,94
"{_GULII,_MORCOVI,PASTE ATA PAIANJENULUI CU 8 OUA GYERMELYI 250G} => {_PATRUNJEL RADACINA KG}",0.000271814564634033,0.810344827586207,0.000335430739335616,40.9164388458421,94
"{_GULII,_MORCOVI,_PATRUNJEL RADACINA KG} => {PASTE ATA PAIANJENULUI CU 8 OUA GYERMELYI 250G}",0.000271814564634033,0.109684947491249,0.00247813916905709,9.79134932400969,94
"{_MORCOVI,_PATRUNJEL RADACINA KG,PASTE ATA PAIANJENULUI CU 8 OUA GYERMELYI 250G} => {_GULII}",0.000271814564634033,0.258241758241758,0.00105255852688073,38.1161749049073,94
"{_CARTOFI ALBI,_GULII,_TELINA} => {_PATRUNJEL RADACINA KG}",0.000133015638012399,0.836363636363636,0.000159040436753956,42.2301968436003,46
"{_CARTOFI ALBI,_GULII,_PATRUNJEL RADACINA KG} => {_TELINA}",0.000133015638012399,0.741935483870968,0.000179281946886277,42.2630698030297,46
"{_CARTOFI ALBI,_PATRUNJEL RADACINA KG,_TELINA} => {_GULII}",0.000133015638012399,0.265895953757225,0.000500254464698806,39.2459250158509,46
"{_CARTOFI ALBI,_GULII,_TELINA} => {_MORCOVI}",0.000130123993707782,0.818181818181818,0.000159040436753956,22.6303214501247,45
"{_CARTOFI ALBI,_GULII,_MORCOVI} => {_TELINA}",0.000130123993707782,0.661764705882353,0.000196631812713982,37.6962802910655,45
"{_CARTOFI ALBI,_MORCOVI,_TELINA} => {_GULII}",0.000130123993707782,0.231958762886598,0.000560978995095771,34.2368361999551,45
"{_CARTOFI ALBI,_GULII,_PATRUNJEL RADACINA KG} => {_MORCOVI}",0.000153257148144721,0.854838709677419,0.000179281946886277,23.6442247409009,53
"{_CARTOFI ALBI,_GULII,_MORCOVI} => {_PATRUNJEL RADACINA KG}",0.000153257148144721,0.779411764705882,0.000196631812713982,39.35454725035,53
"{_CARTOFI ALBI,_MORCOVI,_PATRUNJEL RADACINA KG} => {_GULII}",0.000153257148144721,0.184027777777778,0.000832793559729805,27.162280077773,53
"{_GULII,_TELINA,_USTUROI} => {_PATRUNJEL RADACINA KG}",0.000147473859535486,0.708333333333333,0.000208198389932451,35.7656105514187,51
"{_GULII,_PATRUNJEL RADACINA KG,_USTUROI} => {_TELINA}",0.000147473859535486,0.784615384615385,0.00018795687980013,44.6942564271505,51
"{_PATRUNJEL RADACINA KG,_TELINA,_USTUROI} => {_GULII}",0.000147473859535486,0.274193548387097,0.000537845840658832,40.4706400671871,51
"{_GULII,_TELINA,_USTUROI} => {_MORCOVI}",0.000173498658277043,0.833333333333333,0.000208198389932451,23.0494014769789,60
"{_GULII,_MORCOVI,_USTUROI} => {_TELINA}",0.000173498658277043,0.714285714285714,0.00024289812158786,40.6880485681342,60
"{_MORCOVI,_TELINA,_USTUROI} => {_GULII}",0.000173498658277043,0.265486725663717,0.000653511612843527,39.1855234382967,60
"{_GULII,_PATRUNJEL RADACINA KG,_USTUROI} => {_MORCOVI}",0.000164823725363191,0.876923076923077,0.00018795687980013,24.2550624773131,57
"{_GULII,_MORCOVI,_USTUROI} => {_PATRUNJEL RADACINA KG}",0.000164823725363191,0.678571428571429,0.00024289812158786,34.2628538055608,57
"{_MORCOVI,_PATRUNJEL RADACINA KG,_USTUROI} => {_GULII}",0.000164823725363191,0.195876288659794,0.000841468492643657,28.9111061244065,57
"{_GULII,_TELINA,GOBE 10 OUA PROASPETE L} => {_MORCOVI}",0.000106990839270843,0.840909090909091,0.000127232349403165,23.2589414904059,37
"{_GULII,_MORCOVI,GOBE 10 OUA PROASPETE L} => {_TELINA}",0.000106990839270843,0.725490196078431,0.000147473859535486,41.3262924672422,37
"{_MORCOVI,_TELINA,GOBE 10 OUA PROASPETE L} => {_GULII}",0.000106990839270843,0.333333333333333,0.000320972517812529,49.1996016503059,37
"{_GULII,_ROSII VRAC,_TELINA} => {_PATRUNJEL RADACINA KG}",0.000101207550661608,0.833333333333333,0.00012144906079393,42.077188884022,35
"{_GULII,_PATRUNJEL RADACINA KG,_ROSII VRAC} => {_TELINA}",0.000101207550661608,0.7,0.000144582215230869,39.8742875967715,35
"{_PATRUNJEL RADACINA KG,_ROSII VRAC,_TELINA} => {_GULII}",0.000101207550661608,0.309734513274336,0.000326755806421764,45.7164440113462,35
"{_GULII,_ROSII VRAC,_TELINA} => {_MORCOVI}",0.000104099194966226,0.857142857142857,0.00012144906079393,23.7079558048925,36
"{_GULII,_MORCOVI,_ROSII VRAC} => {_TELINA}",0.000104099194966226,0.666666666666667,0.000156148792449338,37.9755119969253,36
"{_MORCOVI,_ROSII VRAC,_TELINA} => {_GULII}",0.000104099194966226,0.272727272727273,0.000381697048209494,40.2542195320684,36
"{_GULII,_PATRUNJEL RADACINA KG,_ROSII VRAC} => {_MORCOVI}",0.000124340705098547,0.86,0.000144582215230869,23.7869823242422,43
"{_GULII,_MORCOVI,_ROSII VRAC} => {_PATRUNJEL RADACINA KG}",0.000124340705098547,0.796296296296296,0.000156148792449338,40.2070916002877,43
"{_MORCOVI,_PATRUNJEL RADACINA KG,_ROSII VRAC} => {_GULII}",0.000124340705098547,0.220512820512821,0.000563870639400389,32.5474287840485,43
"{_ARDEI ROSU CAPIA,_GULII,_TELINA} => {_PATRUNJEL RADACINA KG}",0.000124340705098547,0.682539682539683,0.000182173591190895,34.4632213716752,43
"{_ARDEI ROSU CAPIA,_GULII,_PATRUNJEL RADACINA KG} => {_TELINA}",0.000124340705098547,0.716666666666667,0.000173498658277043,40.8236753966947,43
"{_ARDEI ROSU CAPIA,_PATRUNJEL RADACINA KG,_TELINA} => {_GULII}",0.000124340705098547,0.245714285714286,0.000506037753308041,36.2671349307969,43
"{_ARDEI ROSU CAPIA,_GULII,_TELINA} => {_MORCOVI}",0.000133015638012399,0.73015873015873,0.000182173591190895,20.1956660560196,46
"{_ARDEI ROSU CAPIA,_GULII,_MORCOVI} => {_TELINA}",0.000133015638012399,0.686567164179104,0.000193740168409364,39.1091093699678,46
"{_ARDEI ROSU CAPIA,_MORCOVI,_TELINA} => {_GULII}",0.000133015638012399,0.24468085106383,0.000543629129268067,36.1146012113947,46
"{_ARDEI ROSU CAPIA,_GULII,_PATRUNJEL RADACINA KG} => {_MORCOVI}",0.000156148792449338,0.9,0.000173498658277043,24.8933535951372,54
"{_ARDEI ROSU CAPIA,_GULII,_MORCOVI} => {_PATRUNJEL RADACINA KG}",0.000156148792449338,0.805970149253731,0.000193740168409364,40.6955498460392,54
"{_ARDEI ROSU CAPIA,_MORCOVI,_PATRUNJEL RADACINA KG} => {_GULII}",0.000156148792449338,0.184931506849315,0.000844360136948274,27.2956694087313,54
"{_CEAPA GALBENA,_GULII,_TELINA} => {_PATRUNJEL RADACINA KG}",0.000234223188674008,0.72972972972973,0.000320972517812529,36.845970806549,81
"{_CEAPA GALBENA,_GULII,_PATRUNJEL RADACINA KG} => {_TELINA}",0.000234223188674008,0.786407766990291,0.00029783936337559,44.7963563847225,81
"{_GULII,_PATRUNJEL RADACINA KG,_TELINA} => {_CEAPA GALBENA}",0.000234223188674008,0.109459459459459,0.00213981678541686,5.9480999541339,81
"{_CEAPA GALBENA,_PATRUNJEL RADACINA KG,_TELINA} => {_GULII}",0.000234223188674008,0.280276816608997,0.000835685204034422,41.3685231869354,81
"{_CEAPA GALBENA,_GULII,_TELINA} => {_MORCOVI}",0.000257356343110947,0.801801801801802,0.000320972517812529,22.1772619616337,89
"{_CEAPA GALBENA,_GULII,_MORCOVI} => {_TELINA}",0.000257356343110947,0.664179104477612,0.000387480336818729,37.833812325295,89
"{_GULII,_MORCOVI,_TELINA} => {_CEAPA GALBENA}",0.000257356343110947,0.111809045226131,0.00230174886647543,6.07577801010079,89
"{_CEAPA GALBENA,_MORCOVI,_TELINA} => {_GULII}",0.000257356343110947,0.256484149855908,0.00100340057370223,37.8567540075841,89
"{_CEAPA GALBENA,_GULII,_PATRUNJEL RADACINA KG} => {_MORCOVI}",0.000268922920329416,0.902912621359223,0.00029783936337559,24.9739146100082,93
"{_CEAPA GALBENA,_GULII,_MORCOVI} => {_PATRUNJEL RADACINA KG}",0.000268922920329416,0.694029850746269,0.000387480336818729,35.0433901452004,93
"{_GULII,_MORCOVI,_PATRUNJEL RADACINA KG} => {_CEAPA GALBENA}",0.000268922920329416,0.108518086347725,0.00247813916905709,5.89694511205461,93
"{_CEAPA GALBENA,_MORCOVI,_PATRUNJEL RADACINA KG} => {_GULII}",0.000268922920329416,0.212328767123288,0.00126654020542241,31.3394722840989,93
"{_GULII,_LAMAIE^2 A nu se consuma coaja,_TELINA} => {_MORCOVI}",0.000106990839270843,0.685185185185185,0.000156148792449338,18.9517301032937,37
"{_GULII,_LAMAIE^2 A nu se consuma coaja,_MORCOVI} => {_TELINA}",0.000106990839270843,0.69811320754717,0.000153257148144721,39.7668097326293,37
"{_LAMAIE^2 A nu se consuma coaja,_MORCOVI,_TELINA} => {_GULII}",0.000106990839270843,0.226993865030675,0.000471338021652633,33.5040232097175,37
"{_GULII,_PATRUNJEL RADACINA KG,_TELINA} => {_MORCOVI}",0.0018477607106505,0.863513513513513,0.00213981678541686,23.8841635845235,639
"{_GULII,_MORCOVI,_TELINA} => {_PATRUNJEL RADACINA KG}",0.0018477607106505,0.802763819095477,0.00230174886647543,40.5336538144071,639
"{_GULII,_MORCOVI,_PATRUNJEL RADACINA KG} => {_TELINA}",0.0018477607106505,0.745624270711785,0.00247813916905709,42.4731951564211,639
"{_MORCOVI,_PATRUNJEL RADACINA KG,_TELINA} => {_GULII}",0.0018477607106505,0.249025720966485,0.00741995928564819,36.7558988166938,639
"{_BANANE,_GULII,_TELINA} => {_PATRUNJEL RADACINA KG}",0.000164823725363191,0.7125,0.00023133154436939,35.9759964958388,57
"{_BANANE,_GULII,_PATRUNJEL RADACINA KG} => {_TELINA}",0.000164823725363191,0.626373626373626,0.000263139631720181,35.6802887443638,57
"{_BANANE,_PATRUNJEL RADACINA KG,_TELINA} => {_GULII}",0.000164823725363191,0.221789883268482,0.000743152586286666,32.7359217206315,57
"{_GULII,_PATRUNJEL RADACINA KG,_TELINA} => {PAINE CU CARTOFI FELII BACHUS 1.2 KG}",0.000228439900064773,0.106756756756757,0.00213981678541686,1.29699802032843,79
"{_GULII,_TELINA,PAINE CU CARTOFI FELII BACHUS 1.2 KG} => {_PATRUNJEL RADACINA KG}",0.000228439900064773,0.699115044247788,0.000326755806421764,35.3001549221707,79
"{_GULII,_PATRUNJEL RADACINA KG,PAINE CU CARTOFI FELII BACHUS 1.2 KG} => {_TELINA}",0.000228439900064773,0.705357142857143,0.000323864162117146,40.1794479610325,79
"{_PATRUNJEL RADACINA KG,_TELINA,PAINE CU CARTOFI FELII BACHUS 1.2 KG} => {_GULII}",0.000228439900064773,0.291512915129151,0.000783635606551309,43.026957900821,79
"{_GULII,_TELINA,LAPTE DE CONSUM 1.5% GRASIME FRISS CUTIE 1L} => {_MORCOVI}",0.000104099194966226,0.782608695652174,0.000133015638012399,21.6463944305541,36
"{_GULII,_MORCOVI,LAPTE DE CONSUM 1.5% GRASIME FRISS CUTIE 1L} => {_TELINA}",0.000104099194966226,0.666666666666667,0.000156148792449338,37.9755119969253,36
"{_MORCOVI,_TELINA,LAPTE DE CONSUM 1.5% GRASIME FRISS CUTIE 1L} => {_GULII}",0.000104099194966226,0.172248803827751,0.000604353659665032,25.4237175992011,36
"{_BANANE,_GULII,_TELINA} => {_MORCOVI}",0.000179281946886277,0.775,0.00023133154436939,21.4359433735903,62
"{_BANANE,_GULII,_MORCOVI} => {_TELINA}",0.000179281946886277,0.579439252336449,0.000309405940594059,33.0067534178883,62
"{_BANANE,_MORCOVI,_TELINA} => {_GULII}",0.000179281946886277,0.191950464396285,0.000934001110391413,28.3316591546653,62
"{_GULII,_MORCOVI,_TELINA} => {PAINE CU CARTOFI FELII BACHUS 1.2 KG}",0.000266031276024799,0.115577889447236,0.00230174886647543,1.40416680274727,92
"{_GULII,_TELINA,PAINE CU CARTOFI FELII BACHUS 1.2 KG} => {_MORCOVI}",0.000266031276024799,0.814159292035398,0.000326755806421764,22.5190612660041,92
"{_GULII,_MORCOVI,PAINE CU CARTOFI FELII BACHUS 1.2 KG} => {_TELINA}",0.000266031276024799,0.625850340136054,0.000425071712778754,35.6504806501747,92
"{_MORCOVI,_TELINA,PAINE CU CARTOFI FELII BACHUS 1.2 KG} => {_GULII}",0.000266031276024799,0.282208588957055,0.000942676043305265,41.6536504769461,92
"{_GULII,_LAMAIE^2 A nu se consuma coaja,_PATRUNJEL RADACINA KG} => {_MORCOVI}",0.000104099194966226,0.878048780487805,0.000118557416489312,24.2861986294021,36
"{_GULII,_LAMAIE^2 A nu se consuma coaja,_MORCOVI} => {_PATRUNJEL RADACINA KG}",0.000104099194966226,0.679245283018868,0.000153257148144721,34.2968784865991,36
"{_LAMAIE^2 A nu se consuma coaja,_MORCOVI,_PATRUNJEL RADACINA KG} => {_GULII}",0.000104099194966226,0.17910447761194,0.000581220505228093,26.4356068568808,36
"{_GULII,_PATRUNJEL RADACINA KG,LAPTE DE CONSUM 1.5% GRASIME FRISS CUTIE 1L} => {_MORCOVI}",0.000104099194966226,0.857142857142857,0.00012144906079393,23.7079558048925,36
"{_GULII,_MORCOVI,LAPTE DE CONSUM 1.5% GRASIME FRISS CUTIE 1L} => {_PATRUNJEL RADACINA KG}",0.000104099194966226,0.666666666666667,0.000156148792449338,33.6617511072176,36
"{_MORCOVI,_PATRUNJEL RADACINA KG,LAPTE DE CONSUM 1.5% GRASIME FRISS CUTIE 1L} => {_GULII}",0.000104099194966226,0.137931034482759,0.000754719163505136,20.358455855299,36
"{_BANANE,_GULII,_PATRUNJEL RADACINA KG} => {_MORCOVI}",0.000225548255760155,0.857142857142857,0.000263139631720181,23.7079558048925,78
"{_BANANE,_GULII,_MORCOVI} => {_PATRUNJEL RADACINA KG}",0.000225548255760155,0.728971962616822,0.000309405940594059,36.8077091546211,78
"{_BANANE,_MORCOVI,_PATRUNJEL RADACINA KG} => {_GULII}",0.000225548255760155,0.171052631578947,0.00131858980290552,25.2471640047622,78
"{_GULII,_MORCOVI,_PATRUNJEL RADACINA KG} => {PAINE CU CARTOFI FELII BACHUS 1.2 KG}",0.000283381141852503,0.114352392065344,0.00247813916905709,1.38927811816637,98
"{_GULII,_PATRUNJEL RADACINA KG,PAINE CU CARTOFI FELII BACHUS 1.2 KG} => {_MORCOVI}",0.000283381141852503,0.875,0.000323864162117146,24.2018715508278,98
"{_GULII,_MORCOVI,PAINE CU CARTOFI FELII BACHUS 1.2 KG} => {_PATRUNJEL RADACINA KG}",0.000283381141852503,0.666666666666667,0.000425071712778755,33.6617511072176,98
"{_MORCOVI,_PATRUNJEL RADACINA KG,PAINE CU CARTOFI FELII BACHUS 1.2 KG} => {_GULII}",0.000283381141852503,0.226327944572748,0.00125208198389932,33.4057341459352,98
"{_MANDARINE^2 A nu se consuma coaja,_PATRUNJEL RADACINA KG,_TELINA} => {_MORCOVI}",0.000161932081058573,0.861538461538462,0.00018795687980013,23.8295350654304,56
"{_MANDARINE^2 A nu se consuma coaja,_MORCOVI,_TELINA} => {_PATRUNJEL RADACINA KG}",0.000161932081058573,0.835820895522388,0.000193740168409364,42.2027924329295,56
"{_MANDARINE^2 A nu se consuma coaja,_MORCOVI,_PATRUNJEL RADACINA KG} => {_TELINA}",0.000161932081058573,0.651162790697674,0.000248681410197094,37.0923605551363,56
"{_ARDEI ROSU CALIFORNIA,_PATRUNJEL RADACINA KG,_TELINA} => {_MORCOVI}",0.000228439900064773,0.897727272727273,0.000254464698806329,24.830491591109,79
"{_ARDEI ROSU CALIFORNIA,_MORCOVI,_TELINA} => {_PATRUNJEL RADACINA KG}",0.000228439900064773,0.699115044247788,0.000326755806421764,35.3001549221707,79
"{_ARDEI ROSU CALIFORNIA,_MORCOVI,_PATRUNJEL RADACINA KG} => {_TELINA}",0.000228439900064773,0.637096774193548,0.000358563893772555,36.2911142873842,79
"{_PATRUNJEL RADACINA KG,PASTE ATA PAIANJENULUI CU 8 OUA GYERMELYI 250G,PULPE PUI CU SPATE REFR.VRAC SZEKELY CSURKE} => {_MORCOVI}",0.000104099194966226,0.782608695652174,0.000133015638012399,21.6463944305541,36
"{_MORCOVI,PASTE ATA PAIANJENULUI CU 8 OUA GYERMELYI 250G,PULPE PUI CU SPATE REFR.VRAC SZEKELY CSURKE} => {_PATRUNJEL RADACINA KG}",0.000104099194966226,0.705882352941177,0.000147473859535486,35.6418541135245,36
"{_MORCOVI,_PATRUNJEL RADACINA KG,PULPE PUI CU SPATE REFR.VRAC SZEKELY CSURKE} => {PASTE ATA PAIANJENULUI CU 8 OUA GYERMELYI 250G}",0.000104099194966226,0.160714285714286,0.000647728324234293,14.3466332325393,36
"{_PATRUNJEL RADACINA KG,_TELINA,PULPE PUI CU SPATE REFR.VRAC SZEKELY CSURKE} => {_MORCOVI}",0.000349888960858703,0.896296296296296,0.000390371981123346,24.790911810795,121
"{_MORCOVI,_TELINA,PULPE PUI CU SPATE REFR.VRAC SZEKELY CSURKE} => {_PATRUNJEL RADACINA KG}",0.000349888960858703,0.785714285714286,0.000445313222911076,39.6727780906493,121
"{_MORCOVI,_PATRUNJEL RADACINA KG,PULPE PUI CU SPATE REFR.VRAC SZEKELY CSURKE} => {_TELINA}",0.000349888960858703,0.540178571428571,0.000647728324234293,30.7703367296515,121
"{_MERE GOLDEN,_PATRUNJEL RADACINA KG,_TELINA} => {_MORCOVI}",0.000133015638012399,0.851851851851852,0.000156148792449338,23.5616103986895,46
"{_MERE GOLDEN,_MORCOVI,_TELINA} => {_PATRUNJEL RADACINA KG}",0.000133015638012399,0.621621621621622,0.000213981678541686,31.387308464838,46
"{_MERE GOLDEN,_MORCOVI,_PATRUNJEL RADACINA KG} => {_TELINA}",0.000133015638012399,0.541176470588235,0.000245789765892477,30.8271803269158,46
"{_PATRUNJEL RADACINA KG,_TELINA,OTET BISTRITA 1L} => {_MORCOVI}",0.000115665772184695,0.784313725490196,0.000147473859535486,21.6935543312742,40
"{_MORCOVI,_TELINA,OTET BISTRITA 1L} => {_PATRUNJEL RADACINA KG}",0.000115665772184695,0.655737704918033,0.00017639030258166,33.1099191218534,40
"{_MORCOVI,_PATRUNJEL RADACINA KG,OTET BISTRITA 1L} => {_TELINA}",0.000115665772184695,0.625,0.000185065235495512,35.6020424971174,40
"{_PATRUNJEL RADACINA KG,_TELINA,FAINA BL-55 GYERMELYI 1KG} => {_MORCOVI}",0.000124340705098547,0.796296296296296,0.000156148792449338,22.0249836335576,43
"{_MORCOVI,_TELINA,FAINA BL-55 GYERMELYI 1KG} => {_PATRUNJEL RADACINA KG}",0.000124340705098547,0.605633802816901,0.000205306745627834,30.5800414988103,43
"{_MORCOVI,_PATRUNJEL RADACINA KG,FAINA BL-55 GYERMELYI 1KG} => {_TELINA}",0.000124340705098547,0.530864197530864,0.000234223188674008,30.2397595531072,43
"{_ARDEI GRAS ROMANIA,_PATRUNJEL RADACINA KG,_TELINA} => {_MORCOVI}",0.00035278060516332,0.871428571428571,0.000404830202646433,24.1030884016407,122
"{_ARDEI GRAS ROMANIA,_MORCOVI,_TELINA} => {_PATRUNJEL RADACINA KG}",0.00035278060516332,0.693181818181818,0.000508929397612658,35.0005707535274,122
"{_ARDEI GRAS ROMANIA,_MORCOVI,_PATRUNJEL RADACINA KG} => {_TELINA}",0.00035278060516332,0.606965174129353,0.000581220505228093,34.5747198777976,122
"{_PATRUNJEL RADACINA KG,_TELINA,PATE PORC BUCEGI 120G} => {_MORCOVI}",0.000106990839270843,0.86046511627907,0.000124340705098547,23.7998471064619,37
"{_MORCOVI,_TELINA,PATE PORC BUCEGI 120G} => {_PATRUNJEL RADACINA KG}",0.000106990839270843,0.755102040816326,0.000141690570926252,38.1270854377669,37
"{_MORCOVI,_PATRUNJEL RADACINA KG,PATE PORC BUCEGI 120G} => {_TELINA}",0.000106990839270843,0.569230769230769,0.00018795687980013,32.4252448589131,37
"{_PATRUNJEL RADACINA KG,_TELINA,DROJDIE PROASPATA BUDAFOK 50G} => {_MORCOVI}",0.000156148792449338,0.830769230769231,0.00018795687980013,22.9784802416651,54
"{_MORCOVI,_TELINA,DROJDIE PROASPATA BUDAFOK 50G} => {_PATRUNJEL RADACINA KG}",0.000156148792449338,0.75,0.000208198389932451,37.8694699956198,54
"{_MORCOVI,_PATRUNJEL RADACINA KG,DROJDIE PROASPATA BUDAFOK 50G} => {_TELINA}",0.000156148792449338,0.519230769230769,0.000300731007680207,29.5770814591437,54
"{_ARDEI ALB BIANCA,_TELINA,PASTE ATA PAIANJENULUI CU 8 OUA GYERMELYI 250G} => {_MORCOVI}",0.000101207550661608,0.795454545454545,0.000127232349403165,22.0017014098435,35
"{_ARDEI ALB BIANCA,_MORCOVI,PASTE ATA PAIANJENULUI CU 8 OUA GYERMELYI 250G} => {_TELINA}",0.000101207550661608,0.614035087719298,0.000164823725363191,34.9774452603259,35
"{_ARDEI ALB BIANCA,_MORCOVI,_TELINA} => {PASTE ATA PAIANJENULUI CU 8 OUA GYERMELYI 250G}",0.000101207550661608,0.109717868338558,0.000922434533172943,9.7942881002358,35
"{_MORCOVI,_TELINA,PASTE ATA PAIANJENULUI CU 8 OUA GYERMELYI 250G} => {_ARDEI ALB BIANCA}",0.000101207550661608,0.109375,0.000925326177477561,12.3892892237144,35
"{_ARDEI ALB BIANCA,_PATRUNJEL RADACINA KG,PASTE ATA PAIANJENULUI CU 8 OUA GYERMELYI 250G} => {_MORCOVI}",0.000115665772184695,0.851063829787234,0.000135907282317017,23.5398142743614,40
"{_ARDEI ALB BIANCA,_MORCOVI,PASTE ATA PAIANJENULUI CU 8 OUA GYERMELYI 250G} => {_PATRUNJEL RADACINA KG}",0.000115665772184695,0.701754385964912,0.000164823725363191,35.4334222181238,40
"{_ARDEI ALB BIANCA,_MORCOVI,_PATRUNJEL RADACINA KG} => {PASTE ATA PAIANJENULUI CU 8 OUA GYERMELYI 250G}",0.000115665772184695,0.110497237569061,0.00104677523827149,9.86386078603068,40
"{_MORCOVI,_PATRUNJEL RADACINA KG,PASTE ATA PAIANJENULUI CU 8 OUA GYERMELYI 250G} => {_ARDEI ALB BIANCA}",0.000115665772184695,0.10989010989011,0.00105255852688073,12.447637524611,40
"{_ARDEI ALB BIANCA,_CEAPA GALBENA,_TELINA} => {_MORCOVI}",0.00012144906079393,0.933333333333333,0.000130123993707782,25.8153296542163,42
"{_ARDEI ALB BIANCA,_CEAPA GALBENA,_MORCOVI} => {_TELINA}",0.00012144906079393,0.6,0.000202415101323216,34.1779607972327,42
"{_ARDEI ALB BIANCA,_MORCOVI,_TELINA} => {_CEAPA GALBENA}",0.00012144906079393,0.13166144200627,0.000922434533172943,7.1545704777461,42
"{_CEAPA GALBENA,_MORCOVI,_TELINA} => {_ARDEI ALB BIANCA}",0.00012144906079393,0.121037463976945,0.00100340057370223,13.7103373541969,42
"{_ARDEI ALB BIANCA,_CEAPA GALBENA,_PATRUNJEL RADACINA KG} => {_MORCOVI}",0.00010988248357546,0.883720930232558,0.000124340705098547,24.4430862174473,38
"{_ARDEI ALB BIANCA,_CEAPA GALBENA,_MORCOVI} => {_PATRUNJEL RADACINA KG}",0.00010988248357546,0.542857142857143,0.000202415101323216,27.4102830444486,38
"{_ARDEI ALB BIANCA,_MORCOVI,_PATRUNJEL RADACINA KG} => {_CEAPA GALBENA}",0.00010988248357546,0.104972375690608,0.00104677523827149,5.70426883262551,38
"{_ARDEI ALB BIANCA,_PATRUNJEL RADACINA KG,_TELINA} => {_MORCOVI}",0.000685319700194319,0.881040892193309,0.000777852317942075,24.3689582901591,237
"{_ARDEI ALB BIANCA,_MORCOVI,_TELINA} => {_PATRUNJEL RADACINA KG}",0.000685319700194319,0.74294670846395,0.000922434533172943,37.51333077936,237
"{_ARDEI ALB BIANCA,_MORCOVI,_PATRUNJEL RADACINA KG} => {_TELINA}",0.000685319700194319,0.654696132596685,0.00104677523827149,37.293631256649,237
"{_ARDEI ALB BIANCA,_BANANE,_PATRUNJEL RADACINA KG} => {_MORCOVI}",0.000101207550661608,0.945945945945946,0.000106990839270843,26.1641854603544,35
"{_ARDEI ALB BIANCA,_BANANE,_MORCOVI} => {_PATRUNJEL RADACINA KG}",0.000101207550661608,0.555555555555556,0.000182173591190895,28.0514592560147,35
"{_CASTRAVETI CORNISON,_PATRUNJEL RADACINA KG,_TELINA} => {_MORCOVI}",0.00012144906079393,0.823529411764706,0.000147473859535486,22.7782320478379,42
"{_CASTRAVETI CORNISON,_MORCOVI,_TELINA} => {_PATRUNJEL RADACINA KG}",0.00012144906079393,0.67741935483871,0.000179281946886277,34.2046825766888,42
"{_CASTRAVETI CORNISON,_MORCOVI,_PATRUNJEL RADACINA KG} => {_TELINA}",0.00012144906079393,0.538461538461538,0.000225548255760155,30.6725289205935,42
"{_PATRUNJEL RADACINA KG,_TELINA,UNT 65% GRASIME FRISS 180G} => {_MORCOVI}",0.000106990839270843,0.755102040816326,0.000141690570926252,20.8855801138339,37
"{_MORCOVI,_TELINA,UNT 65% GRASIME FRISS 180G} => {_PATRUNJEL RADACINA KG}",0.000106990839270843,0.69811320754717,0.000153257148144721,35.2495695556713,37
"{_MORCOVI,_PATRUNJEL RADACINA KG,UNT 65% GRASIME FRISS 180G} => {_TELINA}",0.000106990839270843,0.4625,0.00023133154436939,26.3455114478669,37
"{_PATRUNJEL RADACINA KG,_TELINA,DANONE ACTIVIA NATUR 125G} => {_MORCOVI}",0.000106990839270843,0.74,0.000144582215230869,20.4678685115572,37
"{_MORCOVI,_TELINA,DANONE ACTIVIA NATUR 125G} => {_PATRUNJEL RADACINA KG}",0.000106990839270843,0.672727272727273,0.000159040436753956,33.9677670263741,37
"{_MORCOVI,_PATRUNJEL RADACINA KG,DANONE ACTIVIA NATUR 125G} => {_TELINA}",0.000106990839270843,0.52112676056338,0.000205306745627834,29.6850833215402,37
"{_PATRUNJEL RADACINA KG,_TELINA,PUFULETI GUSTO 45G} => {_MORCOVI}",0.000112774127880078,0.78,0.000144582215230869,21.5742397824522,39
"{_MORCOVI,_TELINA,PUFULETI GUSTO 45G} => {_PATRUNJEL RADACINA KG}",0.000112774127880078,0.709090909090909,0.000159040436753956,35.8038625413133,39
"{_MORCOVI,_PATRUNJEL RADACINA KG,PUFULETI GUSTO 45G} => {_TELINA}",0.000112774127880078,0.506493506493506,0.000222656611455538,28.8515253483134,39
"{_CLEMENTINA^2 A nu se consuma coaja,_PATRUNJEL RADACINA KG,_TELINA} => {_MORCOVI}",0.000156148792449338,0.794117647058823,0.000196631812713982,21.9647237604151,54
"{_CLEMENTINA^2 A nu se consuma coaja,_MORCOVI,_TELINA} => {_PATRUNJEL RADACINA KG}",0.000156148792449338,0.72,0.000216873322846303,36.354691195795,54
"{_CLEMENTINA^2 A nu se consuma coaja,_MORCOVI,_PATRUNJEL RADACINA KG} => {_TELINA}",0.000156148792449338,0.613636363636364,0.000254464698806329,34.9547326335335,54
"{_PATRUNJEL RADACINA KG,_TELINA,PIEPT DE PUI FARA OS REFR.VRAC SZEKELY CSURKE} => {_MORCOVI}",0.000211090034237069,0.890243902439024,0.000237114832978625,24.6235069436994,73
"{_MORCOVI,_TELINA,PIEPT DE PUI FARA OS REFR.VRAC SZEKELY CSURKE} => {_PATRUNJEL RADACINA KG}",0.000211090034237069,0.737373737373737,0.00028627278615712,37.2319368307104,73
"{_MORCOVI,_PATRUNJEL RADACINA KG,PIEPT DE PUI FARA OS REFR.VRAC SZEKELY CSURKE} => {_TELINA}",0.000211090034237069,0.459119496855346,0.000459771444434163,26.1529469412787,73
"{_CEAPA GALBENA,_TELINA,PASTE ATA PAIANJENULUI CU 8 OUA GYERMELYI 250G} => {_PATRUNJEL RADACINA KG}",0.000106990839270843,0.86046511627907,0.000124340705098547,43.4471438709436,37
"{_CEAPA GALBENA,_PATRUNJEL RADACINA KG,PASTE ATA PAIANJENULUI CU 8 OUA GYERMELYI 250G} => {_TELINA}",0.000106990839270843,0.74,0.000144582215230869,42.1528183165871,37
"{_PATRUNJEL RADACINA KG,_TELINA,PASTE ATA PAIANJENULUI CU 8 OUA GYERMELYI 250G} => {_CEAPA GALBENA}",0.000106990839270843,0.130742049469965,0.000818335338206718,7.10461007478018,37
"{_CEAPA GALBENA,_PATRUNJEL RADACINA KG,_TELINA} => {PASTE ATA PAIANJENULUI CU 8 OUA GYERMELYI 250G}",0.000106990839270843,0.1280276816609,0.000835685204034422,11.4287674193854,37
"{_CEAPA GALBENA,_TELINA,PASTE ATA PAIANJENULUI CU 8 OUA GYERMELYI 250G} => {_MORCOVI}",0.00010988248357546,0.883720930232558,0.000124340705098547,24.4430862174473,38
"{_CEAPA GALBENA,_MORCOVI,PASTE ATA PAIANJENULUI CU 8 OUA GYERMELYI 250G} => {_TELINA}",0.00010988248357546,0.622950819672131,0.00017639030258166,35.4853144889302,38
"{_MORCOVI,_TELINA,PASTE ATA PAIANJENULUI CU 8 OUA GYERMELYI 250G} => {_CEAPA GALBENA}",0.00010988248357546,0.11875,0.000925326177477561,6.45295411690761,38
"{_CEAPA GALBENA,_MORCOVI,_TELINA} => {PASTE ATA PAIANJENULUI CU 8 OUA GYERMELYI 250G}",0.00010988248357546,0.109510086455331,0.00100340057370223,9.77573983952724,38
"{_CEAPA GALBENA,_PATRUNJEL RADACINA KG,PASTE ATA PAIANJENULUI CU 8 OUA GYERMELYI 250G} => {_MORCOVI}",0.000124340705098547,0.86,0.000144582215230869,23.7869823242422,43
"{_CEAPA GALBENA,_MORCOVI,PASTE ATA PAIANJENULUI CU 8 OUA GYERMELYI 250G} => {_PATRUNJEL RADACINA KG}",0.000124340705098547,0.704918032786885,0.00017639030258166,35.5931630559924,43
"{_MORCOVI,_PATRUNJEL RADACINA KG,PASTE ATA PAIANJENULUI CU 8 OUA GYERMELYI 250G} => {_CEAPA GALBENA}",0.000124340705098547,0.118131868131868,0.00105255852688073,6.41936441936442,43
"{_PATRUNJEL RADACINA KG,_TELINA,PASTE ATA PAIANJENULUI CU 8 OUA GYERMELYI 250G} => {_MORCOVI}",0.000708452854631258,0.865724381625442,0.000818335338206718,23.9453146085929,245
"{_MORCOVI,_TELINA,PASTE ATA PAIANJENULUI CU 8 OUA GYERMELYI 250G} => {_PATRUNJEL RADACINA KG}",0.000708452854631258,0.765625,0.000925326177477561,38.6584172871952,245
"{_MORCOVI,_PATRUNJEL RADACINA KG,PASTE ATA PAIANJENULUI CU 8 OUA GYERMELYI 250G} => {_TELINA}",0.000708452854631258,0.673076923076923,0.00105255852688073,38.3406611507419,245
"{_MORCOVI,_PATRUNJEL RADACINA KG,PASTE ATA PAIANJENULUI CU 8 OUA GYERMELYI 250G} => {_BANANE}",0.000106990839270843,0.101648351648352,0.00105255852688073,1.87230037605537,37
"{_BANANE,_PATRUNJEL RADACINA KG,PASTE ATA PAIANJENULUI CU 8 OUA GYERMELYI 250G} => {_MORCOVI}",0.000106990839270843,0.822222222222222,0.000130123993707782,22.7420761239525,37
"{_BANANE,_MORCOVI,PASTE ATA PAIANJENULUI CU 8 OUA GYERMELYI 250G} => {_PATRUNJEL RADACINA KG}",0.000106990839270843,0.804347826086957,0.000133015638012399,40.613634488056,37
"{_PATRUNJEL RADACINA KG,_TELINA,SZEKELYHON} => {_MORCOVI}",0.000205306745627834,0.8875,0.00023133154436939,24.5476125729825,71
"{_MORCOVI,_TELINA,SZEKELYHON} => {_PATRUNJEL RADACINA KG}",0.000205306745627834,0.771739130434783,0.000266031276024799,38.9671357925943,71
"{_MORCOVI,_PATRUNJEL RADACINA KG,SZEKELYHON} => {_TELINA}",0.000205306745627834,0.533834586466165,0.000384588692514111,30.4089626140793,71
"{_MORCOVI,_PATRUNJEL RADACINA KG,SZEKELYHON} => {_BANANE}",0.000135907282317017,0.353383458646617,0.000384588692514111,6.50910685502037,47
"{_BANANE,_PATRUNJEL RADACINA KG,SZEKELYHON} => {_MORCOVI}",0.000135907282317017,0.87037037037037,0.000156148792449338,24.0738193204001,47
"{_BANANE,_MORCOVI,SZEKELYHON} => {_PATRUNJEL RADACINA KG}",0.000135907282317017,0.681159420289855,0.000199523457018599,34.3935283052006,47
"{_BANANE,_MORCOVI,_PATRUNJEL RADACINA KG} => {SZEKELYHON}",0.000135907282317017,0.103070175438596,0.00131858980290552,6.04240385673456,47
"{_PATRUNJEL RADACINA KG,_TELINA,ELAN ULEI RAFINAT DE FLOAREA SOARELUI 1L} => {_MORCOVI}",0.000138798926621634,0.761904761904762,0.000182173591190895,21.0737384932378,48
"{_MORCOVI,_TELINA,ELAN ULEI RAFINAT DE FLOAREA SOARELUI 1L} => {_PATRUNJEL RADACINA KG}",0.000138798926621634,0.676056338028169,0.000205306745627834,34.1358602777418,48
"{_MORCOVI,_PATRUNJEL RADACINA KG,ELAN ULEI RAFINAT DE FLOAREA SOARELUI 1L} => {_TELINA}",0.000138798926621634,0.448598130841121,0.000309405940594059,25.5536155493329,48
"{_PATRUNJEL RADACINA KG,_TELINA,PARIZER CRISTUR} => {_MORCOVI}",0.000170607013972425,0.776315789473684,0.000219764967150921,21.4723371653961,59
"{_MORCOVI,_TELINA,PARIZER CRISTUR} => {_PATRUNJEL RADACINA KG}",0.000170607013972425,0.728395061728395,0.000234223188674008,36.7785799134415,59
"{_MORCOVI,_PATRUNJEL RADACINA KG,PARIZER CRISTUR} => {_TELINA}",0.000170607013972425,0.491666666666667,0.000346997316554085,28.0069400977324,59
"{_CARTOFI ALBI,_CEAPA GALBENA,_PATRUNJEL RADACINA KG} => {_MORCOVI}",0.000124340705098547,0.86,0.000144582215230869,23.7869823242422,43
"{_CARTOFI ALBI,_CEAPA GALBENA,_MORCOVI} => {_PATRUNJEL RADACINA KG}",0.000124340705098547,0.494252873563218,0.000251573054501712,24.9561258208682,43
"{_CARTOFI ALBI,_MORCOVI,_PATRUNJEL RADACINA KG} => {_CEAPA GALBENA}",0.000124340705098547,0.149305555555556,0.000832793559729805,8.11336336336336,43
"{_CARTOFI ALBI,_PATRUNJEL RADACINA KG,_TELINA} => {_MORCOVI}",0.000430855001387989,0.861271676300578,0.000500254464698806,23.8221559773631,149
"{_CARTOFI ALBI,_MORCOVI,_TELINA} => {_PATRUNJEL RADACINA KG}",0.000430855001387989,0.768041237113402,0.000560978995095771,38.7804194456863,149
"{_CARTOFI ALBI,_MORCOVI,_PATRUNJEL RADACINA KG} => {_TELINA}",0.000430855001387989,0.517361111111111,0.000832793559729805,29.4705796226139,149
"{_CARTOFI ALBI,_MORCOVI,_PATRUNJEL RADACINA KG} => {_BANANE}",0.00012144906079393,0.145833333333333,0.000832793559729805,2.68616067465601,42
"{_BANANE,_CARTOFI ALBI,_PATRUNJEL RADACINA KG} => {_MORCOVI}",0.00012144906079393,0.857142857142857,0.000141690570926252,23.7079558048925,42
"{_BANANE,_CARTOFI ALBI,_MORCOVI} => {_PATRUNJEL RADACINA KG}",0.00012144906079393,0.575342465753425,0.000211090034237069,29.050552325407,42
"{_PATRUNJEL RADACINA KG,_TELINA,APA MINERALA NATURALA CARBOGAZOASA PERLA HARGHITEI  2L} => {_MORCOVI}",0.000133015638012399,0.807017543859649,0.000164823725363191,22.3215256408637,46
"{_MORCOVI,_TELINA,APA MINERALA NATURALA CARBOGAZOASA PERLA HARGHITEI  2L} => {_PATRUNJEL RADACINA KG}",0.000133015638012399,0.741935483870968,0.000179281946886277,37.4622713935164,46
"{_MORCOVI,_PATRUNJEL RADACINA KG,APA MINERALA NATURALA CARBOGAZOASA PERLA HARGHITEI  2L} => {_TELINA}",0.000133015638012399,0.575,0.00023133154436939,32.753879097348,46
"{_CEAPA GALBENA,_TELINA,_USTUROI} => {_MORCOVI}",0.000127232349403165,0.8,0.000159040436753956,22.1274254178997,44
"{_CEAPA GALBENA,_MORCOVI,_USTUROI} => {_TELINA}",0.000127232349403165,0.415094339622642,0.000306514296289442,23.6451301112931,44
"{_MORCOVI,_TELINA,_USTUROI} => {_CEAPA GALBENA}",0.000127232349403165,0.194690265486726,0.000653511612843527,10.5795987384792,44
"{_CEAPA GALBENA,_MORCOVI,_TELINA} => {_USTUROI}",0.000127232349403165,0.126801152737752,0.00100340057370223,9.71872381302757,44
"{_CEAPA GALBENA,_PATRUNJEL RADACINA KG,_USTUROI} => {_MORCOVI}",0.000127232349403165,0.862745098039216,0.000147473859535486,23.8629097644016,44
"{_CEAPA GALBENA,_MORCOVI,_USTUROI} => {_PATRUNJEL RADACINA KG}",0.000127232349403165,0.415094339622642,0.000306514296289442,20.9592035195883,44
"{_MORCOVI,_PATRUNJEL RADACINA KG,_USTUROI} => {_CEAPA GALBENA}",0.000127232349403165,0.151202749140893,0.000841468492643657,8.21645812679138,44
"{_CEAPA GALBENA,_MORCOVI,_PATRUNJEL RADACINA KG} => {_USTUROI}",0.000127232349403165,0.100456621004566,0.00126654020542241,7.69953690210175,44
"{_PATRUNJEL RADACINA KG,_TELINA,_USTUROI} => {_MORCOVI}",0.000451096511520311,0.838709677419355,0.000537845840658832,23.1981072929594,156
"{_MORCOVI,_TELINA,_USTUROI} => {_PATRUNJEL RADACINA KG}",0.000451096511520311,0.690265486725664,0.000653511612843527,34.8533175180926,156
"{_MORCOVI,_PATRUNJEL RADACINA KG,_USTUROI} => {_TELINA}",0.000451096511520311,0.536082474226804,0.000841468492643657,30.5370096470121,156
"{_PATRUNJEL RADACINA KG,_TELINA,PAINE DE CASA PE FOI DE VARZA RIP-ROP 1KG} => {_MORCOVI}",0.000159040436753956,0.846153846153846,0.00018795687980013,23.4040076535478,55
"{_MORCOVI,_TELINA,PAINE DE CASA PE FOI DE VARZA RIP-ROP 1KG} => {_PATRUNJEL RADACINA KG}",0.000159040436753956,0.662650602409639,0.000240006477283242,33.4589694740416,55
"{_MORCOVI,_PATRUNJEL RADACINA KG,PAINE DE CASA PE FOI DE VARZA RIP-ROP 1KG} => {_TELINA}",0.000159040436753956,0.518867924528302,0.000306514296289442,29.5564126391164,55
"{_PATRUNJEL RADACINA KG,_TELINA,GOBE 10 OUA PROASPETE L} => {_MORCOVI}",0.000208198389932451,0.837209302325581,0.000248681410197094,23.1566079954764,72
"{_MORCOVI,_TELINA,GOBE 10 OUA PROASPETE L} => {_PATRUNJEL RADACINA KG}",0.000208198389932451,0.648648648648649,0.000320972517812529,32.7519740502658,72
"{_MORCOVI,_PATRUNJEL RADACINA KG,GOBE 10 OUA PROASPETE L} => {_TELINA}",0.000208198389932451,0.5,0.000416396779864902,28.481633997694,72
"{_MERE ROSII,_PATRUNJEL RADACINA KG,_TELINA} => {_MORCOVI}",0.000211090034237069,0.848837209302326,0.000248681410197094,23.4782275509692,73
"{_MERE ROSII,_MORCOVI,_TELINA} => {_PATRUNJEL RADACINA KG}",0.000211090034237069,0.640350877192982,0.000329647450726381,32.332997774038,73
"{_MERE ROSII,_MORCOVI,_PATRUNJEL RADACINA KG} => {_TELINA}",0.000211090034237069,0.419540229885057,0.000503146109003424,23.8983825497892,73
"{_MERE ROSII,_MORCOVI,_PATRUNJEL RADACINA KG} => {_BANANE}",0.000115665772184695,0.229885057471264,0.000503146109003424,4.23434195019667,40
"{_BANANE,_MERE ROSII,_PATRUNJEL RADACINA KG} => {_MORCOVI}",0.000115665772184695,0.909090909090909,0.000127232349403165,25.1448016112497,40
"{_BANANE,_MERE ROSII,_MORCOVI} => {_PATRUNJEL RADACINA KG}",0.000115665772184695,0.454545454545455,0.000254464698806329,22.9511939367393,40
"{_PATRUNJEL RADACINA KG,_ROSII VRAC,_TELINA} => {_MORCOVI}",0.000274706208938651,0.84070796460177,0.000326755806421764,23.2533784811999,95
"{_MORCOVI,_ROSII VRAC,_TELINA} => {_PATRUNJEL RADACINA KG}",0.000274706208938651,0.71969696969697,0.000381697048209494,36.3393903998372,95
"{_MORCOVI,_PATRUNJEL RADACINA KG,_ROSII VRAC} => {_TELINA}",0.000274706208938651,0.487179487179487,0.000563870639400389,27.7513356900608,95
"{_PATRUNJEL RADACINA KG,_TELINA,OUA PROASPETE M DIN GHEORGHENI 1*10} => {_MORCOVI}",0.000234223188674008,0.778846153846154,0.000300731007680207,21.542325226561,81
"{_MORCOVI,_TELINA,OUA PROASPETE M DIN GHEORGHENI 1*10} => {_PATRUNJEL RADACINA KG}",0.000234223188674008,0.627906976744186,0.000373022115295642,31.7046725544724,81
"{_MORCOVI,_PATRUNJEL RADACINA KG,OUA PROASPETE M DIN GHEORGHENI 1*10} => {_TELINA}",0.000234223188674008,0.54,0.000433746645692607,30.7601647175095,81
"{_PATRUNJEL RADACINA KG,_TELINA,FRANZELA ALBA COUNTRY 1KG} => {_MORCOVI}",0.000167715369667808,0.734177215189873,0.000228439900064773,20.306814465794,58
"{_MORCOVI,_TELINA,FRANZELA ALBA COUNTRY 1KG} => {_PATRUNJEL RADACINA KG}",0.000167715369667808,0.637362637362637,0.000263139631720181,32.1821136959113,58
"{_MORCOVI,_PATRUNJEL RADACINA KG,FRANZELA ALBA COUNTRY 1KG} => {_TELINA}",0.000167715369667808,0.414285714285714,0.000404830202646433,23.5990681695178,58
"{_PATRUNJEL RADACINA KG,_TELINA,FRANZELA RIP-ROP 1KG} => {_MORCOVI}",0.000153257148144721,0.815384615384615,0.00018795687980013,22.5529528297824,53
"{_MORCOVI,_TELINA,FRANZELA RIP-ROP 1KG} => {_PATRUNJEL RADACINA KG}",0.000153257148144721,0.582417582417582,0.000263139631720181,29.4077935497121,53
"{_MORCOVI,_PATRUNJEL RADACINA KG,FRANZELA RIP-ROP 1KG} => {_TELINA}",0.000153257148144721,0.53,0.000289164430461738,30.1905320375556,53
"{_ARDEI ROSU CAPIA,_PATRUNJEL RADACINA KG,_TELINA} => {_MORCOVI}",0.00041928842416952,0.828571428571429,0.000506037753308041,22.9176906113961,145
"{_ARDEI ROSU CAPIA,_MORCOVI,_TELINA} => {_PATRUNJEL RADACINA KG}",0.00041928842416952,0.771276595744681,0.000543629129268067,38.9437812011693,145
"{_ARDEI ROSU CAPIA,_MORCOVI,_PATRUNJEL RADACINA KG} => {_TELINA}",0.00041928842416952,0.496575342465753,0.000844360136948274,28.2865543127782,145
"{_ARDEI ROSU CAPIA,_MORCOVI,_PATRUNJEL RADACINA KG} => {_BANANE}",0.000147473859535486,0.174657534246575,0.000844360136948274,3.21708480017511,51
"{_ARDEI ROSU CAPIA,_BANANE,_PATRUNJEL RADACINA KG} => {_MORCOVI}",0.000147473859535486,0.85,0.000173498658277043,23.5103895065184,51
"{_ARDEI ROSU CAPIA,_BANANE,_MORCOVI} => {_PATRUNJEL RADACINA KG}",0.000147473859535486,0.520408163265306,0.000283381141852503,26.2767750990015,51
"{_BANANE,_MORCOVI,_PATRUNJEL RADACINA KG} => {_ARDEI ROSU CAPIA}",0.000147473859535486,0.111842105263158,0.00131858980290552,7.34061192076795,51
"{_CEAPA GALBENA,_PATRUNJEL RADACINA KG,_TELINA} => {_MORCOVI}",0.000702669566022023,0.84083044982699,0.000835685204034422,23.2567663345572,243
"{_CEAPA GALBENA,_MORCOVI,_TELINA} => {_PATRUNJEL RADACINA KG}",0.000702669566022023,0.70028818443804,0.00100340057370223,35.3593898518179,243
"{_CEAPA GALBENA,_MORCOVI,_PATRUNJEL RADACINA KG} => {_TELINA}",0.000702669566022023,0.554794520547945,0.00126654020542241,31.6029089563453,243
"{_CEAPA GALBENA,_MORCOVI,_TELINA} => {PAINE CU CARTOFI FELII BACHUS 1.2 KG}",0.000101207550661608,0.100864553314121,0.00100340057370223,1.22541307870376,35
"{_CEAPA GALBENA,_TELINA,PAINE CU CARTOFI FELII BACHUS 1.2 KG} => {_MORCOVI}",0.000101207550661608,0.833333333333333,0.00012144906079393,23.0494014769789,35
"{_CEAPA GALBENA,_MORCOVI,PAINE CU CARTOFI FELII BACHUS 1.2 KG} => {_TELINA}",0.000101207550661608,0.339805825242718,0.00029783936337559,19.3564502896949,35
"{_MORCOVI,_TELINA,PAINE CU CARTOFI FELII BACHUS 1.2 KG} => {_CEAPA GALBENA}",0.000101207550661608,0.107361963190184,0.000942676043305265,5.83412060940952,35
"{_CEAPA GALBENA,_PATRUNJEL RADACINA KG,LAPTE DE CONSUM 1.5% GRASIME FRISS CUTIE 1L} => {_MORCOVI}",0.000112774127880078,0.866666666666667,0.000130123993707782,23.971377536058,39
"{_CEAPA GALBENA,_MORCOVI,LAPTE DE CONSUM 1.5% GRASIME FRISS CUTIE 1L} => {_PATRUNJEL RADACINA KG}",0.000112774127880078,0.4875,0.00023133154436939,24.6151554971529,39
"{_MORCOVI,_PATRUNJEL RADACINA KG,LAPTE DE CONSUM 1.5% GRASIME FRISS CUTIE 1L} => {_CEAPA GALBENA}",0.000112774127880078,0.149425287356322,0.000754719163505135,8.11986966918803,39
"{_CEAPA GALBENA,_MORCOVI,_PATRUNJEL RADACINA KG} => {_BANANE}",0.000133015638012399,0.105022831050228,0.00126654020542241,1.93445621971314,46
"{_BANANE,_CEAPA GALBENA,_PATRUNJEL RADACINA KG} => {_MORCOVI}",0.000133015638012399,0.836363636363636,0.000159040436753956,23.1332174823497,46
"{_BANANE,_CEAPA GALBENA,_MORCOVI} => {_PATRUNJEL RADACINA KG}",0.000133015638012399,0.450980392156863,0.000294947719070973,22.7711845725296,46
"{_BANANE,_MORCOVI,_PATRUNJEL RADACINA KG} => {_CEAPA GALBENA}",0.000133015638012399,0.100877192982456,0.00131858980290552,5.48173387585872,46
"{_CEAPA GALBENA,_MORCOVI,_PATRUNJEL RADACINA KG} => {PAINE CU CARTOFI FELII BACHUS 1.2 KG}",0.000133015638012399,0.105022831050228,0.00126654020542241,1.27593239153747,46
"{_CEAPA GALBENA,_PATRUNJEL RADACINA KG,PAINE CU CARTOFI FELII BACHUS 1.2 KG} => {_MORCOVI}",0.000133015638012399,0.851851851851852,0.000156148792449338,23.5616103986895,46
"{_CEAPA GALBENA,_MORCOVI,PAINE CU CARTOFI FELII BACHUS 1.2 KG} => {_PATRUNJEL RADACINA KG}",0.000133015638012399,0.446601941747573,0.00029783936337559,22.5501051106603,46
"{_MORCOVI,_PATRUNJEL RADACINA KG,PAINE CU CARTOFI FELII BACHUS 1.2 KG} => {_CEAPA GALBENA}",0.000133015638012399,0.106235565819861,0.00125208198389932,5.7729114258466,46
"{_PATRUNJEL RADACINA KG,_TELINA,SMANTANA 20% GRASIME FRISS 300G} => {_MORCOVI}",0.000335430739335616,0.811188811188811,0.000413505135560285,22.4368998992689,116
"{_MORCOVI,_TELINA,SMANTANA 20% GRASIME FRISS 300G} => {_PATRUNJEL RADACINA KG}",0.000335430739335616,0.703030303030303,0.000477121310261867,35.4978466221567,116
"{_MORCOVI,_PATRUNJEL RADACINA KG,SMANTANA 20% GRASIME FRISS 300G} => {_TELINA}",0.000335430739335616,0.53953488372093,0.000621703525492736,30.7336701742558,116
"{_LAMAIE^2 A nu se consuma coaja,_PATRUNJEL RADACINA KG,_TELINA} => {_MORCOVI}",0.000289164430461738,0.854700854700855,0.000338322383640233,23.6404117712604,100
"{_LAMAIE^2 A nu se consuma coaja,_MORCOVI,_TELINA} => {_PATRUNJEL RADACINA KG}",0.000289164430461738,0.613496932515337,0.000471338021652633,30.9770715710591,100
"{_LAMAIE^2 A nu se consuma coaja,_MORCOVI,_PATRUNJEL RADACINA KG} => {_TELINA}",0.000289164430461738,0.497512437810945,0.000581220505228093,28.3399343260636,100
"{_PATRUNJEL RADACINA KG,_TELINA,LAPTE DE CONSUM 3.5% GRASIME FRISS CUTIE 1L} => {_MORCOVI}",0.000274706208938651,0.833333333333333,0.000329647450726381,23.0494014769789,95
"{_MORCOVI,_TELINA,LAPTE DE CONSUM 3.5% GRASIME FRISS CUTIE 1L} => {_PATRUNJEL RADACINA KG}",0.000274706208938651,0.683453237410072,0.000401938558341816,34.5093491566799,95
"{_MORCOVI,_PATRUNJEL RADACINA KG,LAPTE DE CONSUM 3.5% GRASIME FRISS CUTIE 1L} => {_TELINA}",0.000274706208938651,0.545977011494253,0.000503146109003424,31.1006348250681,95
"{_PATRUNJEL RADACINA KG,_TELINA,OUA PROASPETE} => {_MORCOVI}",0.000315189229203294,0.801470588235294,0.000393263625427963,22.1681008322708,109
"{_MORCOVI,_TELINA,OUA PROASPETE} => {_PATRUNJEL RADACINA KG}",0.000315189229203294,0.652694610778443,0.000482904598871102,32.9562653055693,109
"{_MORCOVI,_PATRUNJEL RADACINA KG,OUA PROASPETE} => {_TELINA}",0.000315189229203294,0.42578125,0.000740260941982049,24.2538914511613,109
"{_PATRUNJEL RADACINA KG,_TELINA,FRANZELA ALBA BACHUS 1KG} => {_MORCOVI}",0.000228439900064773,0.774509803921569,0.000294947719070973,21.4223849021333,79
"{_MORCOVI,_TELINA,FRANZELA ALBA BACHUS 1KG} => {_PATRUNJEL RADACINA KG}",0.000228439900064773,0.738317757009346,0.000309405940594059,37.2796028617316,79
"{_MORCOVI,_PATRUNJEL RADACINA KG,FRANZELA ALBA BACHUS 1KG} => {_TELINA}",0.000228439900064773,0.519736842105263,0.000439529934301841,29.6059090239187,79
"{_PATRUNJEL RADACINA KG,_TELINA,LAPTE DE CONSUM 1.5% GRASIME FRISS CUTIE 1L} => {_MORCOVI}",0.000413505135560285,0.846153846153846,0.000488687887480337,23.4040076535478,143
"{_MORCOVI,_TELINA,LAPTE DE CONSUM 1.5% GRASIME FRISS CUTIE 1L} => {_PATRUNJEL RADACINA KG}",0.000413505135560285,0.684210526315789,0.000604353659665032,34.5475866626707,143
"{_MORCOVI,_PATRUNJEL RADACINA KG,LAPTE DE CONSUM 1.5% GRASIME FRISS CUTIE 1L} => {_TELINA}",0.000413505135560285,0.547892720306513,0.000754719163505136,31.209759859542,143
"{_PATRUNJEL RADACINA KG,_TELINA,APA MINERALA NATURALA CARBOGAZIFICATA CONTINUT REDUS CO2 TUSNAD 2L} => {_MORCOVI}",0.000399046914037198,0.816568047337278,0.000488687887480337,22.5856857076195,138
"{_MORCOVI,_TELINA,APA MINERALA NATURALA CARBOGAZIFICATA CONTINUT REDUS CO2 TUSNAD 2L} => {_PATRUNJEL RADACINA KG}",0.000399046914037198,0.770949720670391,0.000517604330526511,38.9272764200785,138
"{_MORCOVI,_PATRUNJEL RADACINA KG,APA MINERALA NATURALA CARBOGAZIFICATA CONTINUT REDUS CO2 TUSNAD 2L} => {_TELINA}",0.000399046914037198,0.534883720930233,0.000746044230591283,30.4687247417191,138
"{_BANANE,_PATRUNJEL RADACINA KG,_TELINA} => {_MORCOVI}",0.000667969834366614,0.898832684824903,0.000743152586286666,24.861066495792,231
"{_BANANE,_MORCOVI,_TELINA} => {_PATRUNJEL RADACINA KG}",0.000667969834366614,0.715170278637771,0.000934001110391413,36.1108258781762,231
"{_BANANE,_MORCOVI,_PATRUNJEL RADACINA KG} => {_TELINA}",0.000667969834366614,0.506578947368421,0.00131858980290552,28.8563923397689,231
"{_PATRUNJEL RADACINA KG,_TELINA,PAINE CU CARTOFI FELII BACHUS 1.2 KG} => {_MORCOVI}",0.000656403257148145,0.837638376383764,0.000783635606551309,23.1684758757529,227
"{_MORCOVI,_TELINA,PAINE CU CARTOFI FELII BACHUS 1.2 KG} => {_PATRUNJEL RADACINA KG}",0.000656403257148145,0.696319018404908,0.000942676043305265,35.1589762331521,227
"{_MORCOVI,_PATRUNJEL RADACINA KG,PAINE CU CARTOFI FELII BACHUS 1.2 KG} => {_TELINA}",0.000656403257148145,0.524249422632795,0.00125208198389932,29.8629603578593,227
"{_BANANE,_MORCOVI,_TELINA} => {PAINE CU CARTOFI FELII BACHUS 1.2 KG}",0.000106990839270843,0.114551083591331,0.000934001110391413,1.39169204046684,37
"{_MORCOVI,_TELINA,PAINE CU CARTOFI FELII BACHUS 1.2 KG} => {_BANANE}",0.000106990839270843,0.113496932515337,0.000942676043305265,2.09054397817225,37
"{_BANANE,_TELINA,PAINE CU CARTOFI FELII BACHUS 1.2 KG} => {_MORCOVI}",0.000106990839270843,0.660714285714286,0.000161932081058573,18.2748825996047,37
"{_BANANE,_MORCOVI,PAINE CU CARTOFI FELII BACHUS 1.2 KG} => {_TELINA}",0.000106990839270843,0.321739130434783,0.000332539095030998,18.3273123115596,37
"{_LAMAIE^2 A nu se consuma coaja,_MORCOVI,_PATRUNJEL RADACINA KG} => {_BANANE}",0.000135907282317017,0.233830845771144,0.000581220505228093,4.30702095381945,47
"{_BANANE,_LAMAIE^2 A nu se consuma coaja,_PATRUNJEL RADACINA KG} => {_MORCOVI}",0.000135907282317017,0.886792452830189,0.000153257148144721,24.5280423264454,47
"{_BANANE,_LAMAIE^2 A nu se consuma coaja,_MORCOVI} => {_PATRUNJEL RADACINA KG}",0.000135907282317017,0.5,0.000271814564634033,25.2463133304132,47
"{_BANANE,_MORCOVI,_PATRUNJEL RADACINA KG} => {_LAMAIE^2 A nu se consuma coaja}",0.000135907282317017,0.103070175438596,0.00131858980290552,5.12939132981396,47
"{_MORCOVI,_PATRUNJEL RADACINA KG,OUA PROASPETE} => {_BANANE}",0.000115665772184695,0.15625,0.000740260941982049,2.8780292942743,40
"{_BANANE,_PATRUNJEL RADACINA KG,OUA PROASPETE} => {_MORCOVI}",0.000115665772184695,0.930232558139535,0.000124340705098547,25.7295644394183,40
"{_BANANE,_MORCOVI,OUA PROASPETE} => {_PATRUNJEL RADACINA KG}",0.000115665772184695,0.512820512820513,0.000225548255760155,25.8936546978597,40
"{_MORCOVI,_PATRUNJEL RADACINA KG,LAPTE DE CONSUM 1.5% GRASIME FRISS CUTIE 1L} => {PAINE CU CARTOFI FELII BACHUS 1.2 KG}",0.000106990839270843,0.14176245210728,0.000754719163505136,1.72228555199536,37
"{_PATRUNJEL RADACINA KG,LAPTE DE CONSUM 1.5% GRASIME FRISS CUTIE 1L,PAINE CU CARTOFI FELII BACHUS 1.2 KG} => {_MORCOVI}",0.000106990839270843,0.86046511627907,0.000124340705098547,23.7998471064619,37
"{_MORCOVI,LAPTE DE CONSUM 1.5% GRASIME FRISS CUTIE 1L,PAINE CU CARTOFI FELII BACHUS 1.2 KG} => {_PATRUNJEL RADACINA KG}",0.000106990839270843,0.425287356321839,0.000251573054501712,21.4738757063285,37
"{_BANANE,_MORCOVI,_PATRUNJEL RADACINA KG} => {PAINE CU CARTOFI FELII BACHUS 1.2 KG}",0.000167715369667808,0.12719298245614,0.00131858980290552,1.5452796755634,58
"{_MORCOVI,_PATRUNJEL RADACINA KG,PAINE CU CARTOFI FELII BACHUS 1.2 KG} => {_BANANE}",0.000167715369667808,0.133949191685912,0.00125208198389932,2.46726206474508,58
"{_BANANE,_PATRUNJEL RADACINA KG,PAINE CU CARTOFI FELII BACHUS 1.2 KG} => {_MORCOVI}",0.000167715369667808,0.828571428571429,0.000202415101323216,22.9176906113961,58
"{_BANANE,_MORCOVI,PAINE CU CARTOFI FELII BACHUS 1.2 KG} => {_PATRUNJEL RADACINA KG}",0.000167715369667808,0.504347826086956,0.000332539095030998,25.4658464898081,58
"{_GULII,_PATRUNJEL RADACINA KG,_TELINA,PULPE PUI CU SPATE REFR.VRAC SZEKELY CSURKE} => {_MORCOVI}",0.000106990839270843,0.925,0.000115665772184695,25.5848356394465,37
"{_GULII,_MORCOVI,_TELINA,PULPE PUI CU SPATE REFR.VRAC SZEKELY CSURKE} => {_PATRUNJEL RADACINA KG}",0.000106990839270843,0.948717948717949,0.000112774127880078,47.9032611910404,37
"{_GULII,_MORCOVI,_PATRUNJEL RADACINA KG,PULPE PUI CU SPATE REFR.VRAC SZEKELY CSURKE} => {_TELINA}",0.000106990839270843,0.69811320754717,0.000153257148144721,39.7668097326293,37
"{_MORCOVI,_PATRUNJEL RADACINA KG,_TELINA,PULPE PUI CU SPATE REFR.VRAC SZEKELY CSURKE} => {_GULII}",0.000106990839270843,0.305785123966942,0.000349888960858703,45.1335188692889,37
"{_ARDEI ALB BIANCA,_GULII,_PATRUNJEL RADACINA KG,_TELINA} => {_MORCOVI}",0.000225548255760155,0.939759036144578,0.000240006477283242,25.9930599788581,78
"{_ARDEI ALB BIANCA,_GULII,_MORCOVI,_TELINA} => {_PATRUNJEL RADACINA KG}",0.000225548255760155,0.857142857142857,0.000263139631720181,43.2793942807083,78
"{_ARDEI ALB BIANCA,_GULII,_MORCOVI,_PATRUNJEL RADACINA KG} => {_TELINA}",0.000225548255760155,0.829787234042553,0.000271814564634034,47.2673925919176,78
"{_GULII,_MORCOVI,_PATRUNJEL RADACINA KG,_TELINA} => {_ARDEI ALB BIANCA}",0.000225548255760155,0.122065727699531,0.0018477607106505,13.8268123864928,78
"{_ARDEI ALB BIANCA,_MORCOVI,_PATRUNJEL RADACINA KG,_TELINA} => {_GULII}",0.000225548255760155,0.329113924050633,0.000685319700194319,48.5768218825805,78
"{_GULII,_PATRUNJEL RADACINA KG,_TELINA,PASTE ATA PAIANJENULUI CU 8 OUA GYERMELYI 250G} => {_MORCOVI}",0.000222656611455538,0.927710843373494,0.000240006477283242,25.6598156201548,77
"{_GULII,_MORCOVI,_TELINA,PASTE ATA PAIANJENULUI CU 8 OUA GYERMELYI 250G} => {_PATRUNJEL RADACINA KG}",0.000222656611455538,0.855555555555556,0.000260247987415564,43.1992472542626,77
"{_GULII,_MORCOVI,_PATRUNJEL RADACINA KG,PASTE ATA PAIANJENULUI CU 8 OUA GYERMELYI 250G} => {_TELINA}",0.000222656611455538,0.819148936170213,0.000271814564634033,46.6614003792007,77
"{_GULII,_MORCOVI,_PATRUNJEL RADACINA KG,_TELINA} => {PASTE ATA PAIANJENULUI CU 8 OUA GYERMELYI 250G}",0.000222656611455538,0.120500782472613,0.0018477607106505,10.7568566334045,77
"{_MORCOVI,_PATRUNJEL RADACINA KG,_TELINA,PASTE ATA PAIANJENULUI CU 8 OUA GYERMELYI 250G} => {_GULII}",0.000222656611455538,0.314285714285714,0.000708452854631258,46.388195841717,77
"{_CARTOFI ALBI,_GULII,_PATRUNJEL RADACINA KG,_TELINA} => {_MORCOVI}",0.000115665772184695,0.869565217391304,0.000133015638012399,24.0515493672823,40
"{_CARTOFI ALBI,_GULII,_MORCOVI,_TELINA} => {_PATRUNJEL RADACINA KG}",0.000115665772184695,0.888888888888889,0.000130123993707782,44.8823348096235,40
"{_CARTOFI ALBI,_GULII,_MORCOVI,_PATRUNJEL RADACINA KG} => {_TELINA}",0.000115665772184695,0.754716981132076,0.000153257148144721,42.9911456568965,40
"{_CARTOFI ALBI,_MORCOVI,_PATRUNJEL RADACINA KG,_TELINA} => {_GULII}",0.000115665772184695,0.268456375838926,0.000430855001387989,39.6238402552799,40
"{_GULII,_PATRUNJEL RADACINA KG,_TELINA,_USTUROI} => {_MORCOVI}",0.000130123993707782,0.882352941176471,0.000147473859535486,24.4052486226835,45
"{_GULII,_MORCOVI,_TELINA,_USTUROI} => {_PATRUNJEL RADACINA KG}",0.000130123993707782,0.75,0.000173498658277043,37.8694699956198,45
"{_GULII,_MORCOVI,_PATRUNJEL RADACINA KG,_USTUROI} => {_TELINA}",0.000130123993707782,0.789473684210526,0.000164823725363191,44.9710010489905,45
"{_MORCOVI,_PATRUNJEL RADACINA KG,_TELINA,_USTUROI} => {_GULII}",0.000130123993707782,0.288461538461538,0.000451096511520311,42.5765783512262,45
"{_ARDEI ROSU CAPIA,_GULII,_PATRUNJEL RADACINA KG,_TELINA} => {_MORCOVI}",0.000112774127880078,0.906976744186046,0.000124340705098547,25.0863253284328,39
"{_ARDEI ROSU CAPIA,_GULII,_MORCOVI,_TELINA} => {_PATRUNJEL RADACINA KG}",0.000112774127880078,0.847826086956522,0.000133015638012399,42.808966082005,39
"{_ARDEI ROSU CAPIA,_GULII,_MORCOVI,_PATRUNJEL RADACINA KG} => {_TELINA}",0.000112774127880078,0.722222222222222,0.000156148792449338,41.140137996669,39
"{_ARDEI ROSU CAPIA,_MORCOVI,_PATRUNJEL RADACINA KG,_TELINA} => {_GULII}",0.000112774127880078,0.268965517241379,0.00041928842416952,39.698988917833,39
"{_CEAPA GALBENA,_GULII,_PATRUNJEL RADACINA KG,_TELINA} => {_MORCOVI}",0.000208198389932451,0.888888888888889,0.000234223188674008,24.5860282421108,72
"{_CEAPA GALBENA,_GULII,_MORCOVI,_TELINA} => {_PATRUNJEL RADACINA KG}",0.000208198389932451,0.808988764044944,0.000257356343110947,40.8479676357247,72
"{_CEAPA GALBENA,_GULII,_MORCOVI,_PATRUNJEL RADACINA KG} => {_TELINA}",0.000208198389932451,0.774193548387097,0.000268922920329416,44.1005945770745,72
"{_GULII,_MORCOVI,_PATRUNJEL RADACINA KG,_TELINA} => {_CEAPA GALBENA}",0.000208198389932451,0.112676056338028,0.0018477607106505,6.12289197156541,72
"{_CEAPA GALBENA,_MORCOVI,_PATRUNJEL RADACINA KG,_TELINA} => {_GULII}",0.000208198389932451,0.296296296296296,0.000702669566022023,43.7329792447163,72
"{_BANANE,_GULII,_PATRUNJEL RADACINA KG,_TELINA} => {_MORCOVI}",0.000150365503840104,0.912280701754386,0.000164823725363191,25.2330289853242,52
"{_BANANE,_GULII,_MORCOVI,_TELINA} => {_PATRUNJEL RADACINA KG}",0.000150365503840104,0.838709677419355,0.000179281946886277,42.3486546187576,52
"{_BANANE,_GULII,_MORCOVI,_PATRUNJEL RADACINA KG} => {_TELINA}",0.000150365503840104,0.666666666666667,0.000225548255760155,37.9755119969253,52
"{_BANANE,_MORCOVI,_PATRUNJEL RADACINA KG,_TELINA} => {_GULII}",0.000150365503840104,0.225108225108225,0.000667969834366614,33.2257050105962,52
"{_GULII,_MORCOVI,_PATRUNJEL RADACINA KG,_TELINA} => {PAINE CU CARTOFI FELII BACHUS 1.2 KG}",0.000196631812713982,0.10641627543036,0.0018477607106505,1.29286148021882,68
"{_GULII,_PATRUNJEL RADACINA KG,_TELINA,PAINE CU CARTOFI FELII BACHUS 1.2 KG} => {_MORCOVI}",0.000196631812713982,0.860759493670886,0.000228439900064773,23.8079893736896,68
"{_GULII,_MORCOVI,_TELINA,PAINE CU CARTOFI FELII BACHUS 1.2 KG} => {_PATRUNJEL RADACINA KG}",0.000196631812713982,0.739130434782609,0.000266031276024799,37.3206370971326,68
"{_GULII,_MORCOVI,_PATRUNJEL RADACINA KG,PAINE CU CARTOFI FELII BACHUS 1.2 KG} => {_TELINA}",0.000196631812713982,0.693877551020408,0.000283381141852503,39.525532894759,68
"{_MORCOVI,_PATRUNJEL RADACINA KG,_TELINA,PAINE CU CARTOFI FELII BACHUS 1.2 KG} => {_GULII}",0.000196631812713982,0.299559471365639,0.000656403257148145,44.2146199852969,68
