"rules","support","confidence","coverage","lift","count"
"{BERE TILTOTT CSIKI PIMASZ IPA STICLA 500ML} => {STICLA BERE 500ML CSIKI}",0.00010602421826593,0.773049645390071,0.000137150594270607,271.152108422802,109
"{BERE NEFILTRATA CSIKI STICLA 500ML} => {STICLA BERE 500ML CSIKI}",0.000122560105518415,0.684782608695652,0.000178976662026891,240.191880646166,126
"{SOBRANIE COLLECTION BLACKS} => {VOGUE LA CIGARETTE IVOIRE}",0.000101160722015199,0.372759856630824,0.000271383090790775,384.761152135423,104
"{VOGUE LA CIGARETTE IVOIRE} => {SOBRANIE COLLECTION BLACKS}",0.000101160722015199,0.104417670682731,0.000968808453145563,384.761152135423,104
"{DR.OETKER VOPSEA PT.OUA VERDE 10 OUA CARMIN 5ML} => {DR.OETKER VOPSEA PT.OUA ROSU 10 OUA CARMIN 5ML}",0.000134232496520168,0.92,0.000145904887521922,860.620236578708,138
"{DR.OETKER VOPSEA PT.OUA ROSU 10 OUA CARMIN 5ML} => {DR.OETKER VOPSEA PT.OUA VERDE 10 OUA CARMIN 5ML}",0.000134232496520168,0.125568698817106,0.00106899647591062,860.620236578708,138
"{DR.OETKER VOPSEA PT.OUA GALBEN 10 OUA CARMIN 5ML} => {DR.OETKER VOPSEA PT.OUA ROSU 10 OUA CARMIN 5ML}",0.000110887714516661,0.745098039215686,0.000148822985272361,697.007011721886,114
"{DR.OETKER VOPSEA PT.OUA ROSU 10 OUA CARMIN 5ML} => {DR.OETKER VOPSEA PT.OUA GALBEN 10 OUA CARMIN 5ML}",0.000110887714516661,0.103730664240218,0.00106899647591062,697.007011721886,114
"{DR.OETKER VOPSEA PT.OUA VIOLET 10 OUA CARMIN 5ML} => {DR.OETKER VOPSEA PT.OUA ROSU 10 OUA CARMIN 5ML}",0.000134232496520168,0.890322580645161,0.000150768383772653,832.858293463266,138
"{DR.OETKER VOPSEA PT.OUA ROSU 10 OUA CARMIN 5ML} => {DR.OETKER VOPSEA PT.OUA VIOLET 10 OUA CARMIN 5ML}",0.000134232496520168,0.125568698817106,0.00106899647591062,832.858293463266,138
"{HRANA USC.PT.PISICI ADULT CU VITA WHISKAS 800G} => {LAPTE DE CONSUM 3.5% GRASIME FRISS CUTIE 1L}",0.000102133421265346,0.527638190954774,0.000193567150779083,20.1976174576573,105
"{HRANA COMPLETA PENTRU PISICI ADULTE CU VITEL PREVITAL 100G} => {HRANA COMPLETA PENTRU PISICI ADULTE CU PUI PREVITAL 100G}",0.000121587406268269,0.469924812030075,0.000258738000538875,840.198594311867,125
"{HRANA COMPLETA PENTRU PISICI ADULTE CU PUI PREVITAL 100G} => {HRANA COMPLETA PENTRU PISICI ADULTE CU VITEL PREVITAL 100G}",0.000121587406268269,0.217391304347826,0.000559302068834035,840.198594311867,125
"{DR.OETKER VOPSEA PT.OUA ALBASTRU 10 OUA CARMIN 5ML} => {DR.OETKER VOPSEA PT.OUA ROSU 10 OUA CARMIN 5ML}",0.000126450902518999,0.742857142857143,0.000170222368775576,694.910750032497,130
"{DR.OETKER VOPSEA PT.OUA ROSU 10 OUA CARMIN 5ML} => {DR.OETKER VOPSEA PT.OUA ALBASTRU 10 OUA CARMIN 5ML}",0.000126450902518999,0.118289353958144,0.00106899647591062,694.910750032497,130
"{MAZARE KLEINE WUNDER KELVEDON KERTIMAG 250G} => {SEMINTE LEGUME GARDENSEED KERTIMAG}",0.000136177895020461,0.540540540540541,0.000251929105787852,202.96270704598,140
"{BEIGLI CU MAC HARMOPAN 350G} => {BEIGLI CU NUCA HARMOPAN 350G}",0.000108942316016369,0.43921568627451,0.000248038308787268,1756.97724879835,112
"{BEIGLI CU NUCA HARMOPAN 350G} => {BEIGLI CU MAC HARMOPAN 350G}",0.000108942316016369,0.43579766536965,0.00024998370728756,1756.97724879835,112
"{BERE TILTOTT CSIKI AFINE 500ML} => {STICLA BERE 500ML CSIKI}",0.000171195068025722,0.651851851851852,0.00026262879753946,228.641207020736,176
"{COLORANT ALIMENTAR ALBASTRU MAXCOLOR 30ML} => {COLORANT ALIMENTAR VERDE MAXCOLOR 30ML}",0.000104078819765638,0.521951219512195,0.00019940334627996,1651.07945966229,107
"{COLORANT ALIMENTAR VERDE MAXCOLOR 30ML} => {COLORANT ALIMENTAR ALBASTRU MAXCOLOR 30ML}",0.000104078819765638,0.329230769230769,0.000316127256297498,1651.07945966229,107
"{REAL HRANA PENTRU CAINE PASARE 415G} => {REAL HRANA PENTRU CAINE VITA 415G}",0.000100188022765053,0.365248226950355,0.000274301188541214,1072.85613981763,103
"{REAL HRANA PENTRU CAINE VITA 415G} => {REAL HRANA PENTRU CAINE PASARE 415G}",0.000100188022765053,0.294285714285714,0.000340444737551152,1072.85613981763,103
"{COLORANT ALIMENTAR ROSU CAPSUNI MAXCOLOR 30ML} => {COLORANT ALIMENTAR VERDE MAXCOLOR 30ML}",0.000101160722015199,0.462222222222222,0.000218857331282883,1462.13973333333,104
"{COLORANT ALIMENTAR VERDE MAXCOLOR 30ML} => {COLORANT ALIMENTAR ROSU CAPSUNI MAXCOLOR 30ML}",0.000101160722015199,0.32,0.000316127256297498,1462.13973333333,104
"{HRANA INTEGRALA PT.PISICI CU CARNE DE VANAT/FICAT PDC 415G} => {HRANA INTEGRALA PT.PISICI CU CARNE DE VITA PDC 415G}",0.000101160722015199,0.417670682730924,0.000242202113286391,1196.08202168003,104
"{HRANA INTEGRALA PT.PISICI CU CARNE DE VITA PDC 415G} => {HRANA INTEGRALA PT.PISICI CU CARNE DE VANAT/FICAT PDC 415G}",0.000101160722015199,0.289693593314763,0.000349199030802467,1196.08202168004,104
"{COLORANT ALIMENTAR PORTOCALIU MAXCOLOR 30ML} => {COLORANT ALIMENTAR VERDE MAXCOLOR 30ML}",0.000114778511517245,0.531531531531532,0.000215939233532445,1681.3846985447,118
"{COLORANT ALIMENTAR VERDE MAXCOLOR 30ML} => {COLORANT ALIMENTAR PORTOCALIU MAXCOLOR 30ML}",0.000114778511517245,0.363076923076923,0.000316127256297498,1681.3846985447,118
"{SANGERETE VRAC} => {CALTABOS VRAC}",0.000152713782272945,0.547038327526132,0.000279164684791945,1762.98448985833,157
"{CALTABOS VRAC} => {SANGERETE VRAC}",0.000152713782272945,0.492163009404389,0.000310291060796621,1762.98448985833,157
"{COLORANT ALIMENTAR GALBEN MAXCOLOR 30ML} => {COLORANT ALIMENTAR VERDE MAXCOLOR 30ML}",0.000110887714516661,0.493506493506494,0.00022469352678376,1561.10073926074,114
"{COLORANT ALIMENTAR VERDE MAXCOLOR 30ML} => {COLORANT ALIMENTAR GALBEN MAXCOLOR 30ML}",0.000110887714516661,0.350769230769231,0.000316127256297498,1561.10073926074,114
"{BERE IGAZI TILTOTT MEZES SOR 9% 500ML} => {BERE TILTOTT CSIKI VADMALNA CU VITAMINE STICLA 500ML}",0.000108942316016369,0.430769230769231,0.000252901805037998,246.169889254714,112
"{BERE IGAZI TILTOTT MEZES SOR 9% 500ML} => {STICLA BERE 500ML CSIKI}",0.000185785556777914,0.734615384615385,0.000252901805037998,257.671045586962,191
"{RULOURI DIN PORUMB FARA GLUTEN CU CREMA DE LAPTE ALASKA 18G} => {RULOURI FARA GLUTEN CU CREMA DE CACAO ALASKA 18G}",0.000101160722015199,0.375451263537906,0.000269437692290483,1253.211214778,104
"{RULOURI FARA GLUTEN CU CREMA DE CACAO ALASKA 18G} => {RULOURI DIN PORUMB FARA GLUTEN CU CREMA DE LAPTE ALASKA 18G}",0.000101160722015199,0.337662337662338,0.000299591369045014,1253.211214778,104
"{RULOURI DIN PORUMB FARA GLUTEN CU CREMA DE LAPTE ALASKA 18G} => {RULOURI FARA GLUTEN CU CREMA DE ALUNE ALASKA 18G}",0.000123532804768561,0.458483754512635,0.000269437692290483,1287.84704385394,127
"{RULOURI FARA GLUTEN CU CREMA DE ALUNE ALASKA 18G} => {RULOURI DIN PORUMB FARA GLUTEN CU CREMA DE LAPTE ALASKA 18G}",0.000123532804768561,0.346994535519126,0.00035600792555349,1287.84704385394,127
"{VIN ALB DD SELECTIONAT COTNARI 1.5L} => {SZEKELYHON}",0.00010602421826593,0.23956043956044,0.000442578158816497,33.3311926400842,109
"{SET CAPACE CU FILET 6.6CM 20BUC} => {BORCAN 370ML}",0.000128396301019292,0.34375,0.000373516512056121,756.74096627409,132
"{BORCAN 370ML} => {SET CAPACE CU FILET 6.6CM 20BUC}",0.000128396301019292,0.282655246252677,0.000454250549818251,756.74096627409,132
"{SPECIALITATE DIN SOIA YOFU CU MERISOR&ZMEURA ALPRO 150G} => {SPECIALITATE DIN SOIA YOFU CU PIERSICI ALPRO 150G}",0.000111860413766807,0.387205387205387,0.000288891677293406,1421.68957431457,115
"{SPECIALITATE DIN SOIA YOFU CU PIERSICI ALPRO 150G} => {SPECIALITATE DIN SOIA YOFU CU MERISOR&ZMEURA ALPRO 150G}",0.000111860413766807,0.410714285714286,0.000272355790040921,1421.68957431457,115
"{BORCAN 370ML} => {CAPACE FILET MIC}",0.000192594451528937,0.423982869379015,0.000454250549818251,754.12248542193,198
"{CAPACE FILET MIC} => {BORCAN 370ML}",0.000192594451528937,0.342560553633218,0.000562220166584474,754.12248542193,198
"{REAL HRANA PENTRU PISICI VITA 415G} => {REAL HRANA PENTRU PISICI PASARE 415G}",0.000139095992770899,0.438650306748466,0.000317099955547644,1110.74360814772,143
"{REAL HRANA PENTRU PISICI PASARE 415G} => {REAL HRANA PENTRU PISICI VITA 415G}",0.000139095992770899,0.352216748768473,0.000394915895559336,1110.74360814772,143
"{CAPACE FILET MARE} => {CAPACE FILET MIC}",0.000101160722015199,0.304985337243402,0.000331690444299836,542.466021978914,104
"{CAPACE FILET MIC} => {CAPACE FILET MARE}",0.000101160722015199,0.179930795847751,0.000562220166584474,542.466021978914,104
"{NAPOLITANE CACAO CU CR.CACAO MY MOTTO 34G} => {NAPOLITANE CACAO CU CR.CACAO&TIRAMISU MY MOTTO 34G}",0.000101160722015199,0.315151515151515,0.000320990752548229,780.715355969332,104
"{NAPOLITANE CACAO CU CR.CACAO&TIRAMISU MY MOTTO 34G} => {NAPOLITANE CACAO CU CR.CACAO MY MOTTO 34G}",0.000101160722015199,0.250602409638554,0.000403670188810651,780.715355969332,104
"{DROPSURI CU GUST DE SOC DE LAMAIE VERBENA LIGHT 60G} => {DROPSURI CU GUST DE MACESE VERBENA LIGHT 60G}",0.000114778511517245,0.406896551724138,0.000282082782542383,981.964594463332,118
"{DROPSURI CU GUST DE MACESE VERBENA LIGHT 60G} => {DROPSURI CU GUST DE SOC DE LAMAIE VERBENA LIGHT 60G}",0.000114778511517245,0.276995305164319,0.000414369880562259,981.964594463332,118
"{BERE TILTOTT CSIKI GYOMBER CHILI STICLA 500ML} => {STICLA BERE 500ML CSIKI}",0.000250956406537706,0.677165354330709,0.000370598414305682,237.520079949065,258
"{IAURT CU CAISE FRISS 125G} => {IAURT CU CAPSUNI FRISS 125G}",0.000110887714516661,0.340298507462687,0.00032585424879896,1096.70741589856,114
"{IAURT CU CAPSUNI FRISS 125G} => {IAURT CU CAISE FRISS 125G}",0.000110887714516661,0.357366771159875,0.000310291060796621,1096.70741589856,114
"{IAURT CU CAISE FRISS 125G} => {IAURT CU FRUCTE DE PADURE FRISS 125G}",0.000104078819765638,0.319402985074627,0.00032585424879896,1013.48045881703,107
"{IAURT CU FRUCTE DE PADURE FRISS 125G} => {IAURT CU CAISE FRISS 125G}",0.000104078819765638,0.330246913580247,0.000315154557047352,1013.48045881703,107
"{HRANA INTEGRALA PT.PISICI CU CARNE DE VITA PDC 415G} => {HRANA INTEGRALA PT.PISICI ADULTI CU CARNE PASARE PDC 415G}",0.00011866930851783,0.33983286908078,0.000349199030802467,926.713417021937,122
"{HRANA INTEGRALA PT.PISICI ADULTI CU CARNE PASARE PDC 415G} => {HRANA INTEGRALA PT.PISICI CU CARNE DE VITA PDC 415G}",0.00011866930851783,0.323607427055703,0.000366707617305098,926.713417021937,122
"{LAPTE BATUT 2% PET COVALACT 330G} => {PATEU BUR CU GEM PRIMA 100G}",0.000109915015266515,0.226907630522088,0.000484404226572782,60.1537511572851,113
"{LAPTE BATUT 2% PET COVALACT 330G} => {CORN CU TARATA SI MAC HARMOPAN 100G}",0.000109915015266515,0.226907630522088,0.000484404226572782,58.7745646228148,113
"{RULOURI FARA GLUTEN CU CREMA DE CACAO ALASKA 18G} => {RULOURI FARA GLUTEN CU CREMA DE ALUNE ALASKA 18G}",0.000178003962776745,0.594155844155844,0.000299591369045014,1668.93993506494,183
"{RULOURI FARA GLUTEN CU CREMA DE ALUNE ALASKA 18G} => {RULOURI FARA GLUTEN CU CREMA DE CACAO ALASKA 18G}",0.000178003962776745,0.5,0.00035600792555349,1668.93993506494,183
"{KUBETI BARBEQUE 35G} => {KUBETI BACON 35G}",0.000111860413766807,0.363924050632911,0.000307372963046183,811.579841566215,115
"{KUBETI BACON 35G} => {KUBETI BARBEQUE 35G}",0.000111860413766807,0.249457700650759,0.000448414354317374,811.579841566215,115
"{BOMBOANE DEXTROZA CU CAPSUNI HAZISWEETS 80G} => {BOMBOANE DEXTROZA NATUR HAZISWEETS 80G}",0.000119642007767976,0.323684210526316,0.000369625715055536,761.485252318439,123
"{BOMBOANE DEXTROZA NATUR HAZISWEETS 80G} => {BOMBOANE DEXTROZA CU CAPSUNI HAZISWEETS 80G}",0.000119642007767976,0.281464530892448,0.000425069572313867,761.485252318439,123
"{BOMBOANE DEXTROZA CU CAPSUNI HAZISWEETS 80G} => {BOMBOANE DEXTROZA CU LAMAIE HAZISWEETS 80G}",0.00015660457927353,0.423684210526316,0.000369625715055536,953.119814580214,161
"{BOMBOANE DEXTROZA CU LAMAIE HAZISWEETS 80G} => {BOMBOANE DEXTROZA CU CAPSUNI HAZISWEETS 80G}",0.00015660457927353,0.352297592997812,0.00044452355731679,953.119814580214,161
"{BOMBOANE DEXTROZA CU CAPSUNI HAZISWEETS 80G} => {BOMBOANE DEXTROZA CU MENTHOL HAZISWEETS 80G}",0.00010602421826593,0.286842105263158,0.000369625715055536,610.544311866623,109
"{BOMBOANE DEXTROZA CU MENTHOL HAZISWEETS 80G} => {BOMBOANE DEXTROZA CU CAPSUNI HAZISWEETS 80G}",0.00010602421826593,0.225672877846791,0.00046981373782059,610.544311866623,109
"{IAURT CU PIERSICI FARA LACTOZA MIZO 150G} => {IAURT CU CAPSUNI FARA LACTOZA MIZO 150G}",0.000133259797270022,0.39031339031339,0.000341417436801298,1102.38548417395,137
"{IAURT CU CAPSUNI FARA LACTOZA MIZO 150G} => {IAURT CU PIERSICI FARA LACTOZA MIZO 150G}",0.000133259797270022,0.376373626373626,0.000354062527053198,1102.38548417395,137
"{_ARPAGIC ROSU} => {_ARPAGIC ALB}",0.000176058564276453,0.471354166666667,0.000373516512056121,570.098428308823,181
"{_ARPAGIC ALB} => {_ARPAGIC ROSU}",0.000176058564276453,0.212941176470588,0.000826794362624226,570.098428308824,181
"{REVISTA KRONIKA} => {SZEKELYHON}",0.000113805812267099,0.150579150579151,0.000755787317363557,20.9507992419076,117
"{TERCI DE OREZ CU CIOCOLATA AMARA SI INULINA FIT REGGELI 60G} => {TERCI DE OREZ CU SEMINTE CHIA SI INULINA FIT REGGELI 60G}",0.000110887714516661,0.324786324786325,0.000341417436801298,900.005667288686,114
"{TERCI DE OREZ CU SEMINTE CHIA SI INULINA FIT REGGELI 60G} => {TERCI DE OREZ CU CIOCOLATA AMARA SI INULINA FIT REGGELI 60G}",0.000110887714516661,0.307277628032345,0.000360871421804221,900.005667288686,114
"{TERCI DE OREZ CU CIOCOLATA AMARA SI INULINA FIT REGGELI 60G} => {TERCI DE OREZ CAPSUNI,VANILIE SI INULINA FIT REGGELI 60G}",0.000135205195770315,0.396011396011396,0.000341417436801298,888.921938566043,139
"{TERCI DE OREZ CAPSUNI,VANILIE SI INULINA FIT REGGELI 60G} => {TERCI DE OREZ CU CIOCOLATA AMARA SI INULINA FIT REGGELI 60G}",0.000135205195770315,0.303493449781659,0.000445496256566936,888.921938566043,139
"{COLORANT ALIMENTAR ROSU ZMEURA MAXCOLOR 30ML} => {COLORANT ALIMENTAR VERDE MAXCOLOR 30ML}",0.000146877586772068,0.46319018404908,0.000317099955547644,1465.20167059934,151
"{COLORANT ALIMENTAR VERDE MAXCOLOR 30ML} => {COLORANT ALIMENTAR ROSU ZMEURA MAXCOLOR 30ML}",0.000146877586772068,0.464615384615385,0.000316127256297498,1465.20167059934,151
"{HRANA COMPLETA PENTRU PISICI ADULTE CU VITA PREVITAL 100G} => {HRANA COMPLETA PENTRU PISICI ADULTE CU PUI PREVITAL 100G}",0.00019453985002923,0.503778337531486,0.000386161602308021,900.726755010404,200
"{HRANA COMPLETA PENTRU PISICI ADULTE CU PUI PREVITAL 100G} => {HRANA COMPLETA PENTRU PISICI ADULTE CU VITA PREVITAL 100G}",0.00019453985002923,0.347826086956522,0.000559302068834035,900.726755010404,200
"{HRANA COMPLETA PENTRU PISICI ADULTE CU VITA PREVITAL 100G} => {HRANA COMPLETA PENTRU PISICI ADULTE STERILIZATE CU FICAT PREVITAL 100G}",0.000110887714516661,0.287153652392947,0.000386161602308021,502.063255024932,114
"{HRANA COMPLETA PENTRU PISICI ADULTE STERILIZATE CU FICAT PREVITAL 100G} => {HRANA COMPLETA PENTRU PISICI ADULTE CU VITA PREVITAL 100G}",0.000110887714516661,0.193877551020408,0.000571947159085935,502.063255024932,114
"{HRANA COMPLETA PENTRU PISICI ADULTE CU VITA PREVITAL 100G} => {HRANA COMPLETA PENTRU PISICI ADULTE STERILIZATE PREVITAL 100G}",0.000102133421265346,0.26448362720403,0.000386161602308021,398.106719134357,105
"{HRANA COMPLETA PENTRU PISICI ADULTE STERILIZATE PREVITAL 100G} => {HRANA COMPLETA PENTRU PISICI ADULTE CU VITA PREVITAL 100G}",0.000102133421265346,0.153733528550512,0.000664353587849819,398.106719134357,105
"{BISCUITI MARSMALLOW INV.CIOC.&COCOS CIKOBEST 64G} => {BISCUITI MARSMALLOW INV.CIOC.ALBA&COCOS CIKOBEST 64G}",0.000132287098019876,0.336633663366337,0.000392970497059044,426.209310832561,136
"{BISCUITI MARSMALLOW INV.CIOC.ALBA&COCOS CIKOBEST 64G} => {BISCUITI MARSMALLOW INV.CIOC.&COCOS CIKOBEST 64G}",0.000132287098019876,0.167487684729064,0.000789831791118672,426.209310832561,136
"{TERCI DE OREZ CU SEMINTE CHIA SI INULINA FIT REGGELI 60G} => {TERCI DE OREZ CAPSUNI,VANILIE SI INULINA FIT REGGELI 60G}",0.000115751210767392,0.320754716981132,0.000360871421804221,719.994191315811,119
"{TERCI DE OREZ CAPSUNI,VANILIE SI INULINA FIT REGGELI 60G} => {TERCI DE OREZ CU SEMINTE CHIA SI INULINA FIT REGGELI 60G}",0.000115751210767392,0.259825327510917,0.000445496256566936,719.994191315811,119
"{CERBONA BATON CEREALE MERISOR FARA GLUTEN 35G} => {CERBONA BATON CEREALE FARA GLUTEN FRUCTE 35G}",0.000112833113016953,0.316076294277929,0.000356980624803636,455.108694158862,116
"{CERBONA BATON CEREALE FARA GLUTEN FRUCTE 35G} => {CERBONA BATON CEREALE MERISOR FARA GLUTEN 35G}",0.000112833113016953,0.162464985994398,0.00069450726460435,455.108694158862,116
"{CERBONA BATON CEREALE MERISOR FARA GLUTEN 35G} => {CERBONA BATON CEREALE FARA GLUTEN VISINE&CIOCOLATA 35G}",0.000117696609267684,0.329700272479564,0.000356980624803636,382.135253694755,121
"{CERBONA BATON CEREALE FARA GLUTEN VISINE&CIOCOLATA 35G} => {CERBONA BATON CEREALE MERISOR FARA GLUTEN 35G}",0.000117696609267684,0.13641488162345,0.000862784234879633,382.135253694755,121
"{CERBONA BATON CEREALE MERISOR FARA GLUTEN 35G} => {CERBONA BATON CEREALE ZMEURA FARA GLUTEN 35G}",0.000132287098019876,0.370572207084469,0.000356980624803636,391.947589733239,136
"{CERBONA BATON CEREALE ZMEURA FARA GLUTEN 35G} => {CERBONA BATON CEREALE MERISOR FARA GLUTEN 35G}",0.000132287098019876,0.139917695473251,0.000945463671142056,391.947589733239,136
"{CERBONA TERCI DE OVAZ CU SFECLA&MERE 50G} => {CERBONA TERCI DE OVAZ CU MANGO 50G}",0.000148822985272361,0.451327433628319,0.000329745045799544,793.153573859768,153
"{CERBONA TERCI DE OVAZ CU MANGO 50G} => {CERBONA TERCI DE OVAZ CU SFECLA&MERE 50G}",0.000148822985272361,0.261538461538462,0.000569029061335497,793.153573859769,153
"{CERBONA TERCI DE OVAZ CU SFECLA&MERE 50G} => {CERBONA TERCI DE OVAZ CU PRUNE 50G}",0.000174113165776161,0.528023598820059,0.000329745045799544,718.998194924691,179
"{CERBONA TERCI DE OVAZ CU PRUNE 50G} => {CERBONA TERCI DE OVAZ CU SFECLA&MERE 50G}",0.000174113165776161,0.237086092715232,0.000734387933860342,718.998194924691,179
"{CERBONA TERCI DE OVAZ CU SFECLA&MERE 50G} => {CERBONA TERCI DE OVAZ CU CAISE 50G}",0.000129369000269438,0.392330383480826,0.000329745045799544,448.157689282203,133
"{CERBONA TERCI DE OVAZ CU CAISE 50G} => {CERBONA TERCI DE OVAZ CU SFECLA&MERE 50G}",0.000129369000269438,0.147777777777778,0.000875429325131533,448.157689282203,133
"{CERBONA TERCI DE OVAZ CU SFECLA&MERE 50G} => {CERBONA TERCI DE OVAZ CU FRUCTE DE PADURE 55G}",0.00010602421826593,0.321533923303835,0.000329745045799544,302.155773244245,109
"{HRANA COMPLETA PENTRU CAINI ADULTI CU PASARE RENO 300G} => {HRANA COMPLETA PENTRU CAINI ADULTI CU VITA RENO 300G}",0.000141041391271191,0.352798053527981,0.000399779391810067,798.898758802534,145
"{HRANA COMPLETA PENTRU CAINI ADULTI CU VITA RENO 300G} => {HRANA COMPLETA PENTRU CAINI ADULTI CU PASARE RENO 300G}",0.000141041391271191,0.319383259911894,0.000441605459566351,798.898758802534,145
"{KNORR SUPA CREMA DE PUI CU CRUTOANE BOGRES 16G} => {KNORR SUPA INSTANT CREMA DE 3 FELURI DE CASCAVAL CU CRUTOANE 17G}",0.00010602421826593,0.349358974358974,0.000303482166045598,606.696676845114,109
"{KNORR SUPA INSTANT CREMA DE 3 FELURI DE CASCAVAL CU CRUTOANE 17G} => {KNORR SUPA CREMA DE PUI CU CRUTOANE BOGRES 16G}",0.00010602421826593,0.184121621621622,0.00057583795608652,606.696676845114,109
"{BAT.CIOC.LAPTE UMPL.CU LICHIOR DE VISINE VADASZ FEKETEERDO 25G} => {BAT.CIOC.AMARA UMPL.CU LICHIOR DE VISINE VADASZ DULCE AMAR 25G}",0.000152713782272945,0.433701657458564,0.000352117128552906,932.791552046973,157
"{BAT.CIOC.AMARA UMPL.CU LICHIOR DE VISINE VADASZ DULCE AMAR 25G} => {BAT.CIOC.LAPTE UMPL.CU LICHIOR DE VISINE VADASZ FEKETEERDO 25G}",0.000152713782272945,0.328451882845188,0.000464950241569859,932.791552046973,157
"{BOMBOANE DEXTROZA NATUR HAZISWEETS 80G} => {BOMBOANE DEXTROZA CU LAMAIE HAZISWEETS 80G}",0.000125478203268853,0.295194508009153,0.000425069572313867,664.069436029423,129
"{BOMBOANE DEXTROZA CU LAMAIE HAZISWEETS 80G} => {BOMBOANE DEXTROZA NATUR HAZISWEETS 80G}",0.000125478203268853,0.282275711159737,0.00044452355731679,664.069436029423,129
"{BOMBOANE DEXTROZA NATUR HAZISWEETS 80G} => {BOMBOANE DEXTROZA CU MENTHOL HAZISWEETS 80G}",0.000112833113016953,0.265446224256293,0.000425069572313867,565.003112696675,116
"{BOMBOANE DEXTROZA CU MENTHOL HAZISWEETS 80G} => {BOMBOANE DEXTROZA NATUR HAZISWEETS 80G}",0.000112833113016953,0.240165631469979,0.000469813737820589,565.003112696676,116
"{BOMBOANE SKITTLES CRAZY SOURS 38G} => {BOMBOANE SKITTLES FRUITS 38G}",0.000103106120515492,0.229934924078091,0.000448414354317374,466.249521878089,106
"{BOMBOANE SKITTLES FRUITS 38G} => {BOMBOANE SKITTLES CRAZY SOURS 38G}",0.000103106120515492,0.209072978303748,0.000493158519824097,466.249521878089,106
"{NAPOLITANE CU CREMA DE CACAO DIABETTE WELLNESS 26G} => {NAPOLITANE CU CREMA DE PORTOCALE DIABETTE WELLNESS 26G}",0.000133259797270022,0.348600508905852,0.000382270805307436,911.9203037896,137
"{NAPOLITANE CU CREMA DE PORTOCALE DIABETTE WELLNESS 26G} => {NAPOLITANE CU CREMA DE CACAO DIABETTE WELLNESS 26G}",0.000133259797270022,0.348600508905852,0.000382270805307436,911.9203037896,137
"{DR.OETKER PRAF DE COPT 6*10G 5+1 GRATIS} => {DR.OETKER ZAHAR VANILIAT 6*8G 5+1 GRATIS}",0.000106996917516076,0.321637426900585,0.000332663143549983,648.362401100791,110
"{DR.OETKER ZAHAR VANILIAT 6*8G 5+1 GRATIS} => {DR.OETKER PRAF DE COPT 6*10G 5+1 GRATIS}",0.000106996917516076,0.215686274509804,0.000496076617574535,648.362401100791,110
"{BOMBOANE DEXTROZA CU LAMAIE HAZISWEETS 80G} => {BOMBOANE DEXTROZA CU MENTHOL HAZISWEETS 80G}",0.000124505504018707,0.280087527352298,0.00044452355731679,596.167171806407,128
"{BOMBOANE DEXTROZA CU MENTHOL HAZISWEETS 80G} => {BOMBOANE DEXTROZA CU LAMAIE HAZISWEETS 80G}",0.000124505504018707,0.265010351966874,0.000469813737820589,596.167171806407,128
"{CERBONA TERCI DE OVAZI CU PRUNE&SCORTISOARA 60G} => {CERBONA TERCI DE OVAZI CU CAISE 60G}",0.00014395948902163,0.431486880466472,0.000333635842800129,826.065964135056,148
"{CERBONA TERCI DE OVAZI CU CAISE 60G} => {CERBONA TERCI DE OVAZI CU PRUNE&SCORTISOARA 60G}",0.00014395948902163,0.2756052141527,0.000522339497328482,826.065964135055,148
"{SEMINTE FASOLE CHEROKEE/MAXIDOR/SCUBA KERTIMAG 50G} => {SEMINTE LEGUME GARDENSEED KERTIMAG}",0.000236365917785514,0.531728665207877,0.00044452355731679,199.654015213392,243
"{PEPSI MAX 500ML} => {VIN ALB DD SELECTIONAT COTNARI 1L}",0.000107969616766222,0.158571428571429,0.000680889475102304,267.249266978923,111
"{VIN ALB DD SELECTIONAT COTNARI 1L} => {PEPSI MAX 500ML}",0.000107969616766222,0.181967213114754,0.00059334654258915,267.249266978923,111
"{JOGO-BELLA IAURT SPECIAL 150G} => {JOGO-BELLA IAURT STANDARD 150G}",0.000113805812267099,0.307086614173228,0.000370598414305682,593.431605588775,117
"{JOGO-BELLA IAURT STANDARD 150G} => {JOGO-BELLA IAURT SPECIAL 150G}",0.000113805812267099,0.219924812030075,0.000517476001077751,593.431605588775,117
"{JOGO-BELLA IAURT SPECIAL 150G} => {JOGO-BELLA IAURT CLASSIC 150G}",0.000123532804768561,0.333333333333333,0.000370598414305682,639.345149253731,127
"{JOGO-BELLA IAURT CLASSIC 150G} => {JOGO-BELLA IAURT SPECIAL 150G}",0.000123532804768561,0.236940298507463,0.000521366798078335,639.345149253731,127
"{VIN ALB DD GRASA DE COTNARI 750ML} => {KENT MODE SILVER}",0.000225666226033906,0.457593688362919,0.000493158519824097,352.387243755956,232
"{KENT MODE SILVER} => {VIN ALB DD GRASA DE COTNARI 750ML}",0.000225666226033906,0.173782771535581,0.00129855349894511,352.387243755956,232
"{SZOBI BAUTURA CU GUST DE PIERSICI 12% 1L} => {FRANZELA ALBA AMB.HARMOPAN 300G}",0.00011866930851783,0.209621993127148,0.000566110963585058,30.6900389644328,122
"{BISCUITI PICNIC CACAO ROSTAR 75G} => {BISCUITI PICNIC VANILIE ROSTAR 70G}",0.000100188022765053,0.251219512195122,0.000398806692559921,466.192220656864,103
"{BISCUITI PICNIC VANILIE ROSTAR 70G} => {BISCUITI PICNIC CACAO ROSTAR 75G}",0.000100188022765053,0.185920577617329,0.000538875384580966,466.192220656864,103
"{MARAR PLIC COSMIN 8G} => {CIMBRU COSMIN 8G}",0.00010602421826593,0.327327327327327,0.000323908850298667,615.200042821615,109
"{CIMBRU COSMIN 8G} => {MARAR PLIC COSMIN 8G}",0.00010602421826593,0.19926873857404,0.000532066489829943,615.200042821615,109
"{BOMBOANE PEHELY CU GUST DE ZMEURA 70G} => {BOMBOANE PEHELY CU GUST PORTOCALE&LAMAIE 70G}",0.000101160722015199,0.261964735516373,0.000386161602308021,660.091420951252,104
"{BOMBOANE PEHELY CU GUST PORTOCALE&LAMAIE 70G} => {BOMBOANE PEHELY CU GUST DE ZMEURA 70G}",0.000101160722015199,0.254901960784314,0.000396861294059628,660.091420951252,104
"{CREMA DE BRANZA CHEDDAR MLEKOVITA 150G} => {CREMA DE BRANZA GOUDA MLEKOVITA 150G}",0.000103106120515492,0.259803921568627,0.000396861294059628,561.125710578349,106
"{CREMA DE BRANZA GOUDA MLEKOVITA 150G} => {CREMA DE BRANZA CHEDDAR MLEKOVITA 150G}",0.000103106120515492,0.222689075630252,0.000463004843069566,561.125710578349,106
"{DR.OETKER CREMA PENTRU CREMSNIT 230G} => {COJI  ECLERE MARIEN 200G}",0.000108942316016369,0.241379310344828,0.000451332452067813,114.67380011473,112
"{CONSERVA SUNCA DALMAT GOLD 110G} => {CONSERVA SUNCA BAJOR GOLD 110G}",0.000124505504018707,0.346883468834688,0.000358926023303929,869.803529645053,128
"{CONSERVA SUNCA BAJOR GOLD 110G} => {CONSERVA SUNCA DALMAT GOLD 110G}",0.000124505504018707,0.31219512195122,0.000398806692559921,869.803529645053,128
"{BERE CIUC BLONDA 500ML STICLA} => {STICLA BERE 500ML AMIGO}",0.000174113165776161,0.206936416184971,0.000841384851376418,281.036328372569,179
"{STICLA BERE 500ML AMIGO} => {BERE CIUC BLONDA 500ML STICLA}",0.000174113165776161,0.236459709379128,0.000736333332360634,281.036328372569,179
"{SAPUN NANCY VITAMIN E 140G} => {SAPUN NANCY ALOE VERA 140G}",0.00011866930851783,0.271111111111111,0.000437714662565767,620.758099480327,122
"{SAPUN NANCY ALOE VERA 140G} => {SAPUN NANCY VITAMIN E 140G}",0.00011866930851783,0.271714922048998,0.000436741963315621,620.758099480327,122
"{SAPUN NANCY VITAMIN E 140G} => {SAPUN NANCY MILK ALMOND 140G}",0.000106996917516076,0.244444444444444,0.000437714662565767,481.427713920817,110
"{SAPUN NANCY MILK ALMOND 140G} => {SAPUN NANCY VITAMIN E 140G}",0.000106996917516076,0.210727969348659,0.000507749008576289,481.427713920817,110
"{KNORR SUPA CR.DE CIUPERCI CU CRUTOANE BOGRES 15G} => {KNORR SUPA CREMA DE CASCAVAL BOGRES 22G}",0.000101160722015199,0.250602409638554,0.000403670188810651,571.255138514145,104
"{KNORR SUPA CREMA DE CASCAVAL BOGRES 22G} => {KNORR SUPA CR.DE CIUPERCI CU CRUTOANE BOGRES 15G}",0.000101160722015199,0.23059866962306,0.000438687361815913,571.255138514145,104
"{KNORR SUPA CR.DE CIUPERCI CU CRUTOANE BOGRES 15G} => {KNORR SUPA INSTANT CREMA DE 3 FELURI DE CASCAVAL CU CRUTOANE 17G}",0.000130341699519584,0.32289156626506,0.000403670188810651,560.733384890915,134
"{KNORR SUPA INSTANT CREMA DE 3 FELURI DE CASCAVAL CU CRUTOANE 17G} => {KNORR SUPA CR.DE CIUPERCI CU CRUTOANE BOGRES 15G}",0.000130341699519584,0.226351351351351,0.00057583795608652,560.733384890915,134
"{BRANZA BLOCKEN SMANTANA HOCHLAND 90G} => {BRANZA BLOCKEN SUNCA HOCHLAND 90G}",0.000102133421265346,0.227765726681128,0.000448414354317374,540.781587371564,105
"{BRANZA BLOCKEN SUNCA HOCHLAND 90G} => {BRANZA BLOCKEN SMANTANA HOCHLAND 90G}",0.000102133421265346,0.242494226327945,0.000421178775313282,540.781587371564,105
"{CONDIMENT PT.SARMALE COSMIN 20G} => {CARNE TOCATA PORC VRAC}",0.000137150594270607,0.305194805194805,0.00044938705356752,10.1797647067746,141
"{KNORR SUPA CREMA DE CASCAVAL BOGRES 22G} => {KNORR SUPA INSTANT CREMA DE 3 FELURI DE CASCAVAL CU CRUTOANE 17G}",0.000164386173274699,0.374722838137472,0.000438687361815913,650.743554113981,169
"{KNORR SUPA INSTANT CREMA DE 3 FELURI DE CASCAVAL CU CRUTOANE 17G} => {KNORR SUPA CREMA DE CASCAVAL BOGRES 22G}",0.000164386173274699,0.285472972972973,0.00057583795608652,650.743554113981,169
"{BISCUITI EUGENIA CACAO CU CR.CACAO ROSTAR FOX 30G} => {BISCUITI EUGENIA VANILIE CU CR.ROM ROSTAR FOX 30G}",0.000142014090521338,0.298568507157464,0.000475649933321466,314.818901997798,146
"{BISCUITI EUGENIA VANILIE CU CR.ROM ROSTAR FOX 30G} => {BISCUITI EUGENIA CACAO CU CR.CACAO ROSTAR FOX 30G}",0.000142014090521338,0.14974358974359,0.000948381768892494,314.818901997798,146
"{_VARZA MURATA} => {CARNE TOCATA PORC VRAC}",0.000148822985272361,0.218884120171674,0.000679916775852158,7.30087407606684,153
"{CHIPS PREMIUM DIN CARTOFI TILTOTT CSIKI SOR CSIPSZ 70G} => {CHIPS PREMIUM DIN CARTOFI GUST DE TRUFE TILTOTT CSIKI SOR CSIPSZ 70G}",0.000121587406268269,0.257201646090535,0.000472731835571028,173.504281293542,125
"{KUBETI BACON 35G} => {KUBETI PIZZA 35G}",0.000113805812267099,0.253796095444685,0.000448414354317374,434.142080624844,117
"{KUBETI PIZZA 35G} => {KUBETI BACON 35G}",0.000113805812267099,0.194675540765391,0.000584592249337835,434.142080624844,117
"{KUBETI BACON 35G} => {KUBETI CU GUST DE PUI 35G}",0.000146877586772068,0.327548806941432,0.000448414354317374,579.590566791492,151
"{KUBETI CU GUST DE PUI 35G} => {KUBETI BACON 35G}",0.000146877586772068,0.259896729776248,0.000565138264334912,579.590566791492,151
"{PATE SNACK RATA UNGURESC 70G} => {PATE SNACK GASCA UNGURESC 70G}",0.000157577278523676,0.381176470588235,0.000413397181312113,728.392101465121,162
"{PATE SNACK GASCA UNGURESC 70G} => {PATE SNACK RATA UNGURESC 70G}",0.000157577278523676,0.301115241635688,0.000523312196578628,728.392101465121,162
"{SAPUN NANCY ALOE VERA 140G} => {SAPUN NANCY MILK ALMOND 140G}",0.000132287098019876,0.302895322939866,0.00043674196331562,596.545375419195,136
"{SAPUN NANCY MILK ALMOND 140G} => {SAPUN NANCY ALOE VERA 140G}",0.000132287098019876,0.260536398467433,0.000507749008576289,596.545375419195,136
"{RULADA CU CREMA DE CACAO SWISS ROLLS ROMEGA 150G} => {RULADA CU CREMA DE CAPSUNI SWISS ROLLS ROMEGA 150G}",0.000139095992770899,0.220679012345679,0.000630309114094704,391.835596174759,143
"{RULADA CU CREMA DE CAPSUNI SWISS ROLLS ROMEGA 150G} => {RULADA CU CREMA DE CACAO SWISS ROLLS ROMEGA 150G}",0.000139095992770899,0.246977547495682,0.00056319286583462,391.835596174759,143
"{PATE DE MACROU HAME 100G} => {PATE DE SOMON HAME 100G}",0.000110887714516661,0.263279445727483,0.000421178775313282,270.939849780496,114
"{PATE DE SOMON HAME 100G} => {PATE DE MACROU HAME 100G}",0.000110887714516661,0.114114114114114,0.000971726550896002,270.939849780496,114
"{CIOCOLATA GRAZIA T8 GUST DE CAPPUCINO 100G} => {CIOCOLATA GRAZIA T8 GUST DE TIRAMISU 100G}",0.00014395948902163,0.290196078431373,0.000496076617574535,572.631500508073,148
"{CIOCOLATA GRAZIA T8 GUST DE TIRAMISU 100G} => {CIOCOLATA GRAZIA T8 GUST DE CAPPUCINO 100G}",0.00014395948902163,0.284069097888676,0.000506776309326143,572.631500508073,148
"{CIOCOLATA GRAZIA T8 GUST DE CAPPUCINO 100G} => {CIOCOLATA GRAZIA T8 GUST DE ESPRESSO 100G}",0.000120614707018122,0.243137254901961,0.000496076617574535,444.771153443584,124
"{CIOCOLATA GRAZIA T8 GUST DE ESPRESSO 100G} => {CIOCOLATA GRAZIA T8 GUST DE CAPPUCINO 100G}",0.000120614707018122,0.220640569395018,0.000546656978582135,444.771153443584,124
"{BURGER PRAJITURA CU LAPTE SI CACAO ETI 35G} => {BURGER PRAJITURA CU LAPTE SI MIERE ETI 35G}",0.000142014090521338,0.388297872340426,0.000365734918054952,746.161175183933,146
"{BURGER PRAJITURA CU LAPTE SI MIERE ETI 35G} => {BURGER PRAJITURA CU LAPTE SI CACAO ETI 35G}",0.000142014090521338,0.272897196261682,0.000520394098828189,746.161175183933,146
"{IAURT CU GUST DE VISINE POIANA FLORILOR 100G} => {IAURT CU GUST DE CAPSUNI POIANA FLORILOR 100G}",0.000133259797270022,0.25,0.000533039189080089,521.33215010142,137
"{IAURT CU GUST DE CAPSUNI POIANA FLORILOR 100G} => {IAURT CU GUST DE VISINE POIANA FLORILOR 100G}",0.000133259797270022,0.27789046653144,0.000479540730322051,521.33215010142,137
"{IAURT CU GUST DE VISINE POIANA FLORILOR 100G} => {IAURT CU GUST DE CAISE POIANA FLORILOR 100G}",0.000176058564276453,0.33029197080292,0.000533039189080089,655.525628469972,181
"{IAURT CU GUST DE CAISE POIANA FLORILOR 100G} => {IAURT CU GUST DE VISINE POIANA FLORILOR 100G}",0.000176058564276453,0.349420849420849,0.000503858211575705,655.525628469972,181
"{BISCUITI MARSHMALLOW CU GLAZURA DE COCOS PUF 18G} => {BISCUITI MARSHMALLOW CU GLAZURA DE CACAO PUF 18G}",0.000124505504018707,0.294252873563218,0.000423124173813574,587.401298962169,128
"{BISCUITI MARSHMALLOW CU GLAZURA DE CACAO PUF 18G} => {BISCUITI MARSHMALLOW CU GLAZURA DE COCOS PUF 18G}",0.000124505504018707,0.248543689320388,0.000500940113825266,587.401298962169,128
"{BISCUITI MARSHMALLOW CU GLAZURA DE COCOS PUF 18G} => {BISCUITI MARSHMALLOW CU GLAZURA DE CAPSUNI PUF 18G}",0.000106996917516076,0.252873563218391,0.000423124173813574,465.897787665307,110
"{BISCUITI MARSHMALLOW CU GLAZURA DE CAPSUNI PUF 18G} => {BISCUITI MARSHMALLOW CU GLAZURA DE COCOS PUF 18G}",0.000106996917516076,0.197132616487455,0.000542766181581551,465.897787665307,110
"{KNORR SUPA CREMA DE BROCCOLI CU CRUTOANE BOGRES 16G} => {KNORR SUPA INSTANT CREMA DE 3 FELURI DE CASCAVAL CU CRUTOANE 17G}",0.000100188022765053,0.254320987654321,0.00039394319630919,441.653741241241,103
"{KNORR SUPA INSTANT CREMA DE 3 FELURI DE CASCAVAL CU CRUTOANE 17G} => {KNORR SUPA CREMA DE BROCCOLI CU CRUTOANE BOGRES 16G}",0.000100188022765053,0.173986486486486,0.00057583795608652,441.653741241241,103
"{KUBETI KETCHUP 35G} => {KUBETI PIZZA 35G}",0.00013131439876973,0.268389662027833,0.000489267722823512,459.10574820627,135
"{KUBETI PIZZA 35G} => {KUBETI KETCHUP 35G}",0.00013131439876973,0.224625623960067,0.000584592249337835,459.10574820627,135
"{KUBETI KETCHUP 35G} => {KUBETI CU GUST DE PUI 35G}",0.000113805812267099,0.232604373757455,0.000489267722823512,411.588434966791,117
"{KUBETI CU GUST DE PUI 35G} => {KUBETI KETCHUP 35G}",0.000113805812267099,0.201376936316695,0.000565138264334912,411.588434966791,117
"{MARAR FRUNZE ECOM 20G} => {CIMBRU ECOM 20G}",0.000148822985272361,0.411290322580645,0.000361844121054367,640.65758797654,153
"{CIMBRU ECOM 20G} => {MARAR FRUNZE ECOM 20G}",0.000148822985272361,0.231818181818182,0.000641981505096458,640.65758797654,153
"{PASTE FRUNZA FRAG FRUMOASA 200G} => {PASTE MELCISORI STRIATI FRUMOASA 200G}",0.000105051519015784,0.270676691729323,0.000388107000808313,204.462729196246,108
"{CERBONA BATON CEREALE COACAZE FARA GLUTEN 35G} => {CERBONA BATON CEREALE FARA GLUTEN FRUCTE 35G}",0.000142014090521338,0.311965811965812,0.000455223249068397,449.19013502837,146
"{CERBONA BATON CEREALE FARA GLUTEN FRUCTE 35G} => {CERBONA BATON CEREALE COACAZE FARA GLUTEN 35G}",0.000142014090521338,0.204481792717087,0.00069450726460435,449.19013502837,146
"{CERBONA BATON CEREALE COACAZE FARA GLUTEN 35G} => {CERBONA BATON CEREALE FARA GLUTEN VISINE&CIOCOLATA 35G}",0.000134232496520168,0.294871794871795,0.000455223249068397,341.767713121152,138
"{CERBONA BATON CEREALE FARA GLUTEN VISINE&CIOCOLATA 35G} => {CERBONA BATON CEREALE COACAZE FARA GLUTEN 35G}",0.000134232496520168,0.155580608793687,0.000862784234879633,341.767713121152,138
"{CERBONA BATON CEREALE COACAZE FARA GLUTEN 35G} => {CERBONA BATON CEREALE ZMEURA FARA GLUTEN 35G}",0.000142014090521338,0.311965811965812,0.000455223249068397,329.960654743062,146
"{CERBONA BATON CEREALE ZMEURA FARA GLUTEN 35G} => {CERBONA BATON CEREALE COACAZE FARA GLUTEN 35G}",0.000142014090521338,0.150205761316872,0.000945463671142056,329.960654743062,146
"{CIOCOLATA GRAZIA T8 GUST DE TIRAMISU 100G} => {CIOCOLATA GRAZIA T8 GUST DE ESPRESSO 100G}",0.000137150594270607,0.27063339731286,0.000506776309326143,495.06986632605,141
"{CIOCOLATA GRAZIA T8 GUST DE ESPRESSO 100G} => {CIOCOLATA GRAZIA T8 GUST DE TIRAMISU 100G}",0.000137150594270607,0.250889679715303,0.000546656978582135,495.06986632605,141
"{CONOPIDA CONGELATA AGROSPRINT 400G} => {BROCCOLI CONGELAT AGROSPRINT 400G}",0.000126450902518999,0.26369168356998,0.000479540730322051,379.681677945012,130
"{BROCCOLI CONGELAT AGROSPRINT 400G} => {CONOPIDA CONGELATA AGROSPRINT 400G}",0.000126450902518999,0.182072829131653,0.00069450726460435,379.681677945012,130
"{CHIPS DIN OREZ BRUN CU CEAPA&SMANTANA FARA GLUTEN RICE UP 60G} => {CHIPS DIN OREZ BRUN CU BRANZA FARA GLUTEN RICE UP 60G}",0.000116723910017538,0.227703984819734,0.00051261250482702,455.43765089819,120
"{CHIPS DIN OREZ BRUN CU BRANZA FARA GLUTEN RICE UP 60G} => {CHIPS DIN OREZ BRUN CU CEAPA&SMANTANA FARA GLUTEN RICE UP 60G}",0.000116723910017538,0.233463035019455,0.00049996741457512,455.43765089819,120
"{BOMBOANE UMPLUTE CU MACESE&VITAMINA C DR.TOROK 75G} => {BOMBOANE UMPLUTE CU FLORI DE TEI &VITAMINA C DR.TOROK 75G}",0.000108942316016369,0.227642276422764,0.000478568031071905,384.920250320924,112
"{BOMBOANE UMPLUTE CU FLORI DE TEI &VITAMINA C DR.TOROK 75G} => {BOMBOANE UMPLUTE CU MACESE&VITAMINA C DR.TOROK 75G}",0.000108942316016369,0.184210526315789,0.000591401144088858,384.920250320924,112
"{CIOCOLATA CALDA HOT BIANCO LA FESTA 25G} => {CIOCOLATA CALDA HOT CLASSICO LA FESTA 25G}",0.000148822985272361,0.294230769230769,0.000505803610075997,240.835146680549,153
"{CIOCOLATA CALDA HOT CLASSICO LA FESTA 25G} => {CIOCOLATA CALDA HOT BIANCO LA FESTA 25G}",0.000148822985272361,0.121815286624204,0.00122171025818356,240.835146680549,153
"{IAURT CU GUST DE CAPSUNI POIANA FLORILOR 100G} => {IAURT CU GUST DE CAISE POIANA FLORILOR 100G}",0.000182867459027476,0.381338742393509,0.000479540730322051,756.837407097042,188
"{IAURT CU GUST DE CAISE POIANA FLORILOR 100G} => {IAURT CU GUST DE CAPSUNI POIANA FLORILOR 100G}",0.000182867459027476,0.362934362934363,0.000503858211575705,756.837407097042,188
"{HRANA COMPLETA PENTRU PISICI ADULTE CU PUI PREVITAL 100G} => {HRANA COMPLETA PENTRU PISICI ADULTE STERILIZATE CU FICAT PREVITAL 100G}",0.000105051519015784,0.187826086956522,0.000559302068834035,328.397622005324,108
"{HRANA COMPLETA PENTRU PISICI ADULTE STERILIZATE CU FICAT PREVITAL 100G} => {HRANA COMPLETA PENTRU PISICI ADULTE CU PUI PREVITAL 100G}",0.000105051519015784,0.183673469387755,0.000571947159085935,328.397622005324,108
"{HRANA COMPLETA PENTRU PISICI ADULTE CU PUI PREVITAL 100G} => {HRANA COMPLETA PENTRU PISICI ADULTE STERILIZATE PREVITAL 100G}",0.000105051519015784,0.187826086956522,0.000559302068834035,282.720061111465,108
"{HRANA COMPLETA PENTRU PISICI ADULTE STERILIZATE PREVITAL 100G} => {HRANA COMPLETA PENTRU PISICI ADULTE CU PUI PREVITAL 100G}",0.000105051519015784,0.158125915080527,0.000664353587849819,282.720061111465,108
"{HRANA COMPLETA PENTRU PISICI ADULTE STERILIZATE CU FICAT PREVITAL 100G} => {HRANA COMPLETA PENTRU PISICI ADULTE STERILIZATE PREVITAL 100G}",0.000205239541780837,0.358843537414966,0.000571947159085935,540.139383571877,211
"{HRANA COMPLETA PENTRU PISICI ADULTE STERILIZATE PREVITAL 100G} => {HRANA COMPLETA PENTRU PISICI ADULTE STERILIZATE CU FICAT PREVITAL 100G}",0.000205239541780837,0.308931185944363,0.000664353587849819,540.139383571877,211
"{BISCUITI MARSHMALLOW CU GLAZURA COLORATE PUF 18G} => {BISCUITI MARSHMALLOW CU GLAZURA DE CAPSUNI PUF 18G}",0.000104078819765638,0.213572854291417,0.00048732232432322,393.489612173503,107
"{BISCUITI MARSHMALLOW CU GLAZURA DE CAPSUNI PUF 18G} => {BISCUITI MARSHMALLOW CU GLAZURA COLORATE PUF 18G}",0.000104078819765638,0.191756272401434,0.000542766181581551,393.489612173503,107
"{MAGGI FIDELICIOS PRODUSE INSTANT CU FIDEA CU GUST DE VITA 59.2G} => {MAGGI FIDELICIOS PRODUSE INSTANT CU FIDEA CU GUST DE PUI 59.2G}",0.000150768383772653,0.302734375,0.000498022016074828,283.970091882413,155
"{MAGGI FIDELICIOS PRODUSE INSTANT CU FIDEA CU GUST DE PUI 59.2G} => {MAGGI FIDELICIOS PRODUSE INSTANT CU FIDEA CU GUST DE VITA 59.2G}",0.000150768383772653,0.141423357664234,0.00106607837816018,283.970091882413,155
"{BISCUITI MARSHMALLOW CU GLAZURA DE CACAO PUF 18G} => {BISCUITI MARSHMALLOW CU GLAZURA DE CAPSUNI PUF 18G}",0.000126450902518999,0.252427184466019,0.000500940113825266,465.075373212235,130
"{BISCUITI MARSHMALLOW CU GLAZURA DE CAPSUNI PUF 18G} => {BISCUITI MARSHMALLOW CU GLAZURA DE CACAO PUF 18G}",0.000126450902518999,0.232974910394265,0.000542766181581551,465.075373212235,130
"{BOMBOANE UMPLUTE CU ULEI DE EUCALIPT&MENTHOL DR.TOROK 75G} => {BOMBOANE UMPLUTE CU PEPPERMINT&SPEARMINT DR.TOROK 75G}",0.000101160722015199,0.175675675675676,0.00057583795608652,263.274584351115,104
"{BOMBOANE UMPLUTE CU PEPPERMINT&SPEARMINT DR.TOROK 75G} => {BOMBOANE UMPLUTE CU ULEI DE EUCALIPT&MENTHOL DR.TOROK 75G}",0.000101160722015199,0.151603498542274,0.000667271685600257,263.274584351115,104
"{REAL PATEU DE RATA 105G} => {REAL PATEU DE GASCA 105G}",0.000205239541780837,0.433264887063655,0.000473704534821174,637.232235549171,211
"{REAL PATEU DE GASCA 105G} => {REAL PATEU DE RATA 105G}",0.000205239541780837,0.301859799713877,0.000679916775852158,637.232235549171,211
"{BERE HARGHITA 500ML STICLA} => {STICLA BERE 500ML AMIGO}",0.000251929105787852,0.229203539823009,0.00109915015266515,311.276876585497,259
"{STICLA BERE 500ML AMIGO} => {BERE HARGHITA 500ML STICLA}",0.000251929105787852,0.342140026420079,0.000736333332360634,311.276876585497,259
"{JOGO-BELLA IAURT STANDARD 150G} => {JOGO-BELLA IAURT CLASSIC 150G}",0.000154659180773238,0.298872180451128,0.000517476001077751,573.247436454943,159
"{JOGO-BELLA IAURT CLASSIC 150G} => {JOGO-BELLA IAURT STANDARD 150G}",0.000154659180773238,0.296641791044776,0.000521366798078335,573.247436454943,159
"{PAINE EXTRUDATA CU MEI FARA GLUTEN ABONETT 100G} => {PAINE EXTRUDATA CU SEMINTE DE IN FARA GLUTEN ABONETT 100G}",0.000126450902518999,0.214168039538715,0.000590428444838712,347.834271571008,130
"{PAINE EXTRUDATA CU SEMINTE DE IN FARA GLUTEN ABONETT 100G} => {PAINE EXTRUDATA CU MEI FARA GLUTEN ABONETT 100G}",0.000126450902518999,0.205371248025276,0.000615718625342512,347.834271571008,130
"{PAINE EXTRUDATA CU MEI FARA GLUTEN ABONETT 100G} => {PAINE EXTRUDATA CU QUIONA FARA GLUTEN ABONETT 100G}",0.000146877586772068,0.248764415156507,0.000590428444838712,346.539953925075,151
"{PAINE EXTRUDATA CU QUIONA FARA GLUTEN ABONETT 100G} => {PAINE EXTRUDATA CU MEI FARA GLUTEN ABONETT 100G}",0.000146877586772068,0.204607046070461,0.000717852046607857,346.539953925075,151
"{CHIPS DIN CARTOFI CU GUST DE PAPRIKA CSIKI CSIPSZ 70G} => {CHIPS DIN CARTOFI CU GUST DE CASCAVAL CSIKI CSIPSZ 70G}",0.000138123293520753,0.205797101449275,0.000671162482600842,144.813968990864,142
"{CHIPS DIN CARTOFI CU GUST DE PAPRIKA CSIKI CSIPSZ 70G} => {CHIPS DIN CARTOFI CU SARE CSIKI CSIPSZ 70G}",0.000106996917516076,0.159420289855072,0.000671162482600842,100.982587264593,110
"{ZUZU BIFIDUS IAURT DE BAUT MANGO 320G} => {ZUZU BIFIDUS IAURT DE BAUT CAISE 320G}",0.000158549977773822,0.298534798534799,0.000531093790579797,409.764719259379,163
"{ZUZU BIFIDUS IAURT DE BAUT CAISE 320G} => {ZUZU BIFIDUS IAURT DE BAUT MANGO 320G}",0.000158549977773822,0.21762349799733,0.000728551738359465,409.764719259379,163
"{PAIE MAGICA CU AROMA DE VANILIE MILKY SIP 5*6G} => {PAIE MAGICA CU AROMA DE CIOCOLATA MILKY SIP 5*6G}",0.000170222368775576,0.363070539419087,0.000468841038570443,729.025078611255,175
"{PAIE MAGICA CU AROMA DE CIOCOLATA MILKY SIP 5*6G} => {PAIE MAGICA CU AROMA DE VANILIE MILKY SIP 5*6G}",0.000170222368775576,0.341796875,0.000498022016074828,729.025078611255,175
"{PAIE MAGICA CU AROMA DE VANILIE MILKY SIP 5*6G} => {PAIE MAGICA CU AROMA DE BISCUITI MILKY SIP 5*6G}",0.000178976662026891,0.381742738589212,0.000468841038570443,759.104665441383,184
"{PAIE MAGICA CU AROMA DE BISCUITI MILKY SIP 5*6G} => {PAIE MAGICA CU AROMA DE VANILIE MILKY SIP 5*6G}",0.000178976662026891,0.355899419729207,0.000502885512325559,759.104665441383,184
"{_TELINA CU FRUNZA} => {_GULII}",0.00010602421826593,0.175523349436393,0.000604046234340758,14.8824547039195,109
"{_TELINA CU FRUNZA} => {_PATRUNJEL RADACINA KG}",0.000178003962776745,0.294685990338164,0.000604046234340758,14.6094874875337,183
"{_TELINA CU FRUNZA} => {_MORCOVI}",0.00021204843653186,0.351046698872786,0.000604046234340758,7.99901428631695,218
"{L&M RED 100} => {MARLBORO MICRO FINE TOUCH}",0.000111860413766807,0.129650507328072,0.000862784234879633,149.595295305555,115
"{MARLBORO MICRO FINE TOUCH} => {L&M RED 100}",0.000111860413766807,0.129068462401796,0.000866675031880218,149.595295305555,115
"{FIDEA INSTANT CU GUST DE PUI INDOMIE 70G} => {FIDEA INSTANT CU GUST DE PUI SPECIAL INDOMIE 75G}",0.00011866930851783,0.229755178907721,0.000516503301827605,354.128512015179,122
"{FIDEA INSTANT CU GUST DE PUI SPECIAL INDOMIE 75G} => {FIDEA INSTANT CU GUST DE PUI INDOMIE 70G}",0.00011866930851783,0.182908545727136,0.000648790399847481,354.128512015179,122
"{_STRUGURI ALB FARA SAMBURI} => {_BANANE}",0.000145904887521922,0.242718446601942,0.000601128136590319,3.53758772336105,150
"{CIOCOLATA CU LAPTE CU NUGA&ALUNE ROSHEN 90G} => {CIOCOLATA CU LAPTE CU NUGA&AFINE ROSHEN 90G}",0.000129369000269438,0.251417769376181,0.000514557903327312,413.55889905482,133
"{CIOCOLATA CU LAPTE CU NUGA&AFINE ROSHEN 90G} => {CIOCOLATA CU LAPTE CU NUGA&ALUNE ROSHEN 90G}",0.000129369000269438,0.2128,0.000607937031341343,413.55889905482,133
"{BOMBOANE CIOCOLATA MERCI ALBASTRU 250G} => {BOMBOANE CIOCOLATA MERCI ROSU 250G}",0.00018189475977733,0.209876543209877,0.000866675031880218,111.277539014001,187
"{KNORR SUPA DE GAINA UJHAZI TT 67G} => {KNORR SUPA DE PERISOARA TT 50G}",0.000104078819765638,0.177740863787375,0.000585564948587981,271.918923528714,107
"{KNORR SUPA DE PERISOARA TT 50G} => {KNORR SUPA DE GAINA UJHAZI TT 67G}",0.000104078819765638,0.15922619047619,0.000653653896098212,271.918923528714,107
"{KUBETI PIZZA 35G} => {KUBETI CU GUST DE PUI 35G}",0.000136177895020461,0.232945091514143,0.000584592249337835,412.191327706834,140
"{KUBETI CU GUST DE PUI 35G} => {KUBETI PIZZA 35G}",0.000136177895020461,0.240963855421687,0.000565138264334912,412.191327706834,140
"{ZUZU IAURT CU VISINE 2.6% GRASIME 125G} => {ZUZU IAURT CU FRUCTE DE PADURE 2.6% GRASIME 125G}",0.000130341699519584,0.268537074148297,0.000485376925822928,447.445873919638,134
"{ZUZU IAURT CU FRUCTE DE PADURE 2.6% GRASIME 125G} => {ZUZU IAURT CU VISINE 2.6% GRASIME 125G}",0.000130341699519584,0.217179902755267,0.000600155437340173,447.445873919638,134
"{BISCUITI CACAO CU BUC.DE CIOC.BELVITA JO REGGELT 50G} => {BISCUITI CU FR.DE PADURE BELVITA JO REGGELT 50G}",0.000107969616766222,0.166416791604198,0.000648790399847481,205.88160252004,111
"{BISCUITI CU FR.DE PADURE BELVITA JO REGGELT 50G} => {BISCUITI CACAO CU BUC.DE CIOC.BELVITA JO REGGELT 50G}",0.000107969616766222,0.133574007220217,0.000808313076871449,205.88160252004,111
"{CARNACIORI CU FASOLE BOABE ROTINA 300G} => {COSTITA CU FASOLE BOABE ROTINA 300G}",0.000102133421265346,0.207509881422925,0.000492185820573951,320.321413310544,105
"{COSTITA CU FASOLE BOABE ROTINA 300G} => {CARNACIORI CU FASOLE BOABE ROTINA 300G}",0.000102133421265346,0.157657657657658,0.000647817700597335,320.321413310544,105
"{HRANA COMPLETA PENTRU PISICI ADULTE STERILIZATE PREVITAL 100G} => {HRANA COMPLETA PENTRU PISICI ADULTE CU VITA SI PUI RENO 100G}",0.000107969616766222,0.162518301610542,0.000664353587849819,226.395261222012,111
"{HRANA COMPLETA PENTRU PISICI ADULTE CU VITA SI PUI RENO 100G} => {HRANA COMPLETA PENTRU PISICI ADULTE STERILIZATE PREVITAL 100G}",0.000107969616766222,0.150406504065041,0.000717852046607857,226.395261222012,111
"{OREGANO MARUNTIT LUCULLUS 5G} => {BUSUIOC MARUNTIT LUCULLUS 5G}",0.000135205195770315,0.290187891440501,0.000465922940820005,602.692111090023,139
"{BUSUIOC MARUNTIT LUCULLUS 5G} => {OREGANO MARUNTIT LUCULLUS 5G}",0.000135205195770315,0.280808080808081,0.000481486128822343,602.692111090023,139
"{CONDIMENT PENTRU TURTA DULCE LUCULLUS 14G} => {AMESTEC DE CONDIMENTE PENTRU TURTA DULCE THYMOS 25G}",0.000100188022765053,0.178509532062392,0.000561247467334327,212.899952550797,103
"{AMESTEC DE CONDIMENTE PENTRU TURTA DULCE THYMOS 25G} => {CONDIMENT PENTRU TURTA DULCE LUCULLUS 14G}",0.000100188022765053,0.119489559164733,0.00083846675362598,212.899952550797,103
"{AMESTEC DE CONDIMENTE PENTRU CARNE DE PASARE MARCO POLO 30G} => {AMESTEC DE CONDIMENTE CU USTUROI PENTRU GRATAR MARCO POLO 30G}",0.00011866930851783,0.23828125,0.000498022016074828,363.455622913576,122
"{AMESTEC DE CONDIMENTE CU USTUROI PENTRU GRATAR MARCO POLO 30G} => {AMESTEC DE CONDIMENTE PENTRU CARNE DE PASARE MARCO POLO 30G}",0.00011866930851783,0.181008902077151,0.000655599294598504,363.455622913576,122
"{AMESTEC DE CONDIMENTE PENTRU CARNE DE PASARE MARCO POLO 30G} => {AMESTEC DE CONDIMENTE PENTRU FRIPTURA DE PUI MARCO POLO 30G}",0.000138123293520753,0.27734375,0.000498022016074828,329.247063546478,142
"{AMESTEC DE CONDIMENTE PENTRU FRIPTURA DE PUI MARCO POLO 30G} => {AMESTEC DE CONDIMENTE PENTRU CARNE DE PASARE MARCO POLO 30G}",0.000138123293520753,0.163972286374134,0.000842357550626564,329.247063546478,142
"{DESERT LIEGEOIS VANILIE 175G} => {DESERT LIEGEOIS CIOCOLATA 175G}",0.000210103038031568,0.353518821603928,0.000594319241839296,398.509906107331,216
"{DESERT LIEGEOIS CIOCOLATA 175G} => {DESERT LIEGEOIS VANILIE 175G}",0.000210103038031568,0.236842105263158,0.000887101716133287,398.50990610733,216
"{PAIE MAGICA CU AROMA DE CIOCOLATA MILKY SIP 5*6G} => {PAIE MAGICA CU AROMA DE BISCUITI MILKY SIP 5*6G}",0.000173140466526014,0.34765625,0.000498022016074828,691.322858740329,178
"{PAIE MAGICA CU AROMA DE BISCUITI MILKY SIP 5*6G} => {PAIE MAGICA CU AROMA DE CIOCOLATA MILKY SIP 5*6G}",0.000173140466526014,0.344294003868472,0.000502885512325559,691.322858740329,178
"{PERNITE VIVA CU CREMA DE VANILIE 200G} => {PERNITE VIVA CU CREMA DE CAPSUNI 200G}",0.000112833113016953,0.210144927536232,0.000536929986080674,314.016083164813,116
"{PERNITE VIVA CU CREMA DE CAPSUNI 200G} => {PERNITE VIVA CU CREMA DE VANILIE 200G}",0.000112833113016953,0.168604651162791,0.00066921708410055,314.016083164813,116
"{LEUSTEAN ECOM 20G} => {FRUNZA USCATA PATRUNJEL ECOM 20G}",0.000114778511517245,0.253218884120172,0.000453277850568105,399.886295761555,118
"{FRUNZA USCATA PATRUNJEL ECOM 20G} => {LEUSTEAN ECOM 20G}",0.000114778511517245,0.181259600614439,0.000633227211845142,399.886295761555,118
"{CHIPS DIN CARTOFI CU GUST DE SMANTANA SI CEAPA CSIKI CSIPSZ 100G} => {CHIPS DIN CARTOFI CU GUST DE PAPRIKA CSIKI CSIPSZ 100G}",0.000105051519015784,0.162650602409639,0.000645872302097042,174.364668266392,108
"{CHIPS DIN CARTOFI CU GUST DE PAPRIKA CSIKI CSIPSZ 100G} => {CHIPS DIN CARTOFI CU GUST DE SMANTANA SI CEAPA CSIKI CSIPSZ 100G}",0.000105051519015784,0.112617309697602,0.000932818580890156,174.364668266392,108
"{CHIPS DIN CARTOFI CU GUST DE SMANTANA SI CEAPA CSIKI CSIPSZ 100G} => {CHIPS DIN CARTOFI CU GUST DE CASCAVAL CSIKI CSIPSZ 100G}",0.000132287098019876,0.204819277108434,0.000645872302097042,142.757925260363,136
"{CHIPS DIN CARTOFI CU GUST DE SMANTANA SI CEAPA CSIKI CSIPSZ 100G} => {CHIPS DIN CARTOFI CU SARE CSIKI CSIPSZ 100G}",0.000114778511517245,0.177710843373494,0.000645872302097042,120.672822730818,118
"{CIOCOLATA AERATA CU CARAMEL ROSHEN 80G} => {CIOCOLATA AERATA CU LAPTE ROSHEN 80G}",0.000100188022765053,0.174872665534805,0.000572919858336081,206.407366978611,103
"{CIOCOLATA AERATA CU LAPTE ROSHEN 80G} => {CIOCOLATA AERATA CU CARAMEL ROSHEN 80G}",0.000100188022765053,0.118254879448909,0.000847221046877295,206.407366978611,103
"{SAPUN DOVE CREAM EXFOLIANT 100G} => {SAPUN DOVE CREAM ORIGINAL 100G}",0.000100188022765053,0.184587813620072,0.000542766181581551,215.401407247385,103
"{SAPUN DOVE CREAM ORIGINAL 100G} => {SAPUN DOVE CREAM EXFOLIANT 100G}",0.000100188022765053,0.116912599318956,0.000856948039378757,215.401407247385,103
"{_CAPSUNI KG} => {_BANANE}",0.000116723910017538,0.187793427230047,0.000621554820843389,2.73706317751127,120
"{BATON CIOCOLATA CU ROM ROSHEN 43G} => {BATON CIOCOLATA CU LAPTE UMPL.DE CR.DE ZAHAR ARS ROSHEN 43G}",0.000137150594270607,0.224165341812401,0.000611827828341927,145.951228917701,141
"{BATON CIOCOLATA CU ROM ROSHEN 43G} => {BATON CIOCOLATA CU UMPL.CU GUST DE CIOC.FONDANT ROSHEN 43G}",0.00016924966952543,0.276629570747218,0.000611827828341927,178.079983036556,174
"{BATON CIOCOLATA CU UMPL.CU GUST DE CIOC.FONDANT ROSHEN 43G} => {BATON CIOCOLATA CU ROM ROSHEN 43G}",0.00016924966952543,0.108954289292423,0.0015534007024834,178.079983036556,174
"{BATON CIOCOLATA CU ROM ROSHEN 43G} => {BATON CIOCOLATA LAPTE UMPL.DE CREMA CARAMEL ROSHEN 40G}",0.000124505504018707,0.203497615262321,0.000611827828341927,131.165631868269,128
"{VARZA MURATA KODO} => {CARNE TOCATA PORC VRAC}",0.000119642007767976,0.157289002557545,0.000760650813614288,5.24637054676294,123
"{PAINE EXTRUDATA CU SEMINTE DE IN FARA GLUTEN ABONETT 100G} => {PAINE EXTRUDATA CU QUIONA FARA GLUTEN ABONETT 100G}",0.000120614707018122,0.195892575039494,0.000615718625342512,272.887116454103,124
"{PAINE EXTRUDATA CU QUIONA FARA GLUTEN ABONETT 100G} => {PAINE EXTRUDATA CU SEMINTE DE IN FARA GLUTEN ABONETT 100G}",0.000120614707018122,0.168021680216802,0.000717852046607857,272.887116454103,124
"{PAINE EXTRUDATA CU SEMINTE DE IN FARA GLUTEN ABONETT 100G} => {PAINE EXTRUDATA CU LEGUME FARA GLUTEN ABONETT 100G}",0.000112833113016953,0.183254344391785,0.000615718625342512,210.735731628444,116
"{PAINE EXTRUDATA CU LEGUME FARA GLUTEN ABONETT 100G} => {PAINE EXTRUDATA CU SEMINTE DE IN FARA GLUTEN ABONETT 100G}",0.000112833113016953,0.129753914988814,0.000869593129630656,210.735731628444,116
"{CAFEA JACOBS 3IN1 CARAMEL 16.9G} => {CAFEA JACOBS 3IN1 CLASSIC 15.2G}",0.000106996917516076,0.13681592039801,0.000782050197117503,30.988308622124,110
"{NAPOLITANE CU CREMA DE CACAO SI LAPTE ROSHEN 72G} => {NAPOLITANE CU CREMA DE ALUNE ROSHEN 72G}",0.000111860413766807,0.188524590163934,0.00059334654258915,163.282148134849,115
"{NAPOLITANE CU CREMA DE CACAO SI LAPTE ROSHEN 72G} => {NAPOLITANE CU CREMA DE LAPTE ROSHEN 72G}",0.000136177895020461,0.229508196721311,0.00059334654258915,144.135493756071,140
"{NAPOLITANE CU CREMA DE CACAO SI LAPTE ROSHEN 72G} => {NAPOLITANE CU CREMA DE CIOCOLATA ROSHEN 72G}",0.000179949361277037,0.30327868852459,0.00059334654258915,188.052359152841,185
"{NAPOLITANE CU CREMA DE CIOCOLATA ROSHEN 72G} => {NAPOLITANE CU CREMA DE CACAO SI LAPTE ROSHEN 72G}",0.000179949361277037,0.111580217129071,0.00161273535674231,188.052359152841,185
"{ELAN CUB CU GUST LEGUME 60G} => {ELAN CUB CU GUST GAINA 60G}",0.000190649053028645,0.379110251450677,0.000502885512325559,491.488951927041,196
"{ELAN CUB CU GUST GAINA 60G} => {ELAN CUB CU GUST LEGUME 60G}",0.000190649053028645,0.247162673392182,0.000771350505365895,491.488951927041,196
"{DANONE ACTIVIA DE BAUT CHIA-AFINE 320G} => {DANONE ACTIVIA DE BAUT RODIE ZMEURA 320G}",0.000112833113016953,0.195286195286195,0.000577783354586812,217.988374516062,116
"{DANONE ACTIVIA DE BAUT RODIE ZMEURA 320G} => {DANONE ACTIVIA DE BAUT CHIA-AFINE 320G}",0.000112833113016953,0.125950054288817,0.000895856009384602,217.988374516062,116
"{BISCUITI CU MIERE BELVITA JO REGGELT 50G} => {BISCUITI CU FR.DE PADURE BELVITA JO REGGELT 50G}",0.000116723910017538,0.172166427546628,0.000677971377351865,212.994732453164,120
"{BISCUITI CU FR.DE PADURE BELVITA JO REGGELT 50G} => {BISCUITI CU MIERE BELVITA JO REGGELT 50G}",0.000116723910017538,0.144404332129964,0.000808313076871449,212.994732453164,120
"{BISCUITI CU MIERE BELVITA JO REGGELT 50G} => {_BANANE}",0.000112833113016953,0.166427546628407,0.000677971377351865,2.42565842862082,116
"{CERBONA TERCI DE OVAZ CU MANGO 50G} => {CERBONA TERCI DE OVAZ CU PRUNE 50G}",0.000260683399039168,0.458119658119658,0.000569029061335497,623.81152657497,268
"{CERBONA TERCI DE OVAZ CU PRUNE 50G} => {CERBONA TERCI DE OVAZ CU MANGO 50G}",0.000260683399039168,0.354966887417219,0.000734387933860342,623.81152657497,268
"{CERBONA TERCI DE OVAZ CU MANGO 50G} => {CERBONA TERCI DE OVAZ CU CIOCOLATA 55G}",0.000114778511517245,0.201709401709402,0.000569029061335497,233.525652575653,118
"{CERBONA TERCI DE OVAZ CU CIOCOLATA 55G} => {CERBONA TERCI DE OVAZ CU MANGO 50G}",0.000114778511517245,0.132882882882883,0.00086375693412978,233.525652575653,118
"{CERBONA TERCI DE OVAZ CU MANGO 50G} => {CERBONA TERCI DE OVAZ CU CAISE 50G}",0.000259710699789022,0.456410256410256,0.000569029061335497,521.355914529915,267
"{CERBONA TERCI DE OVAZ CU CAISE 50G} => {CERBONA TERCI DE OVAZ CU MANGO 50G}",0.000259710699789022,0.296666666666667,0.000875429325131533,521.355914529915,267
"{CERBONA TERCI DE OVAZ CU MANGO 50G} => {CERBONA TERCI DE OVAZ CU FRUCTE DE PADURE 55G}",0.000176058564276453,0.309401709401709,0.000569029061335497,290.754741480336,181
"{CERBONA TERCI DE OVAZ CU FRUCTE DE PADURE 55G} => {CERBONA TERCI DE OVAZ CU MANGO 50G}",0.000176058564276453,0.1654478976234,0.00106413297965989,290.754741480336,181
"{SMANTANA FARA LACTOZA 20% MIZO 330G} => {UNT FARA LACTOZA 82% GRASIME MIZO 100G}",0.000119642007767976,0.158709677419355,0.000753841918863265,216.973646190803,123
"{UNT FARA LACTOZA 82% GRASIME MIZO 100G} => {SMANTANA FARA LACTOZA 20% MIZO 330G}",0.000119642007767976,0.163563829787234,0.000731469836109903,216.973646190803,123
"{SMANTANA FARA LACTOZA 20% MIZO 330G} => {IAURT FARA LACTOZA NATUR MIZO 150G}",0.000106996917516076,0.141935483870968,0.000753841918863265,133.870813850252,110
"{IAURT FARA LACTOZA NATUR MIZO 150G} => {SMANTANA FARA LACTOZA 20% MIZO 330G}",0.000106996917516076,0.100917431192661,0.0010602421826593,133.870813850252,110
"{SMANTANA FARA LACTOZA 20% MIZO 330G} => {LAPTE UHT 1.5% GRASIME FARA LACTOZA MIZO 1L}",0.000105051519015784,0.139354838709677,0.000753841918863265,65.5680141728796,108
"{KENT CORE SILVER 94 S} => {_BANANE}",0.000110887714516661,0.127374301675978,0.000870565828880803,1.85646279542818,114
"{CONDIMENT PORC PT.FRIPTURA LUCULLUS 40G} => {CONDIMENT DE PUI LUCULLUS 40G}",0.000100188022765053,0.198076923076923,0.000505803610075997,275.556627979598,103
"{CONDIMENT DE PUI LUCULLUS 40G} => {CONDIMENT PORC PT.FRIPTURA LUCULLUS 40G}",0.000100188022765053,0.139377537212449,0.000718824745858003,275.556627979598,103
"{BERE TILTOTT BARNA SOR 7% 500ML} => {BERE 6% SZEKELY SOR 500ML}",0.000153686481523091,0.23201174743025,0.000662408189349527,298.527686039267,158
"{BERE 6% SZEKELY SOR 500ML} => {BERE TILTOTT BARNA SOR 7% 500ML}",0.000153686481523091,0.197747183979975,0.000777186700866772,298.527686039267,158
"{BERE TILTOTT BARNA SOR 7% 500ML} => {BERE TILTOTT CSIKI KREM SOR 4.5% 500ML}",0.000159522677023968,0.240822320117474,0.000662408189349527,304.528265899399,164
"{BERE TILTOTT CSIKI KREM SOR 4.5% 500ML} => {BERE TILTOTT BARNA SOR 7% 500ML}",0.000159522677023968,0.201722017220172,0.000790804490368818,304.528265899399,164
"{BERE TILTOTT BARNA SOR 7% 500ML} => {BERE TILTOTT CSIKI GOLD STICLA 500ML}",0.000130341699519584,0.196769456681351,0.000662408189349527,208.979529981432,134
"{BERE TILTOTT CSIKI GOLD STICLA 500ML} => {BERE TILTOTT BARNA SOR 7% 500ML}",0.000130341699519584,0.138429752066116,0.000941572874141471,208.979529981432,134
"{BERE TILTOTT BARNA SOR 7% 500ML} => {BERE TILTOTT CSIKI VADMALNA CU VITAMINE STICLA 500ML}",0.000150768383772653,0.227606461086637,0.000662408189349527,130.069311634217,155
"{BERE TILTOTT BARNA SOR 7% 500ML} => {BERE TILTOTT IGAZI SOR 6% 500ML}",0.000246092910286975,0.37151248164464,0.000662408189349527,149.780283320377,253
"{BERE TILTOTT BARNA SOR 7% 500ML} => {STICLA BERE 500ML CSIKI}",0.000361844121054367,0.54625550660793,0.000662408189349527,191.602613412451,372
"{STICLA BERE 500ML CSIKI} => {BERE TILTOTT BARNA SOR 7% 500ML}",0.000361844121054367,0.126919140225179,0.00285098150217836,191.602613412451,372
"{ZUZU BIFIDUS IAURT DE BAUT CAPSUNI 320G} => {ZUZU BIFIDUS IAURT DE BAUT CAISE 320G}",0.000147850286022215,0.231354642313546,0.000639063407346019,317.554169638666,152
"{ZUZU BIFIDUS IAURT DE BAUT CAISE 320G} => {ZUZU BIFIDUS IAURT DE BAUT CAPSUNI 320G}",0.000147850286022215,0.202937249666222,0.000728551738359465,317.554169638666,152
"{DANONE CREMOSSO IAURT NATUR 125G} => {CASCAVAL TRAPPIST 40% AMMERLAND}",0.000102133421265346,0.170178282009724,0.000600155437340173,26.0931656750024,105
"{DANONE CREMOSSO IAURT NATUR 125G} => {DANONE ACTIVIA NATUR 125G}",0.00013131439876973,0.218800648298217,0.000600155437340173,21.9049299925994,135
"{DANONE CREMOSSO IAURT NATUR 125G} => {_BANANE}",0.000127423601769145,0.212317666126418,0.000600155437340173,3.09450056086293,131
"{NAPOLITANE GLAZURAT CU CREMA DE LAPTE BALATON 30G} => {NAPOLITANE GLAZURAT CU CREMA DE CACAO BALATON 30G}",0.000255819902788437,0.437603993344426,0.000584592249337835,747.319310009342,263
"{NAPOLITANE GLAZURAT CU CREMA DE CACAO BALATON 30G} => {NAPOLITANE GLAZURAT CU CREMA DE LAPTE BALATON 30G}",0.000255819902788437,0.43687707641196,0.000585564948587981,747.319310009342,263
"{PRAJITURA GYORI DORMI CU CR.CAPSUNI 30G} => {PRAJITURA GYORI DORMI CU CR.LAPTE 30G}",0.000115751210767392,0.221189591078067,0.000523312196578628,231.565905632235,119
"{PRAJITURA GYORI DORMI CU CR.LAPTE 30G} => {PRAJITURA GYORI DORMI CU CR.CAPSUNI 30G}",0.000115751210767392,0.121181262729124,0.000955190663643517,231.565905632235,119
"{PRAJITURA GYORI DORMI CU CR.CAPSUNI 30G} => {PRAJITURA GYORI DORMI CU CR.CIOCOLATA 30G}",0.000116723910017538,0.223048327137546,0.000523312196578628,215.313262474475,120
"{PRAJITURA GYORI DORMI CU CR.CIOCOLATA 30G} => {PRAJITURA GYORI DORMI CU CR.CAPSUNI 30G}",0.000116723910017538,0.112676056338028,0.00103592470140565,215.313262474475,120
"{ZUZU IAURT CU CAPSUNI 2.6% GRASIME 125G} => {ZUZU IAURT CU FRUCTE DE PADURE 2.6% GRASIME 125G}",0.000116723910017538,0.204081632653061,0.000571947159085935,340.047960837495,120
"{ZUZU IAURT CU FRUCTE DE PADURE 2.6% GRASIME 125G} => {ZUZU IAURT CU CAPSUNI 2.6% GRASIME 125G}",0.000116723910017538,0.194489465153971,0.000600155437340173,340.047960837496,120
"{ZUZU IAURT CU CAPSUNI 2.6% GRASIME 125G} => {ZUZU IAURT CU PIERSICI&CAISE 2.6% GRASIME 125G}",0.000184812857527768,0.32312925170068,0.000571947159085935,482.145893190368,190
"{ZUZU IAURT CU PIERSICI&CAISE 2.6% GRASIME 125G} => {ZUZU IAURT CU CAPSUNI 2.6% GRASIME 125G}",0.000184812857527768,0.275761973875181,0.000670189783350696,482.145893190368,190
"{DROPSURI CU GUST DE TEI VERBENA 60G} => {DROPSURI CU EXTRACT DE PLANTE SALVIE VERBENA 60G}",0.000146877586772068,0.263986013986014,0.000556383971083597,350.187496052335,151
"{DROPSURI CU EXTRACT DE PLANTE SALVIE VERBENA 60G} => {DROPSURI CU GUST DE TEI VERBENA 60G}",0.000146877586772068,0.194838709677419,0.000753841918863265,350.187496052335,151
"{DROPSURI CU GUST DE TEI VERBENA 60G} => {DROPSURI CU EXTRACT DE PLANTE MACESE VERBENA 60G}",0.000168276970275284,0.302447552447552,0.000556383971083597,409.665807512645,173
"{DROPSURI CU EXTRACT DE PLANTE MACESE VERBENA 60G} => {DROPSURI CU GUST DE TEI VERBENA 60G}",0.000168276970275284,0.227931488801054,0.000738278730860926,409.665807512645,173
"{PATE DIN FICAT DE RATA HAME 105G} => {PATE DIN FICAT DE GASCA HAME 105G}",0.000226638925284053,0.44721689059501,0.000506776309326143,618.800709371924,233
"{PATE DIN FICAT DE GASCA HAME 105G} => {PATE DIN FICAT DE RATA HAME 105G}",0.000226638925284053,0.313593539703903,0.000722715542858588,618.800709371924,233
"{BERE 6% SZEKELY SOR 500ML} => {BERE TILTOTT CSIKI KREM SOR 4.5% 500ML}",0.000165358872524845,0.212765957446809,0.000777186700866772,269.050011776714,170
"{BERE TILTOTT CSIKI KREM SOR 4.5% 500ML} => {BERE 6% SZEKELY SOR 500ML}",0.000165358872524845,0.20910209102091,0.000790804490368818,269.050011776714,170
"{BERE 6% SZEKELY SOR 500ML} => {BERE TILTOTT CSIKI GOLD STICLA 500ML}",0.000111860413766807,0.143929912390488,0.000777186700866772,152.861150042926,115
"{BERE TILTOTT CSIKI GOLD STICLA 500ML} => {BERE 6% SZEKELY SOR 500ML}",0.000111860413766807,0.118801652892562,0.000941572874141471,152.861150042926,115
"{BERE 6% SZEKELY SOR 500ML} => {BERE TILTOTT CSIKI VADMALNA CU VITAMINE STICLA 500ML}",0.00013131439876973,0.168961201501877,0.000777186700866772,96.5555506083549,135
"{BERE 6% SZEKELY SOR 500ML} => {BERE TILTOTT IGAZI SOR 6% 500ML}",0.000278191985541798,0.357947434292866,0.000777186700866772,144.311350953398,286
"{BERE TILTOTT IGAZI SOR 6% 500ML} => {BERE 6% SZEKELY SOR 500ML}",0.000278191985541798,0.112156862745098,0.00248038308787268,144.311350953398,286
"{BERE 6% SZEKELY SOR 500ML} => {STICLA BERE 500ML CSIKI}",0.000367680316555244,0.473091364205257,0.000777186700866772,165.939822423885,378
"{STICLA BERE 500ML CSIKI} => {BERE 6% SZEKELY SOR 500ML}",0.000367680316555244,0.128966223132037,0.00285098150217836,165.939822423885,378
"{ENERGIZANT HELL APPLE STRONG 250ML} => {ENERGIZANT HELL 250ML}",0.000128396301019292,0.105854049719326,0.00121295596493225,14.9669997707054,132
"{REAL PATEU DE GASCA 48G} => {REAL PATEU DE PORC 48G}",0.000151741083022799,0.2508038585209,0.000605018933590904,360.116159801685,156
"{REAL PATEU DE PORC 48G} => {REAL PATEU DE GASCA 48G}",0.000151741083022799,0.217877094972067,0.000696452663104642,360.116159801685,156
"{REAL PATEU DE GASCA 48G} => {REAL PATEU DE PUI 48G}",0.000162440774774407,0.268488745980707,0.000605018933590904,349.39799951158,167
"{REAL PATEU DE PUI 48G} => {REAL PATEU DE GASCA 48G}",0.000162440774774407,0.211392405063291,0.000768432407615457,349.39799951158,167
"{REAL PATEU DE GASCA 48G} => {REAL PATEU DE RATA 48G}",0.000274301188541214,0.453376205787781,0.000605018933590904,603.757921963247,282
"{REAL PATEU DE RATA 48G} => {REAL PATEU DE GASCA 48G}",0.000274301188541214,0.365284974093264,0.000750923821112826,603.757921963247,282
"{CAFEA JACOBS KRONUNG INSTANT 1.8G} => {CAFEA JACOBS 3IN1 CLASSIC 15.2G}",0.000150768383772653,0.180863477246208,0.000833603257375249,40.964920128239,155
"{CAFEA JACOBS KRONUNG INSTANT 1.8G} => {_BANANE}",0.000100188022765053,0.120186697782964,0.000833603257375249,1.75170446474387,103
"{ENERGIZANT HELL RED GRAPE 250ML} => {ENERGIZANT HELL 250ML}",0.000193567150779083,0.157811260904044,0.00122657375443429,22.3133749915883,199
"{BERE TILTOTT CSIKI KREM SOR 4.5% 500ML} => {BERE TILTOTT CSIKI GOLD STICLA 500ML}",0.000132287098019876,0.167281672816728,0.000790804490368818,177.661949925284,136
"{BERE TILTOTT CSIKI GOLD STICLA 500ML} => {BERE TILTOTT CSIKI KREM SOR 4.5% 500ML}",0.000132287098019876,0.140495867768595,0.000941572874141471,177.661949925284,136
"{BERE TILTOTT CSIKI KREM SOR 4.5% 500ML} => {BERE TILTOTT CSIKI VADMALNA CU VITAMINE STICLA 500ML}",0.00015660457927353,0.198031980319803,0.000790804490368818,113.168506899077,161
"{BERE TILTOTT CSIKI KREM SOR 4.5% 500ML} => {BERE TILTOTT IGAZI SOR 6% 500ML}",0.000240256714786099,0.303813038130381,0.000790804490368818,122.486336733956,247
"{BERE TILTOTT CSIKI KREM SOR 4.5% 500ML} => {STICLA BERE 500ML CSIKI}",0.00033849933905086,0.428044280442804,0.000790804490368818,150.13926962197,348
"{STICLA BERE 500ML CSIKI} => {BERE TILTOTT CSIKI KREM SOR 4.5% 500ML}",0.00033849933905086,0.118730808597748,0.00285098150217836,150.13926962197,348
"{CERBONA BATON CEREALE CU FRUCTE ROSII 20G} => {CERBONA BATON CEREALE CU CIOC.AMARA&ZMEURA 20G}",0.000147850286022215,0.218390804597701,0.000676998678101719,271.159878394136,152
"{CERBONA BATON CEREALE CU CIOC.AMARA&ZMEURA 20G} => {CERBONA BATON CEREALE CU FRUCTE ROSII 20G}",0.000147850286022215,0.183574879227053,0.00080539497912101,271.159878394136,152
"{CERBONA BATON CEREALE CU FRUCTE ROSII 20G} => {_BANANE}",0.000100188022765053,0.147988505747126,0.000676998678101719,2.15691196305387,103
"{_CARTOFI DULCI} => {_BANANE}",0.000108942316016369,0.186978297161937,0.000582646850837543,2.72518276972909,112
"{CERBONA BATON CEREALE CU FRUCTE 20G} => {CERBONA BATON CEREALE CU AFINE 20G}",0.00016924966952543,0.250359712230216,0.000676025978851573,357.978523328764,174
"{CERBONA BATON CEREALE CU AFINE 20G} => {CERBONA BATON CEREALE CU FRUCTE 20G}",0.00016924966952543,0.242002781641168,0.00069937076085508,357.978523328764,174
"{CERBONA BATON CEREALE CU FRUCTE 20G} => {CERBONA BATON CEREALE CU CIOCOLATA 20G}",0.000192594451528937,0.284892086330935,0.000676025978851573,384.872736554515,198
"{CERBONA BATON CEREALE CU CIOCOLATA 20G} => {CERBONA BATON CEREALE CU FRUCTE 20G}",0.000192594451528937,0.260183968462549,0.000740224129361219,384.872736554515,198
"{CONSERVA FILE DE SOMON IN SOS SULTAN EVRAFISH 170G} => {CONSERVA FILE DE SOMON IN STIL GRECESC EVRAFISH 170G}",0.000117696609267684,0.203703703703704,0.000577783354586812,329.796937882765,121
"{CONSERVA FILE DE SOMON IN STIL GRECESC EVRAFISH 170G} => {CONSERVA FILE DE SOMON IN SOS SULTAN EVRAFISH 170G}",0.000117696609267684,0.190551181102362,0.000617664023842804,329.796937882765,121
"{SEMINTE FLORI GARDENSEED KERTIMAG} => {SEMINTE LEGUME GARDENSEED KERTIMAG}",0.000246092910286975,0.356338028169014,0.000690616467603765,133.798162018128,253
"{ARIPI CURCAN REFR.VRAC} => {_MORCOVI}",0.000101160722015199,0.119129438717068,0.000849166445377587,2.7145051791644,104
"{UNT FARA LACTOZA 82% GRASIME MIZO 100G} => {SMANTANA FARA LACTOZA 20% MIZO 150G}",0.000134232496520168,0.183510638297872,0.000731469836109903,189.228918137391,138
"{SMANTANA FARA LACTOZA 20% MIZO 150G} => {UNT FARA LACTOZA 82% GRASIME MIZO 100G}",0.000134232496520168,0.138415245737212,0.00096978115239571,189.228918137391,138
"{UNT FARA LACTOZA 82% GRASIME MIZO 100G} => {IAURT FARA LACTOZA NATUR MIZO 150G}",0.000160495376274114,0.219414893617021,0.000731469836109903,206.947900400156,165
"{IAURT FARA LACTOZA NATUR MIZO 150G} => {UNT FARA LACTOZA 82% GRASIME MIZO 100G}",0.000160495376274114,0.151376146788991,0.0010602421826593,206.947900400156,165
"{PICK CREMWURSTI FRANKFURTER 180G} => {_BANANE}",0.000125478203268853,0.211822660098522,0.000592373843339004,3.08728591660416,129
"{CERBONA BATON CEREALE CU AFINE 20G} => {CERBONA BATON CEREALE CU CIOCOLATA 20G}",0.000157577278523676,0.225312934631433,0.00069937076085508,304.384747395181,162
"{CERBONA BATON CEREALE CU CIOCOLATA 20G} => {CERBONA BATON CEREALE CU AFINE 20G}",0.000157577278523676,0.212877792378449,0.000740224129361219,304.384747395181,162
"{CERBONA BATON CEREALE CU AFINE 20G} => {CERBONA BATON CEREALE CU CIOC.AMARA&ZMEURA 20G}",0.000117696609267684,0.168289290681502,0.00069937076085508,208.952495414323,121
"{CERBONA BATON CEREALE CU CIOC.AMARA&ZMEURA 20G} => {CERBONA BATON CEREALE CU AFINE 20G}",0.000117696609267684,0.146135265700483,0.000805394979121011,208.952495414323,121
"{CERBONA TERCI DE OVAZ CIOCOLATA,CAPSUNI FARA GLUTEN 50G} => {CERBONA TERCI DE OVAZ VISINE,VANILIE FARA GLUTEN 50G}",0.000267492293790191,0.417298937784522,0.000641008805846312,582.895743303424,275
"{CERBONA TERCI DE OVAZ VISINE,VANILIE FARA GLUTEN 50G} => {CERBONA TERCI DE OVAZ CIOCOLATA,CAPSUNI FARA GLUTEN 50G}",0.000267492293790191,0.373641304347826,0.000715906648107565,582.895743303424,275
"{CERBONA TERCI DE OVAZ CIOCOLATA,CAPSUNI FARA GLUTEN 50G} => {CERBONA TERCI DE OVAZ CU CIOCOLATA 55G}",0.000134232496520168,0.209408194233687,0.000641008805846312,242.438799573473,138
"{CERBONA TERCI DE OVAZ CU CIOCOLATA 55G} => {CERBONA TERCI DE OVAZ CIOCOLATA,CAPSUNI FARA GLUTEN 50G}",0.000134232496520168,0.155405405405405,0.00086375693412978,242.438799573473,138
"{CERBONA TERCI DE OVAZ CIOCOLATA,CAPSUNI FARA GLUTEN 50G} => {CERBONA TERCI DE OVAZ CU CAISE 50G}",0.000107969616766222,0.168437025796662,0.000641008805846312,192.405053110774,111
"{CERBONA TERCI DE OVAZ CU CAISE 50G} => {CERBONA TERCI DE OVAZ CIOCOLATA,CAPSUNI FARA GLUTEN 50G}",0.000107969616766222,0.123333333333333,0.000875429325131533,192.405053110774,111
"{CERBONA TERCI DE OVAZ CIOCOLATA,CAPSUNI FARA GLUTEN 50G} => {CERBONA TERCI DE OVAZ CU FRUCTE DE PADURE 55G}",0.000155631880023384,0.242792109256449,0.000641008805846312,228.159557026462,160
"{CERBONA TERCI DE OVAZ CU FRUCTE DE PADURE 55G} => {CERBONA TERCI DE OVAZ CIOCOLATA,CAPSUNI FARA GLUTEN 50G}",0.000155631880023384,0.146252285191956,0.00106413297965989,228.159557026462,160
"{CONSERVA MAZARE VERDE HOME GARDEN 212ML} => {_MORCOVI}",0.000114778511517245,0.167613636363636,0.000684780272102888,3.81927497441054,118
"{AMESTEC DE CONDIMENTE PICANT PENTRU CARNE DE PUI MARCO POLO 30G} => {AMESTEC DE CONDIMENTE PENTRU FRIPTURA DE PUI MARCO POLO 30G}",0.000119642007767976,0.223636363636364,0.000534984587580381,265.488643711946,123
"{AMESTEC DE CONDIMENTE PENTRU FRIPTURA DE PUI MARCO POLO 30G} => {AMESTEC DE CONDIMENTE PICANT PENTRU CARNE DE PUI MARCO POLO 30G}",0.000119642007767976,0.14203233256351,0.000842357550626564,265.488643711946,123
"{IAURT CU VISINE KERESZTURI 200G} => {IAURT CU CAISE KERESZTURI 200G}",0.000170222368775576,0.272585669781931,0.000624472918593827,463.967436714737,175
"{IAURT CU CAISE KERESZTURI 200G} => {IAURT CU VISINE KERESZTURI 200G}",0.000170222368775576,0.289735099337748,0.000587510347088274,463.967436714737,175
"{IAURT CU VISINE KERESZTURI 200G} => {IAURT CU FRUCTE DE PADURE KERESZTURI 200G}",0.000122560105518415,0.196261682242991,0.000624472918593827,289.89965356107,126
"{IAURT CU FRUCTE DE PADURE KERESZTURI 200G} => {IAURT CU VISINE KERESZTURI 200G}",0.000122560105518415,0.181034482758621,0.000676998678101719,289.89965356107,126
"{IAURT CU VISINE KERESZTURI 200G} => {IAURT CU CAPSUNI KERESZTURI 200G}",0.000110887714516661,0.177570093457944,0.000624472918593827,276.596898895497,114
"{IAURT CU CAPSUNI KERESZTURI 200G} => {IAURT CU VISINE KERESZTURI 200G}",0.000110887714516661,0.172727272727273,0.000641981505096458,276.596898895497,114
"{CHIPS DIN CARTOFI CU GUST DE SMANTANA SI CEAPA CSIKI CSIPSZ 70G} => {CHIPS DIN CARTOFI CU GUST DE CASCAVAL CSIKI CSIPSZ 70G}",0.000165358872524845,0.213032581453634,0.000776214001616626,149.905384611426,170
"{CHIPS DIN CARTOFI CU GUST DE CASCAVAL CSIKI CSIPSZ 70G} => {CHIPS DIN CARTOFI CU GUST DE SMANTANA SI CEAPA CSIKI CSIPSZ 70G}",0.000165358872524845,0.116358658453114,0.00142111360446352,149.905384611426,170
"{CHIPS DIN CARTOFI CU GUST DE SMANTANA SI CEAPA CSIKI CSIPSZ 70G} => {CHIPS DIN CARTOFI CU SARE CSIKI CSIPSZ 70G}",0.000108942316016369,0.140350877192982,0.000776214001616626,88.9033304147615,112
"{BAUTURA DIN MIGDALE ALPRO 1L} => {_BANANE}",0.000112833113016953,0.149870801033592,0.000752869219613119,2.18434615600609,116
"{PAINE EXTRUDATA CU QUIONA FARA GLUTEN ABONETT 100G} => {PAINE EXTRUDATA CU LEGUME FARA GLUTEN ABONETT 100G}",0.000117696609267684,0.163956639566396,0.000717852046607857,188.544083410633,121
"{PAINE EXTRUDATA CU LEGUME FARA GLUTEN ABONETT 100G} => {PAINE EXTRUDATA CU QUIONA FARA GLUTEN ABONETT 100G}",0.000117696609267684,0.135346756152125,0.000869593129630656,188.544083410633,121
"{IAURT CU CAISE KERESZTURI 200G} => {IAURT CU FRUCTE DE PADURE KERESZTURI 200G}",0.000151741083022799,0.258278145695364,0.000587510347088273,381.504652888787,156
"{IAURT CU FRUCTE DE PADURE KERESZTURI 200G} => {IAURT CU CAISE KERESZTURI 200G}",0.000151741083022799,0.224137931034483,0.000676998678101719,381.504652888787,156
"{IAURT CU CAISE KERESZTURI 200G} => {IAURT CU CAPSUNI KERESZTURI 200G}",0.000155631880023384,0.264900662251656,0.000587510347088273,412.629741119807,160
"{IAURT CU CAPSUNI KERESZTURI 200G} => {IAURT CU CAISE KERESZTURI 200G}",0.000155631880023384,0.242424242424242,0.000641981505096458,412.629741119807,160
"{ZUZU IAURT CU FRUCTE DE PADURE 2.6% GRASIME 125G} => {ZUZU IAURT CU PIERSICI&CAISE 2.6% GRASIME 125G}",0.00018189475977733,0.303079416531605,0.000600155437340173,452.22924022554,187
"{ZUZU IAURT CU PIERSICI&CAISE 2.6% GRASIME 125G} => {ZUZU IAURT CU FRUCTE DE PADURE 2.6% GRASIME 125G}",0.00018189475977733,0.271407837445573,0.000670189783350696,452.22924022554,187
"{ZUZU IAURT CU FRUCTE DE PADURE 2.6% GRASIME 125G} => {_BANANE}",0.000103106120515492,0.171799027552674,0.000600155437340173,2.50394701871351,106
"{IAURT CU FRUCTE DE PADURE KERESZTURI 200G} => {IAURT CU CAPSUNI KERESZTURI 200G}",0.000162440774774407,0.239942528735632,0.000676998678101719,373.753023772205,167
"{IAURT CU CAPSUNI KERESZTURI 200G} => {IAURT CU FRUCTE DE PADURE KERESZTURI 200G}",0.000162440774774407,0.253030303030303,0.000641981505096458,373.753023772205,167
"{BATON CIOCOLATA CU CREMA DE ARAHIDE ROSHEN 38G} => {BATON CIOCOLATA CU LAPTE UMPL.DE CR.DE ZAHAR ARS ROSHEN 43G}",0.000216911932782591,0.280503144654088,0.000773295903866188,182.632062327482,223
"{BATON CIOCOLATA CU LAPTE UMPL.DE CR.DE ZAHAR ARS ROSHEN 43G} => {BATON CIOCOLATA CU CREMA DE ARAHIDE ROSHEN 38G}",0.000216911932782591,0.141228625712476,0.00153589211598077,182.632062327482,223
"{BATON CIOCOLATA CU CREMA DE ARAHIDE ROSHEN 38G} => {BATON CIOCOLATA CU UMPL.CU GUST DE CIOC.FONDANT ROSHEN 43G}",0.00016924966952543,0.218867924528302,0.000773295903866188,140.895986578608,174
"{BATON CIOCOLATA CU UMPL.CU GUST DE CIOC.FONDANT ROSHEN 43G} => {BATON CIOCOLATA CU CREMA DE ARAHIDE ROSHEN 38G}",0.00016924966952543,0.108954289292423,0.0015534007024834,140.895986578608,174
"{BATON CIOCOLATA CU CREMA DE ARAHIDE ROSHEN 38G} => {BATON CIOCOLATA LAPTE UMPL.DE CREMA CARAMEL ROSHEN 40G}",0.00020718494028113,0.267924528301887,0.000773295903866188,172.692392500148,213
"{BATON CIOCOLATA LAPTE UMPL.DE CREMA CARAMEL ROSHEN 40G} => {BATON CIOCOLATA CU CREMA DE ARAHIDE ROSHEN 38G}",0.00020718494028113,0.133542319749216,0.00155145530398311,172.692392500148,213
"{BATON CIOCOLATA CU CREMA DE ARAHIDE ROSHEN 38G} => {_BANANE}",0.000117696609267684,0.152201257861635,0.000773295903866188,2.21831224132069,121
"{ELAN NON PLUS ULTRA 100G} => {ELAN TURTA DULCE 200G}",0.00010602421826593,0.136762860727729,0.00077524130236648,101.297827045947,109
"{ELAN NON PLUS ULTRA 100G} => {ELAN LINZER CU NUCA 200G}",0.000109915015266515,0.141781681304893,0.00077524130236648,73.6167008858979,113
"{NAPOLITANE CU CREMA DE CACAO FARA ZAHAR LOVE FREE U&U 180G} => {NAPOLITANE CU CREMA DE LAMAIE FARA ZAHAR,CU INDULCITOR LOVE FREE U&U 180G}",0.000214966534282299,0.287012987012987,0.000748978422612534,360.279097093383,221
"{NAPOLITANE CU CREMA DE LAMAIE FARA ZAHAR,CU INDULCITOR LOVE FREE U&U 180G} => {NAPOLITANE CU CREMA DE CACAO FARA ZAHAR LOVE FREE U&U 180G}",0.000214966534282299,0.26984126984127,0.000796640685869695,360.279097093383,221
"{BISCUITI CEREALE GYORI EDES ZABFALATOK 215G} => {_BANANE}",0.000109915015266515,0.15564738292011,0.000706179655606104,2.26853903648481,113
"{BOMBOANE JELEU STICKS CU GUST DE MERE UMP.WOOGIE 85G} => {BOMBOANE JELEU STICKS CU GUST DE CAPSUNI UMP.WOOGIE 85G}",0.000206212241030983,0.24537037037037,0.000840412152126272,286.982002907344,212
"{BOMBOANE JELEU STICKS CU GUST DE CAPSUNI UMP.WOOGIE 85G} => {BOMBOANE JELEU STICKS CU GUST DE MERE UMP.WOOGIE 85G}",0.000206212241030983,0.241183162684869,0.000855002640878464,286.982002907344,212
"{OASE DCA} => {CARNE TOCATA PORC VRAC}",0.00015660457927353,0.165297741273101,0.000947409069642348,5.51350181615121,161
"{IAURT CU CAPSUNI KERESZTURI 200G} => {_BANANE}",0.000105051519015784,0.163636363636364,0.000641981505096458,2.38497732331323,108
"{ELAN PATE CU FICAT DE RATA 110G} => {ELAN PATE CU FICAT DE GASCA 110G}",0.000315154557047352,0.48502994011976,0.000649763099097627,680.277319848706,324
"{ELAN PATE CU FICAT DE GASCA 110G} => {ELAN PATE CU FICAT DE RATA 110G}",0.000315154557047352,0.442019099590723,0.000712988550357127,680.277319848706,324
"{BERE TILTOTT CSIKI GOLD STICLA 500ML} => {BERE TILTOTT CSIKI VADMALNA CU VITAMINE STICLA 500ML}",0.000148822985272361,0.158057851239669,0.000941572874141471,90.3246586717139,153
"{BERE TILTOTT CSIKI GOLD STICLA 500ML} => {BERE TILTOTT IGAZI SOR 6% 500ML}",0.000202321444030399,0.214876033057851,0.000941572874141471,86.6301798736023,208
"{BERE TILTOTT CSIKI GOLD STICLA 500ML} => {STICLA BERE 500ML CSIKI}",0.00045716864756869,0.485537190082645,0.000941572874141471,170.305275467995,470
"{STICLA BERE 500ML CSIKI} => {BERE TILTOTT CSIKI GOLD STICLA 500ML}",0.00045716864756869,0.160354827703855,0.00285098150217836,170.305275467995,470
"{_ARPAGIC ALB} => {SEMINTE LEGUME GARDENSEED KERTIMAG}",0.000146877586772068,0.177647058823529,0.000826794362624226,66.7030967215228,151
"{_ARPAGIC ALB} => {_BANANE}",0.000102133421265346,0.123529411764706,0.000826794362624226,1.80042405779528,105
"{CONSERVA HRANA COMPLETA PT.PISICI ADULTE CU PESTE RENO 415G} => {CONSERVA HRANA COMPLETA PT.PISICI ADULTE CU VITA RENO 415G}",0.000206212241030983,0.261405672009864,0.000788859091868526,269.281107220606,212
"{CONSERVA HRANA COMPLETA PT.PISICI ADULTE CU VITA RENO 415G} => {CONSERVA HRANA COMPLETA PT.PISICI ADULTE CU PESTE RENO 415G}",0.000206212241030983,0.212424849699399,0.000970753851645856,269.281107220606,212
"{CONSERVA HRANA COMPLETA PT.PISICI ADULTE CU PESTE RENO 415G} => {CONSERVA HRANA COMPLETA PT.PISICI ADULTE CU PASARE RENO 415G}",0.000222748128283468,0.282367447595561,0.000788859091868526,302.38818202836,229
"{CONSERVA HRANA COMPLETA PT.PISICI ADULTE CU PASARE RENO 415G} => {CONSERVA HRANA COMPLETA PT.PISICI ADULTE CU PESTE RENO 415G}",0.000222748128283468,0.238541666666667,0.000933791280140302,302.38818202836,229
"{BATON OKE RUDI CU GUST DE CAPSUNI 23G} => {BATON OKE RUDI CU GUST DE AFINE 23G}",0.000276246587041506,0.359949302915082,0.000767459708365311,433.824150058617,284
"{BATON OKE RUDI CU GUST DE AFINE 23G} => {BATON OKE RUDI CU GUST DE CAPSUNI 23G}",0.000276246587041506,0.332942555685815,0.000829712460374664,433.824150058617,284
"{BATON OKE RUDI CU GUST DE CAPSUNI 23G} => {BATON OKE RUDI NATUR 23G}",0.000241229414036245,0.314321926489227,0.000767459708365311,246.674809160305,248
"{BATON OKE RUDI NATUR 23G} => {BATON OKE RUDI CU GUST DE CAPSUNI 23G}",0.000241229414036245,0.189312977099237,0.00127423601769145,246.674809160305,248
"{MOGYI ALUNE PRAJITE SI NESARATE 300G} => {WINCHESTER SOFT}",0.000134232496520168,0.189821182943604,0.00070715235485625,59.261735221768,138
"{MOGYI ALUNE PRAJITE SI NESARATE 300G} => {SMANTANA 20% GRASIME FRISS 300G}",0.00010602421826593,0.149931224209078,0.00070715235485625,4.88772653091561,109
"{CAPPY BAUT.RAC.SUC DE PORTOCALE CU PULPA 1.5L} => {_BANANE}",0.000104078819765638,0.122425629290618,0.000850139144627733,1.78433658119735,107
"{MAZARE BORCAN EKO 720ML/690G} => {_MORCOVI}",0.000126450902518999,0.166880616174583,0.000757732715863849,3.8025722423147,130
"{ORBIT PASTILE BLUEBERRY 14G} => {PALL MALL S-LINE FLOW BLUE/PURPLE}",0.000103106120515492,0.107070707070707,0.000962972257644687,19.3149430787964,106
"{CREMA DE UNT FARA LACTOZA NATUR 39% GRASIME MIZO 200G} => {SMANTANA FARA LACTOZA 20% MIZO 150G}",0.000129369000269438,0.183955739972337,0.000703261557855665,189.687889394324,133
"{SMANTANA FARA LACTOZA 20% MIZO 150G} => {CREMA DE UNT FARA LACTOZA NATUR 39% GRASIME MIZO 200G}",0.000129369000269438,0.133400200601805,0.00096978115239571,189.687889394324,133
"{CREMA DE UNT FARA LACTOZA NATUR 39% GRASIME MIZO 200G} => {IAURT FARA LACTOZA NATUR MIZO 150G}",0.000103106120515492,0.146611341632089,0.000703261557855665,138.280992805208,106
"{CERBONA BATON CEREALE CU CIOCOLATA 20G} => {CERBONA BATON CEREALE CU CIOC.AMARA&ZMEURA 20G}",0.000115751210767392,0.156373193166886,0.000740224129361219,194.157149250605,119
"{CERBONA BATON CEREALE CU CIOC.AMARA&ZMEURA 20G} => {CERBONA BATON CEREALE CU CIOCOLATA 20G}",0.000115751210767392,0.143719806763285,0.000805394979121011,194.157149250605,119
"{HEETS TURQUOISE LABEL} => {SZEKELYHON}",0.00010602421826593,0.114016736401674,0.000929900483139717,15.8636952418811,109
"{HEETS TURQUOISE LABEL} => {LAPTE DE CONSUM 3.5% GRASIME FRISS CUTIE 1L}",0.00014395948902163,0.154811715481172,0.000929900483139718,5.92608317755451,148
"{AMESTEC DE CONDIMENTE PENTRU FRIPTURA DE PORC MARCO POLO 30G} => {AMESTEC DE CONDIMENTE PENTRU FRIPTURA DE PUI MARCO POLO 30G}",0.000128396301019292,0.225255972696246,0.000570001760585643,267.411353443316,132
"{AMESTEC DE CONDIMENTE PENTRU FRIPTURA DE PUI MARCO POLO 30G} => {AMESTEC DE CONDIMENTE PENTRU FRIPTURA DE PORC MARCO POLO 30G}",0.000128396301019292,0.152424942263279,0.000842357550626564,267.411353443316,132
"{DANONE ACTIVIA CLASIC CU FULGI DE PORUMB 168G} => {_BANANE}",0.000113805812267099,0.137485311398355,0.000827767061874372,2.0038293609506,117
"{BOMBOANE NEGRO MIERE GYORI 79G} => {BOMBOANE NEGRO MENTOL GYORI 79G}",0.000134232496520168,0.18956043956044,0.000708125054106396,218.967227435486,138
"{BOMBOANE NEGRO MENTOL GYORI 79G} => {BOMBOANE NEGRO MIERE GYORI 79G}",0.000134232496520168,0.155056179775281,0.000865702332630072,218.967227435486,138
"{BOMBOANE NEGRO MIERE GYORI 79G} => {BOMBOANE NEGRO CLASSIC GYORI 79G}",0.000140068692021045,0.197802197802198,0.000708125054106396,165.867791262571,144
"{BOMBOANE NEGRO CLASSIC GYORI 79G} => {BOMBOANE NEGRO MIERE GYORI 79G}",0.000140068692021045,0.117455138662316,0.00119252928067918,165.867791262571,144
"{BOMBOANE NEGRO MIERE GYORI 79G} => {BOMBOANE NEGRO EXTRA STRONG GYORI 79G}",0.00011866930851783,0.167582417582418,0.000708125054106396,129.635781261628,122
"{PIPER ALB MACINAT MARCO POLO 20G} => {PIPER NEGRU MACINAT MARCO POLO 20G}",0.000111860413766807,0.172932330827068,0.000646845001347188,131.49853739378,115
"{BISCUITI CU FR.DE PADURE BELVITA JO REGGELT 50G} => {_BANANE}",0.000126450902518999,0.156438026474128,0.000808313076871449,2.28006255671742,130
"{DANONE IAURT DELICIOS CAISE 400G} => {DANONE IAURT DELICIOS CAPSUNI 400G}",0.000159522677023968,0.221621621621622,0.00071979744510815,297.055900489799,164
"{DANONE IAURT DELICIOS CAPSUNI 400G} => {DANONE IAURT DELICIOS CAISE 400G}",0.000159522677023968,0.213820078226858,0.000746060324862096,297.055900489799,164
"{HALVA TECSA CU VANILIE 200G} => {HALVA TECSA CU CACAO 200G}",0.000120614707018122,0.137931034482759,0.000874456625881387,148.795744834823,124
"{HALVA TECSA CU CACAO 200G} => {HALVA TECSA CU VANILIE 200G}",0.000120614707018122,0.130115424973767,0.000926982385389279,148.795744834823,124
"{DROPSURI CU EXTRACT DE PLANTE SALVIE VERBENA 60G} => {DROPSURI CU EXTRACT DE PLANTE MACESE VERBENA 60G}",0.000140068692021045,0.185806451612903,0.000753841918863265,251.675205916104,144
"{DROPSURI CU EXTRACT DE PLANTE MACESE VERBENA 60G} => {DROPSURI CU EXTRACT DE PLANTE SALVIE VERBENA 60G}",0.000140068692021045,0.189723320158103,0.000738278730860926,251.675205916104,144
"{SLANINA LUCRU} => {PULPE PORC FARA OS}",0.00014395948902163,0.135655362053162,0.00106121488190945,11.736329302357,148
"{SLANINA LUCRU} => {CARNE TOCATA PORC VRAC}",0.000202321444030399,0.190650779101742,0.00106121488190945,6.35915172664947,208
"{DETERGENT PT.BUCATARIE FLORASZEPT 750ML} => {DETERGENT PT.BAIE FLORASZEPT 750ML}",0.000159522677023968,0.194543297746145,0.000819985467873203,169.494529223717,164
"{DETERGENT PT.BAIE FLORASZEPT 750ML} => {DETERGENT PT.BUCATARIE FLORASZEPT 750ML}",0.000159522677023968,0.138983050847458,0.00114778511517245,169.494529223717,164
"{FAINA DE GRAU BFF-55 GYERMELYI 1KG} => {FAINA BL-55 GYERMELYI 1KG}",0.000106996917516076,0.110998990918264,0.000963944956894833,16.5048307197523,110
"{FASOLE BOABE CONG.AGROSPRINT 400G} => {_MORCOVI}",0.000119642007767976,0.135164835164835,0.000885156317632995,3.07989065546803,123
"{DANONE DANONINO AROMA DE AFINE&BANANE 4*50G} => {DANONE DANONINO BANANE&ZMEURA 4*50G}",0.000109915015266515,0.169161676646707,0.000649763099097627,214.438393865783,113
"{DANONE DANONINO BANANE&ZMEURA 4*50G} => {DANONE DANONINO AROMA DE AFINE&BANANE 4*50G}",0.000109915015266515,0.139334155363748,0.000788859091868526,214.438393865783,113
"{DANONE DANONINO AROMA DE AFINE&BANANE 4*50G} => {DANONE DANONINO CAISE&CAPSUNI 4*50G}",0.000103106120515492,0.158682634730539,0.000649763099097627,174.477412020878,106
"{DANONE DANONINO CAISE&CAPSUNI 4*50G} => {DANONE DANONINO AROMA DE AFINE&BANANE 4*50G}",0.000103106120515492,0.113368983957219,0.000909473798886648,174.477412020878,106
"{APA DE MASA NECARGOGAZOASA IZVORUL ASCUNS 2.5L} => {APA DE MASA CARBOGAZOASA IZVORUL ASCUNS 2.5L}",0.00031807265479779,0.222297756628144,0.00143084059696498,148.981087199104,327
"{APA DE MASA CARBOGAZOASA IZVORUL ASCUNS 2.5L} => {APA DE MASA NECARGOGAZOASA IZVORUL ASCUNS 2.5L}",0.00031807265479779,0.213168187744459,0.00149212064972419,148.981087199104,327
"{PASTA DE TON PICANT HAME 45G} => {PASTA DE TON HAME 45G}",0.000172167767275868,0.235372340425532,0.000731469836109903,226.1481643965,177
"{PASTA DE TON HAME 45G} => {PASTA DE TON PICANT HAME 45G}",0.000172167767275868,0.165420560747664,0.00104078819765638,226.1481643965,177
"{DANONE IAURT DELICIOS BISCUITI 400G} => {_BANANE}",0.000109915015266515,0.118572927597062,0.000926982385389279,1.72818398792022,113
"{AMESTEC DE CONDIMENTE CU USTUROI PENTRU GRATAR MARCO POLO 30G} => {AMESTEC DE CONDIMENTE PENTRU FRIPTURA DE PUI MARCO POLO 30G}",0.00011866930851783,0.181008902077151,0.000655599294598504,214.883693916571,122
"{AMESTEC DE CONDIMENTE PENTRU FRIPTURA DE PUI MARCO POLO 30G} => {AMESTEC DE CONDIMENTE CU USTUROI PENTRU GRATAR MARCO POLO 30G}",0.00011866930851783,0.140877598152425,0.000842357550626564,214.883693916571,122
"{HRANA PENTRU PISICI CU SOMON KITEKAT 100G} => {HRANA PENTRU PISICI CU CU PUI KITEKAT 100G}",0.000299591369045014,0.371980676328502,0.000805394979121011,424.44068587238,308
"{HRANA PENTRU PISICI CU CU PUI KITEKAT 100G} => {HRANA PENTRU PISICI CU SOMON KITEKAT 100G}",0.000299591369045014,0.341842397336293,0.000876402024381679,424.44068587238,308
"{CERBONA TERCI DE OVAZ VISINE,VANILIE FARA GLUTEN 50G} => {CERBONA TERCI DE OVAZ CU CIOCOLATA 55G}",0.000102133421265346,0.142663043478261,0.000715906648107565,165.165728738249,105
"{CERBONA TERCI DE OVAZ CU CIOCOLATA 55G} => {CERBONA TERCI DE OVAZ VISINE,VANILIE FARA GLUTEN 50G}",0.000102133421265346,0.118243243243243,0.000863756934129779,165.165728738249,105
"{CERBONA TERCI DE OVAZ VISINE,VANILIE FARA GLUTEN 50G} => {CERBONA TERCI DE OVAZ CU CAISE 50G}",0.000142986789771484,0.199728260869565,0.000715906648107565,228.148926630435,147
"{CERBONA TERCI DE OVAZ CU CAISE 50G} => {CERBONA TERCI DE OVAZ VISINE,VANILIE FARA GLUTEN 50G}",0.000142986789771484,0.163333333333333,0.000875429325131533,228.148926630435,147
"{CERBONA TERCI DE OVAZ VISINE,VANILIE FARA GLUTEN 50G} => {CERBONA TERCI DE OVAZ CU FRUCTE DE PADURE 55G}",0.000176058564276453,0.245923913043478,0.000715906648107565,231.102613812495,181
"{CERBONA TERCI DE OVAZ CU FRUCTE DE PADURE 55G} => {CERBONA TERCI DE OVAZ VISINE,VANILIE FARA GLUTEN 50G}",0.000176058564276453,0.1654478976234,0.00106413297965989,231.102613812495,181
"{CERBONA TERCI DE OVAZ VISINE,VANILIE FARA GLUTEN 50G} => {_BANANE}",0.000112833113016953,0.157608695652174,0.000715906648107565,2.2971248977564,116
"{DANONE CREMOSSO IAURT CU CIOC.&STRACCIATELLA 125G} => {APA MINERALA NATURALA NATURAL CARBOGAZOASA BORSEC STICLA 1L}",0.000132287098019876,0.117748917748918,0.0011234676339188,87.8474431229148,136
"{CERBONA BATON CEREALE FARA GLUTEN FRUCTE 35G} => {CERBONA BATON CEREALE FARA GLUTEN VISINE&CIOCOLATA 35G}",0.00023733861703566,0.341736694677871,0.00069450726460435,396.085928396161,244
"{CERBONA BATON CEREALE FARA GLUTEN VISINE&CIOCOLATA 35G} => {CERBONA BATON CEREALE FARA GLUTEN FRUCTE 35G}",0.00023733861703566,0.275084554678692,0.000862784234879633,396.085928396161,244
"{CERBONA BATON CEREALE FARA GLUTEN FRUCTE 35G} => {CERBONA BATON CEREALE ZMEURA FARA GLUTEN 35G}",0.000234420519285222,0.337535014005602,0.00069450726460435,357.004742020265,241
"{CERBONA BATON CEREALE ZMEURA FARA GLUTEN 35G} => {CERBONA BATON CEREALE FARA GLUTEN FRUCTE 35G}",0.000234420519285222,0.247942386831276,0.000945463671142056,357.004742020265,241
"{CERBONA BATON CEREALE FARA GLUTEN FRUCTE 35G} => {_BANANE}",0.000113805812267099,0.163865546218487,0.00069450726460435,2.38831762768762,117
"{CERBONA TERCI DE OVAZ CU PRUNE 50G} => {CERBONA TERCI DE OVAZ CU CIOCOLATA 55G}",0.000177031263526599,0.241059602649007,0.000734387933860342,279.08268301414,182
"{CERBONA TERCI DE OVAZ CU CIOCOLATA 55G} => {CERBONA TERCI DE OVAZ CU PRUNE 50G}",0.000177031263526599,0.204954954954955,0.00086375693412978,279.08268301414,182
"{CERBONA TERCI DE OVAZ CU PRUNE 50G} => {CERBONA TERCI DE OVAZ CU CAISE 50G}",0.000270410391540629,0.368211920529801,0.000734387933860342,420.607249448124,278
"{CERBONA TERCI DE OVAZ CU CAISE 50G} => {CERBONA TERCI DE OVAZ CU PRUNE 50G}",0.000270410391540629,0.308888888888889,0.000875429325131533,420.607249448124,278
"{CERBONA TERCI DE OVAZ CU PRUNE 50G} => {CERBONA TERCI DE OVAZ CU FRUCTE DE PADURE 55G}",0.000231502421534783,0.31523178807947,0.000734387933860342,296.23345399954,238
"{CERBONA TERCI DE OVAZ CU FRUCTE DE PADURE 55G} => {CERBONA TERCI DE OVAZ CU PRUNE 50G}",0.000231502421534783,0.217550274223035,0.00106413297965989,296.23345399954,238
"{CERBONA TERCI DE OVAZ CU PRUNE 50G} => {_BANANE}",0.000123532804768561,0.168211920529801,0.000734387933860342,2.45166543095554,127
"{BRANZOAICA PRIMA 100G} => {_BANANE}",0.000146877586772068,0.122069523039612,0.00120322897243079,1.77914638193806,151
"{ELAN PARIZER GROS DE PUI} => {_BANANE}",0.000102133421265346,0.112179487179487,0.000910446498136794,1.63500047983546,105
"{REAL PATEU DE PORC 48G} => {REAL PATEU DE PUI 48G}",0.000173140466526014,0.248603351955307,0.000696452663104642,323.520129410933,178
"{REAL PATEU DE PUI 48G} => {REAL PATEU DE PORC 48G}",0.000173140466526014,0.225316455696203,0.000768432407615457,323.520129410933,178
"{REAL PATEU DE PORC 48G} => {REAL PATEU DE RATA 48G}",0.000182867459027476,0.262569832402235,0.000696452663104642,349.662409181694,188
"{REAL PATEU DE RATA 48G} => {REAL PATEU DE PORC 48G}",0.000182867459027476,0.243523316062176,0.000750923821112826,349.662409181694,188
"{DANONE IAURT DELICIOS FRUCTE DE PADURE 400G} => {DANONE IAURT DELICIOS VISINE 400G}",0.000103106120515492,0.138743455497382,0.000743142227111657,188.17621116468,106
"{DANONE IAURT DELICIOS VISINE 400G} => {DANONE IAURT DELICIOS FRUCTE DE PADURE 400G}",0.000103106120515492,0.139841688654354,0.00073730603161078,188.17621116468,106
"{DANONE IAURT DELICIOS FRUCTE DE PADURE 400G} => {_BANANE}",0.000113805812267099,0.153141361256545,0.000743142227111657,2.2320141180222,117
"{PRAF DE COPT THYMOS 12G} => {PACHET ZAHAR VANILIAT THYMOS 6*8G}",0.000151741083022799,0.240369799691834,0.00063128181334485,144.259345510674,156
"{PRAF DE COPT THYMOS 12G} => {DR.OETKER ZAHAR VANILINAT 8G}",0.000150768383772653,0.238828967642527,0.00063128181334485,30.5084717044421,155
"{LAPTE CU CACAO UHT FARA ZAHAR POTTYOS 300ML} => {LAPTE CU CACAO POTTYOS 300ML}",0.000102133421265346,0.122377622377622,0.000834575956625395,111.83324009324,105
"{BOMBOANE NEGRO MENTOL GYORI 79G} => {BOMBOANE NEGRO CLASSIC GYORI 79G}",0.000116723910017538,0.134831460674157,0.000865702332630072,113.063438238906,120
"{BOMBOANE NEGRO MENTOL GYORI 79G} => {BOMBOANE NEGRO EXTRA STRONG GYORI 79G}",0.000157577278523676,0.182022471910112,0.000865702332630072,140.806092271793,162
"{BOMBOANE NEGRO EXTRA STRONG GYORI 79G} => {BOMBOANE NEGRO MENTOL GYORI 79G}",0.000157577278523676,0.121896162528217,0.00129271730344423,140.806092271793,162
"{ELAN PASTE MELCI FARA OUA 400G} => {ELAN PASTE PATRATE INCRETITE FARA OUA 400G}",0.000125478203268853,0.14543404735062,0.000862784234879633,63.1135267022414,129
"{CHIPS DIN CARTOFI CU GUST DE PAPRIKA CSIKI CSIPSZ 100G} => {CHIPS DIN CARTOFI CU GUST DE CASCAVAL CSIKI CSIPSZ 100G}",0.00013131439876973,0.140771637122002,0.000932818580890156,98.1170675668511,135
"{CHIPS DIN CARTOFI CU GUST DE PAPRIKA CSIKI CSIPSZ 100G} => {CHIPS DIN CARTOFI CU SARE CSIKI CSIPSZ 100G}",0.000134232496520168,0.143899895724713,0.000932818580890156,97.7138270132224,138
"{GOBE BRANZA MATURATA SZEPASSZONY} => {CHEFIR 3.3% FRISS 330G}",0.000113805812267099,0.145522388059701,0.000782050197117503,21.4029706617129,117
"{GOBE BRANZA MATURATA SZEPASSZONY} => {GOBE PAINE ALBA DE CASA CU CARTOFI KG}",0.000166331571774991,0.212686567164179,0.000782050197117503,13.2881216070967,171
"{DR.OETKER BUDINCA LAMAIE 40G} => {DR.OETKER BUDINCA FRISCA 40G}",0.000101160722015199,0.149210903873745,0.000677971377351865,147.215745021851,104
"{DR.OETKER BUDINCA LAMAIE 40G} => {DR.OETKER BUDINCA VANILIE 40G}",0.000182867459027476,0.269727403156384,0.000677971377351865,49.8468168579498,188
"{IAURT MURE&ZMEURA PEZZI DI FRUTTA MULLER 500G} => {_BANANE}",0.000111860413766807,0.13545347467609,0.00082582166337408,1.97421562229501,115
"{BATON OKE RUDI CU GUST DE AFINE 23G} => {BATON OKE RUDI NATUR 23G}",0.000229557023034491,0.276670574443142,0.000829712460374664,217.12663164583,236
"{BATON OKE RUDI NATUR 23G} => {BATON OKE RUDI CU GUST DE AFINE 23G}",0.000229557023034491,0.180152671755725,0.00127423601769145,217.12663164583,236
"{BRANZA FAGARAS GORDON 180G} => {_BANANE}",0.00011866930851783,0.126424870466321,0.000938654776391033,1.84262496711938,122
"{OASE CU MADUVA} => {CARNE TOCATA PORC VRAC}",0.000142014090521338,0.149437052200614,0.000950327167392787,4.98446894895623,146
"{OASE CU MADUVA} => {_MORCOVI}",0.000138123293520753,0.145342886386899,0.000950327167392787,3.31180959216099,142
"{CERBONA BATON CEREALE CU CIOC.AMARA&ZMEURA 20G} => {_BANANE}",0.000111860413766807,0.138888888888889,0.00080539497912101,2.02428630836771,115
"{PICK SALAM STUDENT FELIAT 70G} => {_BANANE}",0.000116723910017538,0.163265306122449,0.000714933948857419,2.37956921146898,120
"{REAL PATEU DE PUI 48G} => {REAL PATEU DE RATA 48G}",0.000184812857527768,0.240506329113924,0.000768432407615457,320.280596182856,190
"{REAL PATEU DE RATA 48G} => {REAL PATEU DE PUI 48G}",0.000184812857527768,0.246113989637306,0.000750923821112826,320.280596182856,190
"{DR.OETKER PIKANT FIX DULCE ACRISOR 100G} => {CONSERVANT ACID SALICILIC HA 15G}",0.000102133421265346,0.121247113163972,0.000842357550626564,54.2901375823804,105
"{DR.OETKER PIKANT FIX DULCE ACRISOR 100G} => {OTET BISTRITA 1L}",0.000161468075524261,0.191685912240185,0.000842357550626564,20.650315491882,166
"{DANONE IAURT DELICIOS MAR,BISCUITI,STAFIDE 125G} => {DANONE IAURT DELICIOS FRUCTE DE PADURE 125G}",0.000129369000269438,0.184466019417476,0.000701316159355373,88.7428297540786,133
"{DANONE IAURT DELICIOS MAR,BISCUITI,STAFIDE 125G} => {DANONE IAURT DELICIOS CAISE 125G}",0.000136177895020461,0.194174757281553,0.000701316159355373,93.6765181577545,140
"{DANONE IAURT DELICIOS MAR,BISCUITI,STAFIDE 125G} => {DANONE IAURT DELICIOS BISCUITI 125G}",0.000137150594270607,0.195561719833564,0.000701316159355373,46.8977258278827,141
"{KENT MODE SILVER} => {PAINE ALBA SECUIASCA CU CARTOFI FEL.HARMOPAN 500G}",0.00013131439876973,0.101123595505618,0.00129855349894511,8.8192934730806,135
"{INSTANT CAFEA SOLUBILA FORTUNA RENDEZ-VOUS 1.8G} => {CAFEA INSTANT FORTUNA 3IN1 STRONG 17G}",0.000123532804768561,0.101844426623897,0.00121295596493225,50.7035807002181,127
"{INSTANT CAFEA SOLUBILA FORTUNA RENDEZ-VOUS 1.8G} => {CAFEA INSTANT FORTUNA 3IN1 CLASSIC 15.2G}",0.000249011008037414,0.205292702485966,0.00121295596493225,75.3497510769868,256
"{INSTANT CAFEA SOLUBILA FORTUNA RENDEZ-VOUS 1.8G} => {CAFEA JACOBS 3IN1 CLASSIC 15.2G}",0.000123532804768561,0.101844426623897,0.00121295596493225,23.0673924093303,127
"{ZUZU DIVIN IAURT NATURAL 10% GRASIME 150G} => {_BANANE}",0.000142014090521338,0.166097838452787,0.000855002640878464,2.42085297765204,146
"{DANONE CREMOSSO IAURT CU CAPSUNI 125G} => {DANONE CREMOSSO IAURT CU VISINE 125G}",0.000152713782272945,0.201282051282051,0.000758705415113996,252.048032418252,157
"{DANONE CREMOSSO IAURT CU VISINE 125G} => {DANONE CREMOSSO IAURT CU CAPSUNI 125G}",0.000152713782272945,0.191230207064555,0.000798586084369988,252.048032418252,157
"{DANONE CREMOSSO IAURT CU CAPSUNI 125G} => {DANONE CREMOSSO IAURT CU PIERSICI 125G}",0.000209130338781422,0.275641025641026,0.000758705415113995,264.34462901837,215
"{DANONE CREMOSSO IAURT CU PIERSICI 125G} => {DANONE CREMOSSO IAURT CU CAPSUNI 125G}",0.000209130338781422,0.200559701492537,0.00104273359615667,264.34462901837,215
"{ELAN BOABE DE MUSTAR 100G} => {OTET BISTRITA 1L}",0.000133259797270022,0.157110091743119,0.000848193746127441,16.9254637627657,137
"{MAGHIRAN MACINAT MARCO POLO 5G} => {OREGANO MACINAT MARCO POLO 7G}",0.000203294143280545,0.323029366306028,0.000629336414844558,443.38562287068,209
"{OREGANO MACINAT MARCO POLO 7G} => {MAGHIRAN MACINAT MARCO POLO 5G}",0.000203294143280545,0.279038718291055,0.000728551738359465,443.38562287068,209
"{MAGHIRAN MACINAT MARCO POLO 5G} => {BUSUIOC MACINAT MARCO POLO 5G}",0.000230529722284637,0.366306027820711,0.000629336414844558,451.543332258459,237
"{BUSUIOC MACINAT MARCO POLO 5G} => {MAGHIRAN MACINAT MARCO POLO 5G}",0.000230529722284637,0.284172661870504,0.000811231174621887,451.543332258459,237
"{FASOLE GALBENA CONG.AGROSPRINT 400G} => {_MORCOVI}",0.000158549977773822,0.160749506903353,0.000986317039648194,3.66286766509175,163
"{CONSERVA HRANA COMPLETA PT.PISICI ADULTE CU VITA RENO 415G} => {CONSERVA HRANA COMPLETA PT.PISICI ADULTE CU PASARE RENO 415G}",0.00030542756454589,0.314629258517034,0.000970753851645856,336.937456162325,314
"{CONSERVA HRANA COMPLETA PT.PISICI ADULTE CU PASARE RENO 415G} => {CONSERVA HRANA COMPLETA PT.PISICI ADULTE CU VITA RENO 415G}",0.00030542756454589,0.327083333333333,0.000933791280140302,336.937456162325,314
"{_KIWI CASEROLA BUC} => {_PORTOCALE PLASA BUC^2 A nu se consuma coaja}",0.000140068692021045,0.164383561643836,0.000852084543128026,19.6737270161226,144
"{_KIWI CASEROLA BUC} => {_BANANE}",0.000257765301288729,0.302511415525114,0.000852084543128026,4.40906195932146,265
"{MITITEI CONGELATI CAROLI 850G} => {CARNE TOCATA PORC VRAC}",0.000103106120515492,0.115720524017467,0.000890992513133872,3.85985503747536,106
"{PASTA ARDEI IUTE UNIVER 160G} => {CREMA GULAS IUTE UNIVER 160G}",0.000109915015266515,0.157381615598886,0.000698398061604934,170.854113414889,113
"{CREMA GULAS IUTE UNIVER 160G} => {PASTA ARDEI IUTE UNIVER 160G}",0.000109915015266515,0.119324181626188,0.000921146189888402,170.854113414889,113
"{PASTA ARDEI IUTE UNIVER 160G} => {PASTA ARDEI DULCE UNIVER 160G}",0.000114778511517245,0.164345403899721,0.000698398061604934,191.562456180244,118
"{PASTA ARDEI DULCE UNIVER 160G} => {PASTA ARDEI IUTE UNIVER 160G}",0.000114778511517245,0.133786848072562,0.000857920738628903,191.562456180244,118
"{PASTA ARDEI IUTE UNIVER 160G} => {CREMA GULAS DULCE UNIVER 160G}",0.000119642007767976,0.171309192200557,0.000698398061604934,88.9032444715044,123
"{PASTE SPAGHETE DIN FAINA DE GRAU DUR BALOGH 400G} => {CARNE TOCATA PORC VRAC}",0.000106996917516076,0.13681592039801,0.000782050197117503,4.56349142936282,110
"{DANONE IAURT DELICIOS CAPSUNI 400G} => {DANONE IAURT DELICIOS VISINE 400G}",0.000123532804768561,0.165580182529335,0.000746060324862096,224.574566639032,127
"{DANONE IAURT DELICIOS VISINE 400G} => {DANONE IAURT DELICIOS CAPSUNI 400G}",0.000123532804768561,0.16754617414248,0.00073730603161078,224.574566639032,127
"{DANONE IAURT DELICIOS CAPSUNI 400G} => {_BANANE}",0.00013131439876973,0.176010430247718,0.000746060324862096,2.56532762937864,135
"{AMESTEC DE CONDIMENTE PENTRU CARTOFI PRAJITI MARCO POLO 30G} => {AMESTEC DE CONDIMENTE PENTRU FRIPTURA DE PUI MARCO POLO 30G}",0.000109915015266515,0.178515007898894,0.000615718625342512,211.923081553802,113
"{AMESTEC DE CONDIMENTE PENTRU FRIPTURA DE PUI MARCO POLO 30G} => {AMESTEC DE CONDIMENTE PENTRU CARTOFI PRAJITI MARCO POLO 30G}",0.000109915015266515,0.130484988452656,0.000842357550626564,211.923081553802,113
"{SMANTANA FARA LACTOZA 20% MIZO 150G} => {IAURT FARA LACTOZA NATUR MIZO 150G}",0.000183840158277622,0.189568706118355,0.00096978115239571,178.797551369705,189
"{IAURT FARA LACTOZA NATUR MIZO 150G} => {SMANTANA FARA LACTOZA 20% MIZO 150G}",0.000183840158277622,0.173394495412844,0.0010602421826593,178.797551369705,189
"{ZUZU IAURT DE BAUT CU VISINE 320G} => {ZUZU IAURT DE BAUT CU CAPSUNI 320G}",0.000206212241030983,0.231441048034935,0.000890992513133872,234.883419476931,212
"{ZUZU IAURT DE BAUT CU CAPSUNI 320G} => {ZUZU IAURT DE BAUT CU VISINE 320G}",0.000206212241030983,0.209279368213228,0.000985344340398048,234.883419476931,212
"{ZUZU IAURT DE BAUT CU VISINE 320G} => {ZUZU IAURT DE BAUT CU PIERSICA SI FRUCTUL PASIUNII 320G}",0.000297645970544721,0.334061135371179,0.000890992513133872,288.602713661884,306
"{ZUZU IAURT DE BAUT CU PIERSICA SI FRUCTUL PASIUNII 320G} => {ZUZU IAURT DE BAUT CU VISINE 320G}",0.000297645970544721,0.257142857142857,0.00115751210767392,288.602713661884,306
"{ZUZU IAURT DE BAUT CU VISINE 320G} => {_BANANE}",0.000109915015266515,0.123362445414847,0.000890992513133872,1.79799054638425,113
"{DANONE ACTIVIA DE BAUT CAPSUNI&KIWI 320G} => {DANONE ACTIVIA DE BAUT RODIE ZMEURA 320G}",0.000142014090521338,0.169373549883991,0.00083846675362598,189.063362984348,146
"{DANONE ACTIVIA DE BAUT RODIE ZMEURA 320G} => {DANONE ACTIVIA DE BAUT CAPSUNI&KIWI 320G}",0.000142014090521338,0.158523344191097,0.000895856009384602,189.063362984348,146
"{DANONE ACTIVIA DE BAUT CAPSUNI&KIWI 320G} => {_BANANE}",0.000127423601769145,0.151972157772622,0.00083846675362598,2.21497313927196,131
"{PASTA TOMATE BORCAN HOME GARDEN 80G} => {_MORCOVI}",0.000102133421265346,0.11986301369863,0.000852084543128026,2.73122055286381,105
"{FANTA PORTOCALE 2.5L PET} => {COCA COLA 2.5L PET}",0.000151741083022799,0.161323681489142,0.000940600174891325,61.7236893403414,156
"{ELAN COMPOT DE VISINE FARA SAMBURI 700G} => {_BANANE}",0.000107969616766222,0.116108786610879,0.000929900483139718,1.69226947452665,111
"{GOBE PAINE ALBA 700G} => {_BANANE}",0.000129369000269438,0.114163090128755,0.00113319462642026,1.66391121793384,133
"{LAPTE 1.5% COVALACT CUTIE 1L} => {_BANANE}",0.000122560105518415,0.132214060860441,0.000926982385389279,1.9270016148491,126
"{CARNACIORI CU FASOLE BOABE ROTINA 800G} => {COSTITA CU FASOLE BOABE ROTINA 800G}",0.000167304271025137,0.202115158636898,0.000827767061874372,174.905660601313,172
"{COSTITA CU FASOLE BOABE ROTINA 800G} => {CARNACIORI CU FASOLE BOABE ROTINA 800G}",0.000167304271025137,0.144781144781145,0.00115556670917362,174.905660601313,172
"{DANONE IAURT DELICIOS VISINE 400G} => {_BANANE}",0.000136177895020461,0.184696569920844,0.00073730603161078,2.69192691139136,140
"{BATON MARS CIOCOLATA CLASIC 51G} => {_BANANE}",0.000111860413766807,0.113412228796844,0.000986317039648194,1.65296751807541,115
"{HARTIE IGIENICA NATUR FARA TUB 60G} => {_BANANE}",0.000106996917516076,0.10566762728146,0.00101257991940214,1.54009102423365,110
"{CIOCOLATA AERATA CU LAPTE ROSHEN 80G} => {CIOCOLATA AERATA AMARUIE ROSHEN 80G}",0.000136177895020461,0.160734787600459,0.000847221046877295,140.157871827007,140
"{CIOCOLATA AERATA AMARUIE ROSHEN 80G} => {CIOCOLATA AERATA CU LAPTE ROSHEN 80G}",0.000136177895020461,0.118744698897371,0.00114681241592231,140.157871827007,140
"{CERBONA TERCI DE OVAZ CU CIOCOLATA 55G} => {CERBONA TERCI DE OVAZ CU CAISE 50G}",0.000208157639531276,0.240990990990991,0.00086375693412978,275.283205705706,214
"{CERBONA TERCI DE OVAZ CU CAISE 50G} => {CERBONA TERCI DE OVAZ CU CIOCOLATA 55G}",0.000208157639531276,0.237777777777778,0.000875429325131533,275.283205705706,214
"{CERBONA TERCI DE OVAZ CU CIOCOLATA 55G} => {CERBONA TERCI DE OVAZ CU FRUCTE DE PADURE 55G}",0.000334608542050275,0.387387387387387,0.000863756934129779,364.040392311873,344
"{CERBONA TERCI DE OVAZ CU FRUCTE DE PADURE 55G} => {CERBONA TERCI DE OVAZ CU CIOCOLATA 55G}",0.000334608542050275,0.314442413162706,0.00106413297965989,364.040392311873,344
"{CERBONA TERCI DE OVAZ CU CIOCOLATA 55G} => {_BANANE}",0.000117696609267684,0.136261261261261,0.00086375693412978,1.98598899983103,121
"{BISCUITI PETIT BEURRE ROSU CROCO 100G} => {_BANANE}",0.000115751210767392,0.129912663755459,0.000890992513133872,1.89345907097102,119
"{IAURT FARA LACTOZA NATUR MIZO 150G} => {LAPTE UHT 1.5% GRASIME FARA LACTOZA MIZO 1L}",0.000115751210767392,0.109174311926606,0.0010602421826593,51.3677379127916,119
"{IAURT FARA LACTOZA NATUR MIZO 150G} => {_BANANE}",0.000137150594270607,0.129357798165138,0.0010602421826593,1.88537198188523,141
"{REAL CARNE DE PORC PRESATA 105G} => {REAL CREMA DE SUNCA 105G}",0.000134232496520168,0.174904942965779,0.000767459708365311,157.731578947368,138
"{REAL CREMA DE SUNCA 105G} => {REAL CARNE DE PORC PRESATA 105G}",0.000134232496520168,0.121052631578947,0.00110887714516661,157.731578947368,138
"{BISCUITI PETIT BEURRE NEFIS 185G} => {_BANANE}",0.000144932188271776,0.148111332007952,0.000978535445647025,2.15870213878418,149
"{L&M RED LABEL BOX} => {BERE BUCEGI 2.5L PET}",0.000146877586772068,0.109818181818182,0.00133746146895095,32.3961115429764,151
"{MUSCHI AZUGA GASTRO SIBIU} => {_BANANE}",0.000110887714516661,0.134433962264151,0.000824848964123934,1.95935637017479,114
"{OREZ CU LAPTE MULLER RISO 200G} => {_BANANE}",0.000101160722015199,0.117647058823529,0.000859866137129195,1.71468957885265,104
"{DR.OETKER ZAHAR VANILIAT BOURBON 8G} => {DR.OETKER PRAF DE COPT 10G}",0.000195512549279376,0.258023106546855,0.000757732715863849,43.2168525705939,201
"{DR.OETKER ZAHAR VANILIAT BOURBON 8G} => {DR.OETKER ZAHAR VANILINAT 8G}",0.000164386173274699,0.216944801026958,0.000757732715863849,27.7129461676667,169
"{PASTE FRUNZULITA CU 8 OUA GYERMELYI 250G} => {PASTE FUNDITE CU 8 OUA GYERMELYI 250G}",0.000113805812267099,0.158967391304348,0.000715906648107565,88.0544876487538,117
"{PASTE FRUNZULITA CU 8 OUA GYERMELYI 250G} => {PASTE MELCISORI CU 8 OUA GYERMELYI 250G}",0.000123532804768561,0.172554347826087,0.000715906648107565,86.282797036246,127
"{PASTE FRUNZULITA CU 8 OUA GYERMELYI 250G} => {PASTE ATA PAIANJENULUI CU 8 OUA GYERMELYI 250G}",0.000100188022765053,0.139945652173913,0.000715906648107565,14.4829380706139,103
"{SUC DE ROSII AROVIT 300ML} => {_MORCOVI}",0.000100188022765053,0.105641025641026,0.000948381768892494,2.40715573180753,103
"{CHIO GOLD FISCHLI SESAM 100G} => {_BANANE}",0.000105051519015784,0.122727272727273,0.00085597534012861,1.78873299248492,108
"{SALAM VICTORIA GASTRO CRIS-TIM} => {_BANANE}",0.000123532804768561,0.127127127127127,0.000971726550896002,1.85286026063207,127
"{CASCAVAL FELII CHEDDAR MLEKOVITA 130G} => {CASCAVAL FELII EMENTALER MLEKOVITA 130G}",0.000197457947779668,0.261935483870968,0.000753841918863265,276.759740078905,203
"{CASCAVAL FELII EMENTALER MLEKOVITA 130G} => {CASCAVAL FELII CHEDDAR MLEKOVITA 130G}",0.000197457947779668,0.20863309352518,0.000946436370392202,276.759740078905,203
"{_VARZA ROSIE} => {_MORCOVI}",0.000140068692021045,0.140350877192982,0.000997989430649948,3.19806075763903,144
"{_VARZA ROSIE} => {_BANANE}",0.000133259797270022,0.133528265107212,0.000997989430649948,1.9461559596237,137
"{BACON FELIAT CRIS-TIM 100G} => {_BANANE}",0.000104078819765638,0.135443037974684,0.000768432407615457,1.97406350881834,107
"{DR.OETKER BUDINCA CIOCOLATA NEAGRA 50G} => {DR.OETKER BUDINCA CIOCOLATA 50G}",0.000116723910017538,0.159151193633952,0.000733415234610196,126.934127374458,120
"{DR.OETKER BUDINCA CIOCOLATA NEAGRA 50G} => {DR.OETKER BUDINCA VANILIE 40G}",0.000226638925284053,0.309018567639257,0.000733415234610196,57.1079978028381,233
"{BOIA DE ARDEI ECOM 50G} => {CARNE TOCATA PORC VRAC}",0.000117696609267684,0.137032842582106,0.000858893437879049,4.57072686311266,121
"{PAINE SEMIALBA CU CARTOFI FAPICOM 1.2KG} => {_BANANE}",0.000109915015266515,0.100892857142857,0.00108942316016369,1.47049941114997,113
"{COASTE INTREGI AFUMATE ELIT} => {CARNE TOCATA PORC VRAC}",0.000116723910017538,0.125260960334029,0.00093184588164001,4.17807604009229,120
"{PASTE SPAGHETE CSALADI BALOGH 1KG} => {CARNE TOCATA PORC VRAC}",0.000114778511517245,0.135476463834673,0.000847221046877295,4.51881389089354,118
"{CREMWURSTI POLONEZ PIEPT PUI CAROLI} => {_BANANE}",0.000106996917516076,0.110441767068273,0.000968808453145564,1.60967345002734,110
"{DANONE DANONINO ZMEURA&CIRESE&CAPSUNI 6*50G} => {_BANANE}",0.000103106120515492,0.155197657393851,0.000664353587849819,2.26198434926243,106
"{BISCUITI EUGENIA VANILIE CU CR.ROM ROSTAR FOX 30G} => {_BANANE}",0.000116723910017538,0.123076923076923,0.000948381768892494,1.79382909787662,120
"{GOBE SANA DIN CRISTUR 300G} => {_BANANE}",0.000115751210767392,0.100932994062765,0.00114681241592231,1.47108440119547,119
"{SUNCA REGAL BERTIS} => {_BANANE}",0.000119642007767976,0.136363636363636,0.000877374723631826,1.98748110276103,123
"{ZUZU IAURT NATURAL 3% 140G} => {_BANANE}",0.000174113165776161,0.166202414113278,0.0010475970924074,2.42237715341161,179
"{ZUZU IAURT DE BAUT CU CAPSUNI 320G} => {ZUZU IAURT DE BAUT CU PIERSICA SI FRUCTUL PASIUNII 320G}",0.000312236459296914,0.316880552813425,0.000985344340398048,273.760033016168,321
"{ZUZU IAURT DE BAUT CU PIERSICA SI FRUCTUL PASIUNII 320G} => {ZUZU IAURT DE BAUT CU CAPSUNI 320G}",0.000312236459296914,0.269747899159664,0.00115751210767392,273.760033016168,321
"{ZUZU IAURT DE BAUT CU CAPSUNI 320G} => {_BANANE}",0.000135205195770315,0.137216189536032,0.000985344340398048,1.99990694710208,139
"{REAL SUC DE ROSII CONDIMENTAT 100% 1L} => {_MORCOVI}",0.000124505504018707,0.117108874656908,0.00106316028040974,2.66846423693211,128
"{CONSERVA FILE DE HERING IN ULEI VEGETAL CLASSIC 170G} => {CONSERVA FILE DE HERING IN SOS TOMAT CLASSIC 170G}",0.000185785556777914,0.233211233211233,0.000796640685869695,243.655257005867,191
"{CONSERVA FILE DE HERING IN SOS TOMAT CLASSIC 170G} => {CONSERVA FILE DE HERING IN ULEI VEGETAL CLASSIC 170G}",0.000185785556777914,0.194105691056911,0.00095713606214381,243.655257005867,191
"{BISCUITI EUGENIA CU CREMA DE CACAO BOROMIR 30G} => {_BANANE}",0.000137150594270607,0.14431934493347,0.000950327167392787,2.10343445266622,141
"{DANONE ACTIVIA DE BAUT CEREALE INT.FR.PADURE 320G} => {DANONE ACTIVIA DE BAUT RODIE ZMEURA 320G}",0.000153686481523091,0.166491043203372,0.000923091588388694,185.845762554789,158
"{DANONE ACTIVIA DE BAUT RODIE ZMEURA 320G} => {DANONE ACTIVIA DE BAUT CEREALE INT.FR.PADURE 320G}",0.000153686481523091,0.171552660152009,0.000895856009384602,185.845762554789,158
"{DANONE ACTIVIA DE BAUT CEREALE INT.FR.PADURE 320G} => {_BANANE}",0.000129369000269438,0.140147523709168,0.000923091588388694,2.04263073645197,133
"{DANONE CREMOSSO IAURT CU VISINE 125G} => {DANONE CREMOSSO IAURT CU PIERSICI 125G}",0.000234420519285222,0.293544457978075,0.000798586084369988,281.514337947898,241
"{DANONE CREMOSSO IAURT CU PIERSICI 125G} => {DANONE CREMOSSO IAURT CU VISINE 125G}",0.000234420519285222,0.224813432835821,0.00104273359615667,281.514337947898,241
"{DANONE CREMOSSO IAURT CU VISINE 125G} => {_BANANE}",0.000106996917516076,0.133982947624848,0.000798586084369988,1.95278289430844,110
"{SALAM CU SUNCA PRIMO 650G} => {_BANANE}",0.000100188022765053,0.107515657620042,0.00093184588164001,1.56702581031889,103
"{BISCUITI PETIT BEURRE ROSTAR 140G} => {_BANANE}",0.000126450902518999,0.135841170323929,0.000930873182389864,1.97986623263551,130
"{CARNATI DE CURCAN PROMO} => {CARNE TOCATA PORC VRAC}",0.000128396301019292,0.126315789473684,0.00101647071640272,4.21325983832464,132
"{DANONE ACTIVIA DE BAUT RODIE ZMEURA 320G} => {_BANANE}",0.000138123293520753,0.154180238870793,0.000895856009384602,2.24715561528246,142
"{ELAN BOIA DE ARDEI DULCE 100G} => {ELAN PIPER MACINAT 50G}",0.000105051519015784,0.128724672228844,0.000816094670872618,72.315621641689,108
"{ELAN BOIA DE ARDEI DULCE 100G} => {CARNE TOCATA PORC VRAC}",0.000117696609267684,0.144219308700834,0.000816094670872618,4.810431251643,121
"{CERBONA TERCI DE OVAZ CU CAISE 50G} => {CERBONA TERCI DE OVAZ CU FRUCTE DE PADURE 55G}",0.000392970497059044,0.448888888888889,0.000875429325131533,421.835332114564,404
"{CERBONA TERCI DE OVAZ CU FRUCTE DE PADURE 55G} => {CERBONA TERCI DE OVAZ CU CAISE 50G}",0.000392970497059044,0.369287020109689,0.00106413297965989,421.835332114564,404
"{CERBONA TERCI DE OVAZ CU CAISE 50G} => {_BANANE}",0.00013131439876973,0.15,0.000875429325131533,2.18622921303713,135
"{BOIA DE ARDEI ECOM 250G} => {PIPER MACINAT ECOM 250G}",0.000114778511517245,0.137369033760186,0.000835548655875541,126.886406496616,118
"{PIPER MACINAT ECOM 250G} => {BOIA DE ARDEI ECOM 250G}",0.000114778511517245,0.106019766397125,0.00108261426541266,126.886406496616,118
"{CARNATI DE PORC CASA AFUMAT BERKE} => {CARNE TOCATA PORC VRAC}",0.000144932188271776,0.145650048875855,0.000995071332899509,4.85815355258108,149
"{SERVETELE UMEDE PENTRU COPII CU CAPAC EXTRA SOFT BABY FIN 72BUC} => {_BANANE}",0.000101160722015199,0.131147540983607,0.000771350505365895,1.9114572354423,104
"{CREMA DE UNT CU SMANTANA FRISS 125G} => {_BANANE}",0.000104078819765638,0.126477541371158,0.000822903565623641,1.84339263825826,107
"{SALAM SIBIU AGRICOLA} => {SUNCA DE PORC SISSI GASTRO CAROLI}",0.000133259797270022,0.143756558237146,0.000926982385389279,17.2271096348278,137
"{OREGANO MACINAT MARCO POLO 7G} => {BUSUIOC MACINAT MARCO POLO 5G}",0.000311263760046767,0.427236315086782,0.000728551738359465,526.651746693433,320
"{BUSUIOC MACINAT MARCO POLO 5G} => {OREGANO MACINAT MARCO POLO 7G}",0.000311263760046767,0.383693045563549,0.000811231174621888,526.651746693433,320
"{ESENTA DE ROM COSMIN 25ML} => {DR.OETKER PRAF DE COPT 10G}",0.000109915015266515,0.136638452237001,0.000804422279870864,22.8858722183019,113
"{ESENTA DE ROM COSMIN 25ML} => {DR.OETKER ZAHAR VANILINAT 8G}",0.000121587406268269,0.151148730350665,0.000804422279870864,19.3080295434166,125
"{CHIPS DIN CARTOFI CU GUST DE PAPRIKA CSIKI CSIPSZ 140G} => {CHIPS DIN CARTOFI CU GUST DE SMANTANA SI CEAPA CSIKI CSIPSZ 140G}",0.000153686481523091,0.147388059701493,0.00104273359615667,133.502026760471,158
"{CHIPS DIN CARTOFI CU GUST DE SMANTANA SI CEAPA CSIKI CSIPSZ 140G} => {CHIPS DIN CARTOFI CU GUST DE PAPRIKA CSIKI CSIPSZ 140G}",0.000153686481523091,0.13920704845815,0.00110401364891588,133.502026760471,158
"{CHIPS DIN CARTOFI CU GUST DE PAPRIKA CSIKI CSIPSZ 140G} => {CHIPS DIN CARTOFI CU GUST DE CASCAVAL CSIKI CSIPSZ 140G}",0.000153686481523091,0.147388059701493,0.00104273359615667,55.9545053076567,158
"{CHIPS DIN CARTOFI CU GUST DE PAPRIKA CSIKI CSIPSZ 140G} => {CHIPS DIN CARTOFI CU SARE CSIKI CSIPSZ 140G}",0.000178976662026891,0.171641791044776,0.00104273359615667,59.0362198708698,184
"{PASTE TAITEI LATI GYERMELYI 250G} => {PASTE ATA PAIANJENULUI CU 8 OUA GYERMELYI 250G}",0.000107969616766222,0.107871720116618,0.00100090752840039,11.1636154303535,111
"{SUNCA DE CURCAN SISSI CAROLI} => {_BANANE}",0.000109915015266515,0.109073359073359,0.00100771642315141,1.58972909313511,113
"{DANONE ACTIVIA CLASIC CU FULGI DE CEREALE 168G} => {DANONE ACTIVIA CAPSUNI CU FULGI DE CEREALE 168G}",0.000146877586772068,0.152525252525253,0.000962972257644687,102.020936101418,151
"{DANONE ACTIVIA CLASIC CU FULGI DE CEREALE 168G} => {_BANANE}",0.000161468075524261,0.167676767676768,0.000962972257644687,2.44386565228393,166
"{SUC DE ROSII 22% DAWTONA 330ML} => {_MORCOVI}",0.000119642007767976,0.118725868725869,0.00100771642315141,2.70530935953273,123
"{CERBONA BATON CEREALE FARA GLUTEN VISINE&CIOCOLATA 35G} => {CERBONA BATON CEREALE ZMEURA FARA GLUTEN 35G}",0.000341417436801298,0.395715896279594,0.000862784234879633,418.541619691845,351
"{CERBONA BATON CEREALE ZMEURA FARA GLUTEN 35G} => {CERBONA BATON CEREALE FARA GLUTEN VISINE&CIOCOLATA 35G}",0.000341417436801298,0.361111111111111,0.000945463671142056,418.541619691845,351
"{CERBONA BATON CEREALE FARA GLUTEN VISINE&CIOCOLATA 35G} => {_BANANE}",0.000135205195770315,0.156708004509583,0.000862784234879633,2.2839974491707,139
"{BRANZICA DE CASA 5.5% COVALACT DE TARA 180G} => {_BANANE}",0.000126450902518999,0.125725338491296,0.00100577102465112,1.83242938552435,130
"{CAFEA TCHIBO FAMILY 250G} => {CARNE TOCATA PORC VRAC}",0.000139095992770899,0.120471777590564,0.00115459400992348,4.01833297554341,143
"{LUMANARI AMFORA STICLA ROTUNDA CU CAPAC LA 72} => {LUMANARI AMFORA STICLA ROTUNDA CU CAPAC LA 2}",0.000190649053028645,0.135828135828136,0.00140360501796089,79.7945280665281,196
"{LUMANARI AMFORA STICLA ROTUNDA CU CAPAC LA 2} => {LUMANARI AMFORA STICLA ROTUNDA CU CAPAC LA 72}",0.000190649053028645,0.112,0.00170222368775576,79.7945280665281,196
"{DR.OETKER BUDINCA CAPSUNI 40G} => {DR.OETKER BUDINCA CIOCOLATA 50G}",0.000110887714516661,0.144303797468354,0.000768432407615457,115.092298023195,114
"{DR.OETKER BUDINCA CAPSUNI 40G} => {DR.OETKER BUDINCA VANILIE 40G}",0.000293755173544137,0.382278481012658,0.000768432407615457,70.6467537550315,302
"{CONSERVA PORUMB DULCE HOME GARDEN 212ML} => {_MORCOVI}",0.000100188022765053,0.106185567010309,0.000943518272641764,2.41956375104365,103
"{ELAN SUNCA DE CURCAN 110G} => {ELAN SUNCA DE PORC 110G}",0.000204266842530691,0.257352941176471,0.000793722588119257,249.130005815886,210
"{ELAN SUNCA DE PORC 110G} => {ELAN SUNCA DE CURCAN 110G}",0.000204266842530691,0.19774011299435,0.00103300660365521,249.130005815886,210
"{_RIDICHI NEGRU KG} => {_LAMAIE^2 A nu se consuma coaja}",0.000113805812267099,0.105978260869565,0.00107385997216135,3.83056473358617,117
"{_RIDICHI NEGRU KG} => {_MORCOVI}",0.000155631880023384,0.144927536231884,0.00107385997216135,3.30234534756205,160
"{_RIDICHI NEGRU KG} => {_BANANE}",0.000176058564276453,0.163949275362319,0.00107385997216135,2.3895379683558,181
"{CASTRAVETI IN OTET 6-9CM KATO/PURE LAND 680G/720ML} => {_MORCOVI}",0.000127423601769145,0.12312030075188,0.0010349520021555,2.80544169141103,131
"{DR.OETKER PUDRA CACAO 50G} => {DR.OETKER PRAF DE COPT 10G}",0.000125478203268853,0.159062885326757,0.000788859091868526,26.6417893987004,129
"{DR.OETKER PUDRA CACAO 50G} => {DR.OETKER ZAHAR VANILINAT 8G}",0.000142986789771484,0.181257706535142,0.000788859091868526,23.1542080746103,147
"{BERE BLONDA 4.5% ALC.ALBRAU DOZA 500ML} => {ENERGIZANT HELL 250ML}",0.000208157639531276,0.143048128342246,0.00145515807821864,20.2259744409886,214
"{BAUTURA DIN NUCA DE COCOS ALPRO 1L} => {_BANANE}",0.000116723910017538,0.101351351351351,0.00115167591217304,1.47718190070076,120
"{REAL OREZ CAL B 500G} => {CARNE TOCATA PORC VRAC}",0.000130341699519584,0.138002059732235,0.00094449097189191,4.60305507568423,134
"{DANONE DANONINO BANANE&ZMEURA 4*50G} => {_BANANE}",0.000105051519015784,0.133168927250308,0.000788859091868526,1.94091866015627,108
"{CONSERVA MAZARE VERDE BOABE EKO 200G} => {CONSERVA PORUMB DULCE BOABE DELIKAT NOVA 170G}",0.000172167767275868,0.167613636363636,0.00102717040815433,82.2128093012665,177
"{CONSERVA MAZARE VERDE BOABE EKO 200G} => {_MORCOVI}",0.000122560105518415,0.119318181818182,0.00102717040815433,2.71880591398716,126
"{CARNATI SECUIESTI LA METRU BENEDEK} => {CARNE TOCATA PORC VRAC}",0.000137150594270607,0.149048625792812,0.000920173490638256,4.9715129963318,141
"{KINDER PINGUI COCCO 30G} => {KINDER PINGUI 30G}",0.000147850286022215,0.14100185528757,0.00104856979165755,70.7118801755736,152
"{KINDER PINGUI COCCO 30G} => {_BANANE}",0.000117696609267684,0.112244897959184,0.00104856979165755,1.63595383288493,121
"{NAPOLITANE CU CR.DE LAPTE SI ALUNE KNOPPERS 25G} => {_BANANE}",0.000124505504018707,0.125860373647984,0.000989235137398632,1.83439750421994,128
"{ELAN PATE CU FICAT DE PORC 156G} => {ELAN PATE CU FICAT DE PASARE 156G}",0.00030056406829516,0.322546972860125,0.00093184588164001,293.191776080805,309
"{ELAN PATE CU FICAT DE PASARE 156G} => {ELAN PATE CU FICAT DE PORC 156G}",0.00030056406829516,0.273209549071618,0.00110012285191529,293.191776080805,309
"{_PRUNE USCATE CU SAMBURI} => {_BANANE}",0.000149795684522507,0.140510948905109,0.00106607837816018,2.04792760831945,154
"{DR.OETKER CONSERVANT 7G} => {CONSERVANT ACID SALICILIC HA 15G}",0.000129369000269438,0.115652173913043,0.00111860413766807,51.7849231177094,133
"{DR.OETKER CONSERVANT 7G} => {OTET BISTRITA 1L}",0.000152713782272945,0.136521739130435,0.00111860413766807,14.7074813771989,157
"{DR.OETKER BUDINCA CARAMEL 40G} => {DR.OETKER BUDINCA FRISCA 40G}",0.000110887714516661,0.138349514563107,0.000801504182120426,136.49958770475,114
"{DR.OETKER BUDINCA FRISCA 40G} => {DR.OETKER BUDINCA CARAMEL 40G}",0.000110887714516661,0.109404990403071,0.00101355261865229,136.49958770475,114
"{DR.OETKER BUDINCA CARAMEL 40G} => {DR.OETKER BUDINCA CIOCOLATA 50G}",0.000126450902518999,0.157766990291262,0.000801504182120426,125.830129098345,130
"{DR.OETKER BUDINCA CIOCOLATA 50G} => {DR.OETKER BUDINCA CARAMEL 40G}",0.000126450902518999,0.100853374709077,0.00125380933343838,125.830129098345,130
"{DR.OETKER BUDINCA CARAMEL 40G} => {DR.OETKER BUDINCA VANILIE 40G}",0.000256792602038583,0.320388349514563,0.000801504182120426,59.2091837714162,264
"{PAINE NEAGRA CU FAINA DE SEC,CARTOFI HARMOPAN1.5KG} => {_BANANE}",0.000115751210767392,0.102497846683893,0.00112930382941968,1.49389191129152,119
"{BRANZA TOPITA CU SUNCA  FALUSI 140G} => {BRANZA TOPITA NATUR FALUSI 140G}",0.00018189475977733,0.196222455403987,0.000926982385389279,62.1855212884745,187
"{BRANZA TOPITA CU SUNCA  FALUSI 140G} => {_BANANE}",0.000108942316016369,0.117523609653725,0.000926982385389279,1.71289032431031,112
"{GOBE BRANZA DE BURDUF DIN CRISTUR 300G} => {_BANANE}",0.000103106120515492,0.111111111111111,0.000927955084639425,1.61942904669417,106
"{PASTE DORZS CUS CUS GYERMELYI 500G} => {PASTE ATA PAIANJENULUI CU 8 OUA GYERMELYI 250G}",0.000106996917516076,0.113636363636364,0.000941572874141471,11.7601968446291,110
"{SALAM RUSTIC GASTRO CRIS-TIM} => {SUNCA DE PORC SISSI GASTRO CAROLI}",0.000182867459027476,0.181467181467181,0.00100771642315141,21.7461733126729,188
"{SALAM RUSTIC GASTRO CRIS-TIM} => {PATE PORC BUCEGI 120G}",0.000103106120515492,0.102316602316602,0.00100771642315141,11.5553468520073,106
"{SALAM RUSTIC GASTRO CRIS-TIM} => {LAPTE DE CONSUM 3.5% GRASIME FRISS CUTIE 1L}",0.000116723910017538,0.115830115830116,0.00100771642315141,4.43389506240904,120
"{CERBONA BATON CEREALE ZMEURA FARA GLUTEN 35G} => {_BANANE}",0.000147850286022215,0.156378600823045,0.000945463671142056,2.27919643608809,152
"{SARATELE CU CHIMEN MI&KO 120G} => {_BANANE}",0.000108942316016369,0.112789526686808,0.000965890355395125,1.64389172111553,112
"{MASLINE NEGRE FARA SAMBURI GIANTS ELITA 141/160} => {_BANANE}",0.000101160722015199,0.106995884773663,0.000945463671142056,1.5594501931129,104
"{PUFARIN CU AROME DE FRUCTE DINOFARINO 100G} => {_BANANE}",0.000115751210767392,0.114203454894434,0.00101355261865229,1.66449952879986,119
"{DRAJEURI CU ARAHIDE PRAJITE DUNAKAVICS BONBONETTI 70G} => {DRAJEURI FRANTUZESTI BONBONETTI 70G}",0.000304454865295744,0.303883495145631,0.00100188022765053,213.834766053308,313
"{DRAJEURI FRANTUZESTI BONBONETTI 70G} => {DRAJEURI CU ARAHIDE PRAJITE DUNAKAVICS BONBONETTI 70G}",0.000304454865295744,0.214236824093087,0.00142111360446352,213.834766053308,313
"{CIOCOLATA MILKA STAFIDE&ALUNE 100G} => {_BANANE}",0.000110887714516661,0.102702702702703,0.00107969616766222,1.49687765937677,114
"{CIOCOLATA MILKA ALBA HAPPY COW LAPTE 100G} => {_BANANE}",0.000112833113016953,0.114965312190287,0.000981453543397463,1.67560349330893,116
"{BISCUITI COCONITOS ROSTAR 100G} => {_BANANE}",0.000159522677023968,0.166666666666667,0.00095713606214381,2.42914357004125,164
"{CONSERVA HERING IN ULEI VEGETAL CLASSIC 170G} => {CONSERVA HERING IN SOS TOMAT CLASSIC 170G}",0.000225666226033906,0.255788313120176,0.000882238219882556,220.98111235674,232
"{CONSERVA HERING IN SOS TOMAT CLASSIC 170G} => {CONSERVA HERING IN ULEI VEGETAL CLASSIC 170G}",0.000225666226033906,0.194957983193277,0.00115751210767392,220.98111235674,232
"{PASTA DE DINTI COLGATE WHITENING 100ML} => {_BANANE}",0.000109915015266515,0.111881188118812,0.000982426242647609,1.63065281236433,113
"{CHIPS DIN CARTOFI CU GUST DE SMANTANA SI CEAPA CSIKI CSIPSZ 140G} => {CHIPS DIN CARTOFI CU GUST DE CASCAVAL CSIKI CSIPSZ 140G}",0.000205239541780837,0.185903083700441,0.00110401364891588,70.5763757572603,211
"{CHIPS DIN CARTOFI CU GUST DE SMANTANA SI CEAPA CSIKI CSIPSZ 140G} => {CHIPS DIN CARTOFI CU SARE CSIKI CSIPSZ 140G}",0.000154659180773238,0.140088105726872,0.00110401364891588,48.1833250553056,159
"{CIOCOLATA MILKA NOISETTE 100G} => {_BANANE}",0.000119642007767976,0.112328767123288,0.00106510567891003,1.63717621432917,123
"{DROJDIE USCATA THYMOS 10G} => {DR.OETKER PRAF DE COPT 10G}",0.000149795684522507,0.170542635658915,0.000878347422881972,28.5645578061182,154
"{DROJDIE USCATA THYMOS 10G} => {DR.OETKER ZAHAR VANILINAT 8G}",0.000175085865026307,0.199335548172757,0.000878347422881972,25.4635063373909,180
"{ZUZU IAURT DE BAUT CU PIERSICA SI FRUCTUL PASIUNII 320G} => {_BANANE}",0.000147850286022215,0.127731092436975,0.00115751210767392,1.86166297132573,152
"{GRIS HARMOPAN 1KG} => {_BANANE}",0.00010602421826593,0.112139917695473,0.000945463671142056,1.63442376008949,109
"{MOGYI PORUMB PT.POPCORN MICRO CU CASC.100G} => {MOGYI PORUMB PT.POPCORN MICRO CU UNT 100G}",0.000294727872794283,0.319283456269758,0.000923091588388695,303.368562880666,303
"{MOGYI PORUMB PT.POPCORN MICRO CU UNT 100G} => {MOGYI PORUMB PT.POPCORN MICRO CU CASC.100G}",0.000294727872794283,0.28003696857671,0.00105246058865813,303.368562880666,303
"{MOGYI PORUMB PT.POPCORN MICRO CU CASC.100G} => {MOGYI PORUMB PT.POPCORN MICRO CU SARE 100G}",0.000251929105787852,0.272918861959958,0.000923091588388695,207.836204191547,259
"{MOGYI PORUMB PT.POPCORN MICRO CU SARE 100G} => {MOGYI PORUMB PT.POPCORN MICRO CU CASC.100G}",0.000251929105787852,0.191851851851852,0.0013131439876973,207.836204191547,259
"{MOGYI PORUMB PT.POPCORN MICRO CU CASC.100G} => {_BANANE}",0.000112833113016953,0.122233930453109,0.000923091588388694,1.78154259720623,116
"{GIANA TON MARUNTIT IN ULEI VEGETAL 170G} => {_BANANE}",0.000103106120515492,0.104228121927237,0.000989235137398633,1.51911043318214,106
"{ELAN PASTE SPIRALE FARA OUA 400G} => {ELAN PASTE PATRATE INCRETITE FARA OUA 400G}",0.000183840158277622,0.171195652173913,0.00107385997216135,74.2932041129077,189
"{STAFIDE ECOM 100G} => {DR.OETKER ZAHAR VANILINAT 8G}",0.000103106120515492,0.109958506224066,0.000937682077140887,14.0463110857676,106
"{ELAN FOLIE ALIMENTARA 20M} => {ELAN FOLIE ALUMINIU ALIMENTAR 15M}",0.000101160722015199,0.104944500504541,0.000963944956894833,70.9335817226836,104
"{CIOCOLATA AERATA AMARUIE ROSHEN 80G} => {_BANANE}",0.000144932188271776,0.12637828668363,0.00114681241592231,1.84194601494222,149
"{_PERE EXTRA} => {_BANANE}",0.000254847203538291,0.233719892952721,0.00109039585941383,3.40643505094099,262
"{FANTA PORTOCALE 2L} => {COCA COLA 2L PET}",0.000142986789771484,0.122093023255814,0.00117112989717596,34.3044023338439,147
"{CREMA GULAS IUTE UNIVER 160G} => {CREMA GULAS DULCE UNIVER 160G}",0.000221775429033322,0.240760295670539,0.000921146189888402,124.945842952612,228
"{CREMA GULAS DULCE UNIVER 160G} => {CREMA GULAS IUTE UNIVER 160G}",0.000221775429033322,0.115093387178193,0.00192691721453952,124.945842952612,228
"{NAPOLITANE CU CREMA DE ALUNE ROSHEN 72G} => {NAPOLITANE CU CREMA DE LAPTE ROSHEN 72G}",0.000248038308787268,0.214827295703454,0.00115459400992348,134.915609903459,255
"{NAPOLITANE CU CREMA DE LAPTE ROSHEN 72G} => {NAPOLITANE CU CREMA DE ALUNE ROSHEN 72G}",0.000248038308787268,0.155772755039707,0.00159230867248924,134.915609903459,255
"{NAPOLITANE CU CREMA DE ALUNE ROSHEN 72G} => {NAPOLITANE CU CREMA DE CIOCOLATA ROSHEN 72G}",0.000278191985541798,0.240943555181129,0.00115459400992348,149.400553645596,286
"{NAPOLITANE CU CREMA DE CIOCOLATA ROSHEN 72G} => {NAPOLITANE CU CREMA DE ALUNE ROSHEN 72G}",0.000278191985541798,0.172496984318456,0.00161273535674231,149.400553645596,286
"{PASTA ARDEI DULCE UNIVER 160G} => {CREMA GULAS DULCE UNIVER 160G}",0.000241229414036245,0.281179138321995,0.000857920738628903,145.921753254558,248
"{CREMA GULAS DULCE UNIVER 160G} => {PASTA ARDEI DULCE UNIVER 160G}",0.000241229414036245,0.125189298334175,0.00192691721453952,145.921753254558,248
"{GIANA PASTA DE TOMATE 140G} => {CARNE TOCATA PORC VRAC}",0.000141041391271191,0.123614663256607,0.00114097622042143,4.12316384433944,145
"{FRISCA PENTRU GATIT UHT 10% MAGYAR ALFOLDI 180ML} => {SMANTANA 20% GRASIME FRISS 300G}",0.000124505504018707,0.113879003558719,0.00109331395716427,3.71243168288944,128
"{FRISCA PENTRU GATIT UHT 10% MAGYAR ALFOLDI 180ML} => {_BANANE}",0.000133259797270022,0.121886120996441,0.00109331395716427,1.77647332257465,137
"{PATE DE SOMON HAME 100G} => {PASTA DE TON CU LEGUME HAME 100G}",0.000109915015266515,0.113113113113113,0.000971726550896002,110.53978978979,113
"{PASTA DE TON CU LEGUME HAME 100G} => {PATE DE SOMON HAME 100G}",0.000109915015266515,0.107414448669202,0.00102327961115375,110.53978978979,113
"{PATE DE SOMON HAME 100G} => {PASTA DE TON PICANT HAME 100G}",0.000126450902518999,0.13013013013013,0.000971726550896002,92.583039787192,130
"{PATE DE SOMON HAME 100G} => {PASTA DE TON HAME 100G}",0.000151741083022799,0.156156156156156,0.000971726550896002,72.2497709230383,156
"{COMPOT DE VISINE FARA SAMBURI KATO/ERVOLGYE 680G} => {_BANANE}",0.000146877586772068,0.122267206477733,0.00120128357393049,1.78202759065375,151
"{DETERGENT VASE FAIRY RODII&PORTOCALE ROSII 400ML} => {_BANANE}",0.000109915015266515,0.115660184237462,0.000950327167392787,1.6857311571013,113
"{MAZARE VERDE CONG.AGROSPRINT 400G} => {_MORCOVI}",0.000166331571774991,0.139137510170871,0.00119544737842962,3.17041275475057,171
"{DR.OETKER CACAO NEAGRA 100G} => {DR.OETKER PRAF DE COPT 10G}",0.000126450902518999,0.13555787278415,0.000932818580890156,22.7048836102286,130
"{DR.OETKER CACAO NEAGRA 100G} => {DR.OETKER ZAHAR VANILINAT 8G}",0.000124505504018707,0.133472367049009,0.000932818580890156,17.0500168954988,128
"{_PEPENE GALBEN} => {_BANANE}",0.00018675825602806,0.142327650111193,0.00131217128844715,2.07440577664012,192
"{SARATELE ELEKES 120G} => {_BANANE}",0.000133259797270022,0.127205199628598,0.0010475970924074,1.85399815652174,137
"{PASTE FIDEA DE CASA CU 8 OUA VANCSA 200G} => {_MORCOVI}",0.000137150594270607,0.126118067978533,0.00108747776166339,2.87374936372372,141
"{BOMBOANE NEGRO CLASSIC GYORI 79G} => {BOMBOANE NEGRO EXTRA STRONG GYORI 79G}",0.000145904887521922,0.122349102773246,0.00119252928067918,94.6449022127788,150
"{BOMBOANE NEGRO EXTRA STRONG GYORI 79G} => {BOMBOANE NEGRO CLASSIC GYORI 79G}",0.000145904887521922,0.112866817155756,0.00129271730344423,94.6449022127788,150
"{BOMBOANE NEGRO CLASSIC GYORI 79G} => {_BANANE}",0.000127423601769145,0.106851549755302,0.00119252928067918,1.55734653022221,131
"{SALAM BANATEAN GASTRO PREMIA} => {_BANANE}",0.000108942316016369,0.10172570390554,0.00107094187441091,1.48263803730038,112
"{CREMA GULAS IUTE UNIVER 70G RO} => {CREMA GULAS DULCE UNIVER 70G RO}",0.000142986789771484,0.150614754098361,0.000949354468142641,94.7046228756204,147
"{PRAJITURA GYORI DORMI CU CR.LAPTE 30G} => {PRAJITURA GYORI DORMI CU CR.CIOCOLATA 30G}",0.000229557023034491,0.240325865580448,0.000955190663643517,231.991635351826,236
"{PRAJITURA GYORI DORMI CU CR.CIOCOLATA 30G} => {PRAJITURA GYORI DORMI CU CR.LAPTE 30G}",0.000229557023034491,0.221596244131455,0.00103592470140565,231.991635351826,236
"{BATISTE DE HARTIE 3STRAT MUSETEL PERLA 10*10BUC} => {_BANANE}",0.000125478203268853,0.118348623853211,0.0010602421826593,1.72491479193755,129
"{BOMBOANE EUCALIPT MENTHOL WOOGIE 250G} => {_BANANE}",0.000135205195770315,0.118197278911565,0.00114389431817187,1.7227089603864,139
"{ELAN HARTIE IGIENICA 8 ROLE 2STR 20M} => {_BANANE}",0.00013131439876973,0.128571428571429,0.00102133421265346,1.87391075403182,135
"{PARIZER PIEPT PUI GALINIA} => {_BANANE}",0.000138123293520753,0.110162916989915,0.00125380933343839,1.60560924877824,142
"{DR.OETKER INTARITOR FRISCA 8G} => {DR.OETKER GELATINA FIN MARUNTITA ALBA 10G}",0.000120614707018122,0.129707112970711,0.000929900483139717,102.496235596049,124
"{DR.OETKER INTARITOR FRISCA 8G} => {PRODUS INDULCIT PE BAZA DE GRASIMI VEGETALE UHT FARA LACTOZA HULALA 500ML}",0.000101160722015199,0.108786610878661,0.000929900483139717,59.743549511855,104
"{DR.OETKER INTARITOR FRISCA 8G} => {DR.OETKER BUDINCA VANILIE 40G}",0.000114778511517245,0.123430962343096,0.000929900483139718,22.8105876619054,118
"{DR.OETKER INTARITOR FRISCA 8G} => {DR.OETKER PRAF DE COPT 10G}",0.000126450902518999,0.135983263598326,0.000929900483139718,22.7761332449887,130
"{DR.OETKER INTARITOR FRISCA 8G} => {DR.OETKER ZAHAR VANILINAT 8G}",0.000123532804768561,0.132845188284519,0.000929900483139718,16.9698998737699,127
"{PASTA DE TON CU LEGUME HAME 100G} => {PASTA DE TON PICANT HAME 100G}",0.000211075737281714,0.206273764258555,0.00102327961115375,146.756574394464,217
"{PASTA DE TON PICANT HAME 100G} => {PASTA DE TON CU LEGUME HAME 100G}",0.000211075737281714,0.150173010380623,0.00140555041646118,146.756574394464,217
"{PASTA DE TON CU LEGUME HAME 100G} => {PASTA DE TON HAME 100G}",0.000148822985272361,0.145437262357414,0.00102327961115375,67.2903915391539,153
"{SALAM VICTORIA GROS CAMPOFRIO} => {_BANANE}",0.000126450902518999,0.101801096319499,0.00124213694243663,1.48373687128597,130
"{_AVOCADO} => {_BANANE}",0.000201348744780253,0.209090909090909,0.000962972257644687,3.04747102423357,207
"{BRANZA CIOCOLATA POTTYOS URIAS DE CASTANE 51G} => {BRANZA CIOCOLATA POTTYOS CU CR.DE CAISE 30G}",0.000108942316016369,0.104380242311277,0.00104370629540682,94.9644978515287,112
"{BRANZA CIOCOLATA POTTYOS URIAS DE CASTANE 51G} => {BRANZA CIOCOLATA AMARA POTTYOS ORIAS NATUR 51G}",0.000138123293520753,0.132339235787512,0.00104370629540682,55.9661049437926,142
"{BRANZA CIOCOLATA POTTYOS URIAS DE CASTANE 51G} => {BRANZA CIOCOLATA LAPTE POTTYOS ORIAS NATUR 51G}",0.000176058564276453,0.168685927306617,0.00104370629540682,70.1538977460889,181
"{CREMA DE UNT CU PRAZ 25% GRASIME MIZO 200G} => {CREMA DE UNT MAGYAROS MIZO 200G}",0.000129369000269438,0.135162601626016,0.00095713606214381,88.8466818195995,133
"{CREMA DE UNT CU PRAZ 25% GRASIME MIZO 200G} => {CREMA DE UNT NATUR MIZO 200G}",0.000114778511517245,0.119918699186992,0.00095713606214381,48.652114174062,118
"{CIOCOLATA MILKA TRIPLE CARAMEL 90G} => {_BANANE}",0.000123532804768561,0.107718405428329,0.00114681241592231,1.56998083152794,127
"{CIOCOLATA MILKA TRIPLE CIOCOLATA 90G} => {_BANANE}",0.000121587406268269,0.109265734265734,0.00111276794216719,1.59253293490467,125
"{TURTA DULCE CU GLAZ.DE VANILIE END-IBO 180G} => {_BANANE}",0.000128396301019292,0.104928457869634,0.00122365565668385,1.5293177324902,132
"{BRANZA TOPITA FELII CU SUNCA HOCHLAND 140G} => {_BANANE}",0.000114778511517245,0.119675456389452,0.000959081460644102,1.74425319228114,118
"{DANONE DANONINO CAISE&CAPSUNI 4*50G} => {_BANANE}",0.000138123293520753,0.151871657754011,0.000909473798886648,2.21350836542797,142
"{BRANZA DE VACA SEMIGRASA LACTIS 500G} => {SMANTANA 20% GRASIME FRISS 300G}",0.000120614707018122,0.106529209621993,0.00113222192717012,3.47282993875107,124
"{BRANZA DE VACA SEMIGRASA LACTIS 500G} => {_BANANE}",0.000115751210767392,0.102233676975945,0.00113222192717012,1.49004167440675,119
"{PASTA DE ARDEI DULCE TUB UNIVER 70G RO} => {CREMA GULAS DULCE UNIVER 70G RO}",0.000157577278523676,0.172523961661342,0.000913364595887233,108.480851188557,162
"{ELAN BRANZA TOPITA CREMOASA 100G} => {ELAN BRANZA TOPITA CU SUNCA AFUMATA 100G}",0.000348226331552321,0.325750682438581,0.00106899647591062,289.199936824339,358
"{ELAN BRANZA TOPITA CU SUNCA AFUMATA 100G} => {ELAN BRANZA TOPITA CREMOASA 100G}",0.000348226331552321,0.309153713298791,0.00112638573166924,289.199936824339,358
"{ELAN BRANZA TOPITA CREMOASA 100G} => {ELAN BRANZA TOPITA EMMENTALER 100G}",0.000382270805307436,0.357597816196542,0.00106899647591062,291.542041319374,393
"{ELAN BRANZA TOPITA EMMENTALER 100G} => {ELAN BRANZA TOPITA CREMOASA 100G}",0.000382270805307436,0.311657414750198,0.00122657375443429,291.542041319374,393
"{BISCUITI CU SARE TUC GYORI 100G} => {_BANANE}",0.000122560105518415,0.111801242236025,0.00109623205491471,1.62948761220159,126
"{ELAN OREZ 1KG} => {ELAN ULEI RAFINAT DE FLOAREA SOARELUI 1L}",0.000107969616766222,0.102022058823529,0.00105829678415901,9.75860736402395,111
"{BONDUELLE MAZARE VERDE BOABE 800G} => {_MORCOVI}",0.000140068692021045,0.127433628318584,0.00109915015266515,2.90372596224571,144
"{DR.OETKER PRAF PT.CREMSNIT 225G} => {COJI  ECLERE MARIEN 200G}",0.000195512549279376,0.182065217391304,0.00107385997216135,86.4950285803263,201
"{MOGYI PORUMB PT.POPCORN MICRO CU UNT 100G} => {MOGYI PORUMB PT.POPCORN MICRO CU SARE 100G}",0.000277219286291652,0.263401109057301,0.00105246058865813,200.588139248306,285
"{MOGYI PORUMB PT.POPCORN MICRO CU SARE 100G} => {MOGYI PORUMB PT.POPCORN MICRO CU UNT 100G}",0.000277219286291652,0.211111111111111,0.0013131439876973,200.588139248306,285
"{MOGYI PORUMB PT.POPCORN MICRO CU UNT 100G} => {_BANANE}",0.000124505504018707,0.118299445471349,0.00105246058865813,1.72419802383705,128
"{DANONE CREMOSSO IAURT CU PIERSICI 125G} => {_BANANE}",0.000144932188271776,0.138992537313433,0.00104273359615667,2.02579696979187,149
"{BRANZA TOPITA CU SALAM FALUSI 140G} => {BRANZA TOPITA NATUR FALUSI 140G}",0.000115751210767392,0.112264150943396,0.00103106120515492,35.5780113649582,119
"{_FASOLE ALB MARE KG} => {_CEAPA GALBENA}",0.000151741083022799,0.12,0.00126450902518999,6.83517313978614,156
"{_FASOLE ALB MARE KG} => {_PATRUNJEL RADACINA KG}",0.000135205195770315,0.106923076923077,0.00126450902518999,5.30086738308709,139
"{_FASOLE ALB MARE KG} => {_MORCOVI}",0.000414369880562259,0.327692307692308,0.00126450902518999,7.46685685740298,426
"{_FASOLE ALB MARE KG} => {_BANANE}",0.000151741083022799,0.12,0.00126450902518999,1.7489833704297,156
"{SNACK DIN CARTOFI POM-BAR ORIGINAL 40G} => {_BANANE}",0.000121587406268269,0.108412836079792,0.00112152223541851,1.58010206203898,125
"{CERBONA TERCI DE OVAZ CU FRUCTE DE PADURE 55G} => {_BANANE}",0.000150768383772653,0.141681901279708,0.00106413297965989,2.06499407690893,155
"{ELAN BRANZA TOPITA CU SUNCA AFUMATA 100G} => {ELAN BRANZA TOPITA EMMENTALER 100G}",0.000328772346549398,0.291882556131261,0.00112638573166924,237.965760376048,338
"{ELAN BRANZA TOPITA EMMENTALER 100G} => {ELAN BRANZA TOPITA CU SUNCA AFUMATA 100G}",0.000328772346549398,0.268041237113402,0.00122657375443429,237.965760376048,338
"{MARGARINA MATINAL 500G} => {CARNE TOCATA PORC VRAC}",0.000116723910017538,0.108303249097473,0.00107775076916193,3.61245202744441,120
"{MARGARINA MATINAL 500G} => {_BANANE}",0.000107969616766222,0.100180505415162,0.00107775076916193,1.46011698343635,111
"{DANONE CREMOSSO IAURT CU CIOC.&STRACCIATELLA 125G} => {_BANANE}",0.000159522677023968,0.141991341991342,0.0011234676339188,2.06950413239878,164
"{CASCAVAL DALIA FRISS 400G} => {UNT 65% GRASIME FRISS 180G}",0.000101160722015199,0.102362204724409,0.000988262438148486,5.81570625722075,104
"{CASCAVAL DALIA FRISS 400G} => {SMANTANA 20% GRASIME FRISS 300G}",0.000109915015266515,0.111220472440945,0.000988262438148486,3.6257641248397,113
"{CASCAVAL DALIA FRISS 400G} => {_BANANE}",0.000108942316016369,0.110236220472441,0.000988262438148486,1.60667763687768,112
"{PATE DE PUI INTEGRAL SIBIU 120G} => {PATE DE PORC INTEGRAL SIBIU 120G}",0.000138123293520753,0.147150259067358,0.000938654776391033,86.2487601987463,142
"{PATE DE PUI INTEGRAL SIBIU 120G} => {_BANANE}",0.000126450902518999,0.134715025906736,0.000938654776391033,1.96345283381573,130
"{SALAM VICTORIA CAROLI} => {_BANANE}",0.000142014090521338,0.111620795107034,0.00127229061919116,1.62685762030286,146
"{_GHIMBIR} => {_LAMAIE^2 A nu se consuma coaja}",0.000441605459566351,0.334315169366716,0.00132092558169847,12.083760265279,454
"{_GHIMBIR} => {_BANANE}",0.000176058564276453,0.133284241531664,0.00132092558169847,1.94259934982681,181
"{NESCAFE 3IN1 STRONG 14G} => {NESCAFE 3IN1 ORIGINAL 16.5G}",0.000142986789771484,0.108647450110865,0.00131606208544774,84.6188318887321,147
"{NESCAFE 3IN1 ORIGINAL 16.5G} => {NESCAFE 3IN1 STRONG 14G}",0.000142986789771484,0.111363636363636,0.00128396301019292,84.6188318887321,147
"{NESCAFE 3IN1 STRONG 14G} => {_BANANE}",0.000150768383772653,0.114560236511456,0.00131606208544774,1.66969957142525,155
"{BOMBOANE NEGRO EXTRA STRONG GYORI 79G} => {_BANANE}",0.000132287098019876,0.102332580887886,0.00129271730344423,1.4914831852172,136
"{GOBE CARNATI AFUMATI UDVARHELYI} => {CARNE TOCATA PORC VRAC}",0.000175085865026307,0.161579892280072,0.00108358696466281,5.38949306069355,180
"{GOBE CARNATI AFUMATI UDVARHELYI} => {_BANANE}",0.000116723910017538,0.107719928186715,0.00108358696466281,1.57000302552038,120
"{ELAN STAFIDE 100G} => {DR.OETKER ZAHAR VANILINAT 8G}",0.000126450902518999,0.117647058823529,0.00107483267141149,15.0284615834405,130
"{ELAN STAFIDE 100G} => {_BANANE}",0.000111860413766807,0.104072398190045,0.00107483267141149,1.51684078129273,115
"{BISCUITI MEGA SANDVIS CU CREMA DE CACAO FEINY 500G} => {_BANANE}",0.000130341699519584,0.110288065843621,0.00118182958892757,1.60743327597792,134
"{BRANZA CIOCOLATA POTTYOS CU CR.DE CAISE 30G} => {BRANZA CIOCOLATA POTTYOS CU CR.DE CAPSUNI 30G}",0.000424096873063721,0.385840707964602,0.00109915015266515,335.025421549868,436
"{BRANZA CIOCOLATA POTTYOS CU CR.DE CAPSUNI 30G} => {BRANZA CIOCOLATA POTTYOS CU CR.DE CAISE 30G}",0.000424096873063721,0.368243243243243,0.00115167591217304,335.025421549868,436
"{BRANZA CIOCOLATA POTTYOS CU CR.DE CAISE 30G} => {BRANZA CIOCOLATA POTTYOS NATUR 30G}",0.000189676353778499,0.172566371681416,0.00109915015266515,99.949178611492,195
"{BRANZA CIOCOLATA POTTYOS NATUR 30G} => {BRANZA CIOCOLATA POTTYOS CU CR.DE CAISE 30G}",0.000189676353778499,0.109859154929577,0.00172654116900941,99.949178611492,195
"{ZUZU IAURT NATURAL 3% 400G} => {_BANANE}",0.000179949361277037,0.126452494873548,0.00142305900296381,1.84302758902652,185
"{DANONE ACTIVIA MULTICEREALE 125G} => {DANONE ACTIVIA MUSLI NUCI-OVAZ 125G}",0.000147850286022215,0.123176661264182,0.00120031087468035,105.528217179903,152
"{DANONE ACTIVIA MUSLI NUCI-OVAZ 125G} => {DANONE ACTIVIA MULTICEREALE 125G}",0.000147850286022215,0.126666666666667,0.00116723910017538,105.528217179903,152
"{DANONE ACTIVIA MULTICEREALE 125G} => {DANONE ACTIVIA MUSLI 125G}",0.000150768383772653,0.125607779578606,0.00120031087468035,84.9002058698481,155
"{DANONE ACTIVIA MUSLI 125G} => {DANONE ACTIVIA MULTICEREALE 125G}",0.000150768383772653,0.101906640368179,0.00147947555947229,84.9002058698481,155
"{DANONE ACTIVIA MULTICEREALE 125G} => {_BANANE}",0.000182867459027476,0.152350081037277,0.00120031087468035,2.2204813184818,188
"{NESCAFE 3IN1 ORIGINAL 16.5G} => {_BANANE}",0.000145904887521922,0.113636363636364,0.00128396301019292,1.65623425230086,150
"{BRANZA TOPITA MEDVE CU SALAM 140G} => {BRANZA TOPITA MEDVE CU SUNCA 140G}",0.000121587406268269,0.121006776379477,0.00100479832540097,77.5580259177806,125
"{DR.OETKER BICARBONAT DE SODIU ALIMENTAR 50G} => {DR.OETKER PRAF DE COPT 10G}",0.000162440774774407,0.147918511957485,0.001098177453415,24.7751940098721,167
"{DR.OETKER BICARBONAT DE SODIU ALIMENTAR 50G} => {DR.OETKER ZAHAR VANILINAT 8G}",0.00016924966952543,0.154118689105403,0.001098177453415,19.6874177873415,174
"{DANONE ACTIVIA MUSLI NUCI-OVAZ 125G} => {DANONE ACTIVIA MUSLI 125G}",0.000117696609267684,0.100833333333333,0.00116723910017538,68.1547813938199,121
"{DANONE ACTIVIA MUSLI NUCI-OVAZ 125G} => {_BANANE}",0.000211075737281714,0.180833333333333,0.00116723910017538,2.63562077349476,217
"{DR.OETKER BUDINCA FRISCA 40G} => {DR.OETKER BUDINCA CIOCOLATA 50G}",0.000116723910017538,0.115163147792706,0.00101355261865229,91.850606564627,120
"{DR.OETKER BUDINCA FRISCA 40G} => {DR.OETKER BUDINCA VANILIE 40G}",0.000315154557047352,0.310940499040307,0.00101355261865229,57.4631792246758,324
"{DR.OETKER BUDINCA FRISCA 40G} => {DR.OETKER ZAHAR VANILINAT 8G}",0.000106996917516076,0.105566218809981,0.00101355261865229,13.4852318431064,110
"{ZAHAR CRISTAL DIN SFECLA BOD ROMANESC 1KG} => {_BANANE}",0.000126450902518999,0.10896898575021,0.00116043020542435,1.58820786641423,130
"{CHIPS DIN CARTOFI CU GUST DE CASCAVAL CSIKI CSIPSZ 100G} => {CHIPS DIN CARTOFI CU SARE CSIKI CSIPSZ 100G}",0.000197457947779668,0.137627118644068,0.00143473139396557,93.454358641381,203
"{CHIPS DIN CARTOFI CU SARE CSIKI CSIPSZ 100G} => {CHIPS DIN CARTOFI CU GUST DE CASCAVAL CSIKI CSIPSZ 100G}",0.000197457947779668,0.134081902245707,0.00147266666472127,93.454358641381,203
"{CIOCOLATA CALDA HOT CLASSICO LA FESTA 25G} => {_BANANE}",0.000137150594270607,0.112261146496815,0.00122171025818356,1.63619065306919,141
"{BRANZA CIOCOLATA POTTYOS CU CR.DE CAPSUNI 30G} => {BRANZA CIOCOLATA POTTYOS NATUR 30G}",0.000190649053028645,0.165540540540541,0.00115167591217304,95.8798686714884,196
"{BRANZA CIOCOLATA POTTYOS NATUR 30G} => {BRANZA CIOCOLATA POTTYOS CU CR.DE CAPSUNI 30G}",0.000190649053028645,0.110422535211268,0.00172654116900941,95.8798686714884,196
"{WINSTON BLUE} => {APA MINERALA NATURALA CARBOGAZOASA PERLA HARGHITEI  2L}",0.000276246587041506,0.160090191657272,0.00172556846975927,14.2979274664683,284
"{GOBE IAURT 2.8% PROBIOTIC 750G} => {_BANANE}",0.000211075737281714,0.142015706806283,0.00148628445422331,2.06985924620007,217
"{MUSCHI FILE HAIDUCESC FOX} => {_BANANE}",0.000148822985272361,0.121332275971451,0.00122657375443429,1.76840110808713,153
"{ZIAR HARGITA NEPE WEEKEND} => {SZEKELYHON}",0.000334608542050275,0.180577427821522,0.00185299207152841,25.1246033953429,344
"{REAL PASTA DE TOMATE 18-20% CONCENTRATI 360G} => {CARNE TOCATA PORC VRAC}",0.000146877586772068,0.12099358974359,0.00121392866418239,4.03573800619438,151
"{CHIPS DIN CARTOFI CU GUST DE CASCAVAL CSIKI CSIPSZ 70G} => {CHIPS DIN CARTOFI CU SARE CSIKI CSIPSZ 70G}",0.000218857331282883,0.154004106776181,0.00142111360446352,97.5517806784151,225
"{CHIPS DIN CARTOFI CU SARE CSIKI CSIPSZ 70G} => {CHIPS DIN CARTOFI CU GUST DE CASCAVAL CSIKI CSIPSZ 70G}",0.000218857331282883,0.138632162661738,0.0015786908829872,97.5517806784151,225
"{FOI DE DAFIN INTREGI MARCO POLO 5G} => {_MORCOVI}",0.000108942316016369,0.105362182502352,0.00103397930290536,2.40080196104981,112
"{BONDUELLE MAZARE VERDE 545G} => {_MORCOVI}",0.000188703654528353,0.159934047815334,0.00117988419042728,3.64428646516616,194
"{BISCUITI CU COCOS GYORI EDES 180G} => {_BANANE}",0.000147850286022215,0.116833205226749,0.00126548172444014,1.7028277754632,152
"{ELAN PUNGI CONG.HDPE ROLATE 350*250 150BUC/ROLA} => {ELAN PUNGI CONG.HDPE ROLATE 300*200 150BUC/ROLA}",0.000127423601769145,0.107730263157895,0.00118280228817772,81.7975837916893,131
"{CIOCOLATA MILKA BUBBLY WHITE 95G} => {_BANANE}",0.000138123293520753,0.115823817292007,0.00119252928067918,1.68811608619506,142
"{_GOGOSARI} => {_MORCOVI}",0.00013131439876973,0.100371747211896,0.00130828049144657,2.28708898977996,135
"{_GOGOSARI} => {_BANANE}",0.000163413474024553,0.124907063197026,0.00130828049144657,1.82050313650675,168
"{NESCAFE 3IN1 MILD 15G} => {CAFEA INSTANT FORTUNA 3IN1 CLASSIC 15.2G}",0.000162440774774407,0.103598014888337,0.00156799119123559,38.0241700721915,167
"{NESCAFE 3IN1 MILD 15G} => {CAFEA JACOBS 3IN1 CLASSIC 15.2G}",0.000159522677023968,0.101736972704715,0.00156799119123559,23.0430544872478,164
"{ELAN TURTA DULCE 200G} => {ELAN LINZER CU NUCA 200G}",0.000154659180773238,0.114553314121037,0.00135010655920285,59.4790313073094,159
"{ELAN TURTA DULCE 200G} => {_BANANE}",0.000139095992770899,0.103025936599424,0.00135010655920285,1.50158874862781,143
"{DETERGENT VASE PUR BALSAM ALOE VERA 450ML} => {_BANANE}",0.000132287098019876,0.107936507936508,0.00122560105518415,1.57315964536005,136
"{DR.OETKER AMONIU PENTRU PRAJITURI 7G} => {DR.OETKER PRAF DE COPT 10G}",0.00030056406829516,0.266149870801034,0.00112930382941968,44.5780220307602,309
"{DR.OETKER AMONIU PENTRU PRAJITURI 7G} => {GRASIME VEGETALA TARTINABILA CU 70% GRASIME RAMA 250G}",0.000136177895020461,0.120585701981051,0.00112930382941968,14.1712598169356,140
"{DR.OETKER AMONIU PENTRU PRAJITURI 7G} => {DR.OETKER ZAHAR VANILINAT 8G}",0.000285000880292821,0.252368647717485,0.00112930382941968,32.23805648024,293
"{HARTIE IGIENICA ZEWA DELUXE MUSETEL 8ROLE} => {_BANANE}",0.000154659180773238,0.123735408560311,0.0012499185364378,1.80342643254425,159
"{BISCUITI CU MIERE MAIA 120G} => {_BANANE}",0.000184812857527768,0.143721633888048,0.00128590840869321,2.09472289700986,190
"{BISCUITI CU UNT LEIBNIZ 100G} => {_BANANE}",0.000188703654528353,0.148091603053435,0.00127423601769145,2.15841459200612,194
"{AMESTEC LEGUME MIXT BORS ROMANESC CONG.AGROSPRINT 400G} => {_BANANE}",0.000145904887521922,0.106837606837607,0.00136566974720519,1.55714331412901,150
"{ELAN PIPER NEGRU BOABE 50G} => {_MORCOVI}",0.000132287098019876,0.105836575875486,0.0012499185364378,2.41161157521574,136
"{_ROSII CIORCHINE} => {_CASTRAVETI CORNISON}",0.00019940334627996,0.133116883116883,0.00149795684522507,13.700377883204,205
"{_ROSII CIORCHINE} => {_ARDEI GRAS ROMANIA}",0.000249011008037414,0.166233766233766,0.00149795684522507,16.5600241618846,256
"{_ROSII CIORCHINE} => {_BANANE}",0.000197457947779668,0.131818181818182,0.00149795684522507,1.92123173266899,203
"{KNORR DELIKAT CU GUST DE LEGUME 200G} => {_MORCOVI}",0.000117696609267684,0.108325872873769,0.00108650506241325,2.46833315190649,121
"{KNORR DELIKAT CU GUST DE LEGUME 200G} => {_BANANE}",0.000119642007767976,0.110116383169203,0.00108650506241325,1.60493102479001,123
"{CORVIN REJTVENYMAGAZIN} => {SKANDI CORVIN}",0.000236365917785514,0.147272727272727,0.00160495376274114,88.438218988955,243
"{SKANDI CORVIN} => {CORVIN REJTVENYMAGAZIN}",0.000236365917785514,0.141939252336449,0.00166526111625021,88.438218988955,243
"{CORVIN REJTVENYMAGAZIN} => {_BANANE}",0.000164386173274699,0.102424242424242,0.00160495376274114,1.49281913940717,169
"{ZIAR HARGITA NEPE} => {SZEKELYHON}",0.000840412152126272,0.360300250208507,0.00233253280185046,50.1303014387751,864
"{SZEKELYHON} => {ZIAR HARGITA NEPE}",0.000840412152126272,0.116930572472594,0.00718727475932989,50.1303014387751,864
"{DR.OETKER GELATINA FIN MARUNTITA ALBA 10G} => {DR.OETKER PRAF DE COPT 10G}",0.000152713782272945,0.120676402767102,0.00126548172444014,20.2123537575051,157
"{DR.OETKER GELATINA FIN MARUNTITA ALBA 10G} => {DR.OETKER ZAHAR VANILINAT 8G}",0.000154659180773238,0.122213681783244,0.00126548172444014,15.6118107840276,159
"{DANONE DANETTE CREMA DE CIOCOLATA 125G} => {DANONE DANETTE CREMA CU VANILIE 125G}",0.000376434609806559,0.326306913996627,0.00115362131067333,251.096833945936,387
"{DANONE DANETTE CREMA CU VANILIE 125G} => {DANONE DANETTE CREMA DE CIOCOLATA 125G}",0.000376434609806559,0.289670658682635,0.00129952619819525,251.096833945936,387
"{DANONE DANETTE CREMA DE CIOCOLATA 125G} => {_BANANE}",0.000145904887521922,0.126475548060708,0.00115362131067333,1.84336358603468,150
"{DANONE ACTIVIA MUSLI 125G} => {DANONE ACTIVIA FIBRE MUSLI CAPSUNI 125G}",0.000159522677023968,0.107823800131492,0.00147947555947229,68.765564968848,164
"{DANONE ACTIVIA FIBRE MUSLI CAPSUNI 125G} => {DANONE ACTIVIA MUSLI 125G}",0.000159522677023968,0.101736972704715,0.00156799119123559,68.765564968848,164
"{DANONE ACTIVIA MUSLI 125G} => {_BANANE}",0.000347253632302175,0.234714003944773,0.00147947555947229,3.4209240808865,357
"{_CARTOFI NOI} => {_MORCOVI}",0.000204266842530691,0.123239436619718,0.00165747952224904,2.80815634308533,210
"{PARIZER CU PIEPT PUI FOX 500G} => {_BANANE}",0.000104078819765638,0.100281162136832,0.00103787009990594,1.4615840412057,107
"{GIANA PASTA DE TOMATE 70G} => {_MORCOVI}",0.000137150594270607,0.108796296296296,0.00126061822818941,2.47905230605179,141
"{GIANA PASTA DE TOMATE 70G} => {_BANANE}",0.000134232496520168,0.106481481481481,0.00126061822818941,1.55195283641525,138
"{PASTA DE DINTI COLGATE TRIPLE ACTION 100ML} => {_BANANE}",0.000142986789771484,0.105225483178239,0.00135886085245417,1.53364683520142,147
"{CONSERVA HERING IN SOS TOMAT CLASSIC 170G} => {_BANANE}",0.000125478203268853,0.108403361344538,0.00115751210767392,1.57996396908566,129
"{MUSCHI AZUGA VRAC FOX} => {_BANANE}",0.00016924966952543,0.119259766963674,0.00141916820596323,1.73819457650656,174
"{ELAN CASTRAVETI IN OTET 870G} => {_MORCOVI}",0.000208157639531276,0.140235910878113,0.00148433905572302,3.19544111416128,214
"{KNORR DELIKAT LEGUME GUSTUL DE ACASA 75G} => {_MORCOVI}",0.00018675825602806,0.154713940370669,0.00120711976943137,3.52534014218388,192
"{KNORR DELIKAT LEGUME GUSTUL DE ACASA 75G} => {_BANANE}",0.000142986789771484,0.118452860596293,0.00120711976943137,1.72643402802287,147
"{CIOCOLATA MILKA DESERT 100G} => {_BANANE}",0.000153686481523091,0.108145106091718,0.00142111360446352,1.57619993456476,158
"{OREZ CU LAPTE CU CAPSUNI MULLER RISO 200G} => {OREZ CU LAPTE CU VISINE MULLER RISO 200G}",0.000349199030802467,0.266518188567186,0.00131022588994686,174.077861858768,359
"{OREZ CU LAPTE CU VISINE MULLER RISO 200G} => {OREZ CU LAPTE CU CAPSUNI MULLER RISO 200G}",0.000349199030802467,0.228081321473952,0.00153102861973004,174.077861858768,359
"{OREZ CU LAPTE CU CAPSUNI MULLER RISO 200G} => {OREZ CU LAPTE CU CIOCOLATA MULLER RISO 200G}",0.00030056406829516,0.229398663697105,0.00131022588994686,108.480770925065,309
"{OREZ CU LAPTE CU CIOCOLATA MULLER RISO 200G} => {OREZ CU LAPTE CU CAPSUNI MULLER RISO 200G}",0.00030056406829516,0.142134314627415,0.00211464816981773,108.480770925065,309
"{OREZ CU LAPTE CU CAPSUNI MULLER RISO 200G} => {_BANANE}",0.000162440774774407,0.123979213066073,0.00131022588994686,1.80697984942935,167
"{_VARZA PROASPATA} => {_MORCOVI}",0.000257765301288729,0.152123995407577,0.00169444209375459,3.46632518255867,265
"{_VARZA PROASPATA} => {_BANANE}",0.000211075737281714,0.124569460390356,0.00169444209375459,1.81558262238445,217
"{CARNATI TARANESC HAJDU} => {CARNE TOCATA PORC VRAC}",0.000251929105787852,0.161169881767268,0.00156312769498486,5.37581717081403,259
"{SARE DE LAMAIE ECOM 100G} => {ELAN BICARBONAT DE SODIU 150G}",0.000149795684522507,0.113737075332349,0.00131703478469788,61.3480240428655,154
"{SARE DE LAMAIE ECOM 100G} => {BICARBONAT DE SODIU ECOM 150G}",0.000175085865026307,0.132939438700148,0.00131703478469788,57.7644336120646,180
"{MAGGI CUB GAINA 60G} => {_MORCOVI}",0.000162440774774407,0.138245033112583,0.00117502069417655,3.150076609268,167
"{MAGGI CUB GAINA 60G} => {_BANANE}",0.000127423601769145,0.108443708609272,0.00117502069417655,1.58055202487784,131
"{PASTE MELCISORI STRIATI FRUMOASA 200G} => {_MORCOVI}",0.000146877586772068,0.110947832476121,0.00132384367944891,2.52807760295731,151
"{DANONE ACTIVIA CAPSUNI CU FULGI DE CEREALE 168G} => {_BANANE}",0.000226638925284053,0.151594014313598,0.00149503874747463,2.20946175075971,233
"{CREMINOS CU UNT LACTO FOOD 83% 200G} => {CREMINOS CU UNT LACTO FOOD 60% 200G}",0.000176058564276453,0.122049898853675,0.00144251298796674,24.564501441817,181
"{CREMINOS CU UNT LACTO FOOD 83% 200G} => {_BANANE}",0.000150768383772653,0.104517869184086,0.00144251298796674,1.52333345929762,155
"{ELAN CONSERVA MAZARE VERDE BOABE 420G} => {_MORCOVI}",0.000216911932782591,0.153159340659341,0.00141625010821279,3.4899167488281,223
"{MOGYI PORUMB PT.POPCORN MICRO CU SARE 100G} => {_BANANE}",0.000196485248529522,0.14962962962963,0.0013131439876973,2.18083111621482,202
"{PASTA DE TON PICANT HAME 100G} => {PASTA DE TON HAME 100G}",0.000259710699789022,0.18477508650519,0.00140555041646118,85.4910750936685,267
"{PASTA DE TON HAME 100G} => {PASTA DE TON PICANT HAME 100G}",0.000259710699789022,0.12016201620162,0.00216133773382474,85.4910750936685,267
"{CAFEA INSTANT FORTUNA 3IN1 STRONG 17G} => {CAFEA INSTANT FORTUNA 3IN1 CLASSIC 15.2G}",0.00041923337681299,0.208716707021792,0.0020086239515518,76.606482983853,431
"{CAFEA INSTANT FORTUNA 3IN1 CLASSIC 15.2G} => {CAFEA INSTANT FORTUNA 3IN1 STRONG 17G}",0.00041923337681299,0.153873616565512,0.00272453059965936,76.6064829838531,431
"{_PATRUNJEL FRUNZE LEGATURA} => {_TELINA}",0.000153686481523091,0.106469002695418,0.00144348568721688,7.20540242209664,158
"{_PATRUNJEL FRUNZE LEGATURA} => {_PATRUNJEL RADACINA KG}",0.000227611624534199,0.157681940700809,0.00144348568721688,7.81731203792536,234
"{_PATRUNJEL FRUNZE LEGATURA} => {_MORCOVI}",0.000315154557047352,0.21832884097035,0.00144348568721688,4.97488090229765,324
"{_PATRUNJEL FRUNZE LEGATURA} => {_BANANE}",0.000191621752278791,0.132749326145553,0.00144348568721688,1.93480303220267,197
"{BERE TILTOTT CSIKI VADMALNA CU VITAMINE STICLA 500ML} => {BERE TILTOTT IGAZI SOR 6% 500ML}",0.000273328489291068,0.156197887715397,0.00174988595101292,62.9732916980022,281
"{BERE TILTOTT IGAZI SOR 6% 500ML} => {BERE TILTOTT CSIKI VADMALNA CU VITAMINE STICLA 500ML}",0.000273328489291068,0.110196078431373,0.00248038308787268,62.9732916980022,281
"{BERE TILTOTT CSIKI VADMALNA CU VITAMINE STICLA 500ML} => {STICLA BERE 500ML CSIKI}",0.000963944956894833,0.550861589772096,0.00174988595101292,193.218226548014,991
"{STICLA BERE 500ML CSIKI} => {BERE TILTOTT CSIKI VADMALNA CU VITAMINE STICLA 500ML}",0.000963944956894833,0.338109860116001,0.00285098150217836,193.218226548014,991
"{CHIO POPCORN MICROUNDE CASCAVAL 80G} => {CHIO POPCORN MICROUNDE UNT 80G}",0.000319045354047937,0.25114854517611,0.00127034522069087,160.670523580316,328
"{CHIO POPCORN MICROUNDE UNT 80G} => {CHIO POPCORN MICROUNDE CASCAVAL 80G}",0.000319045354047937,0.204107031736154,0.00156312769498486,160.670523580316,328
"{CHIO POPCORN MICROUNDE CASCAVAL 80G} => {CHIO POPCORN MICROUNDE SARE 80G}",0.00031807265479779,0.250382848392037,0.00127034522069087,108.292109296532,327
"{CHIO POPCORN MICROUNDE SARE 80G} => {CHIO POPCORN MICROUNDE CASCAVAL 80G}",0.00031807265479779,0.137568363483382,0.00231210611759739,108.292109296532,327
"{PIEPT PORC FASONAT CU OS} => {PULPE PORC FARA OS}",0.00020718494028113,0.131644004944376,0.00157382738673647,11.38928361787,213
"{PIEPT PORC FASONAT CU OS} => {COTLET PORC FARA OS}",0.000161468075524261,0.102595797280593,0.00157382738673647,9.02501527533736,166
"{PIEPT PORC FASONAT CU OS} => {CARNE TOCATA PORC VRAC}",0.000409506384311528,0.260197775030902,0.00157382738673647,8.67888994817645,421
"{BISCUITI CU CACAO GYORI EDES 180G} => {BISCUITI EREDETI GYORI EDES 180G}",0.000214966534282299,0.145394736842105,0.00147850286022214,73.8150769980507,221
"{BISCUITI EREDETI GYORI EDES 180G} => {BISCUITI CU CACAO GYORI EDES 180G}",0.000214966534282299,0.109135802469136,0.00196971598154595,73.8150769980507,221
"{BISCUITI CU CACAO GYORI EDES 180G} => {_BANANE}",0.000151741083022799,0.102631578947368,0.00147850286022215,1.49584104049909,156
"{BATON CIOCOLATA CU LAPTE UMPL.DE CR.DE ZAHAR ARS ROSHEN 43G} => {BATON CIOCOLATA CU UMPL.CU GUST DE CIOC.FONDANT ROSHEN 43G}",0.000435769264065474,0.283723875870804,0.00153589211598077,182.646934185892,448
"{BATON CIOCOLATA CU UMPL.CU GUST DE CIOC.FONDANT ROSHEN 43G} => {BATON CIOCOLATA CU LAPTE UMPL.DE CR.DE ZAHAR ARS ROSHEN 43G}",0.000435769264065474,0.28052598622417,0.0015534007024834,182.646934185892,448
"{BATON CIOCOLATA CU LAPTE UMPL.DE CR.DE ZAHAR ARS ROSHEN 43G} => {BATON CIOCOLATA LAPTE UMPL.DE CREMA CARAMEL ROSHEN 40G}",0.00047467723407132,0.30905636478784,0.00153589211598077,199.204169140026,488
"{BATON CIOCOLATA LAPTE UMPL.DE CREMA CARAMEL ROSHEN 40G} => {BATON CIOCOLATA CU LAPTE UMPL.DE CR.DE ZAHAR ARS ROSHEN 43G}",0.00047467723407132,0.305956112852665,0.00155145530398311,199.204169140026,488
"{BATON CIOCOLATA CU LAPTE UMPL.DE CR.DE ZAHAR ARS ROSHEN 43G} => {_BANANE}",0.000159522677023968,0.103863204559848,0.00153589211598077,1.51379181312261,164
"{_SFECLA ROSIE} => {_PATRUNJEL RADACINA KG}",0.000178976662026891,0.103487064116985,0.00172945926675985,5.13052204010015,184
"{_SFECLA ROSIE} => {_MORCOVI}",0.000402697489560505,0.232845894263217,0.00172945926675985,5.30566913377151,414
"{_SFECLA ROSIE} => {_BANANE}",0.000256792602038583,0.148481439820022,0.00172945926675985,2.16409640885565,264
"{CIOCOLATA MILKA CAPSUNI&IAURT 100G} => {_BANANE}",0.000154659180773238,0.108236895847515,0.00142889519846469,1.5775377575353,159
"{BATON CIOCOLATA CU UMPL.CU GUST DE CIOC.FONDANT ROSHEN 43G} => {BATON CIOCOLATA LAPTE UMPL.DE CREMA CARAMEL ROSHEN 40G}",0.000427014970814159,0.274890419536631,0.0015534007024834,177.182300276969,439
"{BATON CIOCOLATA LAPTE UMPL.DE CREMA CARAMEL ROSHEN 40G} => {BATON CIOCOLATA CU UMPL.CU GUST DE CIOC.FONDANT ROSHEN 43G}",0.000427014970814159,0.275235109717868,0.00155145530398311,177.182300276969,439
"{BATON CIOCOLATA CU UMPL.CU GUST DE CIOC.FONDANT ROSHEN 43G} => {_BANANE}",0.000173140466526014,0.111458985597996,0.0015534007024834,1.62449926913216,178
"{CAFEA PRAJITA SI MACINATA FORTUNA RENDEZ-VOUS 500G} => {_BANANE}",0.000152713782272945,0.10096463022508,0.00151254733397726,1.47154549387708,157
"{SOS MAIONEZ UNIVER 420G} => {KETCHUP DULCE UNIVER 470G}",0.000126450902518999,0.100541376643465,0.00125770013043897,40.4552921572278,130
"{BATON CIOCOLATA LAPTE UMPL.DE CREMA CARAMEL ROSHEN 40G} => {_BANANE}",0.000167304271025137,0.107836990595611,0.00155145530398311,1.57170919390757,172
"{GOBE GRIS 500G} => {GOBE PESMET 400G}",0.000185785556777914,0.125906394199077,0.00147558476247171,37.0252313973291,191
"{LAPTE 3.5% COVALACT CUTIE 1L} => {_BANANE}",0.000180922060527184,0.114040465971796,0.00158647247698837,1.66212398783939,186
"{DETERGENT VASE FAIRY LEMON 400ML} => {_BANANE}",0.000147850286022215,0.103825136612022,0.00142403170221396,1.51323697805849,152
"{BISCUITI PETIT BEURRE ROSTAR 100G} => {_BANANE}",0.000206212241030983,0.127942063971032,0.00161176265749217,1.86473785219824,212
"{NAPOLITANE CU CREMA DE LAPTE ROSHEN 72G} => {NAPOLITANE CU CREMA DE CIOCOLATA ROSHEN 72G}",0.000259710699789022,0.163103237629811,0.00159230867248924,101.134533293345,267
"{NAPOLITANE CU CREMA DE CIOCOLATA ROSHEN 72G} => {NAPOLITANE CU CREMA DE LAPTE ROSHEN 72G}",0.000259710699789022,0.161037394451146,0.00161273535674231,101.134533293345,267
"{COZONAC IMPLETIT CU CACAO HARMOPAN 200G} => {_BANANE}",0.000211075737281714,0.100046104195482,0.002109784673567,1.45815810428479,217
"{HARTIE IGIENICA PERFEX COTTON LIKE 10ROLE 3STRAT 200FOI/ROLA} => {_BANANE}",0.000174113165776161,0.102227298686465,0.00170319638700591,1.48994871172148,179
"{NAPOLITANE CU CREMA DE CIOCOLATA ROSHEN 72G} => {_BANANE}",0.000206212241030983,0.127864897466827,0.00161273535674231,1.86361316109317,212
"{LEGUME MIXT CONGELAT HAJDU 600G} => {_MORCOVI}",0.000166331571774991,0.103636363636364,0.00160495376274114,2.36147713672028,171
"{DR.OETKER BUDINCA CIOCOLATA 50G} => {DR.OETKER BUDINCA VANILIE 40G}",0.000502885512325559,0.401086113266098,0.00125380933343838,74.1224873642167,517
"{DR.OETKER BUDINCA CIOCOLATA 50G} => {_BANANE}",0.000133259797270022,0.106283941039566,0.00125380933343839,1.54907371184943,137
"{PAINE NEAGRA CU TARATA DE GRAU FEL.HARMOPAN 800G} => {_BANANE}",0.000219830030533029,0.110190151145783,0.00199500616204975,1.60600618282591,226
"{COZONAC IMPLETIT DULCE HARMOPAN 200G} => {_BANANE}",0.000244147511786683,0.106131078224101,0.00230043372659564,1.54684575749773,251
"{DANONE DANETTE CREMA CU VANILIE 125G} => {LAPTE DE CONSUM 3.5% GRASIME FRISS CUTIE 1L}",0.000140068692021045,0.107784431137725,0.00129952619819525,4.12591193232554,144
"{DANONE DANETTE CREMA CU VANILIE 125G} => {_BANANE}",0.000149795684522507,0.115269461077844,0.00129952619819525,1.6800364211962,154
"{CIOCOLATA MILKA LAPTE 100G} => {_BANANE}",0.000175085865026307,0.106761565836299,0.00163997093574641,1.55603502707269,180
"{BISCUITI CU SEMINTE KORPOVIT 174G} => {BISCUITI CU CEREALE INTEGRALE KORPOVIT 174G}",0.000255819902788437,0.143794423182067,0.0017790669285173,73.8413093194394,263
"{BISCUITI CU CEREALE INTEGRALE KORPOVIT 174G} => {BISCUITI CU SEMINTE KORPOVIT 174G}",0.000255819902788437,0.131368631368631,0.00194734389879259,73.8413093194394,263
"{BISCUITI CU SEMINTE KORPOVIT 174G} => {_BANANE}",0.00021204843653186,0.119190814652816,0.0017790669285173,1.7371896061312,218
"{BERE TILTOTT IGAZI SOR 6% 500ML} => {STICLA BERE 500ML CSIKI}",0.000926009686139133,0.373333333333333,0.00248038308787268,130.949054930058,952
"{STICLA BERE 500ML CSIKI} => {BERE TILTOTT IGAZI SOR 6% 500ML}",0.000926009686139133,0.324803821221426,0.00285098150217836,130.949054930058,952
"{HARTIE IGIENICA SOFFTY ECONOMAX 50M} => {_BANANE}",0.000158549977773822,0.101116625310174,0.00156799119123559,1.47376080117888,163
"{OREZ CU LAPTE CU VISINE MULLER RISO 200G} => {OREZ CU LAPTE CU CIOCOLATA MULLER RISO 200G}",0.000347253632302175,0.226810673443456,0.00153102861973004,107.256931285646,357
"{OREZ CU LAPTE CU CIOCOLATA MULLER RISO 200G} => {OREZ CU LAPTE CU VISINE MULLER RISO 200G}",0.000347253632302175,0.164213431462741,0.00211464816981773,107.256931285646,357
"{OREZ CU LAPTE CU VISINE MULLER RISO 200G} => {_BANANE}",0.000189676353778499,0.123888182973316,0.00153102861973004,1.80565309844236,195
"{PASTA TOMATE REGAL 540G} => {_MORCOVI}",0.000165358872524845,0.107458912768647,0.00153881021373121,2.44857844038576,170
"{BATON LAPTE END-IBO 40G} => {_BANANE}",0.000206212241030983,0.115468409586057,0.00178587582326833,1.68293606813316,212
"{BATON CIOCOLATA SPORT XL 42G} => {BATON CIOCOLATA SPORT XXL 51G}",0.000214966534282299,0.12549687677456,0.00171292337950737,57.3418656066629,221
"{PAINE NEAGRA CU FAINA DE SECARA FEL.HARMOPAN 500G} => {_BANANE}",0.000252901805037998,0.116959064327485,0.00216231043307489,1.70466215441492,260
"{PASTE FIDEA CU 4 OUA TETOVARI BALOGH 250G} => {_MORCOVI}",0.000183840158277622,0.105409927495817,0.00174404975551204,2.40188988720338,189
"{CIOCOLATA MILKA CU BISCUITI OREO 100G} => {_BANANE}",0.000193567150779083,0.114105504587156,0.00169638749225488,1.66307191664522,199
"{DR.OETKER DROJDIE USCATA 7G} => {DR.OETKER PRAF DE COPT 10G}",0.000265546895289898,0.188275862068966,0.00141041391271191,31.5347345535443,273
"{DR.OETKER DROJDIE USCATA 7G} => {DR.OETKER ZAHAR VANILINAT 8G}",0.000285973579542968,0.202758620689655,0.00141041391271191,25.9007762048399,294
"{_POMELO^2 A nu se consuma coaja} => {_BANANE}",0.000347253632302175,0.189691817215728,0.00183061998877505,2.76473194847416,357
"{CREMA DE UNT MAGYAROS MIZO 200G} => {CREMA DE UNT NATUR MIZO 200G}",0.000153686481523091,0.101023017902813,0.00152130162722858,40.9859632779367,158
"{DANONE ACTIVIA FIBRE MUSLI CAPSUNI 125G} => {DANONE ACTIVIA MUSLI PIERSICI 125G}",0.000590428444838712,0.376550868486352,0.00156799119123559,197.913865906012,607
"{DANONE ACTIVIA MUSLI PIERSICI 125G} => {DANONE ACTIVIA FIBRE MUSLI CAPSUNI 125G}",0.000590428444838712,0.310327198364008,0.00190259973328587,197.913865906012,607
"{DANONE ACTIVIA FIBRE MUSLI CAPSUNI 125G} => {_BANANE}",0.00019453985002923,0.124069478908189,0.00156799119123559,1.80829546156917,200
"{IAURT 2.8% FRISS 125G} => {LAPTE DE CONSUM 1.5% GRASIME FRISS CUTIE 1L}",0.000205239541780837,0.106404437720625,0.00192886261303981,4.12982826465305,211
"{IAURT 2.8% FRISS 125G} => {_BANANE}",0.000321963451798375,0.166918809884014,0.00192886261303981,2.43281852249215,331
"{GOBE NAPOLITANE CU CREMA MIXTA 120G} => {GOBE NAPOLITANE CU CREMA DE CACAO 120G}",0.000201348744780253,0.115642458100559,0.0017411316577616,59.3550648887005,207
"{GOBE NAPOLITANE CU CREMA DE CACAO 120G} => {GOBE NAPOLITANE CU CREMA MIXTA 120G}",0.000201348744780253,0.103344982526211,0.00194831659804273,59.3550648887005,207
"{GOBE NAPOLITANE CU CREMA MIXTA 120G} => {GOBE NAPOLITANE CU CREMA DE LAMAIE 120G}",0.000337526639800713,0.193854748603352,0.00174113165776161,60.0469026310341,347
"{GOBE NAPOLITANE CU CREMA DE LAMAIE 120G} => {GOBE NAPOLITANE CU CREMA MIXTA 120G}",0.000337526639800713,0.104549563121422,0.00322838881123507,60.0469026310341,347
"{GOBE NAPOLITANE CU CREMA MIXTA 120G} => {_BANANE}",0.000255819902788437,0.146927374301676,0.00174113165776161,2.14144611928777,263
"{BREF PB WC POWER AKTIV 4IN1 PINE FRESHNESS 50G} => {_BANANE}",0.00015660457927353,0.101003764115433,0.00155048260473296,1.4721158649058,161
"{BRANZA TOPITA FELII CU SMANTANA HOCHLAND 280G} => {_BANANE}",0.000145904887521922,0.105559465165376,0.00138220563445768,1.53851457638081,150
"{COJI  ECLERE MARIEN 200G} => {DR.OETKER BUDINCA VANILIE 40G}",0.000233447820035076,0.11090573012939,0.00210492117731626,20.4958693613035,240
"{SUNCA PRESATA DIN PIEPT PUI FOX} => {_BANANE}",0.000200376045530107,0.1105743424584,0.00181213870302227,1.61160571796618,206
"{BREF PB WC POWER AKTIV 4IN1 LEMON 50G} => {_BANANE}",0.000155631880023384,0.10223642172524,0.00152227432647872,1.49008167874735,160
"{ESENTA DE ROM ADAZIA 25ML} => {DR.OETKER PRAF DE COPT 10G}",0.000214966534282299,0.145490454246215,0.001477530160972,24.368513330978,221
"{ESENTA DE ROM ADAZIA 25ML} => {DR.OETKER ZAHAR VANILINAT 8G}",0.000233447820035076,0.157998683344305,0.001477530160972,20.1830557144297,240
"{PARIZER TARANESC FOX} => {_BANANE}",0.000189676353778499,0.105519480519481,0.00179754821427008,1.53793180570794,195
"{ELAN COMPOT DE PIERSICI DEPELATE JUMATATI 700G} => {_BANANE}",0.000302509466795452,0.164116094986807,0.00184326507902695,2.3919693412649,311
"{CHIO POPCORN MICROUNDE UNT 80G} => {CHIO POPCORN MICROUNDE SARE 80G}",0.000396861294059628,0.253889234598631,0.00156312769498486,109.808642720282,408
"{CHIO POPCORN MICROUNDE SARE 80G} => {CHIO POPCORN MICROUNDE UNT 80G}",0.000396861294059628,0.171644930584771,0.00231210611759739,109.808642720282,408
"{CHIO POPCORN MICROUNDE UNT 80G} => {_BANANE}",0.000168276970275284,0.107654013690106,0.00156312769498486,1.56904233086672,173
"{CREMA GULAS DULCE UNIVER 70G RO} => {_MORCOVI}",0.000159522677023968,0.100305810397554,0.00159036327398895,2.28558654146863,164
"{7DAYS CROISSANT CACAO 65G} => {_BANANE}",0.000223720827533614,0.102086107412339,0.00219149141057927,1.48789086846735,230
"{BATON CIOCOLATA SPORT 31G} => {_BANANE}",0.000213021135782006,0.1095,0.0019453985002923,1.5959473255171,219
"{BISCUITI CU CEREALE INTEGRALE KORPOVIT 174G} => {BISCUITI KORPOVIT 174G}",0.000195512549279376,0.1003996003996,0.00194734389879259,45.8744515484516,201
"{BISCUITI CU CEREALE INTEGRALE KORPOVIT 174G} => {_BANANE}",0.000226638925284053,0.116383616383616,0.00194734389879259,1.69627508037846,233
"{COMPLETA LAPTE CONDENSAT UHT 10*10G} => {_BANANE}",0.000188703654528353,0.100206611570248,0.00188314574828294,1.46049747702894,194
"{BONDUELLE MAZARE VERDE BOABE 200G} => {BONDUELLE GOLD PORUMB BOABE 170G}",0.000348226331552321,0.193200215866163,0.00180241171052081,104.263919330645,358
"{BONDUELLE GOLD PORUMB BOABE 170G} => {BONDUELLE MAZARE VERDE BOABE 200G}",0.000348226331552321,0.187926509186352,0.00185299207152841,104.263919330645,358
"{BONDUELLE MAZARE VERDE BOABE 200G} => {_PATRUNJEL RADACINA KG}",0.000200376045530107,0.111171073934161,0.00180241171052081,5.5114680265357,206
"{BONDUELLE MAZARE VERDE BOABE 200G} => {_MORCOVI}",0.00028791897804326,0.159740960604425,0.00180241171052081,3.6398867446631,296
"{DANONE IAURT DELICIOS VISINE 125G} => {DANONE IAURT DELICIOS CAPSUNI 125G}",0.000278191985541798,0.183450930083387,0.00151643813097784,92.6780576599691,286
"{DANONE IAURT DELICIOS CAPSUNI 125G} => {DANONE IAURT DELICIOS VISINE 125G}",0.000278191985541798,0.140540540540541,0.00197944297404741,92.6780576599692,286
"{DANONE IAURT DELICIOS VISINE 125G} => {DANONE IAURT DELICIOS FRUCTE DE PADURE 125G}",0.000372543812805975,0.245670301475305,0.00151643813097784,118.186958271789,383
"{DANONE IAURT DELICIOS FRUCTE DE PADURE 125G} => {DANONE IAURT DELICIOS VISINE 125G}",0.000372543812805975,0.179223210107628,0.00207865829756232,118.186958271789,383
"{DANONE IAURT DELICIOS VISINE 125G} => {DANONE IAURT DELICIOS CAISE 125G}",0.000388107000808313,0.255933290570879,0.00151643813097784,123.470938637884,399
"{DANONE IAURT DELICIOS CAISE 125G} => {DANONE IAURT DELICIOS VISINE 125G}",0.000388107000808313,0.187236039418114,0.00207282210206144,123.470938637884,399
"{DANONE IAURT DELICIOS VISINE 125G} => {DANONE IAURT DELICIOS BISCUITI 125G}",0.000152713782272945,0.100705580500321,0.00151643813097784,24.1502412008918,157
"{DANONE IAURT DELICIOS VISINE 125G} => {_BANANE}",0.000215939233532445,0.14239897370109,0.00151643813097784,2.07544530807887,222
"{FRANZELA GRAHAM FELIATA HARMOPAN 400G} => {FRANZELA ALBA PT.GUSTARI FELIATA HARMOPAN 500G}",0.000306400263796037,0.112099644128114,0.00273328489291068,14.4581539129165,315
"{GOBE NAPOLITANE CU CREMA DE CACAO 120G} => {GOBE NAPOLITANE CU CREMA DE LAMAIE 120G}",0.000320990752548229,0.164752870693959,0.00194831659804273,51.032536762798,330
"{GOBE NAPOLITANE CU CREMA DE CACAO 120G} => {_BANANE}",0.000246092910286975,0.126310534198702,0.00194831659804273,1.84095853186352,253
"{BRANZA TOPITA MEDVE CU SUNCA 140G} => {BRANZA TOPITA MEDVE CU SMANTANA 140G}",0.000168276970275284,0.10785536159601,0.00156020959723442,54.3275541547894,173
"{BRANZA TOPITA MEDVE CU SUNCA 140G} => {_BANANE}",0.00015660457927353,0.100374064837905,0.00156020959723442,1.46293808519941,161
"{SALAM BANATEAN GASTRO FOX} => {_BANANE}",0.000197457947779668,0.111050328227571,0.00177809422926716,1.61854314458985,203
"{MASLINE NEGRE GIANTS 141/160 ELITA} => {_BANANE}",0.000197457947779668,0.111293859649123,0.00177420343226657,1.62209258131044,203
"{MASLINE NEGRE SUPER MAMOUTH 71-90 ELITA} => {_BANANE}",0.000188703654528353,0.101464435146444,0.00185980096627943,1.47883008134311,194
"{PREPARAT CU GRASIMI VEGETALE SUB FORMA DE SPRAY MEGGLE UHT 250G} => {_BANANE}",0.000231502421534783,0.113549618320611,0.00203877762830633,1.6549699513449,238
"{SOS CU PASTA DE TOMATE REGAL 380G} => {_MORCOVI}",0.000176058564276453,0.101287073307219,0.00173821356001117,2.30794577759946,181
"{BISCUITI EREDETI GYORI EDES 180G} => {_BANANE}",0.000202321444030399,0.102716049382716,0.00196971598154595,1.49707218538839,208
"{BRANZA FAGARAS FRISS 185G} => {SMANTANA 20% GRASIME FRISS 300G}",0.000315154557047352,0.152614225153085,0.00206504050806027,4.97519180017938,324
"{BISCUITI KORPOVIT 174G} => {_BANANE}",0.000229557023034491,0.104888888888889,0.00218857331282883,1.5287410200793,236
"{PATE DE PORC INTEGRAL SIBIU 120G} => {_BANANE}",0.000191621752278791,0.112314709236032,0.00170611448475634,1.63697132257056,197
"{CAFEA JACOBS 3IN1 INTENSE 17.5G} => {CAFEA JACOBS 3IN1 CLASSIC 15.2G}",0.000277219286291652,0.136298421807747,0.0020339141320556,30.8710970726207,285
"{CAFEA JACOBS 3IN1 INTENSE 17.5G} => {_BANANE}",0.000223720827533614,0.109995217599235,0.0020339141320556,1.60316505339882,230
"{KINDER PINGUI 30G} => {KINDER BATON LAPTE 28G}",0.000248038308787268,0.124390243902439,0.0019940334627996,40.0756831332024,255
"{KINDER PINGUI 30G} => {_BANANE}",0.000251929105787852,0.126341463414634,0.0019940334627996,1.84140932089957,259
"{DANONE ACTIVIA MUSLI PIERSICI 125G} => {_BANANE}",0.000278191985541798,0.146216768916155,0.00190259973328587,2.13108914426932,286
"{ELAN PIPER MACINAT 50G} => {CARNE TOCATA PORC VRAC}",0.000179949361277037,0.101092896174863,0.00178003962776745,3.37195089519834,185
"{_CEAPA VERDE LEGATURA} => {_RIDICHI ROSU LEGATURA}",0.000546656978582135,0.267364414843007,0.0020446138238072,80.5121651653208,562
"{_RIDICHI ROSU LEGATURA} => {_CEAPA VERDE LEGATURA}",0.000546656978582135,0.164616285881664,0.00332079523999895,80.5121651653208,562
"{_CEAPA VERDE LEGATURA} => {_CASTRAVETI FABIO}",0.000226638925284053,0.110846812559467,0.0020446138238072,14.3686735654487,233
"{_CEAPA VERDE LEGATURA} => {_ROSII VRAC}",0.000247065609537122,0.120837297811608,0.0020446138238072,5.9405527089368,254
"{_CEAPA VERDE LEGATURA} => {_MORCOVI}",0.000220802729783176,0.107992388201713,0.0020446138238072,2.46073430917528,227
"{_CEAPA VERDE LEGATURA} => {_BANANE}",0.000327799647299252,0.160323501427212,0.0020446138238072,2.33669281571047,337
"{UNT 65% GRASIME SZEPVIZI 200G} => {_BANANE}",0.000221775429033322,0.100484795063905,0.00220705459858161,1.46455196289839,228
"{PACHET ZAHAR VANILIAT THYMOS 6*8G} => {DR.OETKER PRAF DE COPT 10G}",0.000316127256297498,0.189725627553999,0.00166623381550035,31.7775589349229,325
"{OREZ CU LAPTE CU CIOCOLATA MULLER RISO 200G} => {_BANANE}",0.000233447820035076,0.110395584176633,0.00211464816981773,1.6090003407817,240
"{BONDUELLE GOLD PORUMB BOABE 170G} => {_BANANE}",0.000190649053028645,0.102887139107612,0.00185299207152841,1.49956579441917,196
"{COTLET DE PORC CU OS SI SLANINA} => {CARNE TOCATA PORC VRAC}",0.000530121091329651,0.221454693214141,0.00239381285460967,7.38661547234384,545
"{MASLINE NEGRE FARA SAMBURI COLOSAL ELITA 121/140} => {_BANANE}",0.000193567150779083,0.103699843668577,0.00186660986103046,1.51141085077085,199
"{POLONEZ CRISTUR} => {CREMWURSTI DE PUI CRISTUR}",0.000339472038301006,0.154698581560284,0.00219440950832971,21.9547910890304,349
"{POLONEZ CRISTUR} => {PARIZER CRISTUR}",0.000546656978582135,0.249113475177305,0.00219440950832971,25.8640015234404,562
"{FICAT DE PUI REFRIGERAT VRAC SZEKELY CSURKE} => {PIEPT DE PUI FARA OS REFR.VRAC SZEKELY CSURKE}",0.000322936151048521,0.1296875,0.00249011008037414,8.73762625745462,332
"{PASTE FUNDITE CU 8 OUA GYERMELYI 250G} => {PASTE MELCISORI CU 8 OUA GYERMELYI 250G}",0.000279164684791944,0.154633620689655,0.00180532980827125,77.3218494754629,287
"{PASTE MELCISORI CU 8 OUA GYERMELYI 250G} => {PASTE FUNDITE CU 8 OUA GYERMELYI 250G}",0.000279164684791944,0.139591439688716,0.00199986965830048,77.3218494754629,287
"{PASTE FUNDITE CU 8 OUA GYERMELYI 250G} => {PASTE ATA PAIANJENULUI CU 8 OUA GYERMELYI 250G}",0.00020718494028113,0.114762931034483,0.00180532980827125,11.8767850030026,213
"{PASTE FUNDITE CU 8 OUA GYERMELYI 250G} => {_MORCOVI}",0.000236365917785514,0.130926724137931,0.00180532980827125,2.98332028246621,243
"{CONSERVANT ACID SALICILIC HA 15G} => {OTET BISTRITA 1L}",0.00023733861703566,0.106271777003484,0.00223331747833556,11.4486541935074,244
"{BRANZA CIOCOLATA AMARA POTTYOS ORIAS NATUR 51G} => {BRANZA CIOCOLATA LAPTE POTTYOS ORIAS NATUR 51G}",0.000302509466795452,0.127930892636775,0.00236463187710529,53.2045020228201,311
"{BRANZA CIOCOLATA LAPTE POTTYOS ORIAS NATUR 51G} => {BRANZA CIOCOLATA AMARA POTTYOS ORIAS NATUR 51G}",0.000302509466795452,0.125809061488673,0.00240451254636128,53.2045020228201,311
"{CREMWURSTI DE PUI AFUMAT CRISTUR} => {CREMWURSTI DE PUI CRISTUR}",0.000317099955547644,0.137147665124106,0.00231210611759739,19.4639686141834,326
"{CREMWURSTI DE PUI AFUMAT CRISTUR} => {PARIZER CRISTUR}",0.000492185820573951,0.212873369793858,0.00231210611759739,22.1014024100042,506
"{DANONE IAURT DELICIOS CAPSUNI 125G} => {DANONE IAURT DELICIOS FRUCTE DE PADURE 125G}",0.000408533685061382,0.206388206388206,0.00197944297404741,99.2891456138999,420
"{DANONE IAURT DELICIOS FRUCTE DE PADURE 125G} => {DANONE IAURT DELICIOS CAPSUNI 125G}",0.000408533685061382,0.196537201684605,0.00207865829756232,99.2891456138999,420
"{DANONE IAURT DELICIOS CAPSUNI 125G} => {DANONE IAURT DELICIOS CAISE 125G}",0.000574865256836373,0.29041769041769,0.00197944297404741,140.107387956191,591
"{DANONE IAURT DELICIOS CAISE 125G} => {DANONE IAURT DELICIOS CAPSUNI 125G}",0.000574865256836373,0.277334584702018,0.00207282210206144,140.107387956191,591
"{DANONE IAURT DELICIOS CAPSUNI 125G} => {DANONE IAURT DELICIOS BISCUITI 125G}",0.000273328489291068,0.138083538083538,0.00197944297404741,33.113862548852,281
"{DANONE IAURT DELICIOS CAPSUNI 125G} => {_BANANE}",0.000264574196039752,0.133660933660934,0.00197944297404741,1.94808958540901,272
"{CARNE DE PORC IN SUC PROPRIU HAME 125G} => {PATE PORC BUCEGI 120G}",0.000241229414036245,0.112573763050386,0.00214285644807196,12.7137614915875,248
"{_ARDEI CAPIA GALBEN} => {_ARDEI ROSU CAPIA}",0.000407560985811236,0.175313807531381,0.00232475120784929,10.3636559236021,419
"{_ARDEI CAPIA GALBEN} => {_ROSII VRAC}",0.000315154557047352,0.135564853556485,0.00232475120784929,6.66458264638749,324
"{_ARDEI CAPIA GALBEN} => {_MORCOVI}",0.000324881549548813,0.139748953974895,0.00232475120784929,3.18434522510104,334
"{_ARDEI CAPIA GALBEN} => {_BANANE}",0.000281110083292237,0.12092050209205,0.00232475120784929,1.76239956085838,289
"{CHIPS DIN CARTOFI CU GUST DE CASCAVAL CSIKI CSIPSZ 140G} => {CHIPS DIN CARTOFI CU SARE CSIKI CSIPSZ 140G}",0.000264574196039752,0.100443131462334,0.00263406956939577,34.5474301883865,272
"{PATEU BUR CU GEM PRIMA 100G} => {PATEU BUR CU NUCA PRIMA 100G}",0.000467868339320297,0.124033006704487,0.00377212769206676,33.276158951895,481
"{PATEU BUR CU NUCA PRIMA 100G} => {PATEU BUR CU GEM PRIMA 100G}",0.000467868339320297,0.125521920668058,0.00372738352656004,33.276158951895,481
"{FOIETAJ CU CASCAVAL HARMOPAN 80G} => {STANGLI HARMOPAN 60G}",0.00040658828656109,0.111199787177441,0.00365637648129937,16.437215183918,418
"{FOIETAJ CU CASCAVAL HARMOPAN 80G} => {_BANANE}",0.000391997797808898,0.107209364192604,0.00365637648129937,1.56256162606006,403
"{CAFEA INSTANT 3IN1 MOKATE 17G} => {_BANANE}",0.000359898722554075,0.149858242203321,0.00240159444861084,2.1841631127953,370
"{SEMINTE LEGUME GARDENSEED KERTIMAG} => {_BANANE}",0.000292782474293991,0.109934258582907,0.00266325054690015,1.60227658418353,301
"{PARIZER PIEPT PUI FOX} => {_BANANE}",0.000264574196039752,0.105631067961165,0.00250470056912633,1.53955817720673,272
"{UNT 80% GRASIME FRISS 200G} => {LAPTE DE CONSUM 3.5% GRASIME FRISS CUTIE 1L}",0.000348226331552321,0.151566469093988,0.0022975156288452,5.80185743687117,358
"{UNT 80% GRASIME FRISS 200G} => {SMANTANA 20% GRASIME FRISS 300G}",0.000342390136051444,0.149026248941575,0.0022975156288452,4.85822452659241,352
"{_CAISE} => {_BANANE}",0.000479540730322051,0.173652694610778,0.00276149317116491,2.53096395920466,493
"{PASTE MELCISORI CU 8 OUA GYERMELYI 250G} => {PASTE ATA PAIANJENULUI CU 8 OUA GYERMELYI 250G}",0.000283055481792529,0.141536964980545,0.00199986965830048,14.6476226068707,291
"{PASTE MELCISORI CU 8 OUA GYERMELYI 250G} => {_MORCOVI}",0.000273328489291068,0.136673151750973,0.00199986965830048,3.11425943306812,281
"{GOBE SALAM DE BISCUITI CU STAFIDE DIN REMETEA 65G} => {GOBE BATON LAPTE 100G}",0.000339472038301006,0.111537232342601,0.0030435759537073,19.3140892441909,349
"{SPECIALITATE TARTINABILA SARAT CAS.LURPAK 200G} => {_BANANE}",0.00023733861703566,0.100618556701031,0.00235879568160441,1.46650152022284,244
"{DANONE IAURT DELICIOS FRUCTE DE PADURE 125G} => {DANONE IAURT DELICIOS CAISE 125G}",0.000357953324053782,0.172204024333177,0.00207865829756232,83.0770880732692,368
"{DANONE IAURT DELICIOS CAISE 125G} => {DANONE IAURT DELICIOS FRUCTE DE PADURE 125G}",0.000357953324053782,0.172688878460817,0.00207282210206144,83.0770880732692,368
"{DANONE IAURT DELICIOS FRUCTE DE PADURE 125G} => {_BANANE}",0.000309318361546475,0.148806738418343,0.00207865829756232,2.16883759084638,318
"{PESMET HARMOPAN 400G} => {GRIS HARMOPAN 500G}",0.000227611624534199,0.1003861003861,0.00226736195209067,39.8623549886586,234
"{GRASIME VEGETALA TARTINABILA CU 70% GRASIME CU GUST DE UNT RAMA 250G} => {GRASIME VEGETALA TARTINABILA CU 70% GRASIME RAMA 250G}",0.00030056406829516,0.125304136253041,0.0023986763508604,14.7257713129007,309
"{PATE PUI BUCEGI 120G} => {PATE PORC BUCEGI 120G}",0.000491213121323805,0.243490838958534,0.00201737824480311,27.4991647078527,505
"{PATE PUI BUCEGI 120G} => {_BANANE}",0.000214966534282299,0.10655737704918,0.00201737824480311,1.55305900379687,221
"{DANONE IAURT DELICIOS CAISE 125G} => {DANONE IAURT DELICIOS BISCUITI 125G}",0.000241229414036245,0.116377287658376,0.00207282210206144,27.9084788875867,248
"{DANONE IAURT DELICIOS CAISE 125G} => {_BANANE}",0.000264574196039752,0.127639605818864,0.00207282210206144,1.86032956654497,272
"{BRANZA TOPITA FELII SMANTANA HOCHLAND 140G} => {_BANANE}",0.00024998370728756,0.115557553956835,0.00216328313232503,1.68423533498364,257
"{KINDER BUENO WHITE 39G} => {KINDER BUENO 43G}",0.000364762218804806,0.13641324117861,0.00267395023865176,38.2443282298256,375
"{KINDER BUENO 43G} => {KINDER BUENO WHITE 39G}",0.000364762218804806,0.102263430597218,0.00356688815028593,38.2443282298256,375
"{MASLINE NEGRE COLOSAL 111/120 ELITA} => {_BANANE}",0.000252901805037998,0.109797297297297,0.00230335182434608,1.60028039242583,260
"{_DOVLECEI KG} => {_ARDEI ROSU CAPIA}",0.000257765301288729,0.101571483326945,0.0025377723436313,6.00438676036355,265
"{_DOVLECEI KG} => {_MORCOVI}",0.000424096873063721,0.167113836719049,0.0025377723436313,3.80788644829653,436
"{_DOVLECEI KG} => {_BANANE}",0.000377407309056705,0.148715983135301,0.0025377723436313,2.16751484517288,388
"{CHIO POPCORN MICROUNDE SARE 80G} => {_BANANE}",0.000241229414036245,0.104333193100547,0.00231210611759739,1.5206418309724,248
"{FRANZELA ALBA FEL.HARMOPAN 1KG} => {_BANANE}",0.000322936151048521,0.104963642111919,0.00307664772821227,1.52983053794568,332
"{ELAN BATISTE DE HARTIE 3STR 100BUC} => {_BANANE}",0.000270410391540629,0.104945262363156,0.00257668031363715,1.52956265565452,278
"{BISCUITI PETIT BEURRE ROSTAR 300G} => {_BANANE}",0.000353089827803052,0.131569409206234,0.00268367723115322,1.9176059063247,363
"{HARTIE IGIENICA SUPERIOR 3STRAT PAPERNET 10ROLE} => {_BANANE}",0.000289864376543552,0.105486725663717,0.00274787538166287,1.53745440822434,298
"{TOMATO JUICE 100% EKO 1L} => {_MORCOVI}",0.000329745045799544,0.101954887218045,0.00323422500673594,2.3231627075135,339
"{CORN CU TARATA SI MAC HARMOPAN 100G} => {SANA 3.6% PET FRISS 330G}",0.000468841038570443,0.121441169060217,0.00386064332383006,7.88889538431883,482
"{CORN CU TARATA SI MAC HARMOPAN 100G} => {_BANANE}",0.000399779391810067,0.103552532123961,0.00386064332383006,1.50926380542246,411
"{BOMBOANE DE POM ASORTAT GLORIA VRAC} => {_BANANE}",0.000396861294059628,0.110719131614654,0.00358439673678856,1.61371599985373,408
"{ELAN CONSERVA CARNE PRESATA 300G} => {ELAN CONSERVA SUNCA 300G}",0.000489267722823512,0.178179241941197,0.00274592998316258,57.1545081824527,503
"{ELAN CONSERVA SUNCA 300G} => {ELAN CONSERVA CARNE PRESATA 300G}",0.000489267722823512,0.156942277691108,0.0031175010967184,57.1545081824527,503
"{MASLINE NEGRE COLOSAL 121/140 ELITA} => {_BANANE}",0.000295700572044429,0.11058566751546,0.00267395023865176,1.6117707791034,304
"{CHIFLE CU SEMINTE CHIA HARMOPAN 100G} => {CHIFLE SUPER HARMOPAN 100G}",0.000441605459566351,0.126744835287549,0.0034842087140235,34.9148399194975,454
"{CHIFLE SUPER HARMOPAN 100G} => {CHIFLE CU SEMINTE CHIA HARMOPAN 100G}",0.000441605459566351,0.121650589496249,0.00363011360154542,34.9148399194975,454
"{CHIFLE CU SEMINTE CHIA HARMOPAN 100G} => {_BANANE}",0.000421178775313282,0.120882188721385,0.0034842087140235,1.76184114879039,433
"{CONSERVA SUNCA DE PORC HAME 105G} => {PATE PORC BUCEGI 120G}",0.000267492293790191,0.108395743003547,0.00246773799762078,12.2419077581487,275
"{CONSERVA SUNCA DE PORC HAME 105G} => {_BANANE}",0.000281110083292237,0.113914071738274,0.00246773799762078,1.66028180940147,289
"{_PERE} => {_BANANE}",0.000769405106865603,0.244135802469136,0.00315154557047352,3.55824548870858,791
"{PULPE DE PUI INFERIOARE REFR.VRAC SZEKELY CSURKE} => {PULPE DE PUI SUPERIOARE REFR.VRAC SZEKELY CSURKE}",0.000484404226572782,0.150180940892642,0.00322547071348463,35.0342794101828,498
"{PULPE DE PUI SUPERIOARE REFR.VRAC SZEKELY CSURKE} => {PULPE DE PUI INFERIOARE REFR.VRAC SZEKELY CSURKE}",0.000484404226572782,0.113002042205582,0.00428668559539407,35.0342794101828,498
"{PULPE DE PUI INFERIOARE REFR.VRAC SZEKELY CSURKE} => {PIEPT DE PUI FARA OS REFR.VRAC SZEKELY CSURKE}",0.000437714662565767,0.135705669481303,0.00322547071348463,9.1430972217468,450
"{PULPE DE PUI INFERIOARE REFR.VRAC SZEKELY CSURKE} => {CARNE TOCATA PORC VRAC}",0.000385188903057875,0.119420989143546,0.00322547071348463,3.98328395450777,396
"{GOBE NAPOLITANE CU CREMA DE LAMAIE 120G} => {_BANANE}",0.00035600792555349,0.110274178969569,0.00322838881123507,1.60723087671304,366
"{CHIFLE SUPER HARMOPAN 100G} => {_BANANE}",0.000397833993309775,0.109592711682744,0.00363011360154542,1.59729858544513,409
"{_RIDICHI ROSU LEGATURA} => {_MORCOVI}",0.000376434609806559,0.113356766256591,0.00332079523999895,2.5829680086687,387
"{_RIDICHI ROSU LEGATURA} => {_BANANE}",0.000621554820843389,0.187170474516696,0.00332079523999895,2.72798372804282,639
"{GOBE 6 OUA PROASPETE L DE LA GAINI CRESCTE IN AER LIBER} => {_BANANE}",0.000411451782811821,0.110386221294363,0.00372738352656004,1.60886387807012,423
"{KINDER CIOCOLATA T8 100G} => {_BANANE}",0.00035600792555349,0.114125350795136,0.0031194464952187,1.66336117237624,366
"{_VARZA NOUA} => {_MORCOVI}",0.000591401144088858,0.145280764635603,0.00407074636186163,3.31039407457402,608
"{ZAHAR PUDRA KORONAS 500G} => {DR.OETKER ZAHAR VANILINAT 8G}",0.000310291060796621,0.100188442211055,0.00309707441246534,12.7982643164256,319
"{CASCAVAL CIUC FRISS 400G} => {UNT 65% GRASIME FRISS 180G}",0.000292782474293991,0.103046901745977,0.0028412545096769,5.85460730241955,301
"{CASCAVAL CIUC FRISS 400G} => {SMANTANA 20% GRASIME FRISS 300G}",0.000293755173544137,0.103389250256761,0.0028412545096769,3.37046792058974,302
"{CASCAVAL CIUC FRISS 400G} => {_BANANE}",0.000341417436801298,0.120164327285176,0.0028412545096769,1.75137841783871,351
"{BRANZA TOPITA NATUR FALUSI 140G} => {_BANANE}",0.000395888594809482,0.125462392108508,0.0031554363674741,1.82859697843426,407
"{SUNCA PRAGA FOX} => {_BANANE}",0.000361844121054367,0.1101243339254,0.00328577806699369,1.60504690595976,372
"{BRANZA TOPITA CU SMANTANA ALBALACT 125G} => {_BANANE}",0.00033849933905086,0.109090909090909,0.00310291060796621,1.58998488220882,348
"{_PIERSICI} => {_BANANE}",0.000710070452606688,0.172454523978266,0.00411743592586864,2.51350078827798,730
"{SUNCA DE PUI SISSI GASTRO CAROLI} => {_BANANE}",0.000391025098558752,0.125,0.00312820078847001,1.82185767753094,402
"{_PRUNE} => {_BANANE}",0.000591401144088858,0.147215496368039,0.00401724790310359,2.14564545847712,608
"{_STRUGURI ALBI} => {_BANANE}",0.000809285776121595,0.204272035354775,0.00396180404584526,2.97723660732775,832
"{SALAM SARBESC GASTRO FOX} => {_BANANE}",0.000501912813075412,0.133678756476684,0.00375461910556413,1.94834935047869,516
"{_CONOPIDA} => {_PATRUNJEL RADACINA KG}",0.000409506384311528,0.106393732625727,0.00384897093282831,5.27462436800563,421
"{_CONOPIDA} => {_MORCOVI}",0.000751896520362972,0.195350012635835,0.00384897093282831,4.45128111708155,773
"{_CONOPIDA} => {_BANANE}",0.00046203214381942,0.120040434672732,0.00384897093282831,1.74957270018134,475
"{SPATE PORC FARA OS} => {CARNE TOCATA PORC VRAC}",0.000928927783889571,0.195256593743611,0.00475747203246481,6.51277855298853,955
"{_VINETE} => {_MORCOVI}",0.000439660061066059,0.106578637113888,0.00412521751986981,2.42852031831561,452
"{_VINETE} => {_BANANE}",0.000430905767814744,0.104456496109408,0.00412521751986981,1.52243895523925,443
"{APA MINERALA NATURALA PLATA PERLA HARGHITEI 2L ROZ} => {APA MINERALA NATURALA CARBOGAZOASA PERLA HARGHITEI  2L}",0.000692561866104057,0.1207393589961,0.00573600747811184,10.7834376322685,712
"{_ARDEI IUTE} => {_ARDEI ROSU CAPIA}",0.000412424482061967,0.101849627672352,0.00404934697835841,6.02082923191487,424
"{_ARDEI IUTE} => {_ROSII VRAC}",0.000435769264065474,0.107614700936824,0.00404934697835841,5.2905089301845,448
"{_ARDEI IUTE} => {_MORCOVI}",0.000481486128822343,0.11890463607975,0.00404934697835841,2.7093827851545,495
"{_ARDEI IUTE} => {_BANANE}",0.000485376925822928,0.119865481623829,0.00404934697835841,1.74702278373853,499
"{_SALATA VERDE BUC} => {_BANANE}",0.00058848304633842,0.147994129158513,0.00397639453459745,2.15699392349554,605
"{CREMA DE UNT CU SMANTANA GORDON 125G} => {BRANZA TOPITA CU SMANTANA GORDON 125G}",0.000336553940550567,0.103561807841963,0.00324978819473828,21.2894375330262,346
"{CREMA DE UNT CU SMANTANA GORDON 125G} => {_BANANE}",0.00033849933905086,0.10416043100868,0.00324978819473828,1.51812384742477,348
"{PULPE DE PUI SUPERIOARE REFR.VRAC SZEKELY CSURKE} => {PIEPT DE PUI FARA OS REFR.VRAC SZEKELY CSURKE}",0.000570001760585643,0.132970274563195,0.00428668559539407,8.95880144566224,586
"{PULPE DE PUI SUPERIOARE REFR.VRAC SZEKELY CSURKE} => {CARNE TOCATA PORC VRAC}",0.000502885512325559,0.117313365100976,0.00428668559539407,3.91298420995603,517
"{_NECTARINE} => {_BANANE}",0.000932818580890156,0.213111111111111,0.00437714662565767,3.10606491155942,959
"{_ROSII DE GRADINA ROMANIA} => {_CASTRAVETI CORNISON}",0.000975617347896587,0.20680412371134,0.00471759136320882,21.2842621935676,1003
"{_CASTRAVETI CORNISON} => {_ROSII DE GRADINA ROMANIA}",0.000975617347896587,0.100410451496646,0.00971629280970987,21.2842621935676,1003
"{_ROSII DE GRADINA ROMANIA} => {_BANANE}",0.000581674151587397,0.123298969072165,0.00471759136320882,1.79706538748619,598
"{CAFEA JACOBS 3IN1 CLASSIC 15.2G} => {_BANANE}",0.000461059444569274,0.1044282881692,0.00441508189641337,1.52202782841977,474
"{MUSCHI FILE AFUMAT FOX} => {_BANANE}",0.00043187846706489,0.105789849892781,0.00408241875286338,1.54187240185606,444
"{_KIWI KG} => {_PORTOCALE^2 A nu se consuma coaja}",0.000491213121323805,0.109425785482124,0.00448900703942447,12.9814261485403,505
"{_KIWI KG} => {_MANDARINE^2 A nu se consuma coaja}",0.000478568031071905,0.106608884073673,0.00448900703942447,11.3977824067147,492
"{_KIWI KG} => {_LAMAIE^2 A nu se consuma coaja}",0.000465922940820005,0.103791982665222,0.00448900703942447,3.75154211027975,479
"{_KIWI KG} => {_BANANE}",0.00148725715347346,0.331310942578548,0.00448900703942447,4.82881107509393,1529
"{CASCAVAL DALIA CALUP KERESZTURI} => {_BANANE}",0.000423124173813574,0.101209865053513,0.00418066137712814,1.47511975751691,435
"{GOBE 6  L OUA PROASPETE} => {_BANANE}",0.000585564948587981,0.106775452288045,0.00548407837232398,1.55623742018251,602
"{CORN SUPER HARMOPAN 100G} => {SANA 3.6% PET FRISS 330G}",0.000650735798347773,0.107729468599034,0.00604046234340758,6.99817462367009,669
"{_ROSII PRUNISOR} => {_CASTRAVETI CORNISON}",0.000824848964123934,0.171036708350141,0.0048226428822246,17.6030829555916,848
"{_ROSII PRUNISOR} => {_ARDEI GRAS ROMANIA}",0.000673107881101134,0.139572408229125,0.0048226428822246,13.9040491289624,692
"{_ROSII PRUNISOR} => {_ARDEI ROSU CAPIA}",0.000495103918324389,0.102662363856394,0.0048226428822246,6.06887403960388,509
"{_ROSII PRUNISOR} => {_BANANE}",0.000545684279331989,0.113150463896733,0.0048226428822246,1.6491523309316,561
"{CEAFA DE PORC FARA OS} => {COTLET PORC FARA OS}",0.000664353587849819,0.127544351073763,0.00520880448453262,11.2196576003551,683
"{CEAFA DE PORC FARA OS} => {CARNE TOCATA PORC VRAC}",0.000826794362624226,0.158730158730159,0.00520880448453262,5.294440273027,850
"{CREMWURSTI PIEPT PUI BENEDEK} => {_BANANE}",0.000473704534821174,0.100869925434963,0.0046961919797056,1.47016518468528,487
"{_CARTOFI ALBI} => {_MORCOVI}",0.000663380888599673,0.11935596779839,0.00555800351533509,2.71966691224317,682
"{DANONE IAURT DELICIOS BISCUITI 125G} => {_BANANE}",0.000635172610345435,0.152320970375554,0.00416996168537654,2.22005703462133,653
"{_CIUPERCI} => {_MORCOVI}",0.000607937031341343,0.120540019286403,0.00504344561200778,2.7466469260099,625
"{_CIUPERCI} => {_BANANE}",0.000684780272102888,0.135776277724204,0.00504344561200778,1.97892043198732,704
"{BRANZA TRAPIST CALUP KERESZTURI} => {_BANANE}",0.00044938705356752,0.100151745068285,0.00448706164092418,1.45969780536622,462
"{_STRUGURI NEGRI} => {_BANANE}",0.0010475970924074,0.196748264523201,0.00532455569530002,2.86757869009985,1077
"{_GRAPEFRUIT ROSU^2 A nu se consuma coaja} => {_PORTOCALE^2 A nu se consuma coaja}",0.000606964332091196,0.114285714285714,0.00531093790579797,13.557970393327,624
"{_GRAPEFRUIT ROSU^2 A nu se consuma coaja} => {_LAMAIE^2 A nu se consuma coaja}",0.000885156317632995,0.166666666666667,0.00531093790579797,6.02413599128081,910
"{_GRAPEFRUIT ROSU^2 A nu se consuma coaja} => {_BANANE}",0.00123630074693575,0.232783882783883,0.00531093790579797,3.39279283244224,1271
"{_CEAPA ROSIE} => {_CEAPA GALBENA}",0.00098728973889834,0.199371439795718,0.00495201188249404,11.3561525844348,1015
"{_CEAPA ROSIE} => {_MORCOVI}",0.000921146189888402,0.186014535454724,0.00495201188249404,4.23856122659098,947
"{_CEAPA ROSIE} => {_BANANE}",0.000621554820843389,0.125515615792575,0.00495201188249404,1.82937270625381,639
"{CREMINOS CU UNT LACTO FOOD 60% 200G} => {_BANANE}",0.000534984587580381,0.107674236491778,0.00496854776974652,1.56933707539862,550
"{SALAM POTCOAVA CRIS-TIM} => {_BANANE}",0.000576810655336666,0.101229088426084,0.00569807220735614,1.47539993550816,593
"{BRANZA TOPITA CU SMANTANA GORDON 125G} => {_BANANE}",0.000492185820573951,0.101179764047191,0.00486446894998089,1.47468103952115,506
"{CONSERVA MAZARE VERDE GREEN PEAS 400G} => {_MORCOVI}",0.000771350505365895,0.123002947107182,0.00627099206569222,2.80276764979917,793
"{CHEFIR 3.3% FRISS 330G} => {_BANANE}",0.000790804490368818,0.116309012875536,0.00679916775852157,1.69518774458673,813
"{_ROSII CHERRY VRAC} => {_CASTRAVETI FABIO}",0.000705206956355957,0.115870225347611,0.00608617920816445,15.0198404945709,725
"{_ROSII CHERRY VRAC} => {_ARDEI ROSU CAPIA}",0.00063128181334485,0.103723829311171,0.00608617920816445,6.13162245002864,649
"{_ROSII CHERRY VRAC} => {_BANANE}",0.000964917656144979,0.158542432475627,0.00608617920816445,2.31073398256122,992
"{PREPARAT ALIMENTAR CU GRASIME VEGETALA GOLDI} => {_BANANE}",0.000612800527592073,0.100095328884652,0.00612216908041986,1.4588755473079,630
"{_MERE GOLDEN} => {_BANANE}",0.0016672065147505,0.245418098510882,0.0067933315630207,3.57693477581676,1714
"{PAINE GRAHAM BRUTARIA MADARAS 500G} => {_BANANE}",0.000826794362624226,0.105655686761964,0.00782536546742576,1.53991699281671,850
"{_VARZA ALBA} => {_MORCOVI}",0.000976590047146733,0.128635490070468,0.00759191764739069,2.93111180394245,1004
"{_VARZA ALBA} => {_BANANE}",0.000817067370122764,0.10762331838565,0.00759191764739069,1.56859495105803,840
"{SALAM SECUIESC BERTIS} => {_BANANE}",0.000625445617843973,0.10480847595762,0.00596750989964662,1.52756901274966,643
"{DR.OETKER BUDINCA VANILIE 40G} => {DR.OETKER PRAF DE COPT 10G}",0.000599182738090027,0.110731619629696,0.00541112592856302,18.5466803515547,616
"{DR.OETKER PRAF DE COPT 10G} => {DR.OETKER BUDINCA VANILIE 40G}",0.000599182738090027,0.100358422939068,0.00597042799739706,18.5466803515547,616
"{DR.OETKER BUDINCA VANILIE 40G} => {DR.OETKER ZAHAR VANILINAT 8G}",0.000758705415113996,0.140212115764875,0.00541112592856302,17.9109653600954,780
"{CREMWURSTI DE PUI CRISTUR} => {PARIZER CRISTUR}",0.00153783751448106,0.218249585864163,0.0070462333680587,22.6595836185228,1581
"{PARIZER CRISTUR} => {CREMWURSTI DE PUI CRISTUR}",0.00153783751448106,0.159664714199152,0.00963166797494716,22.6595836185228,1581
"{_ROSII CHERRY CASEROLA 500G} => {_CASTRAVETI FABIO}",0.000926982385389279,0.150743435621639,0.00614940465942395,19.540329293813,953
"{_CASTRAVETI FABIO} => {_ROSII CHERRY CASEROLA 500G}",0.000926982385389279,0.120161392006052,0.0077144777529091,19.540329293813,953
"{_ROSII CHERRY CASEROLA 500G} => {_ARDEI ROSU CALIFORNIA}",0.000629336414844558,0.102341031319203,0.00614940465942395,9.69083881783539,647
"{_ROSII CHERRY CASEROLA 500G} => {_ARDEI ROSU CAPIA}",0.000659490091599088,0.107244542866182,0.00614940465942395,6.33974903402948,678
"{_ROSII CHERRY CASEROLA 500G} => {_BANANE}",0.00112249493466865,0.182537171781082,0.00614940465942395,2.66045398275319,1154
"{CASCAVAL TRAPPIST 40% AMMERLAND} => {_BANANE}",0.000673107881101134,0.103206562266965,0.00652194847222992,1.50422134270116,692
"{PUFULETI GUSTO 45G} => {_BANANE}",0.000959081460644102,0.121473450782309,0.00789539981343628,1.77045871139141,986
"{_CLEMENTINA^2 A nu se consuma coaja} => {_BANANE}",0.00206212241030983,0.269582909460834,0.00764930690314931,3.92913354665879,2120
"{DROJDIE PROASPATA BRAVO 50G} => {GRASIME VEGETALA TARTINABILA CU 70% GRASIME RAMA 250G}",0.000773295903866188,0.10179257362356,0.00759678114364142,11.9626869898779,795
"{PULPE PUI CU SPATE REFR.VRAC SZEKELY CSURKE} => {CARNE TOCATA PORC VRAC}",0.00179073931951906,0.170541917554423,0.0105002884053277,5.68842117819815,1841
"{DR.OETKER PRAF DE COPT 10G} => {DR.OETKER ZAHAR VANILINAT 8G}",0.00284222720892704,0.476050830889541,0.00597042799739706,60.8116488022015,2922
"{DR.OETKER ZAHAR VANILINAT 8G} => {DR.OETKER PRAF DE COPT 10G}",0.00284222720892704,0.363071570576541,0.0078282835651762,60.8116488022015,2922
"{_PORTOCALE PLASA BUC^2 A nu se consuma coaja} => {_BANANE}",0.00194150770329171,0.232363213038417,0.00835548655875541,3.38666162919838,1996
"{_PORTOCALE^2 A nu se consuma coaja} => {_LAMAIE^2 A nu se consuma coaja}",0.00118182958892757,0.14020309254558,0.00842941170176652,5.06761497535623,1215
"{_PORTOCALE^2 A nu se consuma coaja} => {_BANANE}",0.0025630625241351,0.304061850911609,0.00842941170176652,4.43165934022066,2635
"{_ARDEI ALB BIANCA} => {_ARDEI ROSU CALIFORNIA}",0.000935736678640594,0.11371158392435,0.00822903565623641,10.7675349498346,962
"{_ARDEI ALB BIANCA} => {_ARDEI ROSU CAPIA}",0.000968808453145563,0.117730496453901,0.00822903565623641,6.95962499556508,996
"{_ARDEI ALB BIANCA} => {_ROSII VRAC}",0.00148336635647288,0.180260047281324,0.00822903565623641,8.86186907174679,1525
"{_ARDEI ALB BIANCA} => {_PATRUNJEL RADACINA KG}",0.000845275648377003,0.102718676122931,0.00822903565623641,5.09242808533895,869
"{_ARDEI ALB BIANCA} => {_MORCOVI}",0.00153005592047989,0.185933806146572,0.00822903565623641,4.23672171381019,1573
"{_ARDEI ALB BIANCA} => {_BANANE}",0.00120420167168093,0.146335697399527,0.00822903565623641,2.13282251043339,1238
"{_CASTRAVETI FABIO} => {_ARDEI ROSU CALIFORNIA}",0.000895856009384602,0.116126591854747,0.0077144777529091,10.9962159812411,921
"{_CASTRAVETI FABIO} => {_ARDEI ROSU CAPIA}",0.00100285292690068,0.129996217374858,0.0077144777529091,7.68471170191008,1031
"{_CASTRAVETI FABIO} => {_ROSII VRAC}",0.0014522399804682,0.188248644559324,0.0077144777529091,9.25460115083066,1493
"{_CASTRAVETI FABIO} => {_MORCOVI}",0.000781077497867357,0.10124826629681,0.0077144777529091,2.30706151396255,803
"{_CASTRAVETI FABIO} => {_BANANE}",0.00137442404045651,0.178161644181062,0.0077144777529091,2.59668127434242,1413
"{_MANDARINE^2 A nu se consuma coaja} => {_BANANE}",0.00262726067464475,0.280886023294509,0.00935347598940536,4.09387486440189,2701
"{_CASTRAVETI CORNISON} => {_ROSII VRAC}",0.0019580435905442,0.201521673841225,0.00971629280970987,9.90712426649421,2013
"{_CASTRAVETI CORNISON} => {_BANANE}",0.00123338264918532,0.126939633596957,0.00971629280970987,1.85012756841264,1268
"{_ARDEI GRAS ROMANIA} => {_ARDEI ROSU CAPIA}",0.00103106120515492,0.102713178294574,0.0100382562615082,6.07187792937539,1060
"{_ARDEI GRAS ROMANIA} => {_ROSII VRAC}",0.00171292337950737,0.170639534883721,0.0100382562615082,8.38890946391079,1761
"{_ARDEI GRAS ROMANIA} => {_MORCOVI}",0.00141916820596323,0.141375968992248,0.0100382562615082,3.22141868686452,1459
"{_ARDEI GRAS ROMANIA} => {_BANANE}",0.00106996917516076,0.106589147286822,0.0100382562615082,1.55352205060778,1100
"{_MERE ROSII} => {_BANANE}",0.00232086041084871,0.228938783342928,0.0101374715850232,3.33675104094326,2386
"{PAINE ALBA SECUIASCA CU CARTOFI FEL.HARMOPAN 500G} => {_BANANE}",0.00119252928067918,0.104004071937564,0.0114661787607228,1.51584493563144,1226
"{DANONE ACTIVIA NATUR 125G} => {_BANANE}",0.00139095992770899,0.139254065634434,0.00998864859975079,2.02960870882793,1430
"{PULPE PORC FARA OS} => {COTLET PORC FARA OS}",0.00128590840869321,0.11125136749979,0.0115585851894867,9.78641735530129,1322
"{COTLET PORC FARA OS} => {PULPE PORC FARA OS}",0.00128590840869321,0.113117138701121,0.011367936136458,9.78641735530129,1322
"{PULPE PORC FARA OS} => {CARNE TOCATA PORC VRAC}",0.00233739629810119,0.202221661196668,0.0115585851894867,6.74509819484376,2403
"{PASTE ATA PAIANJENULUI CU 8 OUA GYERMELYI 250G} => {_MORCOVI}",0.00135983355170432,0.14072881014697,0.00966279435095183,3.20667240705184,1398
"{MERKUR SACOSA ECO RECICLABILA} => {CARNE TOCATA PORC VRAC}",0.000857920738628903,0.106922051157716,0.00802379611445558,3.56638220646161,882
"{COTLET PORC FARA OS} => {CARNE TOCATA PORC VRAC}",0.00230529722284637,0.202789424146488,0.011367936136458,6.76403591311424,2370
"{_USTUROI} => {_CEAPA GALBENA}",0.00159814486799012,0.158989742597252,0.0100518740510103,9.05602015085206,1643
"{_USTUROI} => {_MORCOVI}",0.00217495552332679,0.216373137216954,0.0100518740510103,4.9303178788781,2236
"{_USTUROI} => {_BANANE}",0.00124700043868736,0.124056512483066,0.0100518740510103,1.80810647771989,1282
"{PATE PORC BUCEGI 120G} => {_BANANE}",0.000907528400386356,0.102493683401077,0.00885448127408039,1.49383123202142,933
"{_ARDEI ROSU CALIFORNIA} => {_ROSII VRAC}",0.00139874152171016,0.132449111172515,0.0105605957588367,6.51140782210188,1438
"{_ARDEI ROSU CALIFORNIA} => {_MORCOVI}",0.00158647247698837,0.150225660863959,0.0105605957588367,3.42306938444584,1631
"{_ARDEI ROSU CALIFORNIA} => {_BANANE}",0.0017664218382654,0.16726535875472,0.0105605957588367,2.43786942425804,1816
"{SANA 3.6% FRISS 900G} => {LAPTE DE CONSUM 3.5% GRASIME FRISS CUTIE 1L}",0.00121976485968327,0.102534750613246,0.0118961118292874,3.92495786791928,1254
"{SANA 3.6% FRISS 900G} => {_BANANE}",0.00135594275470373,0.113982011447261,0.0118961118292874,1.66127202124489,1394
"{_GULII} => {_TELINA}",0.00350074460127599,0.296824742268041,0.011793978408022,20.0879285306615,3599
"{_TELINA} => {_GULII}",0.00350074460127599,0.236916595352511,0.0147762743089701,20.0879285306615,3599
"{_GULII} => {_CEAPA GALBENA}",0.00129077190494394,0.109443298969072,0.011793978408022,6.23386581202488,1327
"{_GULII} => {_PATRUNJEL RADACINA KG}",0.00454834169368339,0.385649484536082,0.011793978408022,19.1191352952962,4676
"{_PATRUNJEL RADACINA KG} => {_GULII}",0.00454834169368339,0.225490668852775,0.0201708643502807,19.1191352952962,4676
"{_GULII} => {_MORCOVI}",0.00594416511764311,0.504,0.011793978408022,11.4842361806818,6111
"{_MORCOVI} => {_GULII}",0.00594416511764311,0.135444833547586,0.0438862447680939,11.4842361806818,6111
"{_GULII} => {_BANANE}",0.00139387802545943,0.118185567010309,0.011793978408022,1.72253826104864,1433
"{SANA 3.6% PET FRISS 330G} => {_BANANE}",0.00160981725899187,0.104574750410717,0.0153939383328129,1.52416249529317,1655
"{PIEPT DE PUI FARA OS REFR.VRAC SZEKELY CSURKE} => {CARNE TOCATA PORC VRAC}",0.00175474944726365,0.118225309653319,0.0148424178579801,3.94340209653361,1804
"{_TELINA} => {_CEAPA GALBENA}",0.00175766754501409,0.11895201105918,0.0147762743089701,6.77547992429374,1807
"{_CEAPA GALBENA} => {_TELINA}",0.00175766754501409,0.100116349936285,0.0175562487658878,6.77547992429374,1807
"{_TELINA} => {_PATRUNJEL RADACINA KG}",0.00679430426227084,0.459811730629978,0.0147762743089701,22.7958367398163,6985
"{_PATRUNJEL RADACINA KG} => {_TELINA}",0.00679430426227084,0.336837536770025,0.0201708643502807,22.7958367398163,6985
"{_TELINA} => {_MORCOVI}",0.00811717524246961,0.549338424066882,0.0147762743089701,12.5173258037849,8345
"{_MORCOVI} => {_TELINA}",0.00811717524246961,0.184959439691476,0.0438862447680939,12.5173258037849,8345
"{_TELINA} => {_BANANE}",0.00180727520677154,0.122309262063064,0.0147762743089701,1.78264054498189,1858
"{_CEAPA GALBENA} => {_PATRUNJEL RADACINA KG}",0.00244828401261785,0.139453709346778,0.0175562487658878,6.91362090017911,2517
"{_PATRUNJEL RADACINA KG} => {_CEAPA GALBENA}",0.00244828401261785,0.121377248396586,0.0201708643502807,6.91362090017911,2517
"{_CEAPA GALBENA} => {_MORCOVI}",0.0052905112215449,0.301346334977007,0.0175562487658878,6.86653270448173,5439
"{_MORCOVI} => {_CEAPA GALBENA}",0.0052905112215449,0.120550556318986,0.0438862447680939,6.86653270448173,5439
"{_CEAPA GALBENA} => {_BANANE}",0.00210686657581656,0.120006648567788,0.0175562487658878,1.74908027238385,2166
"{_ARDEI ROSU CAPIA} => {_ROSII VRAC}",0.00202321444030399,0.119602093036628,0.0169162126592917,5.87982808826928,2080
"{_ARDEI ROSU CAPIA} => {_MORCOVI}",0.00246092910286975,0.145477545857052,0.0169162126592917,3.31487796747689,2530
"{_ARDEI ROSU CAPIA} => {_BANANE}",0.00257959841138758,0.152492668621701,0.0169162126592917,2.22255951276502,2652
"{UNT 65% GRASIME FRISS 180G} => {SMANTANA 20% GRASIME FRISS 300G}",0.0017790669285173,0.101077645758497,0.0176009929313945,3.2951100977296,1829
"{UNT 65% GRASIME FRISS 180G} => {_BANANE}",0.00185201937227827,0.105222437137331,0.0176009929313945,1.5336024395773,1904
"{_ROSII VRAC} => {_MORCOVI}",0.00206698590656056,0.101616296863045,0.0203410867190562,2.31544752575691,2125
"{_ROSII VRAC} => {_BANANE}",0.00295895111894458,0.145466717674063,0.0203410867190562,2.12015725135774,3042
"{_PATRUNJEL RADACINA KG} => {_MORCOVI}",0.0134339493437685,0.666007619231326,0.0201708643502807,15.1757714233852,13811
"{_MORCOVI} => {_PATRUNJEL RADACINA KG}",0.0134339493437685,0.306108426791968,0.0438862447680939,15.1757714233851,13811
"{_PATRUNJEL RADACINA KG} => {_BANANE}",0.00240645794486157,0.119303660124415,0.0201708643502807,1.73883431324166,2474
"{LAPTE DE CONSUM 1.5% GRASIME FRISS CUTIE 1L} => {_BANANE}",0.00261169748664241,0.101366656599215,0.0257648577378712,1.47740497256737,2685
"{LAPTE DE CONSUM 3.5% GRASIME FRISS CUTIE 1L} => {SMANTANA 20% GRASIME FRISS 300G}",0.0034355737515162,0.131511337826265,0.0261237837611751,4.28724208983494,3532
"{SMANTANA 20% GRASIME FRISS 300G} => {LAPTE DE CONSUM 3.5% GRASIME FRISS CUTIE 1L}",0.0034355737515162,0.111998985286657,0.0306750435526089,4.28724208983494,3532
"{_LAMAIE^2 A nu se consuma coaja} => {_MORCOVI}",0.00303676705895627,0.109763386421967,0.0276664847719069,2.50108859853433,3122
"{_LAMAIE^2 A nu se consuma coaja} => {_BANANE}",0.00483139717547592,0.174629961677741,0.0276664847719069,2.54520749127622,4967
"{_MORCOVI} => {_BANANE}",0.00514266093552268,0.117181612660136,0.0438862447680939,1.7079057655226,5287
"{CERBONA TERCI DE OVAZ CU MANGO 50G,CERBONA TERCI DE OVAZ CU SFECLA&MERE 50G} => {CERBONA TERCI DE OVAZ CU PRUNE 50G}",0.000100188022765053,0.673202614379085,0.000148822985272361,916.685287624984,103
"{CERBONA TERCI DE OVAZ CU PRUNE 50G,CERBONA TERCI DE OVAZ CU SFECLA&MERE 50G} => {CERBONA TERCI DE OVAZ CU MANGO 50G}",0.000100188022765053,0.575418994413408,0.000174113165776161,1011.22953731557,103
"{CERBONA TERCI DE OVAZ CU MANGO 50G,CERBONA TERCI DE OVAZ CU PRUNE 50G} => {CERBONA TERCI DE OVAZ CU SFECLA&MERE 50G}",0.000100188022765053,0.384328358208955,0.000260683399039168,1165.53186501123,103
"{PAIE MAGICA CU AROMA DE CIOCOLATA MILKY SIP 5*6G,PAIE MAGICA CU AROMA DE VANILIE MILKY SIP 5*6G} => {PAIE MAGICA CU AROMA DE BISCUITI MILKY SIP 5*6G}",0.000100188022765053,0.588571428571429,0.000170222368775576,1170.38851616469,103
"{PAIE MAGICA CU AROMA DE BISCUITI MILKY SIP 5*6G,PAIE MAGICA CU AROMA DE VANILIE MILKY SIP 5*6G} => {PAIE MAGICA CU AROMA DE CIOCOLATA MILKY SIP 5*6G}",0.000100188022765053,0.559782608695652,0.000178976662026891,1124.01177182405,103
"{PAIE MAGICA CU AROMA DE BISCUITI MILKY SIP 5*6G,PAIE MAGICA CU AROMA DE CIOCOLATA MILKY SIP 5*6G} => {PAIE MAGICA CU AROMA DE VANILIE MILKY SIP 5*6G}",0.000100188022765053,0.578651685393258,0.000173140466526014,1234.21722457923,103
"{_PATRUNJEL RADACINA KG,_TELINA CU FRUNZA} => {_MORCOVI}",0.000125478203268853,0.704918032786885,0.000178003962776745,16.0623912233059,129
"{_MORCOVI,_TELINA CU FRUNZA} => {_PATRUNJEL RADACINA KG}",0.000125478203268853,0.591743119266055,0.00021204843653186,29.3365276266816,129
"{CERBONA TERCI DE OVAZ CU MANGO 50G,CERBONA TERCI DE OVAZ CU PRUNE 50G} => {CERBONA TERCI DE OVAZ CU CAISE 50G}",0.000139095992770899,0.533582089552239,0.000260683399039168,609.509042288557,143
"{CERBONA TERCI DE OVAZ CU CAISE 50G,CERBONA TERCI DE OVAZ CU MANGO 50G} => {CERBONA TERCI DE OVAZ CU PRUNE 50G}",0.000139095992770899,0.535580524344569,0.000259710699789022,729.288295260064,143
"{CERBONA TERCI DE OVAZ CU CAISE 50G,CERBONA TERCI DE OVAZ CU PRUNE 50G} => {CERBONA TERCI DE OVAZ CU MANGO 50G}",0.000139095992770899,0.514388489208633,0.000270410391540629,903.975779376499,143
"{CERBONA TERCI DE OVAZ CU CAISE 50G,CERBONA TERCI DE OVAZ CU MANGO 50G} => {CERBONA TERCI DE OVAZ CU FRUCTE DE PADURE 55G}",0.000116723910017538,0.449438202247191,0.000259710699789022,422.351539551794,120
"{CERBONA TERCI DE OVAZ CU FRUCTE DE PADURE 55G,CERBONA TERCI DE OVAZ CU MANGO 50G} => {CERBONA TERCI DE OVAZ CU CAISE 50G}",0.000116723910017538,0.662983425414365,0.000176058564276453,757.323756906077,120
"{CERBONA TERCI DE OVAZ CU CAISE 50G,CERBONA TERCI DE OVAZ CU FRUCTE DE PADURE 55G} => {CERBONA TERCI DE OVAZ CU MANGO 50G}",0.000116723910017538,0.297029702970297,0.000392970497059044,521.993907083016,120
"{BERE TILTOTT BARNA SOR 7% 500ML,BERE TILTOTT IGAZI SOR 6% 500ML} => {STICLA BERE 500ML CSIKI}",0.00013131439876973,0.533596837944664,0.000246092910286975,187.16250439961,135
"{BERE TILTOTT BARNA SOR 7% 500ML,STICLA BERE 500ML CSIKI} => {BERE TILTOTT IGAZI SOR 6% 500ML}",0.00013131439876973,0.362903225806452,0.000361844121054367,146.309345351044,135
"{BERE TILTOTT IGAZI SOR 6% 500ML,STICLA BERE 500ML CSIKI} => {BERE TILTOTT BARNA SOR 7% 500ML}",0.00013131439876973,0.141806722689076,0.000926009686139133,214.077550623774,135
"{BERE 6% SZEKELY SOR 500ML,BERE TILTOTT IGAZI SOR 6% 500ML} => {STICLA BERE 500ML CSIKI}",0.000147850286022215,0.531468531468531,0.000278191985541798,186.415987288045,152
"{BERE 6% SZEKELY SOR 500ML,STICLA BERE 500ML CSIKI} => {BERE TILTOTT IGAZI SOR 6% 500ML}",0.000147850286022215,0.402116402116402,0.000367680316555244,162.118667911609,152
"{BERE TILTOTT IGAZI SOR 6% 500ML,STICLA BERE 500ML CSIKI} => {BERE 6% SZEKELY SOR 500ML}",0.000147850286022215,0.159663865546218,0.000926009686139133,205.43823687172,152
"{BERE TILTOTT CSIKI KREM SOR 4.5% 500ML,BERE TILTOTT IGAZI SOR 6% 500ML} => {STICLA BERE 500ML CSIKI}",0.000125478203268853,0.522267206477733,0.000240256714786099,183.188563685412,129
"{BERE TILTOTT CSIKI KREM SOR 4.5% 500ML,STICLA BERE 500ML CSIKI} => {BERE TILTOTT IGAZI SOR 6% 500ML}",0.000125478203268853,0.370689655172414,0.00033849933905086,149.44854969574,129
"{BERE TILTOTT IGAZI SOR 6% 500ML,STICLA BERE 500ML CSIKI} => {BERE TILTOTT CSIKI KREM SOR 4.5% 500ML}",0.000125478203268853,0.135504201680672,0.000926009686139133,171.349813172501,129
"{BATON CIOCOLATA CU CREMA DE ARAHIDE ROSHEN 38G,BATON CIOCOLATA CU LAPTE UMPL.DE CR.DE ZAHAR ARS ROSHEN 43G} => {BATON CIOCOLATA CU UMPL.CU GUST DE CIOC.FONDANT ROSHEN 43G}",0.00010602421826593,0.488789237668161,0.000216911932782591,314.657536131367,109
"{BATON CIOCOLATA CU CREMA DE ARAHIDE ROSHEN 38G,BATON CIOCOLATA CU UMPL.CU GUST DE CIOC.FONDANT ROSHEN 43G} => {BATON CIOCOLATA CU LAPTE UMPL.DE CR.DE ZAHAR ARS ROSHEN 43G}",0.00010602421826593,0.626436781609195,0.00016924966952543,407.86509357734,109
"{BATON CIOCOLATA CU LAPTE UMPL.DE CR.DE ZAHAR ARS ROSHEN 43G,BATON CIOCOLATA CU UMPL.CU GUST DE CIOC.FONDANT ROSHEN 43G} => {BATON CIOCOLATA CU CREMA DE ARAHIDE ROSHEN 38G}",0.00010602421826593,0.243303571428571,0.000435769264065474,314.631915431267,109
"{BATON CIOCOLATA CU CREMA DE ARAHIDE ROSHEN 38G,BATON CIOCOLATA CU LAPTE UMPL.DE CR.DE ZAHAR ARS ROSHEN 43G} => {BATON CIOCOLATA LAPTE UMPL.DE CREMA CARAMEL ROSHEN 40G}",0.000129369000269438,0.596412556053812,0.000216911932782591,384.421358786567,133
"{BATON CIOCOLATA CU CREMA DE ARAHIDE ROSHEN 38G,BATON CIOCOLATA LAPTE UMPL.DE CREMA CARAMEL ROSHEN 40G} => {BATON CIOCOLATA CU LAPTE UMPL.DE CR.DE ZAHAR ARS ROSHEN 43G}",0.000129369000269438,0.624413145539906,0.00020718494028113,406.547529636336,133
"{BATON CIOCOLATA CU LAPTE UMPL.DE CR.DE ZAHAR ARS ROSHEN 43G,BATON CIOCOLATA LAPTE UMPL.DE CREMA CARAMEL ROSHEN 40G} => {BATON CIOCOLATA CU CREMA DE ARAHIDE ROSHEN 38G}",0.000129369000269438,0.272540983606557,0.00047467723407132,352.440743891123,133
"{BATON CIOCOLATA CU CREMA DE ARAHIDE ROSHEN 38G,BATON CIOCOLATA CU UMPL.CU GUST DE CIOC.FONDANT ROSHEN 43G} => {BATON CIOCOLATA LAPTE UMPL.DE CREMA CARAMEL ROSHEN 40G}",0.000104078819765638,0.614942528735632,0.00016924966952543,396.364965949627,107
"{BATON CIOCOLATA CU CREMA DE ARAHIDE ROSHEN 38G,BATON CIOCOLATA LAPTE UMPL.DE CREMA CARAMEL ROSHEN 40G} => {BATON CIOCOLATA CU UMPL.CU GUST DE CIOC.FONDANT ROSHEN 43G}",0.000104078819765638,0.502347417840376,0.00020718494028113,323.385599760114,107
"{BATON CIOCOLATA CU UMPL.CU GUST DE CIOC.FONDANT ROSHEN 43G,BATON CIOCOLATA LAPTE UMPL.DE CREMA CARAMEL ROSHEN 40G} => {BATON CIOCOLATA CU CREMA DE ARAHIDE ROSHEN 38G}",0.000104078819765638,0.24373576309795,0.000427014970814159,315.190811019899,107
"{BERE TILTOTT CSIKI GOLD STICLA 500ML,BERE TILTOTT IGAZI SOR 6% 500ML} => {STICLA BERE 500ML CSIKI}",0.000102133421265346,0.504807692307692,0.000202321444030399,177.064527399417,105
"{BERE TILTOTT CSIKI GOLD STICLA 500ML,STICLA BERE 500ML CSIKI} => {BERE TILTOTT IGAZI SOR 6% 500ML}",0.000102133421265346,0.223404255319149,0.00045716864756869,90.0684480600751,105
"{BERE TILTOTT IGAZI SOR 6% 500ML,STICLA BERE 500ML CSIKI} => {BERE TILTOTT CSIKI GOLD STICLA 500ML}",0.000102133421265346,0.110294117647059,0.000926009686139133,117.13816389159,105
"{BATON OKE RUDI CU GUST DE AFINE 23G,BATON OKE RUDI CU GUST DE CAPSUNI 23G} => {BATON OKE RUDI NATUR 23G}",0.000102133421265346,0.369718309859155,0.000276246587041506,290.149002795398,105
"{BATON OKE RUDI CU GUST DE CAPSUNI 23G,BATON OKE RUDI NATUR 23G} => {BATON OKE RUDI CU GUST DE AFINE 23G}",0.000102133421265346,0.423387096774194,0.000241229414036245,510.281714442386,105
"{BATON OKE RUDI CU GUST DE AFINE 23G,BATON OKE RUDI NATUR 23G} => {BATON OKE RUDI CU GUST DE CAPSUNI 23G}",0.000102133421265346,0.444915254237288,0.000229557023034491,579.724576271186,105
"{CERBONA BATON CEREALE FARA GLUTEN FRUCTE 35G,CERBONA BATON CEREALE FARA GLUTEN VISINE&CIOCOLATA 35G} => {CERBONA BATON CEREALE ZMEURA FARA GLUTEN 35G}",0.000128396301019292,0.540983606557377,0.00023733861703566,572.188676381299,132
"{CERBONA BATON CEREALE FARA GLUTEN FRUCTE 35G,CERBONA BATON CEREALE ZMEURA FARA GLUTEN 35G} => {CERBONA BATON CEREALE FARA GLUTEN VISINE&CIOCOLATA 35G}",0.000128396301019292,0.547717842323652,0.000234420519285222,634.825974074577,132
"{CERBONA BATON CEREALE FARA GLUTEN VISINE&CIOCOLATA 35G,CERBONA BATON CEREALE ZMEURA FARA GLUTEN 35G} => {CERBONA BATON CEREALE FARA GLUTEN FRUCTE 35G}",0.000128396301019292,0.376068376068376,0.000341417436801298,541.489477842419,132
"{CERBONA TERCI DE OVAZ CU CAISE 50G,CERBONA TERCI DE OVAZ CU PRUNE 50G} => {CERBONA TERCI DE OVAZ CU FRUCTE DE PADURE 55G}",0.000123532804768561,0.456834532374101,0.000270410391540629,429.302108952692,127
"{CERBONA TERCI DE OVAZ CU FRUCTE DE PADURE 55G,CERBONA TERCI DE OVAZ CU PRUNE 50G} => {CERBONA TERCI DE OVAZ CU CAISE 50G}",0.000123532804768561,0.533613445378151,0.000231502421534783,609.544859943977,127
"{CERBONA TERCI DE OVAZ CU CAISE 50G,CERBONA TERCI DE OVAZ CU FRUCTE DE PADURE 55G} => {CERBONA TERCI DE OVAZ CU PRUNE 50G}",0.000123532804768561,0.314356435643564,0.000392970497059044,428.052288374533,127
"{MAGHIRAN MACINAT MARCO POLO 5G,OREGANO MACINAT MARCO POLO 7G} => {BUSUIOC MACINAT MARCO POLO 5G}",0.000142014090521338,0.698564593301435,0.000203294143280545,861.116553647034,146
"{BUSUIOC MACINAT MARCO POLO 5G,MAGHIRAN MACINAT MARCO POLO 5G} => {OREGANO MACINAT MARCO POLO 7G}",0.000142014090521338,0.616033755274262,0.000230529722284637,845.559378749726,146
"{BUSUIOC MACINAT MARCO POLO 5G,OREGANO MACINAT MARCO POLO 7G} => {MAGHIRAN MACINAT MARCO POLO 5G}",0.000142014090521338,0.45625,0.000311263760046767,724.969967156105,146
"{ZUZU IAURT DE BAUT CU CAPSUNI 320G,ZUZU IAURT DE BAUT CU VISINE 320G} => {ZUZU IAURT DE BAUT CU PIERSICA SI FRUCTUL PASIUNII 320G}",0.000101160722015199,0.490566037735849,0.000206212241030983,423.810718249564,104
"{ZUZU IAURT DE BAUT CU PIERSICA SI FRUCTUL PASIUNII 320G,ZUZU IAURT DE BAUT CU VISINE 320G} => {ZUZU IAURT DE BAUT CU CAPSUNI 320G}",0.000101160722015199,0.339869281045752,0.000297645970544721,344.924375278246,104
"{ZUZU IAURT DE BAUT CU CAPSUNI 320G,ZUZU IAURT DE BAUT CU PIERSICA SI FRUCTUL PASIUNII 320G} => {ZUZU IAURT DE BAUT CU VISINE 320G}",0.000101160722015199,0.32398753894081,0.000312236459296914,363.625433620373,104
"{CERBONA TERCI DE OVAZ CU CAISE 50G,CERBONA TERCI DE OVAZ CU CIOCOLATA 55G} => {CERBONA TERCI DE OVAZ CU FRUCTE DE PADURE 55G}",0.000112833113016953,0.542056074766355,0.000208157639531276,509.387534384664,116
"{CERBONA TERCI DE OVAZ CU CIOCOLATA 55G,CERBONA TERCI DE OVAZ CU FRUCTE DE PADURE 55G} => {CERBONA TERCI DE OVAZ CU CAISE 50G}",0.000112833113016953,0.337209302325581,0.000334608542050275,385.193062015504,116
"{CERBONA TERCI DE OVAZ CU CAISE 50G,CERBONA TERCI DE OVAZ CU FRUCTE DE PADURE 55G} => {CERBONA TERCI DE OVAZ CU CIOCOLATA 55G}",0.000112833113016953,0.287128712871287,0.000392970497059044,332.418417179556,116
"{ELAN BRANZA TOPITA CREMOASA 100G,ELAN BRANZA TOPITA CU SUNCA AFUMATA 100G} => {ELAN BRANZA TOPITA EMMENTALER 100G}",0.000178003962776745,0.511173184357542,0.000348226331552321,416.748835942034,183
"{ELAN BRANZA TOPITA CREMOASA 100G,ELAN BRANZA TOPITA EMMENTALER 100G} => {ELAN BRANZA TOPITA CU SUNCA AFUMATA 100G}",0.000178003962776745,0.465648854961832,0.000382270805307436,413.400882015584,183
"{ELAN BRANZA TOPITA CU SUNCA AFUMATA 100G,ELAN BRANZA TOPITA EMMENTALER 100G} => {ELAN BRANZA TOPITA CREMOASA 100G}",0.000178003962776745,0.541420118343195,0.000328772346549398,506.475119931514,183
"{_FASOLE ALB MARE KG,_PATRUNJEL RADACINA KG} => {_MORCOVI}",0.000106996917516076,0.79136690647482,0.000135205195770315,18.0322310705007,110
"{_FASOLE ALB MARE KG,_MORCOVI} => {_PATRUNJEL RADACINA KG}",0.000106996917516076,0.258215962441315,0.000414369880562259,12.8014326980352,110
"{DR.OETKER AMONIU PENTRU PRAJITURI 7G,DR.OETKER PRAF DE COPT 10G} => {DR.OETKER ZAHAR VANILINAT 8G}",0.000146877586772068,0.488673139158576,0.00030056406829516,62.4240467389836,151
"{DR.OETKER AMONIU PENTRU PRAJITURI 7G,DR.OETKER ZAHAR VANILINAT 8G} => {DR.OETKER PRAF DE COPT 10G}",0.000146877586772068,0.515358361774744,0.000285000880292821,86.3184954243525,151
"{_PATRUNJEL FRUNZE LEGATURA,_TELINA} => {_MORCOVI}",0.000103106120515492,0.670886075949367,0.000153686481523091,15.2869328304233,106
"{_MORCOVI,_PATRUNJEL FRUNZE LEGATURA} => {_TELINA}",0.000103106120515492,0.327160493827161,0.000315154557047352,22.1409326184851,106
"{_PATRUNJEL FRUNZE LEGATURA,_PATRUNJEL RADACINA KG} => {_MORCOVI}",0.000159522677023968,0.700854700854701,0.000227611624534199,15.9698033987231,164
"{_MORCOVI,_PATRUNJEL FRUNZE LEGATURA} => {_PATRUNJEL RADACINA KG}",0.000159522677023968,0.506172839506173,0.000315154557047352,25.0942562855086,164
"{BERE TILTOTT CSIKI VADMALNA CU VITAMINE STICLA 500ML,BERE TILTOTT IGAZI SOR 6% 500ML} => {STICLA BERE 500ML CSIKI}",0.000144932188271776,0.530249110320285,0.000273328489291068,185.988267519496,149
"{BERE TILTOTT CSIKI VADMALNA CU VITAMINE STICLA 500ML,STICLA BERE 500ML CSIKI} => {BERE TILTOTT IGAZI SOR 6% 500ML}",0.000144932188271776,0.150353178607467,0.000963944956894833,60.6169181456639,149
"{BERE TILTOTT IGAZI SOR 6% 500ML,STICLA BERE 500ML CSIKI} => {BERE TILTOTT CSIKI VADMALNA CU VITAMINE STICLA 500ML}",0.000144932188271776,0.156512605042017,0.000926009686139133,89.4416032950145,149
"{CHIO POPCORN MICROUNDE CASCAVAL 80G,CHIO POPCORN MICROUNDE UNT 80G} => {CHIO POPCORN MICROUNDE SARE 80G}",0.000101160722015199,0.317073170731707,0.000319045354047937,137.136080527823,104
"{CHIO POPCORN MICROUNDE CASCAVAL 80G,CHIO POPCORN MICROUNDE SARE 80G} => {CHIO POPCORN MICROUNDE UNT 80G}",0.000101160722015199,0.318042813455657,0.00031807265479779,203.465663410652,104
"{CHIO POPCORN MICROUNDE SARE 80G,CHIO POPCORN MICROUNDE UNT 80G} => {CHIO POPCORN MICROUNDE CASCAVAL 80G}",0.000101160722015199,0.254901960784314,0.000396861294059628,200.655661652103,104
"{BATON CIOCOLATA CU LAPTE UMPL.DE CR.DE ZAHAR ARS ROSHEN 43G,BATON CIOCOLATA CU UMPL.CU GUST DE CIOC.FONDANT ROSHEN 43G} => {BATON CIOCOLATA LAPTE UMPL.DE CREMA CARAMEL ROSHEN 40G}",0.00023733861703566,0.544642857142857,0.000435769264065474,351.052882892969,244
"{BATON CIOCOLATA CU LAPTE UMPL.DE CR.DE ZAHAR ARS ROSHEN 43G,BATON CIOCOLATA LAPTE UMPL.DE CREMA CARAMEL ROSHEN 40G} => {BATON CIOCOLATA CU UMPL.CU GUST DE CIOC.FONDANT ROSHEN 43G}",0.00023733861703566,0.5,0.00047467723407132,321.874452097683,244
"{BATON CIOCOLATA CU UMPL.CU GUST DE CIOC.FONDANT ROSHEN 43G,BATON CIOCOLATA LAPTE UMPL.DE CREMA CARAMEL ROSHEN 40G} => {BATON CIOCOLATA CU LAPTE UMPL.DE CR.DE ZAHAR ARS ROSHEN 43G}",0.00023733861703566,0.555808656036446,0.000427014970814159,361.880011137062,244
"{_PATRUNJEL RADACINA KG,_SFECLA ROSIE} => {_MORCOVI}",0.000107969616766222,0.603260869565217,0.000178976662026891,13.746012509227,111
"{_MORCOVI,_SFECLA ROSIE} => {_PATRUNJEL RADACINA KG}",0.000107969616766222,0.268115942028986,0.000402697489560505,13.2922386157069,111
"{DR.OETKER DROJDIE USCATA 7G,DR.OETKER PRAF DE COPT 10G} => {DR.OETKER ZAHAR VANILINAT 8G}",0.000142014090521338,0.534798534798535,0.000265546895289898,68.3161934983506,146
"{DR.OETKER DROJDIE USCATA 7G,DR.OETKER ZAHAR VANILINAT 8G} => {DR.OETKER PRAF DE COPT 10G}",0.000142014090521338,0.496598639455782,0.000285973579542968,83.1763886395223,146
"{DR.OETKER PRAF DE COPT 10G,ESENTA DE ROM ADAZIA 25ML} => {DR.OETKER ZAHAR VANILINAT 8G}",0.000112833113016953,0.524886877828054,0.000214966534282299,67.0500593722732,116
"{DR.OETKER ZAHAR VANILINAT 8G,ESENTA DE ROM ADAZIA 25ML} => {DR.OETKER PRAF DE COPT 10G}",0.000112833113016953,0.483333333333333,0.000233447820035076,80.9545536005213,116
"{_TELINA,BONDUELLE MAZARE VERDE BOABE 200G} => {_MORCOVI}",0.000103106120515492,0.6625,0.000155631880023384,15.095846170043,106
"{_MORCOVI,BONDUELLE MAZARE VERDE BOABE 200G} => {_TELINA}",0.000103106120515492,0.358108108108108,0.00028791897804326,24.235345163477,106
"{_PATRUNJEL RADACINA KG,BONDUELLE MAZARE VERDE BOABE 200G} => {_MORCOVI}",0.000146877586772068,0.733009708737864,0.000200376045530107,16.7024932894412,151
"{_MORCOVI,BONDUELLE MAZARE VERDE BOABE 200G} => {_PATRUNJEL RADACINA KG}",0.000146877586772068,0.510135135135135,0.00028791897804326,25.2906928665175,151
"{DANONE IAURT DELICIOS CAPSUNI 125G,DANONE IAURT DELICIOS VISINE 125G} => {DANONE IAURT DELICIOS CAISE 125G}",0.000122560105518415,0.440559440559441,0.000278191985541798,212.540883330653,126
"{DANONE IAURT DELICIOS CAISE 125G,DANONE IAURT DELICIOS VISINE 125G} => {DANONE IAURT DELICIOS CAPSUNI 125G}",0.000122560105518415,0.315789473684211,0.000388107000808313,159.534514418725,126
"{DANONE IAURT DELICIOS CAISE 125G,DANONE IAURT DELICIOS CAPSUNI 125G} => {DANONE IAURT DELICIOS VISINE 125G}",0.000122560105518415,0.213197969543147,0.000574865256836373,140.591274505654,126
"{CREMWURSTI DE PUI CRISTUR,POLONEZ CRISTUR} => {PARIZER CRISTUR}",0.000103106120515492,0.303724928366762,0.000339472038301006,31.5339907020028,106
"{PARIZER CRISTUR,POLONEZ CRISTUR} => {CREMWURSTI DE PUI CRISTUR}",0.000103106120515492,0.188612099644128,0.000546656978582135,26.76779064672,106
"{DANONE IAURT DELICIOS CAPSUNI 125G,DANONE IAURT DELICIOS FRUCTE DE PADURE 125G} => {DANONE IAURT DELICIOS CAISE 125G}",0.000155631880023384,0.380952380952381,0.000408533685061382,183.784407052356,160
"{DANONE IAURT DELICIOS CAISE 125G,DANONE IAURT DELICIOS CAPSUNI 125G} => {DANONE IAURT DELICIOS FRUCTE DE PADURE 125G}",0.000155631880023384,0.27072758037225,0.000574865256836373,130.241502747103,160
"{DANONE IAURT DELICIOS CAISE 125G,DANONE IAURT DELICIOS FRUCTE DE PADURE 125G} => {DANONE IAURT DELICIOS CAPSUNI 125G}",0.000155631880023384,0.434782608695652,0.000357953324053782,219.64896912723,160
"{_ARDEI CAPIA GALBEN,_PATRUNJEL RADACINA KG} => {_MORCOVI}",0.000132287098019876,0.653846153846154,0.000202321444030399,14.8986580488088,136
"{_ARDEI CAPIA GALBEN,_MORCOVI} => {_PATRUNJEL RADACINA KG}",0.000132287098019876,0.407185628742515,0.000324881549548813,20.1868210341144,136
"{_PATRUNJEL RADACINA KG,PASTE MELCISORI CU 8 OUA GYERMELYI 250G} => {_MORCOVI}",0.000117696609267684,0.785714285714286,0.000149795684522507,17.9034294199971,121
"{_MORCOVI,PASTE MELCISORI CU 8 OUA GYERMELYI 250G} => {_PATRUNJEL RADACINA KG}",0.000117696609267684,0.430604982206406,0.000273328489291068,21.3478696167234,121
"{_DOVLECEI KG,_PATRUNJEL RADACINA KG} => {_MORCOVI}",0.000123532804768561,0.679144385026738,0.00018189475977733,15.4751081714899,127
"{_DOVLECEI KG,_MORCOVI} => {_PATRUNJEL RADACINA KG}",0.000123532804768561,0.291284403669725,0.000424096873063721,14.4408488704983,127
"{_PATRUNJEL RADACINA KG,PULPE DE PUI INFERIOARE REFR.VRAC SZEKELY CSURKE} => {_MORCOVI}",0.000113805812267099,0.709090909090909,0.000160495376274114,16.1574751459808,117
"{_MORCOVI,PULPE DE PUI INFERIOARE REFR.VRAC SZEKELY CSURKE} => {_PATRUNJEL RADACINA KG}",0.000113805812267099,0.354545454545455,0.000320990752548229,17.5771076731534,117
"{_PATRUNJEL RADACINA KG,_RIDICHI ROSU LEGATURA} => {_MORCOVI}",0.000114778511517245,0.666666666666667,0.000172167767275868,15.1907885987854,118
"{_MORCOVI,_RIDICHI ROSU LEGATURA} => {_PATRUNJEL RADACINA KG}",0.000114778511517245,0.304909560723514,0.000376434609806559,15.1163358906467,118
"{_GULII,_VARZA NOUA} => {_MORCOVI}",0.000121587406268269,0.628140703517588,0.000193567150779083,14.312928956142,125
"{_MORCOVI,_VARZA NOUA} => {_GULII}",0.000121587406268269,0.205592105263158,0.000591401144088858,17.4319553716766,125
"{_TELINA,_VARZA NOUA} => {_MORCOVI}",0.00014395948902163,0.669683257918552,0.000214966534282299,15.2595251987799,148
"{_MORCOVI,_VARZA NOUA} => {_TELINA}",0.00014395948902163,0.243421052631579,0.000591401144088858,16.473777323138,148
"{_CEAPA GALBENA,_VARZA NOUA} => {_MORCOVI}",0.000101160722015199,0.354948805460751,0.000285000880292821,8.08792840071851,104
"{_MORCOVI,_VARZA NOUA} => {_CEAPA GALBENA}",0.000101160722015199,0.171052631578947,0.000591401144088858,9.74311960715129,104
"{_PATRUNJEL RADACINA KG,_VARZA NOUA} => {_MORCOVI}",0.000160495376274114,0.726872246696035,0.000220802729783176,16.5626439568255,165
"{_MORCOVI,_VARZA NOUA} => {_PATRUNJEL RADACINA KG}",0.000160495376274114,0.271381578947368,0.000591401144088858,13.454137325731,165
"{DR.OETKER PRAF DE COPT 10G,ZAHAR PUDRA KORONAS 500G} => {DR.OETKER ZAHAR VANILINAT 8G}",0.000138123293520753,0.510791366906475,0.000270410391540629,65.2494716950098,142
"{DR.OETKER ZAHAR VANILINAT 8G,ZAHAR PUDRA KORONAS 500G} => {DR.OETKER PRAF DE COPT 10G}",0.000138123293520753,0.445141065830721,0.000310291060796621,74.5576474625924,142
"{_PATRUNJEL RADACINA KG,UNT MARKAZOTT 82% MEGGLE 200G} => {_MORCOVI}",0.000103106120515492,0.75177304964539,0.000137150594270607,17.130038207141,106
"{_MORCOVI,UNT MARKAZOTT 82% MEGGLE 200G} => {_PATRUNJEL RADACINA KG}",0.000103106120515492,0.379928315412186,0.000271383090790775,18.8354999971481,106
"{_PATRUNJEL RADACINA KG,GOBE PESMET 400G} => {_MORCOVI}",0.000101160722015199,0.722222222222222,0.000140068692021045,16.4566876486842,104
"{_MORCOVI,GOBE PESMET 400G} => {_PATRUNJEL RADACINA KG}",0.000101160722015199,0.332268370607029,0.000304454865295744,16.4726887671725,104
"{_PATRUNJEL RADACINA KG,UNT 82% GRASIME MASLO POLSKIE MLEKOVITA 200G} => {_MORCOVI}",0.000107969616766222,0.656804733727811,0.000164386173274699,14.9660727911111,111
"{_MORCOVI,UNT 82% GRASIME MASLO POLSKIE MLEKOVITA 200G} => {_PATRUNJEL RADACINA KG}",0.000107969616766222,0.37,0.000291809775043844,18.3432892896755,111
"{_CONOPIDA,_GULII} => {_TELINA}",0.000122560105518415,0.390092879256966,0.000314181857797206,26.3999483970161,126
"{_CONOPIDA,_TELINA} => {_GULII}",0.000122560105518415,0.346153846153846,0.000354062527053198,29.3500491673275,126
"{_CONOPIDA,_GULII} => {_PATRUNJEL RADACINA KG}",0.000124505504018707,0.396284829721362,0.000314181857797206,19.6463980342939,128
"{_CONOPIDA,_PATRUNJEL RADACINA KG} => {_GULII}",0.000124505504018707,0.304038004750594,0.000409506384311528,25.7790877880354,128
"{_CONOPIDA,_GULII} => {_MORCOVI}",0.00016924966952543,0.538699690402477,0.000314181857797206,12.2749096727028,174
"{_CONOPIDA,_MORCOVI} => {_GULII}",0.00016924966952543,0.22509702457956,0.000751896520362972,19.08575857884,174
"{_CONOPIDA,_TELINA} => {_PATRUNJEL RADACINA KG}",0.00015660457927353,0.442307692307692,0.000354062527053198,21.9280485271588,161
"{_CONOPIDA,_PATRUNJEL RADACINA KG} => {_TELINA}",0.00015660457927353,0.382422802850356,0.000409506384311528,25.8808678597826,161
"{_CONOPIDA,_TELINA} => {_MORCOVI}",0.000180922060527184,0.510989010989011,0.000354062527053198,11.6434890633547,186
"{_CONOPIDA,_MORCOVI} => {_TELINA}",0.000180922060527184,0.240620957309185,0.000751896520362972,16.2842779091555,186
"{_CONOPIDA,_PATRUNJEL RADACINA KG} => {_MORCOVI}",0.000261656098289314,0.63895486935867,0.000409506384311528,14.5593425168882,269
"{_CONOPIDA,_MORCOVI} => {_PATRUNJEL RADACINA KG}",0.000261656098289314,0.347994825355757,0.000751896520362972,17.2523506832723,269
"{PULPE PUI CU SPATE REFR.VRAC SZEKELY CSURKE,SPATE PORC FARA OS} => {CARNE TOCATA PORC VRAC}",0.000107969616766222,0.309192200557103,0.000349199030802467,10.3130977240328,111
"{CARNE TOCATA PORC VRAC,SPATE PORC FARA OS} => {PULPE PUI CU SPATE REFR.VRAC SZEKELY CSURKE}",0.000107969616766222,0.116230366492147,0.000928927783889571,11.0692546723929,111
"{COTLET PORC FARA OS,SPATE PORC FARA OS} => {CARNE TOCATA PORC VRAC}",0.000104078819765638,0.2590799031477,0.000401724790310359,8.64160336088983,107
"{CARNE TOCATA PORC VRAC,SPATE PORC FARA OS} => {COTLET PORC FARA OS}",0.000104078819765638,0.112041884816754,0.000928927783889571,9.85595656694667,107
"{_PATRUNJEL RADACINA KG,PALL MALL S-LINE FLOW BLUE/PURPLE} => {_MORCOVI}",0.000124505504018707,0.82051282051282,0.000151741083022799,18.6963551985051,128
"{_MORCOVI,PALL MALL S-LINE FLOW BLUE/PURPLE} => {_PATRUNJEL RADACINA KG}",0.000124505504018707,0.450704225352113,0.000276246587041506,22.3443188911159,128
"{_PATRUNJEL RADACINA KG,_VINETE} => {_MORCOVI}",0.000100188022765053,0.588571428571429,0.000170222368775576,13.4112962200705,103
"{_MORCOVI,_VINETE} => {_PATRUNJEL RADACINA KG}",0.000100188022765053,0.22787610619469,0.000439660061066059,11.2972901030649,103
"{_PATRUNJEL RADACINA KG,BRANZA DE VACA VRAC KERESZTURI} => {_MORCOVI}",0.000115751210767392,0.62303664921466,0.000185785556777914,14.1966270412733,119
"{_MORCOVI,BRANZA DE VACA VRAC KERESZTURI} => {_PATRUNJEL RADACINA KG}",0.000115751210767392,0.326027397260274,0.000355035226303344,16.1632834170409,119
"{_ARDEI IUTE,_PATRUNJEL RADACINA KG} => {_MORCOVI}",0.000157577278523676,0.666666666666667,0.000236365917785514,15.1907885987854,162
"{_ARDEI IUTE,_MORCOVI} => {_PATRUNJEL RADACINA KG}",0.000157577278523676,0.327272727272727,0.000481486128822343,16.2250224675262,162
"{_PATRUNJEL RADACINA KG,_SALATA VERDE BUC} => {_MORCOVI}",0.000112833113016953,0.655367231638418,0.000172167767275868,14.9333176055857,116
"{_MORCOVI,_SALATA VERDE BUC} => {_PATRUNJEL RADACINA KG}",0.000112833113016953,0.307692307692308,0.000366707617305098,15.2542946275887,116
"{_PATRUNJEL RADACINA KG,PULPE DE PUI SUPERIOARE REFR.VRAC SZEKELY CSURKE} => {_MORCOVI}",0.00013131439876973,0.703125,0.00018675825602806,16.0215348502815,135
"{_MORCOVI,PULPE DE PUI SUPERIOARE REFR.VRAC SZEKELY CSURKE} => {_PATRUNJEL RADACINA KG}",0.00013131439876973,0.353403141361257,0.000371571113555829,17.52047583208,135
"{_CASTRAVETI CORNISON,_ROSII DE GRADINA ROMANIA} => {_BANANE}",0.00011866930851783,0.121635094715852,0.000975617347896587,1.77281464932223,122
"{_BANANE,_ROSII DE GRADINA ROMANIA} => {_CASTRAVETI CORNISON}",0.00011866930851783,0.204013377926421,0.000581674151587397,20.9970388832398,122
"{_PATRUNJEL RADACINA KG,_ROSII DE GRADINA ROMANIA} => {_MORCOVI}",0.000101160722015199,0.645962732919255,0.00015660457927353,14.7190249777051,104
"{_MORCOVI,_ROSII DE GRADINA ROMANIA} => {_PATRUNJEL RADACINA KG}",0.000101160722015199,0.237442922374429,0.000426042271564013,11.7715789591895,104
"{DR.OETKER PRAF DE COPT 10G,FAINA BANEASA TIP 000 1KG} => {DR.OETKER ZAHAR VANILINAT 8G}",0.000140068692021045,0.549618320610687,0.000254847203538291,70.2093014432489,144
"{DR.OETKER ZAHAR VANILINAT 8G,FAINA BANEASA TIP 000 1KG} => {DR.OETKER PRAF DE COPT 10G}",0.000140068692021045,0.491467576791809,0.000285000880292821,82.316975768919,144
"{_PATRUNJEL RADACINA KG,FAINA BANEASA TIP 000 1KG} => {_MORCOVI}",0.00013131439876973,0.725806451612903,0.000180922060527184,16.5383585551293,135
"{_MORCOVI,FAINA BANEASA TIP 000 1KG} => {_PATRUNJEL RADACINA KG}",0.00013131439876973,0.382436260623229,0.00034336283530159,18.9598350364152,135
"{_PATRUNJEL RADACINA KG,PAINE CU CARTOFI PRIMA 500G} => {_MORCOVI}",0.000101160722015199,0.654088050314465,0.000154659180773238,14.9041699459781,104
"{_MORCOVI,PAINE CU CARTOFI PRIMA 500G} => {_PATRUNJEL RADACINA KG}",0.000101160722015199,0.321981424148607,0.000314181857797206,15.9626984028638,104
"{_PATRUNJEL RADACINA KG,10 OUA PROASPATA DE LA GAINA CRESCUTA LA SOL COD 2 MAR L 63-73G} => {_MORCOVI}",0.000126450902518999,0.643564356435644,0.000196485248529522,14.6643751324909,130
"{_MORCOVI,10 OUA PROASPATA DE LA GAINA CRESCUTA LA SOL COD 2 MAR L 63-73G} => {_PATRUNJEL RADACINA KG}",0.000126450902518999,0.324189526184539,0.000390052399308605,16.0721682796914,130
"{_GRAPEFRUIT ROSU^2 A nu se consuma coaja,_KIWI KG} => {_BANANE}",0.000107969616766222,0.381443298969072,0.000283055481792529,5.55948322215627,111
"{_CLEMENTINA^2 A nu se consuma coaja,_KIWI KG} => {_BANANE}",0.000170222368775576,0.458115183246073,0.000371571113555829,6.67696531032282,175
"{_BANANE,_KIWI KG} => {_CLEMENTINA^2 A nu se consuma coaja}",0.000170222368775576,0.114453891432309,0.00148725715347346,14.9626486270523,175
"{_KIWI KG,_PORTOCALE^2 A nu se consuma coaja} => {_BANANE}",0.000246092910286975,0.500990099009901,0.000491213121323805,7.3018612659854,253
"{_BANANE,_KIWI KG} => {_PORTOCALE^2 A nu se consuma coaja}",0.000246092910286975,0.165467625899281,0.00148725715347346,19.6297952637198,253
"{_KIWI KG,_MANDARINE^2 A nu se consuma coaja} => {_BANANE}",0.000197457947779668,0.41260162601626,0.000478568031071905,6.01361152095579,203
"{_BANANE,_KIWI KG} => {_MANDARINE^2 A nu se consuma coaja}",0.000197457947779668,0.132766514061478,0.00148725715347346,14.194350229996,203
"{_KIWI KG,_MERE ROSII} => {_BANANE}",0.000109915015266515,0.468879668049793,0.000234420519285222,6.83385618459739,113
"{_KIWI KG,_PATRUNJEL RADACINA KG} => {_MORCOVI}",0.000130341699519584,0.638095238095238,0.000204266842530691,14.5397548016946,134
"{_KIWI KG,_MORCOVI} => {_PATRUNJEL RADACINA KG}",0.000130341699519584,0.326034063260341,0.000399779391810067,16.1636138937102,134
"{_KIWI KG,_LAMAIE^2 A nu se consuma coaja} => {_BANANE}",0.000185785556777914,0.39874739039666,0.000465922940820005,5.81168795671666,191
"{_BANANE,_KIWI KG} => {_LAMAIE^2 A nu se consuma coaja}",0.000185785556777914,0.124918247220405,0.00148725715347346,4.51514705428895,191
"{_KIWI KG,_MORCOVI} => {_BANANE}",0.000126450902518999,0.316301703163017,0.000399779391810067,4.61005349058924,130
"{_PATRUNJEL RADACINA KG,GOBE 6  L OUA PROASPETE} => {_MORCOVI}",0.000160495376274114,0.657370517928287,0.000244147511786683,14.978964853384,165
"{_MORCOVI,GOBE 6  L OUA PROASPETE} => {_PATRUNJEL RADACINA KG}",0.000160495376274114,0.35031847133758,0.000458141346818836,17.3675488196273,165
"{_CASTRAVETI CORNISON,_ROSII PRUNISOR} => {_ARDEI GRAS ROMANIA}",0.000119642007767976,0.145047169811321,0.000824848964123933,14.449438830079,123
"{_ARDEI GRAS ROMANIA,_ROSII PRUNISOR} => {_CASTRAVETI CORNISON}",0.000119642007767976,0.177745664739884,0.000673107881101134,18.2935681561857,123
"{_ARDEI GRAS ROMANIA,_CASTRAVETI CORNISON} => {_ROSII PRUNISOR}",0.000119642007767976,0.144366197183099,0.000828739761124518,29.935079314126,123
"{_CASTRAVETI CORNISON,_ROSII PRUNISOR} => {_ARDEI ROSU CAPIA}",0.000107969616766222,0.130896226415094,0.000824848964123934,7.7379156346321,111
"{_ARDEI ROSU CAPIA,_ROSII PRUNISOR} => {_CASTRAVETI CORNISON}",0.000107969616766222,0.218074656188605,0.000495103918324389,22.4442244032286,111
"{_ARDEI ROSU CAPIA,_CASTRAVETI CORNISON} => {_ROSII PRUNISOR}",0.000107969616766222,0.131360946745562,0.000821930866373495,27.2383732226442,111
"{_PATRUNJEL RADACINA KG,_ROSII PRUNISOR} => {_MORCOVI}",0.000135205195770315,0.634703196347032,0.000213021135782006,14.4624631180217,139
"{_MORCOVI,_ROSII PRUNISOR} => {_PATRUNJEL RADACINA KG}",0.000135205195770315,0.34320987654321,0.00039394319630919,17.0151298716376,139
"{_PATRUNJEL RADACINA KG,WINSTON SUPERSLIMS SILVER} => {_MORCOVI}",0.000105051519015784,0.696774193548387,0.000150768383772653,15.8768242129241,108
"{_MORCOVI,WINSTON SUPERSLIMS SILVER} => {_PATRUNJEL RADACINA KG}",0.000105051519015784,0.342857142857143,0.000306400263796037,16.9976425850275,108
"{CEAFA DE PORC FARA OS,COTLET PORC FARA OS} => {CARNE TOCATA PORC VRAC}",0.000155631880023384,0.234260614934114,0.000664353587849819,7.81375665477484,160
"{CARNE TOCATA PORC VRAC,CEAFA DE PORC FARA OS} => {COTLET PORC FARA OS}",0.000155631880023384,0.188235294117647,0.000826794362624226,16.5584404994992,160
"{_PATRUNJEL RADACINA KG,CREMWURSTI PIEPT PUI BENEDEK} => {_MORCOVI}",0.000108942316016369,0.741721854304636,0.000146877586772068,16.9010098317612,112
"{_MORCOVI,CREMWURSTI PIEPT PUI BENEDEK} => {_PATRUNJEL RADACINA KG}",0.000108942316016369,0.366013071895425,0.000297645970544721,18.1456315177853,112
"{_CARTOFI ALBI,_TELINA} => {_PATRUNJEL RADACINA KG}",0.000120614707018122,0.556053811659193,0.000216911932782591,27.56717818349,124
"{_CARTOFI ALBI,_PATRUNJEL RADACINA KG} => {_TELINA}",0.000120614707018122,0.394904458598726,0.00030542756454589,26.7255771205461,124
"{_CARTOFI ALBI,_TELINA} => {_MORCOVI}",0.000141041391271191,0.650224215246637,0.000216911932782591,14.8161278934342,145
"{_CARTOFI ALBI,_MORCOVI} => {_TELINA}",0.000141041391271191,0.212609970674487,0.000663380888599673,14.3886047476406,145
"{_CARTOFI ALBI,_CEAPA GALBENA} => {_MORCOVI}",0.000159522677023968,0.305400372439479,0.000522339497328481,6.95890874357767,164
"{_CARTOFI ALBI,_MORCOVI} => {_CEAPA GALBENA}",0.000159522677023968,0.240469208211144,0.000663380888599673,13.6970722742537,164
"{_CARTOFI ALBI,_PATRUNJEL RADACINA KG} => {_MORCOVI}",0.000227611624534199,0.745222929936306,0.00030542756454589,16.9807859814448,234
"{_CARTOFI ALBI,_MORCOVI} => {_PATRUNJEL RADACINA KG}",0.000227611624534199,0.343108504398827,0.000663380888599673,17.0101041998259,234
"{_TELINA,FRISCA PENTRU GATIT UHT 10% MEGGLE 200ML} => {_MORCOVI}",0.000101160722015199,0.522613065326633,0.000193567150779083,11.9083568915102,104
"{_MORCOVI,FRISCA PENTRU GATIT UHT 10% MEGGLE 200ML} => {_TELINA}",0.000101160722015199,0.238532110091743,0.00042409687306372,16.142912963313,104
"{_PATRUNJEL RADACINA KG,FRISCA PENTRU GATIT UHT 10% MEGGLE 200ML} => {_MORCOVI}",0.000160495376274114,0.673469387755102,0.000238311316285806,15.3457966457118,165
"{_MORCOVI,FRISCA PENTRU GATIT UHT 10% MEGGLE 200ML} => {_PATRUNJEL RADACINA KG}",0.000160495376274114,0.378440366972477,0.000424096873063721,18.7617327845056,165
"{_CIUPERCI,_GULII} => {_MORCOVI}",0.000113805812267099,0.576354679802956,0.000197457947779668,13.132923148211,117
"{_CIUPERCI,_MORCOVI} => {_GULII}",0.000113805812267099,0.1872,0.000607937031341343,15.8725065896907,117
"{_CIUPERCI,_TELINA} => {_MORCOVI}",0.000125478203268853,0.565789473684211,0.000221775429033322,12.8921824292324,129
"{_CIUPERCI,_MORCOVI} => {_TELINA}",0.000125478203268853,0.2064,0.000607937031341343,13.9683384109012,129
"{_CEAPA GALBENA,_CIUPERCI} => {_MORCOVI}",0.000105051519015784,0.297520661157025,0.000353089827803052,6.77936020111084,108
"{_CIUPERCI,_MORCOVI} => {_CEAPA GALBENA}",0.000105051519015784,0.1728,0.000607937031341343,9.84264932129204,108
"{_CIUPERCI,_PATRUNJEL RADACINA KG} => {_MORCOVI}",0.000187730955278207,0.643333333333333,0.000291809775043844,14.6591109978279,193
"{_CIUPERCI,_MORCOVI} => {_PATRUNJEL RADACINA KG}",0.000187730955278207,0.3088,0.000607937031341343,15.3092100882481,193
"{_PATRUNJEL RADACINA KG,_STRUGURI NEGRI} => {_MORCOVI}",0.000123532804768561,0.613526570048309,0.000201348744780253,13.9799286380127,127
"{_MORCOVI,_STRUGURI NEGRI} => {_PATRUNJEL RADACINA KG}",0.000123532804768561,0.287330316742081,0.000429933068564597,14.2448192478218,127
"{_TELINA,SMANTANA 20% GRASIME FRISS 900G} => {_MORCOVI}",0.000135205195770315,0.617777777777778,0.000218857331282883,14.0767974348745,139
"{_MORCOVI,SMANTANA 20% GRASIME FRISS 900G} => {_TELINA}",0.000135205195770315,0.304824561403509,0.000443550858066643,20.6293247560017,139
"{_PATRUNJEL RADACINA KG,SMANTANA 20% GRASIME FRISS 900G} => {_MORCOVI}",0.000149795684522507,0.703196347031963,0.000213021135782006,16.023160576801,154
"{_MORCOVI,SMANTANA 20% GRASIME FRISS 900G} => {_PATRUNJEL RADACINA KG}",0.000149795684522507,0.337719298245614,0.000443550858066644,16.7429264497986,154
"{_PATRUNJEL RADACINA KG,ULEI KUNSAGI EDEN 1L} => {_MORCOVI}",0.00013131439876973,0.718085106382979,0.000182867459027476,16.3624185705002,135
"{_MORCOVI,ULEI KUNSAGI EDEN 1L} => {_PATRUNJEL RADACINA KG}",0.00013131439876973,0.334987593052109,0.000391997797808898,16.6074981832619,135
"{_GRAPEFRUIT ROSU^2 A nu se consuma coaja,_PORTOCALE^2 A nu se consuma coaja} => {_LAMAIE^2 A nu se consuma coaja}",0.00011866930851783,0.195512820512821,0.000606964332091196,7.06677491284864,122
"{_GRAPEFRUIT ROSU^2 A nu se consuma coaja,_LAMAIE^2 A nu se consuma coaja} => {_PORTOCALE^2 A nu se consuma coaja}",0.00011866930851783,0.134065934065934,0.000885156317632995,15.904542192172,122
"{_LAMAIE^2 A nu se consuma coaja,_PORTOCALE^2 A nu se consuma coaja} => {_GRAPEFRUIT ROSU^2 A nu se consuma coaja}",0.00011866930851783,0.100411522633745,0.00118182958892757,18.9065518021074,122
"{_GRAPEFRUIT ROSU^2 A nu se consuma coaja,_PORTOCALE^2 A nu se consuma coaja} => {_BANANE}",0.00018189475977733,0.299679487179487,0.000606964332091196,4.36778699613187,187
"{_BANANE,_GRAPEFRUIT ROSU^2 A nu se consuma coaja} => {_PORTOCALE^2 A nu se consuma coaja}",0.00018189475977733,0.147128245476003,0.00123630074693575,17.4541534666257,187
"{_GRAPEFRUIT ROSU^2 A nu se consuma coaja,_MANDARINE^2 A nu se consuma coaja} => {_BANANE}",0.000105051519015784,0.331288343558282,0.000317099955547644,4.82848169750532,108
"{_GRAPEFRUIT ROSU^2 A nu se consuma coaja,_PATRUNJEL RADACINA KG} => {_MORCOVI}",0.000128396301019292,0.591928251121076,0.000216911932782591,13.4877853926435,132
"{_GRAPEFRUIT ROSU^2 A nu se consuma coaja,_MORCOVI} => {_PATRUNJEL RADACINA KG}",0.000128396301019292,0.24812030075188,0.000517476001077751,12.3009255549541,132
"{_GRAPEFRUIT ROSU^2 A nu se consuma coaja,_LAMAIE^2 A nu se consuma coaja} => {_MORCOVI}",0.000103106120515492,0.116483516483516,0.000885156317632995,2.65421471121635,106
"{_GRAPEFRUIT ROSU^2 A nu se consuma coaja,_MORCOVI} => {_LAMAIE^2 A nu se consuma coaja}",0.000103106120515492,0.199248120300752,0.000517476001077751,7.20178663619284,106
"{_GRAPEFRUIT ROSU^2 A nu se consuma coaja,_LAMAIE^2 A nu se consuma coaja} => {_BANANE}",0.000215939233532445,0.243956043956044,0.000885156317632995,3.55562553329116,222
"{_BANANE,_GRAPEFRUIT ROSU^2 A nu se consuma coaja} => {_LAMAIE^2 A nu se consuma coaja}",0.000215939233532445,0.174665617623918,0.00123630074693575,6.31325660140522,222
"{_GRAPEFRUIT ROSU^2 A nu se consuma coaja,_MORCOVI} => {_BANANE}",0.000128396301019292,0.24812030075188,0.000517476001077751,3.61631899900879,132
"{_BANANE,_GRAPEFRUIT ROSU^2 A nu se consuma coaja} => {_MORCOVI}",0.000128396301019292,0.103855232100708,0.00123630074693575,2.36646431357947,132
"{_CEAPA ROSIE,_USTUROI} => {_CEAPA GALBENA}",0.00013131439876973,0.311778290993072,0.000421178775313282,17.7588216680356,135
"{_CEAPA GALBENA,_CEAPA ROSIE} => {_USTUROI}",0.00013131439876973,0.133004926108374,0.00098728973889834,13.2318536258427,135
"{_CEAPA ROSIE,_USTUROI} => {_MORCOVI}",0.000114778511517245,0.272517321016166,0.000421178775313282,6.20962951959588,118
"{_CEAPA ROSIE,_MORCOVI} => {_USTUROI}",0.000114778511517245,0.124604012671595,0.000921146189888402,12.3960976867862,118
"{_CEAPA ROSIE,_GULII} => {_PATRUNJEL RADACINA KG}",0.000104078819765638,0.449579831932773,0.000231502421534783,22.2885754485041,107
"{_CEAPA ROSIE,_PATRUNJEL RADACINA KG} => {_GULII}",0.000104078819765638,0.242081447963801,0.000429933068564597,20.5258513784578,107
"{_CEAPA ROSIE,_GULII} => {_MORCOVI}",0.000152713782272945,0.659663865546218,0.000231502421534783,15.0312214916553,157
"{_CEAPA ROSIE,_MORCOVI} => {_GULII}",0.000152713782272945,0.165786694825766,0.000921146189888402,14.0568931950054,157
"{_CEAPA ROSIE,_TELINA} => {_PATRUNJEL RADACINA KG}",0.000148822985272361,0.513422818791946,0.000289864376543552,25.4536845757332,153
"{_CEAPA ROSIE,_PATRUNJEL RADACINA KG} => {_TELINA}",0.000148822985272361,0.346153846153846,0.000429933068564597,23.4263278358137,153
"{_CEAPA ROSIE,_TELINA} => {_MORCOVI}",0.000190649053028645,0.657718120805369,0.000289864376543552,14.9868853961171,196
"{_CEAPA ROSIE,_MORCOVI} => {_TELINA}",0.000190649053028645,0.206969376979937,0.000921146189888402,14.0068716005288,196
"{_CEAPA GALBENA,_CEAPA ROSIE} => {_PATRUNJEL RADACINA KG}",0.000125478203268853,0.127093596059113,0.00098728973889834,6.30085026858776,129
"{_CEAPA ROSIE,_PATRUNJEL RADACINA KG} => {_CEAPA GALBENA}",0.000125478203268853,0.29185520361991,0.000429933068564597,16.6240070707468,129
"{_CEAPA GALBENA,_CEAPA ROSIE} => {_MORCOVI}",0.000271383090790775,0.27487684729064,0.00098728973889834,6.26339411683911,279
"{_CEAPA ROSIE,_MORCOVI} => {_CEAPA GALBENA}",0.000271383090790775,0.294614572333685,0.000921146189888402,16.7811800950399,279
"{_CEAPA GALBENA,_CEAPA ROSIE} => {_BANANE}",0.000129369000269438,0.131034482758621,0.00098728973889834,1.90980942748071,133
"{_BANANE,_CEAPA ROSIE} => {_CEAPA GALBENA}",0.000129369000269438,0.208137715179969,0.000621554820843389,11.8554776681215,133
"{_CEAPA ROSIE,_PATRUNJEL RADACINA KG} => {_MORCOVI}",0.000324881549548813,0.755656108597285,0.000429933068564597,17.2185182986233,334
"{_CEAPA ROSIE,_MORCOVI} => {_PATRUNJEL RADACINA KG}",0.000324881549548813,0.352692713833157,0.000921146189888402,17.4852553518982,334
"{_CEAPA ROSIE,_MORCOVI} => {_BANANE}",0.000139095992770899,0.151003167898627,0.000921146189888402,2.20085024614086,143
"{_BANANE,_CEAPA ROSIE} => {_MORCOVI}",0.000139095992770899,0.223787167449139,0.000621554820843389,5.0992553277613,143
"{_PATRUNJEL RADACINA KG,GOBE LAPTE 1.5% 1L} => {_MORCOVI}",0.000185785556777914,0.70479704797048,0.000263601496789606,16.0596344411514,191
"{_MORCOVI,GOBE LAPTE 1.5% 1L} => {_PATRUNJEL RADACINA KG}",0.000185785556777914,0.35634328358209,0.000521366798078335,17.6662376680517,191
"{_TELINA,GOBE 20 OUA PROASPETE M DIN GHEORGHENI} => {_MORCOVI}",0.000104078819765638,0.594444444444444,0.000175085865026307,13.545119833917,107
"{_MORCOVI,GOBE 20 OUA PROASPETE M DIN GHEORGHENI} => {_TELINA}",0.000104078819765638,0.197781885397412,0.000526230294329066,13.3850983855481,107
"{_PATRUNJEL RADACINA KG,GOBE 20 OUA PROASPETE M DIN GHEORGHENI} => {_MORCOVI}",0.000175085865026307,0.708661417322835,0.000247065609537122,16.1476886680002,180
"{_MORCOVI,GOBE 20 OUA PROASPETE M DIN GHEORGHENI} => {_PATRUNJEL RADACINA KG}",0.000175085865026307,0.33271719038817,0.000526230294329066,16.4949396619952,180
"{_TELINA,GOBE 10 OUA PROASPETE M DE LA GAINI CRESCUTE IN AER LIBER} => {_MORCOVI}",0.000116723910017538,0.618556701030928,0.000188703654528353,14.0945461225844,120
"{_MORCOVI,GOBE 10 OUA PROASPETE M DE LA GAINI CRESCUTE IN AER LIBER} => {_TELINA}",0.000116723910017538,0.215439856373429,0.000541793482331404,14.5801202568799,120
"{_PATRUNJEL RADACINA KG,GOBE 10 OUA PROASPETE M DE LA GAINI CRESCUTE IN AER LIBER} => {_MORCOVI}",0.000183840158277622,0.74703557312253,0.000246092910286975,17.0220892006153,189
"{_MORCOVI,GOBE 10 OUA PROASPETE M DE LA GAINI CRESCUTE IN AER LIBER} => {_PATRUNJEL RADACINA KG}",0.000183840158277622,0.339317773788151,0.000541793482331404,16.8221732046614,189
"{_PATRUNJEL RADACINA KG,CASCAVAL MAASDAMER 45% FN} => {_MORCOVI}",0.000140068692021045,0.712871287128713,0.000196485248529522,16.2436155313745,144
"{_MORCOVI,CASCAVAL MAASDAMER 45% FN} => {_PATRUNJEL RADACINA KG}",0.000140068692021045,0.424778761061947,0.000329745045799544,21.0590262115384,144
"{_PATRUNJEL RADACINA KG,SALAM POTCOAVA CRIS-TIM} => {_MORCOVI}",0.000111860413766807,0.628415300546448,0.000178003962776745,14.3191859742649,115
"{_MORCOVI,SALAM POTCOAVA CRIS-TIM} => {_PATRUNJEL RADACINA KG}",0.000111860413766807,0.347432024169184,0.000321963451798375,17.2244489941429,115
"{_PATRUNJEL RADACINA KG,BRANZA TOPITA CU SMANTANA GORDON 125G} => {_MORCOVI}",0.000113805812267099,0.774834437086093,0.000146877586772068,17.6555191992506,117
"{_MORCOVI,BRANZA TOPITA CU SMANTANA GORDON 125G} => {_PATRUNJEL RADACINA KG}",0.000113805812267099,0.397959183673469,0.000285973579542968,19.7294065719069,117
"{_GULII,CONSERVA MAZARE VERDE GREEN PEAS 400G} => {_MORCOVI}",0.000121587406268269,0.570776255707763,0.000213021135782006,13.0058121564944,125
"{_MORCOVI,CONSERVA MAZARE VERDE GREEN PEAS 400G} => {_GULII}",0.000121587406268269,0.157629255989912,0.000771350505365895,13.3652318612603,125
"{_TELINA,CONSERVA MAZARE VERDE GREEN PEAS 400G} => {_PATRUNJEL RADACINA KG}",0.000116723910017538,0.483870967741935,0.000241229414036245,23.9886084869339,120
"{_PATRUNJEL RADACINA KG,CONSERVA MAZARE VERDE GREEN PEAS 400G} => {_TELINA}",0.000116723910017538,0.351906158357771,0.000331690444299836,23.8156216512671,120
"{_TELINA,CONSERVA MAZARE VERDE GREEN PEAS 400G} => {_MORCOVI}",0.000134232496520168,0.556451612903226,0.000241229414036245,12.6794082255991,138
"{_MORCOVI,CONSERVA MAZARE VERDE GREEN PEAS 400G} => {_TELINA}",0.000134232496520168,0.174022698612863,0.000771350505365895,11.777170278114,138
"{_PATRUNJEL RADACINA KG,CONSERVA MAZARE VERDE GREEN PEAS 400G} => {_MORCOVI}",0.000228584323784345,0.689149560117302,0.000331690444299836,15.7030879210318,235
"{_MORCOVI,CONSERVA MAZARE VERDE GREEN PEAS 400G} => {_PATRUNJEL RADACINA KG}",0.000228584323784345,0.296343001261034,0.000771350505365895,14.6916362191941,235
"{_MORCOVI,CONSERVA MAZARE VERDE GREEN PEAS 400G} => {_BANANE}",0.000105051519015784,0.136191677175284,0.000771350505365895,1.98497482142085,108
"{_BANANE,CONSERVA MAZARE VERDE GREEN PEAS 400G} => {_MORCOVI}",0.000105051519015784,0.189473684210526,0.000554438572583304,4.3173820228127,108
"{_PATRUNJEL RADACINA KG,CHEFIR 3.3% FRISS 330G} => {_MORCOVI}",0.000120614707018122,0.704545454545455,0.000171195068025722,16.0539015873528,124
"{_MORCOVI,CHEFIR 3.3% FRISS 330G} => {_PATRUNJEL RADACINA KG}",0.000120614707018122,0.379204892966361,0.00031807265479779,18.7996352749794,124
"{_CASTRAVETI FABIO,_ROSII CHERRY VRAC} => {_ARDEI ROSU CAPIA}",0.000122560105518415,0.173793103448276,0.000705206956355957,10.2737596735529,126
"{_ARDEI ROSU CAPIA,_ROSII CHERRY VRAC} => {_CASTRAVETI FABIO}",0.000122560105518415,0.194144838212635,0.00063128181334485,25.1662969848378,126
"{_ARDEI ROSU CAPIA,_CASTRAVETI FABIO} => {_ROSII CHERRY VRAC}",0.000122560105518415,0.122211445198836,0.00100285292690068,20.0801588351018,126
"{_CASTRAVETI FABIO,_ROSII CHERRY VRAC} => {_BANANE}",0.000134232496520168,0.190344827586207,0.000705206956355957,2.77424948412987,138
"{_BANANE,_ROSII CHERRY VRAC} => {_CASTRAVETI FABIO}",0.000134232496520168,0.139112903225806,0.000964917656144979,18.0327052175823,138
"{_ROSII CHERRY VRAC,_TELINA} => {_PATRUNJEL RADACINA KG}",0.000117696609267684,0.547511312217195,0.000214966534282299,27.1436713226211,121
"{_PATRUNJEL RADACINA KG,_ROSII CHERRY VRAC} => {_TELINA}",0.000117696609267684,0.41296928327645,0.000285000880292821,27.9481332466704,121
"{_ROSII CHERRY VRAC,_TELINA} => {_MORCOVI}",0.000122560105518415,0.570135746606335,0.000214966534282299,12.9912173989613,126
"{_MORCOVI,_ROSII CHERRY VRAC} => {_TELINA}",0.000122560105518415,0.224199288256228,0.000546656978582135,15.1729240787121,126
"{_ARDEI ROSU CAPIA,_ROSII CHERRY VRAC} => {_BANANE}",0.000109915015266515,0.174114021571649,0.00063128181334485,2.53768773572877,113
"{_BANANE,_ROSII CHERRY VRAC} => {_ARDEI ROSU CAPIA}",0.000109915015266515,0.113911290322581,0.000964917656144979,6.7338530566422,113
"{_PATRUNJEL RADACINA KG,_ROSII CHERRY VRAC} => {_MORCOVI}",0.000178003962776745,0.62457337883959,0.000285000880292821,14.231643243572,183
"{_MORCOVI,_ROSII CHERRY VRAC} => {_PATRUNJEL RADACINA KG}",0.000178003962776745,0.325622775800712,0.000546656978582135,16.1432237184313,183
"{_MORCOVI,_ROSII CHERRY VRAC} => {_BANANE}",0.000105051519015784,0.192170818505338,0.000546656978582135,2.80086304873084,108
"{_BANANE,_ROSII CHERRY VRAC} => {_MORCOVI}",0.000105051519015784,0.108870967741935,0.000964917656144979,2.48075378326939,108
"{_PATRUNJEL RADACINA KG,LAPTE UHT PT.CAFEA 6% GRASIME 10*7.5G MEGGLE} => {_MORCOVI}",0.000102133421265346,0.541237113402062,0.000188703654528353,12.3327278572613,105
"{_MORCOVI,LAPTE UHT PT.CAFEA 6% GRASIME 10*7.5G MEGGLE} => {_PATRUNJEL RADACINA KG}",0.000102133421265346,0.270618556701031,0.000377407309056705,13.4163093857337,105
"{DR.OETKER PRAF DE COPT 10G,DROJDIE PROASPATA BUDAFOK 50G} => {DR.OETKER ZAHAR VANILINAT 8G}",0.000127423601769145,0.59009009009009,0.000215939233532445,75.379243122347,131
"{DR.OETKER ZAHAR VANILINAT 8G,DROJDIE PROASPATA BUDAFOK 50G} => {DR.OETKER PRAF DE COPT 10G}",0.000127423601769145,0.404320987654321,0.000315154557047352,67.720603586643,131
"{_PATRUNJEL RADACINA KG,DROJDIE PROASPATA BUDAFOK 50G} => {_MORCOVI}",0.000174113165776161,0.650909090909091,0.000267492293790191,14.8317335955414,179
"{_MORCOVI,DROJDIE PROASPATA BUDAFOK 50G} => {_PATRUNJEL RADACINA KG}",0.000174113165776161,0.330258302583026,0.000527202993579212,16.3730367151287,179
"{_PATRUNJEL RADACINA KG,SUNCA PRAGA CAROLI} => {_MORCOVI}",0.000121587406268269,0.679347826086957,0.000178976662026891,15.4797438166971,125
"{_MORCOVI,SUNCA PRAGA CAROLI} => {_PATRUNJEL RADACINA KG}",0.000121587406268269,0.294117647058824,0.000413397181312113,14.5813110410775,125
"{_MERE GOLDEN,_PORTOCALE^2 A nu se consuma coaja} => {_BANANE}",0.000101160722015199,0.444444444444444,0.000227611624534199,6.47771618677668,104
"{_MERE GOLDEN,_MERE ROSII} => {_BANANE}",0.000152713782272945,0.256117455138662,0.000596264640339589,3.73287641595247,157
"{_GULII,_MERE GOLDEN} => {_MORCOVI}",0.000107969616766222,0.555,0.00019453985002923,12.6463315084889,111
"{_MERE GOLDEN,_MORCOVI} => {_GULII}",0.000107969616766222,0.176751592356688,0.000610855129091781,14.9865962308753,111
"{_MERE GOLDEN,_TELINA} => {_MORCOVI}",0.000126450902518999,0.572687224669604,0.000220802729783176,13.0493558447716,130
"{_MERE GOLDEN,_MORCOVI} => {_TELINA}",0.000126450902518999,0.207006369426752,0.000610855129091781,14.0093751035121,130
"{_MERE GOLDEN,_ROSII VRAC} => {_BANANE}",0.000104078819765638,0.273657289002558,0.000380325406807144,3.9885170638529,107
"{_MERE GOLDEN,_PATRUNJEL RADACINA KG} => {_MORCOVI}",0.00019940334627996,0.726950354609929,0.000274301188541214,16.5644237380373,205
"{_MERE GOLDEN,_MORCOVI} => {_PATRUNJEL RADACINA KG}",0.00019940334627996,0.326433121019108,0.000610855129091781,16.1833977637436,205
"{_LAMAIE^2 A nu se consuma coaja,_MERE GOLDEN} => {_BANANE}",0.00014395948902163,0.30142566191446,0.000477595331821759,4.39323725090964,148
"{_MERE GOLDEN,_MORCOVI} => {_BANANE}",0.000149795684522507,0.245222929936306,0.000610855129091781,3.57409022088873,154
"{_PATRUNJEL RADACINA KG,PAINE GRAHAM BRUTARIA MADARAS 500G} => {_MORCOVI}",0.000123532804768561,0.661458333333333,0.00018675825602806,15.0721105628574,127
"{_MORCOVI,PAINE GRAHAM BRUTARIA MADARAS 500G} => {_PATRUNJEL RADACINA KG}",0.000123532804768561,0.319899244332494,0.000386161602308021,15.8594713036203,127
"{_GULII,_VARZA ALBA} => {_PATRUNJEL RADACINA KG}",0.000115751210767392,0.426523297491039,0.000271383090790775,21.1455141477417,119
"{_PATRUNJEL RADACINA KG,_VARZA ALBA} => {_GULII}",0.000115751210767392,0.255913978494624,0.000452305151317959,21.698698237446,119
"{_GULII,_VARZA ALBA} => {_MORCOVI}",0.000132287098019876,0.487455197132616,0.000271383090790775,11.1072432765313,136
"{_MORCOVI,_VARZA ALBA} => {_GULII}",0.000132287098019876,0.135458167330677,0.000976590047146733,11.4853667392287,136
"{_TELINA,_VARZA ALBA} => {_PATRUNJEL RADACINA KG}",0.000176058564276453,0.494535519125683,0.00035600792555349,24.5173191657898,181
"{_PATRUNJEL RADACINA KG,_VARZA ALBA} => {_TELINA}",0.000176058564276453,0.389247311827957,0.000452305151317959,26.3427237264849,181
"{_TELINA,_VARZA ALBA} => {_MORCOVI}",0.000203294143280545,0.57103825136612,0.00035600792555349,13.0117820374842,209
"{_MORCOVI,_VARZA ALBA} => {_TELINA}",0.000203294143280545,0.208167330677291,0.000976590047146733,14.0879443846627,209
"{_CEAPA GALBENA,_VARZA ALBA} => {_MORCOVI}",0.000138123293520753,0.310722100656455,0.00044452355731679,7.0801706160641,142
"{_MORCOVI,_VARZA ALBA} => {_CEAPA GALBENA}",0.000138123293520753,0.141434262948207,0.000976590047146733,8.0560639595753,142
"{_PATRUNJEL RADACINA KG,_VARZA ALBA} => {_MORCOVI}",0.00030542756454589,0.675268817204301,0.000452305151317959,15.3867987742536,314
"{_MORCOVI,_VARZA ALBA} => {_PATRUNJEL RADACINA KG}",0.00030542756454589,0.312749003984064,0.000976590047146733,15.504987716588,314
"{_MORCOVI,_VARZA ALBA} => {_BANANE}",0.000115751210767392,0.118525896414343,0.000976590047146733,1.72749851494966,119
"{_BANANE,_VARZA ALBA} => {_MORCOVI}",0.000115751210767392,0.141666666666667,0.000817067370122764,3.2280425772419,119
"{_PATRUNJEL RADACINA KG,UNT 82% GRASIME GORDON 200G} => {_MORCOVI}",0.000135205195770315,0.634703196347032,0.000213021135782006,14.4624631180217,139
"{_MORCOVI,UNT 82% GRASIME GORDON 200G} => {_PATRUNJEL RADACINA KG}",0.000135205195770315,0.348370927318296,0.000388107000808313,17.2709964862487,139
"{DR.OETKER BUDINCA VANILIE 40G,DR.OETKER PRAF DE COPT 10G} => {DR.OETKER ZAHAR VANILINAT 8G}",0.000319045354047937,0.532467532467532,0.000599182738090027,68.0184267770003,328
"{DR.OETKER BUDINCA VANILIE 40G,DR.OETKER ZAHAR VANILINAT 8G} => {DR.OETKER PRAF DE COPT 10G}",0.000319045354047937,0.420512820512821,0.000758705415113996,70.4326089680928,328
"{DR.OETKER PRAF DE COPT 10G,DR.OETKER ZAHAR VANILINAT 8G} => {DR.OETKER BUDINCA VANILIE 40G}",0.000319045354047937,0.112251882272416,0.00284222720892704,20.7446442301197,328
"{_PATRUNJEL RADACINA KG,DR.OETKER BUDINCA VANILIE 40G} => {_MORCOVI}",0.000122560105518415,0.617647058823529,0.000198430647029814,14.0738188488747,126
"{_MORCOVI,DR.OETKER BUDINCA VANILIE 40G} => {_PATRUNJEL RADACINA KG}",0.000122560105518415,0.301435406698565,0.00040658828656109,14.9440996411426,126
"{_PATRUNJEL RADACINA KG,ELAN UNT 60% GRASIME 200G} => {_MORCOVI}",0.000123532804768561,0.590697674418605,0.000209130338781422,13.4597452468308,127
"{_MORCOVI,ELAN UNT 60% GRASIME 200G} => {_PATRUNJEL RADACINA KG}",0.000123532804768561,0.255533199195171,0.000483431527322636,12.6684307998737,127
"{DR.OETKER PRAF DE COPT 10G,FAINA BL-55 GYERMELYI 1KG} => {DR.OETKER ZAHAR VANILINAT 8G}",0.000170222368775576,0.519287833827893,0.000327799647299252,66.3348267221596,175
"{DR.OETKER ZAHAR VANILINAT 8G,FAINA BL-55 GYERMELYI 1KG} => {DR.OETKER PRAF DE COPT 10G}",0.000170222368775576,0.446428571428571,0.00038129810605729,74.7732945817623,175
"{_TELINA,FAINA BL-55 GYERMELYI 1KG} => {_MORCOVI}",0.000115751210767392,0.57487922705314,0.000201348744780253,13.0993032119961,119
"{_MORCOVI,FAINA BL-55 GYERMELYI 1KG} => {_TELINA}",0.000115751210767392,0.207317073170732,0.000558329369583889,14.0304023081703,119
"{_PATRUNJEL RADACINA KG,FAINA BL-55 GYERMELYI 1KG} => {_MORCOVI}",0.00018189475977733,0.638225255972696,0.000285000880292821,14.5427174128304,187
"{_MORCOVI,FAINA BL-55 GYERMELYI 1KG} => {_PATRUNJEL RADACINA KG}",0.00018189475977733,0.325783972125436,0.000558329369583889,16.1512152611795,187
"{_MORCOVI,CREMWURSTI DE PUI CRISTUR} => {PARIZER CRISTUR}",0.00010602421826593,0.253488372093023,0.000418260677562844,26.3182215948857,109
"{_MORCOVI,PARIZER CRISTUR} => {CREMWURSTI DE PUI CRISTUR}",0.00010602421826593,0.181666666666667,0.000583619550087689,25.7820962175594,109
"{_BANANE,CREMWURSTI DE PUI CRISTUR} => {PARIZER CRISTUR}",0.00014395948902163,0.227692307692308,0.000632254512594996,23.6399664403462,148
"{_BANANE,PARIZER CRISTUR} => {CREMWURSTI DE PUI CRISTUR}",0.00014395948902163,0.170506912442396,0.000844302949126857,24.198306178067,148
"{_PATRUNJEL RADACINA KG,CREMWURSTI DE PUI CRISTUR} => {_MORCOVI}",0.000151741083022799,0.687224669603524,0.000220802729783176,15.6592270137259,156
"{_MORCOVI,CREMWURSTI DE PUI CRISTUR} => {_PATRUNJEL RADACINA KG}",0.000151741083022799,0.362790697674419,0.000418260677562844,17.9858776190407,156
"{_CASTRAVETI FABIO,_ROSII CHERRY CASEROLA 500G} => {_ARDEI ROSU CALIFORNIA}",0.000144932188271776,0.156348373557188,0.000926982385389279,14.8048819524562,149
"{_ARDEI ROSU CALIFORNIA,_ROSII CHERRY CASEROLA 500G} => {_CASTRAVETI FABIO}",0.000144932188271776,0.230293663060278,0.000629336414844558,29.8521391125194,149
"{_ARDEI ROSU CALIFORNIA,_CASTRAVETI FABIO} => {_ROSII CHERRY CASEROLA 500G}",0.000144932188271776,0.161780673181325,0.000895856009384602,26.3083472533225,149
"{_CASTRAVETI FABIO,_ROSII CHERRY CASEROLA 500G} => {_ARDEI ROSU CAPIA}",0.000153686481523091,0.165792235047219,0.000926982385389279,9.80078924203839,158
"{_ARDEI ROSU CAPIA,_ROSII CHERRY CASEROLA 500G} => {_CASTRAVETI FABIO}",0.000153686481523091,0.233038348082596,0.000659490091599088,30.2079227585714,158
"{_ARDEI ROSU CAPIA,_CASTRAVETI FABIO} => {_ROSII CHERRY CASEROLA 500G}",0.000153686481523091,0.153249272550921,0.00100285292690068,24.9209933381221,158
"{_CASTRAVETI FABIO,_ROSII CHERRY CASEROLA 500G} => {_BANANE}",0.000197457947779668,0.213011542497377,0.000926982385389279,3.10461371281243,203
"{_BANANE,_ROSII CHERRY CASEROLA 500G} => {_CASTRAVETI FABIO}",0.000197457947779668,0.175909878682842,0.00112249493466865,22.8025647771824,203
"{_BANANE,_CASTRAVETI FABIO} => {_ROSII CHERRY CASEROLA 500G}",0.000197457947779668,0.143665958952583,0.00137442404045651,23.3625801047936,203
"{_ARDEI ROSU CALIFORNIA,_ROSII CHERRY CASEROLA 500G} => {_BANANE}",0.000128396301019292,0.204018547140649,0.000629336414844558,2.9735420517352,132
"{_BANANE,_ROSII CHERRY CASEROLA 500G} => {_ARDEI ROSU CALIFORNIA}",0.000128396301019292,0.114384748700173,0.00112249493466865,10.8312780180474,132
"{_GULII,_ROSII CHERRY CASEROLA 500G} => {_MORCOVI}",0.000108942316016369,0.478632478632479,0.000227611624534199,10.906207199128,112
"{_MORCOVI,_ROSII CHERRY CASEROLA 500G} => {_GULII}",0.000108942316016369,0.185430463576159,0.000587510347088273,15.7224693111217,112
"{_ROSII CHERRY CASEROLA 500G,_TELINA} => {_PATRUNJEL RADACINA KG}",0.000111860413766807,0.427509293680297,0.000261656098289314,21.1943963459528,115
"{_PATRUNJEL RADACINA KG,_ROSII CHERRY CASEROLA 500G} => {_TELINA}",0.000111860413766807,0.409252669039146,0.000273328489291068,27.6966074452681,115
"{_ROSII CHERRY CASEROLA 500G,_TELINA} => {_MORCOVI}",0.000128396301019292,0.490706319702602,0.000261656098289314,11.1813239500354,132
"{_MORCOVI,_ROSII CHERRY CASEROLA 500G} => {_TELINA}",0.000128396301019292,0.218543046357616,0.000587510347088273,14.7901319228316,132
"{_ARDEI ROSU CAPIA,_ROSII CHERRY CASEROLA 500G} => {_BANANE}",0.000141041391271191,0.213864306784661,0.000659490091599088,3.11704263412373,145
"{_BANANE,_ROSII CHERRY CASEROLA 500G} => {_ARDEI ROSU CAPIA}",0.000141041391271191,0.125649913344887,0.00112249493466865,7.42778043026498,145
"{_PATRUNJEL RADACINA KG,_ROSII CHERRY CASEROLA 500G} => {_MORCOVI}",0.000192594451528937,0.704626334519573,0.000273328489291068,16.0557445332358,198
"{_MORCOVI,_ROSII CHERRY CASEROLA 500G} => {_PATRUNJEL RADACINA KG}",0.000192594451528937,0.327814569536424,0.000587510347088273,16.2518850875056,198
"{_LAMAIE^2 A nu se consuma coaja,_ROSII CHERRY CASEROLA 500G} => {_BANANE}",0.000134232496520168,0.283367556468172,0.000473704534821174,4.13004286651778,138
"{_BANANE,_ROSII CHERRY CASEROLA 500G} => {_LAMAIE^2 A nu se consuma coaja}",0.000134232496520168,0.119584055459272,0.00112249493466865,4.32234367485313,138
"{_MORCOVI,_ROSII CHERRY CASEROLA 500G} => {_BANANE}",0.000121587406268269,0.206953642384106,0.000587510347088273,3.01632065816381,125
"{_BANANE,_ROSII CHERRY CASEROLA 500G} => {_MORCOVI}",0.000121587406268269,0.108318890814558,0.00112249493466865,2.4681740574283,125
"{_PATRUNJEL RADACINA KG,CASCAVAL TRAPPIST 40% AMMERLAND} => {_MORCOVI}",0.000119642007767976,0.679558011049724,0.000176058564276453,15.4845331297011,123
"{_MORCOVI,CASCAVAL TRAPPIST 40% AMMERLAND} => {_PATRUNJEL RADACINA KG}",0.000119642007767976,0.282110091743119,0.000424096873063721,13.9860189848133,123
"{_PATRUNJEL RADACINA KG,PUFULETI GUSTO 45G} => {_MORCOVI}",0.00010602421826593,0.558974358974359,0.000189676353778499,12.7368919789816,109
"{_MORCOVI,PUFULETI GUSTO 45G} => {_PATRUNJEL RADACINA KG}",0.00010602421826593,0.282383419689119,0.000375461910556413,13.9995696161226,109
"{_TELINA,MUSTAR CRENVURSTILA 270G} => {_PATRUNJEL RADACINA KG}",0.000100188022765053,0.515,0.00019453985002923,25.5318756329267,103
"{_PATRUNJEL RADACINA KG,MUSTAR CRENVURSTILA 270G} => {_TELINA}",0.000100188022765053,0.413654618473896,0.000242202113286391,27.994514031374,103
"{_TELINA,MUSTAR CRENVURSTILA 270G} => {_MORCOVI}",0.000113805812267099,0.585,0.00019453985002923,13.3299169954342,117
"{_MORCOVI,MUSTAR CRENVURSTILA 270G} => {_TELINA}",0.000113805812267099,0.214678899082569,0.000530121091329651,14.5286216669817,117
"{_PATRUNJEL RADACINA KG,MUSTAR CRENVURSTILA 270G} => {_MORCOVI}",0.000162440774774407,0.670682730923695,0.000242202113286391,15.2822993734769,167
"{_MORCOVI,MUSTAR CRENVURSTILA 270G} => {_PATRUNJEL RADACINA KG}",0.000162440774774407,0.306422018348624,0.000530121091329651,15.1913181818785,167
"{_PATRUNJEL RADACINA KG,APA MINERALA NATURALA CARBOGAZOASA PERLA HARGHITEI  2L} => {_MORCOVI}",0.000102133421265346,0.7,0.000145904887521922,15.9503280287247,105
"{_MORCOVI,APA MINERALA NATURALA CARBOGAZOASA PERLA HARGHITEI  2L} => {_PATRUNJEL RADACINA KG}",0.000102133421265346,0.328125,0.000311263760046767,16.2672751302021,105
"{_CLEMENTINA^2 A nu se consuma coaja,_PORTOCALE PLASA BUC^2 A nu se consuma coaja} => {_BANANE}",0.000132287098019876,0.354166666666667,0.000373516512056121,5.16193008633767,136
"{_CLEMENTINA^2 A nu se consuma coaja,_PORTOCALE^2 A nu se consuma coaja} => {_BANANE}",0.00014395948902163,0.405479452054795,0.000355035226303344,5.90980682245653,148
"{_CLEMENTINA^2 A nu se consuma coaja,_MERE ROSII} => {_BANANE}",0.000100188022765053,0.366548042704626,0.000273328489291068,5.3423869262829,103
"{_CLEMENTINA^2 A nu se consuma coaja,_TELINA} => {_PATRUNJEL RADACINA KG}",0.000111860413766807,0.502183406113537,0.000222748128283468,24.8964743103113,115
"{_CLEMENTINA^2 A nu se consuma coaja,_PATRUNJEL RADACINA KG} => {_TELINA}",0.000111860413766807,0.347432024169184,0.000321963451798375,23.5128298855599,115
"{_CLEMENTINA^2 A nu se consuma coaja,_TELINA} => {_MORCOVI}",0.000111860413766807,0.502183406113537,0.000222748128283468,11.4428429401331,115
"{_CLEMENTINA^2 A nu se consuma coaja,_MORCOVI} => {_TELINA}",0.000111860413766807,0.165229885057471,0.000676998678101719,11.1821073162648,115
"{_ARDEI ROSU CAPIA,_CLEMENTINA^2 A nu se consuma coaja} => {_BANANE}",0.000109915015266515,0.293506493506493,0.000374489211306267,4.27781646879992,113
"{_CLEMENTINA^2 A nu se consuma coaja,_ROSII VRAC} => {_BANANE}",0.000106996917516076,0.351437699680511,0.000304454865295744,5.12215577069402,110
"{_CLEMENTINA^2 A nu se consuma coaja,_PATRUNJEL RADACINA KG} => {_MORCOVI}",0.000206212241030983,0.640483383685801,0.000321963451798375,14.5941715239086,212
"{_CLEMENTINA^2 A nu se consuma coaja,_MORCOVI} => {_PATRUNJEL RADACINA KG}",0.000206212241030983,0.304597701149425,0.000676998678101719,15.1008749977136,212
"{_CLEMENTINA^2 A nu se consuma coaja,_PATRUNJEL RADACINA KG} => {_BANANE}",0.000101160722015199,0.314199395770393,0.000321963451798375,4.57941265167898,104
"{_CLEMENTINA^2 A nu se consuma coaja,_LAMAIE^2 A nu se consuma coaja} => {_BANANE}",0.000188703654528353,0.33448275862069,0.000564165565084766,4.87503985435866,194
"{_CLEMENTINA^2 A nu se consuma coaja,_MORCOVI} => {_BANANE}",0.000183840158277622,0.271551724137931,0.000676998678101719,3.95782874773963,189
"{DR.OETKER PRAF DE COPT 10G,DROJDIE PROASPATA BRAVO 50G} => {DR.OETKER ZAHAR VANILINAT 8G}",0.000179949361277037,0.574534161490683,0.00031320915854706,73.3920988818641,185
"{DR.OETKER ZAHAR VANILINAT 8G,DROJDIE PROASPATA BRAVO 50G} => {DR.OETKER PRAF DE COPT 10G}",0.000179949361277037,0.402173913043478,0.000447441655067228,67.3609853797442,185
"{_TELINA,DROJDIE PROASPATA BRAVO 50G} => {_MORCOVI}",0.000121587406268269,0.58411214953271,0.000208157639531276,13.3096862723003,125
"{_MORCOVI,DROJDIE PROASPATA BRAVO 50G} => {_TELINA}",0.000121587406268269,0.195007800312012,0.000623500219343681,13.1973592418781,125
"{_PATRUNJEL RADACINA KG,DROJDIE PROASPATA BRAVO 50G} => {_MORCOVI}",0.00018189475977733,0.611111111111111,0.000297645970544721,13.9248895488866,187
"{_MORCOVI,DROJDIE PROASPATA BRAVO 50G} => {_PATRUNJEL RADACINA KG}",0.00018189475977733,0.291731669266771,0.000623500219343681,14.4630227143792,187
"{PULPE PORC FARA OS,PULPE PUI CU SPATE REFR.VRAC SZEKELY CSURKE} => {CARNE TOCATA PORC VRAC}",0.000184812857527768,0.29320987654321,0.000630309114094704,9.78000772656376,190
"{CARNE TOCATA PORC VRAC,PULPE PUI CU SPATE REFR.VRAC SZEKELY CSURKE} => {PULPE PORC FARA OS}",0.000184812857527768,0.103204780010864,0.00179073931951906,8.92884192303531,190
"{MERKUR SACOSA ECO RECICLABILA,PULPE PUI CU SPATE REFR.VRAC SZEKELY CSURKE} => {CARNE TOCATA PORC VRAC}",0.000135205195770315,0.317351598173516,0.000426042271564013,10.5852542170999,139
"{CARNE TOCATA PORC VRAC,MERKUR SACOSA ECO RECICLABILA} => {PULPE PUI CU SPATE REFR.VRAC SZEKELY CSURKE}",0.000135205195770315,0.157596371882086,0.000857920738628902,15.0087660260955,139
"{COTLET PORC FARA OS,PULPE PUI CU SPATE REFR.VRAC SZEKELY CSURKE} => {CARNE TOCATA PORC VRAC}",0.000154659180773238,0.327160493827161,0.000472731835571028,10.9124296738501,159
"{_GULII,PULPE PUI CU SPATE REFR.VRAC SZEKELY CSURKE} => {_PATRUNJEL RADACINA KG}",0.000107969616766222,0.45679012345679,0.000236365917785514,22.6460361600932,111
"{_PATRUNJEL RADACINA KG,PULPE PUI CU SPATE REFR.VRAC SZEKELY CSURKE} => {_GULII}",0.000107969616766222,0.288311688311688,0.000374489211306267,24.4456686571161,111
"{_GULII,PULPE PUI CU SPATE REFR.VRAC SZEKELY CSURKE} => {_MORCOVI}",0.000138123293520753,0.584362139917695,0.000236365917785514,13.3153825989354,142
"{_MORCOVI,PULPE PUI CU SPATE REFR.VRAC SZEKELY CSURKE} => {_GULII}",0.000138123293520753,0.17359413202934,0.000795667986619549,14.7188782295264,142
"{PIEPT DE PUI FARA OS REFR.VRAC SZEKELY CSURKE,PULPE PUI CU SPATE REFR.VRAC SZEKELY CSURKE} => {CARNE TOCATA PORC VRAC}",0.000138123293520753,0.195323246217331,0.00070715235485625,6.51500174449787,142
"{_TELINA,PULPE PUI CU SPATE REFR.VRAC SZEKELY CSURKE} => {_PATRUNJEL RADACINA KG}",0.000136177895020461,0.503597122302158,0.000270410391540629,24.9665613509096,140
"{_PATRUNJEL RADACINA KG,PULPE PUI CU SPATE REFR.VRAC SZEKELY CSURKE} => {_TELINA}",0.000136177895020461,0.363636363636364,0.000374489211306267,24.6094757063094,140
"{_TELINA,PULPE PUI CU SPATE REFR.VRAC SZEKELY CSURKE} => {_MORCOVI}",0.00016924966952543,0.62589928057554,0.000270410391540629,14.2618554830323,174
"{_MORCOVI,PULPE PUI CU SPATE REFR.VRAC SZEKELY CSURKE} => {_TELINA}",0.00016924966952543,0.212713936430318,0.000795667986619549,14.3956407401822,174
"{_CEAPA GALBENA,PULPE PUI CU SPATE REFR.VRAC SZEKELY CSURKE} => {_MORCOVI}",0.000132287098019876,0.363636363636364,0.000363789519554659,8.28588469024659,136
"{_MORCOVI,PULPE PUI CU SPATE REFR.VRAC SZEKELY CSURKE} => {_CEAPA GALBENA}",0.000132287098019876,0.166259168704156,0.000795667986619549,9.47008503474852,136
"{_PATRUNJEL RADACINA KG,PULPE PUI CU SPATE REFR.VRAC SZEKELY CSURKE} => {_MORCOVI}",0.000270410391540629,0.722077922077922,0.000374489211306267,16.4533995992039,278
"{_MORCOVI,PULPE PUI CU SPATE REFR.VRAC SZEKELY CSURKE} => {_PATRUNJEL RADACINA KG}",0.000270410391540629,0.339853300733496,0.000795667986619549,16.8487227335286,278
"{_MORCOVI,PULPE PUI CU SPATE REFR.VRAC SZEKELY CSURKE} => {CARNE TOCATA PORC VRAC}",0.000126450902518999,0.158924205378973,0.000795667986619549,5.30091269389867,130
"{DR.OETKER PRAF DE COPT 10G,GRASIME VEGETALA TARTINABILA CU 70% GRASIME RAMA 250G} => {DR.OETKER ZAHAR VANILINAT 8G}",0.000261656098289314,0.521317829457364,0.000501912813075412,66.5941422684821,269
"{DR.OETKER ZAHAR VANILINAT 8G,GRASIME VEGETALA TARTINABILA CU 70% GRASIME RAMA 250G} => {DR.OETKER PRAF DE COPT 10G}",0.000261656098289314,0.480357142857143,0.000544711580081843,80.4560649699763,269
"{DR.OETKER PRAF DE COPT 10G,ELAN ULEI RAFINAT DE FLOAREA SOARELUI 1L} => {DR.OETKER ZAHAR VANILINAT 8G}",0.000103106120515492,0.598870056497175,0.000172167767275868,76.5008129190956,106
"{DR.OETKER ZAHAR VANILINAT 8G,ELAN ULEI RAFINAT DE FLOAREA SOARELUI 1L} => {DR.OETKER PRAF DE COPT 10G}",0.000103106120515492,0.458874458874459,0.00022469352678376,76.8578834004054,106
"{DR.OETKER PRAF DE COPT 10G,GOBE 10 OUA PROASPETE L} => {DR.OETKER ZAHAR VANILINAT 8G}",0.000103106120515492,0.464912280701754,0.000221775429033322,59.3887889766663,106
"{DR.OETKER ZAHAR VANILINAT 8G,GOBE 10 OUA PROASPETE L} => {DR.OETKER PRAF DE COPT 10G}",0.000103106120515492,0.345276872964169,0.000298618669794867,57.8311761090998,106
"{_TELINA,DR.OETKER PRAF DE COPT 10G} => {DR.OETKER ZAHAR VANILINAT 8G}",0.00010602421826593,0.547738693467337,0.000193567150779083,69.9691942565711,109
"{_TELINA,DR.OETKER ZAHAR VANILINAT 8G} => {DR.OETKER PRAF DE COPT 10G}",0.00010602421826593,0.402214022140221,0.000263601496789606,67.36770333979,109
"{DR.OETKER PRAF DE COPT 10G,UNT 65% GRASIME FRISS 180G} => {DR.OETKER ZAHAR VANILINAT 8G}",0.000193567150779083,0.51025641025641,0.000379352707556998,65.1811353035632,199
"{DR.OETKER ZAHAR VANILINAT 8G,UNT 65% GRASIME FRISS 180G} => {DR.OETKER PRAF DE COPT 10G}",0.000193567150779083,0.374764595103578,0.000516503301827605,62.7701389694282,199
"{_PATRUNJEL RADACINA KG,DR.OETKER PRAF DE COPT 10G} => {DR.OETKER ZAHAR VANILINAT 8G}",0.000107969616766222,0.48471615720524,0.000222748128283468,61.9185742531709,111
"{_PATRUNJEL RADACINA KG,DR.OETKER ZAHAR VANILINAT 8G} => {DR.OETKER PRAF DE COPT 10G}",0.000107969616766222,0.327433628318584,0.000329745045799544,54.8425721675793,111
"{DR.OETKER PRAF DE COPT 10G,LAPTE DE CONSUM 1.5% GRASIME FRISS CUTIE 1L} => {DR.OETKER ZAHAR VANILINAT 8G}",0.000191621752278791,0.53972602739726,0.000355035226303344,68.9456408807429,197
"{DR.OETKER ZAHAR VANILINAT 8G,LAPTE DE CONSUM 1.5% GRASIME FRISS CUTIE 1L} => {DR.OETKER PRAF DE COPT 10G}",0.000191621752278791,0.378846153846154,0.000505803610075997,63.4537681404617,197
"{CARNE TOCATA PORC VRAC,DR.OETKER PRAF DE COPT 10G} => {DR.OETKER ZAHAR VANILINAT 8G}",0.000114778511517245,0.570048309178744,0.000201348744780253,72.8190674791829,118
"{CARNE TOCATA PORC VRAC,DR.OETKER ZAHAR VANILINAT 8G} => {DR.OETKER PRAF DE COPT 10G}",0.000114778511517245,0.438661710037175,0.000261656098289314,73.4724060366224,118
"{DR.OETKER PRAF DE COPT 10G,LAPTE DE CONSUM 3.5% GRASIME FRISS CUTIE 1L} => {DR.OETKER ZAHAR VANILINAT 8G}",0.000178003962776745,0.538235294117647,0.00033071774504969,68.7552117442404,183
"{DR.OETKER ZAHAR VANILINAT 8G,LAPTE DE CONSUM 3.5% GRASIME FRISS CUTIE 1L} => {DR.OETKER PRAF DE COPT 10G}",0.000178003962776745,0.32737030411449,0.000543738880831697,54.8319658585975,183
"{_LAMAIE^2 A nu se consuma coaja,DR.OETKER PRAF DE COPT 10G} => {DR.OETKER ZAHAR VANILINAT 8G}",0.000276246587041506,0.540952380952381,0.000510667106326728,69.1022976427151,284
"{_LAMAIE^2 A nu se consuma coaja,DR.OETKER ZAHAR VANILINAT 8G} => {DR.OETKER PRAF DE COPT 10G}",0.000276246587041506,0.363636363636364,0.000759678114364142,60.9062472229628,284
"{DR.OETKER PRAF DE COPT 10G,SMANTANA 20% GRASIME FRISS 300G} => {DR.OETKER ZAHAR VANILINAT 8G}",0.000217884632032737,0.496674057649667,0.000438687361815913,63.4460994564762,224
"{DR.OETKER ZAHAR VANILINAT 8G,SMANTANA 20% GRASIME FRISS 300G} => {DR.OETKER PRAF DE COPT 10G}",0.000217884632032737,0.363636363636364,0.000599182738090027,60.9062472229628,224
"{_MORCOVI,DR.OETKER PRAF DE COPT 10G} => {DR.OETKER ZAHAR VANILINAT 8G}",0.000235393218535368,0.491869918699187,0.000478568031071905,62.8324095063764,242
"{_MORCOVI,DR.OETKER ZAHAR VANILINAT 8G} => {DR.OETKER PRAF DE COPT 10G}",0.000235393218535368,0.359050445103858,0.000655599294598504,60.1381417312785,242
"{_BANANE,DR.OETKER PRAF DE COPT 10G} => {DR.OETKER ZAHAR VANILINAT 8G}",0.000264574196039752,0.475524475524476,0.000556383971083597,60.744411155445,272
"{_BANANE,DR.OETKER ZAHAR VANILINAT 8G} => {DR.OETKER PRAF DE COPT 10G}",0.000264574196039752,0.371077762619372,0.000712988550357127,62.1526233598583,272
"{_TELINA,DR.OETKER PRAF DE COPT 10G} => {_MORCOVI}",0.000109915015266515,0.5678391959799,0.000193567150779083,12.9388877763524,113
"{_MORCOVI,DR.OETKER PRAF DE COPT 10G} => {_TELINA}",0.000109915015266515,0.229674796747967,0.000478568031071905,15.5434849100318,113
"{_PATRUNJEL RADACINA KG,DR.OETKER PRAF DE COPT 10G} => {_MORCOVI}",0.000144932188271776,0.650655021834061,0.000222748128283468,14.825944331129,149
"{_MORCOVI,DR.OETKER PRAF DE COPT 10G} => {_PATRUNJEL RADACINA KG}",0.000144932188271776,0.302845528455285,0.000478568031071905,15.0140084825403,149
"{_PATRUNJEL RADACINA KG,GOBE PAINE CU SECARA SI CARTOFI KG} => {_MORCOVI}",0.000111860413766807,0.595854922279793,0.000187730955278207,13.5772592398471,115
"{_MORCOVI,GOBE PAINE CU SECARA SI CARTOFI KG} => {_PATRUNJEL RADACINA KG}",0.000111860413766807,0.277777777777778,0.000402697489560505,13.7712382054621,115
"{_PORTOCALE PLASA BUC^2 A nu se consuma coaja,_TELINA} => {_PATRUNJEL RADACINA KG}",0.000112833113016953,0.45136186770428,0.00024998370728756,22.3769224692644,116
"{_PATRUNJEL RADACINA KG,_PORTOCALE PLASA BUC^2 A nu se consuma coaja} => {_TELINA}",0.000112833113016953,0.344213649851632,0.000327799647299252,23.2950229979605,116
"{_PORTOCALE PLASA BUC^2 A nu se consuma coaja,_TELINA} => {_MORCOVI}",0.000134232496520168,0.536964980544747,0.00024998370728756,12.2353822566093,138
"{_MORCOVI,_PORTOCALE PLASA BUC^2 A nu se consuma coaja} => {_TELINA}",0.000134232496520168,0.200290275761974,0.000670189783350696,13.5548563578293,138
"{_PORTOCALE PLASA BUC^2 A nu se consuma coaja,_ROSII VRAC} => {_BANANE}",0.000101160722015199,0.303206997084548,0.000333635842800129,4.41919996415669,104
"{_PATRUNJEL RADACINA KG,_PORTOCALE PLASA BUC^2 A nu se consuma coaja} => {_MORCOVI}",0.000221775429033322,0.676557863501484,0.000327799647299252,15.4161712189454,228
"{_MORCOVI,_PORTOCALE PLASA BUC^2 A nu se consuma coaja} => {_PATRUNJEL RADACINA KG}",0.000221775429033322,0.330914368650218,0.000670189783350696,16.405562146652,228
"{_LAMAIE^2 A nu se consuma coaja,_PORTOCALE PLASA BUC^2 A nu se consuma coaja} => {_BANANE}",0.000182867459027476,0.261474269819193,0.00069937076085508,3.81095124757515,188
"{_MORCOVI,_PORTOCALE PLASA BUC^2 A nu se consuma coaja} => {_BANANE}",0.000158549977773822,0.236574746008708,0.000670189783350696,3.44804413860718,163
"{_PATRUNJEL RADACINA KG,GOBE PAINE DE CASA CU CARTOFI RACU 1KG} => {_MORCOVI}",0.000108942316016369,0.662721893491124,0.000164386173274699,15.1009022757157,112
"{_MORCOVI,GOBE PAINE DE CASA CU CARTOFI RACU 1KG} => {_PATRUNJEL RADACINA KG}",0.000108942316016369,0.337349397590361,0.000322936151048521,16.7245880856696,112
"{_MANDARINE^2 A nu se consuma coaja,_PORTOCALE^2 A nu se consuma coaja} => {_BANANE}",0.000185785556777914,0.393004115226337,0.000472731835571028,5.72798051701086,191
"{_MERE ROSII,_PORTOCALE^2 A nu se consuma coaja} => {_BANANE}",0.000126450902518999,0.363128491620112,0.000348226331552321,5.29254744310664,130
"{_ARDEI ROSU CALIFORNIA,_PORTOCALE^2 A nu se consuma coaja} => {_BANANE}",0.000101160722015199,0.376811594202899,0.000268464993040337,5.49197676704979,104
"{_PORTOCALE^2 A nu se consuma coaja,_TELINA} => {_PATRUNJEL RADACINA KG}",0.000130341699519584,0.490842490842491,0.000265546895289898,24.3342319059154,134
"{_PATRUNJEL RADACINA KG,_PORTOCALE^2 A nu se consuma coaja} => {_TELINA}",0.000130341699519584,0.327628361858191,0.000397833993309775,22.1725960825795,134
"{_PORTOCALE^2 A nu se consuma coaja,_TELINA} => {_MORCOVI}",0.000138123293520753,0.52014652014652,0.000265546895289898,11.8521537419095,142
"{_MORCOVI,_PORTOCALE^2 A nu se consuma coaja} => {_TELINA}",0.000138123293520753,0.182051282051282,0.000758705415113996,12.3205131580946,142
"{_ARDEI ROSU CAPIA,_PORTOCALE^2 A nu se consuma coaja} => {_BANANE}",0.00014395948902163,0.356626506024096,0.000403670188810651,5.19778190408828,148
"{_PORTOCALE^2 A nu se consuma coaja,_ROSII VRAC} => {_BANANE}",0.000103106120515492,0.321212121212121,0.000320990752548229,4.68162215317042,106
"{_PATRUNJEL RADACINA KG,_PORTOCALE^2 A nu se consuma coaja} => {_MORCOVI}",0.000255819902788437,0.643031784841076,0.000397833993309775,14.6522398587307,263
"{_MORCOVI,_PORTOCALE^2 A nu se consuma coaja} => {_PATRUNJEL RADACINA KG}",0.000255819902788437,0.337179487179487,0.000758705415113996,16.7161645293993,263
"{_PATRUNJEL RADACINA KG,_PORTOCALE^2 A nu se consuma coaja} => {_BANANE}",0.000125478203268853,0.315403422982885,0.000397833993309775,4.59696118144726,129
"{_PORTOCALE^2 A nu se consuma coaja,LAPTE DE CONSUM 1.5% GRASIME FRISS CUTIE 1L} => {_BANANE}",0.000108942316016369,0.322766570605187,0.000337526639800713,4.70427803765914,112
"{_LAMAIE^2 A nu se consuma coaja,_PORTOCALE^2 A nu se consuma coaja} => {_MORCOVI}",0.000142986789771484,0.120987654320988,0.00118182958892757,2.75684681977957,147
"{_MORCOVI,_PORTOCALE^2 A nu se consuma coaja} => {_LAMAIE^2 A nu se consuma coaja}",0.000142986789771484,0.188461538461538,0.000758705415113995,6.81190762090984,147
"{_LAMAIE^2 A nu se consuma coaja,_PORTOCALE^2 A nu se consuma coaja} => {_BANANE}",0.00034336283530159,0.290534979423868,0.00118182958892757,4.23450706283735,353
"{_BANANE,_PORTOCALE^2 A nu se consuma coaja} => {_LAMAIE^2 A nu se consuma coaja}",0.00034336283530159,0.133965844402277,0.0025630625241351,4.84217078919649,353
"{_PORTOCALE^2 A nu se consuma coaja,SMANTANA 20% GRASIME FRISS 300G} => {_BANANE}",0.000137150594270607,0.338942307692308,0.000404642888060798,4.94003716407428,141
"{_MORCOVI,_PORTOCALE^2 A nu se consuma coaja} => {_BANANE}",0.000215939233532445,0.284615384615385,0.000758705415113996,4.14822978883968,222
"{_TELINA,OTET BISTRITA 1L} => {_MORCOVI}",0.000107969616766222,0.464435146443515,0.000232475120784929,10.5827041912041,111
"{_MORCOVI,OTET BISTRITA 1L} => {_TELINA}",0.000107969616766222,0.164688427299703,0.000655599294598504,11.1454635895414,111
"{_PATRUNJEL RADACINA KG,OTET BISTRITA 1L} => {_MORCOVI}",0.000177031263526599,0.575949367088608,0.000307372963046183,13.1236876185709,182
"{_MORCOVI,OTET BISTRITA 1L} => {_PATRUNJEL RADACINA KG}",0.000177031263526599,0.270029673590504,0.000655599294598504,13.3871146472088,182
"{_TELINA,APA MINERALA NATURALA CARBOGAZIFICATA CONTINUT REDUS CO2 TUSNAD 2L} => {_MORCOVI}",0.000102133421265346,0.606936416184971,0.000168276970275284,13.8297641867555,105
"{_MORCOVI,APA MINERALA NATURALA CARBOGAZIFICATA CONTINUT REDUS CO2 TUSNAD 2L} => {_TELINA}",0.000102133421265346,0.199240986717268,0.00051261250482702,13.4838446113792,105
"{_PATRUNJEL RADACINA KG,APA MINERALA NATURALA CARBOGAZIFICATA CONTINUT REDUS CO2 TUSNAD 2L} => {_MORCOVI}",0.000177031263526599,0.713725490196078,0.000248038308787268,16.2630795586997,182
"{_MORCOVI,APA MINERALA NATURALA CARBOGAZIFICATA CONTINUT REDUS CO2 TUSNAD 2L} => {_PATRUNJEL RADACINA KG}",0.000177031263526599,0.345351043643264,0.00051261250482702,17.1212813514587,182
"{_ARDEI ALB BIANCA,_CASTRAVETI FABIO} => {_ROSII VRAC}",0.000139095992770899,0.298538622129436,0.000465922940820005,14.6766309122391,143
"{_ARDEI ALB BIANCA,_USTUROI} => {_CEAPA GALBENA}",0.000111860413766807,0.353846153846154,0.000316127256297498,20.1549977198822,115
"{_ARDEI ALB BIANCA,_CEAPA GALBENA} => {_USTUROI}",0.000111860413766807,0.140073081607795,0.000798586084369988,13.9350215588621,115
"{_ARDEI ALB BIANCA,_USTUROI} => {_MORCOVI}",0.000109915015266515,0.347692307692308,0.000316127256297498,7.92258051536654,113
"{_ARDEI ALB BIANCA,_ARDEI ROSU CALIFORNIA} => {_ARDEI ROSU CAPIA}",0.000108942316016369,0.116424116424116,0.000935736678640594,6.88239848771158,112
"{_ARDEI ALB BIANCA,_ARDEI ROSU CAPIA} => {_ARDEI ROSU CALIFORNIA}",0.000108942316016369,0.112449799196787,0.000968808453145563,10.6480545004001,112
"{_ARDEI ROSU CALIFORNIA,_ARDEI ROSU CAPIA} => {_ARDEI ALB BIANCA}",0.000108942316016369,0.16791604197901,0.000648790399847481,20.4053122374983,112
"{_ARDEI ALB BIANCA,_ARDEI ROSU CALIFORNIA} => {_ROSII VRAC}",0.000201348744780253,0.215176715176715,0.000935736678640594,10.5784276990044,207
"{_ARDEI ALB BIANCA,_ROSII VRAC} => {_ARDEI ROSU CALIFORNIA}",0.000201348744780253,0.135737704918033,0.00148336635647288,12.8532241947101,207
"{_ARDEI ROSU CALIFORNIA,_ROSII VRAC} => {_ARDEI ALB BIANCA}",0.000201348744780253,0.143949930458971,0.00139874152171016,17.4929282691682,207
"{_ARDEI ALB BIANCA,_ARDEI ROSU CALIFORNIA} => {_MORCOVI}",0.000179949361277037,0.192307692307692,0.000935736678640594,4.38195824964964,185
"{_ARDEI ALB BIANCA,_MORCOVI} => {_ARDEI ROSU CALIFORNIA}",0.000179949361277037,0.117609663064209,0.00153005592047989,11.1366504077951,185
"{_ARDEI ROSU CALIFORNIA,_MORCOVI} => {_ARDEI ALB BIANCA}",0.000179949361277037,0.113427345187002,0.00158647247698837,13.7837955655278,185
"{_ARDEI ALB BIANCA,_ARDEI ROSU CALIFORNIA} => {_BANANE}",0.000142014090521338,0.151767151767152,0.000935736678640594,2.21198520515191,146
"{_ARDEI ALB BIANCA,_BANANE} => {_ARDEI ROSU CALIFORNIA}",0.000142014090521338,0.117932148626817,0.00120420167168093,11.1671870905707,146
"{_ARDEI ALB BIANCA,_GULII} => {_TELINA}",0.000206212241030983,0.375221238938053,0.000549575076332574,25.3934944013776,212
"{_ARDEI ALB BIANCA,_TELINA} => {_GULII}",0.000206212241030983,0.314074074074074,0.00065657199384865,26.6300363802978,212
"{_ARDEI ALB BIANCA,_GULII} => {_CEAPA GALBENA}",0.000116723910017538,0.212389380530973,0.000549575076332574,12.0976515748427,120
"{_ARDEI ALB BIANCA,_CEAPA GALBENA} => {_GULII}",0.000116723910017538,0.146163215590743,0.000798586084369988,12.3930374072353,120
"{_ARDEI ALB BIANCA,_GULII} => {_ROSII VRAC}",0.000103106120515492,0.187610619469027,0.000549575076332574,9.22323482812087,106
"{_GULII,_ROSII VRAC} => {_ARDEI ALB BIANCA}",0.000103106120515492,0.15014164305949,0.000686725670603181,18.2453508930545,106
"{_ARDEI ALB BIANCA,_GULII} => {_PATRUNJEL RADACINA KG}",0.000269437692290483,0.490265486725664,0.000549575076332574,24.3056260858173,277
"{_ARDEI ALB BIANCA,_PATRUNJEL RADACINA KG} => {_GULII}",0.000269437692290483,0.318757192174914,0.000845275648377003,27.0271134257886,277
"{_ARDEI ALB BIANCA,_GULII} => {_MORCOVI}",0.00033071774504969,0.601769911504425,0.000549575076332574,13.7120392661603,340
"{_ARDEI ALB BIANCA,_MORCOVI} => {_GULII}",0.00033071774504969,0.216147488874762,0.00153005592047989,18.326936119176,340
"{_ARDEI ALB BIANCA,_TELINA} => {_CEAPA GALBENA}",0.000130341699519584,0.198518518518519,0.00065657199384865,11.3075703793993,134
"{_ARDEI ALB BIANCA,_CEAPA GALBENA} => {_TELINA}",0.000130341699519584,0.163215590742996,0.000798586084369988,11.0457878170219,134
"{_ARDEI ALB BIANCA,_TELINA} => {_PATRUNJEL RADACINA KG}",0.000345308233801883,0.525925925925926,0.00065657199384865,26.0735443356748,355
"{_ARDEI ALB BIANCA,_PATRUNJEL RADACINA KG} => {_TELINA}",0.000345308233801883,0.408515535097814,0.000845275648377003,27.6467211257589,355
"{_ARDEI ALB BIANCA,_TELINA} => {_MORCOVI}",0.000399779391810067,0.608888888888889,0.00065657199384865,13.8742535868907,411
"{_ARDEI ALB BIANCA,_MORCOVI} => {_TELINA}",0.000399779391810067,0.261284170375079,0.00153005592047989,17.682682719044,411
"{_ARDEI ALB BIANCA,_CEAPA GALBENA} => {_ARDEI ROSU CAPIA}",0.000109915015266515,0.137637028014616,0.000798586084369987,8.13639735954819,113
"{_ARDEI ALB BIANCA,_ARDEI ROSU CAPIA} => {_CEAPA GALBENA}",0.000109915015266515,0.113453815261044,0.000968808453145564,6.46230392232123,113
"{_ARDEI ALB BIANCA,_CEAPA GALBENA} => {_ROSII VRAC}",0.000184812857527768,0.23142509135201,0.000798586084369988,11.3772235745499,190
"{_ARDEI ALB BIANCA,_ROSII VRAC} => {_CEAPA GALBENA}",0.000184812857527768,0.124590163934426,0.00148336635647288,7.09662785005118,190
"{_CEAPA GALBENA,_ROSII VRAC} => {_ARDEI ALB BIANCA}",0.000184812857527768,0.138888888888889,0.00133065257419993,16.8779058313633,190
"{_ARDEI ALB BIANCA,_CEAPA GALBENA} => {_PATRUNJEL RADACINA KG}",0.000189676353778499,0.237515225334957,0.000798586084369988,11.7751634838421,195
"{_ARDEI ALB BIANCA,_PATRUNJEL RADACINA KG} => {_CEAPA GALBENA}",0.000189676353778499,0.22439585730725,0.000845275648377003,12.7815378045483,195
"{_ARDEI ALB BIANCA,_CEAPA GALBENA} => {_LAMAIE^2 A nu se consuma coaja}",0.000102133421265346,0.1278928136419,0.000798586084369988,4.62266221011804,105
"{_ARDEI ALB BIANCA,_LAMAIE^2 A nu se consuma coaja} => {_CEAPA GALBENA}",0.000102133421265346,0.188172043010753,0.000542766181581551,10.7182374503815,105
"{_ARDEI ALB BIANCA,_CEAPA GALBENA} => {_MORCOVI}",0.000323908850298667,0.405602923264312,0.000798586084369988,9.24214239353631,333
"{_ARDEI ALB BIANCA,_MORCOVI} => {_CEAPA GALBENA}",0.000323908850298667,0.211697393515575,0.00153005592047989,12.0582361493366,333
"{_ARDEI ALB BIANCA,_CEAPA GALBENA} => {_BANANE}",0.000110887714516661,0.138855054811206,0.000798586084369988,2.0237931813742,114
"{_ARDEI ALB BIANCA,_ARDEI ROSU CAPIA} => {_ROSII VRAC}",0.000173140466526014,0.178714859437751,0.000968808453145564,8.78590519307529,178
"{_ARDEI ALB BIANCA,_ROSII VRAC} => {_ARDEI ROSU CAPIA}",0.000173140466526014,0.11672131147541,0.00148336635647288,6.89996713958888,178
"{_ARDEI ALB BIANCA,_ARDEI ROSU CAPIA} => {_PATRUNJEL RADACINA KG}",0.000105051519015784,0.108433734939759,0.000968808453145563,5.37576045610808,108
"{_ARDEI ALB BIANCA,_PATRUNJEL RADACINA KG} => {_ARDEI ROSU CAPIA}",0.000105051519015784,0.124280782508631,0.000845275648377003,7.34684441557704,108
"{_ARDEI ALB BIANCA,_ARDEI ROSU CAPIA} => {_MORCOVI}",0.000193567150779083,0.199799196787149,0.000968808453145564,4.55266104090105,199
"{_ARDEI ALB BIANCA,_MORCOVI} => {_ARDEI ROSU CAPIA}",0.000193567150779083,0.126509853782581,0.00153005592047989,7.47861571207503,199
"{_ARDEI ALB BIANCA,_ARDEI ROSU CAPIA} => {_BANANE}",0.000160495376274114,0.16566265060241,0.000968808453145563,2.41451017504101,165
"{_ARDEI ALB BIANCA,_BANANE} => {_ARDEI ROSU CAPIA}",0.000160495376274114,0.133279483037157,0.00120420167168093,7.87880158056239,165
"{_ARDEI ALB BIANCA,_PATRUNJEL RADACINA KG} => {_ROSII VRAC}",0.000136177895020461,0.161104718066743,0.000845275648377003,7.92016278637733,140
"{_PATRUNJEL RADACINA KG,_ROSII VRAC} => {_ARDEI ALB BIANCA}",0.000136177895020461,0.138751238850347,0.000981453543397463,16.8611784717683,140
"{_ARDEI ALB BIANCA,_LAMAIE^2 A nu se consuma coaja} => {_ROSII VRAC}",0.000112833113016953,0.207885304659498,0.000542766181581551,10.2199704239373,116
"{_LAMAIE^2 A nu se consuma coaja,_ROSII VRAC} => {_ARDEI ALB BIANCA}",0.000112833113016953,0.100086281276963,0.00112735843091939,12.1625771789082,116
"{_ARDEI ALB BIANCA,_ROSII VRAC} => {_MORCOVI}",0.00027527388779136,0.185573770491803,0.00148336635647288,4.22851787553076,283
"{_ARDEI ALB BIANCA,_MORCOVI} => {_ROSII VRAC}",0.00027527388779136,0.179910998092816,0.00153005592047989,8.8447092614904,283
"{_MORCOVI,_ROSII VRAC} => {_ARDEI ALB BIANCA}",0.00027527388779136,0.133176470588235,0.00206698590656056,16.1837274926992,283
"{_ARDEI ALB BIANCA,_ROSII VRAC} => {_BANANE}",0.000236365917785514,0.159344262295082,0.00148336635647288,2.32242054106239,243
"{_ARDEI ALB BIANCA,_BANANE} => {_ROSII VRAC}",0.000236365917785514,0.196284329563813,0.00120420167168093,9.6496481370352,243
"{_ARDEI ALB BIANCA,_PATRUNJEL RADACINA KG} => {_MORCOVI}",0.000604046234340758,0.714614499424626,0.000845275648377003,16.2833366855795,621
"{_ARDEI ALB BIANCA,_MORCOVI} => {_PATRUNJEL RADACINA KG}",0.000604046234340758,0.394787031150667,0.00153005592047989,19.5721424870508,621
"{_ARDEI ALB BIANCA,_PATRUNJEL RADACINA KG} => {_BANANE}",0.000128396301019292,0.151898734177215,0.000845275648377003,2.21390300054393,132
"{_ARDEI ALB BIANCA,_BANANE} => {_PATRUNJEL RADACINA KG}",0.000128396301019292,0.106623586429725,0.00120420167168093,5.28601970535991,132
"{_ARDEI ALB BIANCA,CARNE TOCATA PORC VRAC} => {_MORCOVI}",0.000117696609267684,0.17741935483871,0.000663380888599673,4.0427098690316,121
"{_ARDEI ALB BIANCA,_LAMAIE^2 A nu se consuma coaja} => {_MORCOVI}",0.000145904887521922,0.268817204301075,0.000542766181581551,6.12531798338121,150
"{_ARDEI ALB BIANCA,_LAMAIE^2 A nu se consuma coaja} => {_BANANE}",0.000113805812267099,0.209677419354839,0.000542766181581551,3.0560193300519,117
"{_ARDEI ALB BIANCA,SMANTANA 20% GRASIME FRISS 300G} => {_MORCOVI}",0.000114778511517245,0.234126984126984,0.000490240422073659,5.3348602817163,118
"{_ARDEI ALB BIANCA,_MORCOVI} => {_BANANE}",0.000203294143280545,0.132867132867133,0.00153005592047989,1.93652004884408,209
"{_ARDEI ALB BIANCA,_BANANE} => {_MORCOVI}",0.000203294143280545,0.168820678513732,0.00120420167168093,3.84677885760842,209
"{_ARDEI ROSU CALIFORNIA,_CASTRAVETI FABIO} => {_ROSII VRAC}",0.000219830030533029,0.245385450597177,0.000895856009384602,12.0635369184721,226
"{_CASTRAVETI FABIO,_ROSII VRAC} => {_ARDEI ROSU CALIFORNIA}",0.000219830030533029,0.151373074346952,0.0014522399804682,14.333762772833,226
"{_ARDEI ROSU CALIFORNIA,_ROSII VRAC} => {_CASTRAVETI FABIO}",0.000219830030533029,0.157162726008345,0.00139874152171016,20.3724388146792,226
"{_ARDEI ROSU CALIFORNIA,_CASTRAVETI FABIO} => {_MORCOVI}",0.000130341699519584,0.145494028230185,0.000895856009384602,3.31525353784568,134
"{_CASTRAVETI FABIO,_MORCOVI} => {_ARDEI ROSU CALIFORNIA}",0.000130341699519584,0.166874221668742,0.000781077497867357,15.8015916411825,134
"{_ARDEI ROSU CALIFORNIA,_CASTRAVETI FABIO} => {_BANANE}",0.00016924966952543,0.188925081433225,0.000895856009384602,2.75355688069823,174
"{_BANANE,_CASTRAVETI FABIO} => {_ARDEI ROSU CALIFORNIA}",0.00016924966952543,0.123142250530786,0.00137442404045651,11.6605401194099,174
"{_CASTRAVETI FABIO,_GULII} => {_PATRUNJEL RADACINA KG}",0.000109915015266515,0.363344051446945,0.000302509466795452,18.0133109388488,113
"{_CASTRAVETI FABIO,_PATRUNJEL RADACINA KG} => {_GULII}",0.000109915015266515,0.301333333333333,0.000364762218804806,25.5497613195876,113
"{_CASTRAVETI FABIO,_GULII} => {_MORCOVI}",0.000153686481523091,0.508038585209003,0.000302509466795452,11.576260121904,158
"{_CASTRAVETI FABIO,_MORCOVI} => {_GULII}",0.000153686481523091,0.196762141967621,0.000781077497867357,16.6832713407197,158
"{_CASTRAVETI FABIO,_TELINA} => {_PATRUNJEL RADACINA KG}",0.000144932188271776,0.457055214723926,0.000317099955547644,22.6591784460425,149
"{_CASTRAVETI FABIO,_PATRUNJEL RADACINA KG} => {_TELINA}",0.000144932188271776,0.397333333333333,0.000364762218804806,26.8899537884274,149
"{_CASTRAVETI FABIO,_TELINA} => {_MORCOVI}",0.000176058564276453,0.55521472392638,0.000317099955547644,12.651224247148,181
"{_CASTRAVETI FABIO,_MORCOVI} => {_TELINA}",0.000176058564276453,0.225404732254047,0.000781077497867357,15.2545037768561,181
"{_CASTRAVETI FABIO,_CEAPA GALBENA} => {_MORCOVI}",0.000114778511517245,0.365325077399381,0.000314181857797206,8.32436403091337,118
"{_CASTRAVETI FABIO,_MORCOVI} => {_CEAPA GALBENA}",0.000114778511517245,0.146948941469489,0.000781077497867357,8.37017881376883,118
"{_ARDEI ROSU CAPIA,_CASTRAVETI FABIO} => {_ROSII VRAC}",0.000204266842530691,0.20368574199806,0.00100285292690068,10.0135132803519,210
"{_CASTRAVETI FABIO,_ROSII VRAC} => {_ARDEI ROSU CAPIA}",0.000204266842530691,0.14065639651708,0.0014522399804682,8.31488698741444,210
"{_ARDEI ROSU CAPIA,_ROSII VRAC} => {_CASTRAVETI FABIO}",0.000204266842530691,0.100961538461538,0.00202321444030399,13.0872810441985,210
"{_ARDEI ROSU CAPIA,_CASTRAVETI FABIO} => {_MORCOVI}",0.000124505504018707,0.124151309408341,0.00100285292690068,2.82893444322677,128
"{_CASTRAVETI FABIO,_MORCOVI} => {_ARDEI ROSU CAPIA}",0.000124505504018707,0.159402241594022,0.000781077497867357,9.42304550105468,128
"{_ARDEI ROSU CAPIA,_CASTRAVETI FABIO} => {_BANANE}",0.000213021135782006,0.212415130940834,0.00100285292690068,3.09592109702639,219
"{_BANANE,_CASTRAVETI FABIO} => {_ARDEI ROSU CAPIA}",0.000213021135782006,0.154989384288747,0.00137442404045651,9.16217994005978,219
"{_CASTRAVETI FABIO,_ROSII VRAC} => {_MORCOVI}",0.000148822985272361,0.102478231748158,0.0014522399804682,2.33508773169541,153
"{_CASTRAVETI FABIO,_MORCOVI} => {_ROSII VRAC}",0.000148822985272361,0.190535491905355,0.000781077497867357,9.36702618384959,153
"{_CASTRAVETI FABIO,_ROSII VRAC} => {_BANANE}",0.000218857331282883,0.150703281982585,0.0014522399804682,2.19647945047267,225
"{_BANANE,_CASTRAVETI FABIO} => {_ROSII VRAC}",0.000218857331282883,0.159235668789809,0.00137442404045651,7.8282773673361,225
"{_CASTRAVETI FABIO,_PATRUNJEL RADACINA KG} => {_MORCOVI}",0.000257765301288729,0.706666666666667,0.000364762218804806,16.1022359147125,265
"{_CASTRAVETI FABIO,_MORCOVI} => {_PATRUNJEL RADACINA KG}",0.000257765301288729,0.330012453300125,0.000781077497867357,16.3608483785938,265
"{_CASTRAVETI FABIO,_LAMAIE^2 A nu se consuma coaja} => {_BANANE}",0.000150768383772653,0.262267343485618,0.000574865256836373,3.82251018635933,155
"{_BANANE,_CASTRAVETI FABIO} => {_LAMAIE^2 A nu se consuma coaja}",0.000150768383772653,0.109695682944091,0.00137442404045651,3.96493027026975,155
"{_CASTRAVETI FABIO,_MORCOVI} => {_BANANE}",0.000151741083022799,0.194271481942715,0.000781077497867357,2.83147992722119,156
"{_BANANE,_CASTRAVETI FABIO} => {_MORCOVI}",0.000151741083022799,0.110403397027601,0.00137442404045651,2.51567199725109,156
"{_PATRUNJEL RADACINA KG,SUNCA DE PORC SISSI GASTRO CAROLI} => {_MORCOVI}",0.000165358872524845,0.677290836653386,0.000244147511786683,15.4328728792441,170
"{_MORCOVI,SUNCA DE PORC SISSI GASTRO CAROLI} => {_PATRUNJEL RADACINA KG}",0.000165358872524845,0.353430353430353,0.000467868339320297,17.5218249100681,170
"{_GULII,GRASIME VEGETALA TARTINABILA CU 70% GRASIME RAMA 250G} => {_MORCOVI}",0.000112833113016953,0.532110091743119,0.00021204843653186,12.1247578724251,116
"{_MORCOVI,GRASIME VEGETALA TARTINABILA CU 70% GRASIME RAMA 250G} => {_GULII}",0.000112833113016953,0.151832460732984,0.000743142227111657,12.8737272089383,116
"{_TELINA,GRASIME VEGETALA TARTINABILA CU 70% GRASIME RAMA 250G} => {_PATRUNJEL RADACINA KG}",0.000107969616766222,0.415730337078652,0.000259710699789022,20.6104374041297,111
"{_PATRUNJEL RADACINA KG,GRASIME VEGETALA TARTINABILA CU 70% GRASIME RAMA 250G} => {_TELINA}",0.000107969616766222,0.319884726224784,0.000337526639800713,21.6485373468327,111
"{_TELINA,GRASIME VEGETALA TARTINABILA CU 70% GRASIME RAMA 250G} => {_MORCOVI}",0.000150768383772653,0.580524344569288,0.000259710699789022,13.2279338922008,155
"{_MORCOVI,GRASIME VEGETALA TARTINABILA CU 70% GRASIME RAMA 250G} => {_TELINA}",0.000150768383772653,0.202879581151832,0.000743142227111657,13.7300903400712,155
"{_PATRUNJEL RADACINA KG,GRASIME VEGETALA TARTINABILA CU 70% GRASIME RAMA 250G} => {_MORCOVI}",0.000228584323784345,0.677233429394813,0.000337526639800713,15.4315647869506,235
"{_MORCOVI,GRASIME VEGETALA TARTINABILA CU 70% GRASIME RAMA 250G} => {_PATRUNJEL RADACINA KG}",0.000228584323784345,0.307591623036649,0.000743142227111657,15.2493030390326,235
"{GRASIME VEGETALA TARTINABILA CU 70% GRASIME RAMA 250G,LAPTE DE CONSUM 3.5% GRASIME FRISS CUTIE 1L} => {SMANTANA 20% GRASIME FRISS 300G}",0.000115751210767392,0.255364806866953,0.000453277850568105,8.32483925993428,119
"{GRASIME VEGETALA TARTINABILA CU 70% GRASIME RAMA 250G,SMANTANA 20% GRASIME FRISS 300G} => {LAPTE DE CONSUM 3.5% GRASIME FRISS CUTIE 1L}",0.000115751210767392,0.167605633802817,0.000690616467603765,6.41582533889714,119
"{_MANDARINE^2 A nu se consuma coaja,_MERE ROSII} => {_BANANE}",0.000142014090521338,0.374358974358974,0.000379352707556998,5.45623017270805,146
"{_ARDEI ROSU CALIFORNIA,_MANDARINE^2 A nu se consuma coaja} => {_BANANE}",0.000111860413766807,0.314207650273224,0.00035600792555349,4.57953295991384,115
"{_GULII,_MANDARINE^2 A nu se consuma coaja} => {_MORCOVI}",0.000112833113016953,0.5,0.000225666226033906,11.3930914490891,116
"{_MANDARINE^2 A nu se consuma coaja,_MORCOVI} => {_GULII}",0.000112833113016953,0.13599062133646,0.000829712460374664,11.5305129983926,116
"{_MANDARINE^2 A nu se consuma coaja,_TELINA} => {_PATRUNJEL RADACINA KG}",0.000119642007767976,0.442446043165468,0.000270410391540629,21.9349074725849,123
"{_MANDARINE^2 A nu se consuma coaja,_PATRUNJEL RADACINA KG} => {_TELINA}",0.000119642007767976,0.322834645669291,0.000370598414305682,21.8481762668219,123
"{_MANDARINE^2 A nu se consuma coaja,_TELINA} => {_MORCOVI}",0.000135205195770315,0.5,0.000270410391540629,11.3930914490891,139
"{_MANDARINE^2 A nu se consuma coaja,_MORCOVI} => {_TELINA}",0.000135205195770315,0.16295427901524,0.000829712460374664,11.028103269328,139
"{_CEAPA GALBENA,_MANDARINE^2 A nu se consuma coaja} => {_MORCOVI}",0.000103106120515492,0.345276872964169,0.000298618669794867,7.86754197787257,106
"{_MANDARINE^2 A nu se consuma coaja,_MORCOVI} => {_CEAPA GALBENA}",0.000103106120515492,0.124267291910903,0.000829712460374664,7.07823713186138,106
"{_ARDEI ROSU CAPIA,_MANDARINE^2 A nu se consuma coaja} => {_BANANE}",0.000122560105518415,0.264150943396226,0.000463977542319713,3.84996339402765,126
"{_MANDARINE^2 A nu se consuma coaja,_ROSII VRAC} => {_BANANE}",0.000129369000269438,0.30365296803653,0.000426042271564013,4.42569992897927,133
"{_MANDARINE^2 A nu se consuma coaja,_PATRUNJEL RADACINA KG} => {_MORCOVI}",0.000239284015535952,0.645669291338583,0.000370598414305682,14.712338564178,246
"{_MANDARINE^2 A nu se consuma coaja,_MORCOVI} => {_PATRUNJEL RADACINA KG}",0.000239284015535952,0.288393903868699,0.000829712460374664,14.2975481298443,246
"{_MANDARINE^2 A nu se consuma coaja,_PATRUNJEL RADACINA KG} => {_BANANE}",0.000110887714516661,0.299212598425197,0.000370598414305682,4.36098215723942,114
"{_MANDARINE^2 A nu se consuma coaja,LAPTE DE CONSUM 1.5% GRASIME FRISS CUTIE 1L} => {_BANANE}",0.000107969616766222,0.271393643031785,0.000397833993309775,3.95552473752439,111
"{_MANDARINE^2 A nu se consuma coaja,LAPTE DE CONSUM 3.5% GRASIME FRISS CUTIE 1L} => {_BANANE}",0.000122560105518415,0.356940509915014,0.00034336283530159,5.20235846728382,126
"{_LAMAIE^2 A nu se consuma coaja,_MANDARINE^2 A nu se consuma coaja} => {_MORCOVI}",0.000109915015266515,0.126116071428571,0.000871538528130949,2.87370386997112,113
"{_MANDARINE^2 A nu se consuma coaja,_MORCOVI} => {_LAMAIE^2 A nu se consuma coaja}",0.000109915015266515,0.132473622508792,0.000829712460374664,4.78823470350339,113
"{_LAMAIE^2 A nu se consuma coaja,_MANDARINE^2 A nu se consuma coaja} => {_BANANE}",0.000227611624534199,0.261160714285714,0.000871538528130949,3.80638121912714,234
"{_MANDARINE^2 A nu se consuma coaja,SMANTANA 20% GRASIME FRISS 300G} => {_BANANE}",0.000104078819765638,0.271573604060914,0.000383243504557582,3.95814764458499,107
"{_MANDARINE^2 A nu se consuma coaja,_MORCOVI} => {_BANANE}",0.000236365917785514,0.284876905041032,0.000829712460374664,4.15204141280205,243
"{_GULII,SMANTANA 20% GRASIME FRISS 170G} => {_MORCOVI}",0.000122560105518415,0.4921875,0.000249011008037414,11.215074395197,126
"{_MORCOVI,SMANTANA 20% GRASIME FRISS 170G} => {_GULII}",0.000122560105518415,0.155363748458693,0.000788859091868526,13.1731416731285,126
"{_TELINA,SMANTANA 20% GRASIME FRISS 170G} => {_PATRUNJEL RADACINA KG}",0.000147850286022215,0.537102473498233,0.00027527388779136,26.6276379718334,152
"{_PATRUNJEL RADACINA KG,SMANTANA 20% GRASIME FRISS 170G} => {_TELINA}",0.000147850286022215,0.340044742729307,0.000434796564815328,23.0128877969515,152
"{_TELINA,SMANTANA 20% GRASIME FRISS 170G} => {_MORCOVI}",0.000157577278523676,0.57243816254417,0.00027527388779136,13.0436806696285,162
"{_MORCOVI,SMANTANA 20% GRASIME FRISS 170G} => {_TELINA}",0.000157577278523676,0.199753390875462,0.000788859091868526,13.5185221050072,162
"{_CEAPA GALBENA,SMANTANA 20% GRASIME FRISS 170G} => {_MORCOVI}",0.000108942316016369,0.297872340425532,0.000365734918054952,6.78737362924454,112
"{_MORCOVI,SMANTANA 20% GRASIME FRISS 170G} => {_CEAPA GALBENA}",0.000108942316016369,0.13810110974106,0.000788859091868526,7.86620829897295,112
"{_PATRUNJEL RADACINA KG,SMANTANA 20% GRASIME FRISS 170G} => {_MORCOVI}",0.000297645970544721,0.684563758389262,0.000434796564815328,15.5985950041219,306
"{_MORCOVI,SMANTANA 20% GRASIME FRISS 170G} => {_PATRUNJEL RADACINA KG}",0.000297645970544721,0.37731196054254,0.000788859091868526,18.7057903910444,306
"{_MORCOVI,SMANTANA 20% GRASIME FRISS 170G} => {_BANANE}",0.000109915015266515,0.139334155363748,0.000788859091868526,2.03077600553387,113
"{_BANANE,SMANTANA 20% GRASIME FRISS 170G} => {_MORCOVI}",0.000109915015266515,0.12363238512035,0.000889047114633579,2.81711013949029,113
"{_ARDEI GRAS ROMANIA,_CASTRAVETI CORNISON} => {_ARDEI ROSU CAPIA}",0.000107969616766222,0.130281690140845,0.000828739761124518,7.70158739221598,111
"{_ARDEI ROSU CAPIA,_CASTRAVETI CORNISON} => {_ARDEI GRAS ROMANIA}",0.000107969616766222,0.131360946745562,0.000821930866373495,13.0860324067703,111
"{_ARDEI GRAS ROMANIA,_ARDEI ROSU CAPIA} => {_CASTRAVETI CORNISON}",0.000107969616766222,0.104716981132075,0.00103106120515492,10.7774624728711,111
"{_ARDEI GRAS ROMANIA,_CASTRAVETI CORNISON} => {_ROSII VRAC}",0.00023733861703566,0.286384976525822,0.000828739761124518,14.079138468916,244
"{_CASTRAVETI CORNISON,_ROSII VRAC} => {_ARDEI GRAS ROMANIA}",0.00023733861703566,0.121212121212121,0.0019580435905442,12.0750176180409,244
"{_ARDEI GRAS ROMANIA,_ROSII VRAC} => {_CASTRAVETI CORNISON}",0.00023733861703566,0.138557637705849,0.00171292337950737,14.2603398661867,244
"{_ARDEI GRAS ROMANIA,_CASTRAVETI CORNISON} => {_MORCOVI}",0.000103106120515492,0.124413145539906,0.000828739761124518,2.83490068920995,106
"{_CASTRAVETI CORNISON,_MORCOVI} => {_ARDEI GRAS ROMANIA}",0.000103106120515492,0.109165808444902,0.00094449097189191,10.8749772471439,106
"{_ARDEI GRAS ROMANIA,_CASTRAVETI CORNISON} => {_BANANE}",0.000104078819765638,0.125586854460094,0.000828739761124518,1.83041099996066,107
"{_CASTRAVETI CORNISON,_GULII} => {_MORCOVI}",0.000128396301019292,0.481751824817518,0.000266519594540045,10.977285191823,132
"{_CASTRAVETI CORNISON,_MORCOVI} => {_GULII}",0.000128396301019292,0.135942327497425,0.00094449097189191,11.5264182105811,132
"{_CASTRAVETI CORNISON,_TELINA} => {_PATRUNJEL RADACINA KG}",0.000128396301019292,0.429967426710098,0.000298618669794867,21.3162618737315,132
"{_CASTRAVETI CORNISON,_PATRUNJEL RADACINA KG} => {_TELINA}",0.000128396301019292,0.331658291457286,0.000387134301558167,22.4453258326389,132
"{_CASTRAVETI CORNISON,_TELINA} => {_MORCOVI}",0.000172167767275868,0.576547231270358,0.000298618669794867,13.1373106611646,177
"{_CASTRAVETI CORNISON,_MORCOVI} => {_TELINA}",0.000172167767275868,0.182286302780639,0.00094449097189191,12.336418434651,177
"{_CASTRAVETI CORNISON,_CEAPA GALBENA} => {_ROSII VRAC}",0.000141041391271191,0.232371794871795,0.000606964332091196,11.4237650171414,145
"{_CEAPA GALBENA,_ROSII VRAC} => {_CASTRAVETI CORNISON}",0.000141041391271191,0.105994152046784,0.00133065257419993,10.9089087908981,145
"{_CASTRAVETI CORNISON,_CEAPA GALBENA} => {_MORCOVI}",0.000171195068025722,0.282051282051282,0.000606964332091196,6.42687209948613,176
"{_CASTRAVETI CORNISON,_MORCOVI} => {_CEAPA GALBENA}",0.000171195068025722,0.181256436663234,0.00094449097189191,10.3243260607824,176
"{_ARDEI ROSU CAPIA,_CASTRAVETI CORNISON} => {_ROSII VRAC}",0.000173140466526014,0.210650887573964,0.000821930866373495,10.3559308547964,178
"{_ARDEI ROSU CAPIA,_CASTRAVETI CORNISON} => {_MORCOVI}",0.000102133421265346,0.124260355029586,0.000821930866373495,2.83141917669669,105
"{_CASTRAVETI CORNISON,_MORCOVI} => {_ARDEI ROSU CAPIA}",0.000102133421265346,0.108135942327497,0.00094449097189191,6.39244401246641,105
"{_ARDEI ROSU CAPIA,_CASTRAVETI CORNISON} => {_BANANE}",0.000106996917516076,0.130177514792899,0.000821930866373495,1.89731923813873,110
"{_CASTRAVETI CORNISON,_MORCOVI} => {_ROSII VRAC}",0.00018675825602806,0.19773429454171,0.00094449097189191,9.72093070900018,192
"{_CASTRAVETI CORNISON,_ROSII VRAC} => {_BANANE}",0.000278191985541798,0.14207650273224,0.0019580435905442,2.07074533839582,286
"{_BANANE,_CASTRAVETI CORNISON} => {_ROSII VRAC}",0.000278191985541798,0.225552050473186,0.00123338264918532,11.0884955945781,286
"{_CASTRAVETI CORNISON,_PATRUNJEL RADACINA KG} => {_MORCOVI}",0.000257765301288729,0.665829145728643,0.000387134301558167,15.1717046935106,265
"{_CASTRAVETI CORNISON,_MORCOVI} => {_PATRUNJEL RADACINA KG}",0.000257765301288729,0.272914521112255,0.00094449097189191,13.5301351678793,265
"{_CASTRAVETI CORNISON,_LAMAIE^2 A nu se consuma coaja} => {_BANANE}",0.000108942316016369,0.223107569721116,0.000488295023573366,3.25176191049347,112
"{_CASTRAVETI CORNISON,_MORCOVI} => {_BANANE}",0.000127423601769145,0.134912461380021,0.00094449097189191,1.9663304284783,131
"{_BANANE,_CASTRAVETI CORNISON} => {_MORCOVI}",0.000127423601769145,0.103312302839117,0.00123338264918532,2.35409302812408,131
"{_TELINA,CAFEA JACOBS KRONUNG 500G} => {_MORCOVI}",0.000111860413766807,0.511111111111111,0.000218857331282883,11.6462712590688,115
"{_MORCOVI,CAFEA JACOBS KRONUNG 500G} => {_TELINA}",0.000111860413766807,0.193602693602694,0.000577783354586812,13.1022671584517,115
"{_PATRUNJEL RADACINA KG,CAFEA JACOBS KRONUNG 500G} => {_MORCOVI}",0.000147850286022215,0.64957264957265,0.000227611624534199,14.8012811988166,152
"{_MORCOVI,CAFEA JACOBS KRONUNG 500G} => {_PATRUNJEL RADACINA KG}",0.000147850286022215,0.255892255892256,0.000577783354586812,12.6862315589711,152
"{_ARDEI GRAS ROMANIA,_USTUROI} => {_MORCOVI}",0.000123532804768561,0.339572192513369,0.000363789519554659,7.73755408574497,127
"{_ARDEI GRAS ROMANIA,_GULII} => {_TELINA}",0.000142986789771484,0.341860465116279,0.000418260677562844,23.1357687308734,147
"{_ARDEI GRAS ROMANIA,_TELINA} => {_GULII}",0.000142986789771484,0.25,0.000571947159085935,21.1972577319588,147
"{_ARDEI GRAS ROMANIA,_GULII} => {_PATRUNJEL RADACINA KG}",0.000192594451528937,0.46046511627907,0.000418260677562844,22.8282292857055,198
"{_ARDEI GRAS ROMANIA,_PATRUNJEL RADACINA KG} => {_GULII}",0.000192594451528937,0.265415549597855,0.000725633640609026,22.5043272435809,198
"{_ARDEI GRAS ROMANIA,_GULII} => {_MORCOVI}",0.000248038308787268,0.593023255813954,0.000418260677562844,13.5127363698498,255
"{_ARDEI GRAS ROMANIA,_MORCOVI} => {_GULII}",0.000248038308787268,0.174777244688143,0.00141916820596323,14.8191932053447,255
"{_ARDEI GRAS ROMANIA,_TELINA} => {_PATRUNJEL RADACINA KG}",0.000270410391540629,0.472789115646259,0.000571947159085935,23.4392095170517,278
"{_ARDEI GRAS ROMANIA,_PATRUNJEL RADACINA KG} => {_TELINA}",0.000270410391540629,0.372654155495979,0.000725633640609026,25.2197643129672,278
"{_ARDEI GRAS ROMANIA,_TELINA} => {_MORCOVI}",0.000310291060796621,0.542517006802721,0.000571947159085935,12.3618917423789,319
"{_ARDEI GRAS ROMANIA,_MORCOVI} => {_TELINA}",0.000310291060796621,0.218642906100069,0.00141916820596323,14.7968900365729,319
"{_ARDEI GRAS ROMANIA,_CEAPA GALBENA} => {_ARDEI ROSU CAPIA}",0.000111860413766807,0.128779395296753,0.00086862043038051,7.61277940225096,115
"{_ARDEI GRAS ROMANIA,_ARDEI ROSU CAPIA} => {_CEAPA GALBENA}",0.000111860413766807,0.108490566037736,0.00103106120515492,6.17959835751105,115
"{_ARDEI GRAS ROMANIA,_CEAPA GALBENA} => {_ROSII VRAC}",0.000205239541780837,0.236282194848824,0.00086862043038051,11.6160064657444,211
"{_ARDEI GRAS ROMANIA,_ROSII VRAC} => {_CEAPA GALBENA}",0.000205239541780837,0.119818285065304,0.00171292337950737,6.82482269778003,211
"{_CEAPA GALBENA,_ROSII VRAC} => {_ARDEI GRAS ROMANIA}",0.000205239541780837,0.154239766081871,0.00133065257419993,15.3651951159391,211
"{_ARDEI GRAS ROMANIA,_CEAPA GALBENA} => {_PATRUNJEL RADACINA KG}",0.00013131439876973,0.151175811870101,0.00086862043038051,7.49476121820219,135
"{_ARDEI GRAS ROMANIA,_PATRUNJEL RADACINA KG} => {_CEAPA GALBENA}",0.00013131439876973,0.180965147453083,0.000725633640609026,10.3077342925729,135
"{_ARDEI GRAS ROMANIA,_CEAPA GALBENA} => {_MORCOVI}",0.000252901805037998,0.291153415453527,0.00086862043038051,6.63427497595331,260
"{_ARDEI GRAS ROMANIA,_MORCOVI} => {_CEAPA GALBENA}",0.000252901805037998,0.178204249485949,0.00141916820596323,10.1504741623509,260
"{_ARDEI GRAS ROMANIA,_CEAPA GALBENA} => {_BANANE}",0.000104078819765638,0.119820828667413,0.00086862043038051,1.74637197308677,107
"{_ARDEI GRAS ROMANIA,_ARDEI ROSU CAPIA} => {_ROSII VRAC}",0.000188703654528353,0.183018867924528,0.00103106120515492,8.99749705865369,194
"{_ARDEI GRAS ROMANIA,_ROSII VRAC} => {_ARDEI ROSU CAPIA}",0.000188703654528353,0.110164679159568,0.00171292337950737,6.51237256106837,194
"{_ARDEI GRAS ROMANIA,_ARDEI ROSU CAPIA} => {_MORCOVI}",0.000174113165776161,0.168867924528302,0.00103106120515492,3.84785541393762,179
"{_ARDEI GRAS ROMANIA,_MORCOVI} => {_ARDEI ROSU CAPIA}",0.000174113165776161,0.12268677176148,0.00141916820596323,7.2526146503657,179
"{_ARDEI GRAS ROMANIA,_ARDEI ROSU CAPIA} => {_BANANE}",0.000104078819765638,0.100943396226415,0.00103106120515492,1.47123601128914,107
"{_ARDEI GRAS ROMANIA,_PATRUNJEL RADACINA KG} => {_ROSII VRAC}",0.000132287098019876,0.18230563002681,0.000725633640609026,8.96243315535444,136
"{_PATRUNJEL RADACINA KG,_ROSII VRAC} => {_ARDEI GRAS ROMANIA}",0.000132287098019876,0.134786917740337,0.000981453543397463,13.427323852767,136
"{_ARDEI GRAS ROMANIA,CARNE TOCATA PORC VRAC} => {_ROSII VRAC}",0.000139095992770899,0.148803329864724,0.000934763979390448,7.31540708320761,143
"{_ROSII VRAC,CARNE TOCATA PORC VRAC} => {_ARDEI GRAS ROMANIA}",0.000139095992770899,0.158888888888889,0.000875429325131533,15.8283355943152,143
"{_ARDEI GRAS ROMANIA,_ROSII VRAC} => {_MORCOVI}",0.000245120211036829,0.143100511073254,0.00171292337950737,3.26071441813792,252
"{_ARDEI GRAS ROMANIA,_MORCOVI} => {_ROSII VRAC}",0.000245120211036829,0.172721041809459,0.00141916820596323,8.49123963704689,252
"{_MORCOVI,_ROSII VRAC} => {_ARDEI GRAS ROMANIA}",0.000245120211036829,0.118588235294118,0.00206698590656056,11.813629001368,252
"{_ARDEI GRAS ROMANIA,_ROSII VRAC} => {_BANANE}",0.000197457947779668,0.115275411697899,0.00171292337950737,1.68012315065886,203
"{_ARDEI GRAS ROMANIA,_BANANE} => {_ROSII VRAC}",0.000197457947779668,0.184545454545455,0.00106996917516076,9.07254647179523,203
"{_ARDEI GRAS ROMANIA,_PATRUNJEL RADACINA KG} => {_MORCOVI}",0.00048732232432322,0.671581769436997,0.000725633640609026,15.3027850294735,501
"{_ARDEI GRAS ROMANIA,_MORCOVI} => {_PATRUNJEL RADACINA KG}",0.00048732232432322,0.343385880740233,0.00141916820596323,17.0238555362381,501
"{_ARDEI GRAS ROMANIA,CARNE TOCATA PORC VRAC} => {_MORCOVI}",0.000137150594270607,0.146722164412071,0.000934763979390448,3.34323807351,141
"{_ARDEI GRAS ROMANIA,_LAMAIE^2 A nu se consuma coaja} => {_BANANE}",0.000105051519015784,0.195298372513562,0.00053790268533082,2.84644671498505,108
"{_ARDEI GRAS ROMANIA,_MORCOVI} => {_BANANE}",0.00015660457927353,0.110349554489376,0.00141916820596323,1.60832946446871,161
"{_ARDEI GRAS ROMANIA,_BANANE} => {_MORCOVI}",0.00015660457927353,0.146363636363636,0.00106996917516076,3.33506858782425,161
"{_TELINA,PARIZER CRISTUR} => {_MORCOVI}",0.000114778511517245,0.551401869158878,0.000208157639531276,12.5643438410515,118
"{_MORCOVI,PARIZER CRISTUR} => {_TELINA}",0.000114778511517245,0.196666666666667,0.000583619550087689,13.309624777829,118
"{_PATRUNJEL RADACINA KG,PARIZER CRISTUR} => {_MORCOVI}",0.000197457947779668,0.672185430463576,0.000293755173544137,15.3165401600336,203
"{_MORCOVI,PARIZER CRISTUR} => {_PATRUNJEL RADACINA KG}",0.000197457947779668,0.338333333333333,0.000583619550087689,16.7733681342528,203
"{_GULII,_MERE ROSII} => {_MORCOVI}",0.000116723910017538,0.474308300395257,0.000246092910286975,10.8076756829303,120
"{_MERE ROSII,_MORCOVI} => {_GULII}",0.000116723910017538,0.129032258064516,0.000904610302635918,10.9405201197207,120
"{_MERE ROSII,_TELINA} => {_PATRUNJEL RADACINA KG}",0.00010602421826593,0.375862068965517,0.000282082782542383,18.633909902839,109
"{_MERE ROSII,_PATRUNJEL RADACINA KG} => {_TELINA}",0.00010602421826593,0.295392953929539,0.000358926023303929,19.9910307397459,109
"{_MERE ROSII,_TELINA} => {_MORCOVI}",0.000147850286022215,0.524137931034483,0.000282082782542383,11.9431027604244,152
"{_MERE ROSII,_MORCOVI} => {_TELINA}",0.000147850286022215,0.163440860215054,0.000904610302635918,11.0610331669218,152
"{_CEAPA GALBENA,_MERE ROSII} => {_MORCOVI}",0.00013131439876973,0.296703296703297,0.000442578158816497,6.76073558517372,135
"{_MERE ROSII,_MORCOVI} => {_CEAPA GALBENA}",0.00013131439876973,0.145161290322581,0.000904610302635918,8.26835460458001,135
"{_ARDEI ROSU CAPIA,_MERE ROSII} => {_BANANE}",0.000113805812267099,0.272727272727273,0.000417287978312698,3.97496220552205,117
"{_MERE ROSII,_ROSII VRAC} => {_BANANE}",0.000155631880023384,0.287253141831239,0.000541793482331404,4.18667473472101,160
"{_MERE ROSII,_PATRUNJEL RADACINA KG} => {_MORCOVI}",0.000230529722284637,0.642276422764228,0.000358926023303929,14.6350280402933,237
"{_MERE ROSII,_MORCOVI} => {_PATRUNJEL RADACINA KG}",0.000230529722284637,0.254838709677419,0.000904610302635918,12.6340004697852,237
"{_MERE ROSII,LAPTE DE CONSUM 1.5% GRASIME FRISS CUTIE 1L} => {_BANANE}",0.000120614707018122,0.265524625267666,0.000454250549818251,3.86998461693939,124
"{_MERE ROSII,LAPTE DE CONSUM 3.5% GRASIME FRISS CUTIE 1L} => {_BANANE}",0.000112833113016953,0.308510638297872,0.000365734918054952,4.4964997998636,116
"{_LAMAIE^2 A nu se consuma coaja,_MERE ROSII} => {_BANANE}",0.000195512549279376,0.262745098039216,0.000744114926361803,3.82947339277092,201
"{_MERE ROSII,_MORCOVI} => {_BANANE}",0.000226638925284053,0.250537634408602,0.000904610302635918,3.65155130206202,233
"{_TELINA,PAINE ALBA SECUIASCA CU CARTOFI FEL.HARMOPAN 500G} => {_MORCOVI}",0.000108942316016369,0.580310880829015,0.000187730955278207,13.2230698683728,112
"{_MORCOVI,PAINE ALBA SECUIASCA CU CARTOFI FEL.HARMOPAN 500G} => {_TELINA}",0.000108942316016369,0.186666666666667,0.000583619550087689,12.6328641959055,112
"{_PATRUNJEL RADACINA KG,PAINE ALBA SECUIASCA CU CARTOFI FEL.HARMOPAN 500G} => {_MORCOVI}",0.000179949361277037,0.670289855072464,0.000268464993040337,15.2733472324745,185
"{_MORCOVI,PAINE ALBA SECUIASCA CU CARTOFI FEL.HARMOPAN 500G} => {_PATRUNJEL RADACINA KG}",0.000179949361277037,0.308333333333333,0.000583619550087689,15.2860744080629,185
"{_TELINA,DANONE ACTIVIA NATUR 125G} => {_PATRUNJEL RADACINA KG}",0.000137150594270607,0.494736842105263,0.000277219286291652,24.5273000459387,141
"{_PATRUNJEL RADACINA KG,DANONE ACTIVIA NATUR 125G} => {_TELINA}",0.000137150594270607,0.369109947643979,0.000371571113555829,24.9799062961295,141
"{_TELINA,DANONE ACTIVIA NATUR 125G} => {_MORCOVI}",0.000163413474024553,0.589473684210526,0.000277219286291652,13.4318551820839,168
"{_MORCOVI,DANONE ACTIVIA NATUR 125G} => {_TELINA}",0.000163413474024553,0.221052631578947,0.000739251430111073,14.9599707583091,168
"{_PATRUNJEL RADACINA KG,DANONE ACTIVIA NATUR 125G} => {_MORCOVI}",0.000241229414036245,0.649214659685864,0.000371571113555829,14.7931239757806,248
"{_MORCOVI,DANONE ACTIVIA NATUR 125G} => {_PATRUNJEL RADACINA KG}",0.000241229414036245,0.326315789473684,0.000739251430111073,16.1775808813638,248
"{DANONE ACTIVIA NATUR 125G,LAPTE DE CONSUM 3.5% GRASIME FRISS CUTIE 1L} => {SMANTANA 20% GRASIME FRISS 300G}",0.000127423601769145,0.212317666126418,0.000600155437340173,6.92151148089765,131
"{DANONE ACTIVIA NATUR 125G,SMANTANA 20% GRASIME FRISS 300G} => {LAPTE DE CONSUM 3.5% GRASIME FRISS CUTIE 1L}",0.000127423601769145,0.16540404040404,0.000770377806115749,6.3315498978315,131
"{_LAMAIE^2 A nu se consuma coaja,DANONE ACTIVIA NATUR 125G} => {_BANANE}",0.000119642007767976,0.213541666666667,0.000560274768084181,3.11234019911536,123
"{DANONE ACTIVIA NATUR 125G,SMANTANA 20% GRASIME FRISS 300G} => {_BANANE}",0.000116723910017538,0.151515151515152,0.000770377806115749,2.20831233640114,120
"{_MORCOVI,DANONE ACTIVIA NATUR 125G} => {_BANANE}",0.000127423601769145,0.172368421052632,0.000739251430111073,2.51224585006898,131
"{MERKUR SACOSA ECO RECICLABILA,PULPE PORC FARA OS} => {COTLET PORC FARA OS}",0.000105051519015784,0.228813559322034,0.000459114046068982,20.1279771961603,108
"{COTLET PORC FARA OS,MERKUR SACOSA ECO RECICLABILA} => {PULPE PORC FARA OS}",0.000105051519015784,0.244897959183673,0.000428960369314451,21.1875376760146,108
"{MERKUR SACOSA ECO RECICLABILA,PULPE PORC FARA OS} => {CARNE TOCATA PORC VRAC}",0.000190649053028645,0.415254237288136,0.000459114046068982,13.8507941718935,196
"{CARNE TOCATA PORC VRAC,MERKUR SACOSA ECO RECICLABILA} => {PULPE PORC FARA OS}",0.000190649053028645,0.222222222222222,0.000857920738628903,19.2257286319392,196
"{COTLET PORC FARA OS,PULPE PORC FARA OS} => {PIEPT DE PUI FARA OS REFR.VRAC SZEKELY CSURKE}",0.000133259797270022,0.103630862329803,0.00128590840869321,6.98207416887174,137
"{PIEPT DE PUI FARA OS REFR.VRAC SZEKELY CSURKE,PULPE PORC FARA OS} => {COTLET PORC FARA OS}",0.000133259797270022,0.183400267737617,0.000726606339859173,16.133119111167,137
"{COTLET PORC FARA OS,PIEPT DE PUI FARA OS REFR.VRAC SZEKELY CSURKE} => {PULPE PORC FARA OS}",0.000133259797270022,0.126500461680517,0.00105343328790828,10.9442859663809,137
"{COTLET PORC FARA OS,PULPE PORC FARA OS} => {CARNE TOCATA PORC VRAC}",0.000351144429302759,0.273071104387292,0.00128590840869321,9.10827951054864,361
"{CARNE TOCATA PORC VRAC,PULPE PORC FARA OS} => {COTLET PORC FARA OS}",0.000351144429302759,0.150228880565959,0.00233739629810119,13.2151411445883,361
"{CARNE TOCATA PORC VRAC,COTLET PORC FARA OS} => {PULPE PORC FARA OS}",0.000351144429302759,0.152320675105485,0.00230529722284637,13.1781418407533,361
"{ELAN ULEI RAFINAT DE FLOAREA SOARELUI 1L,PULPE PORC FARA OS} => {CARNE TOCATA PORC VRAC}",0.000124505504018707,0.326530612244898,0.00038129810605729,10.891419990227,128
"{CARNE TOCATA PORC VRAC,ELAN ULEI RAFINAT DE FLOAREA SOARELUI 1L} => {PULPE PORC FARA OS}",0.000124505504018707,0.143820224719101,0.000865702332630072,12.4427187550528,128
"{_GULII,PULPE PORC FARA OS} => {_MORCOVI}",0.000104078819765638,0.49537037037037,0.000210103038031568,11.2875998615975,107
"{_MORCOVI,PULPE PORC FARA OS} => {_GULII}",0.000104078819765638,0.137532133676093,0.000756760016613703,11.6612163358334,107
"{PIEPT DE PUI FARA OS REFR.VRAC SZEKELY CSURKE,PULPE PORC FARA OS} => {CARNE TOCATA PORC VRAC}",0.000185785556777914,0.255689424364123,0.000726606339859173,8.52851403016517,191
"{CARNE TOCATA PORC VRAC,PIEPT DE PUI FARA OS REFR.VRAC SZEKELY CSURKE} => {PULPE PORC FARA OS}",0.000185785556777914,0.105875831485588,0.00175474944726365,9.15993002170273,191
"{_TELINA,PULPE PORC FARA OS} => {_PATRUNJEL RADACINA KG}",0.000103106120515492,0.42741935483871,0.000241229414036245,21.1899374967916,106
"{_PATRUNJEL RADACINA KG,PULPE PORC FARA OS} => {_TELINA}",0.000103106120515492,0.323170731707317,0.000319045354047937,21.870921245089,106
"{_TELINA,PULPE PORC FARA OS} => {_MORCOVI}",0.000139095992770899,0.576612903225806,0.000241229414036245,13.1388070743527,143
"{_MORCOVI,PULPE PORC FARA OS} => {_TELINA}",0.000139095992770899,0.183804627249357,0.000756760016613703,12.4391726497508,143
"{_CEAPA GALBENA,PULPE PORC FARA OS} => {_MORCOVI}",0.000120614707018122,0.303921568627451,0.000396861294059628,6.92521244944629,124
"{_MORCOVI,PULPE PORC FARA OS} => {_CEAPA GALBENA}",0.000120614707018122,0.159383033419023,0.000756760016613703,9.07842190802786,124
"{_PATRUNJEL RADACINA KG,PULPE PORC FARA OS} => {_MORCOVI}",0.000219830030533029,0.689024390243902,0.000319045354047937,15.7002357774032,226
"{_MORCOVI,PULPE PORC FARA OS} => {_PATRUNJEL RADACINA KG}",0.000219830030533029,0.290488431876607,0.000756760016613703,14.401387408694,226
"{_MORCOVI,PULPE PORC FARA OS} => {CARNE TOCATA PORC VRAC}",0.000148822985272361,0.196658097686375,0.000756760016613703,6.55952568016802,153
"{_BANANE,PULPE PORC FARA OS} => {CARNE TOCATA PORC VRAC}",0.000144932188271776,0.181485992691839,0.000798586084369988,6.05346051679713,149
"{_MORCOVI,PULPE PORC FARA OS} => {_BANANE}",0.000112833113016953,0.149100257069409,0.000756760016613703,2.17311558450991,116
"{_BANANE,PULPE PORC FARA OS} => {_MORCOVI}",0.000112833113016953,0.141291108404385,0.000798586084369988,3.21948503798862,116
"{_TELINA,DR.OETKER ZAHAR VANILINAT 8G} => {_PATRUNJEL RADACINA KG}",0.000110887714516661,0.420664206642066,0.000263601496789606,20.8550411790466,114
"{_PATRUNJEL RADACINA KG,DR.OETKER ZAHAR VANILINAT 8G} => {_TELINA}",0.000110887714516661,0.336283185840708,0.000329745045799544,22.7583204540649,114
"{_TELINA,DR.OETKER ZAHAR VANILINAT 8G} => {_MORCOVI}",0.000142014090521338,0.538745387453875,0.000263601496789606,12.2759509340738,146
"{_MORCOVI,DR.OETKER ZAHAR VANILINAT 8G} => {_TELINA}",0.000142014090521338,0.216617210682493,0.000655599294598504,14.6597989556131,146
"{_PATRUNJEL RADACINA KG,DR.OETKER ZAHAR VANILINAT 8G} => {_MORCOVI}",0.000218857331282883,0.663716814159292,0.000329745045799544,15.1235727200297,225
"{_MORCOVI,DR.OETKER ZAHAR VANILINAT 8G} => {_PATRUNJEL RADACINA KG}",0.000218857331282883,0.333827893175074,0.000655599294598504,16.5500043715494,225
"{_LAMAIE^2 A nu se consuma coaja,DR.OETKER ZAHAR VANILINAT 8G} => {_MORCOVI}",0.000108942316016369,0.143405889884763,0.000759678114364142,3.2676728355902,112
"{_MORCOVI,DR.OETKER ZAHAR VANILINAT 8G} => {_LAMAIE^2 A nu se consuma coaja}",0.000108942316016369,0.166172106824926,0.000655599294598504,6.00626021682597,112
"{_LAMAIE^2 A nu se consuma coaja,DR.OETKER ZAHAR VANILINAT 8G} => {_BANANE}",0.000108942316016369,0.143405889884763,0.000759678114364142,2.0901209719177,112
"{_BANANE,DR.OETKER ZAHAR VANILINAT 8G} => {_LAMAIE^2 A nu se consuma coaja}",0.000108942316016369,0.152796725784447,0.000712988550357127,5.52280953088773,112
"{_GULII,PASTE ATA PAIANJENULUI CU 8 OUA GYERMELYI 250G} => {_TELINA}",0.000165358872524845,0.360169491525424,0.000459114046068982,24.374851467584,170
"{_TELINA,PASTE ATA PAIANJENULUI CU 8 OUA GYERMELYI 250G} => {_GULII}",0.000165358872524845,0.281456953642384,0.000587510347088273,23.8644623472383,170
"{_GULII,PASTE ATA PAIANJENULUI CU 8 OUA GYERMELYI 250G} => {_PATRUNJEL RADACINA KG}",0.000225666226033906,0.491525423728814,0.000459114046068982,24.3680892991566,232
"{_PATRUNJEL RADACINA KG,PASTE ATA PAIANJENULUI CU 8 OUA GYERMELYI 250G} => {_GULII}",0.000225666226033906,0.282238442822384,0.000799558783620134,23.9307240574912,232
"{_GULII,PASTE ATA PAIANJENULUI CU 8 OUA GYERMELYI 250G} => {_MORCOVI}",0.00028791897804326,0.627118644067797,0.000459114046068982,14.2896401225863,296
"{_MORCOVI,PASTE ATA PAIANJENULUI CU 8 OUA GYERMELYI 250G} => {_GULII}",0.00028791897804326,0.21173104434907,0.00135983355170432,17.9524700676961,296
"{_TELINA,PASTE ATA PAIANJENULUI CU 8 OUA GYERMELYI 250G} => {_PATRUNJEL RADACINA KG}",0.000328772346549398,0.559602649006622,0.000587510347088273,27.74311696756,338
"{_PATRUNJEL RADACINA KG,PASTE ATA PAIANJENULUI CU 8 OUA GYERMELYI 250G} => {_TELINA}",0.000328772346549398,0.411192214111922,0.000799558783620134,27.82786821048,338
"{_TELINA,PASTE ATA PAIANJENULUI CU 8 OUA GYERMELYI 250G} => {_MORCOVI}",0.000396861294059628,0.675496688741722,0.000587510347088273,15.3919910967826,408
"{_MORCOVI,PASTE ATA PAIANJENULUI CU 8 OUA GYERMELYI 250G} => {_TELINA}",0.000396861294059628,0.291845493562232,0.00135983355170432,19.7509526054929,408
"{_CEAPA GALBENA,PASTE ATA PAIANJENULUI CU 8 OUA GYERMELYI 250G} => {_PATRUNJEL RADACINA KG}",0.000104078819765638,0.348534201954397,0.000298618669794867,17.2790910643127,107
"{_PATRUNJEL RADACINA KG,PASTE ATA PAIANJENULUI CU 8 OUA GYERMELYI 250G} => {_CEAPA GALBENA}",0.000104078819765638,0.130170316301703,0.000799558783620134,7.41447207985723,107
"{_CEAPA GALBENA,PASTE ATA PAIANJENULUI CU 8 OUA GYERMELYI 250G} => {_MORCOVI}",0.00016924966952543,0.566775244299674,0.000298618669794867,12.914644378772,174
"{_MORCOVI,PASTE ATA PAIANJENULUI CU 8 OUA GYERMELYI 250G} => {_CEAPA GALBENA}",0.00016924966952543,0.124463519313305,0.00135983355170432,7.08941420077961,174
"{_PATRUNJEL RADACINA KG,PASTE ATA PAIANJENULUI CU 8 OUA GYERMELYI 250G} => {_MORCOVI}",0.00058070145233725,0.726277372262774,0.000799558783620134,16.5490890391878,597
"{_MORCOVI,PASTE ATA PAIANJENULUI CU 8 OUA GYERMELYI 250G} => {_PATRUNJEL RADACINA KG}",0.00058070145233725,0.427038626609442,0.00135983355170432,21.1710623398992,597
"{_LAMAIE^2 A nu se consuma coaja,PASTE ATA PAIANJENULUI CU 8 OUA GYERMELYI 250G} => {_MORCOVI}",0.000105051519015784,0.262773722627737,0.000399779391810067,5.98761010463074,108
"{PASTE ATA PAIANJENULUI CU 8 OUA GYERMELYI 250G,SMANTANA 20% GRASIME FRISS 300G} => {_MORCOVI}",0.000101160722015199,0.178694158075601,0.000566110963585058,4.0717577687466,104
"{_MORCOVI,PASTE ATA PAIANJENULUI CU 8 OUA GYERMELYI 250G} => {_BANANE}",0.000145904887521922,0.107296137339056,0.00135983355170431,1.56382633264458,150
"{_BANANE,PASTE ATA PAIANJENULUI CU 8 OUA GYERMELYI 250G} => {_MORCOVI}",0.000145904887521922,0.191570881226054,0.000761623512864434,4.36516913758201,150
"{COTLET PORC FARA OS,MERKUR SACOSA ECO RECICLABILA} => {CARNE TOCATA PORC VRAC}",0.000172167767275868,0.401360544217687,0.000428960369314451,13.387370404654,177
"{CARNE TOCATA PORC VRAC,MERKUR SACOSA ECO RECICLABILA} => {COTLET PORC FARA OS}",0.000172167767275868,0.200680272108844,0.000857920738628903,17.6531843335435,177
"{_PATRUNJEL RADACINA KG,MERKUR SACOSA ECO RECICLABILA} => {_MORCOVI}",0.000130341699519584,0.728260869565217,0.000178976662026891,16.5942853714993,134
"{_MORCOVI,MERKUR SACOSA ECO RECICLABILA} => {_PATRUNJEL RADACINA KG}",0.000130341699519584,0.313817330210773,0.000415342579812405,15.5579515464049,134
"{_TELINA,GOBE PAINE ALBA DE CASA CU CARTOFI KG} => {_MORCOVI}",0.000104078819765638,0.467248908296943,0.000222748128283468,10.6468190834282,107
"{_MORCOVI,GOBE PAINE ALBA DE CASA CU CARTOFI KG} => {_TELINA}",0.000104078819765638,0.164110429447853,0.000634199911095289,11.1063469732846,107
"{_PATRUNJEL RADACINA KG,GOBE PAINE ALBA DE CASA CU CARTOFI KG} => {_MORCOVI}",0.000195512549279376,0.62037037037037,0.000315154557047352,14.1358727238698,201
"{_MORCOVI,GOBE PAINE ALBA DE CASA CU CARTOFI KG} => {_PATRUNJEL RADACINA KG}",0.000195512549279376,0.308282208588957,0.000634199911095289,15.2835398243441,201
"{GOBE PAINE ALBA DE CASA CU CARTOFI KG,LAPTE DE CONSUM 3.5% GRASIME FRISS CUTIE 1L} => {SMANTANA 20% GRASIME FRISS 300G}",0.000110887714516661,0.158774373259053,0.000698398061604934,5.17601133920963,114
"{GOBE PAINE ALBA DE CASA CU CARTOFI KG,SMANTANA 20% GRASIME FRISS 300G} => {LAPTE DE CONSUM 3.5% GRASIME FRISS CUTIE 1L}",0.000110887714516661,0.145222929936306,0.000763568911364726,5.55903123620762,114
"{COTLET PORC FARA OS,ELAN ULEI RAFINAT DE FLOAREA SOARELUI 1L} => {CARNE TOCATA PORC VRAC}",0.000108942316016369,0.296296296296296,0.000367680316555244,9.88295517631706,112
"{CARNE TOCATA PORC VRAC,ELAN ULEI RAFINAT DE FLOAREA SOARELUI 1L} => {COTLET PORC FARA OS}",0.000108942316016369,0.125842696629213,0.000865702332630072,11.0699686485416,112
"{_GULII,COTLET PORC FARA OS} => {_MORCOVI}",0.00011866930851783,0.535087719298246,0.000221775429033322,12.1926066384988,122
"{_MORCOVI,COTLET PORC FARA OS} => {_GULII}",0.00011866930851783,0.152690863579474,0.000777186700866772,12.9465103544379,122
"{COTLET PORC FARA OS,PIEPT DE PUI FARA OS REFR.VRAC SZEKELY CSURKE} => {CARNE TOCATA PORC VRAC}",0.000239284015535952,0.227146814404432,0.00105343328790828,7.57647602505747,246
"{CARNE TOCATA PORC VRAC,COTLET PORC FARA OS} => {PIEPT DE PUI FARA OS REFR.VRAC SZEKELY CSURKE}",0.000239284015535952,0.10379746835443,0.00230529722284637,6.99329916106784,246
"{CARNE TOCATA PORC VRAC,PIEPT DE PUI FARA OS REFR.VRAC SZEKELY CSURKE} => {COTLET PORC FARA OS}",0.000239284015535952,0.136363636363636,0.00175474944726365,11.9954611573077,246
"{_TELINA,COTLET PORC FARA OS} => {_PATRUNJEL RADACINA KG}",0.000110887714516661,0.438461538461538,0.000252901805037998,21.737369844314,114
"{_PATRUNJEL RADACINA KG,COTLET PORC FARA OS} => {_TELINA}",0.000110887714516661,0.307277628032345,0.000360871421804221,20.7953386359245,114
"{_TELINA,COTLET PORC FARA OS} => {_MORCOVI}",0.000135205195770315,0.534615384615385,0.000252901805037998,12.181843934026,139
"{_MORCOVI,COTLET PORC FARA OS} => {_TELINA}",0.000135205195770315,0.173967459324155,0.000777186700866772,11.7734319007969,139
"{_CEAPA GALBENA,COTLET PORC FARA OS} => {_MORCOVI}",0.000126450902518999,0.342105263157895,0.000369625715055536,7.79527309674514,130
"{_MORCOVI,COTLET PORC FARA OS} => {_CEAPA GALBENA}",0.000126450902518999,0.16270337922403,0.000777186700866772,9.26754806187107,130
"{_PATRUNJEL RADACINA KG,COTLET PORC FARA OS} => {_MORCOVI}",0.000222748128283468,0.617250673854447,0.000360871421804221,14.0647867484711,229
"{_MORCOVI,COTLET PORC FARA OS} => {_PATRUNJEL RADACINA KG}",0.000222748128283468,0.286608260325407,0.000777186700866772,14.2090222485393,229
"{_MORCOVI,COTLET PORC FARA OS} => {CARNE TOCATA PORC VRAC}",0.000127423601769145,0.1639549436796,0.000777186700866772,5.46871283770861,131
"{_BANANE,COTLET PORC FARA OS} => {CARNE TOCATA PORC VRAC}",0.000167304271025137,0.184549356223176,0.00090655570113621,6.15563892687989,172
"{_MORCOVI,COTLET PORC FARA OS} => {_BANANE}",0.000113805812267099,0.146433041301627,0.000777186700866772,2.1342412843166,117
"{_BANANE,COTLET PORC FARA OS} => {_MORCOVI}",0.000113805812267099,0.125536480686695,0.00090655570113621,2.86049720932064,117
"{_USTUROI,ELAN ULEI RAFINAT DE FLOAREA SOARELUI 1L} => {_MORCOVI}",0.000100188022765053,0.276881720430108,0.000361844121054367,6.30907752288265,103
"{_MORCOVI,ELAN ULEI RAFINAT DE FLOAREA SOARELUI 1L} => {_USTUROI}",0.000100188022765053,0.106735751295337,0.000938654776391033,10.6184927063038,103
"{_GULII,_USTUROI} => {_TELINA}",0.000208157639531276,0.368965517241379,0.000564165565084766,24.9701318157984,214
"{_TELINA,_USTUROI} => {_GULII}",0.000208157639531276,0.274007682458387,0.000759678114364142,23.2328458624286,214
"{_GULII,_USTUROI} => {_CEAPA GALBENA}",0.00014395948902163,0.255172413793103,0.000564165565084766,14.5345635731085,148
"{_CEAPA GALBENA,_GULII} => {_USTUROI}",0.00014395948902163,0.111529766390354,0.00129077190494394,11.0954201996935,148
"{_GULII,_USTUROI} => {_PATRUNJEL RADACINA KG}",0.000243174812536537,0.431034482758621,0.000564165565084766,21.3691627326135,250
"{_PATRUNJEL RADACINA KG,_USTUROI} => {_GULII}",0.000243174812536537,0.25987525987526,0.000935736678640594,22.0345714469426,250
"{_GULII,_USTUROI} => {_MORCOVI}",0.000367680316555244,0.651724137931034,0.000564165565084766,14.850305406054,378
"{_MORCOVI,_USTUROI} => {_GULII}",0.000367680316555244,0.169051878354204,0.00217495552332679,14.3337449421832,378
"{_USTUROI,PIEPT DE PUI FARA OS REFR.VRAC SZEKELY CSURKE} => {_MORCOVI}",0.000106996917516076,0.29810298102981,0.000358926023303929,6.79262904823738,110
"{_TELINA,_USTUROI} => {_CEAPA GALBENA}",0.000206212241030983,0.271446862996159,0.000759678114364142,15.4615525569213,212
"{_CEAPA GALBENA,_USTUROI} => {_TELINA}",0.000206212241030983,0.129032258064516,0.00159814486799012,8.73239460546461,212
"{_CEAPA GALBENA,_TELINA} => {_USTUROI}",0.000206212241030983,0.11732152739347,0.00175766754501409,11.6716073836677,212
"{_TELINA,_USTUROI} => {_PATRUNJEL RADACINA KG}",0.000380325406807144,0.500640204865557,0.000759678114364142,24.8199678591657,391
"{_PATRUNJEL RADACINA KG,_USTUROI} => {_TELINA}",0.000380325406807144,0.406444906444906,0.000935736678640594,27.50658914055,391
"{_TELINA,_USTUROI} => {_LAMAIE^2 A nu se consuma coaja}",0.000101160722015199,0.133162612035851,0.000759678114364142,4.81313810314881,104
"{_LAMAIE^2 A nu se consuma coaja,_USTUROI} => {_TELINA}",0.000101160722015199,0.113910186199343,0.000888074415383433,7.70899238992823,104
"{_TELINA,_USTUROI} => {_MORCOVI}",0.00051261250482702,0.674775928297055,0.000759678114364142,15.3755677174646,527
"{_MORCOVI,_USTUROI} => {_TELINA}",0.00051261250482702,0.235688729874776,0.00217495552332679,15.9504841982866,527
"{_TELINA,_USTUROI} => {_BANANE}",0.000112833113016953,0.148527528809219,0.000759678114364142,2.16476814948619,116
"{_ARDEI ROSU CAPIA,_USTUROI} => {_CEAPA GALBENA}",0.000138123293520753,0.235099337748344,0.000587510347088273,13.3912056546583,142
"{_ARDEI ROSU CAPIA,_CEAPA GALBENA} => {_USTUROI}",0.000138123293520753,0.107088989441931,0.00128979920569379,10.653634227656,142
"{_ROSII VRAC,_USTUROI} => {_CEAPA GALBENA}",0.000144932188271776,0.236507936507937,0.000612800527592073,13.4714391247108,149
"{_CEAPA GALBENA,_ROSII VRAC} => {_USTUROI}",0.000144932188271776,0.108918128654971,0.00133065257419993,10.8356041970128,149
"{_CEAPA GALBENA,_USTUROI} => {_PATRUNJEL RADACINA KG}",0.000273328489291068,0.171028606208156,0.00159814486799012,8.47899243374645,281
"{_PATRUNJEL RADACINA KG,_USTUROI} => {_CEAPA GALBENA}",0.000273328489291068,0.292099792099792,0.000935736678640595,16.6379387758134,281
"{_CEAPA GALBENA,_PATRUNJEL RADACINA KG} => {_USTUROI}",0.000273328489291068,0.111640842272547,0.00244828401261785,11.1064704657064,281
"{_USTUROI,CARNE TOCATA PORC VRAC} => {_CEAPA GALBENA}",0.000119642007767976,0.167803547066849,0.000712988550357126,9.55805248060135,123
"{_CEAPA GALBENA,CARNE TOCATA PORC VRAC} => {_USTUROI}",0.000119642007767976,0.136818687430478,0.000874456625881387,13.6112616151141,123
"{_CEAPA GALBENA,_USTUROI} => {_LAMAIE^2 A nu se consuma coaja}",0.000164386173274699,0.102860620815581,0.00159814486799012,3.71787820764379,169
"{_LAMAIE^2 A nu se consuma coaja,_USTUROI} => {_CEAPA GALBENA}",0.000164386173274699,0.185104052573932,0.000888074415383433,10.5434854018242,169
"{_CEAPA GALBENA,_LAMAIE^2 A nu se consuma coaja} => {_USTUROI}",0.000164386173274699,0.132341425215348,0.00124213694243663,13.1658459451198,169
"{_USTUROI,SMANTANA 20% GRASIME FRISS 300G} => {_CEAPA GALBENA}",0.000127423601769145,0.177506775067751,0.000717852046607857,10.1107461756096,131
"{_CEAPA GALBENA,SMANTANA 20% GRASIME FRISS 300G} => {_USTUROI}",0.000127423601769145,0.115114235500879,0.00110693174666632,11.4520172971436,131
"{_CEAPA GALBENA,_USTUROI} => {_MORCOVI}",0.000558329369583889,0.349360925136945,0.00159814486799012,7.96060193764713,574
"{_MORCOVI,_USTUROI} => {_CEAPA GALBENA}",0.000558329369583889,0.256708407871199,0.00217495552332679,14.6220534519873,574
"{_CEAPA GALBENA,_MORCOVI} => {_USTUROI}",0.000558329369583889,0.105534105534106,0.0052905112215449,10.4989482556736,574
"{_CEAPA GALBENA,_USTUROI} => {_BANANE}",0.000220802729783176,0.138161898965307,0.00159814486799012,2.0136905309776,227
"{_BANANE,_USTUROI} => {_CEAPA GALBENA}",0.000220802729783176,0.177067082683307,0.00124700043868736,10.0857013958103,227
"{_BANANE,_CEAPA GALBENA} => {_USTUROI}",0.000220802729783176,0.104801477377655,0.00210686657581656,10.4260635226643,227
"{_ARDEI ROSU CAPIA,_USTUROI} => {_PATRUNJEL RADACINA KG}",0.00010602421826593,0.18046357615894,0.000587510347088273,8.94674482089952,109
"{_PATRUNJEL RADACINA KG,_USTUROI} => {_ARDEI ROSU CAPIA}",0.00010602421826593,0.113305613305613,0.000935736678640594,6.69804852821931,109
"{_ARDEI ROSU CAPIA,_USTUROI} => {_MORCOVI}",0.00018189475977733,0.309602649006623,0.000587510347088273,7.05466258602534,187
"{_ROSII VRAC,_USTUROI} => {_MORCOVI}",0.000155631880023384,0.253968253968254,0.000612800527592073,5.78696708525158,160
"{_ROSII VRAC,_USTUROI} => {_BANANE}",0.000111860413766807,0.182539682539683,0.000612800527592073,2.66049057671185,115
"{_PATRUNJEL RADACINA KG,_USTUROI} => {_LAMAIE^2 A nu se consuma coaja}",0.000124505504018707,0.133056133056133,0.000935736678640594,4.8092894400246,128
"{_LAMAIE^2 A nu se consuma coaja,_USTUROI} => {_PATRUNJEL RADACINA KG}",0.000124505504018707,0.140197152245345,0.000888074415383433,6.95047816547307,128
"{_PATRUNJEL RADACINA KG,_USTUROI} => {_MORCOVI}",0.000696452663104642,0.744282744282744,0.000935736678640594,16.9593627391845,716
"{_MORCOVI,_USTUROI} => {_PATRUNJEL RADACINA KG}",0.000696452663104642,0.320214669051878,0.00217495552332679,15.8751089438278,716
"{_PATRUNJEL RADACINA KG,_USTUROI} => {_BANANE}",0.000142014090521338,0.151767151767152,0.000935736678640594,2.21198520515191,146
"{_BANANE,_USTUROI} => {_PATRUNJEL RADACINA KG}",0.000142014090521338,0.113884555382215,0.00124700043868736,5.64599282432984,146
"{_USTUROI,LAPTE DE CONSUM 1.5% GRASIME FRISS CUTIE 1L} => {_MORCOVI}",0.000105051519015784,0.252336448598131,0.000416315279062551,5.74978446963373,108
"{_USTUROI,CARNE TOCATA PORC VRAC} => {_MORCOVI}",0.000145904887521922,0.204638472032742,0.000712988550357126,4.66292965174177,150
"{_LAMAIE^2 A nu se consuma coaja,_USTUROI} => {_MORCOVI}",0.000211075737281714,0.237677984665936,0.000888074415383433,5.4157740294684,217
"{_LAMAIE^2 A nu se consuma coaja,_USTUROI} => {_BANANE}",0.000162440774774407,0.182913472070099,0.000888074415383433,2.665938507318,167
"{_BANANE,_USTUROI} => {_LAMAIE^2 A nu se consuma coaja}",0.000162440774774407,0.130265210608424,0.00124700043868736,4.7084120618279,167
"{_USTUROI,SMANTANA 20% GRASIME FRISS 300G} => {_MORCOVI}",0.000178976662026891,0.249322493224932,0.000717852046607857,5.68110793125308,184
"{_USTUROI,SMANTANA 20% GRASIME FRISS 300G} => {_BANANE}",0.00010602421826593,0.14769647696477,0.000717852046607857,2.1526556840203,109
"{_MORCOVI,_USTUROI} => {_BANANE}",0.000295700572044429,0.135957066189624,0.00217495552332679,1.9815553988172,304
"{_BANANE,_USTUROI} => {_MORCOVI}",0.000295700572044429,0.237129485179407,0.00124700043868736,5.40327581984879,304
"{_TELINA,PATE PORC BUCEGI 120G} => {_MORCOVI}",0.000101160722015199,0.562162162162162,0.000179949361277037,12.8095298454623,104
"{_MORCOVI,PATE PORC BUCEGI 120G} => {_TELINA}",0.000101160722015199,0.179001721170396,0.000565138264334912,12.1141308984587,104
"{_PATRUNJEL RADACINA KG,PATE PORC BUCEGI 120G} => {_MORCOVI}",0.00018189475977733,0.722007722007722,0.000251929105787852,16.4518000075649,187
"{_MORCOVI,PATE PORC BUCEGI 120G} => {_PATRUNJEL RADACINA KG}",0.00018189475977733,0.321858864027539,0.000565138264334912,15.9566223062256,187
"{_GULII,OUA PROASPETE M DIN GHEORGHENI 1*10} => {_PATRUNJEL RADACINA KG}",0.000112833113016953,0.439393939393939,0.000256792602038583,21.7835949795491,116
"{_PATRUNJEL RADACINA KG,OUA PROASPETE M DIN GHEORGHENI 1*10} => {_GULII}",0.000112833113016953,0.221374045801527,0.000509694407076582,18.7700908160856,116
"{_GULII,OUA PROASPETE M DIN GHEORGHENI 1*10} => {_MORCOVI}",0.00014395948902163,0.560606060606061,0.000256792602038583,12.7740722307968,148
"{_MORCOVI,OUA PROASPETE M DIN GHEORGHENI 1*10} => {_GULII}",0.00014395948902163,0.137546468401487,0.00104662439315726,11.6624317633082,148
"{_TELINA,OUA PROASPETE M DIN GHEORGHENI 1*10} => {_PATRUNJEL RADACINA KG}",0.00018675825602806,0.492307692307692,0.000379352707556998,24.406871404142,192
"{_PATRUNJEL RADACINA KG,OUA PROASPETE M DIN GHEORGHENI 1*10} => {_TELINA}",0.00018675825602806,0.366412213740458,0.000509694407076582,24.7973342994873,192
"{_TELINA,OUA PROASPETE M DIN GHEORGHENI 1*10} => {_MORCOVI}",0.000210103038031568,0.553846153846154,0.000379352707556998,12.620039758991,216
"{_MORCOVI,OUA PROASPETE M DIN GHEORGHENI 1*10} => {_TELINA}",0.000210103038031568,0.200743494423792,0.00104662439315726,13.5855284103604,216
"{_CEAPA GALBENA,OUA PROASPETE M DIN GHEORGHENI 1*10} => {_MORCOVI}",0.000142986789771484,0.316810344827586,0.000451332452067813,7.21889846127625,147
"{_MORCOVI,OUA PROASPETE M DIN GHEORGHENI 1*10} => {_CEAPA GALBENA}",0.000142986789771484,0.136617100371747,0.00104662439315726,7.78167945747028,147
"{_PATRUNJEL RADACINA KG,OUA PROASPETE M DIN GHEORGHENI 1*10} => {_MORCOVI}",0.000351144429302759,0.688931297709924,0.000509694407076582,15.6981145538975,361
"{_MORCOVI,OUA PROASPETE M DIN GHEORGHENI 1*10} => {_PATRUNJEL RADACINA KG}",0.000351144429302759,0.335501858736059,0.00104662439315726,16.6329936541064,361
"{LAPTE DE CONSUM 3.5% GRASIME FRISS CUTIE 1L,OUA PROASPETE M DIN GHEORGHENI 1*10} => {SMANTANA 20% GRASIME FRISS 300G}",0.000119642007767976,0.180882352941176,0.000661435490099381,5.89672684998657,123
"{OUA PROASPETE M DIN GHEORGHENI 1*10,SMANTANA 20% GRASIME FRISS 300G} => {LAPTE DE CONSUM 3.5% GRASIME FRISS CUTIE 1L}",0.000119642007767976,0.143523920653442,0.000833603257375249,5.49399436029424,123
"{_LAMAIE^2 A nu se consuma coaja,OUA PROASPETE M DIN GHEORGHENI 1*10} => {_MORCOVI}",0.000104078819765638,0.160179640718563,0.000649763099097627,3.64988258997763,107
"{_LAMAIE^2 A nu se consuma coaja,OUA PROASPETE M DIN GHEORGHENI 1*10} => {_BANANE}",0.000100188022765053,0.154191616766467,0.000649763099097627,2.24732144653517,103
"{OUA PROASPETE M DIN GHEORGHENI 1*10,SMANTANA 20% GRASIME FRISS 300G} => {_MORCOVI}",0.00010602421826593,0.127187864644107,0.000833603257375249,2.89812594620935,109
"{_MORCOVI,OUA PROASPETE M DIN GHEORGHENI 1*10} => {SMANTANA 20% GRASIME FRISS 300G}",0.00010602421826593,0.101301115241636,0.00104662439315726,3.3023951561112,109
"{_MORCOVI,OUA PROASPETE M DIN GHEORGHENI 1*10} => {_BANANE}",0.000105051519015784,0.100371747211896,0.00104662439315726,1.4629043061215,108
"{_ARDEI ROSU CALIFORNIA,_GULII} => {_TELINA}",0.000189676353778499,0.36178107606679,0.000524284895828774,24.4839171567874,195
"{_ARDEI ROSU CALIFORNIA,_TELINA} => {_GULII}",0.000189676353778499,0.29500756429652,0.000642954204346604,25.013405493083,195
"{_ARDEI ROSU CALIFORNIA,_GULII} => {_PATRUNJEL RADACINA KG}",0.000196485248529522,0.374768089053803,0.000524284895828774,18.5796742541967,202
"{_ARDEI ROSU CALIFORNIA,_PATRUNJEL RADACINA KG} => {_GULII}",0.000196485248529522,0.2525,0.000778159400116918,21.4092303092784,202
"{_ARDEI ROSU CALIFORNIA,_GULII} => {_MORCOVI}",0.000269437692290483,0.5139146567718,0.000524284895828774,11.7101533632567,277
"{_ARDEI ROSU CALIFORNIA,_MORCOVI} => {_GULII}",0.000269437692290483,0.169834457388105,0.00158647247698837,14.4000990600922,277
"{_ARDEI ROSU CALIFORNIA,_TELINA} => {_CEAPA GALBENA}",0.000105051519015784,0.16338880484115,0.000642954204346604,9.30658975159988,108
"{_ARDEI ROSU CALIFORNIA,_CEAPA GALBENA} => {_TELINA}",0.000105051519015784,0.133168927250308,0.000788859091868526,9.01234807000478,108
"{_ARDEI ROSU CALIFORNIA,_TELINA} => {_PATRUNJEL RADACINA KG}",0.000314181857797206,0.488653555219365,0.000642954204346604,24.2257122319384,323
"{_ARDEI ROSU CALIFORNIA,_PATRUNJEL RADACINA KG} => {_TELINA}",0.000314181857797206,0.40375,0.000778159400116918,27.3242084951616,323
"{_ARDEI ROSU CALIFORNIA,_TELINA} => {_MORCOVI}",0.000385188903057875,0.599092284417549,0.000642954204346604,13.6510263656256,396
"{_ARDEI ROSU CALIFORNIA,_MORCOVI} => {_TELINA}",0.000385188903057875,0.242795830778663,0.00158647247698837,16.431464772637,396
"{_ARDEI ROSU CALIFORNIA,_TELINA} => {_BANANE}",0.000114778511517245,0.178517397881997,0.000642954204346604,2.6018663352333,118
"{_ARDEI ROSU CALIFORNIA,_CEAPA GALBENA} => {_ROSII VRAC}",0.000120614707018122,0.152897657213317,0.000788859091868526,7.51669069234521,124
"{_ARDEI ROSU CALIFORNIA,_CEAPA GALBENA} => {_PATRUNJEL RADACINA KG}",0.000137150594270607,0.173859432799014,0.000788859091868526,8.61933478803026,141
"{_ARDEI ROSU CALIFORNIA,_PATRUNJEL RADACINA KG} => {_CEAPA GALBENA}",0.000137150594270607,0.17625,0.000778159400116918,10.0391605490609,141
"{_ARDEI ROSU CALIFORNIA,_CEAPA GALBENA} => {_MORCOVI}",0.000290837075793698,0.368680641183724,0.000788859091868526,8.40082452102991,299
"{_ARDEI ROSU CALIFORNIA,_MORCOVI} => {_CEAPA GALBENA}",0.000290837075793698,0.183323114653587,0.00158647247698837,10.4420435765178,299
"{_ARDEI ROSU CALIFORNIA,_CEAPA GALBENA} => {_BANANE}",0.000127423601769145,0.161528976572133,0.000788859091868526,2.35426244889325,131
"{_ARDEI ROSU CALIFORNIA,_ARDEI ROSU CAPIA} => {_ROSII VRAC}",0.000102133421265346,0.157421289355322,0.000648790399847481,7.73907960423002,105
"{_ARDEI ROSU CALIFORNIA,_ARDEI ROSU CAPIA} => {_MORCOVI}",0.000112833113016953,0.173913043478261,0.000648790399847481,3.96281441707445,116
"{_ARDEI ROSU CALIFORNIA,_ARDEI ROSU CAPIA} => {_BANANE}",0.000103106120515492,0.158920539730135,0.000648790399847481,2.31624484339766,106
"{_ARDEI ROSU CALIFORNIA,_ROSII VRAC} => {_MORCOVI}",0.000195512549279376,0.139777468706537,0.00139874152171016,3.18499496699152,201
"{_ARDEI ROSU CALIFORNIA,_MORCOVI} => {_ROSII VRAC}",0.000195512549279376,0.123237277743716,0.00158647247698837,6.05853951884795,201
"{_ARDEI ROSU CALIFORNIA,_ROSII VRAC} => {_BANANE}",0.000245120211036829,0.175243393602225,0.00139874152171016,2.55414817656633,252
"{_ARDEI ROSU CALIFORNIA,_BANANE} => {_ROSII VRAC}",0.000245120211036829,0.138766519823789,0.00176642183826541,6.82198162469792,252
"{_ARDEI ROSU CALIFORNIA,_PATRUNJEL RADACINA KG} => {_MORCOVI}",0.000549575076332574,0.70625,0.000778159400116918,16.0927416718383,565
"{_ARDEI ROSU CALIFORNIA,_MORCOVI} => {_PATRUNJEL RADACINA KG}",0.000549575076332574,0.346413243408952,0.00158647247698837,17.173941453041,565
"{_ARDEI ROSU CALIFORNIA,_PATRUNJEL RADACINA KG} => {_BANANE}",0.000130341699519584,0.1675,0.000778159400116918,2.44128928789146,134
"{_ARDEI ROSU CALIFORNIA,_LAMAIE^2 A nu se consuma coaja} => {_MORCOVI}",0.000150768383772653,0.198717948717949,0.000758705415113996,4.52802352463796,155
"{_ARDEI ROSU CALIFORNIA,_LAMAIE^2 A nu se consuma coaja} => {_BANANE}",0.000157577278523676,0.207692307692308,0.000758705415113996,3.02708660266679,162
"{_ARDEI ROSU CALIFORNIA,SMANTANA 20% GRASIME FRISS 300G} => {_MORCOVI}",0.000117696609267684,0.191455696202532,0.000614745926092366,4.36254451056891,121
"{_ARDEI ROSU CALIFORNIA,SMANTANA 20% GRASIME FRISS 300G} => {_BANANE}",0.000109915015266515,0.17879746835443,0.000614745926092366,2.60594832355692,113
"{_ARDEI ROSU CALIFORNIA,_MORCOVI} => {_BANANE}",0.000234420519285222,0.1477621091355,0.00158647247698837,2.1536122638134,241
"{_ARDEI ROSU CALIFORNIA,_BANANE} => {_MORCOVI}",0.000234420519285222,0.132709251101322,0.0017664218382654,3.02393726787496,241
"{_GULII,ELAN ULEI RAFINAT DE FLOAREA SOARELUI 1L} => {_MORCOVI}",0.000133259797270022,0.55241935483871,0.000241229414036245,12.5875284558484,137
"{_MORCOVI,ELAN ULEI RAFINAT DE FLOAREA SOARELUI 1L} => {_GULII}",0.000133259797270022,0.141968911917098,0.000938654776391033,12.03740646333,137
"{_TELINA,ELAN ULEI RAFINAT DE FLOAREA SOARELUI 1L} => {_PATRUNJEL RADACINA KG}",0.000123532804768561,0.436426116838488,0.000283055481792529,21.6364608506435,127
"{_PATRUNJEL RADACINA KG,ELAN ULEI RAFINAT DE FLOAREA SOARELUI 1L} => {_TELINA}",0.000123532804768561,0.371345029239766,0.000332663143549983,25.1311678082706,127
"{_TELINA,ELAN ULEI RAFINAT DE FLOAREA SOARELUI 1L} => {_MORCOVI}",0.000167304271025137,0.59106529209622,0.000283055481792529,13.4681218504695,172
"{_MORCOVI,ELAN ULEI RAFINAT DE FLOAREA SOARELUI 1L} => {_TELINA}",0.000167304271025137,0.178238341968912,0.000938654776391033,12.0624684031962,172
"{_CEAPA GALBENA,ELAN ULEI RAFINAT DE FLOAREA SOARELUI 1L} => {_MORCOVI}",0.000177031263526599,0.340823970037453,0.000519421399578043,7.76607731735658,182
"{_MORCOVI,ELAN ULEI RAFINAT DE FLOAREA SOARELUI 1L} => {_CEAPA GALBENA}",0.000177031263526599,0.18860103626943,0.000938654776391033,10.742672810372,182
"{_PATRUNJEL RADACINA KG,ELAN ULEI RAFINAT DE FLOAREA SOARELUI 1L} => {_MORCOVI}",0.000236365917785514,0.710526315789474,0.000332663143549983,16.1901825855476,243
"{_MORCOVI,ELAN ULEI RAFINAT DE FLOAREA SOARELUI 1L} => {_PATRUNJEL RADACINA KG}",0.000236365917785514,0.251813471502591,0.000938654776391033,12.4840198778634,243
"{CARNE TOCATA PORC VRAC,ELAN ULEI RAFINAT DE FLOAREA SOARELUI 1L} => {_BANANE}",0.00011866930851783,0.137078651685393,0.000865702332630072,1.99790235198899,122
"{_BANANE,ELAN ULEI RAFINAT DE FLOAREA SOARELUI 1L} => {CARNE TOCATA PORC VRAC}",0.00011866930851783,0.122,0.000972699250146148,4.06930679384855,122
"{_MORCOVI,ELAN ULEI RAFINAT DE FLOAREA SOARELUI 1L} => {_BANANE}",0.000151741083022799,0.161658031088083,0.000938654776391033,2.35614340057888,156
"{_BANANE,ELAN ULEI RAFINAT DE FLOAREA SOARELUI 1L} => {_MORCOVI}",0.000151741083022799,0.156,0.000972699250146148,3.55464453211578,156
"{_GULII,SANA 3.6% FRISS 900G} => {_MORCOVI}",0.000125478203268853,0.558441558441558,0.00022469352678376,12.724751488593,129
"{_MORCOVI,SANA 3.6% FRISS 900G} => {_GULII}",0.000125478203268853,0.174324324324324,0.00071979744510815,14.7807905266091,129
"{_TELINA,SANA 3.6% FRISS 900G} => {_PATRUNJEL RADACINA KG}",0.000124505504018707,0.449122807017544,0.000277219286291652,22.2659177721997,128
"{_PATRUNJEL RADACINA KG,SANA 3.6% FRISS 900G} => {_TELINA}",0.000124505504018707,0.373177842565598,0.000333635842800129,25.2552053895653,128
"{_TELINA,SANA 3.6% FRISS 900G} => {_MORCOVI}",0.000142986789771484,0.515789473684211,0.000277219286291652,11.7528732843234,147
"{_MORCOVI,SANA 3.6% FRISS 900G} => {_TELINA}",0.000142986789771484,0.198648648648649,0.00071979744510815,13.4437575057778,147
"{SANA 3.6% FRISS 900G,UNT 65% GRASIME FRISS 180G} => {LAPTE DE CONSUM 3.5% GRASIME FRISS CUTIE 1L}",0.000139095992770899,0.186928104575163,0.000744114926361803,7.15547587914788,143
"{LAPTE DE CONSUM 3.5% GRASIME FRISS CUTIE 1L,SANA 3.6% FRISS 900G} => {UNT 65% GRASIME FRISS 180G}",0.000139095992770899,0.114035087719298,0.00121976485968327,6.47890083041259,143
"{SANA 3.6% FRISS 900G,UNT 65% GRASIME FRISS 180G} => {SMANTANA 20% GRASIME FRISS 300G}",0.000115751210767392,0.155555555555556,0.000744114926361803,5.07107855572467,119
"{SANA 3.6% FRISS 900G,SMANTANA 20% GRASIME FRISS 300G} => {UNT 65% GRASIME FRISS 180G}",0.000115751210767392,0.100084104289319,0.00115653940842377,5.68627603450716,119
"{SANA 3.6% FRISS 900G,UNT 65% GRASIME FRISS 180G} => {_BANANE}",0.000112833113016953,0.151633986928105,0.000744114926361803,2.21004434607675,116
"{_PATRUNJEL RADACINA KG,SANA 3.6% FRISS 900G} => {_MORCOVI}",0.000206212241030983,0.618075801749271,0.000333635842800129,14.083588263597,212
"{_MORCOVI,SANA 3.6% FRISS 900G} => {_PATRUNJEL RADACINA KG}",0.000206212241030983,0.286486486486487,0.00071979744510815,14.2029851329847,212
"{LAPTE DE CONSUM 1.5% GRASIME FRISS CUTIE 1L,SANA 3.6% FRISS 900G} => {SMANTANA 20% GRASIME FRISS 300G}",0.000111860413766807,0.136579572446556,0.000819012768623057,4.45246547775283,115
"{LAPTE DE CONSUM 3.5% GRASIME FRISS CUTIE 1L,SANA 3.6% FRISS 900G} => {SMANTANA 20% GRASIME FRISS 300G}",0.000195512549279376,0.160287081339713,0.00121976485968327,5.2253253060526,201
"{SANA 3.6% FRISS 900G,SMANTANA 20% GRASIME FRISS 300G} => {LAPTE DE CONSUM 3.5% GRASIME FRISS CUTIE 1L}",0.000195512549279376,0.169049621530698,0.00115653940842377,6.47110016972112,201
"{LAPTE DE CONSUM 3.5% GRASIME FRISS CUTIE 1L,SANA 3.6% FRISS 900G} => {_BANANE}",0.000198430647029814,0.162679425837321,0.00121976485968327,2.37103008750438,204
"{_BANANE,SANA 3.6% FRISS 900G} => {LAPTE DE CONSUM 3.5% GRASIME FRISS CUTIE 1L}",0.000198430647029814,0.146341463414634,0.00135594275470373,5.60184790811679,204
"{_LAMAIE^2 A nu se consuma coaja,SANA 3.6% FRISS 900G} => {_BANANE}",0.000145904887521922,0.27124773960217,0.00053790268533082,3.95339821525702,150
"{_BANANE,SANA 3.6% FRISS 900G} => {_LAMAIE^2 A nu se consuma coaja}",0.000145904887521922,0.107604017216643,0.00135594275470373,3.88932739752706,150
"{_MORCOVI,SANA 3.6% FRISS 900G} => {SMANTANA 20% GRASIME FRISS 300G}",0.000107969616766222,0.15,0.00071979744510815,4.88996860730594,111
"{SANA 3.6% FRISS 900G,SMANTANA 20% GRASIME FRISS 300G} => {_BANANE}",0.000142014090521338,0.122792262405383,0.00115653940842377,1.78968020803712,146
"{_BANANE,SANA 3.6% FRISS 900G} => {SMANTANA 20% GRASIME FRISS 300G}",0.000142014090521338,0.104734576757532,0.00135594275470373,3.41432528295871,146
"{_MORCOVI,SANA 3.6% FRISS 900G} => {_BANANE}",0.000140068692021045,0.194594594594595,0.000719797445108149,2.83618924934547,144
"{_BANANE,SANA 3.6% FRISS 900G} => {_MORCOVI}",0.000140068692021045,0.103299856527977,0.00135594275470373,2.35380942420204,144
"{_GULII,PIEPT DE PUI FARA OS REFR.VRAC SZEKELY CSURKE} => {_TELINA}",0.000111860413766807,0.315068493150685,0.000355035226303344,21.322593677042,115
"{_TELINA,PIEPT DE PUI FARA OS REFR.VRAC SZEKELY CSURKE} => {_GULII}",0.000111860413766807,0.233265720081136,0.000479540730322051,19.7783743543631,115
"{_GULII,PIEPT DE PUI FARA OS REFR.VRAC SZEKELY CSURKE} => {_PATRUNJEL RADACINA KG}",0.000138123293520753,0.389041095890411,0.000355035226303344,19.2872793715951,142
"{_PATRUNJEL RADACINA KG,PIEPT DE PUI FARA OS REFR.VRAC SZEKELY CSURKE} => {_GULII}",0.000138123293520753,0.211309523809524,0.000653653896098212,17.9167297496318,142
"{_GULII,PIEPT DE PUI FARA OS REFR.VRAC SZEKELY CSURKE} => {_MORCOVI}",0.000204266842530691,0.575342465753425,0.000355035226303344,13.1098586537463,210
"{_MORCOVI,PIEPT DE PUI FARA OS REFR.VRAC SZEKELY CSURKE} => {_GULII}",0.000204266842530691,0.14957264957265,0.00136566974720519,12.6821200105736,210
"{_GULII,GOBE 10 OUA PROASPETE L} => {_TELINA}",0.000111860413766807,0.268691588785047,0.000416315279062551,18.183987598412,115
"{_TELINA,GOBE 10 OUA PROASPETE L} => {_GULII}",0.000111860413766807,0.226377952755905,0.000494131219074243,19.1943672376005,115
"{_GULII,GOBE 10 OUA PROASPETE L} => {_PATRUNJEL RADACINA KG}",0.000177031263526599,0.425233644859813,0.000416315279062551,21.0815777388288,182
"{_PATRUNJEL RADACINA KG,GOBE 10 OUA PROASPETE L} => {_GULII}",0.000177031263526599,0.263005780346821,0.000673107881101134,22.300005244026,182
"{_GULII,GOBE 10 OUA PROASPETE L} => {_MORCOVI}",0.000235393218535368,0.565420560747664,0.000416315279062551,12.8837763115867,242
"{_MORCOVI,GOBE 10 OUA PROASPETE L} => {_GULII}",0.000235393218535368,0.160904255319149,0.00146293967221981,13.6429158806756,242
"{_GULII,_TELINA} => {_CEAPA GALBENA}",0.000505803610075997,0.144484579049736,0.00350074460127599,8.22980928195052,520
"{_CEAPA GALBENA,_GULII} => {_TELINA}",0.000505803610075997,0.391861341371515,0.00129077190494394,26.5196309419912,520
"{_CEAPA GALBENA,_TELINA} => {_GULII}",0.000505803610075997,0.287769784172662,0.00175766754501409,24.3997211303122,520
"{_ARDEI ROSU CAPIA,_GULII} => {_TELINA}",0.000249011008037414,0.338177014531044,0.000736333332360634,22.8864873147183,256
"{_ARDEI ROSU CAPIA,_TELINA} => {_GULII}",0.000249011008037414,0.25,0.000996044032149656,21.1972577319588,256
"{_GULII,_ROSII VRAC} => {_TELINA}",0.000208157639531276,0.303116147308782,0.000686725670603181,20.5137060243103,214
"{_ROSII VRAC,_TELINA} => {_GULII}",0.000208157639531276,0.301408450704225,0.000690616467603765,25.5561304486714,214
"{_GULII,_TELINA} => {_PATRUNJEL RADACINA KG}",0.0021078392750667,0.602111697693804,0.00350074460127599,29.8505650148515,2167
"{_GULII,_PATRUNJEL RADACINA KG} => {_TELINA}",0.0021078392750667,0.463430282292558,0.00454834169368339,31.3631347525287,2167
"{_PATRUNJEL RADACINA KG,_TELINA} => {_GULII}",0.0021078392750667,0.310236220472441,0.00679430426227084,26.3046284925724,2167
"{_GULII,LAPTE DE CONSUM 1.5% GRASIME FRISS CUTIE 1L} => {_TELINA}",0.000151741083022799,0.304093567251462,0.000498994715324974,20.5798539532295,156
"{_TELINA,LAPTE DE CONSUM 1.5% GRASIME FRISS CUTIE 1L} => {_GULII}",0.000151741083022799,0.264855687606112,0.000572919858336081,22.4568570878477,156
"{_GULII,CARNE TOCATA PORC VRAC} => {_TELINA}",0.000140068692021045,0.288,0.000486349625073074,19.490704759397,144
"{_TELINA,CARNE TOCATA PORC VRAC} => {_GULII}",0.000140068692021045,0.235294117647059,0.000595291941089443,19.9503602183141,144
"{_GULII,LAPTE DE CONSUM 3.5% GRASIME FRISS CUTIE 1L} => {_TELINA}",0.000157577278523676,0.3,0.00052525759507892,20.3028174577052,162
"{_TELINA,LAPTE DE CONSUM 3.5% GRASIME FRISS CUTIE 1L} => {_GULII}",0.000157577278523676,0.23546511627907,0.00066921708410055,19.9648590266123,162
"{_GULII,_LAMAIE^2 A nu se consuma coaja} => {_TELINA}",0.000265546895289898,0.314878892733564,0.00084333024987671,21.3097622681796,273
"{_LAMAIE^2 A nu se consuma coaja,_TELINA} => {_GULII}",0.000265546895289898,0.230964467005076,0.00114973051367275,19.5832533361243,273
"{_GULII,SMANTANA 20% GRASIME FRISS 300G} => {_TELINA}",0.00024998370728756,0.311893203883495,0.000801504182120426,21.1077026158181,257
"{_TELINA,SMANTANA 20% GRASIME FRISS 300G} => {_GULII}",0.00024998370728756,0.247115384615385,0.00101160722015199,20.9526739888977,257
"{_GULII,_TELINA} => {_MORCOVI}",0.00233934169660149,0.668241178105029,0.00350074460127599,15.2266657043952,2405
"{_GULII,_MORCOVI} => {_TELINA}",0.00233934169660149,0.393552610047455,0.00594416511764311,26.6340893393231,2405
"{_MORCOVI,_TELINA} => {_GULII}",0.00233934169660149,0.288196524865189,0.0081171752424696,24.4359040600891,2405
"{_GULII,_TELINA} => {_BANANE}",0.000420206076063136,0.120033342595165,0.00350074460127599,1.74946933413363,432
"{_BANANE,_GULII} => {_TELINA}",0.000420206076063136,0.301465457083043,0.00139387802545943,20.4019938165356,432
"{_BANANE,_TELINA} => {_GULII}",0.000420206076063136,0.232508073196986,0.00180727520677154,19.7141342092706,432
"{_GULII,_ROSII VRAC} => {_CEAPA GALBENA}",0.000108942316016369,0.158640226628895,0.000686725670603181,9.03611179952842,112
"{_CEAPA GALBENA,_GULII} => {_PATRUNJEL RADACINA KG}",0.000659490091599088,0.510926902788244,0.00129077190494394,25.3299459019531,678
"{_GULII,_PATRUNJEL RADACINA KG} => {_CEAPA GALBENA}",0.000659490091599088,0.144995722840034,0.00454834169368339,8.25892391783398,678
"{_CEAPA GALBENA,_PATRUNJEL RADACINA KG} => {_GULII}",0.000659490091599088,0.269368295589988,0.00244828401261785,22.8394767457577,678
"{_GULII,_LAMAIE^2 A nu se consuma coaja} => {_CEAPA GALBENA}",0.000115751210767392,0.137254901960784,0.00084333024987671,7.81800849321944,119
"{_CEAPA GALBENA,_GULII} => {_MORCOVI}",0.000897801407884895,0.695553880934439,0.00129077190494394,15.8490179465097,923
"{_GULII,_MORCOVI} => {_CEAPA GALBENA}",0.000897801407884895,0.151039109801996,0.00594416511764311,8.60315388646512,923
"{_CEAPA GALBENA,_MORCOVI} => {_GULII}",0.000897801407884895,0.169700312557455,0.0052905112215449,14.3887250498974,923
"{_CEAPA GALBENA,_GULII} => {_BANANE}",0.00015660457927353,0.121326299924642,0.00129077190494394,1.76831400803305,161
"{_BANANE,_GULII} => {_CEAPA GALBENA}",0.00015660457927353,0.11235170969993,0.00139387802545943,6.39952823625011,161
"{_ARDEI ROSU CAPIA,_GULII} => {_PATRUNJEL RADACINA KG}",0.000320018053298083,0.434610303830911,0.000736333332360634,21.5464392741734,329
"{_ARDEI ROSU CAPIA,_PATRUNJEL RADACINA KG} => {_GULII}",0.000320018053298083,0.250190114068441,0.00127909951394218,21.2133773195876,329
"{_ARDEI ROSU CAPIA,_GULII} => {_MORCOVI}",0.000409506384311528,0.556142668428005,0.000736333332360634,12.6723685602814,421
"{_ARDEI ROSU CAPIA,_MORCOVI} => {_GULII}",0.000409506384311528,0.166403162055336,0.00246092910286975,14.1091628539994,421
"{_ARDEI ROSU CAPIA,_GULII} => {_BANANE}",0.000111860413766807,0.151915455746367,0.000736333332360634,2.21414671509705,115
"{_GULII,UNT 65% GRASIME FRISS 180G} => {_PATRUNJEL RADACINA KG}",0.000159522677023968,0.429319371727749,0.000371571113555829,21.2841336034157,164
"{_PATRUNJEL RADACINA KG,UNT 65% GRASIME FRISS 180G} => {_GULII}",0.000159522677023968,0.241531664212077,0.000660462790849235,20.4792357469292,164
"{_GULII,UNT 65% GRASIME FRISS 180G} => {_MORCOVI}",0.000198430647029814,0.534031413612565,0.000371571113555829,12.1685374639485,204
"{_MORCOVI,UNT 65% GRASIME FRISS 180G} => {_GULII}",0.000198430647029814,0.149450549450549,0.00132773447644949,12.6717672595446,204
"{_GULII,_ROSII VRAC} => {_PATRUNJEL RADACINA KG}",0.00027527388779136,0.400849858356941,0.00068672567060318,19.872715982613,283
"{_PATRUNJEL RADACINA KG,_ROSII VRAC} => {_GULII}",0.00027527388779136,0.280475718533201,0.000981453543397463,23.7812643732184,283
"{_GULII,_ROSII VRAC} => {_MORCOVI}",0.000353089827803052,0.514164305949009,0.000686725670603181,11.7158419150689,363
"{_MORCOVI,_ROSII VRAC} => {_GULII}",0.000353089827803052,0.170823529411765,0.00206698590656056,14.4839615184961,363
"{_GULII,_ROSII VRAC} => {_BANANE}",0.000114778511517245,0.1671388101983,0.000686725670603181,2.43602499658528,118
"{_GULII,LAPTE DE CONSUM 1.5% GRASIME FRISS CUTIE 1L} => {_PATRUNJEL RADACINA KG}",0.00020718494028113,0.415204678362573,0.000498994715324974,20.5843771071117,213
"{_PATRUNJEL RADACINA KG,LAPTE DE CONSUM 1.5% GRASIME FRISS CUTIE 1L} => {_GULII}",0.00020718494028113,0.267587939698492,0.000774268603116334,22.6885220950111,213
"{_GULII,CARNE TOCATA PORC VRAC} => {_PATRUNJEL RADACINA KG}",0.000165358872524845,0.34,0.000486349625073074,16.8559955634856,170
"{_PATRUNJEL RADACINA KG,CARNE TOCATA PORC VRAC} => {_GULII}",0.000165358872524845,0.210918114143921,0.000783995595617795,17.8835425033895,170
"{_GULII,LAPTE DE CONSUM 3.5% GRASIME FRISS CUTIE 1L} => {_PATRUNJEL RADACINA KG}",0.000209130338781422,0.398148148148148,0.00052525759507892,19.7387747611623,215
"{_PATRUNJEL RADACINA KG,LAPTE DE CONSUM 3.5% GRASIME FRISS CUTIE 1L} => {_GULII}",0.000209130338781422,0.238095238095238,0.000878347422881972,20.1878645066274,215
"{_GULII,_LAMAIE^2 A nu se consuma coaja} => {_PATRUNJEL RADACINA KG}",0.000326826948049106,0.387543252595156,0.00084333024987671,19.2130216070668,336
"{_LAMAIE^2 A nu se consuma coaja,_PATRUNJEL RADACINA KG} => {_GULII}",0.000326826948049106,0.222516556291391,0.00146877586772068,18.8669631733461,336
"{_GULII,SMANTANA 20% GRASIME FRISS 300G} => {_PATRUNJEL RADACINA KG}",0.000311263760046767,0.388349514563107,0.000801504182120426,19.2529932192868,320
"{_PATRUNJEL RADACINA KG,SMANTANA 20% GRASIME FRISS 300G} => {_GULII}",0.000311263760046767,0.233576642335766,0.00133259797270022,19.8047371510272,320
"{_GULII,_PATRUNJEL RADACINA KG} => {_MORCOVI}",0.00339861118001064,0.747219846022241,0.00454834169368339,17.0262880766113,3494
"{_GULII,_MORCOVI} => {_PATRUNJEL RADACINA KG}",0.00339861118001064,0.571755850106366,0.00594416511764311,28.3456296258524,3494
"{_MORCOVI,_PATRUNJEL RADACINA KG} => {_GULII}",0.00339861118001064,0.252986749692274,0.0134339493437685,21.4505013439907,3494
"{_GULII,_PATRUNJEL RADACINA KG} => {_BANANE}",0.000511639805576874,0.112489307100086,0.00454834169368339,1.63951606224341,526
"{_BANANE,_GULII} => {_PATRUNJEL RADACINA KG}",0.000511639805576874,0.367062107466853,0.00139387802545943,18.1976389852498,526
"{_BANANE,_PATRUNJEL RADACINA KG} => {_GULII}",0.000511639805576874,0.212611156022635,0.00240645794486157,18.027093883606,526
"{_GULII,LAPTE DE CONSUM 1.5% GRASIME FRISS CUTIE 1L} => {_MORCOVI}",0.000268464993040337,0.538011695906433,0.000498994715324974,12.259232904283,276
"{_MORCOVI,LAPTE DE CONSUM 1.5% GRASIME FRISS CUTIE 1L} => {_GULII}",0.000268464993040337,0.163120567375887,0.00164580713124728,13.8308348322,276
"{_GULII,CARNE TOCATA PORC VRAC} => {_MORCOVI}",0.00024998370728756,0.514,0.000486349625073074,11.7120980096635,257
"{_MORCOVI,CARNE TOCATA PORC VRAC} => {_GULII}",0.00024998370728756,0.131930184804928,0.0018948181392847,11.18623251974,257
"{_GULII,LAPTE DE CONSUM 3.5% GRASIME FRISS CUTIE 1L} => {_MORCOVI}",0.000292782474293991,0.557407407407407,0.00052525759507892,12.7011871339845,301
"{_MORCOVI,LAPTE DE CONSUM 3.5% GRASIME FRISS CUTIE 1L} => {_GULII}",0.000292782474293991,0.171119954519613,0.00171097798100707,14.5090951161332,301
"{_GULII,_LAMAIE^2 A nu se consuma coaja} => {_MORCOVI}",0.000456195948318543,0.540945790080738,0.00084333024987671,12.3260897107792,469
"{_LAMAIE^2 A nu se consuma coaja,_MORCOVI} => {_GULII}",0.000456195948318543,0.150224215246637,0.00303676705895627,12.7373656326568,469
"{_GULII,_LAMAIE^2 A nu se consuma coaja} => {_BANANE}",0.000150768383772653,0.178777393310265,0.00084333024987671,2.6056557325702,155
"{_BANANE,_GULII} => {_LAMAIE^2 A nu se consuma coaja}",0.000150768383772653,0.108164689462666,0.00139387802545943,3.90959279266654,155
"{_GULII,SMANTANA 20% GRASIME FRISS 300G} => {_MORCOVI}",0.000430905767814744,0.537621359223301,0.000801504182120426,12.2503386212293,443
"{_MORCOVI,SMANTANA 20% GRASIME FRISS 300G} => {_GULII}",0.000430905767814744,0.156426553672316,0.00275468427641389,13.2632558972567,443
"{_GULII,SMANTANA 20% GRASIME FRISS 300G} => {_BANANE}",0.000107969616766222,0.134708737864078,0.000801504182120426,1.96336118646538,111
"{_GULII,_MORCOVI} => {_BANANE}",0.000677971377351865,0.114056619211258,0.00594416511764311,1.66235941906603,697
"{_BANANE,_GULII} => {_MORCOVI}",0.000677971377351865,0.48639218422889,0.00139387802545943,11.0830212700838,697
"{_BANANE,_MORCOVI} => {_GULII}",0.000677971377351865,0.131832797427653,0.00514266093552269,11.1779751383963,697
"{_TELINA,SANA 3.6% PET FRISS 330G} => {_PATRUNJEL RADACINA KG}",0.000121587406268269,0.471698113207547,0.000257765301288729,23.3851214809733,125
"{_PATRUNJEL RADACINA KG,SANA 3.6% PET FRISS 330G} => {_TELINA}",0.000121587406268269,0.335120643431635,0.000362816820304513,22.6796441663374,125
"{_TELINA,SANA 3.6% PET FRISS 330G} => {_MORCOVI}",0.000134232496520168,0.520754716981132,0.000257765301288729,11.8660122262211,138
"{_MORCOVI,SANA 3.6% PET FRISS 330G} => {_TELINA}",0.000134232496520168,0.194915254237288,0.000688671069103473,13.1910960883396,138
"{SANA 3.6% PET FRISS 330G,UNT 65% GRASIME FRISS 180G} => {SMANTANA 20% GRASIME FRISS 300G}",0.000103106120515492,0.154744525547445,0.000666298986350111,5.04463914719639,106
"{_PATRUNJEL RADACINA KG,SANA 3.6% PET FRISS 330G} => {_MORCOVI}",0.000242202113286391,0.667560321715818,0.000362816820304513,15.2111515861832,249
"{_MORCOVI,SANA 3.6% PET FRISS 330G} => {_PATRUNJEL RADACINA KG}",0.000242202113286391,0.351694915254237,0.000688671069103473,17.4357880330172,249
"{LAPTE DE CONSUM 3.5% GRASIME FRISS CUTIE 1L,SANA 3.6% PET FRISS 330G} => {SMANTANA 20% GRASIME FRISS 300G}",0.000174113165776161,0.172115384615385,0.00101160722015199,5.61092551735745,179
"{SANA 3.6% PET FRISS 330G,SMANTANA 20% GRASIME FRISS 300G} => {LAPTE DE CONSUM 3.5% GRASIME FRISS CUTIE 1L}",0.000174113165776161,0.164370982552801,0.00105926948340916,6.29200517258481,179
"{LAPTE DE CONSUM 3.5% GRASIME FRISS CUTIE 1L,SANA 3.6% PET FRISS 330G} => {_BANANE}",0.000101160722015199,0.1,0.00101160722015199,1.45748614202475,104
"{_LAMAIE^2 A nu se consuma coaja,SANA 3.6% PET FRISS 330G} => {_BANANE}",0.000111860413766807,0.199306759098787,0.000561247467334327,2.90486839398348,115
"{SANA 3.6% PET FRISS 330G,SMANTANA 20% GRASIME FRISS 300G} => {_BANANE}",0.000127423601769145,0.120293847566575,0.00105926948340916,1.75326615799121,131
"{_MORCOVI,SANA 3.6% PET FRISS 330G} => {_BANANE}",0.000115751210767392,0.168079096045198,0.000688671069103473,2.44972953249923,119
"{_TELINA,PIEPT DE PUI FARA OS REFR.VRAC SZEKELY CSURKE} => {_PATRUNJEL RADACINA KG}",0.000220802729783176,0.460446247464503,0.000479540730322051,22.8272938367213,227
"{_PATRUNJEL RADACINA KG,PIEPT DE PUI FARA OS REFR.VRAC SZEKELY CSURKE} => {_TELINA}",0.000220802729783176,0.337797619047619,0.000653653896098211,22.8608113239042,227
"{_TELINA,PIEPT DE PUI FARA OS REFR.VRAC SZEKELY CSURKE} => {_MORCOVI}",0.000285000880292821,0.594320486815416,0.000479540730322051,13.5422953127103,293
"{_MORCOVI,PIEPT DE PUI FARA OS REFR.VRAC SZEKELY CSURKE} => {_TELINA}",0.000285000880292821,0.208689458689459,0.00136566974720519,14.123279950398,293
"{_CEAPA GALBENA,PIEPT DE PUI FARA OS REFR.VRAC SZEKELY CSURKE} => {_MORCOVI}",0.000197457947779668,0.388145315487572,0.000508721707826435,8.84435014977085,203
"{_MORCOVI,PIEPT DE PUI FARA OS REFR.VRAC SZEKELY CSURKE} => {_CEAPA GALBENA}",0.000197457947779668,0.144586894586895,0.00136566974720519,8.23563715204526,203
"{_ARDEI ROSU CAPIA,PIEPT DE PUI FARA OS REFR.VRAC SZEKELY CSURKE} => {_MORCOVI}",0.000114778511517245,0.216117216117216,0.000531093790579797,4.92448641389197,118
"{_ROSII VRAC,PIEPT DE PUI FARA OS REFR.VRAC SZEKELY CSURKE} => {_MORCOVI}",0.000100188022765053,0.181657848324515,0.000551520474832866,4.1392889568119,103
"{_PATRUNJEL RADACINA KG,PIEPT DE PUI FARA OS REFR.VRAC SZEKELY CSURKE} => {_MORCOVI}",0.00044452355731679,0.680059523809524,0.000653653896098212,15.4959606911717,457
"{_MORCOVI,PIEPT DE PUI FARA OS REFR.VRAC SZEKELY CSURKE} => {_PATRUNJEL RADACINA KG}",0.00044452355731679,0.325498575498575,0.00136566974720519,16.137066307426,457
"{_MORCOVI,PIEPT DE PUI FARA OS REFR.VRAC SZEKELY CSURKE} => {CARNE TOCATA PORC VRAC}",0.000150768383772653,0.11039886039886,0.00136566974720519,3.68235108732967,155
"{_BANANE,PIEPT DE PUI FARA OS REFR.VRAC SZEKELY CSURKE} => {CARNE TOCATA PORC VRAC}",0.000139095992770899,0.111806098514464,0.00124408234093692,3.72928947769353,143
"{_LAMAIE^2 A nu se consuma coaja,PIEPT DE PUI FARA OS REFR.VRAC SZEKELY CSURKE} => {_MORCOVI}",0.000133259797270022,0.239092495636998,0.000557356670333743,5.44800533516649,137
"{PIEPT DE PUI FARA OS REFR.VRAC SZEKELY CSURKE,SMANTANA 20% GRASIME FRISS 300G} => {_MORCOVI}",0.000129369000269438,0.151826484018265,0.000852084543128026,3.4595460336275,133
"{PIEPT DE PUI FARA OS REFR.VRAC SZEKELY CSURKE,SMANTANA 20% GRASIME FRISS 300G} => {_BANANE}",0.000109915015266515,0.128995433789954,0.000852084543128026,1.8800905713333,113
"{_MORCOVI,PIEPT DE PUI FARA OS REFR.VRAC SZEKELY CSURKE} => {_BANANE}",0.00016924966952543,0.123931623931624,0.00136566974720519,1.80628624438965,174
"{_BANANE,PIEPT DE PUI FARA OS REFR.VRAC SZEKELY CSURKE} => {_MORCOVI}",0.00016924966952543,0.136043784206411,0.00124408234093692,3.09991854908756,174
"{_TELINA,GOBE 10 OUA PROASPETE L} => {_PATRUNJEL RADACINA KG}",0.000253874504288145,0.513779527559055,0.000494131219074243,25.4713689327798,261
"{_PATRUNJEL RADACINA KG,GOBE 10 OUA PROASPETE L} => {_TELINA}",0.000253874504288145,0.377167630057803,0.000673107881101134,25.5252184800629,261
"{_TELINA,GOBE 10 OUA PROASPETE L} => {_MORCOVI}",0.000285973579542968,0.578740157480315,0.000494131219074243,13.1872790788669,294
"{_MORCOVI,GOBE 10 OUA PROASPETE L} => {_TELINA}",0.000285973579542968,0.195478723404255,0.00146293967221981,13.2292294604728,294
"{_CEAPA GALBENA,GOBE 10 OUA PROASPETE L} => {_PATRUNJEL RADACINA KG}",0.000116723910017538,0.165745856353591,0.000704234257105811,8.21709240988896,120
"{_PATRUNJEL RADACINA KG,GOBE 10 OUA PROASPETE L} => {_CEAPA GALBENA}",0.000116723910017538,0.173410404624277,0.000673107881101134,9.87741783206089,120
"{_CEAPA GALBENA,GOBE 10 OUA PROASPETE L} => {_MORCOVI}",0.000247065609537122,0.350828729281768,0.000704234257105811,7.99404759134978,254
"{_MORCOVI,GOBE 10 OUA PROASPETE L} => {_CEAPA GALBENA}",0.000247065609537122,0.168882978723404,0.00146293967221981,9.61953666614405,254
"{_PATRUNJEL RADACINA KG,GOBE 10 OUA PROASPETE L} => {_MORCOVI}",0.00046203214381942,0.686416184971098,0.000673107881101134,15.6408047350211,475
"{_MORCOVI,GOBE 10 OUA PROASPETE L} => {_PATRUNJEL RADACINA KG}",0.00046203214381942,0.315824468085106,0.00146293967221981,15.6574583320081,475
"{GOBE 10 OUA PROASPETE L,LAPTE DE CONSUM 3.5% GRASIME FRISS CUTIE 1L} => {SMANTANA 20% GRASIME FRISS 300G}",0.000178003962776745,0.168353265869365,0.00105732408490886,5.48828123359084,183
"{GOBE 10 OUA PROASPETE L,SMANTANA 20% GRASIME FRISS 300G} => {LAPTE DE CONSUM 3.5% GRASIME FRISS CUTIE 1L}",0.000178003962776745,0.161518093556929,0.00110206825041559,6.18279859585176,183
"{GOBE 10 OUA PROASPETE L,LAPTE DE CONSUM 3.5% GRASIME FRISS CUTIE 1L} => {_MORCOVI}",0.00010602421826593,0.100275988960442,0.00105732408490886,2.28490702474831,109
"{GOBE 10 OUA PROASPETE L,LAPTE DE CONSUM 3.5% GRASIME FRISS CUTIE 1L} => {_BANANE}",0.000129369000269438,0.122355105795768,0.00105732408490886,1.78330871103305,133
"{_LAMAIE^2 A nu se consuma coaja,GOBE 10 OUA PROASPETE L} => {_MORCOVI}",0.000114778511517245,0.142512077294686,0.000805394979121011,3.24730625843601,118
"{_LAMAIE^2 A nu se consuma coaja,GOBE 10 OUA PROASPETE L} => {_BANANE}",0.000138123293520753,0.171497584541063,0.000805394979121011,2.49955352859318,142
"{GOBE 10 OUA PROASPETE L,SMANTANA 20% GRASIME FRISS 300G} => {_MORCOVI}",0.00014395948902163,0.1306266548985,0.00110206825041559,2.9764828498944,148
"{_MORCOVI,GOBE 10 OUA PROASPETE L} => {_BANANE}",0.000188703654528353,0.128989361702128,0.00146293967221981,1.88000207149469,194
"{_BANANE,GOBE 10 OUA PROASPETE L} => {_MORCOVI}",0.000188703654528353,0.131347325660122,0.00143667679246586,2.9929041856781,194
"{_ARDEI ROSU CAPIA,_TELINA} => {_CEAPA GALBENA}",0.000159522677023968,0.16015625,0.000996044032149656,9.12246415140728,164
"{_ARDEI ROSU CAPIA,_CEAPA GALBENA} => {_TELINA}",0.000159522677023968,0.1236802413273,0.00128979920569379,8.37019120931035,164
"{_ROSII VRAC,_TELINA} => {_CEAPA GALBENA}",0.000130341699519584,0.188732394366197,0.000690616467603765,10.7501549381613,134
"{_CEAPA GALBENA,_TELINA} => {_PATRUNJEL RADACINA KG}",0.000966863054645271,0.550083010514665,0.00175766754501409,27.2711670140705,994
"{_PATRUNJEL RADACINA KG,_TELINA} => {_CEAPA GALBENA}",0.000966863054645271,0.142304939155333,0.00679430426227084,8.10565748144526,994
"{_CEAPA GALBENA,_PATRUNJEL RADACINA KG} => {_TELINA}",0.000966863054645271,0.394914580850219,0.00244828401261785,26.7262621546272,994
"{_LAMAIE^2 A nu se consuma coaja,_TELINA} => {_CEAPA GALBENA}",0.000154659180773238,0.134517766497462,0.00114973051367275,7.66210186989563,159
"{_CEAPA GALBENA,_LAMAIE^2 A nu se consuma coaja} => {_TELINA}",0.000154659180773238,0.12451057165231,0.00124213694243663,8.42638469270459,159
"{_TELINA,SMANTANA 20% GRASIME FRISS 300G} => {_CEAPA GALBENA}",0.000142014090521338,0.140384615384615,0.00101160722015199,7.99627626930109,146
"{_CEAPA GALBENA,SMANTANA 20% GRASIME FRISS 300G} => {_TELINA}",0.000142014090521338,0.12829525483304,0.00110693174666632,8.68251713188331,146
"{_CEAPA GALBENA,_TELINA} => {_MORCOVI}",0.00128007221319233,0.728278915329275,0.00175766754501409,16.5946965655796,1316
"{_MORCOVI,_TELINA} => {_CEAPA GALBENA}",0.00128007221319233,0.157699221090473,0.00811717524246961,8.98251233468999,1316
"{_CEAPA GALBENA,_MORCOVI} => {_TELINA}",0.00128007221319233,0.241956241956242,0.0052905112215449,16.3746447106331,1316
"{_CEAPA GALBENA,_TELINA} => {_BANANE}",0.000208157639531276,0.118428334255672,0.00175766754501409,1.72607656000718,214
"{_BANANE,_TELINA} => {_CEAPA GALBENA}",0.000208157639531276,0.115177610333692,0.00180727520677154,6.56049090381339,214
"{_ARDEI ROSU CAPIA,_TELINA} => {_PATRUNJEL RADACINA KG}",0.000480513429572197,0.482421875,0.000996044032149656,23.9167676021423,494
"{_ARDEI ROSU CAPIA,_PATRUNJEL RADACINA KG} => {_TELINA}",0.000480513429572197,0.375665399239544,0.00127909951394218,25.423553419788,494
"{_ARDEI ROSU CAPIA,_TELINA} => {_MORCOVI}",0.000579728753087104,0.58203125,0.000996044032149656,13.2622705149552,596
"{_ARDEI ROSU CAPIA,_MORCOVI} => {_TELINA}",0.000579728753087104,0.235573122529644,0.00246092910286975,15.94266034887,596
"{_ARDEI ROSU CAPIA,_TELINA} => {_BANANE}",0.000135205195770315,0.1357421875,0.000996044032149656,1.97842357169376,139
"{_TELINA,UNT 65% GRASIME FRISS 180G} => {_PATRUNJEL RADACINA KG}",0.000219830030533029,0.468879668049793,0.000468841038570443,23.245392954282,226
"{_PATRUNJEL RADACINA KG,UNT 65% GRASIME FRISS 180G} => {_TELINA}",0.000219830030533029,0.332842415316642,0.000660462790849235,22.5254626678516,226
"{_TELINA,UNT 65% GRASIME FRISS 180G} => {_MORCOVI}",0.00027527388779136,0.587136929460581,0.000468841038570443,13.3786094609635,283
"{_MORCOVI,UNT 65% GRASIME FRISS 180G} => {_TELINA}",0.00027527388779136,0.207326007326007,0.00132773447644949,14.0310069365826,283
"{_ROSII VRAC,_TELINA} => {_PATRUNJEL RADACINA KG}",0.000342390136051444,0.495774647887324,0.000690616467603765,24.5787507802275,352
"{_PATRUNJEL RADACINA KG,_ROSII VRAC} => {_TELINA}",0.000342390136051444,0.348860257680872,0.000981453543397463,23.6094870998092,352
"{_ROSII VRAC,_TELINA} => {_MORCOVI}",0.000407560985811236,0.590140845070423,0.000690616467603765,13.44705723146,419
"{_MORCOVI,_ROSII VRAC} => {_TELINA}",0.000407560985811236,0.197176470588235,0.00206698590656056,13.3441262976917,419
"{_ROSII VRAC,_TELINA} => {_BANANE}",0.000122560105518415,0.177464788732394,0.000690616467603765,2.58652470274815,126
"{_TELINA,LAPTE DE CONSUM 1.5% GRASIME FRISS CUTIE 1L} => {_PATRUNJEL RADACINA KG}",0.00027527388779136,0.480475382003396,0.000572919858336081,23.8202673747449,283
"{_PATRUNJEL RADACINA KG,LAPTE DE CONSUM 1.5% GRASIME FRISS CUTIE 1L} => {_TELINA}",0.00027527388779136,0.355527638190955,0.000774268603116334,24.0607091312001,283
"{_TELINA,CARNE TOCATA PORC VRAC} => {_PATRUNJEL RADACINA KG}",0.000251929105787852,0.423202614379085,0.000595291941089443,20.9808864424392,259
"{_PATRUNJEL RADACINA KG,CARNE TOCATA PORC VRAC} => {_TELINA}",0.000251929105787852,0.321339950372208,0.000783995595617795,21.7470211809167,259
"{_TELINA,LAPTE DE CONSUM 3.5% GRASIME FRISS CUTIE 1L} => {_PATRUNJEL RADACINA KG}",0.000314181857797206,0.469476744186047,0.00066921708410055,23.274993873999,323
"{_PATRUNJEL RADACINA KG,LAPTE DE CONSUM 3.5% GRASIME FRISS CUTIE 1L} => {_TELINA}",0.000314181857797206,0.357696566998893,0.000878347422881972,24.2074936834211,323
"{_LAMAIE^2 A nu se consuma coaja,_TELINA} => {_PATRUNJEL RADACINA KG}",0.000498994715324974,0.434010152284264,0.00114973051367275,21.5166858865037,513
"{_LAMAIE^2 A nu se consuma coaja,_PATRUNJEL RADACINA KG} => {_TELINA}",0.000498994715324974,0.339735099337748,0.00146877586772068,22.9919323527655,513
"{_TELINA,SMANTANA 20% GRASIME FRISS 300G} => {_PATRUNJEL RADACINA KG}",0.000451332452067813,0.446153846153846,0.00101160722015199,22.1187272100037,464
"{_PATRUNJEL RADACINA KG,SMANTANA 20% GRASIME FRISS 300G} => {_TELINA}",0.000451332452067813,0.338686131386861,0.00133259797270022,22.9209423366794,464
"{_PATRUNJEL RADACINA KG,_TELINA} => {_MORCOVI}",0.0049743839652474,0.732140300644238,0.00679430426227084,16.6826827976067,5114
"{_MORCOVI,_TELINA} => {_PATRUNJEL RADACINA KG}",0.0049743839652474,0.612822049131216,0.0081171752424696,30.3815462981233,5114
"{_MORCOVI,_PATRUNJEL RADACINA KG} => {_TELINA}",0.0049743839652474,0.370284555788864,0.0134339493437685,25.0593991452959,5114
"{_PATRUNJEL RADACINA KG,_TELINA} => {_BANANE}",0.000836521355125687,0.123120973514674,0.00679430426227084,1.79447112690234,860
"{_BANANE,_TELINA} => {_PATRUNJEL RADACINA KG}",0.000836521355125687,0.46286329386437,0.00180727520677154,22.9471224349357,860
"{_BANANE,_PATRUNJEL RADACINA KG} => {_TELINA}",0.000836521355125687,0.347615198059822,0.00240645794486157,23.5252263724421,860
"{_TELINA,LAPTE DE CONSUM 1.5% GRASIME FRISS CUTIE 1L} => {_MORCOVI}",0.000333635842800129,0.582342954159593,0.000572919858336081,13.2693730629458,343
"{_MORCOVI,LAPTE DE CONSUM 1.5% GRASIME FRISS CUTIE 1L} => {_TELINA}",0.000333635842800129,0.202718676122931,0.00164580713124728,13.7192009219718,343
"{_TELINA,CARNE TOCATA PORC VRAC} => {_MORCOVI}",0.000326826948049106,0.549019607843137,0.000595291941089443,12.5100611989997,336
"{_MORCOVI,CARNE TOCATA PORC VRAC} => {_TELINA}",0.000326826948049106,0.172484599589322,0.0018948181392847,11.6730777990913,336
"{_TELINA,LAPTE DE CONSUM 3.5% GRASIME FRISS CUTIE 1L} => {SMANTANA 20% GRASIME FRISS 300G}",0.000122560105518415,0.183139534883721,0.00066921708410055,5.97031050892004,126
"{_TELINA,SMANTANA 20% GRASIME FRISS 300G} => {LAPTE DE CONSUM 3.5% GRASIME FRISS CUTIE 1L}",0.000122560105518415,0.121153846153846,0.00101160722015199,4.63768370085438,126
"{_TELINA,LAPTE DE CONSUM 3.5% GRASIME FRISS CUTIE 1L} => {_MORCOVI}",0.000408533685061382,0.61046511627907,0.00066921708410055,13.9101697924925,420
"{_MORCOVI,LAPTE DE CONSUM 3.5% GRASIME FRISS CUTIE 1L} => {_TELINA}",0.000408533685061382,0.238772029562251,0.00171097798100707,16.1591497673606,420
"{_TELINA,LAPTE DE CONSUM 3.5% GRASIME FRISS CUTIE 1L} => {_BANANE}",0.000104078819765638,0.155523255813953,0.00066921708410055,2.26672990111408,107
"{_TELINA,SMANTANA 20% GRASIME FRISS 300G} => {_LAMAIE^2 A nu se consuma coaja}",0.000104078819765638,0.102884615384615,0.00101160722015199,3.71874548692527,107
"{_LAMAIE^2 A nu se consuma coaja,_TELINA} => {_MORCOVI}",0.000638090708095873,0.554991539763113,0.00114973051367275,12.6461387319838,656
"{_LAMAIE^2 A nu se consuma coaja,_MORCOVI} => {_TELINA}",0.000638090708095873,0.210121716848174,0.00303676705895627,14.2202095368937,656
"{_LAMAIE^2 A nu se consuma coaja,_TELINA} => {_BANANE}",0.00021204843653186,0.184433164128596,0.00114973051367275,2.68808780847205,218
"{_BANANE,_TELINA} => {_LAMAIE^2 A nu se consuma coaja}",0.00021204843653186,0.117330462863294,0.00180727520677154,4.24088798525043,218
"{_TELINA,SMANTANA 20% GRASIME FRISS 300G} => {_MORCOVI}",0.000570001760585643,0.563461538461538,0.00101160722015199,12.8391376714734,586
"{_MORCOVI,SMANTANA 20% GRASIME FRISS 300G} => {_TELINA}",0.000570001760585643,0.206920903954802,0.00275468427641389,14.003591137259,586
"{_TELINA,SMANTANA 20% GRASIME FRISS 300G} => {_BANANE}",0.000128396301019292,0.126923076923077,0.00101160722015199,1.84988625718526,132
"{_MORCOVI,_TELINA} => {_BANANE}",0.000972699250146148,0.11983223487118,0.00811717524246961,1.74653821692601,1000
"{_BANANE,_TELINA} => {_MORCOVI}",0.000972699250146148,0.538213132400431,0.00180727520677154,12.2638228730776,1000
"{_BANANE,_MORCOVI} => {_TELINA}",0.000972699250146148,0.189143181388311,0.00514266093552268,12.8004649503217,1000
"{_ARDEI ROSU CAPIA,_CEAPA GALBENA} => {_ROSII VRAC}",0.000211075737281714,0.163650075414781,0.00128979920569379,8.04529658002333,217
"{_CEAPA GALBENA,_ROSII VRAC} => {_ARDEI ROSU CAPIA}",0.000211075737281714,0.158625730994152,0.00133065257419993,9.37714216468086,217
"{_ARDEI ROSU CAPIA,_ROSII VRAC} => {_CEAPA GALBENA}",0.000211075737281714,0.104326923076923,0.00202321444030399,5.94243818643266,217
"{_ARDEI ROSU CAPIA,_CEAPA GALBENA} => {_PATRUNJEL RADACINA KG}",0.000205239541780837,0.159125188536953,0.00128979920569379,7.8888631529932,211
"{_ARDEI ROSU CAPIA,_PATRUNJEL RADACINA KG} => {_CEAPA GALBENA}",0.000205239541780837,0.160456273764259,0.00127909951394218,9.13955343786359,211
"{_ARDEI ROSU CAPIA,_CEAPA GALBENA} => {_MORCOVI}",0.000440632760316205,0.341628959276018,0.00128979920569379,7.78441994937759,453
"{_ARDEI ROSU CAPIA,_MORCOVI} => {_CEAPA GALBENA}",0.000440632760316205,0.179051383399209,0.00246092910286975,10.1987267204319,453
"{_ARDEI ROSU CAPIA,_CEAPA GALBENA} => {_BANANE}",0.000161468075524261,0.125188536953243,0.00128979920569379,1.82460557749705,166
"{_CEAPA GALBENA,UNT 65% GRASIME FRISS 180G} => {_PATRUNJEL RADACINA KG}",0.000108942316016369,0.227642276422764,0.000478568031071905,11.2856976513055,112
"{_PATRUNJEL RADACINA KG,UNT 65% GRASIME FRISS 180G} => {_CEAPA GALBENA}",0.000108942316016369,0.164948453608247,0.000660462790849235,9.3954269962696,112
"{_CEAPA GALBENA,UNT 65% GRASIME FRISS 180G} => {_MORCOVI}",0.000178003962776745,0.371951219512195,0.000478568031071905,8.47534851700527,183
"{_MORCOVI,UNT 65% GRASIME FRISS 180G} => {_CEAPA GALBENA}",0.000178003962776745,0.134065934065934,0.00132773447644949,7.63636559573177,183
"{_CEAPA GALBENA,_ROSII VRAC} => {_PATRUNJEL RADACINA KG}",0.000201348744780253,0.151315789473684,0.00133065257419993,7.50170081192275,207
"{_PATRUNJEL RADACINA KG,_ROSII VRAC} => {_CEAPA GALBENA}",0.000201348744780253,0.205153617443013,0.000981453543397463,11.6855041289704,207
"{_LAMAIE^2 A nu se consuma coaja,_ROSII VRAC} => {_CEAPA GALBENA}",0.000115751210767392,0.10267471958585,0.00112735843091939,5.84832904540229,119
"{_CEAPA GALBENA,_ROSII VRAC} => {_MORCOVI}",0.000384216203807729,0.28874269005848,0.00133065257419993,6.57934374618447,395
"{_MORCOVI,_ROSII VRAC} => {_CEAPA GALBENA}",0.000384216203807729,0.185882352941176,0.00206698590656056,10.5878172165315,395
"{_CEAPA GALBENA,_ROSII VRAC} => {_BANANE}",0.000196485248529522,0.14766081871345,0.00133065257419993,2.15213596994883,202
"{_CEAPA GALBENA,LAPTE DE CONSUM 1.5% GRASIME FRISS CUTIE 1L} => {_PATRUNJEL RADACINA KG}",0.000122560105518415,0.159493670886076,0.000768432407615457,7.90713120252859,126
"{_PATRUNJEL RADACINA KG,LAPTE DE CONSUM 1.5% GRASIME FRISS CUTIE 1L} => {_CEAPA GALBENA}",0.000122560105518415,0.158291457286432,0.000774268603116334,9.01624597584855,126
"{_CEAPA GALBENA,CARNE TOCATA PORC VRAC} => {_PATRUNJEL RADACINA KG}",0.000104078819765638,0.119021134593993,0.000874456625881387,5.90064622552167,107
"{_PATRUNJEL RADACINA KG,CARNE TOCATA PORC VRAC} => {_CEAPA GALBENA}",0.000104078819765638,0.132754342431762,0.000783995595617795,7.56165762982958,107
"{_CEAPA GALBENA,LAPTE DE CONSUM 3.5% GRASIME FRISS CUTIE 1L} => {_PATRUNJEL RADACINA KG}",0.000114778511517245,0.161422708618331,0.000711043151856834,8.00276605975415,118
"{_PATRUNJEL RADACINA KG,LAPTE DE CONSUM 3.5% GRASIME FRISS CUTIE 1L} => {_CEAPA GALBENA}",0.000114778511517245,0.130675526024363,0.000878347422881972,7.44324871257627,118
"{_CEAPA GALBENA,_LAMAIE^2 A nu se consuma coaja} => {_PATRUNJEL RADACINA KG}",0.000229557023034491,0.184808144087706,0.00124213694243663,9.16213310834813,236
"{_LAMAIE^2 A nu se consuma coaja,_PATRUNJEL RADACINA KG} => {_CEAPA GALBENA}",0.000229557023034491,0.156291390728477,0.00146877586772068,8.90232263239254,236
"{_CEAPA GALBENA,SMANTANA 20% GRASIME FRISS 300G} => {_PATRUNJEL RADACINA KG}",0.000179949361277037,0.162565905096661,0.00110693174666632,8.05944169142155,185
"{_PATRUNJEL RADACINA KG,SMANTANA 20% GRASIME FRISS 300G} => {_CEAPA GALBENA}",0.000179949361277037,0.135036496350365,0.00133259797270022,7.69164860620703,185
"{_CEAPA GALBENA,_PATRUNJEL RADACINA KG} => {_MORCOVI}",0.00188314574828294,0.76916964640445,0.00244828401261785,17.5264402426988,1936
"{_CEAPA GALBENA,_MORCOVI} => {_PATRUNJEL RADACINA KG}",0.00188314574828294,0.355947784519213,0.0052905112215449,17.646630225554,1936
"{_MORCOVI,_PATRUNJEL RADACINA KG} => {_CEAPA GALBENA}",0.00188314574828294,0.140178118890739,0.0134339493437685,7.98451427523107,1936
"{_CEAPA GALBENA,_PATRUNJEL RADACINA KG} => {_BANANE}",0.000327799647299252,0.133889551052841,0.00244828401261785,1.95142165221431,337
"{_BANANE,_CEAPA GALBENA} => {_PATRUNJEL RADACINA KG}",0.000327799647299252,0.155586334256694,0.00210686657581656,7.71341929402889,337
"{_BANANE,_PATRUNJEL RADACINA KG} => {_CEAPA GALBENA}",0.000327799647299252,0.136216653193209,0.00240645794486157,7.7588700758149,337
"{_CEAPA GALBENA,LAPTE DE CONSUM 1.5% GRASIME FRISS CUTIE 1L} => {_MORCOVI}",0.000253874504288145,0.330379746835443,0.000768432407615457,7.52809333724619,261
"{_MORCOVI,LAPTE DE CONSUM 1.5% GRASIME FRISS CUTIE 1L} => {_CEAPA GALBENA}",0.000253874504288145,0.154255319148936,0.00164580713124728,8.78634845096622,261
"{_CEAPA GALBENA,LAPTE DE CONSUM 1.5% GRASIME FRISS CUTIE 1L} => {_BANANE}",0.000127423601769145,0.165822784810127,0.000768432407615457,2.41684410892712,131
"{_CEAPA GALBENA,CARNE TOCATA PORC VRAC} => {_MORCOVI}",0.000270410391540629,0.309232480533927,0.000874456625881387,7.04622785950335,278
"{_MORCOVI,CARNE TOCATA PORC VRAC} => {_CEAPA GALBENA}",0.000270410391540629,0.142710472279261,0.0018948181392847,8.12875655741165,278
"{_CEAPA GALBENA,CARNE TOCATA PORC VRAC} => {_BANANE}",0.000116723910017538,0.133481646273637,0.000874456625881387,1.94547649658476,120
"{_CEAPA GALBENA,LAPTE DE CONSUM 3.5% GRASIME FRISS CUTIE 1L} => {SMANTANA 20% GRASIME FRISS 300G}",0.000124505504018707,0.175102599179207,0.000711043151856834,5.70830808695996,128
"{_CEAPA GALBENA,SMANTANA 20% GRASIME FRISS 300G} => {LAPTE DE CONSUM 3.5% GRASIME FRISS CUTIE 1L}",0.000124505504018707,0.112478031634446,0.00110693174666632,4.30557964584021,128
"{_CEAPA GALBENA,LAPTE DE CONSUM 3.5% GRASIME FRISS CUTIE 1L} => {_MORCOVI}",0.000225666226033906,0.317373461012312,0.000711043151856834,7.23172972965434,232
"{_MORCOVI,LAPTE DE CONSUM 3.5% GRASIME FRISS CUTIE 1L} => {_CEAPA GALBENA}",0.000225666226033906,0.131893121091529,0.00171097798100707,7.51260265506151,232
"{_CEAPA GALBENA,LAPTE DE CONSUM 3.5% GRASIME FRISS CUTIE 1L} => {_BANANE}",0.000115751210767392,0.162790697674419,0.000711043151856834,2.37265185911006,119
"{_CEAPA GALBENA,_LAMAIE^2 A nu se consuma coaja} => {_MORCOVI}",0.000438687361815913,0.353171495693031,0.00124213694243663,8.04743029528452,451
"{_LAMAIE^2 A nu se consuma coaja,_MORCOVI} => {_CEAPA GALBENA}",0.000438687361815913,0.14445868033312,0.00303676705895627,8.2283340968491,451
"{_CEAPA GALBENA,_LAMAIE^2 A nu se consuma coaja} => {_BANANE}",0.000234420519285222,0.188723570869225,0.00124213694243663,2.75061989215321,241
"{_BANANE,_CEAPA GALBENA} => {_LAMAIE^2 A nu se consuma coaja}",0.000234420519285222,0.111265004616805,0.00210686657581656,4.02165311329273,241
"{_CEAPA GALBENA,SMANTANA 20% GRASIME FRISS 300G} => {_MORCOVI}",0.000402697489560505,0.363796133567663,0.00110693174666632,8.28952523712279,414
"{_MORCOVI,SMANTANA 20% GRASIME FRISS 300G} => {_CEAPA GALBENA}",0.000402697489560505,0.146186440677966,0.00275468427641389,8.32674693935811,414
"{_CEAPA GALBENA,SMANTANA 20% GRASIME FRISS 300G} => {_BANANE}",0.000159522677023968,0.144112478031634,0.00110693174666632,2.10041939623954,164
"{_CEAPA GALBENA,_MORCOVI} => {_BANANE}",0.000665326287099965,0.125758411472697,0.0052905112215449,1.83291141964503,684
"{_BANANE,_CEAPA GALBENA} => {_MORCOVI}",0.000665326287099965,0.315789473684211,0.00210686657581656,7.19563670468782,684
"{_BANANE,_MORCOVI} => {_CEAPA GALBENA}",0.000665326287099965,0.129373936069605,0.00514266093552269,7.36911044009476,684
"{_ARDEI ROSU CAPIA,UNT 65% GRASIME FRISS 180G} => {_BANANE}",0.000108942316016369,0.198934280639432,0.000547629677832281,2.89943957205635,112
"{_ARDEI ROSU CAPIA,_PATRUNJEL RADACINA KG} => {_ROSII VRAC}",0.000139095992770899,0.108745247148289,0.00127909951394218,5.3460883703137,143
"{_PATRUNJEL RADACINA KG,_ROSII VRAC} => {_ARDEI ROSU CAPIA}",0.000139095992770899,0.141724479682854,0.000981453543397463,8.37802660307705,143
"{_ARDEI ROSU CAPIA,LAPTE DE CONSUM 1.5% GRASIME FRISS CUTIE 1L} => {_ROSII VRAC}",0.000102133421265346,0.169082125603865,0.000604046234340758,8.31234476009891,105
"{_ROSII VRAC,LAPTE DE CONSUM 1.5% GRASIME FRISS CUTIE 1L} => {_ARDEI ROSU CAPIA}",0.000102133421265346,0.131086142322097,0.000779132099367065,7.74914249201608,105
"{_ARDEI ROSU CAPIA,_LAMAIE^2 A nu se consuma coaja} => {_ROSII VRAC}",0.000142986789771484,0.120491803278689,0.0011866930851783,5.92356765117213,147
"{_LAMAIE^2 A nu se consuma coaja,_ROSII VRAC} => {_ARDEI ROSU CAPIA}",0.000142986789771484,0.126833477135462,0.00112735843091939,7.49774667001453,147
"{_ARDEI ROSU CAPIA,_ROSII VRAC} => {_MORCOVI}",0.000273328489291068,0.135096153846154,0.00202321444030399,3.07832567037887,281
"{_ARDEI ROSU CAPIA,_MORCOVI} => {_ROSII VRAC}",0.000273328489291068,0.111067193675889,0.00246092910286975,5.46023893462082,281
"{_MORCOVI,_ROSII VRAC} => {_ARDEI ROSU CAPIA}",0.000273328489291068,0.132235294117647,0.00206698590656056,7.81707447056794,281
"{_ARDEI ROSU CAPIA,_ROSII VRAC} => {_BANANE}",0.000309318361546475,0.152884615384615,0.00202321444030399,2.22827208251861,318
"{_ARDEI ROSU CAPIA,_BANANE} => {_ROSII VRAC}",0.000309318361546475,0.119909502262443,0.00257959841138758,5.89494081209083,318
"{_BANANE,_ROSII VRAC} => {_ARDEI ROSU CAPIA}",0.000309318361546475,0.104536489151874,0.00295895111894458,6.17966274468975,318
"{_ARDEI ROSU CAPIA,_PATRUNJEL RADACINA KG} => {_LAMAIE^2 A nu se consuma coaja}",0.000145904887521922,0.114068441064639,0.00127909951394218,4.1229828077207,150
"{_ARDEI ROSU CAPIA,_LAMAIE^2 A nu se consuma coaja} => {_PATRUNJEL RADACINA KG}",0.000145904887521922,0.122950819672131,0.0011866930851783,6.09546609094222,150
"{_ARDEI ROSU CAPIA,_PATRUNJEL RADACINA KG} => {_MORCOVI}",0.00086862043038051,0.679087452471483,0.00127909951394218,15.473810895873,893
"{_ARDEI ROSU CAPIA,_MORCOVI} => {_PATRUNJEL RADACINA KG}",0.00086862043038051,0.35296442687747,0.00246092910286975,17.4987259221025,893
"{_ARDEI ROSU CAPIA,_PATRUNJEL RADACINA KG} => {_BANANE}",0.000178003962776745,0.139163498098859,0.00127909951394218,2.02828869954776,183
"{_ARDEI ROSU CAPIA,LAPTE DE CONSUM 1.5% GRASIME FRISS CUTIE 1L} => {_BANANE}",0.000135205195770315,0.223832528180354,0.000604046234340758,3.26232807957231,139
"{_ARDEI ROSU CAPIA,CARNE TOCATA PORC VRAC} => {_MORCOVI}",0.000130341699519584,0.215088282504013,0.00060599163284105,4.90104094439144,134
"{_ARDEI ROSU CAPIA,LAPTE DE CONSUM 3.5% GRASIME FRISS CUTIE 1L} => {_MORCOVI}",0.000125478203268853,0.190546528803545,0.000658517392348942,4.34182805593054,129
"{_ARDEI ROSU CAPIA,LAPTE DE CONSUM 3.5% GRASIME FRISS CUTIE 1L} => {_BANANE}",0.00013131439876973,0.199409158050222,0.000658517392348942,2.90636084451022,135
"{_ARDEI ROSU CAPIA,_LAMAIE^2 A nu se consuma coaja} => {_MORCOVI}",0.000210103038031568,0.177049180327869,0.0011866930851783,4.03427500492334,216
"{_ARDEI ROSU CAPIA,_LAMAIE^2 A nu se consuma coaja} => {_BANANE}",0.000241229414036245,0.20327868852459,0.0011866930851783,2.96275871493556,248
"{_ARDEI ROSU CAPIA,SMANTANA 20% GRASIME FRISS 300G} => {_MORCOVI}",0.000172167767275868,0.200226244343891,0.000859866137129195,4.56239182463521,177
"{_ARDEI ROSU CAPIA,SMANTANA 20% GRASIME FRISS 300G} => {_BANANE}",0.000144932188271776,0.168552036199095,0.000859866137129195,2.45662256970236,149
"{_ARDEI ROSU CAPIA,_MORCOVI} => {_BANANE}",0.000336553940550567,0.136758893280632,0.00246092910286975,1.99324191755164,346
"{_ARDEI ROSU CAPIA,_BANANE} => {_MORCOVI}",0.000336553940550567,0.130467571644042,0.00257959841138758,2.9728579497623,346
"{_ROSII VRAC,UNT 65% GRASIME FRISS 180G} => {_BANANE}",0.000107969616766222,0.251700680272109,0.000428960369314451,3.66850253434802,111
"{_PATRUNJEL RADACINA KG,UNT 65% GRASIME FRISS 180G} => {_MORCOVI}",0.000466895640070151,0.706921944035346,0.000660462790849235,16.108052711525,480
"{_MORCOVI,UNT 65% GRASIME FRISS 180G} => {_PATRUNJEL RADACINA KG}",0.000466895640070151,0.351648351648352,0.00132773447644949,17.4334795743871,480
"{_PATRUNJEL RADACINA KG,UNT 65% GRASIME FRISS 180G} => {_BANANE}",0.000103106120515492,0.156111929307806,0.000660462790849235,2.27530973570875,106
"{LAPTE DE CONSUM 1.5% GRASIME FRISS CUTIE 1L,UNT 65% GRASIME FRISS 180G} => {SMANTANA 20% GRASIME FRISS 300G}",0.000201348744780253,0.144351464435146,0.00139485072470958,4.70582753004337,207
"{SMANTANA 20% GRASIME FRISS 300G,UNT 65% GRASIME FRISS 180G} => {LAPTE DE CONSUM 1.5% GRASIME FRISS CUTIE 1L}",0.000201348744780253,0.113176599234554,0.0017790669285173,4.39267316691599,207
"{LAPTE DE CONSUM 1.5% GRASIME FRISS CUTIE 1L,UNT 65% GRASIME FRISS 180G} => {_BANANE}",0.000170222368775576,0.122036262203626,0.00139485072470958,1.77866160986284,175
"{_LAMAIE^2 A nu se consuma coaja,UNT 65% GRASIME FRISS 180G} => {LAPTE DE CONSUM 3.5% GRASIME FRISS CUTIE 1L}",0.000109915015266515,0.106403013182674,0.00103300660365521,4.07303222823369,113
"{LAPTE DE CONSUM 3.5% GRASIME FRISS CUTIE 1L,UNT 65% GRASIME FRISS 180G} => {SMANTANA 20% GRASIME FRISS 300G}",0.000225666226033906,0.161447459986082,0.00139776882246001,5.26315340707482,232
"{SMANTANA 20% GRASIME FRISS 300G,UNT 65% GRASIME FRISS 180G} => {LAPTE DE CONSUM 3.5% GRASIME FRISS CUTIE 1L}",0.000225666226033906,0.126845270639694,0.0017790669285173,4.85554741224776,232
"{LAPTE DE CONSUM 3.5% GRASIME FRISS CUTIE 1L,UNT 65% GRASIME FRISS 180G} => {_MORCOVI}",0.000148822985272361,0.106471816283925,0.00139776882246001,2.42608627934673,153
"{_MORCOVI,UNT 65% GRASIME FRISS 180G} => {LAPTE DE CONSUM 3.5% GRASIME FRISS CUTIE 1L}",0.000148822985272361,0.112087912087912,0.00132773447644949,4.29064614500814,153
"{LAPTE DE CONSUM 3.5% GRASIME FRISS CUTIE 1L,UNT 65% GRASIME FRISS 180G} => {_BANANE}",0.000178003962776745,0.127348643006263,0.00139776882246001,1.85608882387286,183
"{_LAMAIE^2 A nu se consuma coaja,UNT 65% GRASIME FRISS 180G} => {SMANTANA 20% GRASIME FRISS 300G}",0.000157577278523676,0.152542372881356,0.00103300660365521,4.97284943115858,162
"{_LAMAIE^2 A nu se consuma coaja,UNT 65% GRASIME FRISS 180G} => {_MORCOVI}",0.000157577278523676,0.152542372881356,0.00103300660365521,3.47585840819666,162
"{_MORCOVI,UNT 65% GRASIME FRISS 180G} => {_LAMAIE^2 A nu se consuma coaja}",0.000157577278523676,0.118681318681319,0.00132773447644949,4.28971442016479,162
"{_LAMAIE^2 A nu se consuma coaja,UNT 65% GRASIME FRISS 180G} => {_BANANE}",0.000239284015535952,0.231638418079096,0.00103300660365521,3.37609784310818,246
"{_BANANE,UNT 65% GRASIME FRISS 180G} => {_LAMAIE^2 A nu se consuma coaja}",0.000239284015535952,0.129201680672269,0.00185201937227827,4.66997096803071,246
"{SMANTANA 20% GRASIME FRISS 300G,UNT 65% GRASIME FRISS 180G} => {_MORCOVI}",0.000183840158277622,0.103335155822854,0.0017790669285173,2.35461376039129,189
"{_MORCOVI,UNT 65% GRASIME FRISS 180G} => {SMANTANA 20% GRASIME FRISS 300G}",0.000183840158277622,0.138461538461538,0.00132773447644949,4.51381717597471,189
"{SMANTANA 20% GRASIME FRISS 300G,UNT 65% GRASIME FRISS 180G} => {_BANANE}",0.000205239541780837,0.115363586659377,0.0017790669285173,1.68140828850313,211
"{_BANANE,UNT 65% GRASIME FRISS 180G} => {SMANTANA 20% GRASIME FRISS 300G}",0.000205239541780837,0.110819327731092,0.00185201937227827,3.61268689125193,211
"{_MORCOVI,UNT 65% GRASIME FRISS 180G} => {_BANANE}",0.000203294143280545,0.153113553113553,0.00132773447644949,2.23160881819175,209
"{_BANANE,UNT 65% GRASIME FRISS 180G} => {_MORCOVI}",0.000203294143280545,0.109768907563025,0.00185201937227827,2.5012144042643,209
"{_PATRUNJEL RADACINA KG,_ROSII VRAC} => {_LAMAIE^2 A nu se consuma coaja}",0.000126450902518999,0.128840436075322,0.000981453543397463,4.65691384856197,130
"{_LAMAIE^2 A nu se consuma coaja,_ROSII VRAC} => {_PATRUNJEL RADACINA KG}",0.000126450902518999,0.112165660051769,0.00112735843091939,5.56077608296483,130
"{_PATRUNJEL RADACINA KG,_ROSII VRAC} => {_MORCOVI}",0.000664353587849819,0.676907829534192,0.000981453543397463,15.4241456089749,683
"{_MORCOVI,_ROSII VRAC} => {_PATRUNJEL RADACINA KG}",0.000664353587849819,0.321411764705882,0.00206698590656056,15.9344567056895,683
"{_PATRUNJEL RADACINA KG,_ROSII VRAC} => {_BANANE}",0.000168276970275284,0.171456888007929,0.000981453543397463,2.49896038226246,173
"{_ROSII VRAC,LAPTE DE CONSUM 1.5% GRASIME FRISS CUTIE 1L} => {_BANANE}",0.000132287098019876,0.169787765293383,0.000779132099367065,2.47463315000457,136
"{_ROSII VRAC,CARNE TOCATA PORC VRAC} => {_MORCOVI}",0.00011866930851783,0.135555555555556,0.000875429325131533,3.08879368175303,122
"{_ROSII VRAC,CARNE TOCATA PORC VRAC} => {_BANANE}",0.00011866930851783,0.135555555555556,0.000875429325131533,1.97570343696689,122
"{_ROSII VRAC,LAPTE DE CONSUM 3.5% GRASIME FRISS CUTIE 1L} => {_BANANE}",0.000122560105518415,0.206896551724138,0.000592373843339004,3.01548856970639,126
"{_LAMAIE^2 A nu se consuma coaja,_ROSII VRAC} => {_MORCOVI}",0.000176058564276453,0.156169111302847,0.00112735843091939,3.55849793319261,181
"{_LAMAIE^2 A nu se consuma coaja,_ROSII VRAC} => {_BANANE}",0.000238311316285806,0.211389128559103,0.00112735843091939,3.08096725449581,245
"{_ROSII VRAC,SMANTANA 20% GRASIME FRISS 300G} => {_MORCOVI}",0.000147850286022215,0.180737217598097,0.000818040069372911,4.11831129669806,152
"{_ROSII VRAC,SMANTANA 20% GRASIME FRISS 300G} => {_BANANE}",0.000146877586772068,0.179548156956005,0.000818040069372911,2.61688950589462,151
"{_MORCOVI,_ROSII VRAC} => {_BANANE}",0.000319045354047937,0.154352941176471,0.00206698590656056,2.24967272745468,328
"{_BANANE,_ROSII VRAC} => {_MORCOVI}",0.000319045354047937,0.107823800131492,0.00295895111894458,2.45689283057279,328
"{_PATRUNJEL RADACINA KG,LAPTE DE CONSUM 1.5% GRASIME FRISS CUTIE 1L} => {SMANTANA 20% GRASIME FRISS 300G}",0.000101160722015199,0.130653266331658,0.000774268603116334,4.25926913869194,104
"{_PATRUNJEL RADACINA KG,LAPTE DE CONSUM 1.5% GRASIME FRISS CUTIE 1L} => {_MORCOVI}",0.000543738880831697,0.702261306532663,0.000774268603116334,16.0018545729668,559
"{_MORCOVI,LAPTE DE CONSUM 1.5% GRASIME FRISS CUTIE 1L} => {_PATRUNJEL RADACINA KG}",0.000543738880831697,0.330378250591017,0.00164580713124728,16.3789833124538,559
"{_PATRUNJEL RADACINA KG,LAPTE DE CONSUM 1.5% GRASIME FRISS CUTIE 1L} => {_BANANE}",0.000119642007767976,0.154522613065327,0.000774268603116334,2.25214567172167,123
"{_PATRUNJEL RADACINA KG,CARNE TOCATA PORC VRAC} => {_MORCOVI}",0.000520394098828189,0.663771712158809,0.000783995595617795,15.1248236358875,535
"{_MORCOVI,CARNE TOCATA PORC VRAC} => {_PATRUNJEL RADACINA KG}",0.000520394098828189,0.274640657084189,0.0018948181392847,13.6157108745995,535
"{_PATRUNJEL RADACINA KG,LAPTE DE CONSUM 3.5% GRASIME FRISS CUTIE 1L} => {SMANTANA 20% GRASIME FRISS 300G}",0.000177031263526599,0.201550387596899,0.000878347422881972,6.57050045426121,182
"{_PATRUNJEL RADACINA KG,SMANTANA 20% GRASIME FRISS 300G} => {LAPTE DE CONSUM 3.5% GRASIME FRISS CUTIE 1L}",0.000177031263526599,0.132846715328467,0.00133259797270022,5.0852784781469,182
"{_PATRUNJEL RADACINA KG,LAPTE DE CONSUM 3.5% GRASIME FRISS CUTIE 1L} => {_MORCOVI}",0.000632254512594996,0.719822812846069,0.000878347422881972,16.4020142677916,650
"{_MORCOVI,LAPTE DE CONSUM 3.5% GRASIME FRISS CUTIE 1L} => {_PATRUNJEL RADACINA KG}",0.000632254512594996,0.369528140989198,0.00171097798100707,18.3198961914617,650
"{_PATRUNJEL RADACINA KG,LAPTE DE CONSUM 3.5% GRASIME FRISS CUTIE 1L} => {_BANANE}",0.000134232496520168,0.152823920265781,0.000878347422881972,2.22738745957271,138
"{_PATRUNJEL RADACINA KG,SMANTANA 20% GRASIME FRISS 300G} => {_LAMAIE^2 A nu se consuma coaja}",0.000135205195770315,0.101459854014599,0.00133259797270022,3.66724774943664,139
"{_LAMAIE^2 A nu se consuma coaja,_PATRUNJEL RADACINA KG} => {_MORCOVI}",0.000991180535898925,0.674834437086093,0.00146877586772068,15.3769009094328,1019
"{_LAMAIE^2 A nu se consuma coaja,_MORCOVI} => {_PATRUNJEL RADACINA KG}",0.000991180535898925,0.3263933376041,0.00303676705895627,16.1814254429587,1019
"{_LAMAIE^2 A nu se consuma coaja,_PATRUNJEL RADACINA KG} => {_BANANE}",0.000273328489291068,0.186092715231788,0.00146877586772068,2.7122755358209,281
"{_BANANE,_PATRUNJEL RADACINA KG} => {_LAMAIE^2 A nu se consuma coaja}",0.000273328489291068,0.113581244947454,0.00240645794486157,4.10537319373462,281
"{_PATRUNJEL RADACINA KG,SMANTANA 20% GRASIME FRISS 300G} => {_MORCOVI}",0.000915309994387525,0.686861313868613,0.00133259797270022,15.6509475234931,941
"{_MORCOVI,SMANTANA 20% GRASIME FRISS 300G} => {_PATRUNJEL RADACINA KG}",0.000915309994387525,0.332274011299435,0.00275468427641389,16.4729684127201,941
"{_PATRUNJEL RADACINA KG,SMANTANA 20% GRASIME FRISS 300G} => {_BANANE}",0.000173140466526014,0.12992700729927,0.00133259797270022,1.89366812613435,178
"{_MORCOVI,_PATRUNJEL RADACINA KG} => {_BANANE}",0.00156993658973588,0.116863369777713,0.0134339493437685,1.70326741961332,1614
"{_BANANE,_PATRUNJEL RADACINA KG} => {_MORCOVI}",0.00156993658973588,0.652384801940178,0.00240645794486157,14.8653594170006,1614
"{_BANANE,_MORCOVI} => {_PATRUNJEL RADACINA KG}",0.00156993658973588,0.305277094760734,0.00514266093552268,15.1345569262373,1614
"{_LAMAIE^2 A nu se consuma coaja,LAPTE DE CONSUM 1.5% GRASIME FRISS CUTIE 1L} => {SMANTANA 20% GRASIME FRISS 300G}",0.000148822985272361,0.125925925925926,0.00118182958892757,4.10515883082474,153
"{_LAMAIE^2 A nu se consuma coaja,LAPTE DE CONSUM 1.5% GRASIME FRISS CUTIE 1L} => {_MORCOVI}",0.000164386173274699,0.139094650205761,0.00118182958892757,3.16943613974658,169
"{_LAMAIE^2 A nu se consuma coaja,LAPTE DE CONSUM 1.5% GRASIME FRISS CUTIE 1L} => {_BANANE}",0.000261656098289314,0.221399176954733,0.00118182958892757,3.22686232267209,269
"{_BANANE,LAPTE DE CONSUM 1.5% GRASIME FRISS CUTIE 1L} => {_LAMAIE^2 A nu se consuma coaja}",0.000261656098289314,0.100186219739292,0.00261169748664241,3.62121247297103,269
"{_MORCOVI,LAPTE DE CONSUM 1.5% GRASIME FRISS CUTIE 1L} => {SMANTANA 20% GRASIME FRISS 300G}",0.000200376045530107,0.121749408983452,0.00164580713124728,3.96900525258086,206
"{LAPTE DE CONSUM 1.5% GRASIME FRISS CUTIE 1L,SMANTANA 20% GRASIME FRISS 300G} => {_BANANE}",0.000246092910286975,0.115052296498408,0.00213896565107138,1.67687127754553,253
"{_MORCOVI,LAPTE DE CONSUM 1.5% GRASIME FRISS CUTIE 1L} => {_BANANE}",0.000266519594540045,0.16193853427896,0.00164580713124728,2.36023169571384,274
"{_BANANE,LAPTE DE CONSUM 1.5% GRASIME FRISS CUTIE 1L} => {_MORCOVI}",0.000266519594540045,0.102048417132216,0.00261169748664241,2.32529389724425,274
"{_LAMAIE^2 A nu se consuma coaja,CARNE TOCATA PORC VRAC} => {_MORCOVI}",0.000100188022765053,0.149275362318841,0.000671162482600842,3.40141570798891,103
"{_LAMAIE^2 A nu se consuma coaja,CARNE TOCATA PORC VRAC} => {_BANANE}",0.000112833113016953,0.168115942028985,0.000671162482600842,2.45026655760683,116
"{CARNE TOCATA PORC VRAC,SMANTANA 20% GRASIME FRISS 300G} => {_MORCOVI}",0.000159522677023968,0.163509471585244,0.000975617347896587,3.72575672512583,164
"{_MORCOVI,CARNE TOCATA PORC VRAC} => {_BANANE}",0.000220802729783176,0.11652977412731,0.0018948181392847,1.69840530923829,227
"{_BANANE,CARNE TOCATA PORC VRAC} => {_MORCOVI}",0.000220802729783176,0.118290776446066,0.00186660986103046,2.69539526726755,227
"{_LAMAIE^2 A nu se consuma coaja,LAPTE DE CONSUM 3.5% GRASIME FRISS CUTIE 1L} => {SMANTANA 20% GRASIME FRISS 300G}",0.000239284015535952,0.190697674418605,0.00125478203268853,6.21670427595483,246
"{_LAMAIE^2 A nu se consuma coaja,SMANTANA 20% GRASIME FRISS 300G} => {LAPTE DE CONSUM 3.5% GRASIME FRISS CUTIE 1L}",0.000239284015535952,0.145562130177515,0.00164386173274699,5.57201558197889,246
"{_LAMAIE^2 A nu se consuma coaja,LAPTE DE CONSUM 3.5% GRASIME FRISS CUTIE 1L} => {_MORCOVI}",0.000176058564276453,0.14031007751938,0.00125478203268853,3.19713108881414,181
"{_MORCOVI,LAPTE DE CONSUM 3.5% GRASIME FRISS CUTIE 1L} => {_LAMAIE^2 A nu se consuma coaja}",0.000176058564276453,0.102899374644684,0.00171097798100707,3.71927895766399,181
"{_LAMAIE^2 A nu se consuma coaja,LAPTE DE CONSUM 3.5% GRASIME FRISS CUTIE 1L} => {_BANANE}",0.000240256714786099,0.191472868217054,0.00125478203268853,2.79069052000088,247
"{_MORCOVI,LAPTE DE CONSUM 3.5% GRASIME FRISS CUTIE 1L} => {SMANTANA 20% GRASIME FRISS 300G}",0.000310291060796621,0.181353041500853,0.00171097798100707,5.91207119852414,319
"{_MORCOVI,SMANTANA 20% GRASIME FRISS 300G} => {LAPTE DE CONSUM 3.5% GRASIME FRISS CUTIE 1L}",0.000310291060796621,0.112641242937853,0.00275468427641389,4.31182725931377,319
"{_BANANE,LAPTE DE CONSUM 3.5% GRASIME FRISS CUTIE 1L} => {SMANTANA 20% GRASIME FRISS 300G}",0.000298618669794867,0.11558734939759,0.00258348920838817,3.76812339970613,307
"{_BANANE,SMANTANA 20% GRASIME FRISS 300G} => {LAPTE DE CONSUM 3.5% GRASIME FRISS CUTIE 1L}",0.000298618669794867,0.107080572026509,0.00278872875016901,4.09896870244542,307
"{_MORCOVI,LAPTE DE CONSUM 3.5% GRASIME FRISS CUTIE 1L} => {_BANANE}",0.000260683399039168,0.152359295054008,0.00171097798100707,2.22061561149877,268
"{_BANANE,LAPTE DE CONSUM 3.5% GRASIME FRISS CUTIE 1L} => {_MORCOVI}",0.000260683399039168,0.100903614457831,0.00258348920838817,2.29920821412339,268
"{_LAMAIE^2 A nu se consuma coaja,SMANTANA 20% GRASIME FRISS 300G} => {_MORCOVI}",0.000251929105787852,0.153254437869822,0.00164386173274699,3.49208365125925,259
"{_LAMAIE^2 A nu se consuma coaja,SMANTANA 20% GRASIME FRISS 300G} => {_BANANE}",0.000297645970544721,0.181065088757396,0.00164386173274699,2.63899857668387,306
"{_BANANE,SMANTANA 20% GRASIME FRISS 300G} => {_LAMAIE^2 A nu se consuma coaja}",0.000297645970544721,0.106731775374956,0.00278872875016901,3.85780037669744,306
"{_LAMAIE^2 A nu se consuma coaja,_MORCOVI} => {_BANANE}",0.000541793482331404,0.178411274823831,0.00303676705895627,2.60031960636703,557
"{_BANANE,_LAMAIE^2 A nu se consuma coaja} => {_MORCOVI}",0.000541793482331404,0.112140124823837,0.00483139717547592,2.55524539446048,557
"{_BANANE,_MORCOVI} => {_LAMAIE^2 A nu se consuma coaja}",0.000541793482331404,0.105352752033289,0.00514266093552268,3.80795583182532,557
"{_MORCOVI,SMANTANA 20% GRASIME FRISS 300G} => {_BANANE}",0.000373516512056121,0.135593220338983,0.00275468427641389,1.97625239596577,384
"{_BANANE,SMANTANA 20% GRASIME FRISS 300G} => {_MORCOVI}",0.000373516512056121,0.133937914196024,0.00278872875016901,3.05193380987108,384
"{_CONOPIDA,_PATRUNJEL RADACINA KG,_TELINA} => {_MORCOVI}",0.00010602421826593,0.677018633540373,0.00015660457927353,15.4266704093256,109
"{_CONOPIDA,_MORCOVI,_TELINA} => {_PATRUNJEL RADACINA KG}",0.00010602421826593,0.586021505376344,0.000180922060527184,29.05287027862,109
"{_CONOPIDA,_MORCOVI,_PATRUNJEL RADACINA KG} => {_TELINA}",0.00010602421826593,0.405204460966543,0.000261656098289314,27.4226406801719,109
"{_CEAPA ROSIE,_PATRUNJEL RADACINA KG,_TELINA} => {_MORCOVI}",0.000127423601769145,0.856209150326797,0.000148822985272361,19.5097382984401,131
"{_CEAPA ROSIE,_MORCOVI,_TELINA} => {_PATRUNJEL RADACINA KG}",0.000127423601769145,0.668367346938776,0.000190649053028645,33.1352853964077,131
"{_CEAPA ROSIE,_MORCOVI,_PATRUNJEL RADACINA KG} => {_TELINA}",0.000127423601769145,0.392215568862275,0.000324881549548813,26.5436036622693,131
"{_PATRUNJEL RADACINA KG,_TELINA,_VARZA ALBA} => {_MORCOVI}",0.000130341699519584,0.740331491712707,0.000176058564276453,16.8693287754468,134
"{_MORCOVI,_TELINA,_VARZA ALBA} => {_PATRUNJEL RADACINA KG}",0.000130341699519584,0.641148325358852,0.000203294143280545,31.7858627287794,134
"{_MORCOVI,_PATRUNJEL RADACINA KG,_VARZA ALBA} => {_TELINA}",0.000130341699519584,0.426751592356688,0.00030542756454589,28.8808655980096,134
"{_PATRUNJEL RADACINA KG,_TELINA,PULPE PUI CU SPATE REFR.VRAC SZEKELY CSURKE} => {_MORCOVI}",0.000108942316016369,0.8,0.000136177895020461,18.2289463185425,112
"{_MORCOVI,_TELINA,PULPE PUI CU SPATE REFR.VRAC SZEKELY CSURKE} => {_PATRUNJEL RADACINA KG}",0.000108942316016369,0.64367816091954,0.00016924966952543,31.9112830140362,112
"{_MORCOVI,_PATRUNJEL RADACINA KG,PULPE PUI CU SPATE REFR.VRAC SZEKELY CSURKE} => {_TELINA}",0.000108942316016369,0.402877697841727,0.000270410391540629,27.265174523537,112
"{_ARDEI ALB BIANCA,_GULII,_TELINA} => {_PATRUNJEL RADACINA KG}",0.000136177895020461,0.660377358490566,0.000206212241030983,32.7391700733626,140
"{_ARDEI ALB BIANCA,_GULII,_PATRUNJEL RADACINA KG} => {_TELINA}",0.000136177895020461,0.505415162454874,0.000269437692290483,34.2045059455924,140
"{_ARDEI ALB BIANCA,_PATRUNJEL RADACINA KG,_TELINA} => {_GULII}",0.000136177895020461,0.394366197183099,0.000345308233801883,33.4379276898504,140
"{_ARDEI ALB BIANCA,_GULII,_TELINA} => {_MORCOVI}",0.000151741083022799,0.735849056603774,0.000206212241030983,16.7671911892254,156
"{_ARDEI ALB BIANCA,_GULII,_MORCOVI} => {_TELINA}",0.000151741083022799,0.458823529411765,0.00033071774504969,31.0513678764903,156
"{_ARDEI ALB BIANCA,_MORCOVI,_TELINA} => {_GULII}",0.000151741083022799,0.37956204379562,0.000399779391810067,32.1826978704191,156
"{_ARDEI ALB BIANCA,_GULII,_PATRUNJEL RADACINA KG} => {_MORCOVI}",0.000210103038031568,0.779783393501805,0.000269437692290483,17.7682870252941,216
"{_ARDEI ALB BIANCA,_GULII,_MORCOVI} => {_PATRUNJEL RADACINA KG}",0.000210103038031568,0.635294117647059,0.00033071774504969,31.4956318487273,216
"{_ARDEI ALB BIANCA,_MORCOVI,_PATRUNJEL RADACINA KG} => {_GULII}",0.000210103038031568,0.347826086956522,0.000604046234340758,29.4918368444644,216
"{_ARDEI ALB BIANCA,_PATRUNJEL RADACINA KG,_TELINA} => {_MORCOVI}",0.000266519594540045,0.771830985915493,0.000345308233801883,17.5870820115516,274
"{_ARDEI ALB BIANCA,_MORCOVI,_TELINA} => {_PATRUNJEL RADACINA KG}",0.000266519594540045,0.666666666666667,0.000399779391810067,33.0509716931089,274
"{_ARDEI ALB BIANCA,_MORCOVI,_PATRUNJEL RADACINA KG} => {_TELINA}",0.000266519594540045,0.44122383252818,0.000604046234340758,29.8602897660292,274
"{_ARDEI ALB BIANCA,_CEAPA GALBENA,_PATRUNJEL RADACINA KG} => {_MORCOVI}",0.000153686481523091,0.81025641025641,0.000189676353778499,18.4626507585238,158
"{_ARDEI ALB BIANCA,_CEAPA GALBENA,_MORCOVI} => {_PATRUNJEL RADACINA KG}",0.000153686481523091,0.474474474474474,0.000323908850298667,23.5227636374379,158
"{_ARDEI ALB BIANCA,_MORCOVI,_PATRUNJEL RADACINA KG} => {_CEAPA GALBENA}",0.000153686481523091,0.254428341384863,0.000604046234340758,14.4921813752846,158
"{_ARDEI ALB BIANCA,_PATRUNJEL RADACINA KG,_ROSII VRAC} => {_MORCOVI}",0.000111860413766807,0.821428571428571,0.000136177895020461,18.7172216663606,115
"{_ARDEI ALB BIANCA,_MORCOVI,_ROSII VRAC} => {_PATRUNJEL RADACINA KG}",0.000111860413766807,0.406360424028269,0.00027527388779136,20.1459103076371,115
"{_ARDEI ALB BIANCA,_MORCOVI,_PATRUNJEL RADACINA KG} => {_ROSII VRAC}",0.000111860413766807,0.185185185185185,0.000604046234340758,9.10399664201309,115
"{_MORCOVI,_PATRUNJEL RADACINA KG,_ROSII VRAC} => {_ARDEI ALB BIANCA}",0.000111860413766807,0.168374816983895,0.000664353587849819,20.4610629990758,115
"{_CASTRAVETI FABIO,_PATRUNJEL RADACINA KG,_TELINA} => {_MORCOVI}",0.000109915015266515,0.758389261744966,0.000144932188271776,17.2807964261351,113
"{_CASTRAVETI FABIO,_MORCOVI,_TELINA} => {_PATRUNJEL RADACINA KG}",0.000109915015266515,0.624309392265193,0.000176058564276453,30.9510480772484,113
"{_CASTRAVETI FABIO,_MORCOVI,_PATRUNJEL RADACINA KG} => {_TELINA}",0.000109915015266515,0.426415094339623,0.000257765301288729,28.858092738625,113
"{_PATRUNJEL RADACINA KG,_TELINA,SMANTANA 20% GRASIME FRISS 170G} => {_MORCOVI}",0.000113805812267099,0.769736842105263,0.000147850286022215,17.5393644676766,117
"{_MORCOVI,_TELINA,SMANTANA 20% GRASIME FRISS 170G} => {_PATRUNJEL RADACINA KG}",0.000113805812267099,0.722222222222222,0.000157577278523676,35.8052193342013,117
"{_MORCOVI,_PATRUNJEL RADACINA KG,SMANTANA 20% GRASIME FRISS 170G} => {_TELINA}",0.000113805812267099,0.382352941176471,0.000297645970544721,25.8761398970753,117
"{_ARDEI GRAS ROMANIA,_GULII,_PATRUNJEL RADACINA KG} => {_MORCOVI}",0.000149795684522507,0.777777777777778,0.000192594451528937,17.722586698583,154
"{_ARDEI GRAS ROMANIA,_GULII,_MORCOVI} => {_PATRUNJEL RADACINA KG}",0.000149795684522507,0.603921568627451,0.000248038308787268,29.9402920043457,154
"{_ARDEI GRAS ROMANIA,_MORCOVI,_PATRUNJEL RADACINA KG} => {_GULII}",0.000149795684522507,0.307385229540918,0.00048732232432322,26.0628957343046,154
"{_ARDEI GRAS ROMANIA,_PATRUNJEL RADACINA KG,_TELINA} => {_MORCOVI}",0.000191621752278791,0.70863309352518,0.000270410391540629,16.1470432767665,197
"{_ARDEI GRAS ROMANIA,_MORCOVI,_TELINA} => {_PATRUNJEL RADACINA KG}",0.000191621752278791,0.617554858934169,0.000310291060796621,30.6161822423627,197
"{_ARDEI GRAS ROMANIA,_MORCOVI,_PATRUNJEL RADACINA KG} => {_TELINA}",0.000191621752278791,0.393213572854291,0.00048732232432322,26.6111446385092,197
"{_ARDEI GRAS ROMANIA,_CEAPA GALBENA,_PATRUNJEL RADACINA KG} => {_MORCOVI}",0.000101160722015199,0.77037037037037,0.00013131439876973,17.5538001585965,104
"{_ARDEI GRAS ROMANIA,_CEAPA GALBENA,_MORCOVI} => {_PATRUNJEL RADACINA KG}",0.000101160722015199,0.4,0.000252901805037998,19.8305830158654,104
"{_ARDEI GRAS ROMANIA,_MORCOVI,_PATRUNJEL RADACINA KG} => {_CEAPA GALBENA}",0.000101160722015199,0.207584830339321,0.00048732232432322,11.8239854713533,104
"{_PATRUNJEL RADACINA KG,_TELINA,DANONE ACTIVIA NATUR 125G} => {_MORCOVI}",0.000101160722015199,0.737588652482269,0.000137150594270607,16.8068299390817,104
"{_MORCOVI,_TELINA,DANONE ACTIVIA NATUR 125G} => {_PATRUNJEL RADACINA KG}",0.000101160722015199,0.619047619047619,0.000163413474024553,30.690188000744,104
"{_MORCOVI,_PATRUNJEL RADACINA KG,DANONE ACTIVIA NATUR 125G} => {_TELINA}",0.000101160722015199,0.419354838709677,0.000241229414036245,28.38028246776,104
"{_GULII,_TELINA,PASTE ATA PAIANJENULUI CU 8 OUA GYERMELYI 250G} => {_PATRUNJEL RADACINA KG}",0.000110887714516661,0.670588235294118,0.000165358872524845,33.2453891736566,114
"{_GULII,_PATRUNJEL RADACINA KG,PASTE ATA PAIANJENULUI CU 8 OUA GYERMELYI 250G} => {_TELINA}",0.000110887714516661,0.491379310344828,0.000225666226033906,33.2546148014137,114
"{_PATRUNJEL RADACINA KG,_TELINA,PASTE ATA PAIANJENULUI CU 8 OUA GYERMELYI 250G} => {_GULII}",0.000110887714516661,0.337278106508876,0.000328772346549398,28.5974838040627,114
"{_GULII,_TELINA,PASTE ATA PAIANJENULUI CU 8 OUA GYERMELYI 250G} => {_MORCOVI}",0.00013131439876973,0.794117647058823,0.000165358872524845,18.0949099485532,135
"{_GULII,_MORCOVI,PASTE ATA PAIANJENULUI CU 8 OUA GYERMELYI 250G} => {_TELINA}",0.00013131439876973,0.456081081081081,0.00028791897804326,30.8657697836735,135
"{_MORCOVI,_TELINA,PASTE ATA PAIANJENULUI CU 8 OUA GYERMELYI 250G} => {_GULII}",0.00013131439876973,0.330882352941176,0.000396861294059628,28.0551940570042,135
"{_GULII,_PATRUNJEL RADACINA KG,PASTE ATA PAIANJENULUI CU 8 OUA GYERMELYI 250G} => {_MORCOVI}",0.00018189475977733,0.806034482758621,0.000225666226033906,18.3664491463763,187
"{_GULII,_MORCOVI,PASTE ATA PAIANJENULUI CU 8 OUA GYERMELYI 250G} => {_PATRUNJEL RADACINA KG}",0.00018189475977733,0.631756756756757,0.00028791897804326,31.3202620267468,187
"{_MORCOVI,_PATRUNJEL RADACINA KG,PASTE ATA PAIANJENULUI CU 8 OUA GYERMELYI 250G} => {_GULII}",0.00018189475977733,0.313232830820771,0.00058070145233725,26.5587081800756,187
"{_PATRUNJEL RADACINA KG,_TELINA,PASTE ATA PAIANJENULUI CU 8 OUA GYERMELYI 250G} => {_MORCOVI}",0.000269437692290483,0.819526627218935,0.000328772346549398,18.6738836177377,277
"{_MORCOVI,_TELINA,PASTE ATA PAIANJENULUI CU 8 OUA GYERMELYI 250G} => {_PATRUNJEL RADACINA KG}",0.000269437692290483,0.678921568627451,0.000396861294059628,33.6585263198205,277
"{_MORCOVI,_PATRUNJEL RADACINA KG,PASTE ATA PAIANJENULUI CU 8 OUA GYERMELYI 250G} => {_TELINA}",0.000269437692290483,0.463986599664992,0.00058070145233725,31.4007841193989,277
"{_GULII,_TELINA,_USTUROI} => {_PATRUNJEL RADACINA KG}",0.000126450902518999,0.607476635514019,0.000208157639531276,30.1165396268983,130
"{_GULII,_PATRUNJEL RADACINA KG,_USTUROI} => {_TELINA}",0.000126450902518999,0.52,0.000243174812536537,35.1915502600224,130
"{_PATRUNJEL RADACINA KG,_TELINA,_USTUROI} => {_GULII}",0.000126450902518999,0.332480818414322,0.000380325406807144,28.1907263954439,130
"{_GULII,_TELINA,_USTUROI} => {_MORCOVI}",0.000167304271025137,0.803738317757009,0.000208157639531276,18.3141283106852,172
"{_GULII,_MORCOVI,_USTUROI} => {_TELINA}",0.000167304271025137,0.455026455026455,0.000367680316555244,30.7943968494294,172
"{_MORCOVI,_TELINA,_USTUROI} => {_GULII}",0.000167304271025137,0.326375711574953,0.00051261250482702,27.6730803028228,172
"{_CEAPA GALBENA,_GULII,_USTUROI} => {_MORCOVI}",0.000105051519015784,0.72972972972973,0.00014395948902163,16.6277550878597,108
"{_GULII,_MORCOVI,_USTUROI} => {_CEAPA GALBENA}",0.000105051519015784,0.285714285714286,0.000367680316555244,16.2742217613956,108
"{_CEAPA GALBENA,_MORCOVI,_USTUROI} => {_GULII}",0.000105051519015784,0.18815331010453,0.000558329369583889,15.9533368296275,108
"{_CEAPA GALBENA,_GULII,_MORCOVI} => {_USTUROI}",0.000105051519015784,0.117009750812568,0.000897801407884895,11.6405906220848,108
"{_GULII,_PATRUNJEL RADACINA KG,_USTUROI} => {_MORCOVI}",0.000200376045530107,0.824,0.000243174812536537,18.7758147080988,206
"{_GULII,_MORCOVI,_USTUROI} => {_PATRUNJEL RADACINA KG}",0.000200376045530107,0.544973544973545,0.000367680316555244,27.0178578126208,206
"{_MORCOVI,_PATRUNJEL RADACINA KG,_USTUROI} => {_GULII}",0.000200376045530107,0.287709497206704,0.000696452663104642,24.3946094568911,206
"{_CEAPA GALBENA,_TELINA,_USTUROI} => {_PATRUNJEL RADACINA KG}",0.000113805812267099,0.55188679245283,0.000206212241030983,27.3605921327388,117
"{_PATRUNJEL RADACINA KG,_TELINA,_USTUROI} => {_CEAPA GALBENA}",0.000113805812267099,0.29923273657289,0.000380325406807144,17.0442296963977,117
"{_CEAPA GALBENA,_PATRUNJEL RADACINA KG,_USTUROI} => {_TELINA}",0.000113805812267099,0.416370106761566,0.000273328489291068,28.178287574751,117
"{_CEAPA GALBENA,_PATRUNJEL RADACINA KG,_TELINA} => {_USTUROI}",0.000113805812267099,0.117706237424547,0.000966863054645271,11.7098798519781,117
"{_CEAPA GALBENA,_TELINA,_USTUROI} => {_MORCOVI}",0.000161468075524261,0.783018867924528,0.000206212241030983,17.8420111372527,166
"{_MORCOVI,_TELINA,_USTUROI} => {_CEAPA GALBENA}",0.000161468075524261,0.314990512333966,0.00051261250482702,17.941789076605,166
"{_CEAPA GALBENA,_MORCOVI,_USTUROI} => {_TELINA}",0.000161468075524261,0.289198606271777,0.000558329369583889,19.5718217071955,166
"{_CEAPA GALBENA,_MORCOVI,_TELINA} => {_USTUROI}",0.000161468075524261,0.126139817629179,0.00128007221319233,12.548885609694,166
"{_PATRUNJEL RADACINA KG,_TELINA,_USTUROI} => {_MORCOVI}",0.000299591369045014,0.78772378516624,0.000380325406807144,17.9492182420431,308
"{_MORCOVI,_TELINA,_USTUROI} => {_PATRUNJEL RADACINA KG}",0.000299591369045014,0.584440227703985,0.00051261250482702,28.9744761332378,308
"{_MORCOVI,_PATRUNJEL RADACINA KG,_USTUROI} => {_TELINA}",0.000299591369045014,0.430167597765363,0.000696452663104642,29.1120473788324,308
"{_CEAPA GALBENA,_PATRUNJEL RADACINA KG,_USTUROI} => {_MORCOVI}",0.00021204843653186,0.775800711743772,0.000273328489291068,17.6775369103303,218
"{_CEAPA GALBENA,_MORCOVI,_USTUROI} => {_PATRUNJEL RADACINA KG}",0.00021204843653186,0.379790940766551,0.000558329369583889,18.8286894488617,218
"{_MORCOVI,_PATRUNJEL RADACINA KG,_USTUROI} => {_CEAPA GALBENA}",0.00021204843653186,0.304469273743017,0.000696452663104642,17.3425016814872,218
"{_CEAPA GALBENA,_MORCOVI,_PATRUNJEL RADACINA KG} => {_USTUROI}",0.00021204843653186,0.112603305785124,0.00188314574828294,11.2022201246947,218
"{_MORCOVI,_PATRUNJEL RADACINA KG,_USTUROI} => {_BANANE}",0.000102133421265346,0.146648044692737,0.000696452663104642,2.13737492894691,105
"{_BANANE,_PATRUNJEL RADACINA KG,_USTUROI} => {_MORCOVI}",0.000102133421265346,0.719178082191781,0.000142014090521338,16.3873233171829,105
"{_BANANE,_MORCOVI,_USTUROI} => {_PATRUNJEL RADACINA KG}",0.000102133421265346,0.345394736842105,0.000295700572044429,17.1234475054758,105
"{_PATRUNJEL RADACINA KG,_TELINA,OUA PROASPETE M DIN GHEORGHENI 1*10} => {_MORCOVI}",0.000137150594270607,0.734375,0.00018675825602806,16.7336030658496,141
"{_MORCOVI,_TELINA,OUA PROASPETE M DIN GHEORGHENI 1*10} => {_PATRUNJEL RADACINA KG}",0.000137150594270607,0.652777777777778,0.000210103038031568,32.3624097828358,141
"{_MORCOVI,_PATRUNJEL RADACINA KG,OUA PROASPETE M DIN GHEORGHENI 1*10} => {_TELINA}",0.000137150594270607,0.390581717451524,0.000351144429302759,26.4330310391176,141
"{_ARDEI ROSU CALIFORNIA,_GULII,_TELINA} => {_PATRUNJEL RADACINA KG}",0.000105051519015784,0.553846153846154,0.000189676353778499,27.4577303296597,108
"{_ARDEI ROSU CALIFORNIA,_GULII,_PATRUNJEL RADACINA KG} => {_TELINA}",0.000105051519015784,0.534653465346535,0.000196485248529522,36.1832390335341,108
"{_ARDEI ROSU CALIFORNIA,_PATRUNJEL RADACINA KG,_TELINA} => {_GULII}",0.000105051519015784,0.334365325077399,0.000314181857797206,28.3505118891832,108
"{_ARDEI ROSU CALIFORNIA,_GULII,_TELINA} => {_MORCOVI}",0.000122560105518415,0.646153846153846,0.000189676353778499,14.7233797188228,126
"{_ARDEI ROSU CALIFORNIA,_GULII,_MORCOVI} => {_TELINA}",0.000122560105518415,0.454873646209386,0.000269437692290483,30.7840553510332,126
"{_ARDEI ROSU CALIFORNIA,_MORCOVI,_TELINA} => {_GULII}",0.000122560105518415,0.318181818181818,0.000385188903057875,26.978328022493,126
"{_ARDEI ROSU CALIFORNIA,_GULII,_PATRUNJEL RADACINA KG} => {_MORCOVI}",0.000148822985272361,0.757425742574257,0.000196485248529522,17.2588415020854,153
"{_ARDEI ROSU CALIFORNIA,_GULII,_MORCOVI} => {_PATRUNJEL RADACINA KG}",0.000148822985272361,0.552346570397112,0.000269437692290483,27.3833862944711,153
"{_ARDEI ROSU CALIFORNIA,_MORCOVI,_PATRUNJEL RADACINA KG} => {_GULII}",0.000148822985272361,0.270796460176991,0.000549575076332574,22.9605694370952,153
"{_ARDEI ROSU CALIFORNIA,_PATRUNJEL RADACINA KG,_TELINA} => {_MORCOVI}",0.000236365917785514,0.752321981424149,0.000314181857797206,17.1425462670504,243
"{_ARDEI ROSU CALIFORNIA,_MORCOVI,_TELINA} => {_PATRUNJEL RADACINA KG}",0.000236365917785514,0.613636363636364,0.000385188903057875,30.4219171266116,243
"{_ARDEI ROSU CALIFORNIA,_MORCOVI,_PATRUNJEL RADACINA KG} => {_TELINA}",0.000236365917785514,0.430088495575221,0.000549575076332574,29.1066940544093,243
"{_ARDEI ROSU CALIFORNIA,_CEAPA GALBENA,_PATRUNJEL RADACINA KG} => {_MORCOVI}",0.000107969616766222,0.787234042553192,0.000137150594270607,17.9380588772892,111
"{_ARDEI ROSU CALIFORNIA,_CEAPA GALBENA,_MORCOVI} => {_PATRUNJEL RADACINA KG}",0.000107969616766222,0.37123745819398,0.000290837075793698,18.4046380832864,111
"{_ARDEI ROSU CALIFORNIA,_MORCOVI,_PATRUNJEL RADACINA KG} => {_CEAPA GALBENA}",0.000107969616766222,0.19646017699115,0.000549575076332574,11.1903277067295,111
"{_GULII,_PATRUNJEL RADACINA KG,PIEPT DE PUI FARA OS REFR.VRAC SZEKELY CSURKE} => {_MORCOVI}",0.000107969616766222,0.78169014084507,0.000138123293520753,17.8117345189984,111
"{_GULII,_MORCOVI,PIEPT DE PUI FARA OS REFR.VRAC SZEKELY CSURKE} => {_PATRUNJEL RADACINA KG}",0.000107969616766222,0.528571428571429,0.000204266842530691,26.2046989852507,111
"{_MORCOVI,_PATRUNJEL RADACINA KG,PIEPT DE PUI FARA OS REFR.VRAC SZEKELY CSURKE} => {_GULII}",0.000107969616766222,0.242888402625821,0.00044452355731679,20.5942722822532,111
"{_GULII,_PATRUNJEL RADACINA KG,GOBE 10 OUA PROASPETE L} => {_MORCOVI}",0.000133259797270022,0.752747252747253,0.000177031263526599,17.1522365772,137
"{_GULII,_MORCOVI,GOBE 10 OUA PROASPETE L} => {_PATRUNJEL RADACINA KG}",0.000133259797270022,0.566115702479339,0.000235393218535368,28.0660110865037,137
"{_MORCOVI,_PATRUNJEL RADACINA KG,GOBE 10 OUA PROASPETE L} => {_GULII}",0.000133259797270022,0.288421052631579,0.00046203214381942,24.4549415518177,137
"{_CEAPA GALBENA,_GULII,_TELINA} => {_PATRUNJEL RADACINA KG}",0.000348226331552321,0.688461538461538,0.000505803610075997,34.1314842292298,358
"{_GULII,_PATRUNJEL RADACINA KG,_TELINA} => {_CEAPA GALBENA}",0.000348226331552321,0.165205353022612,0.0021078392750667,9.4100599294087,358
"{_CEAPA GALBENA,_GULII,_PATRUNJEL RADACINA KG} => {_TELINA}",0.000348226331552321,0.528023598820059,0.000659490091599088,35.7345558006808,358
"{_CEAPA GALBENA,_PATRUNJEL RADACINA KG,_TELINA} => {_GULII}",0.000348226331552321,0.360160965794769,0.000966863054645271,30.5376992677716,358
"{_CEAPA GALBENA,_GULII,_TELINA} => {_MORCOVI}",0.000401724790310359,0.794230769230769,0.000505803610075997,18.097487571053,413
"{_GULII,_MORCOVI,_TELINA} => {_CEAPA GALBENA}",0.000401724790310359,0.171725571725572,0.00233934169660149,9.78145012727538,413
"{_CEAPA GALBENA,_GULII,_MORCOVI} => {_TELINA}",0.000401724790310359,0.447453954496208,0.000897801407884895,30.2819198628828,413
"{_CEAPA GALBENA,_MORCOVI,_TELINA} => {_GULII}",0.000401724790310359,0.313829787234043,0.00128007221319233,26.6093235358631,413
"{_ARDEI ROSU CAPIA,_GULII,_TELINA} => {_PATRUNJEL RADACINA KG}",0.000154659180773238,0.62109375,0.000249011008037414,30.7916279250253,159
"{_ARDEI ROSU CAPIA,_GULII,_PATRUNJEL RADACINA KG} => {_TELINA}",0.000154659180773238,0.483282674772036,0.000320018053298083,32.7066664212273,159
"{_ARDEI ROSU CAPIA,_PATRUNJEL RADACINA KG,_TELINA} => {_GULII}",0.000154659180773238,0.321862348178138,0.000480513429572197,27.2903965941817,159
"{_ARDEI ROSU CAPIA,_GULII,_TELINA} => {_MORCOVI}",0.000165358872524845,0.6640625,0.000249011008037414,15.1314495808214,170
"{_ARDEI ROSU CAPIA,_GULII,_MORCOVI} => {_TELINA}",0.000165358872524845,0.403800475059382,0.000409506384311528,27.3276244482176,170
"{_ARDEI ROSU CAPIA,_MORCOVI,_TELINA} => {_GULII}",0.000165358872524845,0.285234899328859,0.000579728753087104,24.1847907008925,170
"{_GULII,_ROSII VRAC,_TELINA} => {_PATRUNJEL RADACINA KG}",0.000138123293520753,0.663551401869159,0.000208157639531276,32.8965279001505,142
"{_GULII,_PATRUNJEL RADACINA KG,_ROSII VRAC} => {_TELINA}",0.000138123293520753,0.501766784452297,0.00027527388779136,33.9575981035823,142
"{_PATRUNJEL RADACINA KG,_ROSII VRAC,_TELINA} => {_GULII}",0.000138123293520753,0.403409090909091,0.000342390136051444,34.2046658856607,142
"{_GULII,_ROSII VRAC,_TELINA} => {_MORCOVI}",0.000151741083022799,0.728971962616822,0.000208157639531276,16.6104884678308,156
"{_GULII,_MORCOVI,_ROSII VRAC} => {_TELINA}",0.000151741083022799,0.429752066115702,0.000353089827803052,29.0839258347292,156
"{_MORCOVI,_ROSII VRAC,_TELINA} => {_GULII}",0.000151741083022799,0.372315035799523,0.000407560985811236,31.5682310853037,156
"{_GULII,_TELINA,LAPTE DE CONSUM 3.5% GRASIME FRISS CUTIE 1L} => {_PATRUNJEL RADACINA KG}",0.000102133421265346,0.648148148148148,0.000157577278523676,32.1328891460781,105
"{_GULII,_PATRUNJEL RADACINA KG,LAPTE DE CONSUM 3.5% GRASIME FRISS CUTIE 1L} => {_TELINA}",0.000102133421265346,0.488372093023256,0.000209130338781422,33.051098186962,105
"{_PATRUNJEL RADACINA KG,_TELINA,LAPTE DE CONSUM 3.5% GRASIME FRISS CUTIE 1L} => {_GULII}",0.000102133421265346,0.325077399380805,0.000314181857797206,27.5629976700393,105
"{_GULII,_LAMAIE^2 A nu se consuma coaja,_TELINA} => {_PATRUNJEL RADACINA KG}",0.000151741083022799,0.571428571428571,0.000265546895289898,28.3294043083791,156
"{_GULII,_LAMAIE^2 A nu se consuma coaja,_PATRUNJEL RADACINA KG} => {_TELINA}",0.000151741083022799,0.464285714285714,0.000326826948049106,31.4210270178771,156
"{_LAMAIE^2 A nu se consuma coaja,_PATRUNJEL RADACINA KG,_TELINA} => {_GULII}",0.000151741083022799,0.304093567251462,0.000498994715324974,25.7837988786399,156
"{_GULII,_TELINA,SMANTANA 20% GRASIME FRISS 300G} => {_PATRUNJEL RADACINA KG}",0.000142014090521338,0.568093385214008,0.00024998370728756,28.1640575906259,146
"{_GULII,_PATRUNJEL RADACINA KG,SMANTANA 20% GRASIME FRISS 300G} => {_TELINA}",0.000142014090521338,0.45625,0.000311263760046767,30.87720155026,146
"{_PATRUNJEL RADACINA KG,_TELINA,SMANTANA 20% GRASIME FRISS 300G} => {_GULII}",0.000142014090521338,0.314655172413793,0.000451332452067813,26.6793071453964,146
"{_GULII,_PATRUNJEL RADACINA KG,_TELINA} => {_MORCOVI}",0.00165942492074933,0.787263497923396,0.0021078392750667,17.938730052742,1706
"{_GULII,_MORCOVI,_TELINA} => {_PATRUNJEL RADACINA KG}",0.00165942492074933,0.709355509355509,0.00233934169660149,35.1673332900897,1706
"{_GULII,_MORCOVI,_PATRUNJEL RADACINA KG} => {_TELINA}",0.00165942492074933,0.488265598168289,0.00339861118001064,33.04389103496,1706
"{_MORCOVI,_PATRUNJEL RADACINA KG,_TELINA} => {_GULII}",0.00165942492074933,0.333594055533829,0.0049743839652474,28.2851166919997,1706
"{_GULII,_PATRUNJEL RADACINA KG,_TELINA} => {_BANANE}",0.00024998370728756,0.118597138901707,0.0021078392750667,1.72853686433023,257
"{_BANANE,_GULII,_TELINA} => {_PATRUNJEL RADACINA KG}",0.00024998370728756,0.594907407407407,0.000420206076063136,29.4934018233646,257
"{_BANANE,_GULII,_PATRUNJEL RADACINA KG} => {_TELINA}",0.00024998370728756,0.488593155893536,0.000511639805576874,33.0660588506352,257
"{_BANANE,_PATRUNJEL RADACINA KG,_TELINA} => {_GULII}",0.00024998370728756,0.298837209302326,0.000836521355125687,25.3381173819228,257
"{_GULII,_TELINA,LAPTE DE CONSUM 1.5% GRASIME FRISS CUTIE 1L} => {_MORCOVI}",0.000102133421265346,0.673076923076923,0.000151741083022799,15.3368538737737,105
"{_GULII,_MORCOVI,LAPTE DE CONSUM 1.5% GRASIME FRISS CUTIE 1L} => {_TELINA}",0.000102133421265346,0.380434782608696,0.000268464993040337,25.7463264862204,105
"{_MORCOVI,_TELINA,LAPTE DE CONSUM 1.5% GRASIME FRISS CUTIE 1L} => {_GULII}",0.000102133421265346,0.306122448979592,0.000333635842800129,25.9558257942352,105
"{_GULII,_TELINA,LAPTE DE CONSUM 3.5% GRASIME FRISS CUTIE 1L} => {_MORCOVI}",0.000116723910017538,0.740740740740741,0.000157577278523676,16.8786539986505,120
"{_GULII,_MORCOVI,LAPTE DE CONSUM 3.5% GRASIME FRISS CUTIE 1L} => {_TELINA}",0.000116723910017538,0.398671096345515,0.000292782474293991,26.9804883158873,120
"{_MORCOVI,_TELINA,LAPTE DE CONSUM 3.5% GRASIME FRISS CUTIE 1L} => {_GULII}",0.000116723910017538,0.285714285714286,0.000408533685061382,24.2254374079529,120
"{_GULII,_LAMAIE^2 A nu se consuma coaja,_TELINA} => {_MORCOVI}",0.000183840158277622,0.692307692307692,0.000265546895289898,15.7750496987387,189
"{_GULII,_LAMAIE^2 A nu se consuma coaja,_MORCOVI} => {_TELINA}",0.000183840158277622,0.402985074626866,0.000456195948318543,27.2724413610966,189
"{_LAMAIE^2 A nu se consuma coaja,_MORCOVI,_TELINA} => {_GULII}",0.000183840158277622,0.288109756097561,0.000638090708095873,24.4285470203671,189
"{_GULII,_TELINA,SMANTANA 20% GRASIME FRISS 300G} => {_MORCOVI}",0.000166331571774991,0.665369649805447,0.00024998370728756,15.1612345353636,171
"{_GULII,_MORCOVI,SMANTANA 20% GRASIME FRISS 300G} => {_TELINA}",0.000166331571774991,0.386004514672686,0.000430905767814744,26.1232639974988,171
"{_MORCOVI,_TELINA,SMANTANA 20% GRASIME FRISS 300G} => {_GULII}",0.000166331571774991,0.291808873720137,0.000570001760585643,24.7421916188734,171
"{_GULII,_MORCOVI,_TELINA} => {_BANANE}",0.000273328489291068,0.116839916839917,0.00233934169660149,1.70292559629503,281
"{_BANANE,_GULII,_TELINA} => {_MORCOVI}",0.000273328489291068,0.650462962962963,0.000420206076063136,14.8215680425649,281
"{_BANANE,_GULII,_MORCOVI} => {_TELINA}",0.000273328489291068,0.403156384505022,0.000677971377351865,27.2840349383796,281
"{_BANANE,_MORCOVI,_TELINA} => {_GULII}",0.000273328489291068,0.281,0.000972699250146148,23.8257176907217,281
"{_CEAPA GALBENA,_GULII,_PATRUNJEL RADACINA KG} => {_MORCOVI}",0.000553465873333158,0.839233038348083,0.000659490091599088,19.1229175059931,569
"{_CEAPA GALBENA,_GULII,_MORCOVI} => {_PATRUNJEL RADACINA KG}",0.000553465873333158,0.61646803900325,0.000897801407884895,30.5623015602042,569
"{_GULII,_MORCOVI,_PATRUNJEL RADACINA KG} => {_CEAPA GALBENA}",0.000553465873333158,0.162850601030338,0.00339861118001064,9.27593378300494,569
"{_CEAPA GALBENA,_MORCOVI,_PATRUNJEL RADACINA KG} => {_GULII}",0.000553465873333158,0.293904958677686,0.00188314574828294,24.9199166311664,569
"{_CEAPA GALBENA,_GULII,_MORCOVI} => {_BANANE}",0.000103106120515492,0.114842903575298,0.000897801407884895,1.67381940470882,106
"{_BANANE,_CEAPA GALBENA,_GULII} => {_MORCOVI}",0.000103106120515492,0.658385093167702,0.00015660457927353,15.0020831503533,106
"{_BANANE,_GULII,_MORCOVI} => {_CEAPA GALBENA}",0.000103106120515492,0.152080344332855,0.000677971377351865,8.66246237227798,106
"{_BANANE,_CEAPA GALBENA,_MORCOVI} => {_GULII}",0.000103106120515492,0.154970760233918,0.000665326287099965,13.1398205823838,106
"{_ARDEI ROSU CAPIA,_GULII,_PATRUNJEL RADACINA KG} => {_MORCOVI}",0.000240256714786099,0.750759878419453,0.000320018053298083,17.1069519022796,247
"{_ARDEI ROSU CAPIA,_GULII,_MORCOVI} => {_PATRUNJEL RADACINA KG}",0.000240256714786099,0.586698337292161,0.000409506384311528,29.086425207356,247
"{_ARDEI ROSU CAPIA,_MORCOVI,_PATRUNJEL RADACINA KG} => {_GULII}",0.000240256714786099,0.276595744680851,0.00086862043038051,23.4522851502522,247
"{_GULII,_PATRUNJEL RADACINA KG,UNT 65% GRASIME FRISS 180G} => {_MORCOVI}",0.000119642007767976,0.75,0.000159522677023968,17.0896371736336,123
"{_GULII,_MORCOVI,UNT 65% GRASIME FRISS 180G} => {_PATRUNJEL RADACINA KG}",0.000119642007767976,0.602941176470588,0.000198430647029814,29.8916876342088,123
"{_MORCOVI,_PATRUNJEL RADACINA KG,UNT 65% GRASIME FRISS 180G} => {_GULII}",0.000119642007767976,0.25625,0.000466895640070151,21.7271891752577,123
"{_GULII,_PATRUNJEL RADACINA KG,_ROSII VRAC} => {_MORCOVI}",0.000211075737281714,0.76678445229682,0.00027527388779136,17.4720907735147,217
"{_GULII,_MORCOVI,_ROSII VRAC} => {_PATRUNJEL RADACINA KG}",0.000211075737281714,0.597796143250689,0.000353089827803052,29.6366151132423,217
"{_MORCOVI,_PATRUNJEL RADACINA KG,_ROSII VRAC} => {_GULII}",0.000211075737281714,0.317715959004392,0.000664353587849819,26.9388282742902,217
"{_GULII,_PATRUNJEL RADACINA KG,LAPTE DE CONSUM 1.5% GRASIME FRISS CUTIE 1L} => {_MORCOVI}",0.000160495376274114,0.774647887323944,0.00020718494028113,17.6512684422506,165
"{_GULII,_MORCOVI,LAPTE DE CONSUM 1.5% GRASIME FRISS CUTIE 1L} => {_PATRUNJEL RADACINA KG}",0.000160495376274114,0.597826086956522,0.000268464993040337,29.6380996161031,165
"{_MORCOVI,_PATRUNJEL RADACINA KG,LAPTE DE CONSUM 1.5% GRASIME FRISS CUTIE 1L} => {_GULII}",0.000160495376274114,0.295169946332737,0.000543738880831697,25.0271737085739,165
"{_GULII,_PATRUNJEL RADACINA KG,CARNE TOCATA PORC VRAC} => {_MORCOVI}",0.000120614707018122,0.729411764705882,0.000165358872524845,16.6205098786711,124
"{_GULII,_MORCOVI,CARNE TOCATA PORC VRAC} => {_PATRUNJEL RADACINA KG}",0.000120614707018122,0.482490272373541,0.00024998370728756,23.9201585016275,124
"{_MORCOVI,_PATRUNJEL RADACINA KG,CARNE TOCATA PORC VRAC} => {_GULII}",0.000120614707018122,0.231775700934579,0.000520394098828189,19.6520370748627,124
"{_GULII,_PATRUNJEL RADACINA KG,LAPTE DE CONSUM 3.5% GRASIME FRISS CUTIE 1L} => {_MORCOVI}",0.000165358872524845,0.790697674418605,0.000209130338781422,18.0169818264664,170
"{_GULII,_MORCOVI,LAPTE DE CONSUM 3.5% GRASIME FRISS CUTIE 1L} => {_PATRUNJEL RADACINA KG}",0.000165358872524845,0.564784053156146,0.000292782474293991,27.9999926303747,170
"{_MORCOVI,_PATRUNJEL RADACINA KG,LAPTE DE CONSUM 3.5% GRASIME FRISS CUTIE 1L} => {_GULII}",0.000165358872524845,0.261538461538462,0.000632254512594996,22.175592704203,170
"{_GULII,_LAMAIE^2 A nu se consuma coaja,_PATRUNJEL RADACINA KG} => {_MORCOVI}",0.000250956406537706,0.767857142857143,0.000326826948049106,17.4965332968153,258
"{_GULII,_LAMAIE^2 A nu se consuma coaja,_MORCOVI} => {_PATRUNJEL RADACINA KG}",0.000250956406537706,0.550106609808102,0.000456195948318543,27.2723369834396,258
"{_LAMAIE^2 A nu se consuma coaja,_MORCOVI,_PATRUNJEL RADACINA KG} => {_GULII}",0.000250956406537706,0.253189401373896,0.000991180535898925,21.4676839836913,258
"{_GULII,_PATRUNJEL RADACINA KG,SMANTANA 20% GRASIME FRISS 300G} => {_MORCOVI}",0.000239284015535952,0.76875,0.000311263760046767,17.5168781029744,246
"{_GULII,_MORCOVI,SMANTANA 20% GRASIME FRISS 300G} => {_PATRUNJEL RADACINA KG}",0.000239284015535952,0.55530474040632,0.000430905767814744,27.5300418843278,246
"{_MORCOVI,_PATRUNJEL RADACINA KG,SMANTANA 20% GRASIME FRISS 300G} => {_GULII}",0.000239284015535952,0.261424017003188,0.000915309994387525,22.1658890629622,246
"{_GULII,_MORCOVI,_PATRUNJEL RADACINA KG} => {_BANANE}",0.000365734918054952,0.107613050944476,0.00339861118001064,1.56844530452578,376
"{_BANANE,_GULII,_PATRUNJEL RADACINA KG} => {_MORCOVI}",0.000365734918054952,0.714828897338403,0.000511639805576874,16.2882219956558,376
"{_BANANE,_GULII,_MORCOVI} => {_PATRUNJEL RADACINA KG}",0.000365734918054952,0.539454806312769,0.000677971377351865,26.7442582997323,376
"{_BANANE,_MORCOVI,_PATRUNJEL RADACINA KG} => {_GULII}",0.000365734918054952,0.232961586121437,0.00156993658973588,19.7525871306481,376
"{_PATRUNJEL RADACINA KG,_TELINA,PIEPT DE PUI FARA OS REFR.VRAC SZEKELY CSURKE} => {_MORCOVI}",0.000166331571774991,0.753303964757709,0.000220802729783176,17.1649219188919,171
"{_MORCOVI,_TELINA,PIEPT DE PUI FARA OS REFR.VRAC SZEKELY CSURKE} => {_PATRUNJEL RADACINA KG}",0.000166331571774991,0.583617747440273,0.000285000880292821,28.9337004753667,171
"{_MORCOVI,_PATRUNJEL RADACINA KG,PIEPT DE PUI FARA OS REFR.VRAC SZEKELY CSURKE} => {_TELINA}",0.000166331571774991,0.37417943107221,0.00044452355731679,25.3229889516236,171
"{_PATRUNJEL RADACINA KG,_TELINA,GOBE 10 OUA PROASPETE L} => {_MORCOVI}",0.000187730955278207,0.739463601532567,0.000253874504288145,16.8495528710666,193
"{_MORCOVI,_TELINA,GOBE 10 OUA PROASPETE L} => {_PATRUNJEL RADACINA KG}",0.000187730955278207,0.656462585034014,0.000285973579542968,32.5450894733165,193
"{_MORCOVI,_PATRUNJEL RADACINA KG,GOBE 10 OUA PROASPETE L} => {_TELINA}",0.000187730955278207,0.406315789473684,0.00046203214381942,27.497851012892,193
"{_ARDEI ROSU CAPIA,_CEAPA GALBENA,_TELINA} => {_MORCOVI}",0.000116723910017538,0.731707317073171,0.000159522677023968,16.6728167547645,120
"{_ARDEI ROSU CAPIA,_MORCOVI,_TELINA} => {_CEAPA GALBENA}",0.000116723910017538,0.201342281879195,0.000579728753087104,11.468411308366,120
"{_ARDEI ROSU CAPIA,_CEAPA GALBENA,_MORCOVI} => {_TELINA}",0.000116723910017538,0.264900662251656,0.000440632760316205,17.9274326337353,120
"{_CEAPA GALBENA,_PATRUNJEL RADACINA KG,_TELINA} => {_MORCOVI}",0.00080053148287028,0.827967806841046,0.000966863054645271,18.8662258804835,823
"{_CEAPA GALBENA,_MORCOVI,_TELINA} => {_PATRUNJEL RADACINA KG}",0.00080053148287028,0.625379939209726,0.00128007221319233,31.0041220023883,823
"{_MORCOVI,_PATRUNJEL RADACINA KG,_TELINA} => {_CEAPA GALBENA}",0.00080053148287028,0.160930778255768,0.0049743839652474,9.16658110748923,823
"{_CEAPA GALBENA,_MORCOVI,_PATRUNJEL RADACINA KG} => {_TELINA}",0.00080053148287028,0.425103305785124,0.00188314574828294,28.7693160600747,823
"{_CEAPA GALBENA,_PATRUNJEL RADACINA KG,_TELINA} => {_BANANE}",0.000115751210767392,0.119718309859155,0.000966863054645271,1.74487777566344,119
"{_BANANE,_CEAPA GALBENA,_TELINA} => {_PATRUNJEL RADACINA KG}",0.000115751210767392,0.55607476635514,0.000208157639531276,27.5682170430839,119
"{_BANANE,_PATRUNJEL RADACINA KG,_TELINA} => {_CEAPA GALBENA}",0.000115751210767392,0.138372093023256,0.000836521355125687,7.88164344607122,119
"{_BANANE,_CEAPA GALBENA,_PATRUNJEL RADACINA KG} => {_TELINA}",0.000115751210767392,0.353115727002967,0.000327799647299252,23.8974804892871,119
"{_CEAPA GALBENA,_LAMAIE^2 A nu se consuma coaja,_TELINA} => {_MORCOVI}",0.000114778511517245,0.742138364779874,0.000154659180773238,16.910500515629,118
"{_LAMAIE^2 A nu se consuma coaja,_MORCOVI,_TELINA} => {_CEAPA GALBENA}",0.000114778511517245,0.179878048780488,0.000638090708095873,10.2458133955128,118
"{_CEAPA GALBENA,_LAMAIE^2 A nu se consuma coaja,_MORCOVI} => {_TELINA}",0.000114778511517245,0.261640798226164,0.000438687361815913,17.706817886247,118
"{_CEAPA GALBENA,_TELINA,SMANTANA 20% GRASIME FRISS 300G} => {_MORCOVI}",0.00010602421826593,0.746575342465753,0.000142014090521338,17.0116023006946,109
"{_MORCOVI,_TELINA,SMANTANA 20% GRASIME FRISS 300G} => {_CEAPA GALBENA}",0.00010602421826593,0.186006825938567,0.000570001760585643,10.5949071706014,109
"{_CEAPA GALBENA,_MORCOVI,SMANTANA 20% GRASIME FRISS 300G} => {_TELINA}",0.00010602421826593,0.263285024154589,0.000402697489560505,17.8180926158605,109
"{_CEAPA GALBENA,_MORCOVI,_TELINA} => {_BANANE}",0.000157577278523676,0.123100303951368,0.00128007221319233,1.79416987088154,162
"{_BANANE,_CEAPA GALBENA,_TELINA} => {_MORCOVI}",0.000157577278523676,0.757009345794392,0.000208157639531276,17.2493534089012,162
"{_BANANE,_MORCOVI,_TELINA} => {_CEAPA GALBENA}",0.000157577278523676,0.162,0.000972699250146148,9.22748373871129,162
"{_BANANE,_CEAPA GALBENA,_MORCOVI} => {_TELINA}",0.000157577278523676,0.236842105263158,0.000665326287099965,16.0285400981883,162
"{_ARDEI ROSU CAPIA,_PATRUNJEL RADACINA KG,_TELINA} => {_MORCOVI}",0.000356980624803636,0.742914979757085,0.000480513429572197,16.9281966065412,367
"{_ARDEI ROSU CAPIA,_MORCOVI,_TELINA} => {_PATRUNJEL RADACINA KG}",0.000356980624803636,0.615771812080537,0.000579728753087104,30.5277850957323,367
"{_ARDEI ROSU CAPIA,_MORCOVI,_PATRUNJEL RADACINA KG} => {_TELINA}",0.000356980624803636,0.410974244120941,0.00086862043038051,27.8131168606861,367
"{_PATRUNJEL RADACINA KG,_TELINA,UNT 65% GRASIME FRISS 180G} => {_MORCOVI}",0.000172167767275868,0.783185840707965,0.000219830030533029,17.8458158096351,177
"{_MORCOVI,_TELINA,UNT 65% GRASIME FRISS 180G} => {_PATRUNJEL RADACINA KG}",0.000172167767275868,0.625441696113074,0.00027527388779136,31.0071836908849,177
"{_MORCOVI,_PATRUNJEL RADACINA KG,UNT 65% GRASIME FRISS 180G} => {_TELINA}",0.000172167767275868,0.36875,0.000466895640070151,24.9555464584293,177
"{_PATRUNJEL RADACINA KG,_ROSII VRAC,_TELINA} => {_MORCOVI}",0.000251929105787852,0.735795454545455,0.000342390136051444,16.7659698029208,259
"{_MORCOVI,_ROSII VRAC,_TELINA} => {_PATRUNJEL RADACINA KG}",0.000251929105787852,0.618138424821002,0.000407560985811236,30.6451133717728,259
"{_MORCOVI,_PATRUNJEL RADACINA KG,_ROSII VRAC} => {_TELINA}",0.000251929105787852,0.379209370424597,0.000664353587849819,25.6633954199397,259
"{_PATRUNJEL RADACINA KG,_TELINA,LAPTE DE CONSUM 1.5% GRASIME FRISS CUTIE 1L} => {_MORCOVI}",0.000208157639531276,0.756183745583039,0.00027527388779136,17.2305411314845,214
"{_MORCOVI,_TELINA,LAPTE DE CONSUM 1.5% GRASIME FRISS CUTIE 1L} => {_PATRUNJEL RADACINA KG}",0.000208157639531276,0.623906705539359,0.000333635842800129,30.9310842958833,214
"{_MORCOVI,_PATRUNJEL RADACINA KG,LAPTE DE CONSUM 1.5% GRASIME FRISS CUTIE 1L} => {_TELINA}",0.000208157639531276,0.382826475849732,0.000543738880831697,25.908186857179,214
"{_PATRUNJEL RADACINA KG,_TELINA,CARNE TOCATA PORC VRAC} => {_MORCOVI}",0.000183840158277622,0.72972972972973,0.000251929105787852,16.6277550878597,189
"{_MORCOVI,_TELINA,CARNE TOCATA PORC VRAC} => {_PATRUNJEL RADACINA KG}",0.000183840158277622,0.5625,0.000326826948049106,27.8867573660607,189
"{_MORCOVI,_PATRUNJEL RADACINA KG,CARNE TOCATA PORC VRAC} => {_TELINA}",0.000183840158277622,0.353271028037383,0.000520394098828189,23.9079906511295,189
"{_PATRUNJEL RADACINA KG,_TELINA,LAPTE DE CONSUM 3.5% GRASIME FRISS CUTIE 1L} => {_MORCOVI}",0.000242202113286391,0.770897832817337,0.000314181857797206,17.565819014385,249
"{_MORCOVI,_TELINA,LAPTE DE CONSUM 3.5% GRASIME FRISS CUTIE 1L} => {_PATRUNJEL RADACINA KG}",0.000242202113286391,0.592857142857143,0.000408533685061382,29.3917569699433,249
"{_MORCOVI,_PATRUNJEL RADACINA KG,LAPTE DE CONSUM 3.5% GRASIME FRISS CUTIE 1L} => {_TELINA}",0.000242202113286391,0.383076923076923,0.000632254512594996,25.9251361383005,249
"{_LAMAIE^2 A nu se consuma coaja,_PATRUNJEL RADACINA KG,_TELINA} => {_MORCOVI}",0.000377407309056705,0.756335282651072,0.000498994715324974,17.2339940828326,388
"{_LAMAIE^2 A nu se consuma coaja,_MORCOVI,_TELINA} => {_PATRUNJEL RADACINA KG}",0.000377407309056705,0.591463414634146,0.000638090708095873,29.3226608618741,388
"{_LAMAIE^2 A nu se consuma coaja,_MORCOVI,_PATRUNJEL RADACINA KG} => {_TELINA}",0.000377407309056705,0.380765456329735,0.000991180535898925,25.7687051802081,388
"{_PATRUNJEL RADACINA KG,_TELINA,SMANTANA 20% GRASIME FRISS 300G} => {_MORCOVI}",0.000337526639800713,0.747844827586207,0.000451332452067813,17.0405290208358,347
"{_MORCOVI,_TELINA,SMANTANA 20% GRASIME FRISS 300G} => {_PATRUNJEL RADACINA KG}",0.000337526639800713,0.592150170648464,0.000570001760585643,29.356707792258,347
"{_MORCOVI,_PATRUNJEL RADACINA KG,SMANTANA 20% GRASIME FRISS 300G} => {_TELINA}",0.000337526639800713,0.368756641870351,0.000915309994387525,24.9559959540337,347
"{_MORCOVI,_PATRUNJEL RADACINA KG,_TELINA} => {_BANANE}",0.000589455745588566,0.118498240125147,0.0049743839652474,1.72709542836723,606
"{_BANANE,_PATRUNJEL RADACINA KG,_TELINA} => {_MORCOVI}",0.000589455745588566,0.704651162790698,0.000836521355125687,16.0563102747627,606
"{_BANANE,_MORCOVI,_TELINA} => {_PATRUNJEL RADACINA KG}",0.000589455745588566,0.606,0.000972699250146148,30.043333269036,606
"{_BANANE,_MORCOVI,_PATRUNJEL RADACINA KG} => {_TELINA}",0.000589455745588566,0.37546468401487,0.00156993658973588,25.4099698045629,606
"{_LAMAIE^2 A nu se consuma coaja,_MORCOVI,_TELINA} => {_BANANE}",0.000121587406268269,0.190548780487805,0.000638090708095873,2.77722206940692,125
"{_BANANE,_LAMAIE^2 A nu se consuma coaja,_TELINA} => {_MORCOVI}",0.000121587406268269,0.573394495412844,0.00021204843653186,13.0654718452856,125
"{_BANANE,_MORCOVI,_TELINA} => {_LAMAIE^2 A nu se consuma coaja}",0.000121587406268269,0.125,0.000972699250146148,4.51810199346061,125
"{_BANANE,_LAMAIE^2 A nu se consuma coaja,_MORCOVI} => {_TELINA}",0.000121587406268269,0.224416517055655,0.000541793482331404,15.1876252675832,125
"{_ARDEI ROSU CAPIA,_CEAPA GALBENA,_PATRUNJEL RADACINA KG} => {_MORCOVI}",0.000153686481523091,0.748815165876777,0.000205239541780837,17.0626393265978,158
"{_ARDEI ROSU CAPIA,_CEAPA GALBENA,_MORCOVI} => {_PATRUNJEL RADACINA KG}",0.000153686481523091,0.34878587196468,0.000440632760316205,17.2915679718914,158
"{_ARDEI ROSU CAPIA,_MORCOVI,_PATRUNJEL RADACINA KG} => {_CEAPA GALBENA}",0.000153686481523091,0.176931690929451,0.00086862043038051,10.0779895118161,158
"{_CEAPA GALBENA,_PATRUNJEL RADACINA KG,_ROSII VRAC} => {_MORCOVI}",0.000145904887521922,0.72463768115942,0.000201348744780253,16.5117267378102,150
"{_CEAPA GALBENA,_MORCOVI,_ROSII VRAC} => {_PATRUNJEL RADACINA KG}",0.000145904887521922,0.379746835443038,0.000384216203807728,18.8265028631633,150
"{_MORCOVI,_PATRUNJEL RADACINA KG,_ROSII VRAC} => {_CEAPA GALBENA}",0.000145904887521922,0.219619326500732,0.000664353587849819,12.5094676789644,150
"{_CEAPA GALBENA,_LAMAIE^2 A nu se consuma coaja,_PATRUNJEL RADACINA KG} => {_MORCOVI}",0.000170222368775576,0.741525423728814,0.000229557023034491,16.8965339287338,175
"{_CEAPA GALBENA,_LAMAIE^2 A nu se consuma coaja,_MORCOVI} => {_PATRUNJEL RADACINA KG}",0.000170222368775576,0.388026607538803,0.000438687361815913,19.2369846329071,175
"{_LAMAIE^2 A nu se consuma coaja,_MORCOVI,_PATRUNJEL RADACINA KG} => {_CEAPA GALBENA}",0.000170222368775576,0.171736997055937,0.000991180535898925,9.78210091153561,175
"{_CEAPA GALBENA,_PATRUNJEL RADACINA KG,SMANTANA 20% GRASIME FRISS 300G} => {_MORCOVI}",0.000132287098019876,0.735135135135135,0.000179949361277037,16.7509236440661,136
"{_CEAPA GALBENA,_MORCOVI,SMANTANA 20% GRASIME FRISS 300G} => {_PATRUNJEL RADACINA KG}",0.000132287098019876,0.328502415458937,0.000402697489560505,16.2859860516769,136
"{_MORCOVI,_PATRUNJEL RADACINA KG,SMANTANA 20% GRASIME FRISS 300G} => {_CEAPA GALBENA}",0.000132287098019876,0.144527098831031,0.000915309994387525,8.23223119917565,136
"{_CEAPA GALBENA,_MORCOVI,_PATRUNJEL RADACINA KG} => {_BANANE}",0.000253874504288145,0.134814049586777,0.00188314574828294,1.96489609022965,261
"{_BANANE,_CEAPA GALBENA,_PATRUNJEL RADACINA KG} => {_MORCOVI}",0.000253874504288145,0.774480712166172,0.000327799647299252,17.6474591585296,261
"{_BANANE,_CEAPA GALBENA,_MORCOVI} => {_PATRUNJEL RADACINA KG}",0.000253874504288145,0.381578947368421,0.000665326287099965,18.91733248224,261
"{_BANANE,_MORCOVI,_PATRUNJEL RADACINA KG} => {_CEAPA GALBENA}",0.000253874504288145,0.161710037174721,0.00156993658973588,9.21096752108727,261
"{_ARDEI ROSU CAPIA,_MORCOVI,_PATRUNJEL RADACINA KG} => {_BANANE}",0.000114778511517245,0.132138857782755,0.00086862043038051,1.92590554041345,118
"{_ARDEI ROSU CAPIA,_BANANE,_PATRUNJEL RADACINA KG} => {_MORCOVI}",0.000114778511517245,0.644808743169399,0.000178003962776745,14.6927299562023,118
"{_ARDEI ROSU CAPIA,_BANANE,_MORCOVI} => {_PATRUNJEL RADACINA KG}",0.000114778511517245,0.341040462427746,0.000336553940550567,16.9075780048563,118
"{_MORCOVI,_PATRUNJEL RADACINA KG,_ROSII VRAC} => {_BANANE}",0.000105051519015784,0.158125915080527,0.000664353587849819,2.30466329924851,108
"{_BANANE,_PATRUNJEL RADACINA KG,_ROSII VRAC} => {_MORCOVI}",0.000105051519015784,0.624277456647399,0.000168276970275284,14.2249003063771,108
"{_BANANE,_MORCOVI,_ROSII VRAC} => {_PATRUNJEL RADACINA KG}",0.000105051519015784,0.329268292682927,0.000319045354047937,16.3239555313526,108
"{_PATRUNJEL RADACINA KG,LAPTE DE CONSUM 3.5% GRASIME FRISS CUTIE 1L,SMANTANA 20% GRASIME FRISS 300G} => {_MORCOVI}",0.000134232496520168,0.758241758241758,0.000177031263526599,17.2774353843329,138
"{_MORCOVI,_PATRUNJEL RADACINA KG,LAPTE DE CONSUM 3.5% GRASIME FRISS CUTIE 1L} => {SMANTANA 20% GRASIME FRISS 300G}",0.000134232496520168,0.212307692307692,0.000632254512594996,6.92118633649456,138
"{_MORCOVI,_PATRUNJEL RADACINA KG,SMANTANA 20% GRASIME FRISS 300G} => {LAPTE DE CONSUM 3.5% GRASIME FRISS CUTIE 1L}",0.000134232496520168,0.146652497343252,0.000915309994387525,5.61375406732639,138
"{_MORCOVI,LAPTE DE CONSUM 3.5% GRASIME FRISS CUTIE 1L,SMANTANA 20% GRASIME FRISS 300G} => {_PATRUNJEL RADACINA KG}",0.000134232496520168,0.432601880877743,0.000310291060796621,21.4468687789139,138
"{_LAMAIE^2 A nu se consuma coaja,_MORCOVI,_PATRUNJEL RADACINA KG} => {_BANANE}",0.000176058564276453,0.177625122669284,0.000991180535898925,2.58886154765928,181
"{_BANANE,_LAMAIE^2 A nu se consuma coaja,_PATRUNJEL RADACINA KG} => {_MORCOVI}",0.000176058564276453,0.644128113879004,0.000273328489291068,14.6772210127055,181
"{_BANANE,_MORCOVI,_PATRUNJEL RADACINA KG} => {_LAMAIE^2 A nu se consuma coaja}",0.000176058564276453,0.112143742255266,0.00156993658973588,4.05341492350121,181
"{_BANANE,_LAMAIE^2 A nu se consuma coaja,_MORCOVI} => {_PATRUNJEL RADACINA KG}",0.000176058564276453,0.324955116696589,0.000541793482331404,16.1101235452048,181
"{_MORCOVI,_PATRUNJEL RADACINA KG,SMANTANA 20% GRASIME FRISS 300G} => {_BANANE}",0.000115751210767392,0.126461211477152,0.000915309994387525,1.84315463231611,119
"{_BANANE,_PATRUNJEL RADACINA KG,SMANTANA 20% GRASIME FRISS 300G} => {_MORCOVI}",0.000115751210767392,0.668539325842697,0.000173140466526014,15.2334593532764,119
"{_BANANE,_MORCOVI,SMANTANA 20% GRASIME FRISS 300G} => {_PATRUNJEL RADACINA KG}",0.000115751210767392,0.309895833333333,0.000373516512056121,15.3635376229686,119
"{_ARDEI ALB BIANCA,_GULII,_PATRUNJEL RADACINA KG,_TELINA} => {_MORCOVI}",0.000113805812267099,0.835714285714286,0.000136177895020461,19.042738564906,117
"{_ARDEI ALB BIANCA,_GULII,_MORCOVI,_TELINA} => {_PATRUNJEL RADACINA KG}",0.000113805812267099,0.75,0.000151741083022799,37.1823431547475,117
"{_ARDEI ALB BIANCA,_GULII,_MORCOVI,_PATRUNJEL RADACINA KG} => {_TELINA}",0.000113805812267099,0.541666666666667,0.000210103038031568,36.65786485419,117
"{_ARDEI ALB BIANCA,_MORCOVI,_PATRUNJEL RADACINA KG,_TELINA} => {_GULII}",0.000113805812267099,0.427007299270073,0.000266519594540045,36.2055351042215,117
"{_GULII,_PATRUNJEL RADACINA KG,_TELINA,_USTUROI} => {_MORCOVI}",0.000105051519015784,0.830769230769231,0.000126450902518999,18.9300596384864,108
"{_GULII,_MORCOVI,_TELINA,_USTUROI} => {_PATRUNJEL RADACINA KG}",0.000105051519015784,0.627906976744186,0.000167304271025137,31.1294035714166,108
"{_GULII,_MORCOVI,_PATRUNJEL RADACINA KG,_USTUROI} => {_TELINA}",0.000105051519015784,0.524271844660194,0.000200376045530107,35.4806518678344,108
"{_MORCOVI,_PATRUNJEL RADACINA KG,_TELINA,_USTUROI} => {_GULII}",0.000105051519015784,0.350649350649351,0.000299591369045014,29.7312186370331,108
"{_CEAPA GALBENA,_GULII,_PATRUNJEL RADACINA KG,_TELINA} => {_MORCOVI}",0.000304454865295744,0.874301675977654,0.000348226331552321,19.9219978970105,313
"{_CEAPA GALBENA,_GULII,_MORCOVI,_TELINA} => {_PATRUNJEL RADACINA KG}",0.000304454865295744,0.757869249394673,0.000401724790310359,37.5724726632316,313
"{_GULII,_MORCOVI,_PATRUNJEL RADACINA KG,_TELINA} => {_CEAPA GALBENA}",0.000304454865295744,0.183470105509965,0.00165942492074933,10.4504161427953,313
"{_CEAPA GALBENA,_GULII,_MORCOVI,_PATRUNJEL RADACINA KG} => {_TELINA}",0.000304454865295744,0.550087873462214,0.000553465873333158,37.2277789353353,313
"{_CEAPA GALBENA,_MORCOVI,_PATRUNJEL RADACINA KG,_TELINA} => {_GULII}",0.000304454865295744,0.380315917375456,0.00080053148287028,32.2466180806955,313
"{_ARDEI ROSU CAPIA,_GULII,_PATRUNJEL RADACINA KG,_TELINA} => {_MORCOVI}",0.00011866930851783,0.767295597484277,0.000154659180773238,17.4837378212436,122
"{_ARDEI ROSU CAPIA,_GULII,_MORCOVI,_TELINA} => {_PATRUNJEL RADACINA KG}",0.00011866930851783,0.717647058823529,0.000165358872524845,35.578398940229,122
"{_ARDEI ROSU CAPIA,_GULII,_MORCOVI,_PATRUNJEL RADACINA KG} => {_TELINA}",0.00011866930851783,0.493927125506073,0.000240256714786099,33.4270408885295,122
"{_ARDEI ROSU CAPIA,_MORCOVI,_PATRUNJEL RADACINA KG,_TELINA} => {_GULII}",0.00011866930851783,0.332425068119891,0.000356980624803636,28.1859993820051,122
"{_GULII,_PATRUNJEL RADACINA KG,_ROSII VRAC,_TELINA} => {_MORCOVI}",0.000111860413766807,0.809859154929577,0.000138123293520753,18.4535988259893,115
"{_GULII,_MORCOVI,_ROSII VRAC,_TELINA} => {_PATRUNJEL RADACINA KG}",0.000111860413766807,0.737179487179487,0.000151741083022799,36.5467475452647,115
"{_GULII,_MORCOVI,_PATRUNJEL RADACINA KG,_ROSII VRAC} => {_TELINA}",0.000111860413766807,0.529953917050691,0.000211075737281714,35.8651921295868,115
"{_MORCOVI,_PATRUNJEL RADACINA KG,_ROSII VRAC,_TELINA} => {_GULII}",0.000111860413766807,0.444015444015444,0.000251929105787852,37.6476392150619,115
"{_GULII,_LAMAIE^2 A nu se consuma coaja,_PATRUNJEL RADACINA KG,_TELINA} => {_MORCOVI}",0.000122560105518415,0.807692307692308,0.000151741083022799,18.4042246485285,126
"{_GULII,_LAMAIE^2 A nu se consuma coaja,_MORCOVI,_TELINA} => {_PATRUNJEL RADACINA KG}",0.000122560105518415,0.666666666666667,0.000183840158277622,33.0509716931089,126
"{_GULII,_LAMAIE^2 A nu se consuma coaja,_MORCOVI,_PATRUNJEL RADACINA KG} => {_TELINA}",0.000122560105518415,0.488372093023256,0.000250956406537706,33.051098186962,126
"{_LAMAIE^2 A nu se consuma coaja,_MORCOVI,_PATRUNJEL RADACINA KG,_TELINA} => {_GULII}",0.000122560105518415,0.324742268041237,0.000377407309056705,27.5345822085238,126
"{_GULII,_PATRUNJEL RADACINA KG,_TELINA,SMANTANA 20% GRASIME FRISS 300G} => {_MORCOVI}",0.000116723910017538,0.821917808219178,0.000142014090521338,18.7283695053519,120
"{_GULII,_MORCOVI,_TELINA,SMANTANA 20% GRASIME FRISS 300G} => {_PATRUNJEL RADACINA KG}",0.000116723910017538,0.701754385964912,0.000166331571774991,34.790496519062,120
"{_GULII,_MORCOVI,_PATRUNJEL RADACINA KG,SMANTANA 20% GRASIME FRISS 300G} => {_TELINA}",0.000116723910017538,0.48780487804878,0.000239284015535952,33.0127113133418,120
"{_MORCOVI,_PATRUNJEL RADACINA KG,_TELINA,SMANTANA 20% GRASIME FRISS 300G} => {_GULII}",0.000116723910017538,0.345821325648415,0.000337526639800713,29.3218550759084,120
"{_GULII,_MORCOVI,_PATRUNJEL RADACINA KG,_TELINA} => {_BANANE}",0.000182867459027476,0.110199296600234,0.00165942492074933,1.60613947655717,188
"{_BANANE,_GULII,_PATRUNJEL RADACINA KG,_TELINA} => {_MORCOVI}",0.000182867459027476,0.731517509727626,0.00024998370728756,16.6684917698735,188
"{_BANANE,_GULII,_MORCOVI,_TELINA} => {_PATRUNJEL RADACINA KG}",0.000182867459027476,0.669039145907473,0.000273328489291068,33.1685908094545,188
"{_BANANE,_GULII,_MORCOVI,_PATRUNJEL RADACINA KG} => {_TELINA}",0.000182867459027476,0.5,0.000365734918054952,33.8380290961754,188
"{_BANANE,_MORCOVI,_PATRUNJEL RADACINA KG,_TELINA} => {_GULII}",0.000182867459027476,0.31023102310231,0.000589455745588566,26.3041878125957,188
