"rules","support","confidence","coverage","lift","count"
"{MARLBORO CIGARILLOS STORM MIST} => {L&M RED 100}",0.000112909408027859,0.395833333333333,0.000285244820280907,312.720412754304,38
"{ELAN ZAHAR ALB STICKS 5G} => {ELAN FAINA ALBA DE GRAU TIP 550 1KG}",0.000103995507394081,0.357142857142857,0.000291187420703426,80.2386515353805,35
"{STICLA BERE 400ML HEINEKEN} => {BERE HEINEKEN STICLA 400ML}",0.000184220613098086,1,0.000184220613098086,3267.50485436893,62
"{BERE HEINEKEN STICLA 400ML} => {STICLA BERE 400ML HEINEKEN}",0.000184220613098086,0.601941747572815,0.000306043921759723,3267.50485436893,62
"{CONSERVA SUNCA DALMAT GOLD 110G} => {LD RED}",0.000101024207182821,0.586206896551724,0.000172335412253048,133.665101392393,34
"{MAZARE KLEINE RHEINL KERTIMAG 250G} => {SEMINTE LEGUME GARDENSEED KERTIMAG}",0.000103995507394081,0.53030303030303,0.000196105813943123,250.66724123255,35
"{CAFEA JACOBS KRONUNG INSTANT 100G} => {APA MINERALA NATURALA DECARBOGAZIFICATA PARTIAL PERLA HARGHITEI 2L}",0.000115880708239118,0.527027027027027,0.000219876215633199,45.9990993327352,39
"{BISCUITI RAGGI DI SOLE FROLLINI 1KG} => {APA MINERALA NATURALA CARBOGAZOASA PERLA HARGHITEI  2L}",0.000118852008450378,0.396039603960396,0.000300101321337204,19.8109864494178,40
"{SZINES RTV} => {SZEKELYHON}",0.000228790116266977,0.652542372881356,0.000350613424928614,41.6253019750453,77
"{KENT NANO SILVER} => {DUNHILL EVOQUE BLUE}",0.000130737209295416,0.363636363636364,0.000359527325562393,614.989492919141,44
"{DUNHILL EVOQUE BLUE} => {KENT NANO SILVER}",0.000130737209295416,0.221105527638191,0.000591288742040629,614.989492919141,44
"{BERE TILTOTT CSIKI GOLD STICLA 500ML} => {STICLA BERE 500ML CSIKI}",0.000103995507394081,0.318181818181818,0.000326843023238539,359.345790115924,35
"{STICLA BERE 500ML CSIKI} => {BERE TILTOTT CSIKI GOLD STICLA 500ML}",0.000103995507394081,0.11744966442953,0.000885447462955315,359.345790115924,35
"{BERE TILTOTT CSIKI GOLD STICLA 500ML} => {BERE TILTOTT IGAZI SOR 6% 500ML}",0.000101024207182821,0.309090909090909,0.000326843023238539,68.3928157312773,34
"{SUC FRUTTI FRESH GRAPEFRUIT 2.5L} => {FRANZELA ALBA BACHUS 1KG}",0.000124794608872897,0.325581395348837,0.000383297727252468,13.5915895992108,42
"{WEST BLUE ORIGINAL 100} => {PAINE DE CASA PE FOI DE VARZA RIP-ROP 1KG}",0.000124794608872897,0.344262295081967,0.000362498625773652,5.90081528885772,42
"{BAUTURA SPIRTOASA 20% AROMA VISINE AMIGO 500ML PET} => {APA MINERALA NATURALA CARBOGAZIFICATA CONTINUT REDUS CO2 TUSNAD 2L}",0.000154507610985491,0.429752066115702,0.000359527325562393,8.02676880556291,52
"{INGHETATA ALGIDA MAGNUM MIGDALE 120ML} => {SZEKELYHON}",0.000103995507394081,0.357142857142857,0.000291187420703426,22.7819370735406,35
"{INGHETATA ALGIDA MAGNUM MIGDALE 120ML} => {FRANZELA ALBA COUNTRY 1KG}",0.00010696680760534,0.36734693877551,0.000291187420703426,16.5526461756211,36
"{MIX DE SUC DE FRUCTE CU BERE FARA ALCOOL MAR&PERE DOZA FRESH 500ML} => {MIX DE SUC DE FRUCTE CU BERE FARA ALCOOL ZMEURA&COACAZE DOZA FRESH 500ML}",0.000103995507394081,0.416666666666667,0.000249589217745793,801.316666666667,35
"{MIX DE SUC DE FRUCTE CU BERE FARA ALCOOL ZMEURA&COACAZE DOZA FRESH 500ML} => {MIX DE SUC DE FRUCTE CU BERE FARA ALCOOL MAR&PERE DOZA FRESH 500ML}",0.000103995507394081,0.2,0.000519977536970403,801.316666666667,35
"{CAMEL COMPACT BLACK} => {APA MINERALA NATURALA CARBO.TIVA HARGHITA 2.5L}",0.000142622410140453,0.258064516129032,0.000552661839294257,34.4515617202595,48
"{BERE 6% SZEKELY SOR 500ML} => {BERE TILTOTT IGAZI SOR 6% 500ML}",0.000145593710351713,0.415254237288136,0.000350613424928614,91.8836681933162,49
"{VODKA LEMON 28% ALEXANDER 200ML} => {BERE CIUC STICLA 330ML}",0.000115880708239118,0.327731092436975,0.000353584725139874,882.391058823529,39
"{BERE CIUC STICLA 330ML} => {VODKA LEMON 28% ALEXANDER 200ML}",0.000115880708239118,0.312,0.000371412526407431,882.391058823529,39
"{VODKA LEMON 28% ALEXANDER 200ML} => {BAUTURA SPIRTOASA TRANSILVANICUM 36% 200ML}",0.00016045021140801,0.453781512605042,0.000353584725139874,378.023587652883,54
"{BAUTURA SPIRTOASA TRANSILVANICUM 36% 200ML} => {VODKA LEMON 28% ALEXANDER 200ML}",0.00016045021140801,0.133663366336634,0.00120040528534882,378.023587652883,54
"{GOBE CEAI DE FRUCTE DE PADURE 40G 20PLIC} => {PAINE CU CARTOFI FELII BACHUS 1.2 KG}",0.000101024207182821,0.4,0.000252560517957053,5.36125846276384,34
"{APA MINERALA NATURALA CARBOGAZOASA AQUARIA 2L} => {WINSTON NOVA BLUE 100}",0.000219876215633199,0.503401360544218,0.000436781131055138,112.947492063492,74
"{APA MINERALA NATURALA CARBOGAZOASA AQUARIA 2L} => {PAINE DE CASA PE FOI DE VARZA RIP-ROP 1KG}",0.000172335412253048,0.394557823129252,0.000436781131055138,6.76290394945857,58
"{SEMINTE FLOAREA SOARELUI ALBE COAPTE SI SARATE ELMAS 100G} => {L&M RED LABEL BOX}",0.00010696680760534,0.455696202531646,0.000234732716689496,84.9202237268178,36
"{REAL PATE DE PASARE 100G} => {ALKA BREAKERS TOORTITZI SNACKS CU SARE 80G}",0.000148565010562972,0.467289719626168,0.000317929122604761,359.880450822302,50
"{ALKA BREAKERS TOORTITZI SNACKS CU SARE 80G} => {REAL PATE DE PASARE 100G}",0.000148565010562972,0.11441647597254,0.00129845819232038,359.880450822302,50
"{REAL PATE DE PASARE 100G} => {CORN CU SUSAN RIP-ROP 150G}",0.00016045021140801,0.504672897196262,0.000317929122604761,86.5253069638785,54
"{IAURT CREMA PIURE CIRESE MULLER 125G} => {IAURT CREMA PIURE CAPSUNI MULLER 125G}",0.000103995507394081,0.486111111111111,0.00021393361521068,1924.73120915033,35
"{IAURT CREMA PIURE CAPSUNI MULLER 125G} => {IAURT CREMA PIURE CIRESE MULLER 125G}",0.000103995507394081,0.411764705882353,0.000252560517957053,1924.73120915033,35
"{CERBONA TERCI DE OVAZ CU MANGO 50G} => {CERBONA TERCI DE OVAZ CU PRUNE 50G}",0.000103995507394081,0.466666666666667,0.000222847515844458,1365.72231884058,35
"{CERBONA TERCI DE OVAZ CU PRUNE 50G} => {CERBONA TERCI DE OVAZ CU MANGO 50G}",0.000103995507394081,0.304347826086957,0.000341699524294836,1365.72231884058,35
"{CERBONA TERCI DE OVAZ CU MANGO 50G} => {CERBONA TERCI DE OVAZ CU CAISE 50G}",0.00010696680760534,0.48,0.000222847515844458,1313.37756097561,36
"{CERBONA TERCI DE OVAZ CU CAISE 50G} => {CERBONA TERCI DE OVAZ CU MANGO 50G}",0.00010696680760534,0.292682926829268,0.000365469925984912,1313.37756097561,36
"{BEIGLI CU NUCA HARMOPAN 350G} => {BEIGLI CU MAC HARMOPAN 350G}",0.00010696680760534,0.378947368421053,0.000282273520069647,1328.49868421053,36
"{BEIGLI CU MAC HARMOPAN 350G} => {BEIGLI CU NUCA HARMOPAN 350G}",0.00010696680760534,0.375,0.000285244820280907,1328.49868421053,36
"{HRANA INTEGRALA PT.PISICI ADULTI CU CARNE PASARE PDC 415G} => {HRANA INTEGRALA PT.PISICI CU CARNE DE VITA PDC 415G}",0.000115880708239118,0.469879518072289,0.000246617917534534,1838.82978425329,39
"{HRANA INTEGRALA PT.PISICI CU CARNE DE VITA PDC 415G} => {HRANA INTEGRALA PT.PISICI ADULTI CU CARNE PASARE PDC 415G}",0.000115880708239118,0.453488372093023,0.000255531818168312,1838.82978425329,39
"{HRANA INTEGRALA PT.PISICI ADULTI CU CARNE PASARE PDC 415G} => {HRANA INTEGRALA PT.PISICI CU CARNE DE VANAT/FICAT PDC 415G}",0.000109938107816599,0.44578313253012,0.000246617917534534,1250.24708835341,37
"{HRANA INTEGRALA PT.PISICI CU CARNE DE VANAT/FICAT PDC 415G} => {HRANA INTEGRALA PT.PISICI ADULTI CU CARNE PASARE PDC 415G}",0.000109938107816599,0.308333333333333,0.000356556025351133,1250.24708835341,37
"{HRANA INTEGRALA PT.PISICI ADULTI CU CARNE PASARE PDC 415G} => {HRANA INTEGRALA PT.PISICI ADULTI CU PESTE PDC 415G}",0.000115880708239118,0.469879518072289,0.000246617917534534,1328.90219702339,39
"{HRANA INTEGRALA PT.PISICI ADULTI CU PESTE PDC 415G} => {HRANA INTEGRALA PT.PISICI ADULTI CU CARNE PASARE PDC 415G}",0.000115880708239118,0.327731092436975,0.000353584725139874,1328.90219702339,39
"{INGHETATA OREO SMALLBITTES 8*10ML} => {INGHETATA MILKA SMALLBITTES 8*10ML}",0.000118852008450378,0.298507462686567,0.000398154228308766,766.897573202689,40
"{INGHETATA MILKA SMALLBITTES 8*10ML} => {INGHETATA OREO SMALLBITTES 8*10ML}",0.000118852008450378,0.305343511450382,0.000389240327674987,766.897573202689,40
"{HRANA COMPLETA PENTRU CAINI ADULTI CU PASARE RENO 300G} => {HRANA COMPLETA PENTRU CAINI ADULTI CU VITA RENO 300G}",0.000109938107816599,0.389473684210526,0.000282273520069647,1248.36701754386,37
"{HRANA COMPLETA PENTRU CAINI ADULTI CU VITA RENO 300G} => {HRANA COMPLETA PENTRU CAINI ADULTI CU PASARE RENO 300G}",0.000109938107816599,0.352380952380952,0.000311986522182242,1248.36701754386,37
"{VIN DE MASA ALB SYLVESTRE ROVINEX 2L PET} => {LD RED}",0.000139651109929194,0.356060606060606,0.000392211627886247,81.1878490186417,47
"{VODKA 40% ALEXANDER 200ML} => {APA MINERALA NATURALA CARBOGAZIFICATA CONTINUT REDUS CO2 TUSNAD 2L}",0.000139651109929194,0.439252336448598,0.000317929122604761,8.204211753637,47
"{VOGUE LA CIGARETTE BLEUE} => {DUNHILL FINE CUT MASTER BLEND}",0.00016045021140801,0.315789473684211,0.000508092336125365,187.773665612795,54
"{HRANA INTEGRALA PT.PISICI CU CARNE DE VITA PDC 415G} => {HRANA INTEGRALA PT.PISICI CU CARNE DE VANAT/FICAT PDC 415G}",0.000118852008450378,0.465116279069767,0.000255531818168312,1304.46899224806,40
"{HRANA INTEGRALA PT.PISICI CU CARNE DE VANAT/FICAT PDC 415G} => {HRANA INTEGRALA PT.PISICI CU CARNE DE VITA PDC 415G}",0.000118852008450378,0.333333333333333,0.000356556025351133,1304.46899224806,40
"{HRANA INTEGRALA PT.PISICI CU CARNE DE VITA PDC 415G} => {HRANA INTEGRALA PT.PISICI ADULTI CU PESTE PDC 415G}",0.000115880708239118,0.453488372093023,0.000255531818168312,1282.54514363885,39
"{HRANA INTEGRALA PT.PISICI ADULTI CU PESTE PDC 415G} => {HRANA INTEGRALA PT.PISICI CU CARNE DE VITA PDC 415G}",0.000115880708239118,0.327731092436975,0.000353584725139874,1282.54514363885,39
"{DUNHILL EVOQUE BLUE} => {KENT MODE SILVER}",0.000196105813943123,0.331658291457286,0.00059128874204063,80.1296431908285,66
"{INGHETATA CORNET CAPSUNI&FRISCA SAMY 55G} => {INGHETATA CORNET VANILIE&FISTIC SAMY 55G}",0.000124794608872897,0.415841584158416,0.000300101321337204,573.576773251096,42
"{INGHETATA CORNET VANILIE&FISTIC SAMY 55G} => {INGHETATA CORNET CAPSUNI&FRISCA SAMY 55G}",0.000124794608872897,0.172131147540984,0.000724997251547305,573.576773251096,42
"{VIN ROSU MUSCATEL DEMIDULCE 2L} => {APA MINERALA NATURALA CARBOGAZIFICATA CONTINUT REDUS CO2 TUSNAD 2L}",0.000112909408027859,0.195876288659794,0.000576432240984332,3.65851337906208,38
"{BORCAN 370ML} => {CAPACE FILET MIC}",0.000243646617323274,0.550335570469799,0.000442723731477657,826.861996644295,82
"{CAPACE FILET MIC} => {BORCAN 370ML}",0.000243646617323274,0.366071428571429,0.000665571247322116,826.861996644295,82
"{DR.OETKER PIKANT FIX IUTE 100G} => {DR.OETKER PIKANT FIX DULCE ACRISOR 100G}",0.000121823308661637,0.369369369369369,0.000329814323449798,347.241255221702,41
"{DR.OETKER PIKANT FIX DULCE ACRISOR 100G} => {DR.OETKER PIKANT FIX IUTE 100G}",0.000121823308661637,0.114525139664804,0.00106372547563088,347.241255221702,41
"{VICEROY RED} => {ENERGIZANT HELL MULTIVITAMIN 250ML}",0.000118852008450378,0.166666666666667,0.000713112050702267,171.535677879715,40
"{ENERGIZANT HELL MULTIVITAMIN 250ML} => {VICEROY RED}",0.000118852008450378,0.122324159021407,0.000971615169081839,171.535677879715,40
"{VICEROY RED} => {BERE CIUC PREMIUM DOZA 500ML}",0.000103995507394081,0.145833333333333,0.000713112050702267,18.928131829284,35
"{VICEROY RED} => {BERE GOLDEN BRAU DOZA 500ML}",0.000172335412253048,0.241666666666667,0.000713112050702267,20.1470502022954,58
"{CAFEA TCHIBO EXCLUSIVE 100G} => {BERE BLONDA 4.5% ALC.ALBRAU DOZA 500ML}",0.000145593710351713,0.352517985611511,0.000413010729365063,133.604713526476,49
"{CAFEA TCHIBO EXCLUSIVE 100G} => {ELAN FRANZELA ALBA FELIATA 700G}",0.000202048414365642,0.489208633093525,0.000413010729365063,60.8218075705671,68
"{_ARPAGIC ALB} => {SEMINTE LEGUME GARDENSEED KERTIMAG}",0.000112909408027859,0.258503401360544,0.000436781131055138,122.191144997325,38
"{KNORR BAZA PT.SPAGHETTI BOLOGNESE RAFINERIA 89G} => {CARNE TOCATA PORC VRAC}",0.000103995507394081,0.301724137931034,0.000344670824506096,10.1010806518555,35
"{VIN MUSCATEL ALB DEMISEC 2L} => {LD RED}",0.000157478911196751,0.329192546583851,0.000478379334012771,75.0614763756333,53
"{HRANA COMPLETA PENTRU PISICI ADULTE CU VITEL PREVITAL 100G} => {HRANA COMPLETA PENTRU PISICI ADULTE CU PUI PREVITAL 100G}",0.000133708509506675,0.473684210526316,0.000282273520069647,721.356751607526,45
"{HRANA COMPLETA PENTRU PISICI ADULTE CU PUI PREVITAL 100G} => {HRANA COMPLETA PENTRU PISICI ADULTE CU VITEL PREVITAL 100G}",0.000133708509506675,0.203619909502262,0.000656657346688337,721.356751607526,45
"{REAL INDULCITOR LICHID 250ML} => {PAINE CU CARTOFI FELII BACHUS 1.2 KG}",0.000109938107816599,0.278195488721804,0.000395182928097506,3.72869479553124,37
"{PATE DE PORC ARDEALUL 200G} => {PAINE CU CARTOFI FELII BACHUS 1.2 KG}",0.000136679809717934,0.365079365079365,0.00037438382661869,4.89321208903049,46
"{ORBIT PROFESSIONAL SPEARMINT 12BUC 16.8G} => {PAINE GRAHAM DOBOI 500G}",0.000101024207182821,0.2,0.000505121035914106,71.3792152704136,34
"{SEMINTE FASOLE CHEROKEE/MAXIDOR/SCUBA KERTIMAG 50G} => {SEMINTE LEGUME GARDENSEED KERTIMAG}",0.000210962314999421,0.606837606837607,0.000347642124717355,286.844125132046,71
"{VIN ALB DD DEBROI HARSLEVELU BIRTOK OSTOROS 750ML} => {APA MINERALA NATURALA CARBOGAZOASA PERLA HARGHITEI  2L}",0.000190163213520604,0.376470588235294,0.000505121035914106,18.8320906483878,64
"{BATON CIOC.LAPTE CU GUST DE CARAMEL SI NOUGAT ROSHEN TIDBIT 50G} => {FRANZELA ALBA BACHUS 1KG}",0.000121823308661637,0.264516129032258,0.000460551532745214,11.0423836236906,41
"{CARTOFI PAI 10MM FANTASY 2.5KG} => {COTLET PORC FARA OS}",0.000103995507394081,0.202312138728324,0.000514034936547884,14.1792497345759,35
"{APA MINERALA NATURALA CARBOGAZOASA PERLA HARGHITEI STICLA 1L} => {APA MINERALA NATURALA NATURAL CARBOGAZOASA BORSEC STICLA 1L}",0.00010696680760534,0.194594594594595,0.000549690539082997,119.728326498345,36
"{CAFEA MACINATA SI PRAJITA NOVA BRASILIA 90G} => {BERE NOROC 3L PET}",0.000124794608872897,0.285714285714286,0.000436781131055138,133.924791086351,42
"{CAFEA MACINATA SI PRAJITA NOVA BRASILIA 90G} => {LD RED}",0.000154507610985491,0.353741496598639,0.000436781131055138,80.659052781004,52
"{CAFEA MACINATA SI PRAJITA NOVA BRASILIA 90G} => {ELAN FRANZELA ALBA FELIATA 700G}",0.000118852008450378,0.272108843537415,0.000436781131055138,33.8304571921122,40
"{KNORR BAZA PT.SPAGHETTI BOLOGNESE RAFINERIA 59G} => {CARNE TOCATA PORC VRAC}",0.000124794608872897,0.358974358974359,0.000347642124717355,12.0176959550281,42
"{CERBONA TERCI DE OVAZ CU PRUNE 50G} => {CERBONA TERCI DE OVAZ CU CAISE 50G}",0.000121823308661637,0.356521739130435,0.000341699524294836,975.515942028985,41
"{CERBONA TERCI DE OVAZ CU CAISE 50G} => {CERBONA TERCI DE OVAZ CU PRUNE 50G}",0.000121823308661637,0.333333333333333,0.000365469925984912,975.515942028985,41
"{CERBONA TERCI DE OVAZ CU PRUNE 50G} => {CERBONA TERCI DE OVAZ CU FRUCTE DE PADURE 55G}",0.000115880708239118,0.339130434782609,0.000341699524294836,570.676826086956,39
"{CERBONA TERCI DE OVAZ CU FRUCTE DE PADURE 55G} => {CERBONA TERCI DE OVAZ CU PRUNE 50G}",0.000115880708239118,0.195,0.000594260042251889,570.676826086957,39
"{WINTERFRESH ORIGINAL PASTILE 14G} => {KENT NANO WHITE}",0.00010696680760534,0.266666666666667,0.000401125528520025,152.372608941709,36
"{HRANA INTEGRALA PT.PISICI CU CARNE DE VANAT/FICAT PDC 415G} => {HRANA INTEGRALA PT.PISICI ADULTI CU PESTE PDC 415G}",0.000133708509506675,0.375,0.000356556025351133,1060.56617647059,45
"{HRANA INTEGRALA PT.PISICI ADULTI CU PESTE PDC 415G} => {HRANA INTEGRALA PT.PISICI CU CARNE DE VANAT/FICAT PDC 415G}",0.000133708509506675,0.378151260504202,0.000353584725139874,1060.56617647059,45
"{VIN SANGE DE TAUR DULCE 750ML} => {APA MINERALA NATURALA CARBOGAZIFICATA CONTINUT REDUS CO2 TUSNAD 2L}",0.000112909408027859,0.273381294964029,0.000413010729365063,5.10612658660463,38
"{ELAN SARATELE CU CHIMEN 100G} => {_BANANE}",0.000112909408027859,0.31404958677686,0.000359527325562393,3.42074990544736,38
"{BERE DARK DOZA SILVA 500ML} => {WINSTON NOVA BLUE 100}",0.000124794608872897,0.28,0.000445695031688917,62.8232266666667,42
"{BAUTURA SPIRTOASA TRANSILVANICUM 36% 500ML} => {SZEKELYHON}",0.000205019714576902,0.348484848484849,0.00058831744182937,22.2296476899396,69
"{CAPACE FILET MARE} => {CAPACE FILET MIC}",0.000115880708239118,0.251612903225806,0.000460551532745214,378.040524193548,39
"{CAPACE FILET MIC} => {CAPACE FILET MARE}",0.000115880708239118,0.174107142857143,0.000665571247322116,378.040524193548,39
"{BAUTURA SPIRTOASA 20% AROMA AFINE AMIGO 500ML PET} => {APA MINERALA NATURALA CARBOGAZIFICATA CONTINUT REDUS CO2 TUSNAD 2L}",0.000303072621548463,0.557377049180328,0.000543747938660478,10.4105065782112,102
"{COMPOT DE ANANAS BUCATI GAROM 565G} => {_BANANE}",0.000103995507394081,0.296610169491525,0.000350613424928615,3.23079300837858,35
"{SIO SUC DE CAISE 25% 1L} => {_BANANE}",0.00010696680760534,0.24,0.000445695031688917,2.61417308563661,36
"{SALATA DE TON MILANESE DON FERNANDO 150G} => {SALATA DE TON MEDITERANA DON FERNANDO 150G}",0.000109938107816599,0.385416666666667,0.000285244820280907,1118.21668462644,37
"{SALATA DE TON MEDITERANA DON FERNANDO 150G} => {SALATA DE TON MILANESE DON FERNANDO 150G}",0.000109938107816599,0.318965517241379,0.000344670824506096,1118.21668462644,37
"{GOBE SANA DIN CRISTUR 300G} => {_BANANE}",0.000127765909084156,0.265432098765432,0.00048135063422403,2.89118936940263,43
"{BAUTURA DIN NUCA DE COCOS ALPRO 1L} => {_BANANE}",0.00010696680760534,0.25,0.00042786723042136,2.7230969642048,36
"{SEMINTE DE DOVLEAC PRAJITE SI SARATE NF 150G} => {_BANANE}",0.000187191913309345,0.547826086956522,0.000341699524294836,5.967134217214,63
"{INGHETATA SOLENO IAURT-VISINE 85G} => {INGHETATA SOLENO CIOCOLATA 85G}",0.000109938107816599,0.18407960199005,0.000597231342463148,235.560997294894,37
"{INGHETATA SOLENO CIOCOLATA 85G} => {INGHETATA SOLENO IAURT-VISINE 85G}",0.000109938107816599,0.140684410646388,0.000781451955561234,235.560997294894,37
"{CERBONA TERCI DE OVAZ CU CAISE 50G} => {CERBONA TERCI DE OVAZ CU FRUCTE DE PADURE 55G}",0.000127765909084156,0.349593495934959,0.000365469925984912,588.283699186992,43
"{CERBONA TERCI DE OVAZ CU FRUCTE DE PADURE 55G} => {CERBONA TERCI DE OVAZ CU CAISE 50G}",0.000127765909084156,0.215,0.000594260042251889,588.283699186992,43
"{MAGGI BAZA PENTRU SPAGHETE BOLOGNESE 50G} => {CARNE TOCATA PORC VRAC}",0.000157478911196751,0.386861313868613,0.000407068128942544,12.9512917304708,53
"{MOGYI SEMINTE DOVLEAC 50G} => {PAINE CU CARTOFI FELII BACHUS 1.2 KG}",0.000112909408027859,0.24203821656051,0.000466494133167733,3.24407359211825,38
"{GOBE NAPOLITANE CU CREMA MIXTA 120G} => {_BANANE}",0.000118852008450378,0.268456375838926,0.000442723731477657,2.92413096827361,40
"{VIN MUSCATEL ALB DEMIDULCE 2L} => {LD RED}",0.000145593710351713,0.245,0.000594260042251889,55.8641497289973,49
"{RONDELE EXPANDATE DIN OREZ CU SARE NIAS 100G} => {_BANANE}",0.000112909408027859,0.245161290322581,0.000460551532745214,2.67039186167181,38
"{BERE STAROPRAMEN STICLA 330ML} => {_BANANE}",0.000101024207182821,0.193181818181818,0.000522948837181662,2.10421129052189,34
"{HRANA COMPLETA PENTRU PISICI ADULTE CU VITA PREVITAL 100G} => {HRANA COMPLETA PENTRU PISICI ADULTE CU PUI PREVITAL 100G}",0.000139651109929194,0.37007874015748,0.000377355126829949,563.579684326789,47
"{HRANA COMPLETA PENTRU PISICI ADULTE CU PUI PREVITAL 100G} => {HRANA COMPLETA PENTRU PISICI ADULTE CU VITA PREVITAL 100G}",0.000139651109929194,0.212669683257919,0.000656657346688337,563.579684326789,47
"{RULADA CU CREMA DE CAPSUNI SWISS ROLLS ROMEGA 150G} => {RULADA CU CREMA DE CACAO SWISS ROLLS ROMEGA 150G}",0.000109938107816599,0.26241134751773,0.000418953329787582,584.86971020619,37
"{RULADA CU CREMA DE CACAO SWISS ROLLS ROMEGA 150G} => {RULADA CU CREMA DE CAPSUNI SWISS ROLLS ROMEGA 150G}",0.000109938107816599,0.245033112582781,0.000448666331900176,584.86971020619,37
"{ENERGIZANT HELL MULTIVITAMIN 250ML} => {ENERGIZANT HELL 250ML}",0.000157478911196751,0.162079510703364,0.000971615169081838,19.0528625797238,53
"{BERE TILTOTT CSIKI VADMALNA CU VITAMINE STICLA 500ML} => {STICLA BERE 500ML CSIKI}",0.000166392811830529,0.327485380116959,0.000508092336125365,369.852976961419,56
"{STICLA BERE 500ML CSIKI} => {BERE TILTOTT CSIKI VADMALNA CU VITAMINE STICLA 500ML}",0.000166392811830529,0.187919463087248,0.000885447462955315,369.852976961419,56
"{BERE TILTOTT CSIKI VADMALNA CU VITAMINE STICLA 500ML} => {BERE TILTOTT IGAZI SOR 6% 500ML}",0.000115880708239118,0.228070175438596,0.000508092336125365,50.4652871494977,39
"{ELAN GEM DE PIERSICI 370G} => {PAINE DE CASA PE FOI DE VARZA RIP-ROP 1KG}",0.000148565010562972,0.27027027027027,0.000549690539082997,4.63255769138122,50
"{PEPSI TWIST LEMON 330ML} => {FRANZELA ALBA BACHUS 1KG}",0.000103995507394081,0.175879396984925,0.000591288742040629,7.3421903613827,35
"{BERE CIUCAS BRASOV STICLA 330ML} => {APA MINERALA NATURALA CARBOGAZIFICATA TUSNAD 2L}",0.000103995507394081,0.175879396984925,0.000591288742040629,18.3714272791643,35
"{PATE DIN FICAT DE GASCA HAME 105G} => {PATE DIN FICAT DE RATA HAME 105G}",0.00010696680760534,0.274809160305344,0.000389240327674987,525.499132546843,36
"{PATE DIN FICAT DE RATA HAME 105G} => {PATE DIN FICAT DE GASCA HAME 105G}",0.00010696680760534,0.204545454545455,0.000522948837181662,525.499132546842,36
"{SUC TEDI MAR,PORTOCALE,MORCOV 300ML} => {_BANANE}",0.000103995507394081,0.228758169934641,0.000454608932322695,2.49172271234426,35
"{PAIE MAGICA CU AROMA DE VANILIE MILKY SIP 5*6G} => {PAIE MAGICA CU AROMA DE BISCUITI MILKY SIP 5*6G}",0.00010696680760534,0.305084745762712,0.000350613424928614,653.99481809349,36
"{PAIE MAGICA CU AROMA DE BISCUITI MILKY SIP 5*6G} => {PAIE MAGICA CU AROMA DE VANILIE MILKY SIP 5*6G}",0.00010696680760534,0.229299363057325,0.000466494133167733,653.99481809349,36
"{IAURT 2.8% GRASIME GORDON PET 800G} => {_BANANE}",0.000103995507394081,0.21875,0.000475408033801511,2.3827098436792,35
"{HRANA COMPLETA PENTRU PISICI ADULTE STERILIZATE PREVITAL 100G} => {HRANA COMPLETA PENTRU PISICI ADULTE STERILIZATE CU FICAT PREVITAL 100G}",0.000124794608872897,0.293706293706294,0.000424895930210101,646.063622651858,42
"{HRANA COMPLETA PENTRU PISICI ADULTE STERILIZATE CU FICAT PREVITAL 100G} => {HRANA COMPLETA PENTRU PISICI ADULTE STERILIZATE PREVITAL 100G}",0.000124794608872897,0.274509803921569,0.000454608932322695,646.063622651858,42
"{RONDELE DIN OREZ CU SOIA SI PORUMB RISOVITAL SCOTTI 100G} => {_BANANE}",0.000133708509506675,0.335820895522388,0.000398154228308766,3.65789144445421,45
"{BAUTURA SPIRTOASA 28% AMIGO SECUIANA 500ML} => {BERE HARGHITA 500ML STICLA}",0.000124794608872897,0.213197969543147,0.000585346141618111,119.987318133202,42
"{BAUTURA SPIRTOASA 28% AMIGO SECUIANA 500ML} => {L&M RED LABEL BOX}",0.000282273520069647,0.482233502538071,0.000585346141618111,89.8655215834415,95
"{TURTA DULCE CU GLAZ.DE VANILIE END-IBO 180G} => {_BANANE}",0.000115880708239118,0.258278145695364,0.000448666331900176,2.81326573785397,39
"{HRANA COMPLETA PENTRU PISICI ADULTE STERILIZATE CU FICAT PREVITAL 100G} => {HRANA COMPLETA PENTRU PISICI ADULTE CU PUI PREVITAL 100G}",0.000118852008450378,0.261437908496732,0.000454608932322695,398.134445331677,40
"{HRANA COMPLETA PENTRU PISICI ADULTE CU PUI PREVITAL 100G} => {HRANA COMPLETA PENTRU PISICI ADULTE STERILIZATE CU FICAT PREVITAL 100G}",0.000118852008450378,0.180995475113122,0.000656657346688337,398.134445331677,40
"{OREZ CU LAPTE MULLER RISO 200G} => {_BANANE}",0.000118852008450378,0.287769784172662,0.000413010729365063,3.13450010268179,40
"{BOMBOANE HALLS EXTRA STRONG MENTOL&EUCALIPT 33.5G} => {PAINE CU CARTOFI FELII BACHUS 1.2 KG}",0.000121823308661637,0.209183673469388,0.000582374841406851,2.80371934914946,41
"{INGHETATA DINO PEPENE GALBENA 200ML} => {INGHETATA DINO LAMAIE VERDE 200ML}",0.000112909408027859,0.180094786729858,0.000626944344575743,213.42056605033,38
"{INGHETATA DINO LAMAIE VERDE 200ML} => {INGHETATA DINO PEPENE GALBENA 200ML}",0.000112909408027859,0.133802816901408,0.000843849259997682,213.42056605033,38
"{BAUTURA SPIRTOASA 37.5% ALEXANDRION 5* 500ML} => {NOK LAPJA}",0.000136679809717934,0.225490196078431,0.000606145243096927,68.0012562372619,46
"{BAUTURA SPIRTOASA 37.5% ALEXANDRION 5* 500ML} => {SZEKELYHON}",0.000169364112041788,0.279411764705882,0.000606145243096927,17.8235154751817,57
"{CREMA DE BRANZA GOUDA MLEKOVITA 150G} => {CREMA DE BRANZA CHEDDAR MLEKOVITA 150G}",0.00010696680760534,0.283464566929134,0.000377355126829949,581.712502400615,36
"{CREMA DE BRANZA CHEDDAR MLEKOVITA 150G} => {CREMA DE BRANZA GOUDA MLEKOVITA 150G}",0.00010696680760534,0.219512195121951,0.000487293234646549,581.712502400615,36
"{CHESTERFIELD BLACK CROWN RCB 100} => {ENERGIZANT HELL 250ML}",0.000109938107816599,0.105714285714286,0.00103995507394081,12.4269856793573,37
"{CHESTERFIELD BLACK CROWN RCB 100} => {BERE BUCEGI DOZA 500ML}",0.00010696680760534,0.102857142857143,0.00103995507394081,10.0630465116279,36
"{CHESTERFIELD BLACK CROWN RCB 100} => {APA MINERALA NATURALA CARBOGAZIFICATA CONTINUT REDUS CO2 TUSNAD 2L}",0.000112909408027859,0.108571428571429,0.00103995507394081,2.02786170153727,38
"{OASE CU MADUVA} => {_MORCOVI}",0.000109938107816599,0.276119402985075,0.000398154228308766,6.58369206042053,37
"{MOGYI NUCA DE CAJU 70G} => {KENT CORE SILVER}",0.000172335412253048,0.391891891891892,0.000439752431266398,96.2718188991912,58
"{MOGYI NUCA DE CAJU 70G} => {APA MINERALA NATURALA CARBOGAZOASA PERLA HARGHITEI  2L}",0.000157478911196751,0.358108108108108,0.000439752431266398,17.9135490648199,53
"{SPATE PUI REFR.VRAC SZEKELY CSURKE} => {_MORCOVI}",0.000101024207182821,0.206060606060606,0.000490264534857808,4.91323522150302,34
"{VOGUE LA CIGARETTE UNIQUE BLEUE} => {PEPSI TWIST LEMON 500ML}",0.000205019714576902,0.25,0.000820078858307607,135.70685483871,69
"{PEPSI TWIST LEMON 500ML} => {VOGUE LA CIGARETTE UNIQUE BLEUE}",0.000205019714576902,0.111290322580645,0.00184220613098086,135.70685483871,69
"{VOGUE LA CIGARETTE UNIQUE BLEUE} => {APA MINERALA NATURALA CARBOGAZOASA PERLA HARGHITEI  2L}",0.000121823308661637,0.148550724637681,0.000820078858307607,7.43091439194196,41
"{GOBE COZONAC BRUTAR 500G} => {_BANANE}",0.000101024207182821,0.194285714285714,0.000519977536970403,2.11623535503916,34
"{SANA 3.6% KERESZTURI 500G} => {KENT NANO WHITE}",0.00010696680760534,0.218181818181818,0.000490264534857808,124.668498225035,36
"{SANA 3.6% KERESZTURI 500G} => {LAPTE DE CONSUM 1.5% GRASIME FRISS CUTIE 1L}",0.000142622410140453,0.290909090909091,0.000490264534857808,10.2049538537343,48
"{SANA 3.6% KERESZTURI 500G} => {PAINE CU CARTOFI FELII BACHUS 1.2 KG}",0.000130737209295416,0.266666666666667,0.000490264534857808,3.57417230850923,44
"{SALAM SINAIA FELIAT MEDA 100G} => {_BANANE}",0.000103995507394081,0.255474452554745,0.000407068128942544,2.78272682473484,35
"{DUNHILL FINE CUT SWISS BLEND} => {MOGYI PORUMB PT.POPCORN MICRO CU SARE 100G}",0.000130737209295416,0.107843137254902,0.00121229048619385,37.3789200541185,44
"{DUNHILL FINE CUT SWISS BLEND} => {APA MINERALA NATURALA CARBOGAZIFICATA CONTINUT REDUS CO2 TUSNAD 2L}",0.000121823308661637,0.100490196078431,0.00121229048619385,1.87692307901572,41
"{PUFULETI LUPENI 100G} => {_BANANE}",0.000109938107816599,0.180487804878049,0.000609116543308186,1.96594317415761,37
"{CROISSANT CU CREMA DE CIOCOLATA&ALUNE TODAY ELVAN 50G} => {CROISSANT CU CREMA DE CIOCOLATA&VANILIE TODAY ELVAN 50G}",0.000101024207182821,0.165853658536585,0.000609116543308186,249.18993902439,34
"{CROISSANT CU CREMA DE CIOCOLATA&VANILIE TODAY ELVAN 50G} => {CROISSANT CU CREMA DE CIOCOLATA&ALUNE TODAY ELVAN 50G}",0.000101024207182821,0.151785714285714,0.000665571247322116,249.18993902439,34
"{TERCI DE OREZ CU CIOCOLATA AMARA SI INULINA FIT REGGELI 60G} => {TERCI DE OREZ CAPSUNI,VANILIE SI INULINA FIT REGGELI 60G}",0.000136679809717934,0.328571428571429,0.000415982029576322,572.962176165803,46
"{TERCI DE OREZ CAPSUNI,VANILIE SI INULINA FIT REGGELI 60G} => {TERCI DE OREZ CU CIOCOLATA AMARA SI INULINA FIT REGGELI 60G}",0.000136679809717934,0.238341968911917,0.000573460940773073,572.962176165803,46
"{PASTE FRUNZULITA CU 8 OUA GYERMELYI 250G} => {_MORCOVI}",0.000103995507394081,0.25,0.000415982029576322,5.9609103790294,35
"{SALATA DE ICRE CRAP CU CEAPA SALMAR 110G} => {PAINE DE CASA PE FOI DE VARZA RIP-ROP 1KG}",0.000124794608872897,0.264150943396226,0.000472436733590252,4.52766959270844,42
"{BAT.CIOC.LAPTE UMPL.CU LICHIOR DE VISINE VADASZ FEKETEERDO 25G} => {BAT.CIOC.AMARA UMPL.CU LICHIOR DE VISINE VADASZ DULCE AMAR 25G}",0.000193134513731864,0.403726708074534,0.000478379334012771,593.342509967724,65
"{BAT.CIOC.AMARA UMPL.CU LICHIOR DE VISINE VADASZ DULCE AMAR 25G} => {BAT.CIOC.LAPTE UMPL.CU LICHIOR DE VISINE VADASZ FEKETEERDO 25G}",0.000193134513731864,0.283842794759825,0.000680427748378413,593.342509967724,65
"{ABSORBANTE ZILNICE BELLA PANTY CLASSIC 20BUC} => {_BANANE}",0.000101024207182821,0.211180124223602,0.000478379334012771,2.30025582069474,34
"{BATON CIOCOLATA ROM 30G} => {_BANANE}",0.000109938107816599,0.191709844559585,0.000573460940773073,2.08817798291353,37
"{_RIDICHI ALBI VRAC} => {_BANANE}",0.00010696680760534,0.214285714285714,0.000499178435491587,2.33408311217555,36
"{AMESTEC LEGUME MIXT BORS ROMANESC CONG.AGROSPRINT 400G} => {CARNE TOCATA PORC VRAC}",0.000101024207182821,0.209876543209877,0.00048135063422403,7.02621906365399,34
"{COZONAC CU CACAO HARMOPAN 500G} => {_BANANE}",0.00010696680760534,0.194594594594595,0.000549690539082997,2.11959979916482,36
"{BATON DE CIOCOLATA SNICKERS 3PACK 112.5G} => {PAINE CU CARTOFI FELII BACHUS 1.2 KG}",0.000139651109929194,0.248677248677249,0.000561575739928035,3.33305750991932,47
"{VOGUE LA CIGARETTE UNIQUE ROSE} => {APA MINERALA NATURALA PLATA PERLA HARGHITEI 2L ROZ}",0.000115880708239118,0.169565217391304,0.000683399048589672,16.389340209275,39
"{_CARTOFI NOI ALBI} => {_ROSII DE GRADINA ROMANIA}",0.000103995507394081,0.152173913043478,0.000683399048589672,16.1458344755743,35
"{_CARTOFI NOI ALBI} => {_BANANE}",0.000101024207182821,0.147826086956522,0.000683399048589672,1.61017907448632,34
"{SIO SUC DE PIERSICA 25% 1L} => {_BANANE}",0.000118852008450378,0.232558139534884,0.000511063636336625,2.53311345507424,40
"{HOHES C RED MULTIVITAMIN 100% 1L} => {_BANANE}",0.000115880708239118,0.226744186046512,0.000511063636336625,2.46978561869738,39
"{LIPTON ICE TEA ASE LAMAIE 1.5L} => {PAINE CU CARTOFI FELII BACHUS 1.2 KG}",0.00010696680760534,0.220858895705521,0.00048432193443529,2.96020405919476,36
"{DR.OETKER PRAF DE COPT 6*10G 5+1 GRATIS} => {DR.OETKER ZAHAR VANILIAT 6*8G 5+1 GRATIS}",0.00016045021140801,0.45,0.000356556025351133,691.547260273973,54
"{DR.OETKER ZAHAR VANILIAT 6*8G 5+1 GRATIS} => {DR.OETKER PRAF DE COPT 6*10G 5+1 GRATIS}",0.00016045021140801,0.246575342465753,0.000650714746265818,691.547260273972,54
"{BATON LAPTE END-IBO 40G} => {CORN RIP-ROP 100G}",0.000103995507394081,0.151515151515152,0.000686370348800932,9.30187500690967,35
"{BATON LAPTE END-IBO 40G} => {_BANANE}",0.000118852008450378,0.173160173160173,0.000686370348800932,1.88612776741458,40
"{JOGO-BELLA IAURT STANDARD 400G} => {_BANANE}",0.000115880708239118,0.236363636363636,0.000490264534857808,2.5745644025209,39
"{BATON BANANE SPUMANTE INV.CU CIOC.CHOCO 20G} => {SZEKELYHON}",0.00016045021140801,0.305084745762712,0.000525920137392922,19.461180144177,54
"{BATON BANANE SPUMANTE INV.CU CIOC.CHOCO 20G} => {FRANZELA ALBA COUNTRY 1KG}",0.000118852008450378,0.225988700564972,0.000525920137392922,10.1830466114932,40
"{IAURT CU MASCARPONE DIF.AROME MULLER 130G} => {_BANANE}",0.000118852008450378,0.235294117647059,0.000505121035914106,2.56291478983981,40
"{LUMANARI AMFORA STICLA ROTUNDA CU CAPAC LA 2} => {LUMANARI AMFORA STICLA ROTUNDA CU CAPAC LA 72}",0.000103995507394081,0.165094339622642,0.000629915644787002,152.227384337038,35
"{ELAN PATE CU FICAT DE RATA 110G} => {ELAN PATE CU FICAT DE GASCA 110G}",0.000199077114154383,0.432258064516129,0.000460551532745214,749.885300964416,67
"{ELAN PATE CU FICAT DE GASCA 110G} => {ELAN PATE CU FICAT DE RATA 110G}",0.000199077114154383,0.345360824742268,0.000576432240984332,749.885300964416,67
"{BOMBOANE UMPLUTE CU ANASON&MENTHOL DR.TOROK 75G} => {PAINE DE CASA PE FOI DE VARZA RIP-ROP 1KG}",0.000109938107816599,0.197860962566845,0.000555633139505516,3.39142859866358,37
"{BOMBOANE UMPLUTE CU ANASON&MENTHOL DR.TOROK 75G} => {_BANANE}",0.000109938107816599,0.197860962566845,0.000555633139505516,2.15517834600166,37
"{_MERISOR} => {_BANANE}",0.000115880708239118,0.236363636363636,0.000490264534857808,2.5745644025209,39
"{IAURT CU DIFERITE AROME SZIVECSKE ZOTT 125G} => {_BANANE}",0.000112909408027859,0.171171171171171,0.000659628646899597,1.86446278630239,38
"{APA PLATA PERLA MOLDOVEI ALCALINIA 2L} => {_BANANE}",0.000154507610985491,0.186379928315412,0.000828992758941385,2.03012246793763,52
"{SUPER INALBITOR DASIL 80G} => {_BANANE}",0.000124794608872897,0.28,0.000445695031688917,3.04986859990938,42
"{SOS BOLOGNESE DAWTONA 360G} => {CARNE TOCATA PORC VRAC}",0.000142622410140453,0.246153846153846,0.000579403541195592,8.24070579773355,48
"{GOBE PUFULETI 120G} => {_BANANE}",0.000133708509506675,0.194805194805195,0.000686370348800932,2.1218937383414,45
"{GOBE TURTA DULCE DIN REMETEA 38G} => {_BANANE}",0.000139651109929194,0.251336898395722,0.000555633139505516,2.73765898005617,47
"{BERE GOLDEN BRAU PET 2.5L} => {BAUTURA SPIRTOASA 21% SECUIANA AMIGO 500ML PET}",0.000133708509506675,0.15,0.000891390063377834,56.8501689189189,45
"{BENSON&HEDGES BLACK 100} => {WINSTON NOVA BLUE 100}",0.000178278012675567,0.105448154657293,0.00169066982020662,23.6592618629174,60
"{BENSON&HEDGES BLACK 100} => {BERE BUCEGI DOZA 500ML}",0.000424895930210101,0.251318101933216,0.00169066982020662,24.5877503371889,143
"{BENSON&HEDGES BLACK 100} => {PAINE CU CARTOFI FELII BACHUS 1.2 KG}",0.000240675317112015,0.142355008787346,0.00169066982020662,1.90800498894495,81
"{CAPPY BAUT.RAC.SUC DE PIERSICI CU PULPA 1.5L} => {_BANANE}",0.000139651109929194,0.227053140096618,0.000615059143730705,2.47315086604108,47
"{ELAN FULGI DE PORUMB EXTRUDAT CU GUST DE FRUCTE 100G} => {_BANANE}",0.000130737209295416,0.20952380952381,0.000623973044364483,2.28221459857164,44
"{BERE CIUCAS PET 500ML} => {APA MINERALA NATURALA CARBOGAZIFICATA CONTINUT REDUS CO2 TUSNAD 2L}",0.000148565010562972,0.217391304347826,0.000683399048589672,4.06036381886752,50
"{GOBE NAPOLITANE CU CREMA DE CACAO 120G} => {_BANANE}",0.000112909408027859,0.184466019417476,0.000612087843519446,2.00927542989869,38
"{BISCUITI FRAGEZI CU CACAO GYORI EDES 180G} => {_BANANE}",0.000196105813943123,0.326732673267327,0.000600202642674408,3.55889900272311,66
"{MAGHIRAN MACINAT MARCO POLO 5G} => {BUSUIOC MACINAT MARCO POLO 5G}",0.000109938107816599,0.238709677419355,0.000460551532745214,296.451874776812,37
"{BUSUIOC MACINAT MARCO POLO 5G} => {MAGHIRAN MACINAT MARCO POLO 5G}",0.000109938107816599,0.136531365313653,0.00080522235725131,296.451874776812,37
"{MAGHIRAN MACINAT MARCO POLO 5G} => {OREGANO MACINAT MARCO POLO 7G}",0.000112909408027859,0.245161290322581,0.000460551532745214,230.474211569652,38
"{OREGANO MACINAT MARCO POLO 7G} => {MAGHIRAN MACINAT MARCO POLO 5G}",0.000112909408027859,0.106145251396648,0.00106372547563088,230.474211569652,38
"{DR.OETKER BUDINCA CARAMEL 40G} => {DR.OETKER BUDINCA CAPSUNI 40G}",0.00010696680760534,0.253521126760563,0.000421924629998841,208.614415096939,36
"{DR.OETKER BUDINCA CARAMEL 40G} => {DR.OETKER BUDINCA VANILIE 40G}",0.000127765909084156,0.302816901408451,0.000421924629998841,73.3721645930297,43
"{PUFARIN CU AROMA DE FRUCTE FELEAC 50G} => {_BANANE}",0.000112909408027859,0.187192118226601,0.000603173942885667,2.03896915546369,38
"{INGHETATA DINO VANILIE 200ML} => {INGHETATA DINO CIOCOLATA 200ML}",0.000127765909084156,0.180672268907563,0.000707169450279748,248.186914765906,43
"{INGHETATA DINO CIOCOLATA 200ML} => {INGHETATA DINO VANILIE 200ML}",0.000127765909084156,0.175510204081633,0.000727968551758564,248.186914765906,43
"{LUCKY STRIKE RED} => {ENERGIZANT HELL 250ML}",0.000166392811830529,0.122270742358079,0.00136085549675683,14.373239662186,56
"{LUCKY STRIKE RED} => {BERE GOLDEN BRAU DOZA 500ML}",0.00026741701901335,0.196506550218341,0.00136085549675683,16.3821820648088,90
"{LUCKY STRIKE RED} => {PAINE CU CARTOFI FELII BACHUS 1.2 KG}",0.000139651109929194,0.102620087336245,0.00136085549675683,1.37543202920251,47
"{TABLETA MENAJ LAPTE PANNI 90G} => {TABLETA MENAJ NEAGRA PANNI 90G}",0.000103995507394081,0.221518987341772,0.000469465433378992,421.202710434098,35
"{TABLETA MENAJ NEAGRA PANNI 90G} => {TABLETA MENAJ LAPTE PANNI 90G}",0.000103995507394081,0.19774011299435,0.000525920137392922,421.202710434099,35
"{JOGO-BELLA IAURT CLASSIC 150G} => {_BANANE}",0.000145593710351713,0.288235294117647,0.000505121035914106,3.13957061755377,49
"{APA MINERALA NATURALA CARBOGAZIFICATA BIBORTENI 2L} => {BERE TILTOTT CSIKI DOZA 500ML}",0.000133708509506675,0.189075630252101,0.000707169450279748,62.9416128469192,45
"{APA MINERALA NATURALA CARBOGAZIFICATA BIBORTENI 2L} => {CORN CU SUSAN RIP-ROP 150G}",0.000154507610985491,0.218487394957983,0.000707169450279748,37.4592910011687,52
"{APA MINERALA NATURALA CARBOGAZIFICATA BIBORTENI 2L} => {APA MINERALA NATURALA CARBOGAZIFICATA TUSNAD 2L}",0.000181249312886826,0.256302521008403,0.000707169450279748,26.7719994888086,61
"{APA MINERALA NATURALA CARBOGAZIFICATA BIBORTENI 2L} => {FRANZELA ALBA BACHUS 1KG}",0.00032090042281602,0.453781512605042,0.000707169450279748,18.9433799816131,108
"{HOHES C MILD JUICE PORTOCALE 100% 1L} => {_BANANE}",0.000154507610985491,0.270833333333333,0.000570489640561814,2.95002171122187,52
"{MARLBORO MICRO FINE TOUCH} => {_BANANE}",0.000148565010562972,0.133333333333333,0.00111423757922229,1.45231838090923,50
"{SEMINTE FLORI GARDENSEED KERTIMAG} => {SEMINTE LEGUME GARDENSEED KERTIMAG}",0.000210962314999421,0.375661375661376,0.000561575739928035,177.570172700791,71
"{DANONE DISNEY DE BAUT CU GUST DE CAPSUNI 190ML} => {DANONE DISNEY FROZEN BAUTURA DIN IAURT GUST DE CAPSUNI 190G}",0.000145593710351713,0.269230769230769,0.000540776638449219,404.510817307692,49
"{DANONE DISNEY FROZEN BAUTURA DIN IAURT GUST DE CAPSUNI 190G} => {DANONE DISNEY DE BAUT CU GUST DE CAPSUNI 190ML}",0.000145593710351713,0.21875,0.000665571247322116,404.510817307692,49
"{DANONE DISNEY DE BAUT CU GUST DE CAPSUNI 190ML} => {_BANANE}",0.000130737209295416,0.241758241758242,0.000540776638449219,2.63332453681344,44
"{SZOBI BAUTURA CU GUST DE PIERSICI 12% 1L} => {_BANANE}",0.000112909408027859,0.169642857142857,0.000665571247322116,1.84781579713897,38
"{GOBE INGHETATA PE BAT IAURT SI AFINE CU GLAZ.45G} => {_BANANE}",0.000109938107816599,0.157446808510638,0.00069825554964597,1.71497170511622,37
"{BERE NEPASTEURIZATA URSUS RETRO DOZA 500ML} => {WINSTON NOVA BLUE 100}",0.000109938107816599,0.131205673758865,0.000837906659575164,29.4384420803783,37
"{BERE NEPASTEURIZATA URSUS RETRO DOZA 500ML} => {PALL MALL S-LINE FLOW VIOLET/ROSE}",0.000136679809717934,0.163120567375887,0.000837906659575163,15.3777916840495,46
"{BERE NEPASTEURIZATA URSUS RETRO DOZA 500ML} => {PAINE CU CARTOFI FELII BACHUS 1.2 KG}",0.000145593710351713,0.173758865248227,0.000837906659575163,2.32891546698075,49
"{CROISSANT CU CREMA DE CACAO BOROMIR 50G} => {_BANANE}",0.000112909408027859,0.143939393939394,0.000784423255772493,1.56784370666337,38
"{7DAYS HOME CROISSANT CU CREMA DE CACAO 300G} => {_BANANE}",0.000115880708239118,0.165254237288136,0.000701226849857229,1.80001324752521,39
"{PAINE DE SOARE BOCSKOR 250G} => {_BANANE}",0.000124794608872897,0.203883495145631,0.000612087843519446,2.22077810673013,42
"{HOHES C MULTIVITAMIN 100% 1L} => {_BANANE}",0.000133708509506675,0.209302325581395,0.000638829545420781,2.27980210956681,45
"{CHIO POPCORN MICROUNDE CASCAVAL 80G} => {CHIO POPCORN MICROUNDE UNT 80G}",0.000127765909084156,0.242937853107345,0.000525920137392922,472.609614316972,43
"{CHIO POPCORN MICROUNDE UNT 80G} => {CHIO POPCORN MICROUNDE CASCAVAL 80G}",0.000127765909084156,0.248554913294798,0.000514034936547884,472.609614316972,43
"{PAINE EXTRUDATA CU LEGUME FARA GLUTEN ABONETT 100G} => {_BANANE}",0.000109938107816599,0.192708333333333,0.000570489640561813,2.09905390990787,37
"{CURMALE FARA SAMBURI KALIFA 200G} => {_BANANE}",0.000127765909084156,0.254437869822485,0.000502149735702846,2.77143596356939,43
"{GOBE CASCAVAL HARLAU} => {_BANANE}",0.000101024207182821,0.215189873417722,0.000469465433378992,2.34393156412565,34
"{7DAYS BAKE ROLLS PIZZA 80G} => {PAINE CU CARTOFI FELII BACHUS 1.2 KG}",0.000109938107816599,0.187817258883249,0.000585346141618111,2.51734217160231,37
"{BISCUITI PETIT BEURRE ROSU CROCO 100G} => {PAINE DE CASA PE FOI DE VARZA RIP-ROP 1KG}",0.000103995507394081,0.155555555555556,0.000668542547533375,2.66629431570608,35
"{BISCUITI PETIT BEURRE ROSU CROCO 100G} => {_BANANE}",0.000157478911196751,0.235555555555556,0.000668542547533375,2.56576247293964,53
"{GOBE INGHETATA PE BAT CIOCOLATA&FRISCA CU GLAZ. CIOC.45G} => {_BANANE}",0.000112909408027859,0.140221402214022,0.00080522235725131,1.52734589874218,38
"{CERBONA BATON CEREALE CU FRUCTE 20G} => {CERBONA BATON CEREALE CU FRUCTE ROSII 20G}",0.000121823308661637,0.275167785234899,0.000442723731477657,341.728943262587,41
"{CERBONA BATON CEREALE CU FRUCTE ROSII 20G} => {CERBONA BATON CEREALE CU FRUCTE 20G}",0.000121823308661637,0.151291512915129,0.00080522235725131,341.728943262587,41
"{CERBONA BATON CEREALE CU FRUCTE 20G} => {CERBONA BATON CEREALE CU AFINE 20G}",0.000109938107816599,0.248322147651007,0.000442723731477657,286.210834789004,37
"{CERBONA BATON CEREALE CU AFINE 20G} => {CERBONA BATON CEREALE CU FRUCTE 20G}",0.000109938107816599,0.126712328767123,0.000867619661687758,286.210834789004,37
"{CERBONA BATON CEREALE CU FRUCTE 20G} => {CERBONA BATON CEREALE CU CIOC.AMARA&ZMEURA 20G}",0.000115880708239118,0.261744966442953,0.000442723731477657,242.008389261745,39
"{CERBONA BATON CEREALE CU CIOC.AMARA&ZMEURA 20G} => {CERBONA BATON CEREALE CU FRUCTE 20G}",0.000115880708239118,0.107142857142857,0.00108155327689844,242.008389261745,39
"{CERBONA BATON CEREALE CU FRUCTE 20G} => {_BANANE}",0.000118852008450378,0.268456375838926,0.000442723731477657,2.92413096827361,40
"{CIOCOLATA MILKA CU CREMA DE VISINE 100G} => {_BANANE}",0.000101024207182821,0.173469387755102,0.000582374841406851,1.88949585271354,34
"{BISCUITI CU JELEU DE CAPSUNI KAROLINA ROSHEN 135G} => {_BANANE}",0.000101024207182821,0.163461538461538,0.000618030443941965,1.78048647659545,34
"{SIO SUC DE PORTOCALE 25% 200ML} => {_BANANE}",0.000101024207182821,0.145922746781116,0.000692312949223451,1.58944715507233,34
"{RONDELE DE OREZ SI IERBURI AROMATE RISOVITAL SCOTTI 100G} => {_BANANE}",0.000169364112041788,0.289340101522843,0.000585346141618111,3.15160460831825,57
"{BISCUITI CU BUC DE CIOCOLATA GYORI EDES 150G} => {_BANANE}",0.000124794608872897,0.205882352941176,0.000606145243096927,2.24255044110984,42
"{HRANA COMPLETA PENTRU PISICI ADULTE CU VITA SI PUI RENO 100G} => {HRANA COMPLETA PENTRU PISICI ADULTE CU PUI PREVITAL 100G}",0.00010696680760534,0.181818181818182,0.00058831744182937,276.884409707939,36
"{HRANA COMPLETA PENTRU PISICI ADULTE CU PUI PREVITAL 100G} => {HRANA COMPLETA PENTRU PISICI ADULTE CU VITA SI PUI RENO 100G}",0.00010696680760534,0.16289592760181,0.000656657346688337,276.884409707939,36
"{SEMINTE DE FLOAREA SOARELUI PRAJITE CU SARE GRIVAS 100G} => {PAINE CU CARTOFI FELII BACHUS 1.2 KG}",0.000101024207182821,0.165853658536585,0.000609116543308186,2.22296082602403,34
"{DANONE DANONINO IAURT DE BAUT CU CAPSUNI 4*100G} => {_BANANE}",0.000103995507394081,0.19774011299435,0.000525920137392922,2.15386200558572,35
"{DANONE IAURT IN STIL GRECESC 130G} => {_BANANE}",0.000115880708239118,0.196969696969697,0.00058831744182937,2.14547033543409,39
"{BOMBOANE PEHELY CU GUST PORTOCALE&LAMAIE 70G} => {GOBE BATON LAPTE 100G}",0.000190163213520604,0.270042194092827,0.000704198150068489,38.444801416465,64
"{BOMBOANE PEHELY CU GUST PORTOCALE&LAMAIE 70G} => {APA MINERALA NATURALA PLATA PERLA HARGHITEI 2L ROZ}",0.000121823308661637,0.172995780590717,0.000704198150068488,16.7209215810303,41
"{BOMBOANE PEHELY CU GUST PORTOCALE&LAMAIE 70G} => {PAINE DE CASA PE FOI DE VARZA RIP-ROP 1KG}",0.00026741701901335,0.379746835443038,0.000704198150068489,6.5090367562445,90
"{BOMBOANE PEHELY CU GUST PORTOCALE&LAMAIE 70G} => {PAINE CU CARTOFI FELII BACHUS 1.2 KG}",0.000139651109929194,0.19831223628692,0.000704198150068489,2.65800788765718,47
"{BERE TILTOTT CSIKI KREM SOR 4.5% 500ML} => {STICLA BERE 500ML CSIKI}",0.000154507610985491,0.161490683229814,0.000956758668025541,182.383133936388,52
"{STICLA BERE 500ML CSIKI} => {BERE TILTOTT CSIKI KREM SOR 4.5% 500ML}",0.000154507610985491,0.174496644295302,0.000885447462955315,182.383133936388,52
"{BERE TILTOTT CSIKI KREM SOR 4.5% 500ML} => {BERE CIUC BLONDA 500ML STICLA}",0.000133708509506675,0.139751552795031,0.000956758668025542,91.6838291380625,45
"{BERE TILTOTT CSIKI KREM SOR 4.5% 500ML} => {BERE TILTOTT IGAZI SOR 6% 500ML}",0.000252560517957053,0.263975155279503,0.000956758668025541,58.410013435097,85
"{REAL PATE 120G} => {PAINE CU CARTOFI FELII BACHUS 1.2 KG}",0.000101024207182821,0.155963302752294,0.000647743446054559,2.09039894190333,34
"{CAPPY BAUT.RAC.SUC DE PORTOCALE CU PULPA 1.5L} => {_BANANE}",0.000109938107816599,0.172093023255814,0.000638829545420781,1.87450395675493,37
"{PEPSI COLA PET 2.25L} => {_BANANE}",0.00010696680760534,0.151898734177215,0.000704198150068488,1.65453992761811,36
"{APA MINERALA MEDICINALA VALCELE 1L} => {APA MINERALA NATURALA CARBOGAZIFICATA CONTINUT REDUS CO2 TUSNAD 2L}",0.000124794608872897,0.14,0.000891390063377833,2.61487429935069,42
"{APA MINERALA MEDICINALA VALCELE 1L} => {PAINE DE CASA PE FOI DE VARZA RIP-ROP 1KG}",0.000101024207182821,0.113333333333333,0.000891390063377834,1.94258585858586,34
"{APA MINERALA MEDICINALA VALCELE 1L} => {_BANANE}",0.000127765909084156,0.143333333333333,0.000891390063377833,1.56124225947742,43
"{VODKA STALINSKAYA 40% 500ML} => {MELCI PIZZA RIP-ROP 120G}",0.000127765909084156,0.191111111111111,0.000668542547533375,37.4819450919451,43
"{VODKA STALINSKAYA 40% 500ML} => {SZEKELYHON}",0.000436781131055138,0.653333333333333,0.000668542547533375,41.6757568865302,147
"{VODKA STALINSKAYA 40% 500ML} => {_BANANE}",0.00021690491542194,0.324444444444444,0.000668542547533375,3.53397472687912,73
"{NAPOLITANE CU CREMA DE CACAO FARA ZAHAR LOVE FREE U&U 180G} => {NAPOLITANE CU CREMA DE LAMAIE FARA ZAHAR,CU INDULCITOR LOVE FREE U&U 180G}",0.000103995507394081,0.150214592274678,0.000692312949223451,127.664574933888,35
"{AIRWAVES CASSIS PASTILE 14G} => {MARLBORO TOUCH 6}",0.000101024207182821,0.114093959731544,0.000885447462955315,67.8421633030569,34
"{BATOANE DE PESTE AURIU FROSTA 300G} => {_BANANE}",0.000112909408027859,0.209944751381215,0.00053780533823796,2.28679966054768,38
"{TACAM DE PUI PG.CONGELAT CRAIESTI} => {_BANANE}",0.000103995507394081,0.14957264957265,0.00069528424943471,1.6292033119174,35
"{_PERE EXTRA} => {_BANANE}",0.000154507610985491,0.25615763546798,0.000603173942885667,2.79016831800295,52
"{BATON LAPTE END-IBO 80G} => {_BANANE}",0.000112909408027859,0.158333333333333,0.000713112050702267,1.72462807732971,38
"{BERE BLONDA STAROPRAMEN PET 1L} => {PALL MALL S-LINE FLOW VIOLET/ROSE}",0.000219876215633199,0.174117647058824,0.00126280258978526,16.4145144175317,74
"{GHIMBIR USCATA KALIFA 100G} => {_BANANE}",0.000130737209295416,0.243093922651934,0.000537805338237959,2.64787329116047,44
"{CHIPS LAY S CASCAVAL 60G} => {_BANANE}",0.000101024207182821,0.155251141552511,0.000650714746265819,1.6910556490039,34
"{HOHES C PORTOCALE 100% 1L} => {_BANANE}",0.000103995507394081,0.175,0.000594260042251889,1.90616787494336,35
"{_CIRESE} => {_ROSII DE GRADINA ROMANIA}",0.000101024207182821,0.145299145299145,0.00069528424943471,15.4164133820502,34
"{_CIRESE} => {_BANANE}",0.00010696680760534,0.153846153846154,0.00069528424943471,1.67575197797219,36
"{PASTE SPAGHETE DIN FAINA DE GRAU DUR BALOGH 400G} => {CARNE TOCATA PORC VRAC}",0.000127765909084156,0.221649484536082,0.000576432240984332,7.42035203114216,43
"{BISCUITI CU SARE CROCO 400G} => {LAPTE BATUT 2% LACTIS 1L}",0.000103995507394081,0.162790697674419,0.000638829545420781,126.238934733683,35
"{BISCUITI CU SARE CROCO 400G} => {PALL MALL BLUE}",0.000148565010562972,0.232558139534884,0.000638829545420781,19.387698671014,50
"{BISCUITI CU SARE CROCO 400G} => {PAINE CU CARTOFI FELII BACHUS 1.2 KG}",0.000187191913309345,0.293023255813953,0.000638829545420781,3.92743352504793,63
"{SANA 3.6% GRASIME GORDON PET 800G} => {_BANANE}",0.000124794608872897,0.200956937799043,0.000621001744153224,2.18890090902587,42
"{INGHETATA CORNET CIOCOLATA&FRISCA SAMY 55G} => {INGHETATA CORNET VANILIE&FISTIC SAMY 55G}",0.000193134513731864,0.244360902255639,0.000790365856195012,337.050798101812,65
"{INGHETATA CORNET VANILIE&FISTIC SAMY 55G} => {INGHETATA CORNET CIOCOLATA&FRISCA SAMY 55G}",0.000193134513731864,0.266393442622951,0.000724997251547305,337.050798101812,65
"{INGHETATA CORNET CIOCOLATA&FRISCA SAMY 55G} => {SZEKELYHON}",0.000101024207182821,0.12781954887218,0.000790365856195012,8.1535353736882,34
"{INGHETATA CORNET CIOCOLATA&FRISCA SAMY 55G} => {FRANZELA ALBA COUNTRY 1KG}",0.000121823308661637,0.154135338345865,0.000790365856195012,6.94533545672992,41
"{PUFULETI LUPENI 40G} => {_BANANE}",0.000169364112041788,0.200704225352113,0.000843849259997682,2.18614826703766,57
"{JELEURI ASORTATE BON SWEET BON 500G} => {PAINE DE CASA PE FOI DE VARZA RIP-ROP 1KG}",0.000109938107816599,0.225609756097561,0.000487293234646549,3.86705578018347,37
"{JELEURI ASORTATE BON SWEET BON 500G} => {_BANANE}",0.000130737209295416,0.268292682926829,0.000487293234646549,2.92234796158564,44
"{HALVA SUPERIOR FELEACUL 200G} => {_BANANE}",0.000130737209295416,0.188841201716738,0.000692312949223451,2.05693161244655,44
"{PASTE SPAGHETE CSALADI BALOGH 1KG} => {CARNE TOCATA PORC VRAC}",0.000130737209295416,0.20952380952381,0.000623973044364483,7.01441029211844,44
"{KENT CORE WHITE 94 S} => {SZEKELYHON}",0.000234732716689496,0.141323792486583,0.00166095681809403,9.01496329278564,79
"{BRANZA DE BURDUF TIP I GORDON 300G} => {_BANANE}",0.000115880708239118,0.203125,0.000570489640561813,2.2125162834164,39
"{OREZ BOB LUNG PREMIUM ATIFCO 1KG} => {_BANANE}",0.000121823308661637,0.220430107526882,0.000552661839294257,2.40101022650316,41
"{SZOBI BAUTURA CU GUST DE PORTOCALE 200ML} => {SZOBI BAUTURA CU GUST DE MERE 12% 200ML}",0.000133708509506675,0.154109589041096,0.000867619661687758,178.8484293812,45
"{SZOBI BAUTURA CU GUST DE MERE 12% 200ML} => {SZOBI BAUTURA CU GUST DE PORTOCALE 200ML}",0.000133708509506675,0.155172413793103,0.000861677061265239,178.8484293812,45
"{SZOBI BAUTURA CU GUST DE PORTOCALE 200ML} => {_BANANE}",0.000103995507394081,0.11986301369863,0.000867619661687758,1.30559443489271,35
"{VARZA MURATA KODO} => {CARNE TOCATA PORC VRAC}",0.000178278012675567,0.25974025974026,0.000686370348800932,8.69554994890716,60
"{HARTIE IGIENICA ZEWA DELUXE JASMINE BLOSSOM 8ROLE} => {_BANANE}",0.000101024207182821,0.147826086956522,0.000683399048589672,1.61017907448632,34
"{CHIPS DIN CARTOFI CU GUST DE PAPRIKA CSIKI CSIPSZ 100G} => {_BANANE}",0.000124794608872897,0.16600790513834,0.00075173895344864,1.80822249006485,42
"{DANONE CREMOSSO IAURT CU VISINE 125G} => {_BANANE}",0.000109938107816599,0.198924731182796,0.000552661839294257,2.16676532635651,37
"{ELAN COSTITA CU FASOLE BOABE 300G} => {PAINE CU CARTOFI FELII BACHUS 1.2 KG}",0.00010696680760534,0.158590308370044,0.000674485147955894,2.12560908215306,36
"{ENERGIZANT HELL RED GRAPE 250ML} => {ENERGIZANT HELL 250ML}",0.000210962314999421,0.137330754352031,0.00153616220922113,16.1435827346975,71
"{GIANA SALATA DE TON MEXICANA 185G} => {_BANANE}",0.000118852008450378,0.199004975124378,0.000597231342463148,2.16763937449139,40
"{DROPSURI CU GUST DE TEI VERBENA 60G} => {DROPSURI CU EXTRACT DE PLANTE MACESE VERBENA 60G}",0.000109938107816599,0.194736842105263,0.000564547040139295,221.416447368421,37
"{DROPSURI CU EXTRACT DE PLANTE MACESE VERBENA 60G} => {DROPSURI CU GUST DE TEI VERBENA 60G}",0.000109938107816599,0.125,0.000879504862532796,221.416447368421,37
"{DUNHILL FINE CUT BLONDE BLEND} => {PAINE CU CARTOFI FELII BACHUS 1.2 KG}",0.000109938107816599,0.108187134502924,0.00101618467225073,1.45004797603993,37
"{BOMBOANE UMPLUTE CU ULEI DE EUCALIPT&MENTHOL DR.TOROK 75G} => {_BANANE}",0.000136679809717934,0.199134199134199,0.000686370348800932,2.16904693252677,46
"{INGHETATA CORNET VANILIE&FISTIC SAMY 55G} => {FRANZELA ALBA COUNTRY 1KG}",0.000101024207182821,0.139344262295082,0.000724997251547305,6.27884984712769,34
"{WINSTON PLUS RED} => {PAINE CU CARTOFI FELII BACHUS 1.2 KG}",0.000130737209295416,0.153310104529617,0.000852763160631461,2.05483773834154,44
"{WINSTON PLUS RED} => {_BANANE}",0.000121823308661637,0.142857142857143,0.000852763160631461,1.55605540811703,41
"{UNT 82% GRASIME MAGYAR 200G} => {_BANANE}",0.000115880708239118,0.165254237288136,0.000701226849857229,1.80001324752521,39
"{DETERGENT VASE PUR BALSAM HANDS&NAILS 450ML} => {PAINE CU CARTOFI FELII BACHUS 1.2 KG}",0.00010696680760534,0.169811320754717,0.000629915644787002,2.27600595117333,36
"{BISCUITI CU CREMA CACAO CROCO 56G} => {_BANANE}",0.000103995507394081,0.172413793103448,0.000603173942885667,1.87799790634814,35
"{CHIO MINI BREZEL 80G} => {_BANANE}",0.000109938107816599,0.18407960199005,0.000597231342463148,2.00506642140453,37
"{ALKA BREAKERS TOORTITZI SNACKS CU SEMINTE 80G} => {PALL MALL BLUE}",0.000124794608872897,0.165354330708661,0.000754710253659899,13.785111732225,42
"{CHESTERFIELD SILVER CROWN RCB 100} => {FRANZELA RIP-ROP 1KG}",0.000130737209295416,0.130177514792899,0.00100429947140569,4.73127787646811,44
"{CHESTERFIELD SILVER CROWN RCB 100} => {APA MINERALA NATURALA CARBOGAZIFICATA CONTINUT REDUS CO2 TUSNAD 2L}",0.000463522832956473,0.461538461538462,0.00100429947140569,8.62046472313413,156
"{CHESTERFIELD SILVER CROWN RCB 100} => {PAINE CU CARTOFI FELII BACHUS 1.2 KG}",0.000109938107816599,0.109467455621302,0.00100429947140569,1.46720830711732,37
"{GOBE SANA 3.6% 150G} => {_BANANE}",0.000103995507394081,0.12280701754386,0.000846820560208942,1.33766166662692,35
"{DR.OETKER BUDINCA CIOCOLATA NEAGRA 50G} => {DR.OETKER BUDINCA VANILIE 40G}",0.000136679809717934,0.291139240506329,0.000469465433378992,70.5426816487592,46
"{ALCOOL SANITAR MONA 500ML} => {_BANANE}",0.000101024207182821,0.137651821862348,0.000733911152181083,1.49935703292248,34
"{PASTE SPAGHETE PAMBAC 500G} => {CARNE TOCATA PORC VRAC}",0.000154507610985491,0.253658536585366,0.000609116543308186,8.49194682815226,52
"{PASTE SPAGHETE PAMBAC 500G} => {PAINE CU CARTOFI FELII BACHUS 1.2 KG}",0.000101024207182821,0.165853658536585,0.000609116543308186,2.22296082602403,34
"{PARIZER DE PUI TARANESC ELIT} => {_BANANE}",0.000115880708239118,0.164556962025316,0.000704198150068489,1.79241825491962,39
"{ALKA BREAKERS TOORTITZI SNACKS CU MIX SUSAN 80G} => {_BANANE}",0.000103995507394081,0.170731707317073,0.000609116543308186,1.8596759755545,35
"{GOBE LAPTE BATUT 2% 750ML} => {PAINE CU CARTOFI FELII BACHUS 1.2 KG}",0.000109938107816599,0.143410852713178,0.000766595454504937,1.92215661940176,37
"{PARIZER PUI BERKE} => {_BANANE}",0.000103995507394081,0.162037037037037,0.00064180084563204,1.76497025457719,35
"{SZOBI BAUTURA CU GUST DE STRUGURI NEGRI 12% 1L} => {BERE BLONDA 4.5% ALC.ALBRAU DOZA 500ML}",0.000118852008450378,0.14760147601476,0.00080522235725131,55.9411256274725,40
"{SZOBI BAUTURA CU GUST DE STRUGURI NEGRI 12% 1L} => {ELAN FRANZELA ALBA FELIATA 700G}",0.000264445718802091,0.328413284132841,0.00080522235725131,40.8306154469007,89
"{SZOBI BAUTURA CU GUST DE STRUGURI NEGRI 12% 1L} => {BERE BUCEGI DOZA 500ML}",0.000205019714576902,0.254612546125461,0.00080522235725131,24.9100628593495,69
"{SZOBI BAUTURA CU GUST DE STRUGURI NEGRI 12% 1L} => {PAINE CU CARTOFI FELII BACHUS 1.2 KG}",0.00010696680760534,0.132841328413284,0.00080522235725131,1.78049174040128,36
"{LAPTE CU CACAO POTTYOS 200ML} => {_BANANE}",0.000101024207182821,0.153153153153153,0.000659628646899597,1.66820354563898,34
"{CONSERVA HRANA COMPLETA PT.PISICI ADULTE CU VITA RENO 415G} => {CONSERVA HRANA COMPLETA PT.PISICI ADULTE CU PASARE RENO 415G}",0.000175306712464307,0.297979797979798,0.00058831744182937,430.411995491395,59
"{CONSERVA HRANA COMPLETA PT.PISICI ADULTE CU PASARE RENO 415G} => {CONSERVA HRANA COMPLETA PT.PISICI ADULTE CU VITA RENO 415G}",0.000175306712464307,0.253218884120172,0.000692312949223451,430.411995491395,59
"{CONSERVA HRANA COMPLETA PT.PISICI ADULTE CU VITA RENO 415G} => {_BANANE}",0.00010696680760534,0.181818181818182,0.00058831744182937,1.98043415578531,36
"{PRAF DE COPT THYMOS 12G} => {PACHET ZAHAR VANILIAT THYMOS 6*8G}",0.000136679809717934,0.264367816091954,0.000517006236759143,171.764057160609,46
"{PRAF DE COPT THYMOS 12G} => {DR.OETKER ZAHAR VANILINAT 8G}",0.000101024207182821,0.195402298850575,0.000517006236759143,44.6761072588706,34
"{LAPTE UHT 3.2% GRASIME FARA LACTOZA MLEKOVITA 1L} => {_BANANE}",0.000151536310774232,0.2125,0.000713112050702267,2.31463241957408,51
"{SUC FRUCTUL DRAGONULUI 25% STICLA TOPJOY 250ML} => {COCA COLA 2.5L PET}",0.00010696680760534,0.125435540069686,0.000852763160631461,28.013077184521,36
"{PROSOP DIN HARTIE HARS CLASSIC 2STRATURI 2 ROLE} => {_BANANE}",0.000115880708239118,0.194029850746269,0.000597231342463148,2.1134483901291,39
"{DETERGENT PT.BUCATARIE FLORASZEPT 750ML} => {DETERGENT PT.BAIE FLORASZEPT 750ML}",0.000118852008450378,0.173160173160173,0.000686370348800932,210.388360135653,40
"{DETERGENT PT.BAIE FLORASZEPT 750ML} => {DETERGENT PT.BUCATARIE FLORASZEPT 750ML}",0.000118852008450378,0.144404332129964,0.000823050158518866,210.388360135653,40
"{GOBE UNT DE MASA DIN CRISTUR 65% 200G} => {_BANANE}",0.000133708509506675,0.207373271889401,0.0006447721458433,2.25879010855698,45
"{BISCUITI MARSHMALLOW CU GLAZURA DE CAPSUNI PUF 18G} => {BISCUITI MARSHMALLOW CU GLAZURA DE CACAO PUF 18G}",0.000142622410140453,0.195121951219512,0.000730939851969823,263.730433930845,48
"{BISCUITI MARSHMALLOW CU GLAZURA DE CACAO PUF 18G} => {BISCUITI MARSHMALLOW CU GLAZURA DE CAPSUNI PUF 18G}",0.000142622410140453,0.192771084337349,0.000739853752603602,263.730433930845,48
"{BISCUITI MARSHMALLOW CU GLAZURA DE CAPSUNI PUF 18G} => {_BANANE}",0.000109938107816599,0.150406504065041,0.000730939851969823,1.63828597846468,37
"{PERNITE VIVA CU CREMA DE VANILIE 100G} => {PERNITE VIVA CU CREMA DE CAPSUNI 100G}",0.000133708509506675,0.191489361702128,0.00069825554964597,200.143848288622,45
"{PERNITE VIVA CU CREMA DE CAPSUNI 100G} => {PERNITE VIVA CU CREMA DE VANILIE 100G}",0.000133708509506675,0.139751552795031,0.000956758668025542,200.143848288622,45
"{PERNITE VIVA CU CREMA DE VANILIE 100G} => {PAINE CU CARTOFI FELII BACHUS 1.2 KG}",0.00027038831922461,0.387234042553191,0.00069825554964597,5.19015446927138,91
"{NAPOLITANE GLAZURAT CU CREMA DE CACAO BALATON 30G} => {NAPOLITANE GLAZURAT CU CREMA DE LAPTE BALATON 30G}",0.000175306712464307,0.256521739130435,0.000683399048589672,327.019548748353,59
"{NAPOLITANE GLAZURAT CU CREMA DE LAPTE BALATON 30G} => {NAPOLITANE GLAZURAT CU CREMA DE CACAO BALATON 30G}",0.000175306712464307,0.223484848484848,0.000784423255772494,327.019548748353,59
"{GIANA COMPOT DE ANANAS BUCATI 580ML} => {_BANANE}",0.000184220613098086,0.314720812182741,0.000585346141618111,3.42806115290757,62
"{BAUTURA SPIRTOASA 28% CAVA DORO ORIGINAL 200ML} => {KENT 100 S}",0.000228790116266977,0.178240740740741,0.00128360169126408,40.5046968389727,77
"{BAUTURA SPIRTOASA 28% CAVA DORO ORIGINAL 200ML} => {BERE BUCEGI 2.5L PET}",0.000252560517957053,0.196759259259259,0.00128360169126408,33.3601606959604,85
"{BISCUITI MARSHMALLOW CU GLAZURA DE CACAO PUF 18G} => {_BANANE}",0.000101024207182821,0.136546184738956,0.000739853752603602,1.4873140045456,34
"{LAPTE DE CONSUM 1.5% GORDON 1L} => {PAINE CU CARTOFI FELII BACHUS 1.2 KG}",0.000133708509506675,0.182926829268293,0.000730939851969824,2.45179502870297,45
"{LAPTE DE CONSUM 1.5% GORDON 1L} => {_BANANE}",0.000148565010562972,0.203252032520325,0.000730939851969824,2.21389997089821,50
"{CIOCOLATA AMARUIE 70% CACAO CLASSIC ROSHEN 90G} => {_BANANE}",0.000124794608872897,0.2,0.000623973044364483,2.17847757136384,42
"{CIOCOLATA AERATA CU LAPTE ROSHEN 80G} => {CIOCOLATA AERATA AMARUIE ROSHEN 80G}",0.000103995507394081,0.145833333333333,0.000713112050702267,133.734729791099,35
"{SZOBI BAUTURA CU GUST DE MERE 12% 200ML} => {_BANANE}",0.00010696680760534,0.124137931034483,0.000861677061265239,1.35215849257066,36
"{GALUSTE CU PRUNE CONGELATE NADUDVARI 450G} => {_BANANE}",0.000103995507394081,0.167464114832536,0.000621001744153224,1.82408409085489,35
"{CAPPUCCINO JACOBS ORIGINAL 14.4G} => {_BANANE}",0.000101024207182821,0.191011235955056,0.000528891437604181,2.08056846703288,34
"{STICLA BERE 500ML AMIGO} => {BERE CIUC BLONDA 500ML STICLA}",0.000184220613098086,0.23574144486692,0.000781451955561234,154.657876207206,62
"{BERE CIUC BLONDA 500ML STICLA} => {STICLA BERE 500ML AMIGO}",0.000184220613098086,0.120857699805068,0.0015242770083761,154.657876207206,62
"{STICLA BERE 500ML AMIGO} => {BERE HARGHITA 500ML STICLA}",0.000282273520069647,0.361216730038023,0.000781451955561234,203.291930007503,95
"{BERE HARGHITA 500ML STICLA} => {STICLA BERE 500ML AMIGO}",0.000282273520069647,0.158862876254181,0.00177683752633315,203.291930007503,95
"{STORY} => {KISKEGYED}",0.000112909408027859,0.1484375,0.000760652854082418,102.792357896091,38
"{CIOCOLATA CALDA HOT BIANCO LA FESTA 25G} => {CIOCOLATA CALDA HOT CLASSICO LA FESTA 25G}",0.000112909408027859,0.174311926605505,0.000647743446054559,141.361932132199,38
"{CIOCOLATA CALDA HOT BIANCO LA FESTA 25G} => {_BANANE}",0.000115880708239118,0.178899082568807,0.000647743446054559,1.94863819456857,39
"{BRANZA TOPITA MEDVE FARA LACTOZA 140G} => {_BANANE}",0.00016045021140801,0.253521126760563,0.000632886944998262,2.76145044257388,54
"{LAPTE UHT 3.5% GRASIME RISKA 1L} => {WINSTON SUPERSLIMS BLUE}",0.000151536310774232,0.219827586206897,0.000689341649012191,74.8065051776437,51
"{LAPTE UHT 3.5% GRASIME RISKA 1L} => {PAINE DE CASA PE FOI DE VARZA RIP-ROP 1KG}",0.00010696680760534,0.155172413793103,0.000689341649012191,2.65972708832749,36
"{LAPTE UHT 3.5% GRASIME RISKA 1L} => {PAINE CU CARTOFI FELII BACHUS 1.2 KG}",0.000112909408027859,0.163793103448276,0.000689341649012191,2.19534290501105,38
"{CUB CU GUST DE GAINA THYMOS 8*10G 6+2GRATIS} => {_MORCOVI}",0.00010696680760534,0.203389830508475,0.000525920137392922,4.84955420666799,36
"{COCA COLA ZERO 1.25L} => {PAINE CU CARTOFI FELII BACHUS 1.2 KG}",0.000101024207182821,0.125,0.000808193657462569,1.6753932696137,34
"{CERBONA BATON CEREALE FARA GLUTEN VISINE&CIOCOLATA 35G} => {CERBONA BATON CEREALE FARA GLUTEN FRUCTE 35G}",0.000127765909084156,0.20873786407767,0.000612087843519446,317.879431533629,43
"{CERBONA BATON CEREALE FARA GLUTEN FRUCTE 35G} => {CERBONA BATON CEREALE FARA GLUTEN VISINE&CIOCOLATA 35G}",0.000127765909084156,0.194570135746606,0.000656657346688337,317.879431533629,43
"{CERBONA BATON CEREALE FARA GLUTEN VISINE&CIOCOLATA 35G} => {CERBONA BATON CEREALE ZMEURA FARA GLUTEN 35G}",0.000118852008450378,0.194174757281553,0.000612087843519446,271.162228578335,40
"{CERBONA BATON CEREALE ZMEURA FARA GLUTEN 35G} => {CERBONA BATON CEREALE FARA GLUTEN VISINE&CIOCOLATA 35G}",0.000118852008450378,0.16597510373444,0.000716083350913526,271.162228578335,40
"{CERBONA BATON CEREALE FARA GLUTEN VISINE&CIOCOLATA 35G} => {_BANANE}",0.000151536310774232,0.247572815533981,0.000612087843519446,2.69665912960087,51
"{TELENOVELLA} => {_BANANE}",0.000103995507394081,0.147679324894515,0.000704198150068489,1.60858048518427,35
"{_PRAZ} => {_MORCOVI}",0.000101024207182821,0.178010471204188,0.000567518340350554,4.24441786150785,34
"{_PRAZ} => {_BANANE}",0.000115880708239118,0.204188481675393,0.000567518340350554,2.2241001383034,39
"{TOBA DE PORC BERKE} => {_BANANE}",0.000101024207182821,0.152466367713004,0.000662599947110856,1.66072281225046,34
"{SLANINA LUCRU} => {PULPE PORC FARA OS}",0.000101024207182821,0.118055555555556,0.00085573446084272,13.8390635280003,34
"{SLANINA LUCRU} => {CARNE TOCATA PORC VRAC}",0.000139651109929194,0.163194444444444,0.00085573446084272,5.46340195574566,47
"{HALVA CACAO FELEACUL 200G} => {_BANANE}",0.000151536310774232,0.200787401574803,0.000754710253659899,2.18705425471567,51
"{DANONE DANONINO AROMA DE AFINE&BANANE 4*50G} => {_BANANE}",0.000139651109929194,0.236180904522613,0.00059128874204063,2.57257401643469,47
"{CAPPUCCINO MOCHACCINO LA FESTA 22G} => {KENT CORE BLUE}",0.000101024207182821,0.173469387755102,0.000582374841406851,54.5622830440587,34
"{CAPPUCCINO MOCHACCINO LA FESTA 22G} => {PAINE CU CARTOFI FELII BACHUS 1.2 KG}",0.000154507610985491,0.26530612244898,0.000582374841406851,3.55593673550663,52
"{DANONE CREMOSSO IAURT CU CAPSUNI 125G} => {DANONE CREMOSSO IAURT CU PIERSICI 125G}",0.000154507610985491,0.288888888888889,0.0005348340380267,361.436513837257,52
"{DANONE CREMOSSO IAURT CU PIERSICI 125G} => {DANONE CREMOSSO IAURT CU CAPSUNI 125G}",0.000154507610985491,0.193308550185874,0.000799279756828791,361.436513837257,52
"{DANONE CREMOSSO IAURT CU CAPSUNI 125G} => {_BANANE}",0.000166392811830529,0.311111111111111,0.0005348340380267,3.3887428887882,56
"{SAPUN PROTEX FRESH 90G} => {_BANANE}",0.000112909408027859,0.180094786729858,0.000626944344575743,1.96166226805275,38
"{BISCUITI CEREALE GYORI EDES ZABFALATOK 215G} => {_BANANE}",0.000115880708239118,0.159183673469388,0.000727968551758564,1.73389031190183,39
"{PASTE FUNDITE CU 8 OUA GYERMELYI 250G} => {_MORCOVI}",0.000121823308661637,0.203980099502488,0.000597231342463148,4.86362836895931,41
"{SZOBI BAUTURA CU GUST DE STRUGURI ALB 12% 1L} => {ELAN FRANZELA ALBA FELIATA 700G}",0.000187191913309345,0.227436823104693,0.000823050158518866,28.2765220267284,63
"{SZOBI BAUTURA CU GUST DE STRUGURI ALB 12% 1L} => {BERE BUCEGI DOZA 500ML}",0.000175306712464307,0.212996389891697,0.000823050158518866,20.8385389555873,59
"{BATON CIOCOLATA CU LAPTE UMPL.DE CR.DE ZAHAR ARS ROSHEN 43G} => {BATON CIOCOLATA LAPTE UMPL.DE CREMA CARAMEL ROSHEN 40G}",0.000199077114154383,0.245421245421245,0.000811164957673829,220.848279171809,67
"{BATON CIOCOLATA LAPTE UMPL.DE CREMA CARAMEL ROSHEN 40G} => {BATON CIOCOLATA CU LAPTE UMPL.DE CR.DE ZAHAR ARS ROSHEN 43G}",0.000199077114154383,0.179144385026738,0.00111126627901103,220.848279171809,67
"{BATON CIOCOLATA CU LAPTE UMPL.DE CR.DE ZAHAR ARS ROSHEN 43G} => {BATON CIOCOLATA CU UMPL.CU GUST DE CIOC.FONDANT ROSHEN 43G}",0.000151536310774232,0.186813186813187,0.000811164957673829,197.712385099178,51
"{BATON CIOCOLATA CU UMPL.CU GUST DE CIOC.FONDANT ROSHEN 43G} => {BATON CIOCOLATA CU LAPTE UMPL.DE CR.DE ZAHAR ARS ROSHEN 43G}",0.000151536310774232,0.160377358490566,0.000944873467180504,197.712385099178,51
"{ELAN PATE CU FICAT DE PORC 156G} => {ELAN PATE CU FICAT DE PASARE 156G}",0.00016045021140801,0.237885462555066,0.000674485147955894,334.983540080733,54
"{ELAN PATE CU FICAT DE PASARE 156G} => {ELAN PATE CU FICAT DE PORC 156G}",0.00016045021140801,0.225941422594142,0.000710140750491007,334.983540080733,54
"{CIOCOLATA LAPTE CU COCOS ROSHEN 90G} => {CIOCOLATA CU LAPTE CU NUGA&AFINE ROSHEN 90G}",0.000121823308661637,0.193396226415094,0.000629915644787002,305.577841261405,41
"{CIOCOLATA CU LAPTE CU NUGA&AFINE ROSHEN 90G} => {CIOCOLATA LAPTE CU COCOS ROSHEN 90G}",0.000121823308661637,0.192488262910798,0.000632886944998262,305.577841261405,41
"{DETERGENT VASE PUR BALSAM 3X ACTION MERE 450ML} => {_BANANE}",0.000109938107816599,0.150406504065041,0.000730939851969823,1.63828597846468,37
"{CONSERVA FILE DE SOMON IN SOS TOMAT EVRAFISH 170G} => {_BANANE}",0.000142622410140453,0.221198156682028,0.0006447721458433,2.40937611579411,48
"{7DAYS BAKE ROLLS SIMPLE 80G} => {PALL MALL BLUE}",0.000118852008450378,0.142857142857143,0.000831964059152645,11.9095863264801,40
"{7DAYS BAKE ROLLS SIMPLE 80G} => {PAINE CU CARTOFI FELII BACHUS 1.2 KG}",0.000127765909084156,0.153571428571429,0.000831964059152645,2.05834030266826,43
"{7DAYS BAKE ROLLS SIMPLE 80G} => {_BANANE}",0.000109938107816599,0.132142857142857,0.000831964059152645,1.43935125250825,37
"{SIO SUC DE MERE 25% 1L} => {PAINE DE CASA PE FOI DE VARZA RIP-ROP 1KG}",0.000118852008450378,0.146520146520147,0.000811164957673828,2.51142321730557,40
"{SIO SUC DE MERE 25% 1L} => {_BANANE}",0.000115880708239118,0.142857142857143,0.000811164957673829,1.55605540811703,39
"{DANONE IAURT NATURAL 130G} => {PAINE INTEGRALA FELII BACHUS 500G}",0.000196105813943123,0.268292682926829,0.000730939851969823,111.889352313597,66
"{DANONE IAURT NATURAL 130G} => {SZEKELYHON}",0.000207991014788161,0.284552845528455,0.000730939851969823,18.1514620585933,70
"{DANONE IAURT NATURAL 130G} => {_BANANE}",0.000157478911196751,0.215447154471545,0.000730939851969823,2.34673396915211,53
"{MARLBORO GOLD} => {BERE GOLDEN BRAU DOZA 500ML}",0.000585346141618111,0.403688524590164,0.00144999450309461,33.6543433283115,197
"{MARLBORO GOLD} => {PAINE CU CARTOFI FELII BACHUS 1.2 KG}",0.000243646617323274,0.168032786885246,0.00144999450309461,2.25216800177579,82
"{_RODII KG} => {_BANANE}",0.000178278012675567,0.275229357798165,0.000647743446054559,2.99790491472088,60
"{GLUCOZA NATURALA BOROMIR 100G} => {_BANANE}",0.00010696680760534,0.125874125874126,0.000849791860420201,1.37106980015906,36
"{BRANZA TOPITA CU SMANTANA FRISS 125G} => {PAINE DE CASA PE FOI DE VARZA RIP-ROP 1KG}",0.000103995507394081,0.160550458715596,0.000647743446054559,2.75190927079756,35
"{LAPTE CONDENSAT IN ULCIOR 12% TURM 200G} => {_BANANE}",0.000112909408027859,0.155737704918033,0.000724997251547305,1.69635548589807,38
"{CREMA GULAS DULCE UNIVER 70G RO} => {_MORCOVI}",0.000101024207182821,0.152466367713004,0.000662599947110856,3.63535341501345,34
"{SALAM RUSTIC GASTRO FOX} => {PAINE CU CARTOFI FELII BACHUS 1.2 KG}",0.000101024207182821,0.138211382113821,0.000730939851969823,1.85246735502003,34
"{LAPTE CU CACAO UHT FARA ZAHAR POTTYOS 300ML} => {_BANANE}",0.000112909408027859,0.151394422310757,0.000745796353026121,1.64904676716785,38
"{BATON LAPTE END-IBO 100G} => {_BANANE}",0.000115880708239118,0.142857142857143,0.000811164957673829,1.55605540811703,39
"{COMPOT DE VISINE FARA SAMBURI PREMIKO 680G} => {_BANANE}",0.000130737209295416,0.186440677966102,0.000701226849857229,2.03078417669511,44
"{GRIS DE GRAU TOTKOMLOSI 1KG} => {_BANANE}",0.000115880708239118,0.149425287356322,0.000775509355138715,1.62759818550172,39
"{SEMINTE DE DOVLEAC DECOJITE NF 150G} => {_BANANE}",0.000133708509506675,0.191489361702128,0.00069825554964597,2.08577639811432,45
"{KNORR CUB DE GAINA 60G 6CUBURI} => {_MORCOVI}",0.000115880708239118,0.205263157894737,0.000564547040139295,4.89422115330835,39
"{KNORR CUB DE GAINA 60G 6CUBURI} => {_BANANE}",0.000109938107816599,0.194736842105263,0.000564547040139295,2.12114921422269,37
"{KEFIR 3.5% GRASIME GORDON PET 800G} => {_BANANE}",0.000163421511619269,0.230125523012552,0.000710140750491007,2.50661645240609,55
"{CHIPS DE CARTOFI SARATI LIZA SNACK 45G} => {_BANANE}",0.000199077114154383,0.242753623188406,0.000820078858307607,2.64416661741626,67
"{PAINE CU SEMINTE BACHUS 300G} => {_BANANE}",0.000285244820280907,0.288288288288288,0.000989442970349395,3.14014785061455,96
"{BRANZA CIOCOLATA FITT POTTYOS NATUR 38G} => {_BANANE}",0.000124794608872897,0.172131147540984,0.000724997251547305,1.87491922125577,42
"{MAIONEZA REGAL 420G} => {_BANANE}",0.000115880708239118,0.165254237288136,0.000701226849857229,1.80001324752521,39
"{BOMBOANE UMPLUTE CU PEPPERMINT&SPEARMINT DR.TOROK 75G} => {PAINE DE CASA PE FOI DE VARZA RIP-ROP 1KG}",0.000127765909084156,0.176954732510288,0.000722025951336045,3.03308612633231,43
"{BOMBOANE UMPLUTE CU PEPPERMINT&SPEARMINT DR.TOROK 75G} => {_BANANE}",0.000133708509506675,0.185185185185185,0.000722025951336045,2.01710886237393,45
"{MARLBORO XL TOUCH} => {ORBIT PASTILE SPEARMINT 14G}",0.000115880708239118,0.11304347826087,0.00102509857288451,26.7546566379258,39
"{MARLBORO XL TOUCH} => {APA MINERALA NATURALA CARBOGAZIFICATA CONTINUT REDUS CO2 TUSNAD 2L}",0.000243646617323274,0.23768115942029,0.00102509857288451,4.43933110862849,82
"{MARLBORO XL TOUCH} => {PAINE CU CARTOFI FELII BACHUS 1.2 KG}",0.000133708509506675,0.130434782608696,0.00102509857288451,1.74823645524908,45
"{_KIWI CASEROLA BUC} => {_BANANE}",0.000234732716689496,0.376190476190476,0.000623973044364483,4.09761257470818,79
"{KETCHUP DULCE TOMI 1KG} => {_BANANE}",0.000109938107816599,0.165178571428571,0.000665571247322116,1.79918906563532,37
"{BISCUITI CU CREMA DECAPSUNI MULTICAKE ROSHEN 195G} => {_BANANE}",0.000109938107816599,0.153526970954357,0.000716083350913526,1.67227531411747,37
"{IAURT 2.8% GRASIME GORDON PET 330G} => {CORN RIP-ROP 100G}",0.000101024207182821,0.124542124542125,0.000811164957673828,7.64593681886641,34
"{ZAHAR CRISTAL MAGDA 1KG} => {_BANANE}",0.000115880708239118,0.149425287356322,0.000775509355138715,1.62759818550172,39
"{CIOCOLATA MILKA ALBA 100G} => {_BANANE}",0.00010696680760534,0.145748987854251,0.000733911152181083,1.58755450544733,36
"{BOMBOANE EUCALIPT MENTHOL WOOGIE 250G} => {_BANANE}",0.000115880708239118,0.13448275862069,0.000861677061265239,1.46483836695155,39
"{DANONE DANETTE CREMA DE CIOCOLATA 125G} => {DANONE DANETTE CREMA CU VANILIE 125G}",0.00016045021140801,0.234782608695652,0.000683399048589672,273.41450278321,54
"{DANONE DANETTE CREMA CU VANILIE 125G} => {DANONE DANETTE CREMA DE CIOCOLATA 125G}",0.00016045021140801,0.186851211072664,0.00085870576105398,273.41450278321,54
"{DROPSURI CU GUST DE MENTHOL EUCALYPTUS BIM BOM ROSHEN 200G} => {_BANANE}",0.000118852008450378,0.126984126984127,0.000935959566546725,1.38316036277069,40
"{NAPOLITANE CU CREMA DE FRUCTE DE PADURE&FRISCA ALFERS 170G} => {PAINE CU CARTOFI FELII BACHUS 1.2 KG}",0.000103995507394081,0.125448028673835,0.000828992758941385,1.6813982634116,35
"{NAPOLITANE CU CREMA DE FRUCTE DE PADURE&FRISCA ALFERS 170G} => {_BANANE}",0.00010696680760534,0.129032258064516,0.000828992758941385,1.4054694008799,36
"{NAPOLITANE CU CREMA DE CACAO ALFERS 170G} => {PAINE CU CARTOFI FELII BACHUS 1.2 KG}",0.00010696680760534,0.128113879003559,0.000834935359363904,1.71712904501333,36
"{NAPOLITANE CU CREMA DE CACAO ALFERS 170G} => {_BANANE}",0.000166392811830529,0.199288256227758,0.000834935359363904,2.17072498214191,56
"{ELAN CIOLAN AFUMAT FARA OS} => {CARNE TOCATA PORC VRAC}",0.000172335412253048,0.22568093385214,0.000763624154293677,7.55531635638509,58
"{CIOCOLATA MILKA TRIPLE CARAMEL 90G} => {_BANANE}",0.000136679809717934,0.180392156862745,0.000757681553871159,1.96490133887719,46
"{BISCUITI CU SUSAN CROCO 150G} => {_BANANE}",0.000142622410140453,0.185328185328185,0.000769566754716196,2.01866647539507,48
"{PERNITE VIVA CU CREMA DE CACAO 100G} => {PERNITE VIVA CU CREMA DE CAPSUNI 100G}",0.000133708509506675,0.182186234817814,0.000733911152181083,190.420260517515,45
"{PERNITE VIVA CU CREMA DE CAPSUNI 100G} => {PERNITE VIVA CU CREMA DE CACAO 100G}",0.000133708509506675,0.139751552795031,0.000956758668025542,190.420260517514,45
"{ELAN CONSERVA CARNE PRESATA 300G} => {ELAN CONSERVA SUNCA 300G}",0.000115880708239118,0.165957446808511,0.00069825554964597,128.398796771827,39
"{ELAN CONSERVA CARNE PRESATA 300G} => {_BANANE}",0.00010696680760534,0.153191489361702,0.00069825554964597,1.66862111849145,36
"{ELAN SERVETELE ANTIBACTERIENE 15BUC} => {_BANANE}",0.000103995507394081,0.148936170212766,0.00069825554964597,1.62227053186669,35
"{MASLINE NEGRE COLOSAL 121/140 ELITA} => {_BANANE}",0.000115880708239118,0.168831168831169,0.000686370348800932,1.83897457322922,39
"{_FASOLE ALB MARE KG} => {_MORCOVI}",0.000154507610985491,0.169934640522876,0.00090921786464539,4.05186064979776,52
"{_FASOLE ALB MARE KG} => {_BANANE}",0.000101024207182821,0.111111111111111,0.00090921786464539,1.21026531742436,34
"{CASCAVAL FELII EMENTALER MLEKOVITA 130G} => {_BANANE}",0.000136679809717934,0.208144796380091,0.000656657346688337,2.26719385255061,46
"{DANONE ACTIVIA CLASIC CU FULGI DE PORUMB 168G} => {DANONE ACTIVIA CLASIC CU FULGI DE CEREALE 168G}",0.000121823308661637,0.169421487603306,0.000719054651124786,205.845884178178,41
"{DANONE ACTIVIA CLASIC CU FULGI DE CEREALE 168G} => {DANONE ACTIVIA CLASIC CU FULGI DE PORUMB 168G}",0.000121823308661637,0.148014440433213,0.000823050158518866,205.845884178178,41
"{DANONE ACTIVIA CLASIC CU FULGI DE PORUMB 168G} => {_BANANE}",0.000118852008450378,0.165289256198347,0.000719054651124786,1.80039468707756,40
"{NAPOLITANE GLAZURAT CU CREMA DE LAPTE BALATON 30G} => {_BANANE}",0.000133708509506675,0.170454545454545,0.000784423255772494,1.85665702104873,45
"{DR.OETKER BUDINCA LAMAIE 40G} => {DR.OETKER BUDINCA CAPSUNI 40G}",0.000127765909084156,0.20873786407767,0.000612087843519446,171.763702613526,43
"{DR.OETKER BUDINCA CAPSUNI 40G} => {DR.OETKER BUDINCA LAMAIE 40G}",0.000127765909084156,0.105134474327628,0.00121526178640511,171.763702613526,43
"{DR.OETKER BUDINCA LAMAIE 40G} => {DR.OETKER BUDINCA VANILIE 40G}",0.000145593710351713,0.237864077669903,0.000612087843519446,57.6341748970762,49
"{DR.OETKER BUDINCA LAMAIE 40G} => {_BANANE}",0.000109938107816599,0.179611650485437,0.000612087843519446,1.95639976069083,37
"{MOGYI POPCORN MICROUNDE SARE 3*100G} => {_BANANE}",0.000101024207182821,0.1328125,0.000760652854082418,1.4466452622338,34
"{BRANZA TOPITA FELII SMANTANA HOCHLAND 140G} => {_BANANE}",0.000130737209295416,0.195555555555556,0.000668542547533375,2.13006695866687,44
"{7DAYS CROISSANT DOUBLE VANILIE&CAPSUNI 80G} => {7DAYS CROISSANT DOUBLE CREMA DE VANILIE&VISINE 80G}",0.000178278012675567,0.25,0.000713112050702267,264.585691823899,60
"{7DAYS CROISSANT DOUBLE CREMA DE VANILIE&VISINE 80G} => {7DAYS CROISSANT DOUBLE VANILIE&CAPSUNI 80G}",0.000178278012675567,0.188679245283019,0.000944873467180504,264.585691823899,60
"{7DAYS CROISSANT DOUBLE VANILIE&CAPSUNI 80G} => {FRANZELA RIP-ROP 1KG}",0.000103995507394081,0.145833333333333,0.000713112050702267,5.30028572714183,35
"{7DAYS CROISSANT DOUBLE VANILIE&CAPSUNI 80G} => {_BANANE}",0.000199077114154383,0.279166666666667,0.000713112050702267,3.0407916100287,67
"{CAPPY BAUT.RAC.SUC DE GRAPEFRUIT CU PULPA 1.5L} => {_BANANE}",0.000118852008450378,0.141342756183746,0.000840877959786423,1.53956012110519,40
"{BOABE DE MUSTAR ECOM 50G} => {ELAN FOI DE DAFIN 15G}",0.000121823308661637,0.146953405017921,0.000828992758941385,112.148773965978,41
"{BOABE DE MUSTAR ECOM 50G} => {OTET BISTRITA 1L}",0.000231761416478237,0.279569892473118,0.000828992758941385,29.1300575917973,78
"{PEPSI TWIST LEMON 2L} => {PAINE DE CASA PE FOI DE VARZA RIP-ROP 1KG}",0.000112909408027859,0.142857142857143,0.000790365856195012,2.44863763687293,38
"{PEPSI TWIST LEMON 2L} => {_BANANE}",0.000148565010562972,0.18796992481203,0.000790365856195012,2.04744132646978,50
"{ALKA BREAKERS TOORTITZI SNACKS CU SARE 80G} => {FOIETAJ CU GEM RIP-ROP 100G}",0.000154507610985491,0.118993135011442,0.00129845819232038,53.899726201219,52
"{ALKA BREAKERS TOORTITZI SNACKS CU SARE 80G} => {CORN CU SUSAN RIP-ROP 150G}",0.000306043921759723,0.235697940503432,0.00129845819232038,40.4100096639082,103
"{ALKA BREAKERS TOORTITZI SNACKS CU SARE 80G} => {PALL MALL BLUE}",0.000603173942885667,0.464530892448513,0.00129845819232038,38.7265953545267,203
"{KNORR CUB DE GAINA 120G} => {_MORCOVI}",0.000103995507394081,0.158371040723982,0.000656657346688337,3.77614232155709,35
"{L&M RED 100} => {ELAN FRANZELA ALBA FELIATA 700G}",0.000199077114154383,0.157276995305164,0.00126577388999652,19.5537660143845,67
"{L&M RED 100} => {BERE BUCEGI DOZA 500ML}",0.000133708509506675,0.105633802816901,0.00126577388999652,10.334701523092,45
"{BISCUITI MILKA CHOCOMINIS 37.5G} => {SZEKELYHON}",0.000121823308661637,0.184684684684685,0.000659628646899597,11.7809296218129,41
"{BISCUITI MILKA CHOCOMINIS 37.5G} => {FRANZELA ALBA COUNTRY 1KG}",0.000112909408027859,0.171171171171171,0.000659628646899597,7.71296976451616,38
"{DOMESTOS ATLANTIC 750ML} => {_BANANE}",0.000109938107816599,0.135531135531136,0.000811164957673829,1.47625769488026,37
"{CHIO STICKLETTI ORIGINAL 100G} => {_BANANE}",0.000157478911196751,0.221757322175732,0.000710140750491007,2.41546676322769,53
"{PASTA DE DINTI COLGATE TRIPLE ACTION 100ML} => {_BANANE}",0.000112909408027859,0.132867132867133,0.000849791860420201,1.44724034461234,38
"{_PRUNE USCATE CU SAMBURI} => {_BANANE}",0.000175306712464307,0.263392857142857,0.000665571247322116,2.86897715871577,59
"{CARNACIORI CU FASOLE BOABE ROTINA 800G} => {_BANANE}",0.00010696680760534,0.135338345864662,0.000790365856195012,1.47415775505824,36
"{HARTIE IGIENICA ZEWA DELUXE PEACH 8ROLE} => {_BANANE}",0.000142622410140453,0.166089965397924,0.00085870576105398,1.80911632223987,48
"{AMESTEC DE LEGUME MIXT PRIMAVARA CONG.AGROSPRINT 400G} => {CARNE TOCATA PORC VRAC}",0.000118852008450378,0.173913043478261,0.000683399048589672,5.82223779187697,40
"{CIOCOLATA AERATA ALBA ROSHEN 80G} => {PAINE CU CARTOFI FELII BACHUS 1.2 KG}",0.000127765909084156,0.171314741035857,0.000745796353026121,2.2961565129367,43
"{CIOCOLATA AERATA ALBA ROSHEN 80G} => {_BANANE}",0.000109938107816599,0.147410358565737,0.000745796353026121,1.6056507996108,37
"{CIOCOLATA MILKA DESERT 100G} => {_BANANE}",0.000118852008450378,0.144927536231884,0.000820078858307607,1.5786069357709,40
"{MINI SALAM SASESC CRIS-TIM 350G} => {PAINE CU CARTOFI FELII BACHUS 1.2 KG}",0.00010696680760534,0.140077821011673,0.000763624154293677,1.87748350836088,36
"{MINI SALAM SASESC CRIS-TIM 350G} => {_BANANE}",0.000109938107816599,0.143968871595331,0.000763624154293677,1.56816478872494,37
"{BATON CIOCOLATA SPORT XXL 51G} => {BATON CIOCOLATA SPORT XL 42G}",0.000101024207182821,0.112582781456954,0.000897332663800352,101.581964739094,34
"{DANONE DANONINO BANANE&ZMEURA 4*50G} => {_BANANE}",0.000133708509506675,0.199115044247788,0.000671513847744635,2.16883829007462,45
"{PASTE FIDEA CU 4 OUA TETOVARI BALOGH 250G} => {_PATRUNJEL RADACINA KG}",0.000127765909084156,0.166023166023166,0.000769566754716196,7.25751326076044,43
"{PASTE FIDEA CU 4 OUA TETOVARI BALOGH 250G} => {_MORCOVI}",0.000178278012675567,0.231660231660232,0.000769566754716196,5.52362351724732,60
"{7DAYS MINI CROISSANTE CU CREMA DE CACAO 185G} => {_BANANE}",0.000145593710351713,0.157556270096463,0.000924074365701687,1.71616400316444,49
"{SIO SUC DE PIERSICA 25% 200ML} => {SIO SUC DE STRUGURI ALB 25% 200ML}",0.00010696680760534,0.123287671232877,0.000867619661687758,123.859210795338,36
"{SIO SUC DE STRUGURI ALB 25% 200ML} => {SIO SUC DE PIERSICA 25% 200ML}",0.00010696680760534,0.107462686567164,0.000995385570771914,123.859210795338,36
"{SIO SUC DE PIERSICA 25% 200ML} => {_BANANE}",0.000136679809717934,0.157534246575342,0.000867619661687758,1.71592411443042,46
"{CHIPS DIN CARTOFI CU SARE CSIKI CSIPSZ 70G} => {_BANANE}",0.000121823308661637,0.121661721068249,0.00100132817119443,1.32518665320352,41
"{BABA SAPUN 125G} => {_BANANE}",0.000136679809717934,0.172284644194757,0.000793337156406272,1.87659116634338,46
"{GOBE IAURT 2.8% PROBIOTIC 750G} => {_BANANE}",0.000103995507394081,0.112179487179487,0.000927045665912947,1.22190248393805,35
"{ZUZU IAURT NATURAL 3% 140G} => {PAINE DE CASA PE FOI DE VARZA RIP-ROP 1KG}",0.00010696680760534,0.147540983606557,0.000724997251547305,2.52892083808188,36
"{ZUZU IAURT NATURAL 3% 140G} => {_BANANE}",0.000145593710351713,0.200819672131148,0.000724997251547304,2.18740575813173,49
"{DANONE CREMOSSO IAURT NATUR 125G} => {_BANANE}",0.000169364112041788,0.212686567164179,0.000796308456617531,2.31666458148767,57
"{SAPUN DOVE CREAM ORIGINAL 100G} => {_BANANE}",0.000118852008450378,0.166666666666667,0.000713112050702267,1.81539797613654,40
"{DROPSURI CU EXTRACT DE PLANTE SALVIE VERBENA 60G} => {PAINE CU CARTOFI FELII BACHUS 1.2 KG}",0.000101024207182821,0.124087591240876,0.000814136257885088,1.66316412166032,34
"{DROPSURI CU EXTRACT DE PLANTE SALVIE VERBENA 60G} => {_BANANE}",0.000130737209295416,0.160583941605839,0.000814136257885088,1.74914257554761,44
"{MALAI SUPERIOR BOROMIR 1KG} => {_BANANE}",0.000112909408027859,0.13013698630137,0.000867619661687758,1.41750252931209,38
"{USTUROI GRANULAT LUCULLUS 15G} => {_BANANE}",0.000112909408027859,0.214689265536723,0.000525920137392922,2.33847874892164,38
"{MALAI EXTRA BOROMIR 500G} => {_BANANE}",0.000124794608872897,0.16600790513834,0.00075173895344864,1.80822249006485,42
"{BISCUITI ACOPERITI CU CIOC.LAPTE CHOCO COW MILKA 40G} => {KINDER BUENO 43G}",0.000103995507394081,0.127737226277372,0.000814136257885088,28.9692363310839,35
"{BISCUITI ACOPERITI CU CIOC.LAPTE CHOCO COW MILKA 40G} => {SZEKELYHON}",0.000193134513731864,0.237226277372263,0.000814136257885088,15.1325275451985,65
"{BISCUITI ACOPERITI CU CIOC.LAPTE CHOCO COW MILKA 40G} => {FRANZELA ALBA COUNTRY 1KG}",0.000207991014788161,0.255474452554745,0.000814136257885088,11.5116740434673,70
"{ELAN COMPOT DE VISINE FARA SAMBURI 700G} => {_BANANE}",0.000121823308661637,0.154716981132075,0.000787394555983753,1.68523736652675,41
"{BISCUITI CU CACAO CU CR.DE VANILIE OREO 66G} => {LAPTE DE CONSUM 1.5% GRASIME FRISS CUTIE 1L}",0.000101024207182821,0.123188405797101,0.000820078858307607,4.32139123788116,34
"{BISCUITI FRAGEZI CU MIERE GYORI EDES 180G} => {_BANANE}",0.00021393361521068,0.269662921348315,0.000793337156406272,2.93727312992878,72
"{DANONE DISNEY FROZEN BAUTURA DIN IAURT GUST DE CAPSUNI 190G} => {PAINE CU CARTOFI FELII BACHUS 1.2 KG}",0.000109938107816599,0.165178571428571,0.000665571247322116,2.21391253484667,37
"{DANONE DISNEY FROZEN BAUTURA DIN IAURT GUST DE CAPSUNI 190G} => {_BANANE}",0.000124794608872897,0.1875,0.000665571247322116,2.0423227231536,42
"{DETERGENT VASE PUR 3X ACTION LEMON 1.2L} => {_BANANE}",0.000136679809717934,0.148867313915858,0.000918131765279168,1.62152052237438,46
"{DR.OETKER ZAHAR VANILIAT 6*8G 5+1 GRATIS} => {_BANANE}",0.000103995507394081,0.159817351598174,0.000650714746265819,1.74079257985695,35
"{SMANTANA 20% GRASIME LACTIS 175G} => {PAINE CU CARTOFI FELII BACHUS 1.2 KG}",0.000172335412253048,0.163380281690141,0.0010548115749971,2.18980979465002,58
"{SMANTANA 20% GRASIME LACTIS 175G} => {_BANANE}",0.000112909408027859,0.107042253521127,0.0010548115749971,1.16594574242008,38
"{MAGGI CONCENTRAT GAINA CUB 10G} => {_MORCOVI}",0.000118852008450378,0.129032258064516,0.000921103065490428,3.0765989053055,40
"{MAGGI CONCENTRAT GAINA CUB 10G} => {_BANANE}",0.000101024207182821,0.109677419354839,0.000921103065490428,1.19464899074791,34
"{BALSAM DE RUFE COCCOLINO BLUE SPLASH 28 SPALARI 1050ML} => {_BANANE}",0.000148565010562972,0.181159420289855,0.000820078858307607,1.97325866971363,50
"{ULEI RAFINAT DE RAPITA OMEGA 3 BUNICA 1L} => {_BANANE}",0.000154507610985491,0.203125,0.000760652854082418,2.2125162834164,52
"{7DAYS CROISSANT SUPER MAX COCOA&VANILIE 110G} => {7DAYS CROISSANT SUPER MAX COCOA 110G}",0.000112909408027859,0.102981029810298,0.00109640977795474,70.1590577444236,38
"{7DAYS CROISSANT SUPER MAX COCOA&VANILIE 110G} => {PAINE CU CARTOFI FELII BACHUS 1.2 KG}",0.000109938107816599,0.100271002710027,0.00109640977795474,1.34394690462237,37
"{7DAYS CROISSANT SUPER MAX COCOA&VANILIE 110G} => {_BANANE}",0.000112909408027859,0.102981029810298,0.00109640977795474,1.12170931858843,38
"{STICLA BERE 500ML CSIKI} => {BERE TILTOTT IGAZI SOR 6% 500ML}",0.000448666331900176,0.506711409395973,0.000885447462955315,112.12047663803,151
"{L&M RED KS 23 S} => {L&M RED LABEL BOX}",0.000344670824506096,0.280193236714976,0.00123011828746141,52.2147698760439,116
"{L&M RED KS 23 S} => {PAINE CU CARTOFI FELII BACHUS 1.2 KG}",0.000127765909084156,0.103864734299517,0.00123011828746141,1.39211421436501,43
"{CHIPS DIN CARTOFI CU GUST DE CASCAVAL CSIKI CSIPSZ 70G} => {_BANANE}",0.000118852008450378,0.135593220338983,0.000876533562321536,1.47693394668735,40
"{FANTA PORTOCALE 1.25L} => {_BANANE}",0.000124794608872897,0.120689655172414,0.00103401247351829,1.3145985344437,42
"{LUMANARI AMFORA STICLA ROTUNDA CU CAPAC LA 72} => {PAINE CU CARTOFI FELII BACHUS 1.2 KG}",0.000121823308661637,0.112328767123288,0.0010845245771097,1.50555888337889,41
"{DETERGENT PT.BAIE FLORASZEPT 750ML} => {_BANANE}",0.000115880708239118,0.140794223826715,0.000823050158518866,1.53358529392039,39
"{BRANZA TOPITA MEDVE CU SALAM 140G} => {_BANANE}",0.000124794608872897,0.185022026431718,0.000674485147955894,2.01533167394893,42
"{MARGARINA RAMA CLASSIC 250G} => {_BANANE}",0.00010696680760534,0.130909090909091,0.000817107558096347,1.42591259216542,36
"{KINDER PARADISO 29G} => {_BANANE}",0.000139651109929194,0.157190635451505,0.000888418763166574,1.71218136879767,47
"{MOGYI ALUNE PRAJITE SI NESARATE 150G} => {PAINE CU CARTOFI FELII BACHUS 1.2 KG}",0.000151536310774232,0.178321678321678,0.000849791860420201,2.39007151749087,51
"{MOGYI ALUNE PRAJITE SI NESARATE 150G} => {_BANANE}",0.000184220613098086,0.216783216783217,0.000849791860420201,2.36128687805172,62
"{SPANAC TOCAT CONG.AGROSPRINT 400G} => {_BANANE}",0.000118852008450378,0.145985401459854,0.000814136257885088,1.59012961413419,40
"{CREMA GULAS DULCE UNIVER 160G} => {_MORCOVI}",0.000109938107816599,0.143968871595331,0.000763624154293677,3.43274216379903,37
"{PATE DE PUI INTEGRAL SIBIU 120G} => {_BANANE}",0.000175306712464307,0.262222222222222,0.000668542547533375,2.85622614912148,59
"{BISCUITI PETIT BEURRE ROSTAR 460G} => {_BANANE}",0.000145593710351713,0.149390243902439,0.000974586469293098,1.62721647861019,49
"{CR.DE CACAO,ALUNE PADURE&LAPTE FINETI BICOLOR 19G} => {_BANANE}",0.000139651109929194,0.13782991202346,0.00101321337203947,1.5012968600308,47
"{OTET BISTRITA 500ML} => {_BANANE}",0.000118852008450378,0.150943396226415,0.000787394555983753,1.64413401612365,40
"{NAPOLITANE DIETETIC CU CREMA DE ALUNE ELA 40G} => {WINCHESTER SOFT}",0.000103995507394081,0.153508771929825,0.000677456448167153,40.0494866041072,35
"{NAPOLITANE DIETETIC CU CREMA DE ALUNE ELA 40G} => {CORN RIP-ROP 100G}",0.000139651109929194,0.206140350877193,0.000677456448167153,12.655445733085,47
"{NAPOLITANE DIETETIC CU CREMA DE ALUNE ELA 40G} => {LAPTE DE CONSUM 1.5% GRASIME FRISS CUTIE 1L}",0.000157478911196751,0.232456140350877,0.000677456448167153,8.15445188696152,53
"{BISCUITI CU LAPTE GUST DE VANILIE CU INDULCITORI GYORI EDES 100G} => {NAPOLITANE CU CREMA DE LAMAIE FARA ZAHAR,CU INDULCITOR LOVE FREE U&U 180G}",0.000101024207182821,0.125461254612546,0.00080522235725131,106.627175817213,34
"{BISCUITI CU LAPTE GUST DE VANILIE CU INDULCITORI GYORI EDES 100G} => {_BANANE}",0.000148565010562972,0.18450184501845,0.00080522235725131,2.00966565623971,50
"{BISCUITI CU SUSAN SI MAC CROCO 100G} => {PAINE DE CASA PE FOI DE VARZA RIP-ROP 1KG}",0.000133708509506675,0.164233576642336,0.000814136257885088,2.81503961903275,45
"{BISCUITI CU SUSAN SI MAC CROCO 100G} => {_BANANE}",0.000112909408027859,0.138686131386861,0.000814136257885088,1.51062313342748,38
"{CAFEA EDUSCHO DUPLA 250G} => {WINSTON SUPERSLIMS BLUE}",0.000127765909084156,0.159851301115242,0.000799279756828791,54.3967997413932,43
"{CAFEA EDUSCHO DUPLA 250G} => {PAINE CU CARTOFI FELII BACHUS 1.2 KG}",0.000157478911196751,0.197026022304833,0.000799279756828791,2.6407685736662,53
"{PULPE PORC CU OS SI SLANINA} => {CARNE TOCATA PORC VRAC}",0.000145593710351713,0.144970414201183,0.00100429947140569,4.85330028953058,49
"{PULPE PORC CU OS SI SLANINA} => {_BANANE}",0.000112909408027859,0.112426035502959,0.00100429947140569,1.22458798390275,38
"{CERBONA BATON CEREALE FARA GLUTEN FRUCTE 35G} => {CERBONA BATON CEREALE ZMEURA FARA GLUTEN 35G}",0.000157478911196751,0.239819004524887,0.000656657346688337,334.903756970391,53
"{CERBONA BATON CEREALE ZMEURA FARA GLUTEN 35G} => {CERBONA BATON CEREALE FARA GLUTEN FRUCTE 35G}",0.000157478911196751,0.219917012448133,0.000716083350913526,334.903756970391,53
"{CERBONA BATON CEREALE FARA GLUTEN FRUCTE 35G} => {_BANANE}",0.000157478911196751,0.239819004524887,0.000656657346688337,2.61220161272135,53
"{GOBE SARATELE CU HOT CHILI SI CASCAVAL 100G} => {_BANANE}",0.000118852008450378,0.128617363344051,0.000924074365701687,1.40095020666485,40
"{PARIZER TARANESC FOX} => {_BANANE}",0.000109938107816599,0.139097744360902,0.000790365856195012,1.51510658158763,37
"{CIOCOLATA MILKA LAPTE BUBBLY 90G} => {_BANANE}",0.000118852008450378,0.136518771331058,0.000870590961899017,1.4870154070743,40
"{LAPTE CU CACAO POTTYOS 300ML} => {_BANANE}",0.000101024207182821,0.109677419354839,0.000921103065490428,1.19464899074791,34
"{STAR SNACK MIX 2 RED 90G} => {_BANANE}",0.000112909408027859,0.122186495176849,0.000924074365701687,1.33090269633161,38
"{PASTE PATRAT INCRETIT FARA OUA CSALADI BALOGH 1KG} => {_BANANE}",0.00010696680760534,0.116504854368932,0.000918131765279168,1.26901606098865,36
"{BOMBOANE NEGRO MIERE GYORI 79G} => {BOMBOANE NEGRO MENTOL GYORI 79G}",0.000103995507394081,0.12280701754386,0.000846820560208942,123.376328881906,35
"{BOMBOANE NEGRO MENTOL GYORI 79G} => {BOMBOANE NEGRO MIERE GYORI 79G}",0.000103995507394081,0.104477611940299,0.000995385570771914,123.376328881906,35
"{BOMBOANE NEGRO MIERE GYORI 79G} => {_BANANE}",0.000154507610985491,0.182456140350877,0.000846820560208942,1.98738304756,52
"{NAPOLITANE CU CREMA DE CACAO SI LAPTE ROSHEN 72G} => {NAPOLITANE CU CREMA DE ALUNE ROSHEN 72G}",0.000139651109929194,0.156666666666667,0.000891390063377833,130.51147689769,47
"{NAPOLITANE CU CREMA DE ALUNE ROSHEN 72G} => {NAPOLITANE CU CREMA DE CACAO SI LAPTE ROSHEN 72G}",0.000139651109929194,0.116336633663366,0.00120040528534882,130.51147689769,47
"{NAPOLITANE CU CREMA DE CACAO SI LAPTE ROSHEN 72G} => {NAPOLITANE CU CREMA DE CIOCOLATA ROSHEN 72G}",0.000187191913309345,0.21,0.000891390063377834,123.559667832168,63
"{NAPOLITANE CU CREMA DE CIOCOLATA ROSHEN 72G} => {NAPOLITANE CU CREMA DE CACAO SI LAPTE ROSHEN 72G}",0.000187191913309345,0.11013986013986,0.0016995837208404,123.559667832168,63
"{NAPOLITANE CU CREMA DE CACAO SI LAPTE ROSHEN 72G} => {NAPOLITANE CU CREMA DE LAPTE ROSHEN 72G}",0.000175306712464307,0.196666666666667,0.000891390063377834,103.419932291667,59
"{NAPOLITANE CU CREMA DE CACAO SI LAPTE ROSHEN 72G} => {_BANANE}",0.000148565010562972,0.166666666666667,0.000891390063377834,1.81539797613654,50
"{SMANTANA 15% GRASIME KERESZTURI 350G} => {_BANANE}",0.000142622410140453,0.150470219435737,0.000947844767391763,1.63897999099474,48
"{BISCUITI CU SARE TUC GYORI 100G} => {_BANANE}",0.000157478911196751,0.184668989547038,0.000852763160631461,2.01148625927323,53
"{7DAYS CROISSANT DOUBLE CREMA DE CACAO&VANILIE 80G} => {7DAYS CROISSANT DOUBLE CREMA DE VANILIE&VISINE 80G}",0.000103995507394081,0.119047619047619,0.000873562262110277,125.993186582809,35
"{7DAYS CROISSANT DOUBLE CREMA DE VANILIE&VISINE 80G} => {7DAYS CROISSANT DOUBLE CREMA DE CACAO&VANILIE 80G}",0.000103995507394081,0.110062893081761,0.000944873467180504,125.993186582809,35
"{7DAYS CROISSANT DOUBLE CREMA DE CACAO&VANILIE 80G} => {_BANANE}",0.000136679809717934,0.156462585034014,0.000873562262110277,1.70425116127103,46
"{DROPSURI CU EXTRACT DE PLANTE MACESE VERBENA 60G} => {_BANANE}",0.000133708509506675,0.152027027027027,0.000879504862532796,1.65593734309752,45
"{ELAN MAZARE GALBENA DECORTICATA INJUMATATITA 400G} => {_BANANE}",0.000136679809717934,0.17037037037037,0.00080225105704005,1.85574015338401,46
"{JOGO-BELLA IAURT STANDARD 150G} => {_BANANE}",0.000202048414365642,0.266666666666667,0.000757681553871158,2.90463676181846,68
"{BATON CIOCOLATA LAPTE UMPL.DE CREMA CARAMEL ROSHEN 40G} => {BATON CIOCOLATA CU UMPL.CU GUST DE CIOC.FONDANT ROSHEN 43G}",0.000127765909084156,0.114973262032086,0.00111126627901103,121.681120304039,43
"{BATON CIOCOLATA CU UMPL.CU GUST DE CIOC.FONDANT ROSHEN 43G} => {BATON CIOCOLATA LAPTE UMPL.DE CREMA CARAMEL ROSHEN 40G}",0.000127765909084156,0.135220125786164,0.000944873467180504,121.681120304039,43
"{FICAT DE PUI CONGELAT CASA GRUIA 500G} => {_CEAPA GALBENA}",0.000103995507394081,0.125,0.000831964059152645,6.79850113122172,35
"{ELAN SEMINTE DE DOVLEAC 80G} => {_BANANE}",0.000118852008450378,0.149812734082397,0.000793337156406272,1.63181840551599,40
"{BREF PB WC POWER AKTIV 4IN1 OCEAN 50G} => {_BANANE}",0.00010696680760534,0.13953488372093,0.000766595454504937,1.51986807304454,36
"{SALAM CU SUNCA TARANESC PRIMO} => {_BANANE}",0.000103995507394081,0.11864406779661,0.000876533562321536,1.29231720335143,35
"{KINDER NAPOLITANE HAPPY HIPPO CACAO 20.7G} => {CORN RIP-ROP 100G}",0.000130737209295416,0.165413533834586,0.000790365856195012,10.1551297067916,44
"{CHIO STICKLETTI ORIGINAL 40G} => {_BANANE}",0.000121823308661637,0.161417322834646,0.000754710253659899,1.75822008712436,41
"{LAPTE DE CONSUM 1.8% LACTIS 1.5L} => {_BANANE}",0.000115880708239118,0.111747851002865,0.00103698377372955,1.21720093528925,39
"{PRODUS INDULCIT PE BAZA DE GRASIMI VEGETALE UHT FARA LACTOZA HULALA 500ML} => {_BANANE}",0.000109938107816599,0.137546468401487,0.000799279756828791,1.49820948216472,37
"{BOIA DE ARDEI ECOM 50G} => {ELAN PIPER MACINAT 50G}",0.000118852008450378,0.15625,0.000760652854082418,47.1204357078853,40
"{JAMBON AFUMAT FELIAT LEFRUMARIN} => {_BANANE}",0.000115880708239118,0.155378486055777,0.000745796353026121,1.6924427347249,39
"{FRISCA PENTRU GATIT UHT 10% MAGYAR ALFOLDI 180ML} => {_BANANE}",0.000109938107816599,0.128472222222222,0.00085573446084272,1.39936927327191,37
"{BOMBOANE UMPLUTE CU ULEI DE LAMAIE&MIERE DR.TOROK 75G} => {_BANANE}",0.000133708509506675,0.179282868525896,0.000745796353026121,1.95281854006719,45
"{ELAN BRANZA TOPITA CREMOASA 100G} => {ELAN BRANZA TOPITA CU SUNCA AFUMATA 100G}",0.000157478911196751,0.206225680933852,0.000763624154293677,215.546185078667,53
"{ELAN BRANZA TOPITA CU SUNCA AFUMATA 100G} => {ELAN BRANZA TOPITA CREMOASA 100G}",0.000157478911196751,0.164596273291925,0.000956758668025541,215.546185078667,53
"{ELAN BRANZA TOPITA CREMOASA 100G} => {ELAN BRANZA TOPITA EMMENTALER 100G}",0.000243646617323274,0.319066147859922,0.000763624154293677,299.116070364068,82
"{ELAN BRANZA TOPITA EMMENTALER 100G} => {ELAN BRANZA TOPITA CREMOASA 100G}",0.000243646617323274,0.228412256267409,0.00106669677584214,299.116070364068,82
"{ELAN BRANZA TOPITA CREMOASA 100G} => {_BANANE}",0.000103995507394081,0.136186770428016,0.000763624154293677,1.48339912446954,35
"{CARNATI DE CURCAN PROMO} => {_BANANE}",0.000115880708239118,0.119631901840491,0.000968643868870579,1.30307707489555,39
"{PASTA TOMATE REGAL 540G} => {CARNE TOCATA PORC VRAC}",0.00010696680760534,0.122866894197952,0.000870590961899017,4.11332157992673,36
"{PASTA TOMATE REGAL 540G} => {_BANANE}",0.000101024207182821,0.116040955631399,0.000870590961899017,1.26396309601315,34
"{PALL MALL EXTRA CUT BALANCE BLACK} => {PAINE CU CARTOFI FELII BACHUS 1.2 KG}",0.000190163213520604,0.124031007751938,0.00153319090900987,1.66240572488801,64
"{KENT MODE BLUE} => {APA MINERALA NATURALA NATURAL CARBOGAZOASA BORSEC 1.5L}",0.00016045021140801,0.133663366336634,0.00120040528534882,98.2201024687622,54
"{APA MINERALA NATURALA NATURAL CARBOGAZOASA BORSEC 1.5L} => {KENT MODE BLUE}",0.00016045021140801,0.117903930131004,0.00136085549675683,98.2201024687622,54
"{KENT MODE BLUE} => {BERE TILTOTT CSIKI DOZA 500ML}",0.00016045021140801,0.133663366336634,0.00120040528534882,44.4953579927726,54
"{KENT MODE BLUE} => {CORN CU SUSAN RIP-ROP 150G}",0.000166392811830529,0.138613861386139,0.00120040528534882,23.7651099801778,56
"{KENT MODE BLUE} => {APA MINERALA NATURALA CARBOGAZIFICATA TUSNAD 2L}",0.00021690491542194,0.180693069306931,0.00120040528534882,18.8742379126181,73
"{KENT MODE BLUE} => {FRANZELA ALBA BACHUS 1KG}",0.000341699524294836,0.284653465346535,0.00120040528534882,11.8830287425914,115
"{KENT MODE BLUE} => {APA MINERALA NATURALA CARBOGAZIFICATA CONTINUT REDUS CO2 TUSNAD 2L}",0.000163421511619269,0.136138613861386,0.00120040528534882,2.54275258953833,55
"{STICKSURI DIN CARTOFI CU SARE CSIKI CSIPSZ 70G} => {CORN RIP-ROP 100G}",0.000136679809717934,0.130681818181818,0.00104589767436332,8.02286719345959,46
"{STICKSURI DIN CARTOFI CU SARE CSIKI CSIPSZ 70G} => {_BANANE}",0.000127765909084156,0.122159090909091,0.00104589767436332,1.33060419841826,43
"{BATON CIOCOLATA CU UMPL.CU GUST DE CIOC.FONDANT ROSHEN 43G} => {_BANANE}",0.000148565010562972,0.157232704402516,0.000944873467180504,1.71263960012881,50
"{_SFECLA ROSIE} => {_MORCOVI}",0.000175306712464307,0.192182410423453,0.00091218916485665,4.58232849984019,59
"{_SFECLA ROSIE} => {_BANANE}",0.000139651109929194,0.153094462540717,0.00091218916485665,1.66756426472477,47
"{PUFULETI CU SURPRIZE GUSTO 30G} => {DANONE ACTIVIA NATUR 125G}",0.000151536310774232,0.160377358490566,0.000944873467180504,14.0014218241441,51
"{PUFULETI CU SURPRIZE GUSTO 30G} => {PAINE DE CASA PE FOI DE VARZA RIP-ROP 1KG}",0.000151536310774232,0.160377358490566,0.000944873467180504,2.74894225271584,51
"{PUFULETI CU SURPRIZE GUSTO 30G} => {_BANANE}",0.000187191913309345,0.19811320754717,0.000944873467180503,2.1579258961623,63
"{GOBE IAURT 2.8% PROBIOTIC 150G} => {_BANANE}",0.000207991014788161,0.218068535825545,0.000953787367814282,2.37528707158051,70
"{PRODUS DE PATISERIE DIN ALUAT DE FOITAJ CU GLAZURA DE ZAHAR PIACELLI 200G} => {PALL MALL BLUE}",0.000127765909084156,0.149825783972125,0.000852763160631461,12.4905417570401,43
"{PRODUS DE PATISERIE DIN ALUAT DE FOITAJ CU GLAZURA DE ZAHAR PIACELLI 200G} => {PAINE DE CASA PE FOI DE VARZA RIP-ROP 1KG}",0.000133708509506675,0.156794425087108,0.000852763160631461,2.68752911364102,45
"{PRODUS DE PATISERIE DIN ALUAT DE FOITAJ CU GLAZURA DE ZAHAR PIACELLI 200G} => {PAINE CU CARTOFI FELII BACHUS 1.2 KG}",0.000154507610985491,0.181184668989547,0.000852763160631461,2.42844459985819,52
"{PRODUS DE PATISERIE DIN ALUAT DE FOITAJ CU GLAZURA DE ZAHAR PIACELLI 200G} => {_BANANE}",0.000133708509506675,0.156794425087108,0.000852763160631461,1.70786569183576,45
"{UNTURA DE PORC VRAC BENEDEK} => {_BANANE}",0.000103995507394081,0.106707317073171,0.000974586469293098,1.16229748472156,35
"{BATON CARAMELA DE UNT POLWERK 30G} => {_BANANE}",0.000151536310774232,0.13972602739726,0.0010845245771097,1.52195008410351,51
"{PRAJITURA USRULETI TODAY ELVAN 45G} => {PAINE CU CARTOFI FELII BACHUS 1.2 KG}",0.000112909408027859,0.119496855345912,0.000944873467180504,1.60163381749234,38
"{CERBONA BATON CEREALE ZMEURA FARA GLUTEN 35G} => {_BANANE}",0.000202048414365642,0.282157676348548,0.000716083350913526,3.07337084756725,68
"{PASTE SPIRALA ITALIAN FARA OUA CSALADI BALOGH 1KG} => {_BANANE}",0.000121823308661637,0.14041095890411,0.000867619661687758,1.52941062373146,41
"{DANONE ACTIVIA MUSLI 125G} => {_BANANE}",0.000199077114154383,0.233449477351916,0.000852763160631461,2.54282225228881,67
"{STICKS CU SARE CROCO 40G} => {_BANANE}",0.000121823308661637,0.142361111111111,0.00085573446084272,1.55065243794996,41
"{BISCUITI PICNIC CACAO ROSTAR 75G} => {BISCUITI PICNIC VANILIE ROSTAR 70G}",0.000202048414365642,0.21183800623053,0.000953787367814282,187.617675028693,68
"{BISCUITI PICNIC VANILIE ROSTAR 70G} => {BISCUITI PICNIC CACAO ROSTAR 75G}",0.000202048414365642,0.178947368421053,0.00112909408027859,187.617675028693,68
"{BISCUITI PICNIC CACAO ROSTAR 75G} => {_BANANE}",0.000181249312886826,0.190031152647975,0.000953787367814282,2.06989301952016,61
"{KINDER PINGUI CIRESE 30G} => {KINDER PINGUI 30G}",0.000115880708239118,0.141818181818182,0.000817107558096347,62.30983622122,39
"{KINDER PINGUI CIRESE 30G} => {SZEKELYHON}",0.000166392811830529,0.203636363636364,0.000817107558096347,12.9898463022951,56
"{KINDER PINGUI CIRESE 30G} => {_BANANE}",0.000124794608872897,0.152727272727273,0.000817107558096347,1.66356469085966,42
"{APA MINERALA NATURALA NECARBOGAZOASA AQUA CARPATICA 5L} => {APA MINERALA NATURALA CARBOGAZIFICATA CONTINUT REDUS CO2 TUSNAD 2L}",0.000202048414365642,0.174358974358974,0.00115880708239118,3.25662000651734,68
"{CHIPS DIN CARTOFI CU GUST DE SMANTANA SI CEAPA CSIKI CSIPSZ 140G} => {_BANANE}",0.000112909408027859,0.123778501628664,0.00091218916485665,1.34824344807534,38
"{NAPOLITANE CU CR.DE LAPTE SI ALUNE KNOPPERS 25G} => {_BANANE}",0.000124794608872897,0.14,0.000891390063377833,1.52493429995469,42
"{SUNCA DE PUI SISSI GASTRO CAROLI} => {PAINE CU CARTOFI FELII BACHUS 1.2 KG}",0.00010696680760534,0.137404580152672,0.000778480655349974,1.84165367041506,36
"{SUNCA DE PUI SISSI GASTRO CAROLI} => {_BANANE}",0.000145593710351713,0.187022900763359,0.000778480655349974,2.03712597322191,49
"{BAUTURA ENERGIZANTA RED BULL 250ML} => {APA MINERALA NATURALA CARBOGAZOASA PERLA HARGHITEI  2L}",0.000303072621548463,0.192816635160681,0.00157181781175625,9.64521655963622,102
"{BRANZA TOPITA CU SMANTANA HOCHLAND 140G} => {PAINE CU CARTOFI FELII BACHUS 1.2 KG}",0.000181249312886826,0.229323308270677,0.000790365856195012,3.07365381793792,61
"{BRANZA TOPITA CU SMANTANA HOCHLAND 140G} => {_BANANE}",0.000112909408027859,0.142857142857143,0.000790365856195012,1.55605540811703,38
"{SALAM GASTRO BENEDEK AMB.} => {_BANANE}",0.00010696680760534,0.129032258064516,0.000828992758941385,1.4054694008799,36
"{BATOANE NUTELLA B-READY 22G} => {KINDER BUENO 43G}",0.000154507610985491,0.172185430463576,0.000897332663800352,39.0495439210296,52
"{BATOANE NUTELLA B-READY 22G} => {SANA 3.6% PET FRISS 330G}",0.000103995507394081,0.115894039735099,0.000897332663800353,11.1092243676921,35
"{BATOANE NUTELLA B-READY 22G} => {SZEKELYHON}",0.000380326427041209,0.423841059602649,0.000897332663800353,27.0365769773409,128
"{BATOANE NUTELLA B-READY 22G} => {APA MINERALA NATURALA CARBOGAZOASA PERLA HARGHITEI  2L}",0.000109938107816599,0.122516556291391,0.000897332663800352,6.12861393720815,37
"{BATOANE NUTELLA B-READY 22G} => {FRANZELA ALBA COUNTRY 1KG}",0.000350613424928615,0.390728476821192,0.000897332663800353,17.6062178416927,118
"{BATOANE NUTELLA B-READY 22G} => {APA MINERALA NATURALA CARBOGAZIFICATA CONTINUT REDUS CO2 TUSNAD 2L}",0.000202048414365642,0.225165562913907,0.000897332663800352,4.20556888258862,68
"{BATOANE NUTELLA B-READY 22G} => {_BANANE}",0.00010696680760534,0.119205298013245,0.000897332663800352,1.29843034054799,36
"{SMANTANA ZOTT 20% 330G} => {_BANANE}",0.000121823308661637,0.117142857142857,0.00103995507394081,1.27596543465596,41
"{BATON DE CIOCOLATA SNICKERS 2PACK 75G} => {_BANANE}",0.000115880708239118,0.111111111111111,0.00104292637415207,1.21026531742436,39
"{GOBE GOBI CHEFIR 750G} => {LAPTE DE CONSUM 1.5% GRASIME FRISS CUTIE 1L}",0.00010696680760534,0.113207547169811,0.000944873467180503,3.97126741949568,36
"{GOBE GOBI CHEFIR 750G} => {PAINE DE CASA PE FOI DE VARZA RIP-ROP 1KG}",0.000127765909084156,0.135220125786164,0.000944873467180504,2.31773562483884,43
"{GOBE GOBI CHEFIR 750G} => {_BANANE}",0.000124794608872897,0.132075471698113,0.000944873467180504,1.4386172641082,42
"{CIOCOLATA MILKA ALUNE MARUNTIT 100G} => {_BANANE}",0.000157478911196751,0.167192429022082,0.000941902166969244,1.82112478363223,53
"{SALAM DE VARA GASTRO CAROLI} => {PAINE CU CARTOFI FELII BACHUS 1.2 KG}",0.000112909408027859,0.127946127946128,0.000882476162744055,1.71488065307261,38
"{SALAM DE VARA GASTRO CAROLI} => {_BANANE}",0.000118852008450378,0.134680134680135,0.000882476162744055,1.46698826354467,40
"{7DAYS CROISSANT DOUBLE CREMA DE VANILIE&VISINE 80G} => {FRANZELA RIP-ROP 1KG}",0.000115880708239118,0.122641509433962,0.000944873467180504,4.45738314519744,39
"{7DAYS CROISSANT DOUBLE CREMA DE VANILIE&VISINE 80G} => {_BANANE}",0.000163421511619269,0.172955974842767,0.000944873467180504,1.88390356014169,55
"{CASCAVAL RUCAR SANDVIS GORDON 200G} => {PAINE CU CARTOFI FELII BACHUS 1.2 KG}",0.000118852008450378,0.13986013986014,0.000849791860420201,1.87456589607127,40
"{CASCAVAL RUCAR SANDVIS GORDON 200G} => {_BANANE}",0.000101024207182821,0.118881118881119,0.000849791860420201,1.29489925570578,34
"{STAR SNACKS PIZZA 90G} => {STAR SNACKS CASCAVAL 90G}",0.000121823308661637,0.11849710982659,0.00102806987309577,66.4675963391137,41
"{STAR SNACKS PIZZA 90G} => {_BANANE}",0.000127765909084156,0.124277456647399,0.00102806987309577,1.3536782596625,43
"{ZAHAR ALB CRISTAL HARTIE CORONITA 1KG} => {_BANANE}",0.000154507610985491,0.185053380782918,0.000834935359363904,2.0156731977032,52
"{COSTITA CU FASOLE BOABE ROTINA 800G} => {_BANANE}",0.000133708509506675,0.133928571428571,0.000998356870983174,1.45880194510972,45
"{BAUTURA SPIRTOASA 21% SANIUS AMIGO 500ML PET} => {PALL MALL S-LINE FLOW VIOLET/ROSE}",0.000193134513731864,0.133196721311475,0.00144999450309461,12.5567944390871,65
"{BAUTURA SPIRTOASA 21% SANIUS AMIGO 500ML PET} => {_CEAPA GALBENA}",0.000181249312886826,0.125,0.00144999450309461,6.79850113122172,61
"{COSTITA CU FASOLE BOABE ROTINA 300G} => {PAINE DE CASA PE FOI DE VARZA RIP-ROP 1KG}",0.00010696680760534,0.120401337792642,0.000888418763166574,2.0637347307424,36
"{COSTITA CU FASOLE BOABE ROTINA 300G} => {PAINE CU CARTOFI FELII BACHUS 1.2 KG}",0.000101024207182821,0.11371237458194,0.000888418763166574,1.52410357637099,34
"{COSTITA CU FASOLE BOABE ROTINA 300G} => {_BANANE}",0.000109938107816599,0.123745819397993,0.000888418763166574,1.34788746054285,37
"{DANONE ACTIVIA DE BAUT FIBRE 320G} => {_BANANE}",0.000202048414365642,0.194285714285714,0.00103995507394081,2.11623535503916,68
"{DANONE ACTIVIA CLASIC CU FULGI DE CEREALE 168G} => {DANONE ACTIVIA CAPSUNI CU FULGI DE CEREALE 168G}",0.000101024207182821,0.122743682310469,0.000823050158518866,82.9513142824004,34
"{DANONE ACTIVIA CLASIC CU FULGI DE CEREALE 168G} => {PAINE CU CARTOFI FELII BACHUS 1.2 KG}",0.000112909408027859,0.137184115523466,0.000823050158518866,1.83869875076738,38
"{DANONE ACTIVIA CLASIC CU FULGI DE CEREALE 168G} => {_BANANE}",0.000166392811830529,0.202166064981949,0.000823050158518866,2.20207119127031,56
"{KETCHUP DULCE LA MINUT 480G} => {_BANANE}",0.000103995507394081,0.124555160142349,0.000834935359363904,1.35670311383869,35
"{ROSII PASATE GIANA 500G} => {CARNE TOCATA PORC VRAC}",0.000154507610985491,0.173913043478261,0.000888418763166574,5.82223779187697,52
"{ROSII PASATE GIANA 500G} => {_MORCOVI}",0.000133708509506675,0.150501672240803,0.000888418763166574,3.58850792048593,45
"{GIANA PASTA DE TOMATE 140G} => {CARNE TOCATA PORC VRAC}",0.000169364112041788,0.197916666666667,0.00085573446084272,6.62582790377665,57
"{SERVETELE FOREST CRACIUN 33*33CM STRAT 1 20BUC} => {_BANANE}",0.000127765909084156,0.161048689138577,0.000793337156406272,1.75420478592969,43
"{DANONE DANONINO ZMEURA&CIRESE&CAPSUNI 6*50G} => {_BANANE}",0.000184220613098086,0.244094488188976,0.000754710253659899,2.65877183906611,62
"{GOBE SANA DIN CRISTUR 900G} => {LAPTE DE CONSUM 1.5% GRASIME FRISS CUTIE 1L}",0.000109938107816599,0.103932584269663,0.00105778287520836,3.64590609065123,37
"{GOBE SANA DIN CRISTUR 900G} => {_BANANE}",0.000172335412253048,0.162921348314607,0.00105778287520836,1.77460251599864,58
"{DANONE ACTIMEL IAURT DE BAUT MULTIFRUIT 100G} => {FRANZELA RIP-ROP 1KG}",0.000154507610985491,0.18978102189781,0.000814136257885088,6.89755639986757,52
"{DANONE ACTIMEL IAURT DE BAUT MULTIFRUIT 100G} => {LAPTE DE CONSUM 1.5% GRASIME FRISS CUTIE 1L}",0.000133708509506675,0.164233576642336,0.000814136257885088,5.76123649361143,45
"{DANONE ACTIMEL IAURT DE BAUT MULTIFRUIT 100G} => {_BANANE}",0.000193134513731864,0.237226277372263,0.000814136257885088,2.58396062296806,65
"{CASCAVAL RISKA VRAC} => {_BANANE}",0.000124794608872897,0.146853146853147,0.000849791860420201,1.59958143351891,42
"{CACAO INSTANT PUDRA FARA GLUTEN NESQUIK 200G} => {LAPTE DE CONSUM 1.5% GRASIME FRISS CUTIE 1L}",0.000136679809717934,0.190082644628099,0.000719054651124786,6.66800962033778,46
"{CACAO INSTANT PUDRA FARA GLUTEN NESQUIK 200G} => {_BANANE}",0.000130737209295416,0.181818181818182,0.000719054651124786,1.98043415578531,44
"{CAFEA MACINATA SI PRAJITA AUSLESE MELITTA 500G} => {PAINE DE CASA PE FOI DE VARZA RIP-ROP 1KG}",0.000130737209295416,0.10377358490566,0.001259831289574,1.7787273399926,44
"{LAPTE 3.5% COVALACT CUTIE 1L} => {DANONE DISNEY GUSTARICA FULGI CIOCOLATA 107G}",0.000101024207182821,0.107936507936508,0.000935959566546725,75.5225687225687,34
"{LAPTE 3.5% COVALACT CUTIE 1L} => {PAINE CU CARTOFI FELII BACHUS 1.2 KG}",0.000166392811830529,0.177777777777778,0.000935959566546725,2.38278153900615,56
"{LAPTE 3.5% COVALACT CUTIE 1L} => {_BANANE}",0.000157478911196751,0.168253968253968,0.000935959566546725,1.83268748067117,53
"{DR.OETKER PIKANT FIX DULCE ACRISOR 100G} => {DR.OETKER CONSERVANT 7G}",0.00010696680760534,0.100558659217877,0.00106372547563088,50.7396078497064,36
"{DR.OETKER PIKANT FIX DULCE ACRISOR 100G} => {OTET BISTRITA 1L}",0.000258503118379572,0.243016759776536,0.00106372547563088,25.321368282685,87
"{SARATELE ELEKES 120G} => {_BANANE}",0.000163421511619269,0.162241887905605,0.00100727077161695,1.76720156969043,55
"{SPECIALITATE TARTINABILA SARAT CAS.LURPAK 200G} => {PAINE CU CARTOFI FELII BACHUS 1.2 KG}",0.000118852008450378,0.139372822299652,0.000852763160631461,1.86803430758322,40
"{SPECIALITATE TARTINABILA SARAT CAS.LURPAK 200G} => {_BANANE}",0.000109938107816599,0.128919860627178,0.000852763160631461,1.4042451243983,37
"{STICKS CU SARE CROCO 250G} => {PAINE CU CARTOFI FELII BACHUS 1.2 KG}",0.000124794608872897,0.129230769230769,0.00096567256865932,1.73209888796986,42
"{STICKS CU SARE CROCO 250G} => {_BANANE}",0.000109938107816599,0.113846153846154,0.00096567256865932,1.24005646369942,37
"{DANONE DANONINO CAISE&CAPSUNI 4*50G} => {_BANANE}",0.000163421511619269,0.193661971830986,0.000843849259997682,2.1094413102995,55
"{CERBONA BATON CEREALE CU FRUCTE ROSII 20G} => {CERBONA BATON CEREALE CU CIOCOLATA 20G}",0.000151536310774232,0.188191881918819,0.00080522235725131,216.165673841039,51
"{CERBONA BATON CEREALE CU CIOCOLATA 20G} => {CERBONA BATON CEREALE CU FRUCTE ROSII 20G}",0.000151536310774232,0.174061433447099,0.000870590961899017,216.165673841039,51
"{CERBONA BATON CEREALE CU FRUCTE ROSII 20G} => {CERBONA BATON CEREALE CU AFINE 20G}",0.00021393361521068,0.265682656826568,0.00080522235725131,306.220189051206,72
"{CERBONA BATON CEREALE CU AFINE 20G} => {CERBONA BATON CEREALE CU FRUCTE ROSII 20G}",0.00021393361521068,0.246575342465753,0.000867619661687758,306.220189051206,72
"{CERBONA BATON CEREALE CU FRUCTE ROSII 20G} => {CERBONA BATON CEREALE CU CIOC.AMARA&ZMEURA 20G}",0.000202048414365642,0.250922509225092,0.00080522235725131,232.001986942946,68
"{CERBONA BATON CEREALE CU CIOC.AMARA&ZMEURA 20G} => {CERBONA BATON CEREALE CU FRUCTE ROSII 20G}",0.000202048414365642,0.186813186813187,0.00108155327689844,232.001986942946,68
"{CERBONA BATON CEREALE CU FRUCTE ROSII 20G} => {_BANANE}",0.000222847515844458,0.276752767527675,0.00080522235725131,3.01449848435956,75
"{PALL MALL EXTRA CUT WHITE} => {APA MINERALA NATURALA PLATA PERLA HARGHITEI 2L ROZ}",0.000163421511619269,0.102040816326531,0.00160153081386884,9.86276360055797,55
"{PALL MALL EXTRA CUT WHITE} => {APA MINERALA NATURALA CARBOGAZIFICATA CONTINUT REDUS CO2 TUSNAD 2L}",0.000222847515844458,0.139146567717996,0.00160153081386884,2.59893416977606,75
"{PALL MALL EXTRA CUT WHITE} => {_BANANE}",0.000187191913309345,0.116883116883117,0.00160153081386884,1.27313624300484,63
"{BISCUITI CU JELEU DE ZMEURA LOVITA ROSHEN 135G} => {SZEKELYHON}",0.000115880708239118,0.125,0.000927045665912947,7.9736779757392,39
"{BISCUITI CU JELEU DE ZMEURA LOVITA ROSHEN 135G} => {FRANZELA ALBA COUNTRY 1KG}",0.000127765909084156,0.137820512820513,0.000927045665912947,6.21018972436498,43
"{BISCUITI CU JELEU DE ZMEURA LOVITA ROSHEN 135G} => {_BANANE}",0.000184220613098086,0.198717948717949,0.000927045665912947,2.16451297154741,62
"{APA MINERALA NATURALA NECARBOGAZOASA AQUA CARPATICA 2L} => {APA MINERALA NATURALA CARBOGAZIFICATA CONTINUT REDUS CO2 TUSNAD 2L}",0.000136679809717934,0.10952380952381,0.00124794608872897,2.04564996207707,46
"{APA MINERALA NATURALA NECARBOGAZOASA AQUA CARPATICA 2L} => {_BANANE}",0.000157478911196751,0.126190476190476,0.00124794608872897,1.37451561050338,53
"{DANONE CREMOSSO IAURT CU PIERSICI 125G} => {PAINE DE CASA PE FOI DE VARZA RIP-ROP 1KG}",0.000205019714576902,0.256505576208178,0.000799279756828791,4.39662445579786,69
"{DANONE CREMOSSO IAURT CU PIERSICI 125G} => {_BANANE}",0.000202048414365642,0.252788104089219,0.000799279756828791,2.75346607532976,68
"{GOBE CASCAVAL MOZZARELLA 350G} => {PAINE CU CARTOFI FELII BACHUS 1.2 KG}",0.000178278012675567,0.204778156996587,0.000870590961899017,2.74467156796784,60
"{GOBE CASCAVAL MOZZARELLA 350G} => {_BANANE}",0.000151536310774232,0.174061433447099,0.000870590961899017,1.89594464401973,51
"{GIANA PASTA DE TOMATE 70G} => {CARNE TOCATA PORC VRAC}",0.000130737209295416,0.140127388535032,0.000932988266335466,4.69116611893271,44
"{GIANA PASTA DE TOMATE 70G} => {_MORCOVI}",0.000115880708239118,0.124203821656051,0.000932988266335466,2.96147139849868,39
"{ELAN FOLIE ALUMINIU ALIMENTAR 15M} => {_BANANE}",0.000124794608872897,0.147368421052632,0.000846820560208942,1.6051939999523,42
"{DANONE DANETTE CREMA CU VANILIE 125G} => {_BANANE}",0.000166392811830529,0.193771626297578,0.00085870576105398,2.11063570927985,56
"{BERE CIUCAS DOZA 500ML} => {PAINE CU CARTOFI FELII BACHUS 1.2 KG}",0.000163421511619269,0.100182149362477,0.00163124381598144,1.34275599021863,55
"{BATON OKE RUDI CU GUST DE CAPSUNI 23G} => {BATON OKE RUDI CU GUST DE AFINE 23G}",0.000124794608872897,0.11830985915493,0.0010548115749971,93.6883247721624,42
"{BATON OKE RUDI CU GUST DE CAPSUNI 23G} => {BATON OKE RUDI NATUR 23G}",0.000124794608872897,0.11830985915493,0.0010548115749971,57.9585706378006,42
"{BATON OKE RUDI CU GUST DE CAPSUNI 23G} => {_BANANE}",0.000127765909084156,0.12112676056338,0.0010548115749971,1.31935965589641,43
"{SUNCA HEGYESI NAGYKUN-HUS} => {_MORCOVI}",0.000175306712464307,0.155263157894737,0.00112909408027859,3.70203907750247,59
"{BISCUITI CU MIERE BELVITA JO REGGELT 50G} => {BISCUITI CU FR.DE PADURE BELVITA JO REGGELT 50G}",0.000154507610985491,0.155223880597015,0.000995385570771914,148.41210990502,52
"{BISCUITI CU FR.DE PADURE BELVITA JO REGGELT 50G} => {BISCUITI CU MIERE BELVITA JO REGGELT 50G}",0.000154507610985491,0.147727272727273,0.00104589767436332,148.41210990502,52
"{BISCUITI CU MIERE BELVITA JO REGGELT 50G} => {BISCUITI CACAO CU BUC.DE CIOC.BELVITA JO REGGELT 50G}",0.000178278012675567,0.17910447761194,0.000995385570771914,148.834936428966,60
"{BISCUITI CACAO CU BUC.DE CIOC.BELVITA JO REGGELT 50G} => {BISCUITI CU MIERE BELVITA JO REGGELT 50G}",0.000178278012675567,0.148148148148148,0.00120337658556008,148.834936428966,60
"{BISCUITI CU MIERE BELVITA JO REGGELT 50G} => {_BANANE}",0.000175306712464307,0.176119402985075,0.000995385570771914,1.91836084642488,59
"{_CARTOFI ROSII 5KG} => {_BANANE}",0.000127765909084156,0.105134474327628,0.00121526178640511,1.14516547149933,43
"{CAFEA DOUWE EGBERTS OMNIA CLASSIC 250G} => {_BANANE}",0.000124794608872897,0.111111111111111,0.00112315147985607,1.21026531742436,42
"{ELAN BRANZA TOPITA CU SUNCA AFUMATA 100G} => {ELAN BRANZA TOPITA EMMENTALER 100G}",0.000225818816055718,0.236024844720497,0.000956758668025541,221.267046142667,76
"{ELAN BRANZA TOPITA EMMENTALER 100G} => {ELAN BRANZA TOPITA CU SUNCA AFUMATA 100G}",0.000225818816055718,0.211699164345404,0.00106669677584214,221.267046142667,76
"{ELAN BRANZA TOPITA CU SUNCA AFUMATA 100G} => {_BANANE}",0.000101024207182821,0.105590062111801,0.000956758668025541,1.15012791034737,34
"{DR.OETKER AMONIU PENTRU PRAJITURI 7G} => {DR.OETKER PRAF DE COPT 10G}",0.000151536310774232,0.186131386861314,0.000814136257885088,51.7283869878908,51
"{DR.OETKER AMONIU PENTRU PRAJITURI 7G} => {DR.OETKER ZAHAR VANILINAT 8G}",0.000127765909084156,0.156934306569343,0.000814136257885088,35.8809182600762,43
"{MARGARINA RAMA CU GUST DE UNT 250G} => {_BANANE}",0.000145593710351713,0.170138888888889,0.00085573446084272,1.85321876730605,49
"{SIO SUC DE STRUGURI ALB 25% 200ML} => {PAINE CU CARTOFI FELII BACHUS 1.2 KG}",0.000136679809717934,0.137313432835821,0.000995385570771914,1.8404320096055,46
"{SIO SUC DE STRUGURI ALB 25% 200ML} => {_BANANE}",0.000151536310774232,0.152238805970149,0.000995385570771914,1.65824412148591,51
"{BISCUITI CU SEMINTE KORPOVIT 174G} => {_BANANE}",0.000169364112041788,0.160112359550562,0.00105778287520836,1.74400592089521,57
"{PUFARIN CU AROME DE FRUCTE DINOFARINO 100G} => {_BANANE}",0.000175306712464307,0.186119873817035,0.000941902166969244,2.02728985347739,59
"{SUNCA PRAGA PREMIA ELIT} => {CARNE TOCATA PORC VRAC}",0.000101024207182821,0.108626198083067,0.000930016966124206,3.63657344508609,34
"{SUNCA PRAGA PREMIA ELIT} => {_BANANE}",0.000130737209295416,0.140575079872204,0.000930016966124206,1.53119829297139,44
"{_CARTOFI ROSII} => {_PATRUNJEL RADACINA KG}",0.000133708509506675,0.126050420168067,0.00106075417541962,5.51015028689746,45
"{_CARTOFI ROSII} => {PAINE DE CASA PE FOI DE VARZA RIP-ROP 1KG}",0.000118852008450378,0.112044817927171,0.00106075417541962,1.92050010735132,40
"{_CARTOFI ROSII} => {_MORCOVI}",0.000193134513731864,0.182072829131653,0.00106075417541962,4.34127926764046,65
"{_CARTOFI ROSII} => {_BANANE}",0.000121823308661637,0.11484593837535,0.00106075417541962,1.25094650456467,41
"{CROISSANT CHIPICAO CU CREMA DE CACAO 60G} => {PAINE CU CARTOFI FELII BACHUS 1.2 KG}",0.000190163213520604,0.166666666666667,0.00114097928112363,2.23385769281827,64
"{CROISSANT CHIPICAO CU CREMA DE CACAO 60G} => {_BANANE}",0.000246617917534534,0.216145833333333,0.00114097928112363,2.35434425030207,83
"{PASTE TAITEI LATI GYERMELYI 250G} => {_BANANE}",0.000166392811830529,0.181229773462783,0.000918131765279168,1.97402498376012,56
"{CIOCOLATA MILKA CU CREMA ZMEURA 100G} => {_BANANE}",0.000172335412253048,0.170087976539589,0.00101321337203947,1.85266421025077,58
"{BREF PB WC POWER AKTIV 4IN1 PINE FRESHNESS 50G} => {_BANANE}",0.000121823308661637,0.135761589403974,0.000897332663800352,1.47876788784632,41
"{HARTIE IGIENICA ZEWA DELUXE MUSETEL 8ROLE} => {_BANANE}",0.000196105813943123,0.207547169811321,0.000944873467180503,2.26068427217003,66
"{SMANTANA 20% GRASIME KERESZTURI 350G} => {_BANANE}",0.000145593710351713,0.134246575342466,0.0010845245771097,1.46226576707984,49
"{REAL SUC DE ROSII CONDIMENTAT 100% 1L} => {CARNE TOCATA PORC VRAC}",0.000196105813943123,0.173684210526316,0.00112909408027859,5.81457695267713,66
"{REAL SUC DE ROSII CONDIMENTAT 100% 1L} => {_MORCOVI}",0.000130737209295416,0.115789473684211,0.00112909408027859,2.76084270186625,44
"{BISCUITI CU FR.DE PADURE BELVITA JO REGGELT 50G} => {BISCUITI CACAO CU BUC.DE CIOC.BELVITA JO REGGELT 50G}",0.000133708509506675,0.127840909090909,0.00104589767436332,106.235164141414,45
"{BISCUITI CACAO CU BUC.DE CIOC.BELVITA JO REGGELT 50G} => {BISCUITI CU FR.DE PADURE BELVITA JO REGGELT 50G}",0.000133708509506675,0.111111111111111,0.00120337658556008,106.235164141414,45
"{BISCUITI CU FR.DE PADURE BELVITA JO REGGELT 50G} => {_BANANE}",0.000207991014788161,0.198863636363636,0.00104589767436332,2.16609985789018,70
"{APA DE MASA CARBOGAZOASA IZVORUL ASCUNS 2.5L} => {KENT MODE SILVER}",0.000276330919647128,0.157627118644068,0.00175306712464307,38.0831871220509,93
"{PASTA DE DINTI COLGATE CAVITY FRESH MINT 100ML} => {_BANANE}",0.000139651109929194,0.148264984227129,0.000941902166969244,1.61495971378708,47
"{CERBONA BATON CEREALE CU CIOCOLATA 20G} => {CERBONA BATON CEREALE CU AFINE 20G}",0.000199077114154383,0.228668941979522,0.000870590961899017,263.558967226144,67
"{CERBONA BATON CEREALE CU AFINE 20G} => {CERBONA BATON CEREALE CU CIOCOLATA 20G}",0.000199077114154383,0.229452054794521,0.000867619661687758,263.558967226144,67
"{CERBONA BATON CEREALE CU CIOCOLATA 20G} => {CERBONA BATON CEREALE CU CIOC.AMARA&ZMEURA 20G}",0.000255531818168312,0.293515358361775,0.000870590961899017,271.383171436072,86
"{CERBONA BATON CEREALE CU CIOC.AMARA&ZMEURA 20G} => {CERBONA BATON CEREALE CU CIOCOLATA 20G}",0.000255531818168312,0.236263736263736,0.00108155327689844,271.383171436072,86
"{CERBONA BATON CEREALE CU CIOCOLATA 20G} => {_BANANE}",0.000184220613098086,0.21160409556314,0.000870590961899017,2.30487388096516,62
"{BOIA DE ARDEI SZEGEDI 100G} => {_BANANE}",0.000136679809717934,0.146031746031746,0.000935959566546725,1.5906344171863,46
"{BATON DE CIOCOLATA SNICKERS CLASIC 50G} => {_BANANE}",0.000190163213520604,0.15421686746988,0.00123308958767267,1.67978993454561,64
"{GOBE CASCAVAL TRAPPIST 350G} => {_BANANE}",0.000115880708239118,0.133105802047782,0.000870590961899017,1.44984002189744,39
"{PRODUS INDULCIT PE BAZA DE GRASIMI VEGETALE UHT FARA LACTOZA HULALA 200ML} => {_BANANE}",0.000103995507394081,0.113268608414239,0.000918131765279169,1.23376561485007,35
"{PASTE MELCISORI CU 8 OUA GYERMELYI 250G} => {_TELINA}",0.000127765909084156,0.147766323024055,0.000864648361476498,7.05607254720698,43
"{PASTE MELCISORI CU 8 OUA GYERMELYI 250G} => {_PATRUNJEL RADACINA KG}",0.000151536310774232,0.175257731958763,0.000864648361476499,7.66119177346636,51
"{PASTE MELCISORI CU 8 OUA GYERMELYI 250G} => {_MORCOVI}",0.000210962314999421,0.243986254295533,0.000864648361476499,5.81752078228299,71
"{PIPER BOABE ECOM 100G} => {OTET BISTRITA 1L}",0.000115880708239118,0.115727002967359,0.00100132817119443,12.0582879348835,39
"{PIPER BOABE ECOM 100G} => {_BANANE}",0.000124794608872897,0.124629080118694,0.00100132817119443,1.35750827889142,42
"{UNT 82% GRASIME MAGYAR 100G} => {_BANANE}",0.000175306712464307,0.169054441260745,0.00103698377372955,1.8414065431299,59
"{HALVA TECSA CU CACAO 200G} => {HALVA TECSA CU VANILIE 200G}",0.00010696680760534,0.106824925816024,0.00100132817119443,91.0183525523044,36
"{HALVA TECSA CU CACAO 200G} => {_BANANE}",0.000145593710351713,0.14540059347181,0.00100132817119443,1.58375965870665,49
"{BERE PERONI NASTRO AZURO DOZA 500ML} => {WINSTON NOVA BLUE 100}",0.000237704016900756,0.166320166320166,0.00142919540161579,37.317033957034,80
"{BISCUITI CU CEREALE INTEGRALE KORPOVIT 174G} => {_BANANE}",0.000210962314999421,0.200564971751412,0.00105184027478584,2.18463146280837,71
"{PASTE CORNITE CU 4 OUA GYERMELYI 500G} => {_BANANE}",0.000118852008450378,0.141843971631206,0.000837906659575163,1.54501955415875,40
"{CHIO GOLD FISCHLI SESAM 100G} => {_BANANE}",0.000163421511619269,0.173501577287066,0.000941902166969244,1.88984647358062,55
"{HARTIE IGIENICA ZEWA DELUXE LAVENDER DREAMS 8ROLE} => {_BANANE}",0.000145593710351713,0.156549520766773,0.000930016966124206,1.70519809899087,49
"{SALAM SINAIA AGRICOLA 300G} => {PAINE DE CASA PE FOI DE VARZA RIP-ROP 1KG}",0.000130737209295416,0.132530120481928,0.000986471670138136,2.27162768721947,44
"{SALAM SINAIA AGRICOLA 300G} => {_BANANE}",0.000130737209295416,0.132530120481928,0.000986471670138136,1.44356947500014,44
"{DROJDIE USCATA THYMOS 10G} => {DR.OETKER ZAHAR VANILINAT 8G}",0.000130737209295416,0.141935483870968,0.000921103065490428,32.451639200561,44
"{REAL CARTOFI PAI CONGELAT 1KG} => {PAINE CU CARTOFI FELII BACHUS 1.2 KG}",0.00010696680760534,0.103151862464183,0.00103698377372955,1.38255948896489,36
"{REAL CARTOFI PAI CONGELAT 1KG} => {_BANANE}",0.000115880708239118,0.111747851002865,0.00103698377372955,1.21720093528925,39
"{MARGARINA RAMA CLASSIC 400G} => {APA MINERALA NATURALA CARBOGAZIFICATA CONTINUT REDUS CO2 TUSNAD 2L}",0.000112909408027859,0.101333333333333,0.00111423757922229,1.89267092143478,38
"{MARGARINA RAMA CLASSIC 400G} => {PAINE CU CARTOFI FELII BACHUS 1.2 KG}",0.000127765909084156,0.114666666666667,0.00111423757922229,1.53689409265897,43
"{BRANZA TOPITA MEDVE LIGHT 140G} => {_BANANE}",0.000148565010562972,0.173010380622837,0.00085870576105398,1.88449616899986,50
"{BUSUIOC MACINAT MARCO POLO 5G} => {OREGANO MACINAT MARCO POLO 7G}",0.00032090042281602,0.398523985239852,0.00080522235725131,374.649281576615,108
"{OREGANO MACINAT MARCO POLO 7G} => {BUSUIOC MACINAT MARCO POLO 5G}",0.00032090042281602,0.301675977653631,0.00106372547563088,374.649281576615,108
"{BUSUIOC MACINAT MARCO POLO 5G} => {_BANANE}",0.000115880708239118,0.143911439114391,0.00080522235725131,1.56753921186697,39
"{BOMBOANE NEGRO MENTOL GYORI 79G} => {BOMBOANE NEGRO EXTRA STRONG GYORI 79G}",0.000115880708239118,0.116417910447761,0.000995385570771914,91.5439182591714,39
"{BOMBOANE NEGRO MENTOL GYORI 79G} => {BOMBOANE NEGRO CLASSIC GYORI 79G}",0.000103995507394081,0.104477611940299,0.000995385570771914,78.4871735074627,35
"{BOMBOANE NEGRO MENTOL GYORI 79G} => {_BANANE}",0.00016045021140801,0.161194029850746,0.000995385570771914,1.75578789333802,54
"{BRANZA TOPITA MEDVE CU SMANTANA 140G} => {_BANANE}",0.000133708509506675,0.147058823529412,0.00090921786464539,1.60182174364988,45
"{COMPOT DE VISINE FARA SAMBURI REGE 700G} => {_BANANE}",0.000169364112041788,0.145408163265306,0.0011647496828137,1.58384211183341,57
"{PERNITE VIVA CU CREMA DE CAPSUNI 100G} => {PAINE CU CARTOFI FELII BACHUS 1.2 KG}",0.000121823308661637,0.127329192546584,0.000956758668025541,1.70661177774315,41
"{PERNITE VIVA CU CREMA DE CAPSUNI 100G} => {_BANANE}",0.000148565010562972,0.15527950310559,0.000956758668025541,1.69136457404025,50
"{ULEI RAFINAT DE FLOAREA SOARELUI MARISOL 1L} => {PAINE CU CARTOFI FELII BACHUS 1.2 KG}",0.000103995507394081,0.106707317073171,0.000974586469293098,1.4302137667434,35
"{ULEI RAFINAT DE FLOAREA SOARELUI MARISOL 1L} => {_BANANE}",0.000109938107816599,0.11280487804878,0.000974586469293098,1.22871448384851,37
"{ELAN CONSERVA MAZARE VERDE BOABE 420G} => {_PATRUNJEL RADACINA KG}",0.000101024207182821,0.104615384615385,0.00096567256865932,4.57314216631531,34
"{ELAN CONSERVA MAZARE VERDE BOABE 420G} => {_MORCOVI}",0.000130737209295416,0.135384615384615,0.00096567256865932,3.22806223602823,44
"{ELAN CONSERVA MAZARE VERDE BOABE 420G} => {_BANANE}",0.000136679809717934,0.141538461538462,0.00096567256865932,1.54169181973441,46
"{BERE NOROC 3L PET} => {CARNE DE PORC IN SUC PROPRIU HAME 125G}",0.000279302219858388,0.13091922005571,0.00213339355168428,64.2292365414132,94
"{CARNE DE PORC IN SUC PROPRIU HAME 125G} => {BERE NOROC 3L PET}",0.000279302219858388,0.137026239067055,0.00203831194492398,64.2292365414132,94
"{BERE NOROC 3L PET} => {LD RED}",0.00153319090900987,0.71866295264624,0.00213339355168428,163.867325678828,516
"{LD RED} => {BERE NOROC 3L PET}",0.00153319090900987,0.349593495934959,0.00438563911181894,163.867325678828,516
"{RAHAT CU AROMA DE FRUCTE FELEACUL 100G} => {PALL MALL S-LINE FLOW BLUE/PURPLE}",0.000172335412253048,0.151041666666667,0.00114097928112363,11.5741179511991,58
"{RAHAT CU AROMA DE FRUCTE FELEACUL 100G} => {PAINE CU CARTOFI FELII BACHUS 1.2 KG}",0.000175306712464307,0.153645833333333,0.00114097928112363,2.05933756056684,59
"{RAHAT CU AROMA DE FRUCTE FELEACUL 100G} => {_BANANE}",0.000142622410140453,0.125,0.00114097928112363,1.3615484821024,48
"{DANONE CREMOSSO IAURT CU CIOC.&STRACCIATELLA 125G} => {FRANZELA ALBA COUNTRY 1KG}",0.000103995507394081,0.106060606060606,0.000980529069715617,4.7790889210758,35
"{DANONE CREMOSSO IAURT CU CIOC.&STRACCIATELLA 125G} => {PAINE CU CARTOFI FELII BACHUS 1.2 KG}",0.000118852008450378,0.121212121212121,0.000980529069715617,1.6246237765951,40
"{DANONE CREMOSSO IAURT CU CIOC.&STRACCIATELLA 125G} => {_BANANE}",0.000154507610985491,0.157575757575758,0.000980529069715617,1.71637626834727,52
"{KNORR DELIKAT CU GUST DE GAINA 75G} => {CARNE TOCATA PORC VRAC}",0.000118852008450378,0.12987012987013,0.000915160465067909,4.34777497445358,40
"{KNORR DELIKAT CU GUST DE GAINA 75G} => {_MORCOVI}",0.000127765909084156,0.13961038961039,0.000915160465067909,3.32882008179564,43
"{KNORR DELIKAT CU GUST DE GAINA 75G} => {_BANANE}",0.000139651109929194,0.152597402597403,0.000915160465067909,1.6621500950341,47
"{CONSERVA MAZARE VERDE BOABE EKO 200G} => {_TELINA}",0.000124794608872897,0.133757961783439,0.000932988266335466,6.38715143474772,42
"{CONSERVA MAZARE VERDE BOABE EKO 200G} => {_PATRUNJEL RADACINA KG}",0.000169364112041788,0.181528662420382,0.000932988266335466,7.93531834310519,57
"{CONSERVA MAZARE VERDE BOABE EKO 200G} => {_MORCOVI}",0.000219876215633199,0.235668789808917,0.000932988266335466,5.61920214074109,74
"{CONSERVA MAZARE VERDE BOABE EKO 200G} => {_BANANE}",0.000109938107816599,0.117834394904459,0.000932988266335466,1.28349793217296,37
"{REAL LAPTE UHT PT.CAFEA 6% GRASIME 10*7.5G} => {PAINE CU CARTOFI FELII BACHUS 1.2 KG}",0.000142622410140453,0.12664907651715,0.00112612278006733,1.69749608319699,48
"{REAL LAPTE UHT PT.CAFEA 6% GRASIME 10*7.5G} => {_BANANE}",0.000166392811830529,0.147757255936675,0.00112612278006733,1.60942934032157,56
"{CIOCOLATA MILKA ALBA HAPPY COW LAPTE 100G} => {_BANANE}",0.000154507610985491,0.149425287356322,0.00103401247351829,1.62759818550172,52
"{PESMET GUTHAUS 400G} => {PAINE CU CARTOFI FELII BACHUS 1.2 KG}",0.000112909408027859,0.113432835820896,0.000995385570771914,1.52035687750019,38
"{PESMET GUTHAUS 400G} => {_BANANE}",0.00010696680760534,0.107462686567164,0.000995385570771914,1.17052526222535,36
"{LAPTE DE CONSUM 3.5% GORDON 1L} => {_BANANE}",0.000175306712464307,0.1475,0.00118852008450378,1.60662720888083,59
"{HARTIE IGIENICA ZEWA DELUXE PURE WHITE 8ROLE} => {_BANANE}",0.000142622410140453,0.132231404958678,0.00107858197668718,1.44031574966204,48
"{SALAM DE CASA BENEDEK} => {PAINE CU CARTOFI FELII BACHUS 1.2 KG}",0.000148565010562972,0.139664804469274,0.00106372547563088,1.87194778727788,50
"{SALAM DE CASA BENEDEK} => {_BANANE}",0.00010696680760534,0.100558659217877,0.00106372547563088,1.09532391856283,36
"{BRANZA TOPITA MEDVE CU SUNCA 140G} => {_BANANE}",0.000157478911196751,0.181506849315068,0.000867619661687758,1.97704300140897,53
"{CREME PATISSERIE CU ZAHAR 25% MEGGLE 500ML} => {DR.OETKER BUDINCA VANILIE 40G}",0.000115880708239118,0.107734806629834,0.00107561067647592,26.1040117895541,39
"{CREME PATISSERIE CU ZAHAR 25% MEGGLE 500ML} => {_BANANE}",0.000112909408027859,0.104972375690608,0.00107561067647592,1.14339983027384,38
"{CERBONA BATON CEREALE CU AFINE 20G} => {CERBONA BATON CEREALE CU CIOC.AMARA&ZMEURA 20G}",0.000243646617323274,0.280821917808219,0.000867619661687758,259.64686512118,82
"{CERBONA BATON CEREALE CU CIOC.AMARA&ZMEURA 20G} => {CERBONA BATON CEREALE CU AFINE 20G}",0.000243646617323274,0.225274725274725,0.00108155327689844,259.64686512118,82
"{CERBONA BATON CEREALE CU AFINE 20G} => {_BANANE}",0.000205019714576902,0.236301369863014,0.000867619661687758,2.57388617164564,69
"{CIOCOLATA AERATA AMARUIE ROSHEN 80G} => {_BANANE}",0.000172335412253048,0.158038147138965,0.00109046717753222,1.72141279481067,58
"{DANONE ACTIVIA MUSLI NUCI-OVAZ 125G} => {_BANANE}",0.000219876215633199,0.224242424242424,0.000980529069715617,2.44253545880188,74
"{ELAN LINTE 400G} => {_MORCOVI}",0.00010696680760534,0.115015974440895,0.000930016966124206,2.74239966319564,36
"{ELAN LINTE 400G} => {_BANANE}",0.000187191913309345,0.201277955271566,0.000930016966124206,2.1923975558454,63
"{SARE DE LAMAIE ECOM 100G} => {_LAMAIE^2 A nu se consuma coaja}",0.000121823308661637,0.101485148514851,0.00120040528534882,3.80050419362622,41
"{FOI DE DAFIN INTREGI MARCO POLO 5G} => {_BANANE}",0.000118852008450378,0.126984126984127,0.000935959566546725,1.38316036277069,40
"{SPECIALITATE TARTINABILA CU ULEI DE MASLINE LURPAK 200G} => {PAINE CU CARTOFI FELII BACHUS 1.2 KG}",0.000115880708239118,0.12111801242236,0.000956758668025541,1.62336242273129,39
"{SPECIALITATE TARTINABILA CU ULEI DE MASLINE LURPAK 200G} => {_BANANE}",0.000139651109929194,0.145962732919255,0.000956758668025541,1.58988269959784,47
"{NUTLINE SEMINTE FLOAREA SOARELUI 100G} => {PAINE CU CARTOFI FELII BACHUS 1.2 KG}",0.000145593710351713,0.127604166666667,0.00114097928112363,1.71029729606399,49
"{NUTLINE SEMINTE FLOAREA SOARELUI 100G} => {_BANANE}",0.000148565010562972,0.130208333333333,0.00114097928112363,1.41827966885667,50
"{PASTA DE DINTI COLGATE WHITENING 100ML} => {_MORCOVI}",0.000109938107816599,0.107871720116618,0.00101915597246199,2.57205462418761,37
"{PASTA DE DINTI COLGATE WHITENING 100ML} => {_BANANE}",0.000166392811830529,0.163265306122449,0.00101915597246199,1.77834903784803,56
"{KINDER PINGUI COCCO 30G} => {KINDER PINGUI 30G}",0.000142622410140453,0.141176470588235,0.00101024207182821,62.027891260943,48
"{KINDER PINGUI COCCO 30G} => {SZEKELYHON}",0.00010696680760534,0.105882352941176,0.00101024207182821,6.75417428533203,36
"{KINDER PINGUI COCCO 30G} => {_BANANE}",0.000133708509506675,0.132352941176471,0.00101024207182821,1.4416395692849,45
"{MARGARINA NATUR BORDS EVE 500G} => {_BANANE}",0.000121823308661637,0.120234604105572,0.00101321337203947,1.309641941729,41
"{BRANZA CIOCOLATA AMARA POTTYOS ORIAS NATUR 51G} => {_BANANE}",0.000196105813943123,0.183844011142061,0.00106669677584214,2.00250027451272,66
"{SALAM DE VARA PORT.BENEDEK} => {PAINE CU CARTOFI FELII BACHUS 1.2 KG}",0.000133708509506675,0.13719512195122,0.000974586469293098,1.83884627152723,45
"{SALAM DE VARA PORT.BENEDEK} => {_BANANE}",0.00016045021140801,0.164634146341463,0.000974586469293098,1.79325897642755,54
"{LAPTE BATUT 2% LACTIS 1L} => {PALL MALL BLUE}",0.00021690491542194,0.168202764976959,0.0012895442916866,14.0225774489201,73
"{LAPTE BATUT 2% LACTIS 1L} => {PAINE CU CARTOFI FELII BACHUS 1.2 KG}",0.000303072621548463,0.235023041474654,0.0012895442916866,3.15004817512622,102
"{LAPTE BATUT 2% LACTIS 1L} => {_BANANE}",0.000166392811830529,0.129032258064516,0.0012895442916866,1.4054694008799,56
"{JUMARI DE PORC AMBALAT BENEDEK 200G} => {_BANANE}",0.000148565010562972,0.15527950310559,0.000956758668025541,1.69136457404025,50
"{CONSERVANT ACID SALICILIC HA 15G} => {OTET BISTRITA 1L}",0.000163421511619269,0.13681592039801,0.0011944626849263,14.2556682531614,55
"{BATON CIOCOLATA SPORT XL 42G} => {_BANANE}",0.000139651109929194,0.126005361930295,0.00110829497879977,1.37249927418365,47
"{MALAI PAMBAC 1KG} => {_BANANE}",0.000109938107816599,0.101928374655647,0.00107858197668718,1.11024339036449,37
"{PARIZER PIEPT PUI GALINIA} => {_BANANE}",0.000178278012675567,0.164835164835165,0.00108155327689844,1.79544854782734,60
"{CHIPS DIN CARTOFI CU SARE CSIKI CSIPSZ 100G} => {PAINE CU CARTOFI FELII BACHUS 1.2 KG}",0.000139651109929194,0.111111111111111,0.00125685998936275,1.48923846187884,47
"{CHIPS DIN CARTOFI CU SARE CSIKI CSIPSZ 100G} => {_BANANE}",0.000154507610985491,0.122931442080378,0.00125685998936275,1.33901694693759,52
"{BISCUITI PICNIC VANILIE ROSTAR 70G} => {_BANANE}",0.000199077114154383,0.176315789473684,0.00112909408027859,1.92049996422865,67
"{CHIPS DIN CARTOFI CU GUST DE CASCAVAL CSIKI CSIPSZ 100G} => {_BANANE}",0.000133708509506675,0.117493472584856,0.00113800798091237,1.27978447403881,45
"{SNACK DIN CARTOFI POM-BAR CASCAVAL 40G} => {SNACK DIN CARTOFI POM-BAR ORIGINAL 40G}",0.000166392811830529,0.147757255936675,0.00112612278006733,111.498089141829,56
"{SNACK DIN CARTOFI POM-BAR ORIGINAL 40G} => {SNACK DIN CARTOFI POM-BAR CASCAVAL 40G}",0.000166392811830529,0.125560538116592,0.00132519989422171,111.498089141829,56
"{SNACK DIN CARTOFI POM-BAR CASCAVAL 40G} => {_BANANE}",0.000127765909084156,0.113456464379947,0.00112612278006733,1.23581181488978,43
"{WINSTON XSPRESSION} => {BERE BUCEGI DOZA 500ML}",0.000237704016900756,0.154440154440154,0.00153913350943239,15.1096794468887,80
"{DANONE ACTIVIA DE BAUT RODIE ZMEURA 320G} => {DANONE ACTIVIA DE BAUT CEREALE INT.FR.PADURE 320G}",0.000133708509506675,0.124309392265193,0.00107561067647592,119.875928065982,45
"{DANONE ACTIVIA DE BAUT CEREALE INT.FR.PADURE 320G} => {DANONE ACTIVIA DE BAUT RODIE ZMEURA 320G}",0.000133708509506675,0.128939828080229,0.00103698377372955,119.875928065982,45
"{DANONE ACTIVIA DE BAUT RODIE ZMEURA 320G} => {DANONE ACTIVIA DE BAUT CAPSUNI&KIWI 320G}",0.000148565010562972,0.138121546961326,0.00107561067647592,122.329528932829,50
"{DANONE ACTIVIA DE BAUT CAPSUNI&KIWI 320G} => {DANONE ACTIVIA DE BAUT RODIE ZMEURA 320G}",0.000148565010562972,0.131578947368421,0.00112909408027859,122.329528932829,50
"{DANONE ACTIVIA DE BAUT RODIE ZMEURA 320G} => {_BANANE}",0.000199077114154383,0.185082872928177,0.00107561067647592,2.01599443758809,67
"{MARGARINA RAMA CU GUST DE UNT 400G} => {APA MINERALA NATURALA CARBOGAZIFICATA CONTINUT REDUS CO2 TUSNAD 2L}",0.000121823308661637,0.108465608465608,0.00112315147985607,2.02588522814395,41
"{MARGARINA RAMA CU GUST DE UNT 400G} => {_BANANE}",0.000148565010562972,0.132275132275132,0.00112315147985607,1.44079204455281,50
"{MAZARE VERDE CONG.AGROSPRINT 400G} => {_TELINA}",0.000103995507394081,0.107692307692308,0.00096567256865932,5.14247577054047,35
"{MAZARE VERDE CONG.AGROSPRINT 400G} => {_PATRUNJEL RADACINA KG}",0.000109938107816599,0.113846153846154,0.00096567256865932,4.97665471040195,37
"{MAZARE VERDE CONG.AGROSPRINT 400G} => {_MORCOVI}",0.000222847515844458,0.230769230769231,0.00096567256865932,5.50237881141175,75
"{MAZARE VERDE CONG.AGROSPRINT 400G} => {_BANANE}",0.000151536310774232,0.156923076923077,0.00096567256865932,1.70926701753163,51
"{GOBE SARATELE CU LEURDA 100G} => {_BANANE}",0.000172335412253048,0.153034300791557,0.00112612278006733,1.66690895961877,58
"{BATON OKE RUDI CU GUST DE AFINE 23G} => {BATON OKE RUDI NATUR 23G}",0.000207991014788161,0.164705882352941,0.00126280258978526,80.6874218683106,70
"{BATON OKE RUDI NATUR 23G} => {BATON OKE RUDI CU GUST DE AFINE 23G}",0.000207991014788161,0.101892285298399,0.00204128324513524,80.6874218683106,70
"{BATON OKE RUDI CU GUST DE AFINE 23G} => {_BANANE}",0.000142622410140453,0.112941176470588,0.00126280258978526,1.23019909912311,48
"{REAL MAZARE VERDE CONGELAT 450G} => {_PATRUNJEL RADACINA KG}",0.000101024207182821,0.103343465045593,0.000977557769504357,4.51754165365494,34
"{REAL MAZARE VERDE CONGELAT 450G} => {CARNE TOCATA PORC VRAC}",0.000101024207182821,0.103343465045593,0.000977557769504357,3.4597188094588,34
"{REAL MAZARE VERDE CONGELAT 450G} => {PAINE DE CASA PE FOI DE VARZA RIP-ROP 1KG}",0.000103995507394081,0.106382978723404,0.000977557769504357,1.82345355937346,35
"{REAL MAZARE VERDE CONGELAT 450G} => {_MORCOVI}",0.000169364112041788,0.173252279635258,0.000977557769504357,4.13096524747326,57
"{REAL MAZARE VERDE CONGELAT 450G} => {_BANANE}",0.000121823308661637,0.124620060790274,0.000977557769504357,1.35741003686805,41
"{REAL SOS DE ROSII PASSATA 500G} => {CARNE TOCATA PORC VRAC}",0.000118852008450378,0.119047619047619,0.000998356870983174,3.98546039324911,40
"{REAL SOS DE ROSII PASSATA 500G} => {_MORCOVI}",0.000166392811830529,0.166666666666667,0.000998356870983174,3.97394025268627,56
"{REAL SOS DE ROSII PASSATA 500G} => {_BANANE}",0.00010696680760534,0.107142857142857,0.000998356870983174,1.16704155608777,36
"{BERE CIUC BLONDA 500ML STICLA} => {L&M RED LABEL BOX}",0.000306043921759723,0.200779727095517,0.0015242770083761,37.4158468954471,103
"{BERE CIUC BLONDA 500ML STICLA} => {BERE CIUC PREMIUM DOZA 500ML}",0.000338728224083577,0.222222222222222,0.0015242770083761,28.8428675493851,114
"{BERE CIUC BLONDA 500ML STICLA} => {LAPTE DE CONSUM 1.5% GRASIME FRISS CUTIE 1L}",0.000240675317112015,0.157894736842105,0.0015242770083761,5.53887297982291,81
"{BERE CIUC BLONDA 500ML STICLA} => {_BANANE}",0.000181249312886826,0.118908382066277,0.0015242770083761,1.29519621689273,61
"{BISCUITI PETIT BEURRE ROSTAR 140G} => {NESCAFE 3IN1 STRONG 14G}",0.000139651109929194,0.118686868686869,0.00117663488365874,39.9045171999717,47
"{BISCUITI PETIT BEURRE ROSTAR 140G} => {LAPTE DE CONSUM 1.5% GRASIME FRISS CUTIE 1L}",0.000136679809717934,0.116161616161616,0.00117663488365874,4.0748947679842,46
"{BISCUITI PETIT BEURRE ROSTAR 140G} => {APA MINERALA NATURALA CARBOGAZIFICATA CONTINUT REDUS CO2 TUSNAD 2L}",0.000142622410140453,0.121212121212121,0.00117663488365874,2.26396043233826,48
"{BISCUITI PETIT BEURRE ROSTAR 140G} => {PAINE CU CARTOFI FELII BACHUS 1.2 KG}",0.000196105813943123,0.166666666666667,0.00117663488365874,2.23385769281827,66
"{BISCUITI PETIT BEURRE ROSTAR 140G} => {_BANANE}",0.000219876215633199,0.186868686868687,0.00117663488365874,2.03544621566824,74
"{GOBE SARATELE CU CHIMION 60G} => {_BANANE}",0.000181249312886826,0.146282973621103,0.00123903218809519,1.59337088552991,61
"{HALVA TECSA CU VANILIE 200G} => {_BANANE}",0.000178278012675567,0.151898734177215,0.00117366358344748,1.65453992761811,60
"{CREMWURSTI PIEPT DE PUI VID.BENEDEK} => {LAPTE DE CONSUM 3.5% GRASIME FRISS CUTIE 1L}",0.000101024207182821,0.124542124542125,0.000811164957673828,5.8336848491337,34
"{CREMWURSTI PIEPT DE PUI VID.BENEDEK} => {PAINE DE CASA PE FOI DE VARZA RIP-ROP 1KG}",0.000243646617323274,0.3003663003663,0.000811164957673828,5.14841759547642,82
"{CREMWURSTI PIEPT DE PUI VID.BENEDEK} => {_BANANE}",0.000184220613098086,0.227106227106227,0.000811164957673828,2.47372911033989,62
"{PEPSI TWIST LEMON 500ML} => {_BANANE}",0.000237704016900756,0.129032258064516,0.00184220613098086,1.4054694008799,80
"{SLANINA AFUMATA BENEDEK} => {PAINE DE CASA PE FOI DE VARZA RIP-ROP 1KG}",0.000109938107816599,0.10632183908046,0.00103401247351829,1.82240559755773,37
"{SLANINA AFUMATA BENEDEK} => {PAINE CU CARTOFI FELII BACHUS 1.2 KG}",0.000112909408027859,0.109195402298851,0.00103401247351829,1.46356193667404,38
"{SLANINA AFUMATA BENEDEK} => {_BANANE}",0.000172335412253048,0.166666666666667,0.00103401247351829,1.81539797613654,58
"{DANONE ACTIVIA DE BAUT CEREALE INT.FR.PADURE 320G} => {DANONE ACTIVIA DE BAUT CAPSUNI&KIWI 320G}",0.000151536310774232,0.146131805157593,0.00103698377372955,129.423940582114,51
"{DANONE ACTIVIA DE BAUT CAPSUNI&KIWI 320G} => {DANONE ACTIVIA DE BAUT CEREALE INT.FR.PADURE 320G}",0.000151536310774232,0.134210526315789,0.00112909408027859,129.423940582114,51
"{DANONE ACTIVIA DE BAUT CEREALE INT.FR.PADURE 320G} => {_BANANE}",0.000249589217745793,0.240687679083095,0.00103698377372955,2.6216635529307,84
"{SALAM SARBESC GASTRO FELIAT FOX 100G} => {PAINE DE CASA PE FOI DE VARZA RIP-ROP 1KG}",0.000127765909084156,0.129129129129129,0.000989442970349395,2.21333311921547,43
"{SALAM SARBESC GASTRO FELIAT FOX 100G} => {PAINE CU CARTOFI FELII BACHUS 1.2 KG}",0.000115880708239118,0.117117117117117,0.000989442970349395,1.56973783819662,39
"{SALAM SARBESC GASTRO FELIAT FOX 100G} => {_BANANE}",0.000118852008450378,0.12012012012012,0.000989442970349395,1.30839493775606,40
"{CARNATI TARANESC HAJDU} => {_BANANE}",0.000133708509506675,0.124309392265193,0.00107561067647592,1.35402611479797,45
"{NAPOLITANE CU CREMA DE LAMAIE ALFERS 170G} => {PAINE CU CARTOFI FELII BACHUS 1.2 KG}",0.000142622410140453,0.11566265060241,0.00123308958767267,1.55024341091966,48
"{NAPOLITANE CU CREMA DE LAMAIE ALFERS 170G} => {_BANANE}",0.000199077114154383,0.16144578313253,0.00123308958767267,1.75853008772744,67
"{LAPTE UHT 1.5% GRASIME FARA LACTOZA MIZO 1L} => {PAINE CU CARTOFI FELII BACHUS 1.2 KG}",0.000145593710351713,0.110859728506787,0.00131331469337667,1.48586914409179,49
"{LAPTE UHT 1.5% GRASIME FARA LACTOZA MIZO 1L} => {_BANANE}",0.000240675317112015,0.183257918552036,0.00131331469337667,1.99611632670216,81
"{PIPER MACINAT ECOM 50G} => {_BANANE}",0.000103995507394081,0.101449275362319,0.00102509857288451,1.10502485503963,35
"{LAPTE UHT 1.5% GRASIME FALUSI 1L} => {PAINE CU CARTOFI FELII BACHUS 1.2 KG}",0.000154507610985491,0.136125654450262,0.00113503668070111,1.82451204230183,52
"{LAPTE UHT 1.5% GRASIME FALUSI 1L} => {_BANANE}",0.000184220613098086,0.162303664921466,0.00113503668070111,1.76787446890783,62
"{CREMWURSTI DE PORC CLASIC CAROLI} => {CARNE TOCATA PORC VRAC}",0.000133708509506675,0.113924050632911,0.00117366358344748,3.81393424974219,45
"{CREMWURSTI DE PORC CLASIC CAROLI} => {_BANANE}",0.000148565010562972,0.126582278481013,0.00117366358344748,1.37878327301509,50
"{PROSOP DIN HARTIE PERFEX BONI 2ROLE 2STRAT} => {PAINE CU CARTOFI FELII BACHUS 1.2 KG}",0.000109938107816599,0.107871720116618,0.00101915597246199,1.44582043092028,37
"{PROSOP DIN HARTIE PERFEX BONI 2ROLE 2STRAT} => {_BANANE}",0.000139651109929194,0.137026239067055,0.00101915597246199,1.4925429424796,47
"{STAR SNACKS SALTY POPS 80G} => {_BANANE}",0.000231761416478237,0.198473282442748,0.00116772098302496,2.16184797158244,78
"{_VARZA ROSIE} => {_MORCOVI}",0.000154507610985491,0.132315521628499,0.00116772098302496,3.15488386472803,52
"{_VARZA ROSIE} => {_BANANE}",0.000163421511619269,0.139949109414758,0.00116772098302496,1.52437997996198,55
"{BISCUITI CU COCOS GYORI EDES 180G} => {BISCUITI CU CACAO GYORI EDES 180G}",0.000124794608872897,0.114130434782609,0.00109343847774348,104.661962445208,42
"{BISCUITI CU CACAO GYORI EDES 180G} => {BISCUITI CU COCOS GYORI EDES 180G}",0.000124794608872897,0.114441416893733,0.00109046717753222,104.661962445208,42
"{BISCUITI CU COCOS GYORI EDES 180G} => {BISCUITI EREDETI GYORI EDES 180G}",0.000115880708239118,0.105978260869565,0.00109343847774348,62.2465997040747,39
"{BISCUITI CU COCOS GYORI EDES 180G} => {PAINE CU CARTOFI FELII BACHUS 1.2 KG}",0.000124794608872897,0.114130434782609,0.00109343847774348,1.52970689834294,42
"{BISCUITI CU COCOS GYORI EDES 180G} => {_BANANE}",0.000225818816055718,0.206521739130435,0.00109343847774348,2.24951488347353,76
"{APA MINERALA NATURALA CARBOGAZIFICATA CONTINUT REDUS CO2 TUSNAD 1L} => {_BANANE}",0.000222847515844458,0.120772946859903,0.00184517743119212,1.31550577980908,75
"{KINDER DELICE PRAJITURA DE CACAO CU UMPLUTURA DE LAPTE 39G} => {KINDER BUENO 43G}",0.000172335412253048,0.137767220902613,0.00125091738894023,31.2439161027204,58
"{KINDER DELICE PRAJITURA DE CACAO CU UMPLUTURA DE LAPTE 39G} => {SZEKELYHON}",0.000142622410140453,0.114014251781473,0.00125091738894023,7.2729034268025,48
"{KINDER DELICE PRAJITURA DE CACAO CU UMPLUTURA DE LAPTE 39G} => {FRANZELA ALBA COUNTRY 1KG}",0.000130737209295416,0.104513064133017,0.00125091738894023,4.70935671082597,44
"{COVRIGEI BACHUS 250G} => {LAPTE DE CONSUM 1.5% GRASIME FRISS CUTIE 1L}",0.000115880708239118,0.102902374670185,0.00112612278006733,3.6097668232619,39
"{COVRIGEI BACHUS 250G} => {_BANANE}",0.000172335412253048,0.153034300791557,0.00112612278006733,1.66690895961877,58
"{PREPARAT ALIMENTAR DIN LAPTE DEGRESAT SI GRASIMI VEGETALE AKADIA} => {_BANANE}",0.000172335412253048,0.162921348314607,0.00105778287520836,1.77460251599864,58
"{APA MINERALA NATURALA NATURAL CARBOGAZOASA BORSEC 1.5L} => {BERE STAROPRAMEN DOZA 5% 500ML}",0.000139651109929194,0.102620087336245,0.00136085549675683,37.2568481696603,47
"{APA MINERALA NATURALA NATURAL CARBOGAZOASA BORSEC 1.5L} => {COCA COLA 1.25L PET}",0.000136679809717934,0.100436681222707,0.00136085549675683,31.2694416055003,46
"{APA MINERALA NATURALA NATURAL CARBOGAZOASA BORSEC 1.5L} => {COCA COLA PET 500ML}",0.000172335412253048,0.126637554585153,0.00136085549675683,36.9967438440078,58
"{APA MINERALA NATURALA NATURAL CARBOGAZOASA BORSEC 1.5L} => {BERE TILTOTT CSIKI DOZA 500ML}",0.000326843023238539,0.240174672489083,0.00136085549675683,79.952034174301,110
"{BERE TILTOTT CSIKI DOZA 500ML} => {APA MINERALA NATURALA NATURAL CARBOGAZOASA BORSEC 1.5L}",0.000326843023238539,0.108803165182987,0.0030039845135833,79.952034174301,110
"{APA MINERALA NATURALA NATURAL CARBOGAZOASA BORSEC 1.5L} => {CORN CU SUSAN RIP-ROP 150G}",0.000279302219858388,0.205240174672489,0.00136085549675683,35.1880776905503,94
"{APA MINERALA NATURALA NATURAL CARBOGAZOASA BORSEC 1.5L} => {APA MINERALA NATURALA CARBOGAZIFICATA TUSNAD 2L}",0.000469465433378992,0.344978165938865,0.00136085549675683,36.0345861828748,158
"{APA MINERALA NATURALA NATURAL CARBOGAZOASA BORSEC 1.5L} => {FRANZELA ALBA BACHUS 1KG}",0.000561575739928035,0.412663755458515,0.00136085549675683,17.2268946776023,189
"{APA MINERALA NATURALA NATURAL CARBOGAZOASA BORSEC 1.5L} => {APA MINERALA NATURALA CARBOGAZIFICATA CONTINUT REDUS CO2 TUSNAD 2L}",0.00026741701901335,0.196506550218341,0.00136085549675683,3.67028519871431,90
"{SUC DE ROSII 22% DAWTONA 330ML} => {CARNE TOCATA PORC VRAC}",0.000139651109929194,0.128767123287671,0.0010845245771097,4.31084866645137,47
"{SUC DE ROSII 22% DAWTONA 330ML} => {_MORCOVI}",0.000163421511619269,0.150684931506849,0.0010845245771097,3.59287748873005,55
"{SUC DE ROSII 22% DAWTONA 330ML} => {_BANANE}",0.000145593710351713,0.134246575342466,0.0010845245771097,1.46226576707984,49
"{UNT 65% GRASIME KERESZTURI 200G} => {_BANANE}",0.000193134513731864,0.177595628415301,0.00108749587732096,1.934440466375,65
"{ULEI RAFINAT DE FLOAREA SOARELUI BUNICA 1.8L} => {_BANANE}",0.00016045021140801,0.140992167101828,0.00113800798091237,1.53574136884657,54
"{GOBE BRANZA DE BURDUF DIN CRISTUR 300G} => {_BANANE}",0.000154507610985491,0.136482939632546,0.00113206538048985,1.48662511431653,52
"{_FASOLE COLORATE KG} => {_MORCOVI}",0.000181249312886826,0.140229885057471,0.00129251559189786,3.34359110915672,61
"{_FASOLE COLORATE KG} => {PAINE CU CARTOFI FELII BACHUS 1.2 KG}",0.000139651109929194,0.108045977011494,0.00129251559189786,1.44815602155115,47
"{_FASOLE COLORATE KG} => {_BANANE}",0.000130737209295416,0.101149425287356,0.00129251559189786,1.10175877172424,44
"{PROSOP DE HARTIE OOOPS SENSITIVE 2ROLE} => {PAINE CU CARTOFI FELII BACHUS 1.2 KG}",0.000115880708239118,0.105691056910569,0.00109640977795474,1.41659268325061,39
"{PROSOP DE HARTIE OOOPS SENSITIVE 2ROLE} => {_BANANE}",0.000169364112041788,0.154471544715447,0.00109640977795474,1.68256397788264,57
"{SCORTISOARA MACINATA MARCO POLO 20G} => {_BANANE}",0.000124794608872897,0.114441416893733,0.00109046717753222,1.24654029969048,42
"{BISCUITI CU CACAO GYORI EDES 180G} => {BISCUITI EREDETI GYORI EDES 180G}",0.000181249312886826,0.166212534059946,0.00109046717753222,97.6253524877432,61
"{BISCUITI EREDETI GYORI EDES 180G} => {BISCUITI CU CACAO GYORI EDES 180G}",0.000181249312886826,0.106457242582897,0.00170255502105166,97.6253524877432,61
"{BISCUITI CU CACAO GYORI EDES 180G} => {_BANANE}",0.000202048414365642,0.185286103542234,0.00109046717753222,2.01820810426078,68
"{PRAJITURA GYORI DORMI CU CR.CAPSUNI 30G} => {PRAJITURA GYORI DORMI CU CR.CIOCOLATA 30G}",0.000181249312886826,0.163538873994638,0.00110829497879977,111.415989189307,61
"{PRAJITURA GYORI DORMI CU CR.CIOCOLATA 30G} => {PRAJITURA GYORI DORMI CU CR.CAPSUNI 30G}",0.000181249312886826,0.123481781376518,0.00146782230436217,111.415989189307,61
"{PRAJITURA GYORI DORMI CU CR.CAPSUNI 30G} => {PRAJITURA GYORI DORMI CU CR.LAPTE 30G}",0.000222847515844458,0.201072386058981,0.00110829497879977,117.689590861406,75
"{PRAJITURA GYORI DORMI CU CR.LAPTE 30G} => {PRAJITURA GYORI DORMI CU CR.CAPSUNI 30G}",0.000222847515844458,0.130434782608696,0.00170849762147418,117.689590861406,75
"{PRAJITURA GYORI DORMI CU CR.CAPSUNI 30G} => {_BANANE}",0.000172335412253048,0.155495978552279,0.00110829497879977,1.69372250856706,58
"{PASTE SPAGHETE CU 4 OUA GYERMELYI 500G} => {CARNE TOCATA PORC VRAC}",0.000172335412253048,0.159340659340659,0.00108155327689844,5.33438544942574,58
"{PASTE SPAGHETE CU 4 OUA GYERMELYI 500G} => {PAINE CU CARTOFI FELII BACHUS 1.2 KG}",0.000115880708239118,0.107142857142857,0.00108155327689844,1.4360513739546,39
"{PASTE SPAGHETE CU 4 OUA GYERMELYI 500G} => {_BANANE}",0.000130737209295416,0.120879120879121,0.00108155327689844,1.31666226840672,44
"{PUFULETI MEGASURPRISE GUSTO 60G} => {DANONE ACTIVIA NATUR 125G}",0.000148565010562972,0.127551020408163,0.0011647496828137,11.1355845840282,50
"{PUFULETI MEGASURPRISE GUSTO 60G} => {PAINE DE CASA PE FOI DE VARZA RIP-ROP 1KG}",0.000166392811830529,0.142857142857143,0.0011647496828137,2.44863763687293,56
"{PUFULETI MEGASURPRISE GUSTO 60G} => {_BANANE}",0.000255531818168312,0.219387755102041,0.0011647496828137,2.3896565196083,86
"{BOMBOANE NEGRO EXTRA STRONG GYORI 79G} => {_BANANE}",0.000178278012675567,0.14018691588785,0.00127171649041904,1.52697026030176,60
"{NAPOLITANE CU CREMA DE LAMAIE FARA ZAHAR,CU INDULCITOR LOVE FREE U&U 180G} => {_BANANE}",0.000205019714576902,0.174242424242424,0.00117663488365874,1.89791606596092,69
"{DANONE ACTIVIA DE BAUT CAPSUNI&KIWI 320G} => {_BANANE}",0.000255531818168312,0.226315789473684,0.00112909408027859,2.46511935706961,86
"{SPECIALITATE TARTINABILA NESARATA CASEROLA LURPAK 200G} => {PAINE CU CARTOFI FELII BACHUS 1.2 KG}",0.000133708509506675,0.133928571428571,0.000998356870983174,1.79506421744325,45
"{SPECIALITATE TARTINABILA NESARATA CASEROLA LURPAK 200G} => {_BANANE}",0.000130737209295416,0.130952380952381,0.000998356870983173,1.42638412410728,44
"{SCORTISOARA MACINATA ECOM 50G} => {_BANANE}",0.000112909408027859,0.10079575596817,0.00112018017964481,1.0979064683266,38
"{BERE URSUS DOZA 500ML} => {LD RED SOFT 100}",0.000222847515844458,0.12998266897747,0.0017144402218967,62.4943674176777,75
"{LD RED SOFT 100} => {BERE URSUS DOZA 500ML}",0.000222847515844458,0.107142857142857,0.00207991014788161,62.4943674176776,75
"{BERE URSUS DOZA 500ML} => {KENT CORE SILVER}",0.000288216120492166,0.168110918544194,0.0017144402218967,41.2979809991271,97
"{BERE URSUS DOZA 500ML} => {APA MINERALA NATURALA CARBOGAZIFICATA TUSNAD 2L}",0.000181249312886826,0.105719237435009,0.0017144402218967,11.0428698064756,61
"{BERE URSUS DOZA 500ML} => {APA MINERALA NATURALA CARBOGAZOASA PERLA HARGHITEI  2L}",0.000442723731477657,0.258232235701906,0.0017144402218967,12.9174841887907,149
"{DR.OETKER BUDINCA FRISCA 40G} => {DR.OETKER BUDINCA CAPSUNI 40G}",0.000109938107816599,0.119354838709677,0.000921103065490428,98.2132739175014,37
"{DR.OETKER BUDINCA FRISCA 40G} => {DR.OETKER BUDINCA VANILIE 40G}",0.000205019714576902,0.22258064516129,0.000921103065490428,53.9310179056643,69
"{DR.OETKER BUDINCA FRISCA 40G} => {_BANANE}",0.000151536310774232,0.164516129032258,0.000921103065490428,1.79197348612187,51
"{BISCUITI CACAO CU BUC.DE CIOC.BELVITA JO REGGELT 50G} => {_BANANE}",0.000154507610985491,0.128395061728395,0.00120337658556008,1.39852881124592,52
"{GOBE SANA 3.6% 750ML} => {PAINE DE CASA PE FOI DE VARZA RIP-ROP 1KG}",0.000187191913309345,0.147196261682243,0.00127171649041904,2.52301214453496,63
"{GOBE SANA 3.6% 750ML} => {_BANANE}",0.000181249312886826,0.142523364485981,0.00127171649041904,1.55241976464012,61
"{HEETS AMBER LABEL} => {APA MINERALA NATURALA PLATA PERLA HARGHITEI 5L ROZ}",0.000433809830843879,0.173190984578885,0.00250480607809171,56.8108629951047,146
"{APA MINERALA NATURALA PLATA PERLA HARGHITEI 5L ROZ} => {HEETS AMBER LABEL}",0.000433809830843879,0.142300194931774,0.00304855401675219,56.8108629951047,146
"{HEETS AMBER LABEL} => {_BANANE}",0.000255531818168312,0.102016607354686,0.00250480607809171,1.11120445514407,86
"{MAGGI CUB GAINA 120G} => {_PATRUNJEL RADACINA KG}",0.000139651109929194,0.134670487106017,0.00103698377372955,5.88696667709981,47
"{MAGGI CUB GAINA 120G} => {_MORCOVI}",0.000196105813943123,0.189111747851003,0.00103698377372955,4.50911272224574,66
"{MAGGI CUB GAINA 120G} => {_BANANE}",0.000127765909084156,0.123209169054441,0.00103698377372955,1.34204205685738,43
"{APA MINERALA NATURALA DECARBOGAZIFICATA PARTIAL PERLA HARGHITEI 500ML} => {LAPTE DE CONSUM 1.8% LACTIS 1L}",0.000231761416478237,0.136602451838879,0.00169661242062914,51.310228765324,78
"{MUSTAR CU HREAN LA MINUT 290G} => {PAINE CU CARTOFI FELII BACHUS 1.2 KG}",0.000121823308661637,0.108753315649867,0.00112018017964481,1.4576365847037,41
"{MUSTAR CU HREAN LA MINUT 290G} => {_BANANE}",0.000163421511619269,0.145888594164456,0.00112018017964481,1.58907515152535,55
"{RAHAT SIMPLU 400G} => {PAINE CU CARTOFI FELII BACHUS 1.2 KG}",0.000115880708239118,0.10025706940874,0.00115583578217992,1.34376015454878,39
"{RAHAT SIMPLU 400G} => {_BANANE}",0.000130737209295416,0.113110539845758,0.00115583578217992,1.2320438706942,44
"{DANONE ACTIVIA DE BAUT NATUR 320G} => {CORN RIP-ROP 100G}",0.000136679809717934,0.105504587155963,0.00129548689210912,6.47717718371049,46
"{DANONE ACTIVIA DE BAUT NATUR 320G} => {LAPTE DE CONSUM 1.5% GRASIME FRISS CUTIE 1L}",0.000130737209295416,0.100917431192661,0.00129548689210912,3.54013594123238,44
"{DANONE ACTIVIA DE BAUT NATUR 320G} => {_BANANE}",0.00016045021140801,0.123853211009174,0.00129548689210912,1.3490572116244,54
"{ELAN BRANZA TOPITA EMMENTALER 100G} => {_BANANE}",0.000145593710351713,0.136490250696379,0.00106669677584214,1.48670474925945,49
"{MALAI EXTRA ARPIS PREMIUM 500G} => {_BANANE}",0.000181249312886826,0.163978494623656,0.00110532367858851,1.7861173636182,61
"{DESERT POTTYOS GURU CU CARAMEL 38G} => {_BANANE}",0.000130737209295416,0.10161662817552,0.00128657299147534,1.10684772678994,44
"{FANTA PORTOCALE 2L} => {COCA COLA 2L PET}",0.00016045021140801,0.117903930131004,0.00136085549675683,28.2025027699928,54
"{FANTA PORTOCALE 2L} => {COCA COLA 2.5L PET}",0.000139651109929194,0.102620087336245,0.00136085549675683,22.9177825171036,47
"{FANTA PORTOCALE 2L} => {PAINE CU CARTOFI FELII BACHUS 1.2 KG}",0.000196105813943123,0.14410480349345,0.00136085549675683,1.93145774313544,66
"{FANTA PORTOCALE 2L} => {_BANANE}",0.000139651109929194,0.102620087336245,0.00136085549675683,1.11777779316704,47
"{CERBONA BATON CEREALE CU CIOC.AMARA&ZMEURA 20G} => {_BANANE}",0.000193134513731864,0.178571428571429,0.00108155327689844,1.94506926014629,65
"{IAURT 2.8% PROBIOTIC LACTIS 500G} => {_BANANE}",0.000350613424928615,0.233663366336634,0.00150050660668602,2.54515201406865,118
"{ELAN OREZ 1KG} => {CARNE TOCATA PORC VRAC}",0.000145593710351713,0.138418079096045,0.00105184027478584,4.63394208435405,49
"{ELAN OREZ 1KG} => {_BANANE}",0.000181249312886826,0.172316384180791,0.00105184027478584,1.87693689058184,61
"{BISCUITI CU MIERE MAIA 120G} => {LD RED SOFT 100}",0.000261474418590831,0.21256038647343,0.00123011828746141,102.19690821256,88
"{LD RED SOFT 100} => {BISCUITI CU MIERE MAIA 120G}",0.000261474418590831,0.125714285714286,0.00207991014788161,102.19690821256,88
"{BISCUITI CU MIERE MAIA 120G} => {BERE CIUC PREMIUM DOZA 500ML}",0.000127765909084156,0.103864734299517,0.00123011828746141,13.4809054850387,43
"{BISCUITI CU MIERE MAIA 120G} => {APA MINERALA NATURALA CARBOGAZOASA PERLA HARGHITEI  2L}",0.000246617917534534,0.20048309178744,0.00123011828746141,10.0287137322144,83
"{BISCUITI CU MIERE MAIA 120G} => {_BANANE}",0.000300101321337204,0.243961352657005,0.00123011828746141,2.65732167521435,101
"{DETERGENT VASE FAIRY LEMON 400ML} => {PAINE CU CARTOFI FELII BACHUS 1.2 KG}",0.000115880708239118,0.107734806629834,0.00107561067647592,1.44398535944606,39
"{DETERGENT VASE FAIRY LEMON 400ML} => {_BANANE}",0.000163421511619269,0.151933701657459,0.00107561067647592,1.65492080697529,55
"{SARE DE MARE EXTRAFINA IODATA CUTIE RENAISSANCE 1KG} => {_BANANE}",0.00016045021140801,0.127058823529412,0.00126280258978526,1.3839739865135,54
"{BERE CIUC GUST DE LAMAIE NATUR RADLER DOZA 500ML} => {PAINE CU CARTOFI FELII BACHUS 1.2 KG}",0.00016045021140801,0.116883116883117,0.00137274069760186,1.56660149885956,54
"{UNT DE MASA 65% GRASIME COVALACT 180G} => {_BANANE}",0.000163421511619269,0.147058823529412,0.00111126627901103,1.60182174364988,55
"{DANONE ACTIMEL IAURT DE BAUT FRUCTE DE PADURE 4*100G} => {_BANANE}",0.000187191913309345,0.1875,0.000998356870983174,2.0423227231536,63
"{JUMARI DE PORC BERKE 200G} => {PAINE CU CARTOFI FELII BACHUS 1.2 KG}",0.000163421511619269,0.140664961636829,0.00116177838260244,1.8853530399745,55
"{JUMARI DE PORC BERKE 200G} => {_BANANE}",0.00016045021140801,0.138107416879795,0.00116177838260244,1.50431955055815,54
"{CASCAVAL ANALOG JAVOR 40% GRASIME MLEKOVITA} => {_BANANE}",0.000136679809717934,0.112469437652812,0.00121526178640511,1.22506073695277,46
"{GOBE SARATELE CU CASCAVAL 100G} => {_BANANE}",0.000187191913309345,0.143835616438356,0.00130142949253164,1.56671332187126,63
"{MEGLEPETES} => {PAINE CU CARTOFI FELII BACHUS 1.2 KG}",0.000151536310774232,0.110869565217391,0.00136679809717934,1.48600098696172,51
"{MEGLEPETES} => {_BANANE}",0.000169364112041788,0.123913043478261,0.00136679809717934,1.34970893008412,57
"{SALAM VICTORIA CAROLI} => {PAINE CU CARTOFI FELII BACHUS 1.2 KG}",0.000169364112041788,0.136038186157518,0.00124497478851771,1.82333969199009,57
"{SALAM VICTORIA CAROLI} => {_BANANE}",0.000133708509506675,0.107398568019093,0.00124497478851771,1.16982685813094,45
"{PROSOP DIN HARTIE PERLA DOLCE CASA DECOR 3ROLE 3STR} => {PAINE CU CARTOFI FELII BACHUS 1.2 KG}",0.000145593710351713,0.120098039215686,0.00121229048619385,1.6096915727661,49
"{PROSOP DIN HARTIE PERLA DOLCE CASA DECOR 3ROLE 3STR} => {_BANANE}",0.000178278012675567,0.147058823529412,0.00121229048619385,1.60182174364988,60
"{POLONEZ CAROLI KG} => {_BANANE}",0.000142622410140453,0.101910828025478,0.0013994823995032,1.1100522656631,48
"{REAL OREZ CAL B 500G} => {CARNE TOCATA PORC VRAC}",0.000196105813943123,0.181318681318681,0.00108155327689844,6.0701627527948,66
"{REAL OREZ CAL B 500G} => {_BANANE}",0.000115880708239118,0.107142857142857,0.00108155327689844,1.16704155608777,39
"{COZONAC BACHUS 500G} => {PAINE CU CARTOFI FELII BACHUS 1.2 KG}",0.000249589217745793,0.165029469548134,0.00151239180753106,2.2119141005509,84
"{COZONAC BACHUS 500G} => {_BANANE}",0.000196105813943123,0.129666011787819,0.00151239180753106,1.41237249223982,66
"{NAPOLITANE CU CREMA DE ALUNE ROSHEN 72G} => {NAPOLITANE CU CREMA DE CIOCOLATA ROSHEN 72G}",0.000303072621548463,0.252475247524752,0.00120040528534882,148.551227238108,102
"{NAPOLITANE CU CREMA DE CIOCOLATA ROSHEN 72G} => {NAPOLITANE CU CREMA DE ALUNE ROSHEN 72G}",0.000303072621548463,0.178321678321678,0.0016995837208404,148.551227238108,102
"{NAPOLITANE CU CREMA DE ALUNE ROSHEN 72G} => {NAPOLITANE CU CREMA DE LAPTE ROSHEN 72G}",0.000240675317112015,0.200495049504951,0.00120040528534882,105.433141243812,81
"{NAPOLITANE CU CREMA DE LAPTE ROSHEN 72G} => {NAPOLITANE CU CREMA DE ALUNE ROSHEN 72G}",0.000240675317112015,0.1265625,0.00190163213520604,105.433141243812,81
"{NAPOLITANE CU CREMA DE ALUNE ROSHEN 72G} => {PAINE CU CARTOFI FELII BACHUS 1.2 KG}",0.000145593710351713,0.121287128712871,0.00120040528534882,1.62562911309052,49
"{NAPOLITANE CU CREMA DE ALUNE ROSHEN 72G} => {_BANANE}",0.00021690491542194,0.180693069306931,0.00120040528534882,1.9681789939302,73
"{BATISTE DE HARTIE SENSITIVE CLASSIC 3 STRATURI OOOPS 90BUC} => {_BANANE}",0.000181249312886826,0.156010230179028,0.00116177838260244,1.69932393674162,61
"{MAGGI CUB GAINA 60G} => {_TELINA}",0.000148565010562972,0.13262599469496,0.00112018017964481,6.33309823958186,50
"{MAGGI CUB GAINA 60G} => {_PATRUNJEL RADACINA KG}",0.000157478911196751,0.140583554376658,0.00112018017964481,6.1454496656874,53
"{MAGGI CUB GAINA 60G} => {_MORCOVI}",0.00021690491542194,0.193633952254642,0.00112018017964481,4.61693854290871,73
"{APA MINERALA PLATA AQUATIQUE 2L} => {APA MINERALA NATURALA CARBOGAZIFICATA CONTINUT REDUS CO2 TUSNAD 2L}",0.000178278012675567,0.106571936056838,0.00167284201893907,1.99051583305051,60
"{APA MINERALA PLATA AQUATIQUE 2L} => {_BANANE}",0.000314957822393501,0.188277087033748,0.00167284201893907,2.05078705652369,106
"{APA MINERALA NATURALA PLATA BORSEC 2L} => {APA MINERALA NATURALA CARBOGAZOASA PERLA HARGHITEI  2L}",0.000246617917534534,0.1296875,0.00190163213520604,6.48732419552616,83
"{APA MINERALA NATURALA PLATA BORSEC 2L} => {APA MINERALA NATURALA CARBOGAZIFICATA CONTINUT REDUS CO2 TUSNAD 2L}",0.000234732716689496,0.1234375,0.00190163213520604,2.30552533090072,79
"{APA MINERALA NATURALA PLATA BORSEC 2L} => {_BANANE}",0.000219876215633199,0.115625,0.00190163213520604,1.25943234594472,74
"{_RIDICHI ALBI LEGATURA} => {PAINE DE CASA PE FOI DE VARZA RIP-ROP 1KG}",0.000127765909084156,0.100702576112412,0.00126874519020778,1.72608882599239,43
"{_RIDICHI ALBI LEGATURA} => {_BANANE}",0.000222847515844458,0.175644028103044,0.00126874519020778,1.91318287883241,75
"{BONDUELLE MAZARE VERDE BOABE 800G} => {LAPTE DE CONSUM 1.5% GRASIME FRISS CUTIE 1L}",0.000145593710351713,0.117505995203837,0.00123903218809519,4.12205495141098,49
"{BONDUELLE MAZARE VERDE BOABE 800G} => {_MORCOVI}",0.000139651109929194,0.112709832134293,0.00123903218809519,2.68741283275186,47
"{BONDUELLE MAZARE VERDE BOABE 800G} => {_BANANE}",0.00016045021140801,0.129496402877698,0.00123903218809519,1.4105250462068,54
"{CHIO STICKLETTI ORIGINAL 250G} => {_BANANE}",0.00021690491542194,0.181141439205955,0.00119743398513756,1.9730628127737,73
"{KENT NANO WHITE} => {SMANTANA 20% GRASIME KERESZTURI 145G}",0.000178278012675567,0.101867572156197,0.00175009582443181,68.8430462086035,60
"{SMANTANA 20% GRASIME KERESZTURI 145G} => {KENT NANO WHITE}",0.000178278012675567,0.120481927710843,0.0014797075052072,68.8430462086035,60
"{KENT NANO WHITE} => {SZEKELYHON}",0.000193134513731864,0.110356536502547,0.00175009582443181,7.03957987671372,65
"{KENT NANO WHITE} => {LAPTE DE CONSUM 1.5% GRASIME FRISS CUTIE 1L}",0.00037438382661869,0.213921901528014,0.00175009582443181,7.5042795210504,126
"{KENT NANO WHITE} => {APA MINERALA NATURALA CARBOGAZIFICATA CONTINUT REDUS CO2 TUSNAD 2L}",0.000237704016900756,0.135823429541596,0.00175009582443181,2.53686567969991,80
"{KENT NANO WHITE} => {PAINE CU CARTOFI FELII BACHUS 1.2 KG}",0.000451637632111436,0.258064516129032,0.00175009582443181,3.45887642758957,152
"{KENT NANO WHITE} => {_BANANE}",0.000225818816055718,0.129032258064516,0.00175009582443181,1.4054694008799,76
"{BOIA DE ARDEI DULCE MACINAT PREMIUM THYMOS BIGPACK 100G} => {CARNE TOCATA PORC VRAC}",0.00010696680760534,0.104347826086957,0.00102509857288451,3.49334267512618,36
"{BOIA DE ARDEI DULCE MACINAT PREMIUM THYMOS BIGPACK 100G} => {PAINE DE CASA PE FOI DE VARZA RIP-ROP 1KG}",0.000127765909084156,0.12463768115942,0.00102509857288451,2.13634761941667,43
"{BOIA DE ARDEI DULCE MACINAT PREMIUM THYMOS BIGPACK 100G} => {_BANANE}",0.000145593710351713,0.142028985507246,0.00102509857288451,1.54703479705548,49
"{PIPER BOABE ECOM 50G} => {OTET BISTRITA 1L}",0.000127765909084156,0.113456464379947,0.00112612278006733,11.8217069524658,43
"{PIPER BOABE ECOM 50G} => {_MORCOVI}",0.000127765909084156,0.113456464379947,0.00112612278006733,2.70521526436163,43
"{PIPER BOABE ECOM 50G} => {_BANANE}",0.000142622410140453,0.12664907651715,0.00112612278006733,1.37951086313278,48
"{JUMARI DE PORC BERKE} => {APA MINERALA NATURALA CARBOGAZIFICATA CONTINUT REDUS CO2 TUSNAD 2L}",0.000142622410140453,0.123393316195373,0.00115583578217992,2.30470008022095,48
"{JUMARI DE PORC BERKE} => {PAINE CU CARTOFI FELII BACHUS 1.2 KG}",0.000163421511619269,0.141388174807198,0.00115583578217992,1.89504637179956,55
"{JUMARI DE PORC BERKE} => {_BANANE}",0.000136679809717934,0.118251928020566,0.00115583578217992,1.28804586481667,46
"{BISCUITI MEGA SANDVIS CU CREMA DE CACAO FEINY 500G} => {PAINE CU CARTOFI FELII BACHUS 1.2 KG}",0.000172335412253048,0.131519274376417,0.00131034339316542,1.76277205691782,58
"{BISCUITI MEGA SANDVIS CU CREMA DE CACAO FEINY 500G} => {_BANANE}",0.000210962314999421,0.160997732426304,0.00131034339316542,1.7536497456557,71
"{OREGANO MACINAT MARCO POLO 7G} => {_BANANE}",0.000136679809717934,0.128491620111732,0.00106372547563088,1.39958056260806,46
"{BOMBOANE NEGRO CLASSIC GYORI 79G} => {_BANANE}",0.000264445718802091,0.198660714285714,0.00133114249464423,2.16388955191275,89
"{ULEI VENUSZ 1L} => {_BANANE}",0.000178278012675567,0.137931034482759,0.00129251559189786,1.50239832507851,60
"{LAPTE UHT 3.2% GRASIME MLEKOVITA 1L} => {_BANANE}",0.000193134513731864,0.141304347826087,0.00136679809717934,1.53914176237663,65
"{ARAHIDE CU COAJA PRAJITE&SARATE ESOX 200G} => {_BANANE}",0.000261474418590831,0.189655172413793,0.00137868329802438,2.06579769698295,88
"{SANA 3.6% PROBIOTIC LACTIS 900G} => {PAINE CU CARTOFI FELII BACHUS 1.2 KG}",0.000258503118379572,0.160813308687616,0.00160747341429136,2.15540428031633,87
"{SANA 3.6% PROBIOTIC LACTIS 900G} => {_BANANE}",0.000240675317112015,0.149722735674677,0.00160747341429136,1.6308381079526,81
"{SEMINTE DE SUSAN ECOM 50G} => {PIEPT DE PUI FARA OS REFR.VRAC SZEKELY CSURKE}",0.000130737209295416,0.110275689223058,0.00118554878429252,7.54188458343583,44
"{SEMINTE DE SUSAN ECOM 50G} => {_BANANE}",0.000121823308661637,0.102756892230576,0.00118554878429252,1.11926792513681,41
"{KISKEGYED} => {NESCAFE BRASERO 1.8G}",0.00016045021140801,0.111111111111111,0.00144405190267209,57.7971835823459,54
"{KISKEGYED} => {_BANANE}",0.00027038831922461,0.187242798353909,0.00144405190267209,2.03952118306697,91
"{BOMBOANE CIOCOLATA TOFFIFEE ASORTATE 125G} => {_BANANE}",0.000169364112041788,0.107547169811321,0.00157478911196751,1.1714454864881,57
"{PREPARAT CU GRASIMI VEGETALE SUB FORMA DE SPRAY MEGGLE UHT 250G} => {PAINE DE CASA PE FOI DE VARZA RIP-ROP 1KG}",0.000136679809717934,0.104072398190045,0.00131331469337667,1.7838491381744,46
"{PREPARAT CU GRASIMI VEGETALE SUB FORMA DE SPRAY MEGGLE UHT 250G} => {_BANANE}",0.000243646617323274,0.18552036199095,0.00131331469337667,2.02075973814293,82
"{PAINE NEAGRA DE GRAU COUNTRY 500G} => {_BANANE}",0.000196105813943123,0.104430379746835,0.00187786173351597,1.13749620023745,66
"{APA MINERALA NATURALA CARBOGAZOASA PERLA HARGHITEI PET 1L} => {SZEKELYHON}",0.000359527325562393,0.171388101983003,0.00209773794914917,10.9327482726849,121
"{APA MINERALA NATURALA CARBOGAZOASA PERLA HARGHITEI PET 1L} => {_BANANE}",0.000279302219858388,0.13314447592068,0.00209773794914917,1.45026127272097,94
"{CARNATI CU CASCAVAL BERTIS} => {_BANANE}",0.000133708509506675,0.100671140939597,0.00132817119443297,1.09654911310261,45
"{ELAN PASTE PATRATE INCRETITE FARA OUA 400G} => {_BANANE}",0.000178278012675567,0.127388535031847,0.0013994823995032,1.38756533207888,60
"{BRANZA CIOCOLATA POTTYOS CU CR.DE CAISE 30G} => {BRANZA CIOCOLATA POTTYOS CU CR.DE CAPSUNI 30G}",0.000172335412253048,0.137767220902613,0.00125091738894023,95.797461769498,58
"{BRANZA CIOCOLATA POTTYOS CU CR.DE CAPSUNI 30G} => {BRANZA CIOCOLATA POTTYOS CU CR.DE CAISE 30G}",0.000172335412253048,0.119834710743802,0.00143810930224957,95.797461769498,58
"{BRANZA CIOCOLATA POTTYOS CU CR.DE CAISE 30G} => {BRANZA CIOCOLATA POTTYOS NATUR 30G}",0.000130737209295416,0.104513064133017,0.00125091738894023,43.912840540773,44
"{BRANZA CIOCOLATA POTTYOS CU CR.DE CAISE 30G} => {_BANANE}",0.000193134513731864,0.154394299287411,0.00125091738894023,1.68172259072031,65
"{PATE DE PORC CU UNT BUCEGI 120G} => {PAINE CU CARTOFI FELII BACHUS 1.2 KG}",0.000130737209295416,0.115789473684211,0.00112909408027859,1.55194323922111,44
"{PATE DE PORC CU UNT BUCEGI 120G} => {_BANANE}",0.000193134513731864,0.171052631578947,0.00112909408027859,1.8631716070875,65
"{KETCHUP DULCE TOMI 500G} => {PAINE CU CARTOFI FELII BACHUS 1.2 KG}",0.000121823308661637,0.106770833333333,0.00114097928112363,1.4310650844617,41
"{KETCHUP DULCE TOMI 500G} => {_BANANE}",0.00016045021140801,0.140625,0.00114097928112363,1.5317420423652,54
"{BRANZA DE BURDUF II FRISS 300G} => {_BANANE}",0.000169364112041788,0.136038186157518,0.00124497478851771,1.48178068696586,57
"{DANONE DANONINO IAURT DE BAUT CAPSUNI&BANANE 70G} => {DANONE DANONINO IAURT DE BAUT CAPSUNI 70G}",0.000285244820280907,0.25668449197861,0.00111126627901103,217.055115147932,96
"{DANONE DANONINO IAURT DE BAUT CAPSUNI 70G} => {DANONE DANONINO IAURT DE BAUT CAPSUNI&BANANE 70G}",0.000285244820280907,0.241206030150754,0.00118257748408126,217.055115147932,96
"{DANONE DANONINO IAURT DE BAUT CAPSUNI&BANANE 70G} => {_BANANE}",0.000196105813943123,0.176470588235294,0.00111126627901103,1.92218609237986,66
"{ELAN GALUSTE CU PRUNE CONG.800G} => {_BANANE}",0.000205019714576902,0.158256880733945,0.00129548689210912,1.72379532596451,69
"{SALAM DE VARA B BENEDEK AMBALAT} => {PAINE DE CASA PE FOI DE VARZA RIP-ROP 1KG}",0.000130737209295416,0.10161662817552,0.00128657299147534,1.7417561019789,44
"{SALAM DE VARA B BENEDEK AMBALAT} => {PAINE CU CARTOFI FELII BACHUS 1.2 KG}",0.000190163213520604,0.147806004618938,0.00128657299147534,1.98106548277648,64
"{SALAM DE VARA B BENEDEK AMBALAT} => {_BANANE}",0.000142622410140453,0.110854503464203,0.00128657299147534,1.20747024740721,48
"{PROSOP DIN HARTIE PERLA MAXI DECOR 1ROLE 2STR} => {_BANANE}",0.000178278012675567,0.13986013986014,0.0012746877906303,1.52341088906562,60
"{BRANZA APERITIV HARLAU GORDON 300G} => {PAINE CU CARTOFI FELII BACHUS 1.2 KG}",0.000118852008450378,0.106100795755968,0.00112018017964481,1.42208447288166,40
"{BRANZA APERITIV HARLAU GORDON 300G} => {_BANANE}",0.000210962314999421,0.188328912466843,0.00112018017964481,2.05135155924181,71
"{ELAN PIPER NEGRU BOABE 50G} => {_MORCOVI}",0.000142622410140453,0.117359413202934,0.00121526178640511,2.79827577695268,48
"{ELAN PIPER NEGRU BOABE 50G} => {_BANANE}",0.000121823308661637,0.100244498777506,0.00121526178640511,1.09190196119704,41
"{DOMESTOS PINE FRESH 750ML} => {_BANANE}",0.000139651109929194,0.107305936073059,0.00130142949253164,1.16881787504681,47
"{_RIDICHI NEGRU KG} => {_ARDEI ROSU CAPIA}",0.000145593710351713,0.117224880382775,0.00124200348830645,6.29224643819204,49
"{_RIDICHI NEGRU KG} => {_LAMAIE^2 A nu se consuma coaja}",0.000133708509506675,0.107655502392345,0.00124200348830645,4.03157697748422,45
"{_RIDICHI NEGRU KG} => {_BANANE}",0.000202048414365642,0.162679425837321,0.00124200348830645,1.77196740254475,68
"{SMANTANA 20% GRASIME LACTIS 250G} => {_BANANE}",0.000178278012675567,0.116731517509728,0.00152724830858735,1.27148496383104,60
"{MOGYI SEMINTE DOVLEAC PRAJITE SI SARATE 150G} => {BERE CIUC PREMIUM DOZA 500ML}",0.000184220613098086,0.150485436893204,0.00122417568703889,19.5319418598991,62
"{MOGYI SEMINTE DOVLEAC PRAJITE SI SARATE 150G} => {BERE GOLDEN BRAU DOZA 500ML}",0.00016045021140801,0.131067961165049,0.00122417568703889,10.9267563869162,54
"{MOGYI SEMINTE DOVLEAC PRAJITE SI SARATE 150G} => {PAINE CU CARTOFI FELII BACHUS 1.2 KG}",0.000157478911196751,0.128640776699029,0.00122417568703889,1.72419113183546,53
"{MOGYI SEMINTE DOVLEAC PRAJITE SI SARATE 150G} => {_BANANE}",0.000136679809717934,0.111650485436893,0.00122417568703889,1.21614039178079,46
"{APA MINERALA NATURALA PLATA PERLA HARGHITEI PET 1L} => {CORN RIP-ROP 100G}",0.000222847515844458,0.120967741935484,0.00184220613098086,7.42649698132304,75
"{APA MINERALA NATURALA PLATA PERLA HARGHITEI PET 1L} => {_BANANE}",0.000210962314999421,0.114516129032258,0.00184220613098086,1.24735409328091,71
"{SERVETELE LINDY 1STR 28*28CM 55BUC} => {PAINE CU CARTOFI FELII BACHUS 1.2 KG}",0.000127765909084156,0.105392156862745,0.00121229048619385,1.41258648222332,43
"{SERVETELE LINDY 1STR 28*28CM 55BUC} => {_BANANE}",0.000121823308661637,0.100490196078431,0.00121229048619385,1.09457819149409,41
"{BONDUELLE CONSERVA PORUMB DULCE 340G} => {_BANANE}",0.000181249312886826,0.144208037825059,0.00125685998936275,1.5707698800614,61
"{KNORR DELIKAT LEGUME GUSTUL DE ACASA 75G} => {CARNE TOCATA PORC VRAC}",0.000145593710351713,0.12280701754386,0.00118554878429252,4.11131703724645,49
"{KNORR DELIKAT LEGUME GUSTUL DE ACASA 75G} => {_MORCOVI}",0.000157478911196751,0.132832080200501,0.00118554878429252,3.16720050214093,53
"{KNORR DELIKAT LEGUME GUSTUL DE ACASA 75G} => {_BANANE}",0.000219876215633199,0.18546365914787,0.00118554878429252,2.02014210878351,74
"{CIOCOLATA MILKA CAPSUNI&IAURT 100G} => {_BANANE}",0.000184220613098086,0.127310061601643,0.00144702320288335,1.38671056904064,62
"{SALAM DIN CASA CAROLISTILOR GASTRO CAROLI} => {PAINE DE CASA PE FOI DE VARZA RIP-ROP 1KG}",0.000139651109929194,0.10561797752809,0.00132222859401045,1.81034108433976,47
"{SALAM DIN CASA CAROLISTILOR GASTRO CAROLI} => {PAINE CU CARTOFI FELII BACHUS 1.2 KG}",0.000175306712464307,0.132584269662921,0.00132222859401045,1.77704634439925,59
"{SALAM DIN CASA CAROLISTILOR GASTRO CAROLI} => {_BANANE}",0.000193134513731864,0.146067415730337,0.00132222859401045,1.59102294537809,65
"{DESERT LIEGEOIS CIOCOLATA 175G} => {LAPTE DE CONSUM 1.5% GRASIME FRISS CUTIE 1L}",0.000127765909084156,0.113456464379947,0.00112612278006733,3.97999931795543,43
"{DESERT LIEGEOIS CIOCOLATA 175G} => {PAINE CU CARTOFI FELII BACHUS 1.2 KG}",0.000112909408027859,0.100263852242744,0.00112612278006733,1.34385106586429,38
"{DESERT LIEGEOIS CIOCOLATA 175G} => {_BANANE}",0.000199077114154383,0.176781002638522,0.00112612278006733,1.92556724645617,67
"{LD RED SOFT 100} => {PAINE ROGANA COUNTRY 500G}",0.000335756923872317,0.161428571428571,0.00207991014788161,90.2479568106312,113
"{PAINE ROGANA COUNTRY 500G} => {LD RED SOFT 100}",0.000335756923872317,0.187707641196013,0.00178872272717819,90.2479568106312,113
"{LD RED SOFT 100} => {BERE CIUC PREMIUM DOZA 500ML}",0.00043083853063262,0.207142857142857,0.00207991014788161,26.8856729656768,145
"{LD RED SOFT 100} => {APA MINERALA NATURALA CARBOGAZOASA PERLA HARGHITEI  2L}",0.000927045665912947,0.445714285714286,0.00207991014788161,22.2958501783591,312
"{ELAN CREMWURSTI PUI} => {_BANANE}",0.000172335412253048,0.127753303964758,0.00134897029591179,1.39153853677426,58
"{KEFIR 3.5% GRASIME GORDON PET 330G} => {CORN RIP-ROP 100G}",0.000163421511619269,0.121681415929204,0.00134302769548927,7.47031112280577,55
"{KEFIR 3.5% GRASIME GORDON PET 330G} => {_BANANE}",0.000279302219858388,0.207964601769911,0.00134302769548927,2.26523110296683,94
"{FRISCA PENTRU GATIT UHT 10% MEGGLE 500ML} => {APA MINERALA NATURALA CARBOGAZIFICATA CONTINUT REDUS CO2 TUSNAD 2L}",0.000207991014788161,0.144628099173554,0.00143810930224957,2.70131642494906,70
"{CIOCOLATA CALDA HOT CLASSICO LA FESTA 25G} => {ORBIT PASTILE WINTERFROST 14G}",0.000127765909084156,0.103614457831325,0.00123308958767267,73.7246440306681,43
"{ORBIT PASTILE WINTERFROST 14G} => {LAPTE DE CONSUM 1.5% GRASIME FRISS CUTIE 1L}",0.00016045021140801,0.114164904862579,0.00140542499992572,4.00485107632016,54
"{ORBIT PASTILE WINTERFROST 14G} => {_BANANE}",0.000145593710351713,0.103594080338266,0.00140542499992572,1.12838690271489,49
"{BOIA DE ARDEI DULCE CAL II THYMOS 50G} => {_BANANE}",0.000145593710351713,0.10913140311804,0.00133411379485549,1.18870157012058,49
"{CHIPS DIN CARTOFI CU GUST DE CASCAVAL CSIKI CSIPSZ 140G} => {CHIPS DIN CARTOFI CU SARE CSIKI CSIPSZ 140G}",0.000145593710351713,0.102296450939457,0.00142325280119327,59.5643208529881,49
"{CHIPS DIN CARTOFI CU GUST DE CASCAVAL CSIKI CSIPSZ 140G} => {_BANANE}",0.000190163213520604,0.133611691022964,0.00142325280119327,1.45535036082762,64
"{SMANTANA 15% GRASIME GORDON 170G} => {LAPTE DE CONSUM 1.5% GRASIME FRISS CUTIE 1L}",0.000205019714576902,0.147435897435897,0.00139056849886942,5.17198182090302,69
"{_STRUGURI ALB FARA SAMBURI} => {PAINE CU CARTOFI FELII BACHUS 1.2 KG}",0.000163421511619269,0.108055009823183,0.00151239180753106,1.44827708964642,55
"{_STRUGURI ALB FARA SAMBURI} => {_BANANE}",0.000300101321337204,0.198428290766208,0.00151239180753106,2.16135790479124,101
"{BATON CIOCOLATA SPORT 31G} => {_BANANE}",0.000199077114154383,0.132936507936508,0.00149753530647476,1.44799600477557,67
"{_CARTOFI ALBI 2.5KG} => {_MORCOVI}",0.000181249312886826,0.114877589453861,0.00157776041217877,2.73910006117359,61
"{SMANTANA 15% GRASIME GORDON 300G} => {_BANANE}",0.00016045021140801,0.116630669546436,0.00137571199781312,1.2703864887003,54
"{SMANTANA 20% GRASIME KERESZTURI 145G} => {LAPTE DE CONSUM 1.5% GRASIME FRISS CUTIE 1L}",0.000193134513731864,0.130522088353414,0.0014797075052072,4.57865336685495,65
"{SMANTANA 20% GRASIME KERESZTURI 145G} => {PAINE CU CARTOFI FELII BACHUS 1.2 KG}",0.000300101321337204,0.20281124497992,0.0014797075052072,2.71830875873066,101
"{SMANTANA 20% GRASIME KERESZTURI 145G} => {_BANANE}",0.000225818816055718,0.152610441767068,0.0014797075052072,1.66229212272743,76
"{MOGYI ALUNE PRAJITE SI SARATE 150G} => {_BANANE}",0.00021393361521068,0.163265306122449,0.00131034339316542,1.77834903784803,72
"{DANONE ACTIMEL IAURT DE BAUT MULTIFRUIT 4*100G} => {LAPTE DE CONSUM 3.5% GRASIME FRISS CUTIE 1L}",0.000109938107816599,0.107246376811594,0.00102509857288451,5.02353373069902,37
"{DANONE ACTIMEL IAURT DE BAUT MULTIFRUIT 4*100G} => {PAINE DE CASA PE FOI DE VARZA RIP-ROP 1KG}",0.000184220613098086,0.179710144927536,0.00102509857288451,3.08031517218218,62
"{DANONE ACTIMEL IAURT DE BAUT MULTIFRUIT 4*100G} => {_BANANE}",0.000273359619435869,0.266666666666667,0.00102509857288451,2.90463676181846,92
"{MARGARINA CU VITAMINE BORDS EVE 500G} => {PAINE CU CARTOFI FELII BACHUS 1.2 KG}",0.000136679809717934,0.101545253863135,0.00134599899570053,1.36102587906808,46
"{MARGARINA CU VITAMINE BORDS EVE 500G} => {_BANANE}",0.000151536310774232,0.112582781456954,0.00134599899570053,1.22629532162865,51
"{ELAN FOI DE DAFIN 15G} => {OTET BISTRITA 1L}",0.000169364112041788,0.129251700680272,0.00131034339316542,13.4675070028011,57
"{ELAN FOI DE DAFIN 15G} => {_BANANE}",0.000148565010562972,0.113378684807256,0.00131034339316542,1.23496460961669,50
"{REAL FASOLE PASTAI CONGELAT 450G} => {PAINE DE CASA PE FOI DE VARZA RIP-ROP 1KG}",0.000142622410140453,0.111368909512761,0.00128063039105282,1.9089147238731,48
"{REAL FASOLE PASTAI CONGELAT 450G} => {_MORCOVI}",0.000231761416478237,0.180974477958237,0.00128063039105282,4.31509057600272,78
"{REAL FASOLE PASTAI CONGELAT 450G} => {PAINE CU CARTOFI FELII BACHUS 1.2 KG}",0.000184220613098086,0.14385150812065,0.00128063039105282,1.92806278823294,62
"{DR.OETKER BUDINCA CIOCOLATA 50G} => {DR.OETKER BUDINCA CAPSUNI 40G}",0.000169364112041788,0.16056338028169,0.0010548115749971,132.122462894728,57
"{DR.OETKER BUDINCA CAPSUNI 40G} => {DR.OETKER BUDINCA CIOCOLATA 50G}",0.000169364112041788,0.139364303178484,0.00121526178640511,132.122462894728,57
"{DR.OETKER BUDINCA CIOCOLATA 50G} => {DR.OETKER BUDINCA VANILIE 40G}",0.000332785623661058,0.315492957746479,0.0010548115749971,76.4435575294822,112
"{DR.OETKER BUDINCA CIOCOLATA 50G} => {LAPTE DE CONSUM 1.5% GRASIME FRISS CUTIE 1L}",0.000109938107816599,0.104225352112676,0.0010548115749971,3.65617624865306,37
"{DR.OETKER BUDINCA CIOCOLATA 50G} => {_BANANE}",0.000184220613098086,0.174647887323944,0.0010548115749971,1.90233252710645,62
"{SALAM DE VARA CAROLI} => {_BANANE}",0.000193134513731864,0.144766146993318,0.00133411379485549,1.57684902158853,65
"{DANONE DANONINO IAURT DE BAUT CAPSUNI 70G} => {_BANANE}",0.000210962314999421,0.178391959798995,0.00118257748408126,1.94311441666875,71
"{SANA 3.6% GRASIME GORDON PET 330G} => {CORN RIP-ROP 100G}",0.000154507610985491,0.104838709677419,0.00147376490478468,6.4362973838133,52
"{SANA 3.6% GRASIME GORDON PET 330G} => {_BANANE}",0.000246617917534534,0.167338709677419,0.00147376490478468,1.82271812926612,83
"{SARE DE MARE EXTRAFINA EUROSALT 1KG} => {_BANANE}",0.000196105813943123,0.143478260869565,0.00136679809717934,1.56282086641319,66
"{GOBE SMANTANA 20% 150G} => {PAINE DE CASA PE FOI DE VARZA RIP-ROP 1KG}",0.000240675317112015,0.149171270718232,0.00161341601471388,2.55686471474577,81
"{GOBE SMANTANA 20% 150G} => {_BANANE}",0.000240675317112015,0.149171270718232,0.00161341601471388,1.62483133775756,81
"{MOGYI ALUNE PRAJITE SI SARATE 300G} => {_BANANE}",0.000175306712464307,0.131991051454139,0.00132817119443297,1.43769772606786,59
"{COMPOT DE VISINE FARA SAMBURI KATO/ERVOLGYE 680G} => {_BANANE}",0.000240675317112015,0.163636363636364,0.00147079360457343,1.78239074020678,81
"{SNACK DIN CARTOFI POM-BAR ORIGINAL 40G} => {CORN RIP-ROP 100G}",0.000178278012675567,0.134529147982063,0.00132519989422171,8.25906390748033,60
"{SNACK DIN CARTOFI POM-BAR ORIGINAL 40G} => {LAPTE DE CONSUM 1.5% GRASIME FRISS CUTIE 1L}",0.000184220613098086,0.139013452914798,0.00132519989422171,4.87652643515052,62
"{SNACK DIN CARTOFI POM-BAR ORIGINAL 40G} => {_BANANE}",0.000187191913309345,0.141255605381166,0.00132519989422171,1.53861084076146,63
"{BOMBOANE HARIBO GOLDBAREN 100G} => {_BANANE}",0.000199077114154383,0.141052631578947,0.00141136760034824,1.53639997138292,67
"{SALAM DANEZ FELIAT KAISER 75G} => {PAINE DE CASA PE FOI DE VARZA RIP-ROP 1KG}",0.000166392811830529,0.135922330097087,0.00122417568703889,2.32977173217036,56
"{SALAM DANEZ FELIAT KAISER 75G} => {PAINE CU CARTOFI FELII BACHUS 1.2 KG}",0.000136679809717934,0.111650485436893,0.00122417568703889,1.49646777480059,46
"{SALAM DANEZ FELIAT KAISER 75G} => {_BANANE}",0.000154507610985491,0.12621359223301,0.00122417568703889,1.37476739940437,52
"{ELAN COMPOT DE PIERSICI DEPELATE JUMATATI 700G} => {_BANANE}",0.000288216120492166,0.215077605321508,0.00134005639527801,2.34270869647775,97
"{UNT 82% GRASIME GORDON 200G} => {_BANANE}",0.00021690491542194,0.164414414414414,0.00131925729379919,1.79086557105361,73
"{HEETS TURQUOISE LABEL} => {APA MINERALA NATURALA CARBOGAZIFICATA CONTINUT REDUS CO2 TUSNAD 2L}",0.000282273520069647,0.119346733668342,0.00236515496816252,2.22911933271998,95
"{SANA 3.6% PROBIOTIC LACTIS 500G} => {CORN RIP-ROP 100G}",0.000303072621548463,0.15668202764977,0.0019343164375299,9.61908180438032,102
"{SANA 3.6% PROBIOTIC LACTIS 500G} => {PAINE CU CARTOFI FELII BACHUS 1.2 KG}",0.000207991014788161,0.10752688172043,0.0019343164375299,1.44119851149566,70
"{SANA 3.6% PROBIOTIC LACTIS 500G} => {_BANANE}",0.00048135063422403,0.248847926267281,0.0019343164375299,2.71054813026838,162
"{BISCUITI PETIT BEURRE NEFIS 185G} => {PAINE DE CASA PE FOI DE VARZA RIP-ROP 1KG}",0.000207991014788161,0.179948586118252,0.00115583578217992,3.08440216469855,70
"{BISCUITI PETIT BEURRE NEFIS 185G} => {_BANANE}",0.000231761416478237,0.200514138817481,0.00115583578217992,2.18407777077609,78
"{ELAN CONSERVA SUNCA 300G} => {PAINE DE CASA PE FOI DE VARZA RIP-ROP 1KG}",0.000133708509506675,0.103448275862069,0.00129251559189786,1.77315139221833,45
"{ELAN CONSERVA SUNCA 300G} => {_BANANE}",0.000136679809717934,0.105747126436782,0.00129251559189786,1.15183871589353,46
"{CHIPS DIN CARTOFI CU SARE CSIKI CSIPSZ 140G} => {_BANANE}",0.000243646617323274,0.141868512110727,0.00171741152210796,1.54528685857989,82
"{PAINE CU SEMINTE COUNTRY 700G} => {_BANANE}",0.00021690491542194,0.12784588441331,0.00169661242062914,1.39254695892785,73
"{FOIETAJ CU BRANZA RIP-ROP 100G} => {APA MINERALA NATURALA DECARBOGAZIFICATA PARTIAL PERLA HARGHITEI 2L}",0.000306043921759723,0.155824508320726,0.00196402943964249,13.6004164286477,103
"{FOIETAJ CU BRANZA RIP-ROP 100G} => {SZEKELYHON}",0.000335756923872317,0.170953101361573,0.00196402943964249,10.9049998336887,113
"{FOIETAJ CU BRANZA RIP-ROP 100G} => {_BANANE}",0.00037438382661869,0.190620272314675,0.00196402943964249,2.07630993942393,126
"{PRAJITURA GYORI DORMI CU CR.CIOCOLATA 30G} => {PRAJITURA GYORI DORMI CU CR.LAPTE 30G}",0.000225818816055718,0.153846153846154,0.00146782230436217,90.0476254180602,76
"{PRAJITURA GYORI DORMI CU CR.LAPTE 30G} => {PRAJITURA GYORI DORMI CU CR.CIOCOLATA 30G}",0.000225818816055718,0.132173913043478,0.00170849762147418,90.0476254180602,76
"{PRAJITURA GYORI DORMI CU CR.CIOCOLATA 30G} => {_BANANE}",0.000205019714576902,0.139676113360324,0.00146782230436217,1.5214064010537,69
"{BERE HARGHITA 500ML STICLA} => {L&M RED LABEL BOX}",0.000502149735702846,0.282608695652174,0.00177683752633315,52.6648972025615,169
"{7DAYS CROISSANT CU CREMA DE CACAO 85G} => {_BANANE}",0.00027038831922461,0.151414309484193,0.00178575142696693,1.64926338597429,91
"{BRANZA FAGARAS FRISS 185G} => {_BANANE}",0.000258503118379572,0.179381443298969,0.00144108060246083,1.95389225472839,87
"{BRANZA CIOCOLATA POTTYOS CU CR.DE CAPSUNI 30G} => {_BANANE}",0.000199077114154383,0.138429752066116,0.00143810930224957,1.50783055042745,67
"{BISCUITI PETIT BEURRE ROSTAR 300G} => {APA MINERALA NATURALA CARBOGAZIFICATA CONTINUT REDUS CO2 TUSNAD 2L}",0.000225818816055718,0.150197628458498,0.00150347790689728,2.80534227485393,76
"{BISCUITI PETIT BEURRE ROSTAR 300G} => {_BANANE}",0.000246617917534534,0.16403162055336,0.00150347790689728,1.78669603184979,83
"{DETERGENT VASE PUR BALSAM 3X ACTION LEMON 450ML} => {_BANANE}",0.000181249312886826,0.128691983122363,0.00140839630013698,1.40176299423201,61
"{DRAJEURI CU ARAHIDE PRAJITE DUNAKAVICS BONBONETTI 70G} => {DRAJEURI FRANTUZESTI BONBONETTI 70G}",0.000243646617323274,0.160469667318982,0.00151833440795358,107.368882594842,82
"{DRAJEURI FRANTUZESTI BONBONETTI 70G} => {DRAJEURI CU ARAHIDE PRAJITE DUNAKAVICS BONBONETTI 70G}",0.000243646617323274,0.163021868787276,0.0014945640062635,107.368882594842,82
"{DRAJEURI CU ARAHIDE PRAJITE DUNAKAVICS BONBONETTI 70G} => {_BANANE}",0.000231761416478237,0.152641878669276,0.00151833440795358,1.66263454565929,78
"{DANONE ACTIVIA FIBRE MUSLI CAPSUNI 125G} => {DANONE ACTIVIA MUSLI PIERSICI 125G}",0.000196105813943123,0.142548596112311,0.00137571199781312,106.139729352625,66
"{DANONE ACTIVIA MUSLI PIERSICI 125G} => {DANONE ACTIVIA FIBRE MUSLI CAPSUNI 125G}",0.000196105813943123,0.146017699115044,0.00134302769548927,106.139729352625,66
"{DANONE ACTIVIA FIBRE MUSLI CAPSUNI 125G} => {PAINE CU CARTOFI FELII BACHUS 1.2 KG}",0.000154507610985491,0.11231101511879,0.00137571199781312,1.50532095066803,52
"{DANONE ACTIVIA FIBRE MUSLI CAPSUNI 125G} => {_BANANE}",0.000294158720914685,0.213822894168467,0.00137571199781312,2.32904189595054,99
"{KINDER CIOCOLATA COUNTRY 23.5G} => {SZEKELYHON}",0.000249589217745793,0.171779141104294,0.00145296580330587,10.9576924329177,84
"{KINDER CIOCOLATA COUNTRY 23.5G} => {FRANZELA ALBA COUNTRY 1KG}",0.000237704016900756,0.16359918200409,0.00145296580330587,7.37177607457792,80
"{KINDER CIOCOLATA COUNTRY 23.5G} => {_BANANE}",0.000202048414365642,0.139059304703476,0.00145296580330587,1.51468788192987,68
"{PAINE ROGANA COUNTRY 500G} => {APA MINERALA NATURALA CARBOGAZOASA PERLA HARGHITEI  2L}",0.00032090042281602,0.179401993355482,0.00178872272717819,8.97417940989409,108
"{PAINE ROGANA COUNTRY 500G} => {_BANANE}",0.000237704016900756,0.132890365448505,0.00178872272717819,1.44749340289956,80
"{DANONE ACTIVIA CAPSUNI CU FULGI DE CEREALE 168G} => {PAINE CU CARTOFI FELII BACHUS 1.2 KG}",0.000154507610985491,0.104417670682731,0.0014797075052072,1.3995253015247,52
"{DANONE ACTIVIA CAPSUNI CU FULGI DE CEREALE 168G} => {_BANANE}",0.000306043921759723,0.206827309236948,0.0014797075052072,2.25284327159112,103
"{SMANTANA 15% GRASIME KERESZTURI 145G} => {PAINE DE CASA PE FOI DE VARZA RIP-ROP 1KG}",0.000151536310774232,0.103030303030303,0.00147079360457343,1.76598714416896,51
"{SMANTANA 15% GRASIME KERESZTURI 145G} => {_BANANE}",0.000196105813943123,0.133333333333333,0.00147079360457343,1.45231838090923,66
"{CREMWURSTI PORC FOX} => {_BANANE}",0.000199077114154383,0.127134724857685,0.00156587521133373,1.3848007332199,67
"{ULEI FLORIOL 1L} => {_BANANE}",0.000249589217745793,0.172131147540984,0.00144999450309461,1.87491922125577,84
"{MARGARINA CUB 60% GRASIME FALUSI 250G} => {_BANANE}",0.000163421511619269,0.111111111111111,0.00147079360457343,1.21026531742436,55
"{DR.OETKER BUDINCA CAPSUNI 40G} => {DR.OETKER BUDINCA VANILIE 40G}",0.000386269027463728,0.317848410757946,0.00121526178640511,77.0142809113168,130
"{DR.OETKER BUDINCA CAPSUNI 40G} => {_BANANE}",0.000202048414365642,0.166259168704156,0.00121526178640511,1.81095935027801,68
"{UNT 82% GRASIME OSELKA MLEKOVITA 300G} => {_BANANE}",0.000222847515844458,0.1434034416826,0.00155399001048869,1.56200590680964,75
"{SUNCULITA EXTRA CAROLI} => {CARNE TOCATA PORC VRAC}",0.000136679809717934,0.101098901098901,0.00135194159612305,3.38457559549771,46
"{SUNCULITA EXTRA CAROLI} => {_BANANE}",0.000178278012675567,0.131868131868132,0.00135194159612305,1.43635883826187,60
"{CAFEA AMAROY EXTRA 500G} => {_BANANE}",0.000196105813943123,0.11340206185567,0.001729296722953,1.23521924149496,66
"{DANONE ACTIMEL IAURT DE BAUT CAPSUNI 4*100G} => {LAPTE DE CONSUM 1.5% GRASIME FRISS CUTIE 1L}",0.000172335412253048,0.149100257069409,0.00115583578217992,5.23036677272053,58
"{DANONE ACTIMEL IAURT DE BAUT CAPSUNI 4*100G} => {_BANANE}",0.000264445718802091,0.22879177377892,0.00115583578217992,2.49208873844964,89
"{BAZA PENTRU MANCARE PODRAVKA ROSU 75G} => {_MORCOVI}",0.000178278012675567,0.126849894291755,0.00140542499992572,3.02456340585001,60
"{_STRUGURI SASLA} => {_BANANE}",0.000222847515844458,0.117554858934169,0.00189568953478353,1.28045311796464,75
"{ELAN SEMINTE DE CHIMEN 100G} => {_BANANE}",0.000193134513731864,0.130522088353414,0.0014797075052072,1.42169721022741,65
"{WINSTON BLUE 100} => {PAINE DE CASA PE FOI DE VARZA RIP-ROP 1KG}",0.000246617917534534,0.134087237479806,0.0018392348307696,2.2983173942216,83
"{WINSTON BLUE 100} => {PAINE CU CARTOFI FELII BACHUS 1.2 KG}",0.000222847515844458,0.121163166397415,0.0018392348307696,1.62396762805851,75
"{WINSTON BLUE 100} => {_BANANE}",0.000187191913309345,0.101777059773829,0.0018392348307696,1.10859520998322,63
"{CIOCOLATA CALDA HOT CLASSICO LA FESTA 25G} => {_MERE ROSII}",0.000130737209295416,0.106024096385542,0.00123308958767267,5.40893250126472,44
"{CIOCOLATA CALDA HOT CLASSICO LA FESTA 25G} => {LAPTE DE CONSUM 1.5% GRASIME FRISS CUTIE 1L}",0.000187191913309345,0.151807228915663,0.00123308958767267,5.32532606975745,63
"{CIOCOLATA CALDA HOT CLASSICO LA FESTA 25G} => {_BANANE}",0.000169364112041788,0.137349397590361,0.00123308958767267,1.49606291045469,57
"{LAPTE UHT 1.5% GRASIME MLEKOVITA 1L} => {PAINE CU CARTOFI FELII BACHUS 1.2 KG}",0.000148565010562972,0.100806451612903,0.00147376490478468,1.35112360452718,50
"{LAPTE UHT 1.5% GRASIME MLEKOVITA 1L} => {_BANANE}",0.000246617917534534,0.167338709677419,0.00147376490478468,1.82271812926612,83
"{ELAN CASTRAVETI IN OTET 870G} => {_BANANE}",0.000210962314999421,0.136801541425819,0.00154210480964365,1.49009544862074,71
"{CASCAVAL CIUC FRISS 400G} => {SMANTANA 20% GRASIME FRISS 300G}",0.000136679809717934,0.110576923076923,0.00123606088788393,4.70420872106026,46
"{CASCAVAL CIUC FRISS 400G} => {_LAMAIE^2 A nu se consuma coaja}",0.000127765909084156,0.103365384615385,0.00123606088788393,3.87091691203533,43
"{CASCAVAL CIUC FRISS 400G} => {_BANANE}",0.000240675317112015,0.194711538461538,0.00123606088788393,2.12087359712105,81
"{SALAM PORC GASTRO FOX} => {PAINE DE CASA PE FOI DE VARZA RIP-ROP 1KG}",0.000163421511619269,0.107843137254902,0.00151536310774232,1.84848135332564,55
"{SALAM PORC GASTRO FOX} => {PAINE CU CARTOFI FELII BACHUS 1.2 KG}",0.000163421511619269,0.107843137254902,0.00151536310774232,1.44543733064711,55
"{SALAM PORC GASTRO FOX} => {_BANANE}",0.000205019714576902,0.135294117647059,0.00151536310774232,1.47367600415789,69
"{PATE PORC BUCEGI 200G} => {PAINE CU CARTOFI FELII BACHUS 1.2 KG}",0.000207991014788161,0.155555555555556,0.00133708509506675,2.08493384663038,70
"{PATE PORC BUCEGI 200G} => {_BANANE}",0.000228790116266977,0.171111111111111,0.00133708509506675,1.86380858883351,77
"{FANTA PORTOCALE 2.5L PET} => {KENT 100 S}",0.000196105813943123,0.100917431192661,0.00194323033816368,22.9331966375311,66
"{FANTA PORTOCALE 2.5L PET} => {COCA COLA 2.5L PET}",0.000392211627886247,0.201834862385321,0.00194323033816368,45.075068639925,132
"{FANTA PORTOCALE 2.5L PET} => {PAINE CU CARTOFI FELII BACHUS 1.2 KG}",0.000202048414365642,0.103975535168196,0.00194323033816368,1.39359929460222,68
"{FOIETAJ CU CREMA CACAO RIP-ROP 100G} => {FOIETAJ CU CREMA DE VANILIE RIP-ROP 100G}",0.000261474418590831,0.131934032983508,0.00198185724091005,60.4119654458485,88
"{FOIETAJ CU CREMA DE VANILIE RIP-ROP 100G} => {FOIETAJ CU CREMA CACAO RIP-ROP 100G}",0.000261474418590831,0.119727891156463,0.00218390565527569,60.4119654458485,88
"{FOIETAJ CU CREMA CACAO RIP-ROP 100G} => {FOIETAJ CU GEM RIP-ROP 100G}",0.000282273520069647,0.142428785607196,0.00198185724091005,64.5152558310347,95
"{FOIETAJ CU GEM RIP-ROP 100G} => {FOIETAJ CU CREMA CACAO RIP-ROP 100G}",0.000282273520069647,0.1278600269179,0.00220767605696577,64.5152558310347,95
"{FOIETAJ CU CREMA CACAO RIP-ROP 100G} => {_BANANE}",0.000273359619435869,0.137931034482759,0.00198185724091005,1.50239832507851,92
"{BISCUITI EUGENIA CU CREMA DE CACAO ROSTAR FOX 30G} => {DANONE ACTIVIA NATUR 125G}",0.000243646617323274,0.139455782312925,0.00174712452422055,12.1749058118708,82
"{BISCUITI EUGENIA CU CREMA DE CACAO ROSTAR FOX 30G} => {PAINE CU CARTOFI FELII BACHUS 1.2 KG}",0.000475408033801511,0.272108843537415,0.00174712452422055,3.64711460051962,160
"{BISCUITI EUGENIA CU CREMA DE CACAO ROSTAR FOX 30G} => {_BANANE}",0.000276330919647128,0.158163265306122,0.00174712452422055,1.72277563041528,93
"{GOBE SALAM DE BISCUITI CU STAFIDE DIN REMETEA 65G} => {GOBE BATON LAPTE 100G}",0.000207991014788161,0.105105105105105,0.00197888594069879,14.9633834341956,70
"{GOBE SALAM DE BISCUITI CU STAFIDE DIN REMETEA 65G} => {_BANANE}",0.000341699524294836,0.172672672672673,0.00197888594069879,1.88081772302434,115
"{MAC MACINAT BACKMIT 200G} => {_MORCOVI}",0.000187191913309345,0.111702127659574,0.00167581331915033,2.6633854885025,63
"{_POMELO^2 A nu se consuma coaja} => {_BANANE}",0.000338728224083577,0.223091976516634,0.00151833440795358,2.43000433596358,114
"{STAR SNACKS CASCAVAL 90G} => {_BANANE}",0.000228790116266977,0.128333333333333,0.00178278012675567,1.39785644162513,77
"{_FASOLE ALB MICI KG} => {_MORCOVI}",0.000249589217745793,0.142857142857143,0.00174712452422055,3.40623450230252,84
"{BONDUELLE MAZARE VERDE 545G} => {_PATRUNJEL RADACINA KG}",0.000145593710351713,0.101449275362319,0.00143513800203831,4.43473931302955,49
"{BONDUELLE MAZARE VERDE 545G} => {_MORCOVI}",0.000190163213520604,0.132505175983437,0.00143513800203831,3.15940591517914,64
"{BONDUELLE MAZARE VERDE 545G} => {_BANANE}",0.000205019714576902,0.142857142857143,0.00143513800203831,1.55605540811703,69
"{BISCUITI COCONITOS ROSTAR 100G} => {APA MINERALA NATURALA CARBOGAZIFICATA CONTINUT REDUS CO2 TUSNAD 2L}",0.000190163213520604,0.123076923076923,0.00154507610985491,2.29879059283577,64
"{BISCUITI COCONITOS ROSTAR 100G} => {PAINE DE CASA PE FOI DE VARZA RIP-ROP 1KG}",0.000546719238871738,0.353846153846154,0.00154507610985491,6.06508706979295,184
"{BISCUITI COCONITOS ROSTAR 100G} => {PAINE CU CARTOFI FELII BACHUS 1.2 KG}",0.000243646617323274,0.157692307692308,0.00154507610985491,2.11357304782036,82
"{BISCUITI COCONITOS ROSTAR 100G} => {_BANANE}",0.000196105813943123,0.126923076923077,0.00154507610985491,1.38249538182705,66
"{DANONE DISNEY GUSTARICA FULGI CIOCOLATA 107G} => {PAINE CU CARTOFI FELII BACHUS 1.2 KG}",0.000273359619435869,0.191268191268191,0.00142919540161579,2.56359552273531,92
"{DANONE DISNEY GUSTARICA FULGI CIOCOLATA 107G} => {_BANANE}",0.000237704016900756,0.166320166320166,0.00142919540161579,1.81162375996993,80
"{NESCAFE BRASERO 1.8G} => {PAINE ALBA CU CARTOFI FELII BRUTARIA SANDOR 500G}",0.000231761416478237,0.120556414219474,0.00192243123668486,32.0993851857649,78
"{NESCAFE BRASERO 1.8G} => {PAINE CU CARTOFI FELII BACHUS 1.2 KG}",0.000231761416478237,0.120556414219474,0.00192243123668486,1.61583523993655,78
"{NESCAFE BRASERO 1.8G} => {_BANANE}",0.000451637632111436,0.234930448222566,0.00192243123668486,2.55895356141657,152
"{SALAM VICTORIA GROS CAMPOFRIO} => {PAINE CU CARTOFI FELII BACHUS 1.2 KG}",0.000157478911196751,0.100952380952381,0.00155993261091121,1.35307951679278,53
"{SALAM VICTORIA GROS CAMPOFRIO} => {_BANANE}",0.000190163213520604,0.121904761904762,0.00155993261091121,1.32783394825987,64
"{USTUROI GRANULAT MARCO POLO 20G} => {CARNE TOCATA PORC VRAC}",0.000210962314999421,0.16824644549763,0.00125388868915149,5.63253217662031,71
"{USTUROI GRANULAT MARCO POLO 20G} => {_BANANE}",0.000202048414365642,0.161137440758294,0.00125388868915149,1.75517150299456,68
"{BRANZA TOPITA NATUR FALUSI 140G} => {_BANANE}",0.000294158720914685,0.184701492537313,0.00159261691323506,2.01184029444982,99
"{CIOCOLATA MILKA CU BISCUITI OREO 100G} => {LAPTE DE CONSUM 1.5% CUTIE KERESZTURI 1L}",0.000205019714576902,0.120209059233449,0.00170552632126292,17.2965880770394,69
"{CIOCOLATA MILKA CU BISCUITI OREO 100G} => {_BANANE}",0.00021393361521068,0.125435540069686,0.00170552632126292,1.36629255346861,72
"{_CIUPERCI CHAMPIGNON 500G} => {_MORCOVI}",0.000166392811830529,0.110891089108911,0.00150050660668602,2.64404737604472,56
"{_CIUPERCI CHAMPIGNON 500G} => {_BANANE}",0.000196105813943123,0.130693069306931,0.00150050660668602,1.42355960108924,66
"{SALAM BANATEAN PORT.BENEDEK} => {PAINE CU CARTOFI FELII BACHUS 1.2 KG}",0.000187191913309345,0.140625,0.00133114249464423,1.88481742831541,63
"{SALAM BANATEAN PORT.BENEDEK} => {_BANANE}",0.000240675317112015,0.180803571428571,0.00133114249464423,1.96938262589812,81
"{DANONE ACTIVIA MUSLI PIERSICI 125G} => {DANONE ACTIVIA NATUR 125G}",0.000136679809717934,0.101769911504425,0.00134302769548927,8.88481686810601,46
"{DANONE ACTIVIA MUSLI PIERSICI 125G} => {PAINE DE CASA PE FOI DE VARZA RIP-ROP 1KG}",0.000142622410140453,0.106194690265487,0.00134302769548927,1.82022620794094,48
"{DANONE ACTIVIA MUSLI PIERSICI 125G} => {PAINE CU CARTOFI FELII BACHUS 1.2 KG}",0.000154507610985491,0.115044247787611,0.00134302769548927,1.54195486760907,52
"{DANONE ACTIVIA MUSLI PIERSICI 125G} => {_BANANE}",0.000288216120492166,0.214601769911504,0.00134302769548927,2.33752571263598,97
"{GRASIME VEGETALA TARTINABILA CU 70% GRASIME CU GUST DE UNT RAMA 250G} => {GRASIME VEGETALA TARTINABILA CU 70% GRASIME RAMA 250G}",0.000184220613098086,0.11588785046729,0.0015896456130238,16.9061134539739,62
"{REAL PATEU DE PORC 48G} => {REAL PATEU DE GASCA 48G}",0.000222847515844458,0.160599571734475,0.00138759719865816,113.312930117302,75
"{REAL PATEU DE GASCA 48G} => {REAL PATEU DE PORC 48G}",0.000222847515844458,0.157232704402516,0.00141731020077076,113.312930117302,75
"{REAL PATEU DE PORC 48G} => {REAL PATEU DE RATA 48G}",0.000184220613098086,0.132762312633833,0.00138759719865816,93.4760556565991,62
"{REAL PATEU DE RATA 48G} => {REAL PATEU DE PORC 48G}",0.000184220613098086,0.129707112970711,0.00142028150098201,93.4760556565992,62
"{REAL PATEU DE PORC 48G} => {REAL PATEU DE PUI 48G}",0.000276330919647128,0.199143468950749,0.00138759719865816,110.234098529246,93
"{REAL PATEU DE PUI 48G} => {REAL PATEU DE PORC 48G}",0.000276330919647128,0.152960526315789,0.00180655052844574,110.234098529246,93
"{REAL PATEU DE PORC 48G} => {PAINE DE CASA PE FOI DE VARZA RIP-ROP 1KG}",0.000199077114154383,0.143468950749465,0.00138759719865816,2.45912430769466,67
"{REAL PATEU DE PORC 48G} => {_BANANE}",0.000196105813943123,0.141327623126338,0.00138759719865816,1.53939528597445,66
"{_ROSII CIORCHINE} => {_CASTRAVETI CORNISON}",0.000190163213520604,0.122605363984674,0.00155101871027743,10.4649259612311,64
"{_ROSII CIORCHINE} => {_ARDEI ROSU CAPIA}",0.000181249312886826,0.116858237547893,0.00155101871027743,6.27256625541562,61
"{_ROSII CIORCHINE} => {_BANANE}",0.000240675317112015,0.155172413793103,0.00155101871027743,1.69019811571333,81
"{BERE BLONDA 4.5% ALC.ALBRAU DOZA 500ML} => {ELAN FRANZELA ALBA FELIATA 700G}",0.000341699524294836,0.129504504504505,0.00263851458759839,16.1008974896581,115
"{MARGARINA UNIREA 250G} => {DROJDIE PROASPATA BUDAFOK 50G}",0.000172335412253048,0.108614232209738,0.00158667431281254,13.8358992024542,58
"{MARGARINA UNIREA 250G} => {_BANANE}",0.00021690491542194,0.136704119850187,0.00158667431281254,1.48903429503334,73
"{ELAN CARNATI DE PORC AFUMATI} => {_BANANE}",0.000175306712464307,0.109665427509294,0.00159855951365758,1.19451837091512,59
"{CHIFLA BACHUS 200G} => {_BANANE}",0.000178278012675567,0.100671140939597,0.00177089492591063,1.09654911310261,60
"{HARTIE IGIENICA 3STRAT CARESSE MUSETEL PERLA 4ROLE} => {_BANANE}",0.000225818816055718,0.161702127659574,0.00139651109929194,1.76132229174098,76
"{_CARTOFI ROSII 2.5KG} => {_BANANE}",0.000210962314999421,0.110248447204969,0.00191351733605108,1.20086884756858,71
"{DR.OETKER CONSERVANT 7G} => {OTET BISTRITA 1L}",0.000264445718802091,0.133433283358321,0.00198185724091005,13.9032110879545,89
"{REAL PATEU DE GASCA 48G} => {REAL PATEU DE RATA 48G}",0.000475408033801511,0.335429769392034,0.00141731020077076,236.17132882468,160
"{REAL PATEU DE RATA 48G} => {REAL PATEU DE GASCA 48G}",0.000475408033801511,0.334728033472803,0.00142028150098201,236.17132882468,160
"{REAL PATEU DE GASCA 48G} => {REAL PATEU DE PUI 48G}",0.000314957822393501,0.222222222222222,0.00141731020077076,123.009137426901,106
"{REAL PATEU DE PUI 48G} => {REAL PATEU DE GASCA 48G}",0.000314957822393501,0.174342105263158,0.00180655052844574,123.009137426901,106
"{REAL PATEU DE GASCA 48G} => {PAINE DE CASA PE FOI DE VARZA RIP-ROP 1KG}",0.000142622410140453,0.10062893081761,0.00141731020077076,1.72482651150798,48
"{REAL PATEU DE GASCA 48G} => {PAINE CU CARTOFI FELII BACHUS 1.2 KG}",0.000181249312886826,0.127882599580713,0.00141731020077076,1.71402917310584,61
"{REAL PATEU DE GASCA 48G} => {_BANANE}",0.000202048414365642,0.142557651991614,0.00141731020077076,1.55279323745012,68
"{CIOCOLATA MILKA LAPTE 100G} => {_BANANE}",0.00026741701901335,0.161870503597122,0.00165204291746025,1.76315630775851,90
"{BISCUITI KORPOVIT 174G} => {_BANANE}",0.000326843023238539,0.180032733224223,0.00181546442907952,1.96098635720149,110
"{DRAJEURI FRANTUZESTI BONBONETTI 70G} => {_BANANE}",0.000202048414365642,0.135188866799205,0.0014945640062635,1.47252957110081,68
"{MARGARINA OLIVE BORDS EVE 500G} => {PAINE CU CARTOFI FELII BACHUS 1.2 KG}",0.000175306712464307,0.106690777576854,0.00164312901682647,1.4299920854569,59
"{MARGARINA OLIVE BORDS EVE 500G} => {_BANANE}",0.000228790116266977,0.139240506329114,0.00164312901682647,1.5166616003166,77
"{LAPTE UHT PT.CAFEA 10% GRASIME MEGGLE 10*10G} => {_BANANE}",0.000255531818168312,0.141447368421053,0.00180655052844574,1.54069959816851,86
"{PASTE MELCI ONDULATI 4 OUA GYERMELYI 500G} => {PAINE CU CARTOFI FELII BACHUS 1.2 KG}",0.000175306712464307,0.105545617173524,0.00166095681809403,1.41464333319797,59
"{PASTE MELCI ONDULATI 4 OUA GYERMELYI 500G} => {_BANANE}",0.000240675317112015,0.144901610017889,0.00166095681809403,1.57832453739241,81
"{SUNCA PRAGA FOX} => {LAPTE DE CONSUM 1.5% GRASIME FRISS CUTIE 1L}",0.000148565010562972,0.1,0.00148565010562972,3.50795288722118,50
"{SUNCA PRAGA FOX} => {_BANANE}",0.000279302219858388,0.188,0.00148565010562972,2.04776891708201,94
"{UNT MARKAZOTT 82% MEGGLE 200G} => {_MORCOVI}",0.000166392811830529,0.103321033210332,0.00161044471450262,2.46354967694204,56
"{UNT MARKAZOTT 82% MEGGLE 200G} => {PAINE CU CARTOFI FELII BACHUS 1.2 KG}",0.000175306712464307,0.108856088560886,0.00161044471450262,1.45901406505104,59
"{UNT MARKAZOTT 82% MEGGLE 200G} => {_BANANE}",0.000234732716689496,0.145756457564576,0.00161044471450262,1.58763586842937,79
"{DANONE IAURT DELICIOS VISINE 125G} => {DANONE IAURT DELICIOS CAISE 125G}",0.000401125528520025,0.270541082164329,0.00148267880541846,140.946459482432,135
"{DANONE IAURT DELICIOS CAISE 125G} => {DANONE IAURT DELICIOS VISINE 125G}",0.000401125528520025,0.208978328173375,0.0019194599364736,140.946459482432,135
"{DANONE IAURT DELICIOS VISINE 125G} => {DANONE IAURT DELICIOS FRUCTE DE PADURE 125G}",0.000338728224083577,0.228456913827655,0.00148267880541846,120.513886707584,114
"{DANONE IAURT DELICIOS FRUCTE DE PADURE 125G} => {DANONE IAURT DELICIOS VISINE 125G}",0.000338728224083577,0.178683385579937,0.00189568953478353,120.513886707584,114
"{DANONE IAURT DELICIOS VISINE 125G} => {DANONE IAURT DELICIOS CAPSUNI 125G}",0.000314957822393501,0.212424849699399,0.00148267880541846,104.368205023185,106
"{DANONE IAURT DELICIOS CAPSUNI 125G} => {DANONE IAURT DELICIOS VISINE 125G}",0.000314957822393501,0.154744525547445,0.00203534064471272,104.368205023185,106
"{DANONE IAURT DELICIOS VISINE 125G} => {DANONE IAURT DELICIOS BISCUITI 125G}",0.000154507610985491,0.104208416833667,0.00148267880541846,30.8186777773473,52
"{DANONE IAURT DELICIOS VISINE 125G} => {PAINE CU CARTOFI FELII BACHUS 1.2 KG}",0.000151536310774232,0.102204408817635,0.00148267880541846,1.36986062926331,51
"{DANONE IAURT DELICIOS VISINE 125G} => {_BANANE}",0.000451637632111436,0.304609218436874,0.00148267880541846,3.31792175197699,152
"{REAL PATEU DE RATA 48G} => {REAL PATEU DE PUI 48G}",0.00032090042281602,0.225941422594142,0.00142028150098201,125.067867760405,108
"{REAL PATEU DE PUI 48G} => {REAL PATEU DE RATA 48G}",0.00032090042281602,0.177631578947368,0.00180655052844574,125.067867760405,108
"{REAL PATEU DE RATA 48G} => {LAPTE DE CONSUM 1.5% GRASIME FRISS CUTIE 1L}",0.000151536310774232,0.106694560669456,0.00142028150098201,3.74279492151214,51
"{REAL PATEU DE RATA 48G} => {PAINE DE CASA PE FOI DE VARZA RIP-ROP 1KG}",0.000163421511619269,0.115062761506276,0.00142028150098201,1.97222905898761,55
"{REAL PATEU DE RATA 48G} => {PAINE CU CARTOFI FELII BACHUS 1.2 KG}",0.000154507610985491,0.108786610878661,0.00142028150098201,1.45808284552155,52
"{REAL PATEU DE RATA 48G} => {_BANANE}",0.000205019714576902,0.144351464435146,0.00142028150098202,1.57233213832746,69
"{FAINA ALBA DE GRAU BL 55 KUNSAGI 1KG} => {_BANANE}",0.000228790116266977,0.130730050933786,0.00175009582443181,1.42396241931253,77
"{PAINE INTEGRALA FELII BACHUS 500G} => {SZEKELYHON}",0.000294158720914685,0.122676579925651,0.00239783927048637,7.82546834793735,99
"{PAINE INTEGRALA FELII BACHUS 500G} => {_BANANE}",0.000820078858307607,0.342007434944238,0.00239783927048637,3.7252776313285,276
"{COMPLETA LAPTE CONDENSAT UHT 10*10G} => {LAPTE DE CONSUM 3.5% GRASIME FRISS CUTIE 1L}",0.00021393361521068,0.129963898916967,0.00164610031703773,6.08764649578318,72
"{COMPLETA LAPTE CONDENSAT UHT 10*10G} => {_BANANE}",0.000314957822393501,0.191335740072202,0.00164610031703773,2.08410309173797,106
"{GOBE BRANZA DE BURDUF DIN CRISTUR 330G} => {_BANANE}",0.000249589217745793,0.147627416520211,0.00169066982020662,1.60801507903834,84
"{MOGYI PORUMB PT.POPCORN MICRO CU CASC.100G} => {MOGYI PORUMB PT.POPCORN MICRO CU UNT 100G}",0.000490264534857808,0.334008097165992,0.00146782230436217,172.410164302923,165
"{MOGYI PORUMB PT.POPCORN MICRO CU UNT 100G} => {MOGYI PORUMB PT.POPCORN MICRO CU CASC.100G}",0.000490264534857808,0.253067484662577,0.00193728773774116,172.410164302923,165
"{MOGYI PORUMB PT.POPCORN MICRO CU CASC.100G} => {MOGYI PORUMB PT.POPCORN MICRO CU SARE 100G}",0.000383297727252468,0.261133603238866,0.00146782230436217,90.5100901862515,129
"{MOGYI PORUMB PT.POPCORN MICRO CU SARE 100G} => {MOGYI PORUMB PT.POPCORN MICRO CU CASC.100G}",0.000383297727252468,0.132852729145211,0.00288513250513292,90.5100901862515,129
"{MOGYI PORUMB PT.POPCORN MICRO CU CASC.100G} => {_BANANE}",0.000225818816055718,0.153846153846154,0.00146782230436217,1.67575197797219,76
"{UNTURA DE PORC BERKE 450G} => {PAINE DE CASA PE FOI DE VARZA RIP-ROP 1KG}",0.000196105813943123,0.103610675039246,0.00189271823457227,1.77593498938037,66
"{UNTURA DE PORC BERKE 450G} => {PAINE CU CARTOFI FELII BACHUS 1.2 KG}",0.000202048414365642,0.106750392464678,0.00189271823457227,1.43079111251154,68
"{UNTURA DE PORC BERKE 450G} => {_BANANE}",0.000199077114154383,0.105180533751962,0.00189271823457227,1.14566716861364,67
"{BONDUELLE MAZARE VERDE BOABE 200G} => {BONDUELLE GOLD PORUMB BOABE 170G}",0.00021393361521068,0.141453831041257,0.00151239180753106,71.0547928334751,72
"{BONDUELLE GOLD PORUMB BOABE 170G} => {BONDUELLE MAZARE VERDE BOABE 200G}",0.00021393361521068,0.107462686567164,0.00199077114154383,71.0547928334751,72
"{BONDUELLE MAZARE VERDE BOABE 200G} => {_TELINA}",0.000199077114154383,0.131630648330059,0.00151239180753106,6.28556889719443,67
"{BONDUELLE MAZARE VERDE BOABE 200G} => {_PATRUNJEL RADACINA KG}",0.000243646617323274,0.161100196463654,0.00151239180753106,7.04231126385663,82
"{BONDUELLE MAZARE VERDE BOABE 200G} => {_MORCOVI}",0.000288216120492166,0.19056974459725,0.00151239180753106,4.54387667399491,97
"{BONDUELLE MAZARE VERDE BOABE 200G} => {_BANANE}",0.000196105813943123,0.129666011787819,0.00151239180753106,1.41237249223982,66
"{WINSTON XSPRESSION SUPER LINE} => {APA MINERALA NATURALA CARBOGAZIFICATA CONTINUT REDUS CO2 TUSNAD 2L}",0.000309015221970982,0.11529933481153,0.00268011279055602,2.15352333807785,104
"{WINSTON XSPRESSION SUPER LINE} => {_BANANE}",0.000335756923872317,0.125277161862528,0.00268011279055602,1.36456743660817,113
"{CARNATI SECUIESTI LA METRU BENEDEK} => {PAINE CU CARTOFI FELII BACHUS 1.2 KG}",0.000190163213520604,0.11873840445269,0.00160153081386884,1.59146818931765,64
"{CARNATI SECUIESTI LA METRU BENEDEK} => {_BANANE}",0.00021690491542194,0.13543599257885,0.00160153081386884,1.47522136094212,73
"{CREMWURSTI DIN PIEPT PUI BERKE} => {_BANANE}",0.000261474418590831,0.150943396226415,0.00173226802316426,1.64413401612365,88
"{CIOLAN AFUMAT FARA OS ELIT} => {CARNE TOCATA PORC VRAC}",0.000368441226196171,0.211243611584327,0.00174415322400929,7.07198559728837,124
"{CIOLAN AFUMAT FARA OS ELIT} => {_MORCOVI}",0.000252560517957053,0.144804088586031,0.00174415322400929,3.45265677831345,85
"{CIOLAN AFUMAT FARA OS ELIT} => {_BANANE}",0.000205019714576902,0.117546848381601,0.00174415322400929,1.28036586391912,69
"{BERE NEUMARKT 1L PET} => {BERE NEUMARKT 500ML PET}",0.000282273520069647,0.11543134872418,0.00244538007386652,25.0475607396318,95
"{CAFEA JACOBS 3IN1 INTENSE 17.5G} => {APA MINERALA NATURALA CARBOGAZIFICATA CONTINUT REDUS CO2 TUSNAD 2L}",0.000202048414365642,0.120141342756184,0.00168175591957285,2.2439607818759,68
"{CAFEA JACOBS 3IN1 INTENSE 17.5G} => {_BANANE}",0.00021690491542194,0.128975265017668,0.00168175591957285,1.40484861050848,73
"{PAINISOARA CU SECARA RIP-ROP 1KG} => {_BANANE}",0.00032387172302728,0.117456896551724,0.00275736659604876,1.27938607369967,109
"{HARTIE IGIENICA 3STRAT CARESSE MUSETEL PERLA 6+2ROLE GRATIS} => {_BANANE}",0.000243646617323274,0.134868421052632,0.00180655052844574,1.46903915174206,82
"{SEMINTE LEGUME GARDENSEED KERTIMAG} => {_BANANE}",0.000237704016900756,0.112359550561798,0.00211556575041673,1.22386380413699,80
"{ELAN OASE AFUMATE} => {CARNE TOCATA PORC VRAC}",0.000306043921759723,0.168026101141925,0.00182140702950204,5.62515551751898,103
"{ELAN OASE AFUMATE} => {_MORCOVI}",0.000184220613098086,0.101141924959217,0.00182140702950204,2.41159180097764,62
"{ELAN OASE AFUMATE} => {_BANANE}",0.000184220613098086,0.101141924959217,0.00182140702950204,1.10167707524109,62
"{NAPOLITANE CU CREMA DE CIOCOLATA ROSHEN 72G} => {NAPOLITANE CU CREMA DE LAPTE ROSHEN 72G}",0.000234732716689496,0.138111888111888,0.0016995837208404,72.6280785620629,79
"{NAPOLITANE CU CREMA DE LAPTE ROSHEN 72G} => {NAPOLITANE CU CREMA DE CIOCOLATA ROSHEN 72G}",0.000234732716689496,0.1234375,0.00190163213520604,72.6280785620629,79
"{NAPOLITANE CU CREMA DE CIOCOLATA ROSHEN 72G} => {PAINE CU CARTOFI FELII BACHUS 1.2 KG}",0.000199077114154383,0.117132867132867,0.0016995837208404,1.56994893795969,67
"{NAPOLITANE CU CREMA DE CIOCOLATA ROSHEN 72G} => {_BANANE}",0.000341699524294836,0.201048951048951,0.0016995837208404,2.18990315303183,115
"{SALAM BANATEAN BENEDEK AMBALAT} => {PAINE CU CARTOFI FELII BACHUS 1.2 KG}",0.00016045021140801,0.107784431137725,0.00148862140584098,1.44465048397828,54
"{SALAM BANATEAN BENEDEK AMBALAT} => {_BANANE}",0.000184220613098086,0.12375249500998,0.00148862140584098,1.34796017389779,62
"{ZAHAR CRISTAL DIN SFECLA BOD ROMANESC 1KG} => {_BANANE}",0.000276330919647128,0.166368515205725,0.00166095681809403,1.81215039478388,93
"{FOIETAJ CU CREMA DE VANILIE RIP-ROP 100G} => {FOIETAJ CU GEM RIP-ROP 100G}",0.00026741701901335,0.122448979591837,0.00218390565527569,55.4651028648337,90
"{FOIETAJ CU GEM RIP-ROP 100G} => {FOIETAJ CU CREMA DE VANILIE RIP-ROP 100G}",0.00026741701901335,0.121130551816958,0.00220767605696577,55.4651028648337,90
"{FOIETAJ CU CREMA DE VANILIE RIP-ROP 100G} => {_BANANE}",0.000326843023238539,0.149659863945578,0.00218390565527569,1.63015328469403,110
"{BISCUITI EUGENIA CU CREMA DE CACAO BOROMIR 30G} => {SZEKELYHON}",0.000205019714576902,0.1104,0.00185706263203715,7.04235238817286,69
"{BISCUITI EUGENIA CU CREMA DE CACAO BOROMIR 30G} => {_MERE GOLDEN}",0.000199077114154383,0.1072,0.00185706263203715,7.74050238146321,67
"{BISCUITI EUGENIA CU CREMA DE CACAO BOROMIR 30G} => {PAINE DE CASA PE FOI DE VARZA RIP-ROP 1KG}",0.00021393361521068,0.1152,0.00185706263203715,1.97458139037433,72
"{BISCUITI EUGENIA CU CREMA DE CACAO BOROMIR 30G} => {_BANANE}",0.00021393361521068,0.1152,0.00185706263203715,1.25480308110557,72
"{SALAM REGAL ELIT} => {_BANANE}",0.000202048414365642,0.123188405797101,0.00164015771661521,1.34181589540527,68
"{MALAI EXTRA BOROMIR 1KG} => {_MORCOVI}",0.000193134513731864,0.103338632750397,0.00186894783288219,2.46396931406621,65
"{MALAI EXTRA BOROMIR 1KG} => {_BANANE}",0.000228790116266977,0.12241653418124,0.00186894783288219,1.33340837038963,77
"{PRAJITURA GYORI DORMI CU CR.LAPTE 30G} => {LAPTE DE CONSUM 1.5% GRASIME FRISS CUTIE 1L}",0.000205019714576902,0.12,0.00170849762147418,4.20954346466542,69
"{PRAJITURA GYORI DORMI CU CR.LAPTE 30G} => {_BANANE}",0.000243646617323274,0.142608695652174,0.00170849762147418,1.55334922479857,82
"{APA MINERALA NATURALA PLATA PERLA HARGHITEI 5L ROZ} => {_BANANE}",0.000439752431266398,0.144249512670565,0.00304855401675219,1.57122164016495,148
"{_DOVLECEI KG} => {_MORCOVI}",0.000231761416478237,0.134020618556701,0.001729296722953,3.19553958463432,78
"{_DOVLECEI KG} => {_BANANE}",0.000273359619435869,0.15807560137457,0.001729296722953,1.72182076087177,92
"{BRANZA DE VACA SEMIGRASA LACTIS 500G} => {SMANTANA 20% GRASIME FRISS 300G}",0.00016045021140801,0.101503759398496,0.00158073171239002,4.31821447817496,54
"{BRANZA DE VACA SEMIGRASA LACTIS 500G} => {_BANANE}",0.000243646617323274,0.154135338345865,0.00158073171239002,1.67890188770522,82
"{FOIETAJ CU GEM RIP-ROP 100G} => {_BANANE}",0.000291187420703426,0.131897711978466,0.00220767605696577,1.43668103629648,98
"{MERKUR SACOSA ECO RECICLABILA} => {_BANANE}",0.000228790116266977,0.156822810590631,0.00145890840372839,1.70817487774965,77
"{CASCAVAL DALIA CALUP GORDON} => {_MORCOVI}",0.000184220613098086,0.112115732368897,0.00164312901682647,2.67324733092096,62
"{CASCAVAL DALIA CALUP GORDON} => {PAINE CU CARTOFI FELII BACHUS 1.2 KG}",0.000196105813943123,0.119349005424955,0.00164312901682647,1.59965216339247,66
"{CASCAVAL DALIA CALUP GORDON} => {_BANANE}",0.000222847515844458,0.135623869801085,0.00164312901682647,1.47726779251617,75
"{BATON OKE RUDI NATUR 23G} => {_BANANE}",0.00027038831922461,0.132459970887918,0.00204128324513524,1.44280537841419,91
"{MUSTAR DULCE LA MINUT 290G} => {_MORCOVI}",0.000181249312886826,0.103389830508475,0.00175306712464307,2.46519005505623,61
"{MUSTAR DULCE LA MINUT 290G} => {_BANANE}",0.000205019714576902,0.116949152542373,0.00175306712464307,1.27385552901784,69
"{_VARZA PROASPATA} => {_MORCOVI}",0.000356556025351133,0.168539325842697,0.00211556575041673,4.01859126676139,120
"{_VARZA PROASPATA} => {_BANANE}",0.000228790116266977,0.10814606741573,0.00211556575041672,1.17796891148185,77
"{BISCUITI EREDETI GYORI EDES 180G} => {_BANANE}",0.000359527325562393,0.211169284467714,0.00170255502105166,2.30013774986933,121
"{GIANA TON MARUNTIT IN ULEI VEGETAL 170G} => {SMANTANA 20% GRASIME FRISS 300G}",0.000231761416478237,0.133333333333333,0.00173821062358678,5.67232124046686,78
"{GIANA TON MARUNTIT IN ULEI VEGETAL 170G} => {APA MINERALA NATURALA CARBOGAZIFICATA CONTINUT REDUS CO2 TUSNAD 2L}",0.000187191913309345,0.107692307692308,0.00173821062358678,2.0114417687313,63
"{GIANA TON MARUNTIT IN ULEI VEGETAL 170G} => {_BANANE}",0.000225818816055718,0.12991452991453,0.00173821062358678,1.4150794480654,76
"{KINDER OUA CIOCOLATA JOY 20G} => {_BANANE}",0.000252560517957053,0.134706814580032,0.00187489043330471,1.46727887136233,85
"{COZONAC IMPLETIT BACHUS 250G} => {PAINE CU CARTOFI FELII BACHUS 1.2 KG}",0.000335756923872317,0.148099606815203,0.00226710206119096,1.98500067592501,113
"{COZONAC IMPLETIT BACHUS 250G} => {_BANANE}",0.00037438382661869,0.165137614678899,0.00226710206119096,1.79874294883253,126
"{ULEI RAFINAT DE FLOAREA SOARELUI OLPO 1L} => {_BANANE}",0.000184220613098086,0.103852596314908,0.00177386622612189,1.13120275899965,62
"{PATE PUI BUCEGI 120G} => {PATE PORC BUCEGI 120G}",0.000231761416478237,0.149139579349904,0.00155399001048869,28.0409904184069,78
"{PATE PUI BUCEGI 120G} => {PAINE CU CARTOFI FELII BACHUS 1.2 KG}",0.000234732716689496,0.151051625239006,0.00155399001048869,2.02456701031713,79
"{PATE PUI BUCEGI 120G} => {_BANANE}",0.000255531818168312,0.164435946462715,0.00155399001048869,1.79110010647505,86
"{BRANZA TRAPIST CALUP KERESZTURI} => {_BANANE}",0.000231761416478237,0.135652173913043,0.00170849762147418,1.47757609188156,78
"{DROJDIE PROASPATA BRAVO 50G} => {_MORCOVI}",0.000193134513731864,0.10655737704918,0.00181249312886826,2.54071589925843,65
"{DROJDIE PROASPATA BRAVO 50G} => {_BANANE}",0.000187191913309345,0.10327868852459,0.00181249312886826,1.12495153275346,63
"{SMANTANA 12% GRASIME KERESZTURI 350G} => {PAINE CU CARTOFI FELII BACHUS 1.2 KG}",0.000306043921759723,0.160436137071651,0.00190757473562856,2.15034899402132,103
"{SMANTANA 12% GRASIME KERESZTURI 350G} => {_BANANE}",0.000243646617323274,0.127725856697819,0.00190757473562856,1.39123957049716,82
"{PATE DE PORC INTEGRAL SIBIU 120G} => {PAINE CU CARTOFI FELII BACHUS 1.2 KG}",0.000202048414365642,0.120781527531083,0.00167284201893907,1.61885246655391,68
"{PATE DE PORC INTEGRAL SIBIU 120G} => {_BANANE}",0.000234732716689496,0.140319715808171,0.00167284201893907,1.52841676854124,79
"{NAPOLITANE CU CREMA DE LAPTE ROSHEN 72G} => {_BANANE}",0.000392211627886247,0.20625,0.00190163213520604,2.24655499546896,132
"{OREZ CU LAPTE CU CAPSUNI MULLER RISO 200G} => {OREZ CU LAPTE CU VISINE MULLER RISO 200G}",0.000415982029576322,0.254083484573503,0.00163718641640395,130.953382823378,140
"{OREZ CU LAPTE CU VISINE MULLER RISO 200G} => {OREZ CU LAPTE CU CAPSUNI MULLER RISO 200G}",0.000415982029576322,0.214395099540582,0.00194025903795242,130.953382823378,140
"{OREZ CU LAPTE CU CAPSUNI MULLER RISO 200G} => {OREZ CU LAPTE CU CIOCOLATA MULLER RISO 200G}",0.000314957822393501,0.192377495462795,0.00163718641640395,92.2296627214958,106
"{OREZ CU LAPTE CU CIOCOLATA MULLER RISO 200G} => {OREZ CU LAPTE CU CAPSUNI MULLER RISO 200G}",0.000314957822393501,0.150997150997151,0.00208585274830413,92.2296627214958,106
"{OREZ CU LAPTE CU CAPSUNI MULLER RISO 200G} => {_BANANE}",0.000335756923872317,0.20508166969147,0.00163718641640395,2.23382908860358,113
"{FULGI DE PORUMB CU ADAOS DE MULTIVI.FORTZA 150G} => {WINSTON SUPERSLIMS SILVER}",0.000184220613098086,0.101307189542484,0.00181843572929078,15.6400176890328,62
"{FULGI DE PORUMB CU ADAOS DE MULTIVI.FORTZA 150G} => {LAPTE DE CONSUM 1.5% GRASIME FRISS CUTIE 1L}",0.000252560517957053,0.138888888888889,0.00181843572929078,4.87215678780719,85
"{FULGI DE PORUMB CU ADAOS DE MULTIVI.FORTZA 150G} => {PAINE CU CARTOFI FELII BACHUS 1.2 KG}",0.000219876215633199,0.120915032679739,0.00181843572929078,1.62064185557404,74
"{FULGI DE PORUMB CU ADAOS DE MULTIVI.FORTZA 150G} => {_BANANE}",0.000395182928097506,0.217320261437909,0.00181843572929078,2.36713657672705,133
"{PROSOP DIN HARTIE ONDA CASA 2ROLA 2STRAT} => {PAINE DE CASA PE FOI DE VARZA RIP-ROP 1KG}",0.000157478911196751,0.100760456273764,0.00156290391112247,1.727080918783,53
"{PROSOP DIN HARTIE ONDA CASA 2ROLA 2STRAT} => {PAINE CU CARTOFI FELII BACHUS 1.2 KG}",0.000166392811830529,0.106463878326996,0.00156290391112247,1.42695092164817,56
"{PROSOP DIN HARTIE ONDA CASA 2ROLA 2STRAT} => {_BANANE}",0.00026741701901335,0.171102661596958,0.00156290391112247,1.86371655344815,90
"{JUMARI MARUNTIT BERKE 120G} => {PAINE CU CARTOFI FELII BACHUS 1.2 KG}",0.000228790116266977,0.11937984496124,0.00191648863626234,1.60006551020471,77
"{JUMARI MARUNTIT BERKE 120G} => {_BANANE}",0.000297130021125945,0.155038759689922,0.00191648863626234,1.68874230338282,100
"{SLANINA SECUIASCA BERTIS} => {PAINE CU CARTOFI FELII BACHUS 1.2 KG}",0.000210962314999421,0.113057324840764,0.00186597653267093,1.51532384894997,71
"{SLANINA SECUIASCA BERTIS} => {_BANANE}",0.000210962314999421,0.113057324840764,0.00186597653267093,1.23146423222001,71
"{COASTE INTREGI AFUMATE ELIT} => {CARNE TOCATA PORC VRAC}",0.000303072621548463,0.155015197568389,0.00195511553900872,5.18957821418821,102
"{COASTE INTREGI AFUMATE ELIT} => {_BANANE}",0.000243646617323274,0.124620060790274,0.00195511553900871,1.35741003686805,82
"{BISCUITI PETIT BEURRE ROSTAR 100G} => {_BANANE}",0.000404096828731284,0.201780415430267,0.00200265634238887,2.19787054677658,136
"{LAPTE UHT 1.5% GRASIME MADETA 1L} => {_MORCOVI}",0.000237704016900756,0.123647604327666,0.00192243123668486,2.94820915191562,80
"{LAPTE UHT 1.5% GRASIME MADETA 1L} => {PAINE CU CARTOFI FELII BACHUS 1.2 KG}",0.00026741701901335,0.139103554868624,0.00192243123668486,1.86442527684987,90
"{LAPTE UHT 1.5% GRASIME MADETA 1L} => {_BANANE}",0.000207991014788161,0.108191653786708,0.00192243123668486,1.17846545591553,70
"{SUNCA PRESATA PIEPT PUI CAROLI} => {_BANANE}",0.000222847515844458,0.12214983713355,0.0018243783297133,1.33050340270593,75
"{REAL LAPTE UHT 1.5% GRASIME 1L} => {PAINE DE CASA PE FOI DE VARZA RIP-ROP 1KG}",0.000332785623661058,0.180064308681672,0.00184814873140337,3.08638570306813,112
"{REAL LAPTE UHT 1.5% GRASIME 1L} => {PAINE CU CARTOFI FELII BACHUS 1.2 KG}",0.000187191913309345,0.101286173633441,0.00184814873140337,1.35755338888313,63
"{REAL LAPTE UHT 1.5% GRASIME 1L} => {_BANANE}",0.000225818816055718,0.122186495176849,0.00184814873140337,1.33090269633161,76
"{PACHET ZAHAR VANILIAT THYMOS 6*8G} => {DR.OETKER PRAF DE COPT 10G}",0.000196105813943123,0.127413127413127,0.00153913350943239,35.4098020398598,66
"{PACHET ZAHAR VANILIAT THYMOS 6*8G} => {DR.OETKER BUDINCA VANILIE 40G}",0.00016045021140801,0.104247104247104,0.00153913350943239,25.2589457708248,54
"{PACHET ZAHAR VANILIAT THYMOS 6*8G} => {_LAMAIE^2 A nu se consuma coaja}",0.000172335412253048,0.111969111969112,0.00153913350943239,4.19311678430405,58
"{PACHET ZAHAR VANILIAT THYMOS 6*8G} => {_MORCOVI}",0.000157478911196751,0.102316602316602,0.00153913350943239,2.43960038678423,53
"{PACHET ZAHAR VANILIAT THYMOS 6*8G} => {_BANANE}",0.000196105813943123,0.127413127413127,0.00153913350943239,1.38783320183411,66
"{ELAN HREAN RAS CU MERE 160G} => {PAINE CU CARTOFI FELII BACHUS 1.2 KG}",0.000190163213520604,0.111111111111111,0.00171146892168544,1.48923846187884,64
"{ELAN HREAN RAS CU MERE 160G} => {_BANANE}",0.000249589217745793,0.145833333333333,0.00171146892168544,1.58847322911947,84
"{MARGARINA CU SARE BORDS EVE 250G} => {PAINE DE CASA PE FOI DE VARZA RIP-ROP 1KG}",0.000199077114154383,0.109656301145663,0.00181546442907952,1.8795598227388,67
"{MARGARINA CU SARE BORDS EVE 250G} => {PAINE CU CARTOFI FELII BACHUS 1.2 KG}",0.000190163213520604,0.104746317512275,0.00181546442907952,1.40393020301508,64
"{MARGARINA CU SARE BORDS EVE 250G} => {_BANANE}",0.000193134513731864,0.106382978723404,0.00181546442907952,1.15876466561907,65
"{PASTE PATRAT INCRETIT CU 4 OUA GYERMELYI 500G} => {_BANANE}",0.000311986522182242,0.178268251273345,0.00175009582443181,1.94176693542618,105
"{PERLE COAPTE PT.SUPA GUTHAUS 200G} => {_BANANE}",0.000282273520069647,0.151515151515152,0.00186300523245967,1.65036179648776,95
"{PASTE SPIRALE CU 4 OUA GYERMELYI 500G} => {_MORCOVI}",0.000175306712464307,0.102966841186736,0.00170255502105166,2.45510444930356,59
"{PASTE SPIRALE CU 4 OUA GYERMELYI 500G} => {PAINE CU CARTOFI FELII BACHUS 1.2 KG}",0.000181249312886826,0.106457242582897,0.00170255502105166,1.42686198180015,61
"{PASTE SPIRALE CU 4 OUA GYERMELYI 500G} => {_BANANE}",0.000231761416478237,0.136125654450262,0.00170255502105166,1.4827334255356,78
"{CONSERVA PORUMB DULCE BOABE DELIKAT NOVA 170G} => {_MORCOVI}",0.000210962314999421,0.121993127147766,0.001729296722953,2.90876039114149,71
"{CONSERVA PORUMB DULCE BOABE DELIKAT NOVA 170G} => {_BANANE}",0.000273359619435869,0.15807560137457,0.001729296722953,1.72182076087177,92
"{GOBE PAINE SEMIALBA CU CARTOFI MAMA 1.1KG} => {_BANANE}",0.000300101321337204,0.117715617715618,0.0025493755812606,1.28220416496357,101
"{CHEFIR 3.3% FRISS 900G} => {_BANANE}",0.000389240327674987,0.178717598908595,0.00217796305485317,1.94666140415186,131
"{PAINE CU TARITE COUNTRY 400G} => {_BANANE}",0.000389240327674987,0.16354556803995,0.00238001146921882,1.78140175935495,131
"{PAINE INTEGRALA RIP-ROP 500G} => {_BANANE}",0.000311986522182242,0.108921161825726,0.00286433340365411,1.18641154042118,105
"{ARIPI PUI REFRIGERAT VRAC SZEKELY CSURKE} => {CARNE TOCATA PORC VRAC}",0.000237704016900756,0.111265646731572,0.00213636485189554,3.72493655669458,80
"{ARIPI PUI REFRIGERAT VRAC SZEKELY CSURKE} => {_MORCOVI}",0.000255531818168312,0.119610570236439,0.00213636485189554,2.85195155825607,86
"{ARIPI PUI REFRIGERAT VRAC SZEKELY CSURKE} => {_BANANE}",0.000249589217745793,0.11682892906815,0.00213636485189554,1.27254600830711,84
"{IAURT 2.8% PROBIOTIC LACTIS 900G} => {WINSTON NOVA BLUE 100}",0.000252560517957053,0.111402359108781,0.00226710206119096,24.9951987767584,85
"{IAURT 2.8% PROBIOTIC LACTIS 900G} => {PAINE DE CASA PE FOI DE VARZA RIP-ROP 1KG}",0.000234732716689496,0.103538663171691,0.00226710206119096,1.77470067259598,79
"{IAURT 2.8% PROBIOTIC LACTIS 900G} => {_BANANE}",0.000487293234646549,0.214941022280472,0.00226710206119096,2.34122098102012,164
"{BERE STAROPRAMEN DOZA 5% 500ML} => {APA MINERALA NATURALA CARBOGAZIFICATA TUSNAD 2L}",0.000332785623661058,0.120819848975189,0.00275439529583751,12.620199451318,112
"{BERE STAROPRAMEN DOZA 5% 500ML} => {FRANZELA ALBA BACHUS 1KG}",0.000326843023238539,0.11866235167206,0.00275439529583751,4.95363066761188,110
"{BERE STAROPRAMEN DOZA 5% 500ML} => {APA MINERALA NATURALA CARBOGAZIFICATA CONTINUT REDUS CO2 TUSNAD 2L}",0.000365469925984912,0.132686084142395,0.00275439529583751,2.47826736646736,123
"{CARNE DE PORC IN SUC PROPRIU HAME 125G} => {LD RED}",0.000365469925984912,0.17930029154519,0.00203831194492398,40.8835034013605,123
"{CARNE DE PORC IN SUC PROPRIU HAME 125G} => {PAINE CU CARTOFI FELII BACHUS 1.2 KG}",0.00027038831922461,0.13265306122449,0.00203831194492398,1.77796836775331,91
"{CARNE DE PORC IN SUC PROPRIU HAME 125G} => {_BANANE}",0.000252560517957053,0.123906705539359,0.00203831194492398,1.34963989479538,85
"{BOMBOANE DE POM ASORTAT GLORIA VRAC} => {_CLEMENTINA^2 A nu se consuma coaja}",0.00026741701901335,0.11378002528445,0.00235029846710622,8.14918256002501,90
"{BOMBOANE DE POM ASORTAT GLORIA VRAC} => {_BANANE}",0.000326843023238539,0.139064475347661,0.00235029846710622,1.5147442025918,110
"{REAL PATEU DE PUI 48G} => {LAPTE DE CONSUM 1.5% GRASIME FRISS CUTIE 1L}",0.000190163213520604,0.105263157894737,0.00180655052844574,3.69258198654861,64
"{REAL PATEU DE PUI 48G} => {PAINE DE CASA PE FOI DE VARZA RIP-ROP 1KG}",0.000243646617323274,0.134868421052632,0.00180655052844574,2.31170724270569,82
"{REAL PATEU DE PUI 48G} => {PAINE CU CARTOFI FELII BACHUS 1.2 KG}",0.000205019714576902,0.113486842105263,0.00180655052844574,1.52108073162296,69
"{REAL PATEU DE PUI 48G} => {_BANANE}",0.000225818816055718,0.125,0.00180655052844574,1.3615484821024,76
"{BISCUITI EUGENIA CU CREMA CACAO CROCO 25G} => {_BANANE}",0.00043083853063262,0.188311688311688,0.00228790116266977,2.05116394706336,145
"{SALAM DE PORC GASTRO CAROLI} => {PAINE CU CARTOFI FELII BACHUS 1.2 KG}",0.000297130021125945,0.14367816091954,0.00206802494703657,1.92573939036057,100
"{SALAM DE PORC GASTRO CAROLI} => {_BANANE}",0.000306043921759723,0.147988505747126,0.00206802494703657,1.61194820294882,103
"{CARNATI PROASPETI} => {SANGERETE VRAC}",0.000843849259997682,0.445839874411303,0.00189271823457227,166.351161034088,284
"{SANGERETE VRAC} => {CARNATI PROASPETI}",0.000843849259997682,0.314855875831486,0.00268011279055602,166.351161034088,284
"{CARNATI PROASPETI} => {CALTABOS VRAC}",0.000947844767391763,0.500784929356358,0.00189271823457227,136.029596714827,319
"{CALTABOS VRAC} => {CARNATI PROASPETI}",0.000947844767391763,0.257465698143664,0.00368144096175045,136.029596714827,319
"{CARNATI PROASPETI} => {CARNE TOCATA PORC VRAC}",0.000222847515844458,0.117739403453689,0.00189271823457227,3.94166412519143,75
"{CARNATI PROASPETI} => {PAINE DE CASA PE FOI DE VARZA RIP-ROP 1KG}",0.000222847515844458,0.117739403453689,0.00189271823457227,2.01810794247769,75
"{CARNATI PROASPETI} => {_BANANE}",0.00021690491542194,0.114599686028257,0.00189271823457227,1.24826422848949,73
"{CARNATI DE PORC CASA AFUMAT BERKE} => {PAINE CU CARTOFI FELII BACHUS 1.2 KG}",0.000193134513731864,0.101404056162246,0.0019046034354173,1.35913338564606,65
"{CARNATI DE PORC CASA AFUMAT BERKE} => {_BANANE}",0.000252560517957053,0.132605304212168,0.0019046034354173,1.44438840535044,85
"{CARNATI SEMIAFUMATI EXTRA CAROLI} => {APA MINERALA NATURALA CARBOGAZIFICATA CONTINUT REDUS CO2 TUSNAD 2L}",0.000202048414365642,0.102564102564103,0.00196997204006501,1.91565882736314,68
"{CARNATI SEMIAFUMATI EXTRA CAROLI} => {PAINE DE CASA PE FOI DE VARZA RIP-ROP 1KG}",0.00021690491542194,0.110105580693816,0.00196997204006501,1.88726068241639,73
"{CARNATI SEMIAFUMATI EXTRA CAROLI} => {PAINE CU CARTOFI FELII BACHUS 1.2 KG}",0.000276330919647128,0.14027149321267,0.00196997204006501,1.88007932517736,93
"{CARNATI SEMIAFUMATI EXTRA CAROLI} => {_BANANE}",0.000309015221970982,0.156862745098039,0.00196997204006501,1.70860985989321,104
"{GOBE BATON CU NUCA&CACAO 50G} => {_BANANE}",0.000317929122604761,0.125146198830409,0.00254046168062683,1.36314093646743,107
"{CORVIN REJTVENYMAGAZIN} => {SKANDI CORVIN}",0.000632886944998262,0.220954356846473,0.00286433340365411,74.4372889486997,213
"{SKANDI CORVIN} => {CORVIN REJTVENYMAGAZIN}",0.000632886944998262,0.213213213213213,0.00296832891104819,74.4372889486997,213
"{DANONE IAURT DELICIOS CAISE 125G} => {DANONE IAURT DELICIOS FRUCTE DE PADURE 125G}",0.000306043921759723,0.159442724458204,0.0019194599364736,84.1080364335142,103
"{DANONE IAURT DELICIOS FRUCTE DE PADURE 125G} => {DANONE IAURT DELICIOS CAISE 125G}",0.000306043921759723,0.161442006269592,0.00189568953478353,84.1080364335142,103
"{DANONE IAURT DELICIOS CAISE 125G} => {DANONE IAURT DELICIOS CAPSUNI 125G}",0.000511063636336625,0.26625386996904,0.0019194599364736,130.815384963052,172
"{DANONE IAURT DELICIOS CAPSUNI 125G} => {DANONE IAURT DELICIOS CAISE 125G}",0.000511063636336625,0.251094890510949,0.00203534064471272,130.815384963052,172
"{DANONE IAURT DELICIOS CAISE 125G} => {PAINE CU CARTOFI FELII BACHUS 1.2 KG}",0.000279302219858388,0.145510835913313,0.0019194599364736,1.95030300116022,94
"{DANONE IAURT DELICIOS CAISE 125G} => {_BANANE}",0.00048432193443529,0.252321981424149,0.0019194599364736,2.74838888647296,163
"{BONDUELLE GOLD PORUMB BOABE 170G} => {_BANANE}",0.000335756923872317,0.16865671641791,0.00199077114154383,1.83707436988145,113
"{DANONE IAURT DELICIOS FRUCTE DE PADURE 125G} => {DANONE IAURT DELICIOS CAPSUNI 125G}",0.000300101321337204,0.158307210031348,0.00189568953478353,77.7792211061026,101
"{DANONE IAURT DELICIOS CAPSUNI 125G} => {DANONE IAURT DELICIOS FRUCTE DE PADURE 125G}",0.000300101321337204,0.147445255474453,0.00203534064471272,77.7792211061026,101
"{DANONE IAURT DELICIOS FRUCTE DE PADURE 125G} => {DANONE IAURT DELICIOS BISCUITI 125G}",0.000202048414365642,0.106583072100313,0.00189568953478353,31.520960162194,68
"{DANONE IAURT DELICIOS FRUCTE DE PADURE 125G} => {_BANANE}",0.0005348340380267,0.282131661442006,0.00189568953478353,3.07308748311514,180
"{ORBIT PASTILE WATERMELON 14G} => {KENT CORE BLUE}",0.000362498625773652,0.168275862068966,0.0021541926531631,52.9287347728005,122
"{KENT CORE BLUE} => {ORBIT PASTILE WATERMELON 14G}",0.000362498625773652,0.114018691588785,0.00317929122604761,52.9287347728005,122
"{ORBIT PASTILE WATERMELON 14G} => {_CASTRAVETI FABIO}",0.000234732716689496,0.108965517241379,0.0021541926531631,14.0132486527084,79
"{ORBIT PASTILE WATERMELON 14G} => {APA MINERALA NATURALA CARBOGAZOASA PERLA HARGHITEI  2L}",0.000273359619435869,0.126896551724138,0.0021541926531631,6.34771331337898,92
"{ORBIT PASTILE WATERMELON 14G} => {PAINE CU CARTOFI FELII BACHUS 1.2 KG}",0.000404096828731284,0.187586206896552,0.0021541926531631,2.51424534805477,136
"{BRANZA TOPITA MEDVE NATUR 140G} => {_BANANE}",0.00032387172302728,0.168469860896445,0.00192243123668486,1.83503906706846,109
"{OREZ CU LAPTE CU VISINE MULLER RISO 200G} => {OREZ CU LAPTE CU CIOCOLATA MULLER RISO 200G}",0.000377355126829949,0.194486983154671,0.00194025903795242,93.2409937915298,127
"{OREZ CU LAPTE CU CIOCOLATA MULLER RISO 200G} => {OREZ CU LAPTE CU VISINE MULLER RISO 200G}",0.000377355126829949,0.180911680911681,0.00208585274830413,93.2409937915298,127
"{OREZ CU LAPTE CU VISINE MULLER RISO 200G} => {PAINE CU CARTOFI FELII BACHUS 1.2 KG}",0.000202048414365642,0.104134762633997,0.00194025903795242,1.39573344359855,68
"{OREZ CU LAPTE CU VISINE MULLER RISO 200G} => {_BANANE}",0.000377355126829949,0.194486983154671,0.00194025903795242,2.11842765362334,127
"{MALAI ARPIS PREMIUM 1KG} => {_BANANE}",0.000261474418590831,0.117177097203728,0.00223144645865584,1.27633839067922,88
"{PIPER MACINAT ECOM 100G} => {_BANANE}",0.000207991014788161,0.104477611940299,0.00199077114154383,1.13801067160798,70
"{LAPTE DE CONSUM 1.8% LACTIS 1L} => {_BANANE}",0.000288216120492166,0.108258928571429,0.00266228498928846,1.17919823896369,97
"{SKANDI CORVIN} => {APA MINERALA NATURALA CARBOGAZIFICATA CONTINUT REDUS CO2 TUSNAD 2L}",0.000487293234646549,0.164164164164164,0.00296832891104819,3.06620466962328,164
"{SKANDI CORVIN} => {_BANANE}",0.000395182928097506,0.133133133133133,0.00296832891104819,1.45013772267963,133
"{WINSTON NOVA BLUE 100} => {PAINE DE CASA PE FOI DE VARZA RIP-ROP 1KG}",0.000671513847744635,0.150666666666667,0.00445695031688917,2.58249649435532,226
"{IAURT 2.8% FRISS 125G} => {ELAN FRANZELA ALBA FELIATA 700G}",0.000273359619435869,0.117647058823529,0.00232355676520489,14.6266976683544,92
"{IAURT 2.8% FRISS 125G} => {_LAMAIE^2 A nu se consuma coaja}",0.000258503118379572,0.111253196930946,0.00232355676520489,4.16630657468574,87
"{IAURT 2.8% FRISS 125G} => {_BANANE}",0.000519977536970403,0.223785166240409,0.00232355676520489,2.4375548272933,175
"{WINSTON SUPERSLIMS BLUE} => {APA MINERALA NATURALA CARBOGAZIFICATA CONTINUT REDUS CO2 TUSNAD 2L}",0.000407068128942544,0.138523761375126,0.00293861590893559,2.58730159620861,137
"{WINSTON SUPERSLIMS BLUE} => {PAINE DE CASA PE FOI DE VARZA RIP-ROP 1KG}",0.000365469925984912,0.124368048533873,0.00293861590893559,2.13172599125136,123
"{WINSTON SUPERSLIMS BLUE} => {PAINE CU CARTOFI FELII BACHUS 1.2 KG}",0.00032387172302728,0.110212335692619,0.00293861590893559,1.47719204358255,109
"{WINSTON SUPERSLIMS BLUE} => {_BANANE}",0.000401125528520025,0.136501516683519,0.00293861590893559,1.48682746276096,135
"{CONSERVA SUNCA DE PORC HAME 105G} => {PAINE DE CASA PE FOI DE VARZA RIP-ROP 1KG}",0.000285244820280907,0.170818505338078,0.00166987071872781,2.92790834871639,96
"{CONSERVA SUNCA DE PORC HAME 105G} => {PAINE CU CARTOFI FELII BACHUS 1.2 KG}",0.000187191913309345,0.112099644128114,0.00166987071872781,1.50248791438666,63
"{CONSERVA SUNCA DE PORC HAME 105G} => {_BANANE}",0.000282273520069647,0.169039145907473,0.00166987071872781,1.84123994020965,95
"{PAINE MULTICEREALE RIP-ROP 500G} => {FRANZELA ALBA COUNTRY 1KG}",0.000294158720914685,0.10432033719705,0.00281976390048521,4.70067243870379,99
"{PAINE MULTICEREALE RIP-ROP 500G} => {_BANANE}",0.000469465433378992,0.166491043203372,0.00281976390048521,1.81348501725757,158
"{_GOGOSARI} => {PAINE CU CARTOFI FELII BACHUS 1.2 KG}",0.000273359619435869,0.122994652406417,0.00222253255802206,1.6485153027215,92
"{_GOGOSARI} => {_BANANE}",0.000306043921759723,0.137700534759358,0.00222253255802206,1.49988763269035,103
"{POLONEZ CRISTUR} => {PAINE CU CARTOFI FELII BACHUS 1.2 KG}",0.000264445718802091,0.112944162436548,0.00234138456647244,1.51380711670679,89
"{POLONEZ CRISTUR} => {_BANANE}",0.000317929122604761,0.135786802030457,0.00234138456647244,1.47904251355286,107
"{PARIZER CU PIEPT PUI CAROLI} => {PAINE DE CASA PE FOI DE VARZA RIP-ROP 1KG}",0.000252560517957053,0.116918844566713,0.00216013525358562,2.00404318286024,85
"{PARIZER CU PIEPT PUI CAROLI} => {PAINE CU CARTOFI FELII BACHUS 1.2 KG}",0.000344670824506096,0.159559834938102,0.00216013525358562,2.13860378844775,116
"{PARIZER CU PIEPT PUI CAROLI} => {_BANANE}",0.000261474418590831,0.121045392022008,0.00216013525358562,1.31847335818444,88
"{KENT CORE SILVER} => {APA MINERALA NATURALA CARBOGAZOASA PERLA HARGHITEI  2L}",0.000903275264222871,0.221897810218978,0.00407068128942544,11.0999366412943,304
"{SMANTANA 20% GRASIME FRISS 900G} => {_BANANE}",0.00026741701901335,0.108958837772397,0.0024542939745003,1.18682192144519,90
"{LAPTE DE CONSUM 3.5% LACTIS 1L} => {_BANANE}",0.00042786723042136,0.152380952380952,0.00280787869964017,1.65979243532483,144
"{KINDER CIOCOLATA T8 100G} => {_BANANE}",0.000445695031688917,0.178147268408551,0.00250183477788045,1.94044914313881,150
"{MOGYI PORUMB PT.POPCORN MICRO CU UNT 100G} => {MOGYI PORUMB PT.POPCORN MICRO CU SARE 100G}",0.000531862737815441,0.274539877300614,0.00193728773774116,95.1567655253897,179
"{MOGYI PORUMB PT.POPCORN MICRO CU SARE 100G} => {MOGYI PORUMB PT.POPCORN MICRO CU UNT 100G}",0.000531862737815441,0.184346035015448,0.00288513250513292,95.1567655253897,179
"{MOGYI PORUMB PT.POPCORN MICRO CU UNT 100G} => {_BANANE}",0.000326843023238539,0.168711656441718,0.00193728773774116,1.83767279792962,110
"{UNT 82% GRASIME MASLO POLSKIE MLEKOVITA 200G} => {_BANANE}",0.000350613424928615,0.142168674698795,0.00246617917534534,1.54855634590924,118
"{DANONE IAURT DELICIOS CAPSUNI 125G} => {PAINE CU CARTOFI FELII BACHUS 1.2 KG}",0.00021690491542194,0.106569343065693,0.00203534064471272,1.42836448095533,73
"{DANONE IAURT DELICIOS CAPSUNI 125G} => {_BANANE}",0.0005348340380267,0.262773722627737,0.00203534064471272,2.86223330544154,180
"{BRANZA CIOCOLATA POTTYOS NATUR 30G} => {_BANANE}",0.000386269027463728,0.162297128589263,0.00238001146921882,1.76780327264232,130
"{_CAPSUNI KG} => {_BANANE}",0.000469465433378992,0.185446009389671,0.00253154777999305,2.01994986077164,158
"{PATE DE SOMON HAME 100G} => {PASTA DE TON HAME 100G}",0.000371412526407431,0.200642054574639,0.00185112003161463,56.6024186028989,125
"{PASTA DE TON HAME 100G} => {PATE DE SOMON HAME 100G}",0.000371412526407431,0.104777870913663,0.00354476115203252,56.6024186028989,125
"{PATE DE SOMON HAME 100G} => {_BANANE}",0.00042786723042136,0.231139646869984,0.00185112003161463,2.51766268279609,144
"{CHESTERFIELD BLUE CROWN RCB 100} => {APA MINERALA NATURALA CARBOGAZIFICATA CONTINUT REDUS CO2 TUSNAD 2L}",0.000487293234646549,0.14500442086649,0.00336054053893443,2.70834523868582,164
"{SALAM DE CASA AFUMAT BERKE} => {CARNE TOCATA PORC VRAC}",0.000240675317112015,0.104113110539846,0.00231167156435985,3.48548489918599,81
"{SALAM DE CASA AFUMAT BERKE} => {PAINE CU CARTOFI FELII BACHUS 1.2 KG}",0.000237704016900756,0.102827763496144,0.00231167156435985,1.37821554312695,80
"{SALAM DE CASA AFUMAT BERKE} => {_BANANE}",0.000297130021125945,0.12853470437018,0.00231167156435985,1.4000498530616,100
"{ULEI RAFINAT DE FLOAREA SOARELUI BUNICA 1L} => {_BANANE}",0.000368441226196171,0.154613466334165,0.00238298276943007,1.68410984319898,124
"{CORN CU CREMA CU CACAO SI ALUNE HARMOPAN 150G} => {_BANANE}",0.000380326427041209,0.10968294772922,0.00346750734653977,1.19470920794589,128
"{KENT CORE BLUE} => {PAINE CU CARTOFI FELII BACHUS 1.2 KG}",0.000519977536970403,0.163551401869159,0.00317929122604761,2.19210334341979,175
"{PESMET BACHUS 500G} => {_MORCOVI}",0.000252560517957053,0.106516290726817,0.00237109756858504,2.53973625171679,85
"{PESMET BACHUS 500G} => {_BANANE}",0.000237704016900756,0.100250626566416,0.00237109756858504,1.09196870745055,80
"{GOBE GRIS 500G} => {_BANANE}",0.000314957822393501,0.136774193548387,0.00230275766372607,1.48979756493269,106
"{KENT 100 S} => {COCA COLA 2.5L PET}",0.000971615169081838,0.220796758946658,0.00440049561287524,49.3097621856499,327
"{COCA COLA 2.5L PET} => {KENT 100 S}",0.000971615169081838,0.216987392169874,0.00447774941836798,49.30976218565,327
"{KENT 100 S} => {APA MINERALA NATURALA CARBOGAZIFICATA CONTINUT REDUS CO2 TUSNAD 2L}",0.000499178435491587,0.113436866981769,0.00440049561287524,2.11873677192493,168
"{KENT 100 S} => {PAINE CU CARTOFI FELII BACHUS 1.2 KG}",0.000469465433378992,0.106684672518569,0.00440049561287524,1.42991025846841,158
"{CASCAVAL TRAPPIST} => {_BANANE}",0.000285244820280907,0.126816380449141,0.0022492742599234,1.38133320244999,96
"{_PATRUNJEL FRUNZE LEGATURA} => {_TELINA}",0.00027038831922461,0.126038781163435,0.00214527875252932,6.01854851261315,91
"{_PATRUNJEL FRUNZE LEGATURA} => {_PATRUNJEL RADACINA KG}",0.00027038831922461,0.126038781163435,0.00214527875252932,5.50964150109073,91
"{_PATRUNJEL FRUNZE LEGATURA} => {_MORCOVI}",0.00048135063422403,0.224376731301939,0.00214527875252932,5.34995834572168,162
"{_PATRUNJEL FRUNZE LEGATURA} => {PAINE CU CARTOFI FELII BACHUS 1.2 KG}",0.00027038831922461,0.126038781163435,0.00214527875252932,1.68931620537226,91
"{_PATRUNJEL FRUNZE LEGATURA} => {_BANANE}",0.000347642124717355,0.162049861495845,0.00214527875252932,1.76510994355658,117
"{SIFOANE 2L} => {PAINE CU CARTOFI FELII BACHUS 1.2 KG}",0.000861677061265239,0.238095238095238,0.003619043657314,3.19122527545467,290
"{NESCAFE 3IN1 ORIGINAL 16.5G} => {PAINE DE CASA PE FOI DE VARZA RIP-ROP 1KG}",0.000297130021125945,0.111358574610245,0.00266822758971098,1.90873757885418,100
"{NESCAFE 3IN1 ORIGINAL 16.5G} => {_BANANE}",0.000303072621548463,0.11358574610245,0.00266822758971098,1.23722000155408,102
"{NOK LAPJA} => {SZEKELYHON}",0.000380326427041209,0.114695340501792,0.00331597103576554,7.31634968383238,128
"{FRISCA PENTRU GATIT UHT 10% MEGGLE 200ML} => {_MORCOVI}",0.00027038831922461,0.112484548825711,0.00240378187090889,2.68204125830247,91
"{FRISCA PENTRU GATIT UHT 10% MEGGLE 200ML} => {_BANANE}",0.000344670824506096,0.143386897404203,0.00240378187090889,1.56182570011252,116
"{SMANTANA 12% GRASIME KERESZTURI 750G} => {_BANANE}",0.000300101321337204,0.117852975495916,0.00254640428104934,1.28370031918173,101
"{PAINE SECARA DOBOI 500G} => {_BANANE}",0.000454608932322695,0.16887417218543,0.00269199799140106,1.83944298244298,153
"{CAFEA JACOBS KRONUNG 250G} => {PAINE DE CASA PE FOI DE VARZA RIP-ROP 1KG}",0.00026741701901335,0.103448275862069,0.00258503118379572,1.77315139221833,90
"{CAFEA JACOBS KRONUNG 250G} => {_BANANE}",0.000329814323449798,0.127586206896552,0.00258503118379572,1.38971845069762,111
"{PAINE CU SEMINTE COUNTRY 500G} => {_BANANE}",0.000466494133167733,0.162863070539419,0.00286433340365411,1.77396773186786,157
"{BERE TILTOTT CSIKI DOZA 500ML} => {CORN CU SUSAN RIP-ROP 150G}",0.000335756923872317,0.111770524233432,0.0030039845135833,19.1628656354225,113
"{BERE TILTOTT CSIKI DOZA 500ML} => {APA MINERALA NATURALA CARBOGAZIFICATA TUSNAD 2L}",0.000418953329787582,0.13946587537092,0.0030039845135833,14.5678642935162,141
"{BERE TILTOTT CSIKI DOZA 500ML} => {FRANZELA ALBA BACHUS 1KG}",0.000656657346688337,0.218595450049456,0.0030039845135833,9.12539748207573,221
"{BERE TILTOTT CSIKI DOZA 500ML} => {APA MINERALA NATURALA CARBOGAZIFICATA CONTINUT REDUS CO2 TUSNAD 2L}",0.000309015221970982,0.102868447082097,0.0030039845135833,1.92134327492208,104
"{KINDER PINGUI 30G} => {PAINE CU CARTOFI FELII BACHUS 1.2 KG}",0.000273359619435869,0.120104438642298,0.00227601596182474,1.6097773452163,92
"{KINDER PINGUI 30G} => {_BANANE}",0.000338728224083577,0.148825065274151,0.00227601596182474,1.62106033378249,114
"{KINDER MAXI KING 35G} => {_BANANE}",0.00032387172302728,0.120976692563818,0.00267714149034476,1.31772505704028,109
"{MARGARINA CU SARE BORDS EVE 500G} => {PAINE CU CARTOFI FELII BACHUS 1.2 KG}",0.000368441226196171,0.144186046511628,0.00255531818168312,1.93254665518231,124
"{MARGARINA CU SARE BORDS EVE 500G} => {_BANANE}",0.000264445718802091,0.103488372093023,0.00255531818168312,1.12723548750803,89
"{LAPTE UHT PT.CAFEA 6% GRASIME 10*7.5G MEGGLE} => {SZEKELYHON}",0.000291187420703426,0.121588089330025,0.00239486797027511,7.75603416002423,98
"{LAPTE UHT PT.CAFEA 6% GRASIME 10*7.5G MEGGLE} => {_BANANE}",0.000303072621548463,0.126550868486352,0.00239486797027511,1.37844114317067,102
"{ELAN HREAN RAS 160G} => {_MORCOVI}",0.000228790116266977,0.100260416666667,0.00228195856224725,2.39057343325658,77
"{ELAN HREAN RAS 160G} => {_BANANE}",0.000294158720914685,0.12890625,0.00228195856224725,1.4040968721681,99
"{OREZ CU LAPTE CU CIOCOLATA MULLER RISO 200G} => {PAINE CU CARTOFI FELII BACHUS 1.2 KG}",0.00032090042281602,0.153846153846154,0.00208585274830413,2.0620224856784,108
"{OREZ CU LAPTE CU CIOCOLATA MULLER RISO 200G} => {_BANANE}",0.000395182928097506,0.189458689458689,0.00208585274830413,2.06365752842871,133
"{SALAM POTCOAVA CRIS-TIM} => {_BANANE}",0.000418953329787582,0.180769230769231,0.00231761416478237,1.96900857411732,141
"{ELAN BICARBONAT DE SODIU 150G} => {_BANANE}",0.000329814323449798,0.135200974421437,0.002439437473444,1.47266145201819,111
"{GOBE PESMET 400G} => {_BANANE}",0.000311986522182242,0.126658624849216,0.00246320787513408,1.37961486726902,105
"{PAINE GRAHAM DOBOI 500G} => {CORN CU LAPTE RIP-ROP 100G}",0.000285244820280907,0.101802757158006,0.00280193609921766,14.9877617365698,96
"{PAINE GRAHAM DOBOI 500G} => {LAPTE DE CONSUM 1.5% GRASIME FRISS CUTIE 1L}",0.000365469925984912,0.130434782608696,0.00280193609921766,4.57559072246241,123
"{PAINE GRAHAM DOBOI 500G} => {_BANANE}",0.000353584725139874,0.126193001060445,0.00280193609921766,1.37454311236637,119
"{BRANZA PULISZKA KERESZTURI 300G} => {_BANANE}",0.000377355126829949,0.150652431791222,0.00250480607809171,1.64096471864299,127
"{SLANINA AFUMATA ELIT} => {CARNE TOCATA PORC VRAC}",0.000309015221970982,0.114790286975717,0.00269199799140106,3.84293399507994,104
"{SLANINA AFUMATA ELIT} => {_BANANE}",0.000291187420703426,0.108167770419426,0.00269199799140106,1.17820530901576,98
"{CREMWURSTI PIEPT PUI BENEDEK} => {PAINE CU CARTOFI FELII BACHUS 1.2 KG}",0.00026741701901335,0.107784431137725,0.00248103567640164,1.44465048397828,90
"{CREMWURSTI PIEPT PUI BENEDEK} => {_BANANE}",0.00032387172302728,0.130538922155689,0.00248103567640164,1.42188057053089,109
"{_PEPENE GALBEN} => {_BANANE}",0.000514034936547884,0.177435897435897,0.00289701770597796,1.93270061459459,173
"{PAINE GERMINA RIP-ROP 300G} => {APA MINERALA NATURALA CARBOGAZIFICATA CONTINUT REDUS CO2 TUSNAD 2L}",0.000350613424928615,0.101200686106346,0.00346453604632851,1.89019337982958,118
"{PAINE GERMINA RIP-ROP 300G} => {PAINE DE CASA PE FOI DE VARZA RIP-ROP 1KG}",0.000407068128942544,0.117495711835334,0.00346453604632851,2.01393095519823,137
"{PAINE GERMINA RIP-ROP 300G} => {_BANANE}",0.000445695031688917,0.128644939965695,0.00346453604632851,1.40125058192357,150
"{UNT 80% GRASIME FRISS 200G} => {LAPTE DE CONSUM 3.5% GRASIME FRISS CUTIE 1L}",0.000273359619435869,0.120893561103811,0.00226115946076844,5.66278227838147,92
"{UNT 80% GRASIME FRISS 200G} => {SMANTANA 20% GRASIME FRISS 300G}",0.000231761416478237,0.102496714848883,0.00226115946076844,4.36045719536546,78
"{UNT 80% GRASIME FRISS 200G} => {PAINE CU CARTOFI FELII BACHUS 1.2 KG}",0.00026741701901335,0.11826544021025,0.00226115946076844,1.58512898044923,90
"{UNT 80% GRASIME FRISS 200G} => {_BANANE}",0.000335756923872317,0.148488830486202,0.00226115946076844,1.6173979340612,113
"{BRANZA DE VACA VRAC LACTIS} => {_BANANE}",0.000407068128942544,0.142263759086189,0.00286136210344285,1.54959204193586,137
"{GOBE CARNATI AFUMATI UDVARHELYI} => {PAINE CU CARTOFI FELII BACHUS 1.2 KG}",0.000294158720914685,0.130263157894737,0.00225818816055718,1.74593614412375,99
"{GOBE CARNATI AFUMATI UDVARHELYI} => {_BANANE}",0.000234732716689496,0.103947368421053,0.00225818816055718,1.13223505353779,79
"{SALAM SECUIESC BERTIS} => {PAINE CU CARTOFI FELII BACHUS 1.2 KG}",0.000389240327674987,0.15162037037037,0.00256720338252816,2.03218998443884,131
"{SALAM SECUIESC BERTIS} => {_BANANE}",0.000404096828731284,0.157407407407407,0.00256720338252816,1.71454253301784,136
"{PAINISOARA CU CARTOFI RIP-ROP 1KG} => {_BANANE}",0.000460551532745214,0.133735979292494,0.0034437369448497,1.45670415686538,155
"{7DAYS CROISSANT CACAO 65G} => {_BANANE}",0.00048432193443529,0.145796064400716,0.00332191363618806,1.58806728145039,163
"{PAINE ALBA CU CARTOFI FELII BRUTARIA SANDOR 500G} => {_BANANE}",0.000579403541195592,0.154272151898734,0.00375572346703194,1.68039211398714,195
"{GOBE 20 OUA PROASPETE M DIN GHEORGHENI} => {PAINE DE CASA PE FOI DE VARZA RIP-ROP 1KG}",0.000300101321337204,0.110745614035088,0.00270982579266861,1.89823115051443,101
"{GOBE 20 OUA PROASPETE M DIN GHEORGHENI} => {_BANANE}",0.000332785623661058,0.12280701754386,0.00270982579266861,1.33766166662692,112
"{CAFEA JACOBS 3IN1 CLASSIC 15.2G} => {PAINE DE CASA PE FOI DE VARZA RIP-ROP 1KG}",0.000282273520069647,0.113095238095238,0.00249589217745793,1.93850479585774,95
"{CAFEA JACOBS 3IN1 CLASSIC 15.2G} => {PAINE CU CARTOFI FELII BACHUS 1.2 KG}",0.000255531818168312,0.102380952380952,0.00249589217745793,1.37222686844551,86
"{CAFEA JACOBS 3IN1 CLASSIC 15.2G} => {_BANANE}",0.000365469925984912,0.146428571428571,0.00249589217745793,1.59495679331996,123
"{SALAM VARA FOX} => {PAINE CU CARTOFI FELII BACHUS 1.2 KG}",0.000294158720914685,0.114982578397213,0.00255828948189438,1.54112830375616,99
"{SALAM VARA FOX} => {_BANANE}",0.000395182928097506,0.154471544715447,0.00255828948189438,1.68256397788264,133
"{APA MINERALA NATURALA DECARBOGAZIFICATA PARTIAL PERLA HARGHITEI 5L} => {_BANANE}",0.00043083853063262,0.104391648668107,0.00412713599343937,1.13707432630582,145
"{PREPARAT ALIMENTAR CU GRASIME VEGETALA GOLDI} => {CARNE TOCATA PORC VRAC}",0.000282273520069647,0.106981981981982,0.00263851458759839,3.58152859663603,95
"{PREPARAT ALIMENTAR CU GRASIME VEGETALA GOLDI} => {_BANANE}",0.000338728224083577,0.128378378378378,0.00263851458759839,1.39834708972679,114
"{GRASIME VEGETALA TARTINABILA CU 72% GRASIME RAMA 500G} => {DROJDIE PROASPATA BUDAFOK 50G}",0.00027038831922461,0.102593010146561,0.00263554328738713,13.0688816592944,91
"{GRASIME VEGETALA TARTINABILA CU 72% GRASIME RAMA 500G} => {_MORCOVI}",0.000288216120492166,0.109357384441939,0.00263554328738713,2.60747827177385,97
"{LD RED} => {BERE TILTOTT IGAZI SOR 6% 500ML}",0.000594260042251889,0.13550135501355,0.00438563911181894,29.9825033095827,200
"{BERE TILTOTT IGAZI SOR 6% 500ML} => {LD RED}",0.000594260042251889,0.131492439184747,0.00451934762132562,29.9825033095827,200
"{LD RED} => {_BANANE}",0.000448666331900176,0.10230352303523,0.00438563911181894,1.11432965201877,151
"{ZAHAR PUDRA KORONAS 500G} => {_LAMAIE^2 A nu se consuma coaja}",0.000261474418590831,0.101499423298731,0.00257611728316194,3.80103876816044,88
"{ZAHAR PUDRA KORONAS 500G} => {_BANANE}",0.00026741701901335,0.103806228373702,0.00257611728316194,1.13069770139992,90
"{CREMINOS CU UNT LACTO FOOD 60% 200G} => {_MORCOVI}",0.000252560517957053,0.100830367734282,0.00250480607809171,2.40416314219454,85
"{CREMINOS CU UNT LACTO FOOD 60% 200G} => {_BANANE}",0.000413010729365063,0.164887307236062,0.00250480607809171,1.7960165030817,139
"{KINDER BUENO WHITE 39G} => {KINDER BUENO 43G}",0.000454608932322695,0.150887573964497,0.00301289841421708,34.2194512671653,153
"{KINDER BUENO 43G} => {KINDER BUENO WHITE 39G}",0.000454608932322695,0.103099730458221,0.00440940951350902,34.2194512671653,153
"{KINDER BUENO WHITE 39G} => {_BANANE}",0.000335756923872317,0.111439842209073,0.00301289841421708,1.21384598404396,113
"{MOGYI PORUMB PT.POPCORN MICRO CU SARE 100G} => {_BANANE}",0.000386269027463728,0.133882595262616,0.00288513250513292,1.45830115487796,130
"{FASOLE BOABE CONG.AGROSPRINT 400G} => {PAINE DE CASA PE FOI DE VARZA RIP-ROP 1KG}",0.000317929122604761,0.105940594059406,0.00300101321337204,1.81587088120577,107
"{FASOLE BOABE CONG.AGROSPRINT 400G} => {_MORCOVI}",0.000356556025351133,0.118811881188119,0.00300101321337204,2.83290790290506,120
"{FASOLE BOABE CONG.AGROSPRINT 400G} => {_BANANE}",0.000401125528520025,0.133663366336634,0.00300101321337204,1.45591322838673,135
"{SUNCA PRAGA CRIS-TIM} => {_BANANE}",0.000466494133167733,0.168454935622318,0.0027692517968938,1.83487649519379,157
"{_PERE} => {_BANANE}",0.00074876765323738,0.257405515832482,0.002908902906823,2.80376071493201,252
"{NESCAFE 3IN1 STRONG 14G} => {SZEKELYHON}",0.000314957822393501,0.105894105894106,0.0029742715114707,6.75492399942741,106
"{NESCAFE 3IN1 STRONG 14G} => {LAPTE DE CONSUM 1.5% GRASIME FRISS CUTIE 1L}",0.000570489640561813,0.191808191808192,0.0029742715114707,6.7285410024622,192
"{NESCAFE 3IN1 STRONG 14G} => {PAINE CU CARTOFI FELII BACHUS 1.2 KG}",0.000356556025351133,0.11988011988012,0.0029742715114707,1.60677076806109,120
"{NESCAFE 3IN1 STRONG 14G} => {_BANANE}",0.000392211627886247,0.131868131868132,0.0029742715114707,1.43635883826187,132
"{CAFEA MACINATA DALLMAYR PRODOMO 500G} => {_BANANE}",0.000514034936547884,0.146114864864865,0.00351801945013118,1.59153977975483,173
"{WINCHESTER SOFT} => {SZEKELYHON}",0.000540776638449219,0.141085271317829,0.00383297727252468,8.99974816486533,182
"{WINCHESTER SOFT} => {CORN RIP-ROP 100G}",0.000439752431266398,0.114728682170543,0.00383297727252468,7.04346628430183,148
"{WINCHESTER SOFT} => {LAPTE DE CONSUM 1.5% GRASIME FRISS CUTIE 1L}",0.000448666331900176,0.117054263565891,0.00383297727252468,4.10620841837518,151
"{WINCHESTER SOFT} => {PAINE CU CARTOFI FELII BACHUS 1.2 KG}",0.000413010729365063,0.107751937984496,0.00383297727252468,1.44421497349646,139
"{HARTIE IGIENICA SUPERIOR 3STRAT PAPERNET 10ROLE} => {_BANANE}",0.000415982029576322,0.134099616858238,0.00310203742055486,1.46066503827078,140
"{NESCAFE 3IN1 MILD 15G} => {PAINE CU CARTOFI FELII BACHUS 1.2 KG}",0.000424895930210101,0.146817248459959,0.0028940464057667,1.96781303946414,143
"{NESCAFE 3IN1 MILD 15G} => {_BANANE}",0.000350613424928615,0.121149897330595,0.0028940464057667,1.31961167053867,118
"{GOBE LAPTE 1.5% 1L} => {_BANANE}",0.000511063636336625,0.124457308248915,0.00410633689196055,1.35563727306288,172
"{SANGERETE VRAC} => {CALTABOS VRAC}",0.00222847515844458,0.831485587583149,0.00268011279055602,225.858732007967,750
"{CALTABOS VRAC} => {SANGERETE VRAC}",0.00222847515844458,0.605326876513317,0.00368144096175045,225.858732007967,750
"{SANGERETE VRAC} => {CARNE TOCATA PORC VRAC}",0.00032090042281602,0.119733924611973,0.00268011279055602,4.00843643986208,108
"{SANGERETE VRAC} => {PAINE DE CASA PE FOI DE VARZA RIP-ROP 1KG}",0.000288216120492166,0.107538802660754,0.00268011279055602,1.84326491733561,97
"{SANGERETE VRAC} => {_BANANE}",0.000300101321337204,0.111973392461197,0.00268011279055602,1.2196576203312,101
"{BERE TILTOTT IGAZI SOR 6% 500ML} => {PALL MALL S-LINE FLOW VIOLET/ROSE}",0.000567518340350554,0.125575279421433,0.00451934762132562,11.838301684908,191
"{BERE TILTOTT IGAZI SOR 6% 500ML} => {_BANANE}",0.000573460940773073,0.126890203813281,0.00451934762132562,1.38213731516509,193
"{KINDER CIOCOLATA T4 50G} => {_BANANE}",0.000650714746265819,0.196060877350045,0.0033189423359768,2.13557111964495,219
"{TOMATO JUICE 100% EKO 1L} => {CARNE TOCATA PORC VRAC}",0.000475408033801511,0.136869118905047,0.00347344994696229,4.58208620062173,160
"{TOMATO JUICE 100% EKO 1L} => {_MORCOVI}",0.000439752431266398,0.126603934987169,0.00347344994696229,3.01869884036391,148
"{_CAISE} => {_BANANE}",0.000621001744153224,0.174457429048414,0.00355961765308881,1.90025798169884,209
"{CASCAVAL DALIA CALUP KERESZTURI} => {PAINE CU CARTOFI FELII BACHUS 1.2 KG}",0.000368441226196171,0.124248496993988,0.00296535761083693,1.66532076498676,124
"{CASCAVAL DALIA CALUP KERESZTURI} => {_BANANE}",0.00042786723042136,0.144288577154309,0.00296535761083693,1.57164714567331,144
"{KINDER BATON LAPTE 28G} => {_BANANE}",0.00048432193443529,0.15205223880597,0.00318523382647012,1.65621195957232,163
"{HARTIE IGIENICA PERFEX COTTON LIKE 10ROLE 3STRAT 200FOI/ROLA} => {PAINE CU CARTOFI FELII BACHUS 1.2 KG}",0.000338728224083577,0.103825136612022,0.00326248763196287,1.39158348077203,114
"{HARTIE IGIENICA PERFEX COTTON LIKE 10ROLE 3STRAT 200FOI/ROLA} => {_BANANE}",0.000380326427041209,0.116575591985428,0.00326248763196287,1.26978656254359,128
"{MUSCHI FILE AFUMAT FOX} => {PAINE CU CARTOFI FELII BACHUS 1.2 KG}",0.00032090042281602,0.108542713567839,0.00295644371020315,1.45481385421732,108
"{MUSCHI FILE AFUMAT FOX} => {_BANANE}",0.00048432193443529,0.163819095477387,0.00295644371020315,1.784381126293,163
"{CHEFIR 3.3% FRISS 330G} => {_BANANE}",0.000612087843519446,0.157251908396947,0.00389240327674987,1.71284877748455,206
"{_CEAPA VERDE LEGATURA} => {_RIDICHI ROSU LEGATURA}",0.000457580232533955,0.145009416195857,0.00315552082435753,41.2887936116448,154
"{_RIDICHI ROSU LEGATURA} => {_CEAPA VERDE LEGATURA}",0.000457580232533955,0.130287648054146,0.00351207684970866,41.2887936116449,154
"{_CEAPA VERDE LEGATURA} => {_CASTRAVETI CORNISON}",0.000350613424928615,0.111111111111111,0.00315552082435753,9.48383915236565,118
"{_CEAPA VERDE LEGATURA} => {PAINE CU CARTOFI FELII BACHUS 1.2 KG}",0.000356556025351133,0.112994350282486,0.00315552082435753,1.5144797917412,120
"{_CEAPA VERDE LEGATURA} => {_BANANE}",0.00053780533823796,0.170433145009416,0.00315552082435753,1.85642391910007,181
"{BRANZA CIOCOLATA LAPTE POTTYOS ORIAS NATUR 51G} => {_BANANE}",0.000531862737815441,0.164976958525346,0.0032238607292165,1.79699301969644,179
"{SALAM CASA FOX} => {PAINE CU CARTOFI FELII BACHUS 1.2 KG}",0.00032090042281602,0.102564102564103,0.0031287791224562,1.37468165711893,108
"{SALAM CASA FOX} => {_BANANE}",0.000454608932322695,0.145299145299145,0.0031287791224562,1.58265464586262,153
"{COCA COLA 2.5L PET} => {PAINE CU CARTOFI FELII BACHUS 1.2 KG}",0.000531862737815441,0.11877903118779,0.00447774941836798,1.59201271538608,179
"{PULPE DE PUI SUPERIOARE REFR.VRAC SZEKELY CSURKE} => {PULPE DE PUI INFERIOARE REFR.VRAC SZEKELY CSURKE}",0.00043083853063262,0.13302752293578,0.00323871723027279,38.2656512193209,145
"{PULPE DE PUI INFERIOARE REFR.VRAC SZEKELY CSURKE} => {PULPE DE PUI SUPERIOARE REFR.VRAC SZEKELY CSURKE}",0.00043083853063262,0.123931623931624,0.00347642124717355,38.2656512193209,145
"{PULPE DE PUI SUPERIOARE REFR.VRAC SZEKELY CSURKE} => {CARNE TOCATA PORC VRAC}",0.000410039429153803,0.126605504587156,0.0032387172302728,4.2384822824352,138
"{PULPE DE PUI SUPERIOARE REFR.VRAC SZEKELY CSURKE} => {_MORCOVI}",0.000475408033801511,0.146788990825688,0.0032387172302728,3.49998407576038,160
"{PULPE DE PUI SUPERIOARE REFR.VRAC SZEKELY CSURKE} => {_BANANE}",0.000407068128942544,0.125688073394495,0.0032387172302728,1.3690432443892,137
"{PARIZER SECUIESC MAXI BENEDEK} => {PAINE CU CARTOFI FELII BACHUS 1.2 KG}",0.000398154228308766,0.120938628158845,0.00329220063407547,1.62095810922914,134
"{PARIZER SECUIESC MAXI BENEDEK} => {_BANANE}",0.000433809830843879,0.131768953068592,0.00329220063407546,1.43527854431011,146
"{MUSCHI FILE ELIT} => {_BANANE}",0.000418953329787582,0.123575810692375,0.00339025354104703,1.34603565978222,141
"{KINDER OUA CIOCOLATA 20G} => {_BANANE}",0.000511063636336625,0.13596837944664,0.0037586947672432,1.48102032519597,172
"{BRANZA GOUDA CALUP MLEKOVITA} => {_BANANE}",0.000365469925984912,0.106217616580311,0.00344076564463844,1.15696347701966,123
"{CONSERVA MAZARE VERDE GREEN PEAS 400G} => {_PATRUNJEL RADACINA KG}",0.000359527325562393,0.103418803418803,0.00347642124717355,4.52083498467444,121
"{CONSERVA MAZARE VERDE GREEN PEAS 400G} => {_MORCOVI}",0.000561575739928035,0.161538461538462,0.00347642124717355,3.85166516798823,189
"{CONSERVA MAZARE VERDE GREEN PEAS 400G} => {_BANANE}",0.000415982029576322,0.11965811965812,0.00347642124717355,1.30336264953392,140
"{PAINE CU MULTISEMINTE DOBOI 500G} => {CORN RIP-ROP 100G}",0.000511063636336625,0.127031019202363,0.00402314048604529,7.79873597329679,172
"{PAINE CU MULTISEMINTE DOBOI 500G} => {LAPTE DE CONSUM 1.5% GRASIME FRISS CUTIE 1L}",0.000472436733590252,0.117429837518464,0.00402314048604529,4.11938337568809,159
"{PAINE CU MULTISEMINTE DOBOI 500G} => {APA MINERALA NATURALA CARBOGAZIFICATA CONTINUT REDUS CO2 TUSNAD 2L}",0.000418953329787582,0.104135893648449,0.00402314048604529,1.94501622815175,141
"{PAINE CU MULTISEMINTE DOBOI 500G} => {PAINE DE CASA PE FOI DE VARZA RIP-ROP 1KG}",0.000410039429153803,0.10192023633678,0.00402314048604529,1.74696008657256,138
"{PAINE CU MULTISEMINTE DOBOI 500G} => {_BANANE}",0.000585346141618111,0.145494830132939,0.00402314048604529,1.58478612097,197
"{GOBE PAINE ALBA DE CASA CU CARTOFI KG} => {_BANANE}",0.000659628646899597,0.124300111982083,0.00530674217730937,1.35392503035491,222
"{ELAN UNT 60% GRASIME 200G} => {_BANANE}",0.000888418763166574,0.257981018119068,0.0034437369448497,2.81002930904999,299
"{CORN CU CASCAVAL PANOS 80G} => {CORN RIP-ROP 100G}",0.000546719238871738,0.111044055522028,0.0049234444500569,6.81725830319318,184
"{CORN CU CASCAVAL PANOS 80G} => {_BANANE}",0.000677456448167153,0.137598068799034,0.0049234444500569,1.49877153370838,228
"{_VARZA NOUA} => {_MORCOVI}",0.000472436733590252,0.113815318539728,0.00415090639512945,2.71377165430401,159
"{_VARZA NOUA} => {_BANANE}",0.0005348340380267,0.128847530422334,0.00415090639512945,1.40345727575337,180
"{PUFULETI GUSTO 45G} => {_BANANE}",0.000730939851969823,0.171309192200557,0.00426678710336856,1.86596616488686,246
"{_ROSII ROZE VRAC} => {_ARDEI GRAS ROMANIA}",0.000377355126829949,0.10087370929309,0.00374086696597564,11.3315585726693,127
"{_ROSII ROZE VRAC} => {_CASTRAVETI CORNISON}",0.000421924629998841,0.112787926926132,0.00374086696597564,9.62696301566585,142
"{_ROSII ROZE VRAC} => {PAINE CU CARTOFI FELII BACHUS 1.2 KG}",0.000380326427041209,0.101667990468626,0.00374086696597564,1.36267093573028,128
"{_ROSII ROZE VRAC} => {_BANANE}",0.000525920137392922,0.140587768069897,0.00374086696597564,1.53133649774186,177
"{ELAN PIPER MACINAT 50G} => {_BANANE}",0.000389240327674987,0.117383512544803,0.00331597103576554,1.2785867466338,131
"{MELCI PIZZA RIP-ROP 120G} => {COVRIG CU SALAM RIP-ROP 100G}",0.00053780533823796,0.105477855477855,0.00509875116252121,18.0472235356577,181
"{MELCI PIZZA RIP-ROP 120G} => {_BANANE}",0.000570489640561813,0.111888111888112,0.00509875116252121,1.2187287112525,192
"{DANONE IAURT DELICIOS BISCUITI 125G} => {_BANANE}",0.000823050158518866,0.243409490333919,0.00338133964041325,2.65131057674773,277
"{_ARDEI CAPIA GALBEN} => {_ARDEI ROSU CAPIA}",0.000505121035914106,0.144312393887946,0.00350019164886363,7.74621516749119,170
"{_ARDEI CAPIA GALBEN} => {_PATRUNJEL RADACINA KG}",0.000392211627886247,0.112054329371817,0.00350019164886363,4.89832714808066,132
"{_ARDEI CAPIA GALBEN} => {_MORCOVI}",0.000635858245209521,0.181663837011885,0.00350019164886363,4.33152740615379,214
"{_ARDEI CAPIA GALBEN} => {PAINE CU CARTOFI FELII BACHUS 1.2 KG}",0.000350613424928615,0.100169779286927,0.00350019164886363,1.34259019228806,118
"{_ARDEI CAPIA GALBEN} => {_BANANE}",0.000505121035914106,0.144312393887946,0.00350019164886363,1.57190656677357,170
"{CREMWURSTI PASARE CAROLI} => {_BANANE}",0.000418953329787582,0.112350597609562,0.0037289817651306,1.22376628510877,141
"{PULPE DE PUI INFERIOARE REFR.VRAC SZEKELY CSURKE} => {CARNE TOCATA PORC VRAC}",0.000466494133167733,0.134188034188034,0.00347642124717355,4.49232920223669,157
"{PULPE DE PUI INFERIOARE REFR.VRAC SZEKELY CSURKE} => {_MORCOVI}",0.000442723731477657,0.127350427350427,0.00347642124717355,3.03649793666797,149
"{PULPE DE PUI INFERIOARE REFR.VRAC SZEKELY CSURKE} => {_BANANE}",0.000442723731477657,0.127350427350427,0.00347642124717355,1.38715024843253,149
"{ELAN PARIZER GROS DE PUI} => {PAINE CU CARTOFI FELII BACHUS 1.2 KG}",0.000344670824506096,0.102928127772848,0.00334865533808939,1.37956074019655,116
"{ELAN PARIZER GROS DE PUI} => {_BANANE}",0.000380326427041209,0.11357586512866,0.00334865533808939,1.23711237415515,128
"{_GRAPEFRUIT ROSU^2 A nu se consuma coaja} => {_LAMAIE^2 A nu se consuma coaja}",0.000540776638449219,0.145483613109512,0.00371709656428557,5.44819700042792,182
"{_GRAPEFRUIT ROSU^2 A nu se consuma coaja} => {_BANANE}",0.000989442970349395,0.266187050359712,0.00371709656428557,2.89941259498065,333
"{AMESTEC DE LEGUME HAJDU CONG.AGROSPRINT 400G} => {CARNE TOCATA PORC VRAC}",0.00059128874204063,0.171403962101637,0.00344967954527222,5.73823909849717,199
"{AMESTEC DE LEGUME HAJDU CONG.AGROSPRINT 400G} => {_MORCOVI}",0.000502149735702846,0.145564168819983,0.00344967954527222,3.47077985893529,169
"{AMESTEC DE LEGUME HAJDU CONG.AGROSPRINT 400G} => {_BANANE}",0.000415982029576322,0.120585701981051,0.00344967954527222,1.31346623596442,140
"{FRANZELA CU SEMINTE RIP-ROP 300G} => {_BANANE}",0.000626944344575743,0.139827700463883,0.0044836920187905,1.52305754657976,211
"{_SALATA VERDE BUC} => {_CASTRAVETI FABIO}",0.000418953329787582,0.110588235294118,0.00378840776935579,14.2219344107532,141
"{_SALATA VERDE BUC} => {PAINE CU CARTOFI FELII BACHUS 1.2 KG}",0.000472436733590252,0.124705882352941,0.00378840776935579,1.67145116780284,159
"{_SALATA VERDE BUC} => {_BANANE}",0.000522948837181662,0.138039215686275,0.00378840776935579,1.50357667670602,176
"{_RIDICHI ROSU LEGATURA} => {PAINE CU CARTOFI FELII BACHUS 1.2 KG}",0.000398154228308766,0.11336717428088,0.00351207684970866,1.51947680628248,134
"{_RIDICHI ROSU LEGATURA} => {_BANANE}",0.000615059143730705,0.175126903553299,0.00351207684970866,1.90755015766631,207
"{KINDER BUENO 43G} => {FRANZELA ALBA COUNTRY 1KG}",0.00048135063422403,0.109164420485175,0.00440940951350902,4.91894674086855,162
"{KINDER BUENO 43G} => {PAINE DE CASA PE FOI DE VARZA RIP-ROP 1KG}",0.000475408033801511,0.107816711590297,0.00440940951350902,1.84802840518712,160
"{KINDER BUENO 43G} => {_BANANE}",0.000621001744153224,0.140835579514825,0.00440940951350902,1.53403575611537,209
"{_GHIMBIR} => {_LAMAIE^2 A nu se consuma coaja}",0.00150050660668602,0.379413974455297,0.00395480058118632,14.2086248297378,505
"{_GHIMBIR} => {_BANANE}",0.000849791860420201,0.214876033057851,0.00395480058118632,2.34051309320082,286
"{_VINETE} => {_BANANE}",0.00048432193443529,0.109543010752688,0.00442129471435405,1.193184960122,163
"{_CONOPIDA} => {_TELINA}",0.000442723731477657,0.115057915057915,0.00384783377358098,5.49419501794644,149
"{_CONOPIDA} => {_PATRUNJEL RADACINA KG}",0.000493235835069068,0.128185328185328,0.00384783377358098,5.60347535481969,166
"{_CONOPIDA} => {_MORCOVI}",0.000900303964011612,0.233976833976834,0.00384783377358098,5.57885975241979,303
"{_CONOPIDA} => {_BANANE}",0.00058831744182937,0.152895752895753,0.00384783377358098,1.66539984220093,198
"{_PRUNE} => {_BANANE}",0.000674485147955894,0.145512820512821,0.00463522832956473,1.58498207916536,227
"{CALTABOS VRAC} => {CARNE TOCATA PORC VRAC}",0.000487293234646549,0.132364810330912,0.00368144096175045,4.43129155588376,164
"{CALTABOS VRAC} => {PAINE DE CASA PE FOI DE VARZA RIP-ROP 1KG}",0.000421924629998841,0.114608555286521,0.00368144096175045,1.96444375387546,142
"{CALTABOS VRAC} => {_BANANE}",0.000451637632111436,0.122679580306699,0.00368144096175045,1.33627357081236,152
"{MAGAZIN DE RECLAMA SI PUBLICITATE HETI HIRDETO} => {SZEKELYHON}",0.000754710253659899,0.124815724815725,0.00604659592991297,7.96192316791255,254
"{PAINE DE CASA CU CARTOFI DOBOI KG} => {_BANANE}",0.000722025951336045,0.136440202133633,0.00529188567625307,1.48615960090234,243
"{COVRIGI RIP-ROP 100G} => {CORN RIP-ROP 100G}",0.00090921786464539,0.146341463414634,0.0062129887417435,8.98425000667373,306
"{COVRIGI RIP-ROP 100G} => {_BANANE}",0.000823050158518866,0.1324725011956,0.0062129887417435,1.44294186338542,277
"{PASTA DE TON HAME 100G} => {PAINE CU CARTOFI FELII BACHUS 1.2 KG}",0.00043083853063262,0.121542330259849,0.00354476115203252,1.62904961672413,145
"{PASTA DE TON HAME 100G} => {_BANANE}",0.000623973044364483,0.176026823134954,0.00354476115203252,1.91735243078964,210
"{COVRIG CU SALAM RIP-ROP 100G} => {SZEKELYHON}",0.00069825554964597,0.119471276054906,0.00584454751554733,7.62100386089969,235
"{COVRIG CU SALAM RIP-ROP 100G} => {_BANANE}",0.000680427748378413,0.11642094560244,0.00584454751554733,1.26810209415943,229
"{ZAHAR CRISTAL KORONAS 1KG} => {_BANANE}",0.000558604439716776,0.131560531840448,0.00424598800188975,1.43300833945557,188
"{SALAM DE CASA AFUMAT GASTRO BERKE} => {PAINE CU CARTOFI FELII BACHUS 1.2 KG}",0.000466494133167733,0.116296296296296,0.00401125528520025,1.55873625676652,157
"{SALAM DE CASA AFUMAT GASTRO BERKE} => {_BANANE}",0.000564547040139295,0.140740740740741,0.00401125528520025,1.53300273540419,190
"{_ROSII PRUNISOR} => {_ARDEI GRAS ROMANIA}",0.000552661839294257,0.129256428075052,0.00427570100400234,14.5199060874309,186
"{_ROSII PRUNISOR} => {_CASTRAVETI CORNISON}",0.000442723731477657,0.103544127866574,0.00427570100400234,8.83796268472713,149
"{_ROSII PRUNISOR} => {_BANANE}",0.000594260042251889,0.138985406532314,0.00427570100400234,1.51388295438766,200
"{ULEI UNISOL 1L} => {_BANANE}",0.00048135063422403,0.116295764536971,0.00413902119428441,1.266738573442,162
"{PAINE ALBA SECUIASCA CU CARTOFI FEL.HARMOPAN 500G} => {_BANANE}",0.000692312949223451,0.122053431115767,0.00567221210329428,1.32945331096851,233
"{_PIERSICI} => {_BANANE}",0.000983500369926876,0.188496583143508,0.00521760317097159,2.05317789328426,331
"{SLANINA AFUMATA MAESTRO} => {CARNE TOCATA PORC VRAC}",0.000505121035914106,0.106051154086089,0.00476299423864889,3.5503664638551,170
"{SLANINA AFUMATA MAESTRO} => {_BANANE}",0.000511063636336625,0.107298814722396,0.00476299423864889,1.16874030653332,172
"{CORN CU SUSAN RIP-ROP 150G} => {CORN RIP-ROP 100G}",0.000992414270560655,0.17014773306164,0.00583266231470229,10.4457734412795,334
"{CORN CU SUSAN RIP-ROP 150G} => {FRANZELA ALBA BACHUS 1KG}",0.000760652854082418,0.130412633723892,0.00583266231470229,5.4441532023911,256
"{DR.OETKER PRAF DE COPT 10G} => {DR.OETKER ZAHAR VANILINAT 8G}",0.00144108060246083,0.400495458298927,0.00359824455583519,91.5678994408143,485
"{DR.OETKER ZAHAR VANILINAT 8G} => {DR.OETKER PRAF DE COPT 10G}",0.00144108060246083,0.329483695652174,0.0043737539109739,91.5678994408143,485
"{DR.OETKER PRAF DE COPT 10G} => {GRASIME VEGETALA TARTINABILA CU 70% GRASIME RAMA 250G}",0.000365469925984912,0.101568951279934,0.00359824455583519,14.8172237798507,123
"{DR.OETKER PRAF DE COPT 10G} => {_LAMAIE^2 A nu se consuma coaja}",0.00037438382661869,0.104046242774566,0.00359824455583519,3.89641428112926,126
"{DR.OETKER PRAF DE COPT 10G} => {_BANANE}",0.000466494133167733,0.129644921552436,0.00359824455583519,1.41214276921603,157
"{CAFEA JACOBS KRONUNG 500G} => {_BANANE}",0.00064180084563204,0.120133481646274,0.00534239777984448,1.30854047668128,216
"{_ROSII CHERRY CASEROLA 500G} => {_CASTRAVETI FABIO}",0.000502149735702846,0.124815361890694,0.00402314048604529,16.0515798587691,169
"{_ROSII CHERRY CASEROLA 500G} => {_ARDEI ROSU CAPIA}",0.000514034936547884,0.127769571639586,0.00402314048604529,6.8582508204175,173
"{_ROSII CHERRY CASEROLA 500G} => {_BANANE}",0.000766595454504937,0.190546528803545,0.00402314048604529,2.07550669649879,258
"{_PEPENE VERDE} => {_BANANE}",0.000668542547533375,0.106483672503549,0.00627835734639121,1.15986146132718,225
"{FRANZELA GRAHAM FELIATA HARMOPAN 400G} => {_BANANE}",0.000820078858307607,0.143302180685358,0.00572272420688569,1.56090293275291,276
"{PARIZER PASARE CAROLI} => {CARNE TOCATA PORC VRAC}",0.000457580232533955,0.10562414266118,0.00433215570801627,3.53607103203502,154
"{PARIZER PASARE CAROLI} => {_BANANE}",0.0006447721458433,0.14883401920439,0.00433215570801627,1.62115786346349,217
"{PAINE ALBA CU FAINA DE SECARA BRUTARIA SANDOR 500G} => {_BANANE}",0.00126280258978526,0.176348547717842,0.00716083350913526,1.92085677972953,425
"{MUSTAR DE MASA LA MINUT 300G} => {PAINE CU CARTOFI FELII BACHUS 1.2 KG}",0.00048432193443529,0.105025773195876,0.00461145792787466,1.40767578838677,163
"{MUSTAR DE MASA LA MINUT 300G} => {_BANANE}",0.000594260042251889,0.128865979381443,0.00461145792787466,1.40365822897155,200
"{_NECTARINE} => {_BANANE}",0.00126874519020778,0.243166287015945,0.00521760317097159,2.6486615118803,427
"{DR.OETKER BUDINCA VANILIE 40G} => {_BANANE}",0.000585346141618111,0.141828653707703,0.00412713599343937,1.54485270539481,197
"{_STRUGURI ALBI} => {PAINE CU CARTOFI FELII BACHUS 1.2 KG}",0.000555633139505516,0.103030303030303,0.00539290988343589,1.38093021010584,187
"{_STRUGURI ALBI} => {_BANANE}",0.00103995507394081,0.192837465564738,0.00539290988343589,2.10046046825715,350
"{SUNCA DE PORC SISSI GASTRO CAROLI} => {PAINE CU CARTOFI FELII BACHUS 1.2 KG}",0.000451637632111436,0.106966924700915,0.00422221760019967,1.4336933257215,152
"{SUNCA DE PORC SISSI GASTRO CAROLI} => {_BANANE}",0.000701226849857229,0.166080225193526,0.00422221760019967,1.80901022815576,236
"{SUNCA PRAGA CAROLI} => {_BANANE}",0.000582374841406851,0.123425692695214,0.00471842473548,1.34440051633285,196
"{PAINE TRADITIONALA CU CARTOFI FEL.BOCSKOR 0.6KG} => {_BANANE}",0.000811164957673828,0.122751798561151,0.00660817166984101,1.3370602000502,273
"{_CARTOFI NOI} => {_MORCOVI}",0.000793337156406272,0.134508816120907,0.00589803091935,3.20717999234428,267
"{_CARTOFI NOI} => {_BANANE}",0.000727968551758564,0.123425692695214,0.00589803091935,1.34440051633285,245
"{_KIWI KG} => {_PORTOCALE^2 A nu se consuma coaja}",0.000505121035914106,0.108904548366432,0.00463819962977599,13.0900544522742,170
"{_KIWI KG} => {_MANDARINE^2 A nu se consuma coaja}",0.000490264534857808,0.105701473414478,0.00463819962977599,10.8160985047318,165
"{_KIWI KG} => {_LAMAIE^2 A nu se consuma coaja}",0.000531862737815441,0.114670083279949,0.00463819962977599,4.29426510939319,179
"{_KIWI KG} => {_BANANE}",0.0019491729385862,0.420243433696348,0.00463819962977599,4.57745447410212,656
"{SARE IODATA DE MASA VERITABIL 1KG} => {_BANANE}",0.000582374841406851,0.10475681453768,0.00555930269526642,1.14105185458929,196
"{CORN CU LAPTE RIP-ROP 100G} => {CORN RIP-ROP 100G}",0.0010548115749971,0.155293088363955,0.00679239228293909,9.53381152282999,355
"{CORN CU LAPTE RIP-ROP 100G} => {_BANANE}",0.00102212727267325,0.150481189851269,0.00679239228293909,1.63909948501566,344
"{CASCAVAL TRAPPIST 40% AMMERLAND} => {PAINE CU CARTOFI FELII BACHUS 1.2 KG}",0.00053780533823796,0.103251568739304,0.00520868927033781,1.38389586674309,181
"{CASCAVAL TRAPPIST 40% AMMERLAND} => {_BANANE}",0.000653686046477078,0.125499144324016,0.00520868927033781,1.36698535567611,220
"{PESMET 350G COUNTRY} => {_BANANE}",0.000662599947110856,0.134256472004816,0.00493532965090194,1.46237356536465,223
"{APA MINERALA NATURALA CARBO.TIVA HARGHITA 2.5L} => {PAINE CU CARTOFI FELII BACHUS 1.2 KG}",0.00090921786464539,0.121380404601349,0.00749064783258506,1.6268793034567,306
"{CEAFA DE PORC FARA OS} => {COTLET PORC FARA OS}",0.000778480655349975,0.1414686825054,0.00550284799125249,9.91497490696371,262
"{CEAFA DE PORC FARA OS} => {CARNE TOCATA PORC VRAC}",0.000710140750491007,0.129049676025918,0.00550284799125249,4.32030792952857,239
"{CEAFA DE PORC FARA OS} => {_BANANE}",0.000603173942885667,0.109611231101512,0.00550284799125249,1.19392804262111,203
"{DR.OETKER ZAHAR VANILINAT 8G} => {_LAMAIE^2 A nu se consuma coaja}",0.000442723731477657,0.101222826086957,0.0043737539109739,3.7906805149709,149
"{DR.OETKER ZAHAR VANILINAT 8G} => {_BANANE}",0.000567518340350554,0.129755434782609,0.0043737539109739,1.41334652218238,191
"{ULEI KUNSAGI EDEN 1L} => {PAINE CU CARTOFI FELII BACHUS 1.2 KG}",0.000594260042251889,0.111049416990561,0.00535131168047826,1.48841156656409,200
"{ULEI KUNSAGI EDEN 1L} => {_BANANE}",0.000671513847744635,0.125485841199334,0.00535131168047826,1.36684045288237,226
"{GOBE BATON LAPTE 100G} => {PAINE DE CASA PE FOI DE VARZA RIP-ROP 1KG}",0.00080225105704005,0.114213197969543,0.00702415369941733,1.9576671462309,270
"{GOBE BATON LAPTE 100G} => {PAINE CU CARTOFI FELII BACHUS 1.2 KG}",0.00085573446084272,0.121827411167513,0.00702415369941733,1.63287059779609,288
"{GOBE BATON LAPTE 100G} => {_BANANE}",0.000757681553871159,0.107868020304569,0.00702415369941733,1.17494031450461,255
"{PATE PORC BUCEGI 120G} => {PAINE CU CARTOFI FELII BACHUS 1.2 KG}",0.0006447721458433,0.12122905027933,0.00531862737815441,1.6248506793572,217
"{PATE PORC BUCEGI 120G} => {_BANANE}",0.000763624154293677,0.143575418994413,0.00531862737815441,1.56387915039248,257
"{SANA 3.6% FRISS 900G} => {_BANANE}",0.000974586469293098,0.147019273868221,0.00662897077131982,1.60139095340058,328
"{CREMWURSTI DE PUI CRISTUR} => {PAINE CU CARTOFI FELII BACHUS 1.2 KG}",0.000638829545420781,0.105859182668636,0.00603471072906793,1.41884609735872,215
"{CREMWURSTI DE PUI CRISTUR} => {_BANANE}",0.000956758668025541,0.158542589857213,0.00603471072906793,1.72690738054938,322
"{ELAN FRANZELA ALBA FELIATA 700G} => {_BANANE}",0.000953787367814282,0.118581455485778,0.00804330967187932,1.29163520577723,321
"{BERE CIUC PREMIUM DOZA 500ML} => {BERE GOLDEN BRAU DOZA 500ML}",0.000796308456617531,0.103355187042036,0.00770458144779574,8.61642265656637,268
"{BERE CIUC PREMIUM DOZA 500ML} => {APA MINERALA NATURALA CARBOGAZOASA PERLA HARGHITEI  2L}",0.000849791860420201,0.110296953335904,0.00770458144779574,5.51735590607292,286
"{BERE CIUC PREMIUM DOZA 500ML} => {_BANANE}",0.000787394555983753,0.102198225993058,0.00770458144779574,1.11318271579525,265
"{LAPTE DE CONSUM 1.5% CUTIE KERESZTURI 1L} => {_BANANE}",0.000932988266335466,0.134245404018811,0.00694987119413584,1.46225300856829,314
"{_CEAPA ROSIE} => {_CEAPA GALBENA}",0.00105184027478584,0.169865642994242,0.00619218964026468,9.23865412841646,354
"{_CEAPA ROSIE} => {_MORCOVI}",0.000736882452392342,0.119001919385797,0.00619218964026468,2.83743910556486,248
"{_CEAPA ROSIE} => {_BANANE}",0.000820078858307607,0.132437619961612,0.00619218964026468,1.4425619234559,276
"{CREMA DE UNT CU SMANTANA GORDON 125G} => {BRANZA TOPITA CU SMANTANA GORDON 125G}",0.000528891437604181,0.101424501424501,0.00521463187076033,16.8983763504556,178
"{CREMA DE UNT CU SMANTANA GORDON 125G} => {PAINE CU CARTOFI FELII BACHUS 1.2 KG}",0.000585346141618111,0.112250712250712,0.00521463187076033,1.5045127025135,197
"{CREMA DE UNT CU SMANTANA GORDON 125G} => {_BANANE}",0.00112315147985607,0.215384615384615,0.00521463187076033,2.34605276916106,378
"{SPATE PORC FARA OS} => {CARNE TOCATA PORC VRAC}",0.000870590961899017,0.118336025848142,0.00735693932307839,3.9616377705431,293
"{SPATE PORC FARA OS} => {_MORCOVI}",0.00080522235725131,0.109450726978998,0.00735693932307839,2.6097038977657,271
"{APA MINERALA NATURALA CARBOGAZIFICATA TUSNAD 2L} => {FRANZELA ALBA BACHUS 1KG}",0.00101915597246199,0.106455617628802,0.00957352928067793,4.44405327211935,343
"{APA MINERALA NATURALA CARBOGAZIFICATA TUSNAD 2L} => {APA MINERALA NATURALA CARBOGAZIFICATA CONTINUT REDUS CO2 TUSNAD 2L}",0.00148862140584098,0.155493482309125,0.00957352928067793,2.90425650433336,501
"{APA MINERALA NATURALA PLATA PERLA HARGHITEI 2L ROZ} => {_BANANE}",0.00126577388999652,0.122343480758185,0.0103460673356054,1.33261264417145,426
"{GOBE 10 OUA PROASPETE L} => {_BANANE}",0.000980529069715617,0.142487046632124,0.00688153128927687,1.55202417648978,330
"{GOBE 6  L OUA PROASPETE} => {_BANANE}",0.00106372547563088,0.155787641427328,0.0068280478854742,1.69689941372553,358
"{_CIUPERCI} => {_MORCOVI}",0.000778480655349975,0.115418502202643,0.00674485147955894,2.75199739084705,262
"{_CIUPERCI} => {_BANANE}",0.00104886897457458,0.155506607929515,0.00674485147955894,1.6938382878666,353
"{_STRUGURI NEGRI} => {_BANANE}",0.00159261691323506,0.203261281759575,0.00783531865709116,2.21400071719951,536
"{BRANZA TOPITA CU SMANTANA GORDON 125G} => {PAINE CU CARTOFI FELII BACHUS 1.2 KG}",0.000947844767391763,0.157920792079208,0.00600202642674408,2.11663545745255,319
"{BRANZA TOPITA CU SMANTANA GORDON 125G} => {_BANANE}",0.000897332663800352,0.149504950495049,0.00600202642674408,1.62846590730663,302
"{SMANTANA 20% GRASIME FRISS 170G} => {_BANANE}",0.000876533562321536,0.113243761996161,0.00774023705033085,1.23349497802751,295
"{_ARDEI IUTE} => {_ARDEI ROSU CAPIA}",0.000820078858307607,0.118353344768439,0.00692907209265703,6.35281869886005,276
"{_ARDEI IUTE} => {_MORCOVI}",0.000944873467180504,0.136363636363636,0.00692907209265703,3.25140566128876,318
"{_ARDEI IUTE} => {_BANANE}",0.000953787367814282,0.137650085763293,0.00692907209265702,1.49933812265822,321
"{GRASIME VEGETALA TARTINABILA CU 70% GRASIME RAMA 250G} => {DROJDIE PROASPATA BUDAFOK 50G}",0.00069825554964597,0.101863892501084,0.00685478958737554,12.9760025029967,235
"{GRASIME VEGETALA TARTINABILA CU 70% GRASIME RAMA 250G} => {_BANANE}",0.000781451955561234,0.114000866926745,0.00685478958737554,1.24174165857974,263
"{FAINA BANEASA TIP 000 1KG} => {_BANANE}",0.000900303964011612,0.142588235294118,0.00631401294892632,1.55312636264293,303
"{KAIZER PROMO} => {CARNE TOCATA PORC VRAC}",0.00106075417541962,0.151143099068586,0.00701821109899481,5.05994861442652,357
"{KAIZER PROMO} => {_BANANE}",0.000799279756828791,0.113886536833192,0.00701821109899481,1.24049633085706,269
"{PALL MALL BLUE} => {APA MINERALA NATURALA DECARBOGAZIFICATA PARTIAL PERLA HARGHITEI 2L}",0.00126874519020778,0.105771612583602,0.0119951389528544,9.23178255442139,427
"{APA MINERALA NATURALA DECARBOGAZIFICATA PARTIAL PERLA HARGHITEI 2L} => {PALL MALL BLUE}",0.00126874519020778,0.110736514522822,0.0114573336146164,9.23178255442139,427
"{PALL MALL BLUE} => {PAINE DE CASA PE FOI DE VARZA RIP-ROP 1KG}",0.00128360169126408,0.107010156056478,0.0119951389528544,1.83420366953276,432
"{PALL MALL BLUE} => {PAINE CU CARTOFI FELII BACHUS 1.2 KG}",0.00131628599358793,0.109734951696805,0.0119951389528544,1.47079359611369,443
"{PULPE PUI CU SPATE REFR.VRAC SZEKELY CSURKE} => {CARNE TOCATA PORC VRAC}",0.00111720887943355,0.135106000718649,0.00826912848793503,4.52306076393748,376
"{PULPE PUI CU SPATE REFR.VRAC SZEKELY CSURKE} => {_MORCOVI}",0.00119743398513756,0.144807761408552,0.00826912848793503,3.452744351777,403
"{PULPE PUI CU SPATE REFR.VRAC SZEKELY CSURKE} => {_BANANE}",0.000983500369926876,0.118936399568811,0.00826912848793503,1.29550139439711,331
"{_VARZA ALBA} => {_MORCOVI}",0.00121526178640511,0.13423039054808,0.00905355174370753,3.20054131279688,409
"{APA MINERALA NATURALA DECARBOGAZIFICATA PARTIAL PERLA HARGHITEI 2L} => {_BANANE}",0.00128657299147534,0.112292531120332,0.0114573336146164,1.2231338023866,433
"{_ROSII CHERRY VRAC} => {_ARDEI ROSU CAPIA}",0.00104589767436332,0.135280553420446,0.00773132314969708,7.26141564518521,352
"{_ROSII CHERRY VRAC} => {_BANANE}",0.0014945640062635,0.193312836279785,0.00773132314969708,2.10563839046121,503
"{DROJDIE PROASPATA BUDAFOK 50G} => {_BANANE}",0.000817107558096347,0.104087812263437,0.00785017515814745,1.13376482234114,275
"{_PORTOCALE^2 A nu se consuma coaja} => {_LAMAIE^2 A nu se consuma coaja}",0.00114989318175741,0.138214285714286,0.00831964059152645,5.17596889952153,387
"{_PORTOCALE^2 A nu se consuma coaja} => {_BANANE}",0.00288513250513292,0.346785714285714,0.00831964059152645,3.77732450320409,971
"{FAINA BL-55 GYERMELYI 1KG} => {_BANANE}",0.00103995507394081,0.126080691642651,0.00824832938645622,1.37331979462778,350
"{OUA PROASPETE M DIN GHEORGHENI 1*10} => {PAINE CU CARTOFI FELII BACHUS 1.2 KG}",0.00106669677584214,0.134005225830534,0.00796011326596405,1.79609162759632,359
"{OUA PROASPETE M DIN GHEORGHENI 1*10} => {_BANANE}",0.00112909408027859,0.141843971631206,0.00796011326596405,1.54501955415875,380
"{PULPE PORC FARA OS} => {CARNE TOCATA PORC VRAC}",0.0012746877906303,0.149425287356322,0.00853060290652587,5.0024399418713,429
"{PULPE PORC FARA OS} => {_MORCOVI}",0.00111423757922229,0.130616509926855,0.00853060290652587,3.11437323878234,375
"{PULPE PORC FARA OS} => {_BANANE}",0.000918131765279168,0.107628004179728,0.00853060290652587,1.17232596578096,309
"{BERE GOLDEN BRAU DOZA 500ML} => {PAINE CU CARTOFI FELII BACHUS 1.2 KG}",0.00129251559189786,0.107753282140203,0.0119951389528544,1.44423298941186,435
"{PARIZER CRISTUR} => {PAINE CU CARTOFI FELII BACHUS 1.2 KG}",0.00110532367858851,0.136263736263736,0.00811164957673829,1.82636277302944,372
"{PARIZER CRISTUR} => {_BANANE}",0.00123606088788393,0.152380952380952,0.00811164957673828,1.65979243532483,416
"{_ROSII DE GRADINA ROMANIA} => {_CASTRAVETI CORNISON}",0.00135194159612305,0.14344262295082,0.00942496427011496,12.2434808729311,455
"{_CASTRAVETI CORNISON} => {_ROSII DE GRADINA ROMANIA}",0.00135194159612305,0.115394369769211,0.011715836732996,12.2434808729311,455
"{_ROSII DE GRADINA ROMANIA} => {_BANANE}",0.0015242770083761,0.161727616645649,0.00942496427011496,1.76159992766338,513
"{PALL MALL S-LINE FLOW BLUE/PURPLE} => {PAINE CU CARTOFI FELII BACHUS 1.2 KG}",0.00142028150098201,0.108834244080146,0.0130499505278515,1.45872128028297,478
"{_ARDEI GRAS ROMANIA} => {_ROSII VRAC}",0.000989442970349395,0.111148197596796,0.0089020154329333,7.29470736072434,333
"{_ARDEI GRAS ROMANIA} => {_CEAPA GALBENA}",0.000894361363589093,0.100467289719626,0.0089020154329333,5.46421586247727,301
"{_ARDEI GRAS ROMANIA} => {CARNE TOCATA PORC VRAC}",0.00101618467225073,0.11415220293725,0.0089020154329333,3.82157230231177,342
"{_ARDEI GRAS ROMANIA} => {_MORCOVI}",0.00118257748408126,0.132843791722296,0.0089020154329333,3.16747974746823,398
"{_ARDEI GRAS ROMANIA} => {_BANANE}",0.00107561067647592,0.120827770360481,0.0089020154329333,1.31610293864104,362
"{SANA 3.6% PET FRISS 330G} => {CORN RIP-ROP 100G}",0.00118554878429252,0.113642836798633,0.0104322350417319,6.97680365798801,399
"{SANA 3.6% PET FRISS 330G} => {_BANANE}",0.00176198102527685,0.168897749928795,0.0104322350417319,1.8396998003685,593
"{_CASTRAVETI FABIO} => {_ROSII VRAC}",0.00112909408027859,0.145204432556362,0.00777589265286597,9.52983373442695,380
"{_CASTRAVETI FABIO} => {_ARDEI ROSU CAPIA}",0.00125388868915149,0.161253343523118,0.00777589265286597,8.65554968464688,422
"{_CASTRAVETI FABIO} => {PAINE CU CARTOFI FELII BACHUS 1.2 KG}",0.00096270126844806,0.123805884600688,0.00777589265286597,1.6593883663885,324
"{_CASTRAVETI FABIO} => {_BANANE}",0.00146485100415091,0.188383645395491,0.00777589265286597,2.05194773152918,493
"{_ARDEI ROSU CALIFORNIA} => {_ROSII VRAC}",0.0010548115749971,0.122879889235029,0.00858408631032854,8.06466368208207,355
"{_ARDEI ROSU CALIFORNIA} => {_MORCOVI}",0.00100727077161695,0.117341640706127,0.00858408631032854,2.79785201590996,339
"{_ARDEI ROSU CALIFORNIA} => {PAINE CU CARTOFI FELII BACHUS 1.2 KG}",0.00090921786464539,0.105919003115265,0.00858408631032854,1.41964787954806,306
"{_ARDEI ROSU CALIFORNIA} => {_BANANE}",0.0015242770083761,0.177570093457944,0.00858408631032854,1.93416232971556,513
"{_PORTOCALE PLASA BUC^2 A nu se consuma coaja} => {_BANANE}",0.00294752980956937,0.301794949802251,0.00976666379440979,3.28726764647541,992
"{_MANDARINE^2 A nu se consuma coaja} => {_BANANE}",0.00303964011611841,0.311036789297659,0.00977260639483231,3.38793334676985,1023
"{UNT 65% GRASIME FRISS 180G} => {_BANANE}",0.0015896456130238,0.162762397322787,0.00976666379440979,1.77287116014551,535
"{DANONE ACTIVIA NATUR 125G} => {PAINE CU CARTOFI FELII BACHUS 1.2 KG}",0.00144108060246083,0.125810635538262,0.0114543623144052,1.68625833621301,485
"{DANONE ACTIVIA NATUR 125G} => {_BANANE}",0.00216904915421939,0.189364461738003,0.0114543623144052,2.06263116354813,730
"{PASTE ATA PAIANJENULUI CU 8 OUA GYERMELYI 250G} => {_TELINA}",0.00169066982020662,0.156147091108672,0.0108274179698294,7.45626730333383,569
"{PASTE ATA PAIANJENULUI CU 8 OUA GYERMELYI 250G} => {_PATRUNJEL RADACINA KG}",0.00181249312886826,0.167398463227223,0.0108274179698294,7.31763280874289,610
"{PASTE ATA PAIANJENULUI CU 8 OUA GYERMELYI 250G} => {_MORCOVI}",0.00236218366795126,0.218166849615807,0.0108274179698294,5.20189215294004,795
"{PASTE ATA PAIANJENULUI CU 8 OUA GYERMELYI 250G} => {_BANANE}",0.00119149138471504,0.110043907793633,0.0108274179698294,1.1986409249683,401
"{_GULII} => {_TELINA}",0.00414793509491819,0.451633775477192,0.00918428895300294,21.5662176558138,1396
"{_TELINA} => {_GULII}",0.00414793509491819,0.198070374574347,0.0209417238889566,21.5662176558138,1396
"{_GULII} => {_PATRUNJEL RADACINA KG}",0.00419547589829834,0.45681009382077,0.00918428895300294,19.9689320048918,1412
"{_PATRUNJEL RADACINA KG} => {_GULII}",0.00419547589829834,0.183400441615794,0.0228760403264865,19.9689320048918,1412
"{_GULII} => {_MORCOVI}",0.00497395655364831,0.541572306696862,0.00918428895300294,12.9130559359369,1674
"{_MORCOVI} => {_GULII}",0.00497395655364831,0.118597236981934,0.0419399024819271,12.9130559359369,1674
"{_GULII} => {_BANANE}",0.00140839630013698,0.153348430928502,0.00918428895300294,1.6703305869079,474
"{_ARDEI ALB BIANCA} => {_ROSII VRAC}",0.00113503668070111,0.112717615815875,0.0100697364159583,7.39770900071766,382
"{_ARDEI ALB BIANCA} => {_ARDEI ROSU CAPIA}",0.00132222859401045,0.131307170256713,0.0100697364159583,7.04813749145255,445
"{_ARDEI ALB BIANCA} => {_TELINA}",0.00174415322400929,0.173207435821776,0.0100697364159583,8.27092538991576,587
"{_ARDEI ALB BIANCA} => {_PATRUNJEL RADACINA KG}",0.00169661242062914,0.168486279138389,0.0100697364159583,7.36518544003925,571
"{_ARDEI ALB BIANCA} => {CARNE TOCATA PORC VRAC}",0.00115286448196866,0.114488049572145,0.0100697364159583,3.83281573138906,388
"{_ARDEI ALB BIANCA} => {_MORCOVI}",0.00253451908020431,0.251696665683092,0.0100697364159583,6.00136506734975,853
"{_ARDEI ALB BIANCA} => {_BANANE}",0.00156587521133373,0.155503098259073,0.0100697364159583,1.6938000591749,527
"{SZEKELYHON} => {_BANANE}",0.00166689941851655,0.106330553449583,0.0156765799146048,1.1581936292031,561
"{CORN RIP-ROP 100G} => {_BANANE}",0.00207099624724783,0.127143378329077,0.0162886677581243,1.38489499018661,697
"{_USTUROI} => {_CEAPA GALBENA}",0.0016995837208404,0.147081511956801,0.011555386521588,7.99947060336091,572
"{_USTUROI} => {_MORCOVI}",0.00204722584555776,0.177166366675238,0.011555386521588,4.22429133571742,689
"{_USTUROI} => {_BANANE}",0.00155696131069995,0.13473900745693,0.011555386521588,1.46762952866374,524
"{_CASTRAVETI CORNISON} => {_ROSII VRAC}",0.00156290391112247,0.133400963733198,0.011715836732996,8.75516664338904,526
"{_ROSII VRAC} => {_CASTRAVETI CORNISON}",0.00156290391112247,0.102574102964119,0.0152368274833384,8.75516664338904,526
"{_CASTRAVETI CORNISON} => {_BANANE}",0.00207099624724783,0.176768957646462,0.011715836732996,1.92543604773091,697
"{_MERE GOLDEN} => {_BANANE}",0.00359824455583519,0.259815490238146,0.0138492302846803,2.83001109088352,1211
"{ELAN ULEI RAFINAT DE FLOAREA SOARELUI 1L} => {_BANANE}",0.00163124381598144,0.124518031299614,0.0131004626314429,1.35629869208295,549
"{_CLEMENTINA^2 A nu se consuma coaja} => {_BANANE}",0.00372303916470808,0.266652479250904,0.0139621396927081,2.90448222698329,1253
"{OUA PROASPETE} => {_BANANE}",0.00187786173351597,0.111248019714839,0.0168799565001649,1.2117565790371,632
"{COTLET PORC FARA OS} => {CARNE TOCATA PORC VRAC}",0.00216310655379688,0.151603498542274,0.0142681836144679,5.07536180691316,728
"{COTLET PORC FARA OS} => {_MORCOVI}",0.00150347790689728,0.105372761349438,0.0142681836144679,2.51247034717941,506
"{COTLET PORC FARA OS} => {_BANANE}",0.00168472721978411,0.118075801749271,0.0142681836144679,1.28612742915795,567
"{_CARTOFI ALBI} => {_MORCOVI}",0.00242160967217645,0.142159427873714,0.0170344641111504,3.3895984363572,815
"{PIEPT DE PUI FARA OS REFR.VRAC SZEKELY CSURKE} => {CARNE TOCATA PORC VRAC}",0.00169066982020662,0.115626905100589,0.0146217683396077,3.87094218564793,569
"{PIEPT DE PUI FARA OS REFR.VRAC SZEKELY CSURKE} => {_MORCOVI}",0.00167581331915033,0.114610851452957,0.0146217683396077,2.73274005590131,564
"{PIEPT DE PUI FARA OS REFR.VRAC SZEKELY CSURKE} => {_BANANE}",0.00176495232548811,0.120707173338752,0.0146217683396077,1.314789349106,594
"{_ROSII VRAC} => {_ARDEI ROSU CAPIA}",0.00226710206119096,0.148790951638066,0.0152368274833384,7.98660943327685,763
"{_ARDEI ROSU CAPIA} => {_ROSII VRAC}",0.00226710206119096,0.121690590111643,0.0186300523245967,7.98660943327685,763
"{_ROSII VRAC} => {_BANANE}",0.0024542939745003,0.161076443057722,0.0152368274833384,1.75450709238157,826
"{FRANZELA ALBA COUNTRY 1KG} => {_BANANE}",0.00233247066583866,0.105101084482528,0.0221926412778968,1.14480177635602,785
"{FRANZELA ALBA BACHUS 1KG} => {APA MINERALA NATURALA CARBOGAZIFICATA CONTINUT REDUS CO2 TUSNAD 2L}",0.00251074867851423,0.104812701562888,0.0239546223031736,1.95765742544506,845
"{_MERE ROSII} => {_BANANE}",0.00466197003146607,0.237835379718054,0.0196016674936786,2.59059520196291,1569
"{_CEAPA GALBENA} => {_TELINA}",0.00195511553900871,0.106334841628959,0.0183864057072734,5.0776546473824,658
"{_CEAPA GALBENA} => {_PATRUNJEL RADACINA KG}",0.00199671374196635,0.108597285067873,0.0183864057072734,4.74720640101935,672
"{_CEAPA GALBENA} => {_MORCOVI}",0.00377949386872201,0.205559146735617,0.0183864057072734,4.90127860512308,1272
"{_CEAPA GALBENA} => {_BANANE}",0.00244240877365526,0.132837750484809,0.0183864057072734,1.44692030030792,822
"{LAPTE DE CONSUM 3.5% GRASIME FRISS CUTIE 1L} => {PAINE CU CARTOFI FELII BACHUS 1.2 KG}",0.0023740688687963,0.111203897007655,0.0213487920178991,1.49048208481152,799
"{LAPTE DE CONSUM 3.5% GRASIME FRISS CUTIE 1L} => {_BANANE}",0.00307826701886479,0.144189283228949,0.0213487920178991,1.57056559772647,1036
"{_ARDEI ROSU CAPIA} => {_MORCOVI}",0.00250183477788045,0.134290271132376,0.0186300523245967,3.20196908398262,842
"{_ARDEI ROSU CAPIA} => {_BANANE}",0.00316146342478005,0.16969696969697,0.0186300523245967,1.84840521206629,1064
"{FRANZELA RIP-ROP 1KG} => {_BANANE}",0.00305152531696345,0.110907127429806,0.0275142399562625,1.20804344805112,1027
"{SMANTANA 20% GRASIME FRISS 300G} => {_BANANE}",0.00306043921759723,0.130198457843509,0.0235059559712735,1.41817210119123,1030
"{_TELINA} => {_PATRUNJEL RADACINA KG}",0.011487046616729,0.548524404086266,0.0209417238889566,23.9781184268665,3866
"{_PATRUNJEL RADACINA KG} => {_TELINA}",0.011487046616729,0.502143135472139,0.0228760403264865,23.9781184268665,3866
"{_TELINA} => {_MORCOVI}",0.0132906258449635,0.634648127128263,0.0209417238889566,15.1323224321217,4473
"{_MORCOVI} => {_TELINA}",0.0132906258449635,0.316896918172157,0.0419399024819271,15.1323224321217,4473
"{_TELINA} => {_BANANE}",0.00271576839309113,0.129682179341657,0.0209417238889566,1.41254859550692,914
"{_LAMAIE^2 A nu se consuma coaja} => {_BANANE}",0.00514629196590136,0.192722821853789,0.0267030749985886,2.09921172449214,1732
"{_PATRUNJEL RADACINA KG} => {_MORCOVI}",0.0176970640582613,0.77360696194311,0.0228760403264865,18.4456070749443,5956
"{_MORCOVI} => {_PATRUNJEL RADACINA KG}",0.0176970640582613,0.421962451292951,0.0419399024819271,18.4456070749443,5956
"{_PATRUNJEL RADACINA KG} => {_BANANE}",0.00277816569752758,0.121444343421224,0.0228760403264865,1.32281889156072,935
"{LAPTE DE CONSUM 1.5% GRASIME FRISS CUTIE 1L} => {PAINE CU CARTOFI FELII BACHUS 1.2 KG}",0.0035239620505537,0.123618928496977,0.0285066542268231,1.65688256640554,1186
"{LAPTE DE CONSUM 1.5% GRASIME FRISS CUTIE 1L} => {_BANANE}",0.00392508757907373,0.137690223056077,0.0285066542268231,1.49977531361874,1321
"{CARNE TOCATA PORC VRAC} => {_MORCOVI}",0.00316146342478005,0.105839053018999,0.0298704810237912,2.52358843859038,1064
"{CARNE TOCATA PORC VRAC} => {_BANANE}",0.0033040858349205,0.110613747140157,0.0298704810237912,1.20484783614672,1112
"{APA MINERALA NATURALA CARBOGAZIFICATA CONTINUT REDUS CO2 TUSNAD 2L} => {_BANANE}",0.00587426051765992,0.109717520395138,0.0535398585066839,1.19508578683232,1977
"{PAINE DE CASA PE FOI DE VARZA RIP-ROP 1KG} => {_BANANE}",0.00602579682843415,0.103284950343774,0.0583414796480792,1.1250197389167,2028
"{_MORCOVI} => {_BANANE}",0.00520571797012655,0.124123273113709,0.0419399024819271,1.35199883281242,1752
"{PAINE CU CARTOFI FELII BACHUS 1.2 KG} => {_BANANE}",0.00753521733575395,0.100995619275189,0.0746093483047247,1.10008345698501,2536
"{APA MINERALA NATURALA CARBOGAZOASA AQUARIA 2L,WINSTON NOVA BLUE 100} => {PAINE DE CASA PE FOI DE VARZA RIP-ROP 1KG}",0.000118852008450378,0.540540540540541,0.000219876215633199,9.26511538276244,40
"{APA MINERALA NATURALA CARBOGAZOASA AQUARIA 2L,PAINE DE CASA PE FOI DE VARZA RIP-ROP 1KG} => {WINSTON NOVA BLUE 100}",0.000118852008450378,0.689655172413793,0.000172335412253048,154.737011494253,40
"{PAINE DE CASA PE FOI DE VARZA RIP-ROP 1KG,WINSTON NOVA BLUE 100} => {APA MINERALA NATURALA CARBOGAZOASA AQUARIA 2L}",0.000118852008450378,0.176991150442478,0.000671513847744635,405.217024863043,40
"{ALKA BREAKERS TOORTITZI SNACKS CU SARE 80G,REAL PATE DE PASARE 100G} => {CORN CU SUSAN RIP-ROP 150G}",0.000148565010562972,1,0.000148565010562972,171.448293428426,50
"{CORN CU SUSAN RIP-ROP 150G,REAL PATE DE PASARE 100G} => {ALKA BREAKERS TOORTITZI SNACKS CU SARE 80G}",0.000148565010562972,0.925925925925926,0.00016045021140801,713.096448851598,50
"{ALKA BREAKERS TOORTITZI SNACKS CU SARE 80G,CORN CU SUSAN RIP-ROP 150G} => {REAL PATE DE PASARE 100G}",0.000148565010562972,0.485436893203884,0.000306043921759723,1526.8714272752,50
"{BERE NOROC 3L PET,CAFEA MACINATA SI PRAJITA NOVA BRASILIA 90G} => {LD RED}",0.000121823308661637,0.976190476190476,0.000124794608872897,222.587962962963,41
"{CAFEA MACINATA SI PRAJITA NOVA BRASILIA 90G,LD RED} => {BERE NOROC 3L PET}",0.000121823308661637,0.788461538461538,0.000154507610985491,369.580913863295,41
"{BAUTURA SPIRTOASA 28% AMIGO SECUIANA 500ML,BERE HARGHITA 500ML STICLA} => {L&M RED LABEL BOX}",0.000112909408027859,0.904761904761905,0.000124794608872897,168.604835732743,38
"{BAUTURA SPIRTOASA 28% AMIGO SECUIANA 500ML,L&M RED LABEL BOX} => {BERE HARGHITA 500ML STICLA}",0.000112909408027859,0.4,0.000282273520069647,225.119063545151,38
"{BERE HARGHITA 500ML STICLA,L&M RED LABEL BOX} => {BAUTURA SPIRTOASA 28% AMIGO SECUIANA 500ML}",0.000112909408027859,0.224852071005917,0.000502149735702846,384.135223620581,38
"{BAUTURA SPIRTOASA 37.5% ALEXANDRION 5* 500ML,NOK LAPJA} => {SZEKELYHON}",0.000136679809717934,1,0.000136679809717934,63.7894238059136,46
"{BAUTURA SPIRTOASA 37.5% ALEXANDRION 5* 500ML,SZEKELYHON} => {NOK LAPJA}",0.000136679809717934,0.807017543859649,0.000169364112041788,243.372917059674,46
"{NOK LAPJA,SZEKELYHON} => {BAUTURA SPIRTOASA 37.5% ALEXANDRION 5* 500ML}",0.000136679809717934,0.359375,0.000380326427041209,592.885952818627,46
"{KENT CORE SILVER,MOGYI NUCA DE CAJU 70G} => {APA MINERALA NATURALA CARBOGAZOASA PERLA HARGHITEI  2L}",0.000145593710351713,0.844827586206897,0.000172335412253048,42.260591352659,49
"{APA MINERALA NATURALA CARBOGAZOASA PERLA HARGHITEI  2L,MOGYI NUCA DE CAJU 70G} => {KENT CORE SILVER}",0.000145593710351713,0.924528301886792,0.000157478911196751,227.118812835698,49
"{APA MINERALA NATURALA CARBOGAZOASA PERLA HARGHITEI  2L,KENT CORE SILVER} => {MOGYI NUCA DE CAJU 70G}",0.000145593710351713,0.161184210526316,0.000903275264222871,366.533983819346,49
"{BATON BANANE SPUMANTE INV.CU CIOC.CHOCO 20G,SZEKELYHON} => {FRANZELA ALBA COUNTRY 1KG}",0.000112909408027859,0.703703703703704,0.00016045021140801,31.7088756985664,38
"{BATON BANANE SPUMANTE INV.CU CIOC.CHOCO 20G,FRANZELA ALBA COUNTRY 1KG} => {SZEKELYHON}",0.000112909408027859,0.95,0.000118852008450378,60.5999526156179,38
"{APA MINERALA NATURALA CARBOGAZIFICATA BIBORTENI 2L,BERE TILTOTT CSIKI DOZA 500ML} => {FRANZELA ALBA BACHUS 1KG}",0.000127765909084156,0.955555555555556,0.000133708509506675,39.8902367760964,43
"{APA MINERALA NATURALA CARBOGAZIFICATA BIBORTENI 2L,FRANZELA ALBA BACHUS 1KG} => {BERE TILTOTT CSIKI DOZA 500ML}",0.000127765909084156,0.398148148148148,0.00032090042281602,132.540013554603,43
"{BERE TILTOTT CSIKI DOZA 500ML,FRANZELA ALBA BACHUS 1KG} => {APA MINERALA NATURALA CARBOGAZIFICATA BIBORTENI 2L}",0.000127765909084156,0.194570135746606,0.000656657346688337,275.139339898855,43
"{APA MINERALA NATURALA CARBOGAZIFICATA BIBORTENI 2L,CORN CU SUSAN RIP-ROP 150G} => {FRANZELA ALBA BACHUS 1KG}",0.000145593710351713,0.942307692307692,0.000154507610985491,39.3371968207927,49
"{APA MINERALA NATURALA CARBOGAZIFICATA BIBORTENI 2L,FRANZELA ALBA BACHUS 1KG} => {CORN CU SUSAN RIP-ROP 150G}",0.000145593710351713,0.453703703703704,0.00032090042281602,77.7867257221562,49
"{CORN CU SUSAN RIP-ROP 150G,FRANZELA ALBA BACHUS 1KG} => {APA MINERALA NATURALA CARBOGAZIFICATA BIBORTENI 2L}",0.000145593710351713,0.19140625,0.000760652854082418,270.665326286765,49
"{APA MINERALA NATURALA CARBOGAZIFICATA BIBORTENI 2L,APA MINERALA NATURALA CARBOGAZIFICATA TUSNAD 2L} => {FRANZELA ALBA BACHUS 1KG}",0.000148565010562972,0.819672131147541,0.000181249312886826,34.2177021525798,50
"{APA MINERALA NATURALA CARBOGAZIFICATA BIBORTENI 2L,FRANZELA ALBA BACHUS 1KG} => {APA MINERALA NATURALA CARBOGAZIFICATA TUSNAD 2L}",0.000148565010562972,0.462962962962963,0.00032090042281602,48.3586511713452,50
"{APA MINERALA NATURALA CARBOGAZIFICATA TUSNAD 2L,FRANZELA ALBA BACHUS 1KG} => {APA MINERALA NATURALA CARBOGAZIFICATA BIBORTENI 2L}",0.000148565010562972,0.145772594752187,0.00101915597246199,206.135311267364,50
"{BOMBOANE PEHELY CU GUST PORTOCALE&LAMAIE 70G,GOBE BATON LAPTE 100G} => {PAINE DE CASA PE FOI DE VARZA RIP-ROP 1KG}",0.000121823308661637,0.640625,0.000190163213520604,10.980609402852,41
"{BOMBOANE PEHELY CU GUST PORTOCALE&LAMAIE 70G,PAINE DE CASA PE FOI DE VARZA RIP-ROP 1KG} => {GOBE BATON LAPTE 100G}",0.000121823308661637,0.455555555555556,0.00026741701901335,64.8555790562136,41
"{GOBE BATON LAPTE 100G,PAINE DE CASA PE FOI DE VARZA RIP-ROP 1KG} => {BOMBOANE PEHELY CU GUST PORTOCALE&LAMAIE 70G}",0.000121823308661637,0.151851851851852,0.00080225105704005,215.637959056103,41
"{MELCI PIZZA RIP-ROP 120G,VODKA STALINSKAYA 40% 500ML} => {SZEKELYHON}",0.000124794608872897,0.976744186046512,0.000127765909084156,62.305948833683,42
"{SZEKELYHON,VODKA STALINSKAYA 40% 500ML} => {MELCI PIZZA RIP-ROP 120G}",0.000124794608872897,0.285714285714286,0.000436781131055138,56.0361305361305,42
"{MELCI PIZZA RIP-ROP 120G,SZEKELYHON} => {VODKA STALINSKAYA 40% 500ML}",0.000124794608872897,0.352941176470588,0.000353584725139874,527.926274509804,42
"{SZEKELYHON,VODKA STALINSKAYA 40% 500ML} => {_BANANE}",0.000193134513731864,0.442176870748299,0.000436781131055138,4.81636197750509,65
"{_BANANE,VODKA STALINSKAYA 40% 500ML} => {SZEKELYHON}",0.000193134513731864,0.89041095890411,0.00021690491542194,56.7988020189641,65
"{_BANANE,SZEKELYHON} => {VODKA STALINSKAYA 40% 500ML}",0.000193134513731864,0.115864527629234,0.00166689941851655,173.309130520895,65
"{BISCUITI CU SARE CROCO 400G,PALL MALL BLUE} => {PAINE CU CARTOFI FELII BACHUS 1.2 KG}",0.00010696680760534,0.72,0.000148565010562972,9.65026523297491,36
"{BISCUITI CU SARE CROCO 400G,PAINE CU CARTOFI FELII BACHUS 1.2 KG} => {PALL MALL BLUE}",0.00010696680760534,0.571428571428571,0.000187191913309345,47.6383453059202,36
"{CHESTERFIELD SILVER CROWN RCB 100,FRANZELA RIP-ROP 1KG} => {APA MINERALA NATURALA CARBOGAZIFICATA CONTINUT REDUS CO2 TUSNAD 2L}",0.00010696680760534,0.818181818181818,0.000130737209295416,15.2817329182832,36
"{APA MINERALA NATURALA CARBOGAZIFICATA CONTINUT REDUS CO2 TUSNAD 2L,CHESTERFIELD SILVER CROWN RCB 100} => {FRANZELA RIP-ROP 1KG}",0.00010696680760534,0.230769230769231,0.000463522832956473,8.38726532646619,36
"{ELAN FRANZELA ALBA FELIATA 700G,SZOBI BAUTURA CU GUST DE STRUGURI NEGRI 12% 1L} => {BERE BUCEGI DOZA 500ML}",0.000109938107816599,0.415730337078652,0.000264445718802091,40.6730500391952,37
"{BERE BUCEGI DOZA 500ML,SZOBI BAUTURA CU GUST DE STRUGURI NEGRI 12% 1L} => {ELAN FRANZELA ALBA FELIATA 700G}",0.000109938107816599,0.536231884057971,0.000205019714576902,66.668064010108,37
"{BERE BUCEGI DOZA 500ML,ELAN FRANZELA ALBA FELIATA 700G} => {SZOBI BAUTURA CU GUST DE STRUGURI NEGRI 12% 1L}",0.000109938107816599,0.300813008130081,0.000365469925984912,373.577565775658,37
"{BAUTURA SPIRTOASA 28% CAVA DORO ORIGINAL 200ML,KENT 100 S} => {BERE BUCEGI 2.5L PET}",0.000112909408027859,0.493506493506494,0.000228790116266977,83.6730936569728,38
"{BAUTURA SPIRTOASA 28% CAVA DORO ORIGINAL 200ML,BERE BUCEGI 2.5L PET} => {KENT 100 S}",0.000112909408027859,0.447058823529412,0.000252560517957053,101.592834730111,38
"{BERE BUCEGI 2.5L PET,KENT 100 S} => {BAUTURA SPIRTOASA 28% CAVA DORO ORIGINAL 200ML}",0.000112909408027859,0.730769230769231,0.000154507610985491,569.311520655271,38
"{DANONE IAURT NATURAL 130G,PAINE INTEGRALA FELII BACHUS 500G} => {SZEKELYHON}",0.000145593710351713,0.742424242424242,0.000196105813943123,47.3588146437843,49
"{DANONE IAURT NATURAL 130G,SZEKELYHON} => {PAINE INTEGRALA FELII BACHUS 500G}",0.000145593710351713,0.7,0.000207991014788161,291.929491945477,49
"{PAINE INTEGRALA FELII BACHUS 500G,SZEKELYHON} => {DANONE IAURT NATURAL 130G}",0.000145593710351713,0.494949494949495,0.000294158720914685,677.141208836331,49
"{BERE GOLDEN BRAU DOZA 500ML,MARLBORO GOLD} => {PAINE CU CARTOFI FELII BACHUS 1.2 KG}",0.000184220613098086,0.314720812182741,0.000585346141618111,4.21824904430657,62
"{MARLBORO GOLD,PAINE CU CARTOFI FELII BACHUS 1.2 KG} => {BERE GOLDEN BRAU DOZA 500ML}",0.000184220613098086,0.75609756097561,0.000243646617323274,63.0336642157603,62
"{BERE GOLDEN BRAU DOZA 500ML,PAINE CU CARTOFI FELII BACHUS 1.2 KG} => {MARLBORO GOLD}",0.000184220613098086,0.142528735632184,0.00129251559189786,98.2960523836442,62
"{ALKA BREAKERS TOORTITZI SNACKS CU SARE 80G,CORN CU SUSAN RIP-ROP 150G} => {PALL MALL BLUE}",0.000166392811830529,0.543689320388349,0.000306043921759723,45.3258042716523,56
"{ALKA BREAKERS TOORTITZI SNACKS CU SARE 80G,PALL MALL BLUE} => {CORN CU SUSAN RIP-ROP 150G}",0.000166392811830529,0.275862068965517,0.000603173942885667,47.2960809457727,56
"{CORN CU SUSAN RIP-ROP 150G,PALL MALL BLUE} => {ALKA BREAKERS TOORTITZI SNACKS CU SARE 80G}",0.000166392811830529,0.682926829268293,0.000243646617323274,525.952112518837,56
"{BISCUITI ACOPERITI CU CIOC.LAPTE CHOCO COW MILKA 40G,SZEKELYHON} => {FRANZELA ALBA COUNTRY 1KG}",0.000163421511619269,0.846153846153846,0.000193134513731864,38.1276764472641,55
"{BISCUITI ACOPERITI CU CIOC.LAPTE CHOCO COW MILKA 40G,FRANZELA ALBA COUNTRY 1KG} => {SZEKELYHON}",0.000163421511619269,0.785714285714286,0.000207991014788161,50.1202615617892,55
"{FRANZELA ALBA COUNTRY 1KG,SZEKELYHON} => {BISCUITI ACOPERITI CU CIOC.LAPTE CHOCO COW MILKA 40G}",0.000163421511619269,0.119825708061002,0.00136382679696809,147.181392427206,55
"{APA MINERALA NATURALA NATURAL CARBOGAZOASA BORSEC 1.5L,KENT MODE BLUE} => {FRANZELA ALBA BACHUS 1KG}",0.000127765909084156,0.796296296296296,0.00016045021140801,33.2418639800803,43
"{FRANZELA ALBA BACHUS 1KG,KENT MODE BLUE} => {APA MINERALA NATURALA NATURAL CARBOGAZOASA BORSEC 1.5L}",0.000127765909084156,0.373913043478261,0.000341699524294836,274.763223846592,43
"{APA MINERALA NATURALA NATURAL CARBOGAZOASA BORSEC 1.5L,FRANZELA ALBA BACHUS 1KG} => {KENT MODE BLUE}",0.000127765909084156,0.227513227513228,0.000561575739928035,189.530344701137,43
"{BERE TILTOTT CSIKI DOZA 500ML,KENT MODE BLUE} => {FRANZELA ALBA BACHUS 1KG}",0.000130737209295416,0.814814814814815,0.00016045021140801,34.0149305842682,44
"{FRANZELA ALBA BACHUS 1KG,KENT MODE BLUE} => {BERE TILTOTT CSIKI DOZA 500ML}",0.000130737209295416,0.382608695652174,0.000341699524294836,127.36706661506,44
"{BERE TILTOTT CSIKI DOZA 500ML,FRANZELA ALBA BACHUS 1KG} => {KENT MODE BLUE}",0.000130737209295416,0.199095022624434,0.000656657346688337,165.856502844855,44
"{CORN CU SUSAN RIP-ROP 150G,KENT MODE BLUE} => {FRANZELA ALBA BACHUS 1KG}",0.000148565010562972,0.892857142857143,0.000166392811830529,37.2728541304887,50
"{FRANZELA ALBA BACHUS 1KG,KENT MODE BLUE} => {CORN CU SUSAN RIP-ROP 150G}",0.000148565010562972,0.434782608695652,0.000341699524294836,74.5427362732286,50
"{CORN CU SUSAN RIP-ROP 150G,FRANZELA ALBA BACHUS 1KG} => {KENT MODE BLUE}",0.000148565010562972,0.1953125,0.000760652854082418,162.705464882426,50
"{APA MINERALA NATURALA CARBOGAZIFICATA TUSNAD 2L,KENT MODE BLUE} => {FRANZELA ALBA BACHUS 1KG}",0.000196105813943123,0.904109589041096,0.00021690491542194,37.7425942099414,66
"{FRANZELA ALBA BACHUS 1KG,KENT MODE BLUE} => {APA MINERALA NATURALA CARBOGAZIFICATA TUSNAD 2L}",0.000196105813943123,0.573913043478261,0.000341699524294836,59.9479070520606,66
"{APA MINERALA NATURALA CARBOGAZIFICATA TUSNAD 2L,FRANZELA ALBA BACHUS 1KG} => {KENT MODE BLUE}",0.000196105813943123,0.192419825072886,0.00101915597246199,160.295716306325,66
"{FRANZELA ALBA BACHUS 1KG,KENT MODE BLUE} => {APA MINERALA NATURALA CARBOGAZIFICATA CONTINUT REDUS CO2 TUSNAD 2L}",0.000112909408027859,0.330434782608696,0.000341699524294836,6.17175300467864,38
"{APA MINERALA NATURALA CARBOGAZIFICATA CONTINUT REDUS CO2 TUSNAD 2L,KENT MODE BLUE} => {FRANZELA ALBA BACHUS 1KG}",0.000112909408027859,0.690909090909091,0.000163421511619269,28.8424122144291,38
"{BATOANE NUTELLA B-READY 22G,KINDER BUENO 43G} => {SZEKELYHON}",0.00010696680760534,0.692307692307692,0.000154507610985491,44.1619087887094,36
"{BATOANE NUTELLA B-READY 22G,SZEKELYHON} => {KINDER BUENO 43G}",0.00010696680760534,0.28125,0.000380326427041209,63.7840507075472,36
"{KINDER BUENO 43G,SZEKELYHON} => {BATOANE NUTELLA B-READY 22G}",0.00010696680760534,0.276923076923077,0.000386269027463728,308.606928171167,36
"{BATOANE NUTELLA B-READY 22G,KINDER BUENO 43G} => {FRANZELA ALBA COUNTRY 1KG}",0.000101024207182821,0.653846153846154,0.000154507610985491,29.4622954365222,34
"{BATOANE NUTELLA B-READY 22G,FRANZELA ALBA COUNTRY 1KG} => {KINDER BUENO 43G}",0.000101024207182821,0.288135593220339,0.000350613424928614,65.3456188039655,34
"{FRANZELA ALBA COUNTRY 1KG,KINDER BUENO 43G} => {BATOANE NUTELLA B-READY 22G}",0.000101024207182821,0.209876543209877,0.00048135063422403,233.889338565939,34
"{BATOANE NUTELLA B-READY 22G,SZEKELYHON} => {FRANZELA ALBA COUNTRY 1KG}",0.000309015221970982,0.8125,0.000380326427041209,36.6112347703843,104
"{BATOANE NUTELLA B-READY 22G,FRANZELA ALBA COUNTRY 1KG} => {SZEKELYHON}",0.000309015221970982,0.88135593220339,0.000350613424928615,56.2211870831781,104
"{FRANZELA ALBA COUNTRY 1KG,SZEKELYHON} => {BATOANE NUTELLA B-READY 22G}",0.000309015221970982,0.226579520697168,0.00136382679696809,252.503368970841,104
"{BATOANE NUTELLA B-READY 22G,SZEKELYHON} => {APA MINERALA NATURALA CARBOGAZIFICATA CONTINUT REDUS CO2 TUSNAD 2L}",0.000157478911196751,0.4140625,0.000380326427041209,7.73372421124924,53
"{APA MINERALA NATURALA CARBOGAZIFICATA CONTINUT REDUS CO2 TUSNAD 2L,BATOANE NUTELLA B-READY 22G} => {SZEKELYHON}",0.000157478911196751,0.779411764705882,0.000202048414365642,49.7182273781385,53
"{APA MINERALA NATURALA CARBOGAZIFICATA CONTINUT REDUS CO2 TUSNAD 2L,SZEKELYHON} => {BATOANE NUTELLA B-READY 22G}",0.000157478911196751,0.174342105263158,0.000903275264222871,194.289266730568,53
"{BATOANE NUTELLA B-READY 22G,FRANZELA ALBA COUNTRY 1KG} => {APA MINERALA NATURALA CARBOGAZIFICATA CONTINUT REDUS CO2 TUSNAD 2L}",0.000151536310774232,0.432203389830508,0.000350613424928615,8.07255382971459,51
"{APA MINERALA NATURALA CARBOGAZIFICATA CONTINUT REDUS CO2 TUSNAD 2L,BATOANE NUTELLA B-READY 22G} => {FRANZELA ALBA COUNTRY 1KG}",0.000151536310774232,0.75,0.000202048414365642,33.7949859418932,51
"{APA MINERALA NATURALA CARBOGAZIFICATA CONTINUT REDUS CO2 TUSNAD 2L,FRANZELA ALBA COUNTRY 1KG} => {BATOANE NUTELLA B-READY 22G}",0.000151536310774232,0.100990099009901,0.00150050660668602,112.544770834699,51
"{_CARTOFI ROSII,_PATRUNJEL RADACINA KG} => {_MORCOVI}",0.000112909408027859,0.844444444444444,0.000133708509506675,20.1346306136104,38
"{_CARTOFI ROSII,_MORCOVI} => {_PATRUNJEL RADACINA KG}",0.000112909408027859,0.584615384615385,0.000193134513731864,25.5557944588208,38
"{_PATRUNJEL RADACINA KG,PASTE MELCISORI CU 8 OUA GYERMELYI 250G} => {_MORCOVI}",0.000121823308661637,0.803921568627451,0.000151536310774232,19.1684176894279,41
"{_MORCOVI,PASTE MELCISORI CU 8 OUA GYERMELYI 250G} => {_PATRUNJEL RADACINA KG}",0.000121823308661637,0.577464788732394,0.000210962314999421,25.2432143190354,41
"{BERE NOROC 3L PET,CARNE DE PORC IN SUC PROPRIU HAME 125G} => {LD RED}",0.00027038831922461,0.968085106382979,0.000279302219858388,220.73980136078,91
"{BERE NOROC 3L PET,LD RED} => {CARNE DE PORC IN SUC PROPRIU HAME 125G}",0.00027038831922461,0.176356589147287,0.00153319090900987,86.5209025470653,91
"{CARNE DE PORC IN SUC PROPRIU HAME 125G,LD RED} => {BERE NOROC 3L PET}",0.00027038831922461,0.739837398373984,0.000365469925984912,346.788991552868,91
"{BERE NOROC 3L PET,FRANZELA ALBA AMB.HARMOPAN 300G} => {LD RED}",0.000127765909084156,0.977272727272727,0.000130737209295416,222.834734540527,43
"{FRANZELA ALBA AMB.HARMOPAN 300G,LD RED} => {BERE NOROC 3L PET}",0.000127765909084156,0.781818181818182,0.000163421511619269,366.466928336288,43
"{_PATRUNJEL RADACINA KG,CONSERVA MAZARE VERDE BOABE EKO 200G} => {_MORCOVI}",0.000139651109929194,0.824561403508772,0.000169364112041788,19.66054651329,47
"{_MORCOVI,CONSERVA MAZARE VERDE BOABE EKO 200G} => {_PATRUNJEL RADACINA KG}",0.000139651109929194,0.635135135135135,0.000219876215633199,27.7642077068626,47
"{LAPTE BATUT 2% LACTIS 1L,PALL MALL BLUE} => {PAINE CU CARTOFI FELII BACHUS 1.2 KG}",0.000169364112041788,0.780821917808219,0.000216904915421939,10.465470286902,57
"{LAPTE BATUT 2% LACTIS 1L,PAINE CU CARTOFI FELII BACHUS 1.2 KG} => {PALL MALL BLUE}",0.000169364112041788,0.558823529411765,0.000303072621548463,46.5874994535838,57
"{PAINE CU CARTOFI FELII BACHUS 1.2 KG,PALL MALL BLUE} => {LAPTE BATUT 2% LACTIS 1L}",0.000169364112041788,0.128668171557562,0.00131628599358793,99.7780164567101,57
"{BERE CIUC BLONDA 500ML STICLA,BERE CIUC PREMIUM DOZA 500ML} => {LAPTE DE CONSUM 1.5% GRASIME FRISS CUTIE 1L}",0.000184220613098086,0.543859649122807,0.000338728224083577,19.0783402638345,62
"{BERE CIUC BLONDA 500ML STICLA,LAPTE DE CONSUM 1.5% GRASIME FRISS CUTIE 1L} => {BERE CIUC PREMIUM DOZA 500ML}",0.000184220613098086,0.765432098765432,0.000240675317112015,99.3476548923264,62
"{BERE CIUC PREMIUM DOZA 500ML,LAPTE DE CONSUM 1.5% GRASIME FRISS CUTIE 1L} => {BERE CIUC BLONDA 500ML STICLA}",0.000184220613098086,0.53448275862069,0.000344670824506096,350.646736573234,62
"{BERE CIUC BLONDA 500ML STICLA,BERE CIUC PREMIUM DOZA 500ML} => {_BANANE}",0.000133708509506675,0.394736842105263,0.000338728224083577,4.29962678558653,45
"{_BANANE,BERE CIUC BLONDA 500ML STICLA} => {BERE CIUC PREMIUM DOZA 500ML}",0.000133708509506675,0.737704918032787,0.000181249312886826,95.7488635860735,45
"{_BANANE,BERE CIUC PREMIUM DOZA 500ML} => {BERE CIUC BLONDA 500ML STICLA}",0.000133708509506675,0.169811320754717,0.000787394555983753,111.404501820589,45
"{BERE CIUC BLONDA 500ML STICLA,LAPTE DE CONSUM 1.5% GRASIME FRISS CUTIE 1L} => {_BANANE}",0.000101024207182821,0.419753086419753,0.000240675317112015,4.5721134213809,34
"{_BANANE,BERE CIUC BLONDA 500ML STICLA} => {LAPTE DE CONSUM 1.5% GRASIME FRISS CUTIE 1L}",0.000101024207182821,0.557377049180328,0.000181249312886826,19.5525242894295,34
"{KINDER DELICE PRAJITURA DE CACAO CU UMPLUTURA DE LAPTE 39G,SZEKELYHON} => {FRANZELA ALBA COUNTRY 1KG}",0.000101024207182821,0.708333333333333,0.000142622410140453,31.9174867228991,34
"{FRANZELA ALBA COUNTRY 1KG,KINDER DELICE PRAJITURA DE CACAO CU UMPLUTURA DE LAPTE 39G} => {SZEKELYHON}",0.000101024207182821,0.772727272727273,0.000130737209295416,49.2918274863878,34
"{APA MINERALA NATURALA NATURAL CARBOGAZOASA BORSEC 1.5L,BERE STAROPRAMEN DOZA 5% 500ML} => {FRANZELA ALBA BACHUS 1KG}",0.000118852008450378,0.851063829787234,0.000139651109929194,35.528167341402,40
"{APA MINERALA NATURALA NATURAL CARBOGAZOASA BORSEC 1.5L,FRANZELA ALBA BACHUS 1KG} => {BERE STAROPRAMEN DOZA 5% 500ML}",0.000118852008450378,0.211640211640212,0.000561575739928035,76.8372687682289,40
"{BERE STAROPRAMEN DOZA 5% 500ML,FRANZELA ALBA BACHUS 1KG} => {APA MINERALA NATURALA NATURAL CARBOGAZOASA BORSEC 1.5L}",0.000118852008450378,0.363636363636364,0.000326843023238539,267.211591901548,40
"{APA MINERALA NATURALA NATURAL CARBOGAZOASA BORSEC 1.5L,COCA COLA PET 500ML} => {APA MINERALA NATURALA CARBOGAZIFICATA TUSNAD 2L}",0.000103995507394081,0.603448275862069,0.000172335412253048,63.0330004923051,35
"{APA MINERALA NATURALA CARBOGAZIFICATA TUSNAD 2L,APA MINERALA NATURALA NATURAL CARBOGAZOASA BORSEC 1.5L} => {COCA COLA PET 500ML}",0.000103995507394081,0.221518987341772,0.000469465433378992,64.7160414469058,35
"{APA MINERALA NATURALA CARBOGAZIFICATA TUSNAD 2L,COCA COLA PET 500ML} => {APA MINERALA NATURALA NATURAL CARBOGAZOASA BORSEC 1.5L}",0.000103995507394081,0.686274509803922,0.000151536310774232,504.296386676941,35
"{APA MINERALA NATURALA NATURAL CARBOGAZOASA BORSEC 1.5L,COCA COLA PET 500ML} => {FRANZELA ALBA BACHUS 1KG}",0.000121823308661637,0.706896551724138,0.000172335412253048,29.5098183046904,41
"{APA MINERALA NATURALA NATURAL CARBOGAZOASA BORSEC 1.5L,FRANZELA ALBA BACHUS 1KG} => {COCA COLA PET 500ML}",0.000121823308661637,0.216931216931217,0.000561575739928035,63.3757394547325,41
"{COCA COLA PET 500ML,FRANZELA ALBA BACHUS 1KG} => {APA MINERALA NATURALA NATURAL CARBOGAZOASA BORSEC 1.5L}",0.000121823308661637,0.518987341772152,0.000234732716689496,381.368442872146,41
"{APA MINERALA NATURALA NATURAL CARBOGAZOASA BORSEC 1.5L,BERE TILTOTT CSIKI DOZA 500ML} => {CORN CU SUSAN RIP-ROP 150G}",0.000157478911196751,0.481818181818182,0.000326843023238539,82.6069050155143,53
"{APA MINERALA NATURALA NATURAL CARBOGAZOASA BORSEC 1.5L,CORN CU SUSAN RIP-ROP 150G} => {BERE TILTOTT CSIKI DOZA 500ML}",0.000157478911196751,0.563829787234043,0.000279302219858388,187.693972683461,53
"{BERE TILTOTT CSIKI DOZA 500ML,CORN CU SUSAN RIP-ROP 150G} => {APA MINERALA NATURALA NATURAL CARBOGAZOASA BORSEC 1.5L}",0.000157478911196751,0.469026548672566,0.000335756923872317,344.655659465935,53
"{APA MINERALA NATURALA NATURAL CARBOGAZOASA BORSEC 1.5L,BERE TILTOTT CSIKI DOZA 500ML} => {APA MINERALA NATURALA CARBOGAZIFICATA TUSNAD 2L}",0.000169364112041788,0.518181818181818,0.000326843023238539,54.126519383782,57
"{APA MINERALA NATURALA CARBOGAZIFICATA TUSNAD 2L,APA MINERALA NATURALA NATURAL CARBOGAZOASA BORSEC 1.5L} => {BERE TILTOTT CSIKI DOZA 500ML}",0.000169364112041788,0.360759493670886,0.000469465433378992,120.093659617624,57
"{APA MINERALA NATURALA CARBOGAZIFICATA TUSNAD 2L,BERE TILTOTT CSIKI DOZA 500ML} => {APA MINERALA NATURALA NATURAL CARBOGAZOASA BORSEC 1.5L}",0.000169364112041788,0.404255319148936,0.000418953329787582,297.059695252253,57
"{APA MINERALA NATURALA NATURAL CARBOGAZOASA BORSEC 1.5L,BERE TILTOTT CSIKI DOZA 500ML} => {FRANZELA ALBA BACHUS 1KG}",0.000255531818168312,0.781818181818182,0.000326843023238539,32.6374664531698,86
"{APA MINERALA NATURALA NATURAL CARBOGAZOASA BORSEC 1.5L,FRANZELA ALBA BACHUS 1KG} => {BERE TILTOTT CSIKI DOZA 500ML}",0.000255531818168312,0.455026455026455,0.000561575739928035,151.474301205261,86
"{BERE TILTOTT CSIKI DOZA 500ML,FRANZELA ALBA BACHUS 1KG} => {APA MINERALA NATURALA NATURAL CARBOGAZOASA BORSEC 1.5L}",0.000255531818168312,0.389140271493213,0.000656657346688337,285.952676401431,86
"{APA MINERALA NATURALA NATURAL CARBOGAZOASA BORSEC 1.5L,BERE TILTOTT CSIKI DOZA 500ML} => {APA MINERALA NATURALA CARBOGAZIFICATA CONTINUT REDUS CO2 TUSNAD 2L}",0.000124794608872897,0.381818181818182,0.000326843023238539,7.13147536186551,42
"{APA MINERALA NATURALA CARBOGAZIFICATA CONTINUT REDUS CO2 TUSNAD 2L,APA MINERALA NATURALA NATURAL CARBOGAZOASA BORSEC 1.5L} => {BERE TILTOTT CSIKI DOZA 500ML}",0.000124794608872897,0.466666666666667,0.00026741701901335,155.349225189581,42
"{APA MINERALA NATURALA CARBOGAZIFICATA CONTINUT REDUS CO2 TUSNAD 2L,BERE TILTOTT CSIKI DOZA 500ML} => {APA MINERALA NATURALA NATURAL CARBOGAZOASA BORSEC 1.5L}",0.000124794608872897,0.403846153846154,0.000309015221970982,296.759027544508,42
"{APA MINERALA NATURALA NATURAL CARBOGAZOASA BORSEC 1.5L,CORN CU SUSAN RIP-ROP 150G} => {APA MINERALA NATURALA CARBOGAZIFICATA TUSNAD 2L}",0.000184220613098086,0.659574468085106,0.000279302219858388,68.8956443070909,62
"{APA MINERALA NATURALA CARBOGAZIFICATA TUSNAD 2L,APA MINERALA NATURALA NATURAL CARBOGAZOASA BORSEC 1.5L} => {CORN CU SUSAN RIP-ROP 150G}",0.000184220613098086,0.392405063291139,0.000469465433378992,67.2771784339393,62
"{APA MINERALA NATURALA CARBOGAZIFICATA TUSNAD 2L,CORN CU SUSAN RIP-ROP 150G} => {APA MINERALA NATURALA NATURAL CARBOGAZOASA BORSEC 1.5L}",0.000184220613098086,0.397435897435897,0.000463522832956473,292.048566789833,62
"{APA MINERALA NATURALA NATURAL CARBOGAZOASA BORSEC 1.5L,CORN CU SUSAN RIP-ROP 150G} => {FRANZELA ALBA BACHUS 1KG}",0.000252560517957053,0.904255319148936,0.000279302219858388,37.7486778002396,85
"{APA MINERALA NATURALA NATURAL CARBOGAZOASA BORSEC 1.5L,FRANZELA ALBA BACHUS 1KG} => {CORN CU SUSAN RIP-ROP 150G}",0.000252560517957053,0.44973544973545,0.000561575739928035,77.1063753514085,85
"{CORN CU SUSAN RIP-ROP 150G,FRANZELA ALBA BACHUS 1KG} => {APA MINERALA NATURALA NATURAL CARBOGAZOASA BORSEC 1.5L}",0.000252560517957053,0.33203125,0.000760652854082418,243.987146902293,85
"{APA MINERALA NATURALA NATURAL CARBOGAZOASA BORSEC 1.5L,CORN CU SUSAN RIP-ROP 150G} => {APA MINERALA NATURALA CARBOGAZIFICATA CONTINUT REDUS CO2 TUSNAD 2L}",0.000109938107816599,0.393617021276596,0.000279302219858388,7.35185023373673,37
"{APA MINERALA NATURALA CARBOGAZIFICATA CONTINUT REDUS CO2 TUSNAD 2L,APA MINERALA NATURALA NATURAL CARBOGAZOASA BORSEC 1.5L} => {CORN CU SUSAN RIP-ROP 150G}",0.000109938107816599,0.411111111111111,0.00026741701901335,70.484298409464,37
"{APA MINERALA NATURALA CARBOGAZIFICATA CONTINUT REDUS CO2 TUSNAD 2L,CORN CU SUSAN RIP-ROP 150G} => {APA MINERALA NATURALA NATURAL CARBOGAZOASA BORSEC 1.5L}",0.000109938107816599,0.232704402515723,0.000472436733590252,170.998613056494,37
"{APA MINERALA NATURALA CARBOGAZIFICATA TUSNAD 2L,APA MINERALA NATURALA NATURAL CARBOGAZOASA BORSEC 1.5L} => {FRANZELA ALBA BACHUS 1KG}",0.000326843023238539,0.69620253164557,0.000469465433378992,29.0633900561785,110
"{APA MINERALA NATURALA NATURAL CARBOGAZOASA BORSEC 1.5L,FRANZELA ALBA BACHUS 1KG} => {APA MINERALA NATURALA CARBOGAZIFICATA TUSNAD 2L}",0.000326843023238539,0.582010582010582,0.000561575739928035,60.7937329011196,110
"{APA MINERALA NATURALA CARBOGAZIFICATA TUSNAD 2L,FRANZELA ALBA BACHUS 1KG} => {APA MINERALA NATURALA NATURAL CARBOGAZOASA BORSEC 1.5L}",0.000326843023238539,0.32069970845481,0.00101915597246199,235.660368951074,110
"{APA MINERALA NATURALA CARBOGAZIFICATA TUSNAD 2L,APA MINERALA NATURALA NATURAL CARBOGAZOASA BORSEC 1.5L} => {APA MINERALA NATURALA CARBOGAZIFICATA CONTINUT REDUS CO2 TUSNAD 2L}",0.000151536310774232,0.322784810126582,0.000469465433378992,6.02886931586279,51
"{APA MINERALA NATURALA CARBOGAZIFICATA CONTINUT REDUS CO2 TUSNAD 2L,APA MINERALA NATURALA NATURAL CARBOGAZOASA BORSEC 1.5L} => {APA MINERALA NATURALA CARBOGAZIFICATA TUSNAD 2L}",0.000151536310774232,0.566666666666667,0.00026741701901335,59.1909890337265,51
"{APA MINERALA NATURALA CARBOGAZIFICATA CONTINUT REDUS CO2 TUSNAD 2L,APA MINERALA NATURALA CARBOGAZIFICATA TUSNAD 2L} => {APA MINERALA NATURALA NATURAL CARBOGAZOASA BORSEC 1.5L}",0.000151536310774232,0.101796407185629,0.00148862140584098,74.8032450383077,51
"{APA MINERALA NATURALA NATURAL CARBOGAZOASA BORSEC 1.5L,FRANZELA ALBA BACHUS 1KG} => {APA MINERALA NATURALA CARBOGAZIFICATA CONTINUT REDUS CO2 TUSNAD 2L}",0.000193134513731864,0.343915343915344,0.000561575739928035,6.42353852826132,65
"{APA MINERALA NATURALA CARBOGAZIFICATA CONTINUT REDUS CO2 TUSNAD 2L,APA MINERALA NATURALA NATURAL CARBOGAZOASA BORSEC 1.5L} => {FRANZELA ALBA BACHUS 1KG}",0.000193134513731864,0.722222222222222,0.00026741701901335,30.1495975633286,65
"{BERE URSUS DOZA 500ML,LD RED SOFT 100} => {APA MINERALA NATURALA CARBOGAZIFICATA TUSNAD 2L}",0.000109938107816599,0.493333333333333,0.000222847515844458,51.5309786881854,37
"{APA MINERALA NATURALA CARBOGAZIFICATA TUSNAD 2L,BERE URSUS DOZA 500ML} => {LD RED SOFT 100}",0.000109938107816599,0.60655737704918,0.000181249312886826,291.626721311475,37
"{APA MINERALA NATURALA CARBOGAZIFICATA TUSNAD 2L,LD RED SOFT 100} => {BERE URSUS DOZA 500ML}",0.000109938107816599,0.725490196078431,0.000151536310774232,423.164474802053,37
"{BERE URSUS DOZA 500ML,LD RED SOFT 100} => {APA MINERALA NATURALA CARBOGAZOASA PERLA HARGHITEI  2L}",0.000157478911196751,0.706666666666667,0.000222847515844458,35.3494034879112,53
"{APA MINERALA NATURALA CARBOGAZOASA PERLA HARGHITEI  2L,BERE URSUS DOZA 500ML} => {LD RED SOFT 100}",0.000157478911196751,0.355704697986577,0.000442723731477657,171.019261744966,53
"{APA MINERALA NATURALA CARBOGAZOASA PERLA HARGHITEI  2L,LD RED SOFT 100} => {BERE URSUS DOZA 500ML}",0.000157478911196751,0.169871794871795,0.000927045665912947,99.0829500511043,53
"{BERE URSUS DOZA 500ML,KENT CORE SILVER} => {APA MINERALA NATURALA CARBOGAZOASA PERLA HARGHITEI  2L}",0.000234732716689496,0.814432989690722,0.000288216120492166,40.7401703298724,79
"{APA MINERALA NATURALA CARBOGAZOASA PERLA HARGHITEI  2L,BERE URSUS DOZA 500ML} => {KENT CORE SILVER}",0.000234732716689496,0.530201342281879,0.000442723731477657,130.248797335032,79
"{APA MINERALA NATURALA CARBOGAZOASA PERLA HARGHITEI  2L,KENT CORE SILVER} => {BERE URSUS DOZA 500ML}",0.000234732716689496,0.259868421052632,0.000903275264222871,151.576250798139,79
"{APA MINERALA NATURALA PLATA PERLA HARGHITEI 5L ROZ,HEETS AMBER LABEL} => {_BANANE}",0.000124794608872897,0.287671232876712,0.000433809830843879,3.13342664374251,42
"{_BANANE,HEETS AMBER LABEL} => {APA MINERALA NATURALA PLATA PERLA HARGHITEI 5L ROZ}",0.000124794608872897,0.488372093023256,0.000255531818168312,160.197946416429,42
"{_BANANE,APA MINERALA NATURALA PLATA PERLA HARGHITEI 5L ROZ} => {HEETS AMBER LABEL}",0.000124794608872897,0.283783783783784,0.000439752431266398,113.295710301048,42
"{_PATRUNJEL RADACINA KG,MAGGI CUB GAINA 120G} => {_MORCOVI}",0.000112909408027859,0.808510638297872,0.000139651109929194,19.2778378215419,38
"{_MORCOVI,MAGGI CUB GAINA 120G} => {_PATRUNJEL RADACINA KG}",0.000112909408027859,0.575757575757576,0.000196105813943123,25.168585451869,38
"{BISCUITI CU MIERE MAIA 120G,LD RED SOFT 100} => {BERE CIUC PREMIUM DOZA 500ML}",0.000112909408027859,0.431818181818182,0.000261474418590831,56.0469358061915,38
"{BERE CIUC PREMIUM DOZA 500ML,BISCUITI CU MIERE MAIA 120G} => {LD RED SOFT 100}",0.000112909408027859,0.883720930232558,0.000127765909084156,424.884186046512,38
"{BERE CIUC PREMIUM DOZA 500ML,LD RED SOFT 100} => {BISCUITI CU MIERE MAIA 120G}",0.000112909408027859,0.262068965517241,0.00043083853063262,213.043711477595,38
"{BISCUITI CU MIERE MAIA 120G,LD RED SOFT 100} => {APA MINERALA NATURALA CARBOGAZOASA PERLA HARGHITEI  2L}",0.000228790116266977,0.875,0.000261474418590831,43.7698981866825,77
"{APA MINERALA NATURALA CARBOGAZOASA PERLA HARGHITEI  2L,BISCUITI CU MIERE MAIA 120G} => {LD RED SOFT 100}",0.000228790116266977,0.927710843373494,0.000246617917534534,446.034096385542,77
"{APA MINERALA NATURALA CARBOGAZOASA PERLA HARGHITEI  2L,LD RED SOFT 100} => {BISCUITI CU MIERE MAIA 120G}",0.000228790116266977,0.246794871794872,0.000927045665912947,200.626943205748,77
"{BERE CIUC PREMIUM DOZA 500ML,BISCUITI CU MIERE MAIA 120G} => {APA MINERALA NATURALA CARBOGAZOASA PERLA HARGHITEI  2L}",0.000101024207182821,0.790697674418605,0.000127765909084156,39.5528648065702,34
"{APA MINERALA NATURALA CARBOGAZOASA PERLA HARGHITEI  2L,BISCUITI CU MIERE MAIA 120G} => {BERE CIUC PREMIUM DOZA 500ML}",0.000101024207182821,0.409638554216867,0.000246617917534534,53.1681775307942,34
"{APA MINERALA NATURALA CARBOGAZOASA PERLA HARGHITEI  2L,BERE CIUC PREMIUM DOZA 500ML} => {BISCUITI CU MIERE MAIA 120G}",0.000101024207182821,0.118881118881119,0.000849791860420201,96.6420222289787,34
"{_TELINA,MAGGI CUB GAINA 60G} => {_PATRUNJEL RADACINA KG}",0.00010696680760534,0.72,0.000148565010562972,31.4739784387583,36
"{_PATRUNJEL RADACINA KG,MAGGI CUB GAINA 60G} => {_TELINA}",0.00010696680760534,0.679245283018868,0.000157478911196751,32.4350223802283,36
"{_TELINA,MAGGI CUB GAINA 60G} => {_MORCOVI}",0.000124794608872897,0.84,0.000148565010562972,20.0286588735388,42
"{_MORCOVI,MAGGI CUB GAINA 60G} => {_TELINA}",0.000124794608872897,0.575342465753425,0.00021690491542194,27.4735006919285,42
"{_PATRUNJEL RADACINA KG,MAGGI CUB GAINA 60G} => {_MORCOVI}",0.000148565010562972,0.943396226415094,0.000157478911196751,22.4940014302996,50
"{_MORCOVI,MAGGI CUB GAINA 60G} => {_PATRUNJEL RADACINA KG}",0.000148565010562972,0.684931506849315,0.00021690491542194,29.9409992758355,50
"{KENT NANO WHITE,SMANTANA 20% GRASIME KERESZTURI 145G} => {PAINE CU CARTOFI FELII BACHUS 1.2 KG}",0.000101024207182821,0.566666666666667,0.000178278012675567,7.59511615558211,34
"{KENT NANO WHITE,PAINE CU CARTOFI FELII BACHUS 1.2 KG} => {SMANTANA 20% GRASIME KERESZTURI 145G}",0.000101024207182821,0.223684210526316,0.000451637632111436,151.167855633059,34
"{PAINE CU CARTOFI FELII BACHUS 1.2 KG,SMANTANA 20% GRASIME KERESZTURI 145G} => {KENT NANO WHITE}",0.000101024207182821,0.336633663366337,0.000300101321337204,192.351560792752,34
"{KENT NANO WHITE,LAPTE DE CONSUM 1.5% GRASIME FRISS CUTIE 1L} => {PAINE CU CARTOFI FELII BACHUS 1.2 KG}",0.000202048414365642,0.53968253968254,0.00037438382661869,7.23344395769724,68
"{KENT NANO WHITE,PAINE CU CARTOFI FELII BACHUS 1.2 KG} => {LAPTE DE CONSUM 1.5% GRASIME FRISS CUTIE 1L}",0.000202048414365642,0.447368421052632,0.000451637632111436,15.6934734428316,68
"{APA MINERALA NATURALA CARBOGAZIFICATA CONTINUT REDUS CO2 TUSNAD 2L,KENT NANO WHITE} => {PAINE CU CARTOFI FELII BACHUS 1.2 KG}",0.000112909408027859,0.475,0.000237704016900756,6.36649442453206,38
"{KENT NANO WHITE,PAINE CU CARTOFI FELII BACHUS 1.2 KG} => {APA MINERALA NATURALA CARBOGAZIFICATA CONTINUT REDUS CO2 TUSNAD 2L}",0.000112909408027859,0.25,0.000451637632111436,4.66941839169765,38
"{BERE CIUC PREMIUM DOZA 500ML,MOGYI SEMINTE DOVLEAC PRAJITE SI SARATE 150G} => {BERE GOLDEN BRAU DOZA 500ML}",0.000136679809717934,0.741935483870968,0.000184220613098086,61.8530128568803,46
"{BERE GOLDEN BRAU DOZA 500ML,MOGYI SEMINTE DOVLEAC PRAJITE SI SARATE 150G} => {BERE CIUC PREMIUM DOZA 500ML}",0.000136679809717934,0.851851851851852,0.00016045021140801,110.564325605976,46
"{BERE CIUC PREMIUM DOZA 500ML,BERE GOLDEN BRAU DOZA 500ML} => {MOGYI SEMINTE DOVLEAC PRAJITE SI SARATE 150G}",0.000136679809717934,0.171641791044776,0.000796308456617531,140.210096362846,46
"{LD RED SOFT 100,PAINE ROGANA COUNTRY 500G} => {BERE CIUC PREMIUM DOZA 500ML}",0.000130737209295416,0.389380530973451,0.000335756923872317,50.5388298652942,44
"{BERE CIUC PREMIUM DOZA 500ML,LD RED SOFT 100} => {PAINE ROGANA COUNTRY 500G}",0.000130737209295416,0.303448275862069,0.00043083853063262,169.645228548516,44
"{BERE CIUC PREMIUM DOZA 500ML,PAINE ROGANA COUNTRY 500G} => {LD RED SOFT 100}",0.000130737209295416,0.956521739130435,0.000136679809717934,459.886086956522,44
"{LD RED SOFT 100,PAINE ROGANA COUNTRY 500G} => {APA MINERALA NATURALA CARBOGAZOASA PERLA HARGHITEI  2L}",0.000285244820280907,0.849557522123894,0.000335756923872317,42.4971957109636,96
"{APA MINERALA NATURALA CARBOGAZOASA PERLA HARGHITEI  2L,LD RED SOFT 100} => {PAINE ROGANA COUNTRY 500G}",0.000285244820280907,0.307692307692308,0.000927045665912947,172.017889087657,96
"{APA MINERALA NATURALA CARBOGAZOASA PERLA HARGHITEI  2L,PAINE ROGANA COUNTRY 500G} => {LD RED SOFT 100}",0.000285244820280907,0.888888888888889,0.00032090042281602,427.368888888889,96
"{LD RED SOFT 100,SALAM VICTORIA GROS CAMPOFRIO} => {APA MINERALA NATURALA CARBOGAZOASA PERLA HARGHITEI  2L}",0.000112909408027859,0.808510638297872,0.000139651109929194,40.4439180813115,38
"{APA MINERALA NATURALA CARBOGAZOASA PERLA HARGHITEI  2L,LD RED SOFT 100} => {SALAM VICTORIA GROS CAMPOFRIO}",0.000112909408027859,0.121794871794872,0.000927045665912947,78.0770085470085,38
"{APA MINERALA NATURALA CARBOGAZOASA PERLA HARGHITEI  2L,SALAM VICTORIA GROS CAMPOFRIO} => {LD RED SOFT 100}",0.000112909408027859,0.745098039215686,0.000151536310774232,358.23568627451,38
"{BERE NEUMARKT 1L PET,LD RED SOFT 100} => {APA MINERALA NATURALA CARBOGAZOASA PERLA HARGHITEI  2L}",0.000163421511619269,0.887096774193548,0.000184220613098086,44.3750119864984,55
"{APA MINERALA NATURALA CARBOGAZOASA PERLA HARGHITEI  2L,LD RED SOFT 100} => {BERE NEUMARKT 1L PET}",0.000163421511619269,0.176282051282051,0.000927045665912947,72.0877924728168,55
"{APA MINERALA NATURALA CARBOGAZOASA PERLA HARGHITEI  2L,BERE NEUMARKT 1L PET} => {LD RED SOFT 100}",0.000163421511619269,0.679012345679012,0.000240675317112015,326.462345679012,55
"{BERE NEUMARKT 500ML PET,LD RED SOFT 100} => {APA MINERALA NATURALA CARBOGAZOASA PERLA HARGHITEI  2L}",0.000151536310774232,0.796875,0.000190163213520604,39.8618715628716,51
"{APA MINERALA NATURALA CARBOGAZOASA PERLA HARGHITEI  2L,LD RED SOFT 100} => {BERE NEUMARKT 500ML PET}",0.000151536310774232,0.163461538461538,0.000927045665912947,35.4696783712741,51
"{APA MINERALA NATURALA CARBOGAZOASA PERLA HARGHITEI  2L,BERE NEUMARKT 500ML PET} => {LD RED SOFT 100}",0.000151536310774232,0.607142857142857,0.000249589217745793,291.908214285714,51
"{BERE CIUC PREMIUM DOZA 500ML,LD RED SOFT 100} => {APA MINERALA NATURALA CARBOGAZOASA PERLA HARGHITEI  2L}",0.000389240327674987,0.903448275862069,0.00043083853063262,45.1929589159047,131
"{APA MINERALA NATURALA CARBOGAZOASA PERLA HARGHITEI  2L,LD RED SOFT 100} => {BERE CIUC PREMIUM DOZA 500ML}",0.000389240327674987,0.419871794871795,0.000927045665912947,54.496379552444,131
"{APA MINERALA NATURALA CARBOGAZOASA PERLA HARGHITEI  2L,BERE CIUC PREMIUM DOZA 500ML} => {LD RED SOFT 100}",0.000389240327674987,0.458041958041958,0.000849791860420201,220.221993006993,131
"{_CARTOFI ALBI 2.5KG,_PATRUNJEL RADACINA KG} => {_MORCOVI}",0.000101024207182821,0.871794871794872,0.000115880708239118,20.7867643986666,34
"{_CARTOFI ALBI 2.5KG,_MORCOVI} => {_PATRUNJEL RADACINA KG}",0.000101024207182821,0.557377049180328,0.000181249312886826,24.3651017057783,34
"{LAPTE DE CONSUM 1.5% GRASIME FRISS CUTIE 1L,SMANTANA 20% GRASIME KERESZTURI 145G} => {PAINE CU CARTOFI FELII BACHUS 1.2 KG}",0.000103995507394081,0.538461538461538,0.000193134513731864,7.2170786998744,35
"{PAINE CU CARTOFI FELII BACHUS 1.2 KG,SMANTANA 20% GRASIME KERESZTURI 145G} => {LAPTE DE CONSUM 1.5% GRASIME FRISS CUTIE 1L}",0.000103995507394081,0.346534653465347,0.000300101321337204,12.1562723814595,35
"{APA MINERALA NATURALA CARBOGAZIFICATA TUSNAD 2L,BERE BORSODI DOZA 500ML} => {FRANZELA ALBA BACHUS 1KG}",0.000103995507394081,0.833333333333333,0.000124794608872897,34.7879971884561,35
"{BERE BORSODI DOZA 500ML,FRANZELA ALBA BACHUS 1KG} => {APA MINERALA NATURALA CARBOGAZIFICATA TUSNAD 2L}",0.000103995507394081,0.522388059701492,0.000199077114154383,54.5658810231894,35
"{APA MINERALA NATURALA CARBOGAZIFICATA TUSNAD 2L,FRANZELA ALBA BACHUS 1KG} => {BERE BORSODI DOZA 500ML}",0.000103995507394081,0.102040816326531,0.00101915597246199,49.484355701935,35
"{CORN RIP-ROP 100G,SNACK DIN CARTOFI POM-BAR ORIGINAL 40G} => {LAPTE DE CONSUM 1.5% GRASIME FRISS CUTIE 1L}",0.000101024207182821,0.566666666666667,0.000178278012675567,19.8783996942534,34
"{LAPTE DE CONSUM 1.5% GRASIME FRISS CUTIE 1L,SNACK DIN CARTOFI POM-BAR ORIGINAL 40G} => {CORN RIP-ROP 100G}",0.000101024207182821,0.548387096774194,0.000184220613098086,33.6667863153311,34
"{CORN RIP-ROP 100G,LAPTE DE CONSUM 1.5% GRASIME FRISS CUTIE 1L} => {SNACK DIN CARTOFI POM-BAR ORIGINAL 40G}",0.000101024207182821,0.107594936708861,0.000938930866757985,81.1914769824601,34
"{APA MINERALA NATURALA DECARBOGAZIFICATA PARTIAL PERLA HARGHITEI 2L,FOIETAJ CU BRANZA RIP-ROP 100G} => {SZEKELYHON}",0.000255531818168312,0.83495145631068,0.000306043921759723,53.2610723039667,86
"{FOIETAJ CU BRANZA RIP-ROP 100G,SZEKELYHON} => {APA MINERALA NATURALA DECARBOGAZIFICATA PARTIAL PERLA HARGHITEI 2L}",0.000255531818168312,0.761061946902655,0.000335756923872317,66.4257472551684,86
"{APA MINERALA NATURALA DECARBOGAZIFICATA PARTIAL PERLA HARGHITEI 2L,SZEKELYHON} => {FOIETAJ CU BRANZA RIP-ROP 100G}",0.000255531818168312,0.282894736842105,0.000903275264222871,144.037930965841,86
"{BERE HARGHITA 500ML STICLA,L&M RED LABEL BOX} => {APA MINERALA NATURALA CARBO.TIVA HARGHITA 2.5L}",0.000112909408027859,0.224852071005917,0.000502149735702846,30.0177068834805,38
"{APA MINERALA NATURALA CARBO.TIVA HARGHITA 2.5L,BERE HARGHITA 500ML STICLA} => {L&M RED LABEL BOX}",0.000112909408027859,0.926829268292683,0.000121823308661637,172.717148799395,38
"{APA MINERALA NATURALA CARBO.TIVA HARGHITA 2.5L,L&M RED LABEL BOX} => {BERE HARGHITA 500ML STICLA}",0.000112909408027859,0.358490566037736,0.000314957822393501,201.757651290465,38
"{KINDER CIOCOLATA COUNTRY 23.5G,SZEKELYHON} => {FRANZELA ALBA COUNTRY 1KG}",0.000184220613098086,0.738095238095238,0.000249589217745793,33.2585575936091,62
"{FRANZELA ALBA COUNTRY 1KG,KINDER CIOCOLATA COUNTRY 23.5G} => {SZEKELYHON}",0.000184220613098086,0.775,0.000237704016900756,49.436803449583,62
"{FRANZELA ALBA COUNTRY 1KG,SZEKELYHON} => {KINDER CIOCOLATA COUNTRY 23.5G}",0.000184220613098086,0.135076252723312,0.00136382679696809,92.9658856498746,62
"{BERE CIUC PREMIUM DOZA 500ML,PAINE ROGANA COUNTRY 500G} => {APA MINERALA NATURALA CARBOGAZOASA PERLA HARGHITEI  2L}",0.000127765909084156,0.934782608695652,0.000136679809717934,46.7603881249031,43
"{APA MINERALA NATURALA CARBOGAZOASA PERLA HARGHITEI  2L,PAINE ROGANA COUNTRY 500G} => {BERE CIUC PREMIUM DOZA 500ML}",0.000127765909084156,0.398148148148148,0.00032090042281602,51.676804359315,43
"{APA MINERALA NATURALA CARBOGAZOASA PERLA HARGHITEI  2L,BERE CIUC PREMIUM DOZA 500ML} => {PAINE ROGANA COUNTRY 500G}",0.000127765909084156,0.15034965034965,0.000849791860420201,84.0541958041958,43
"{FANTA PORTOCALE 2.5L PET,KENT 100 S} => {COCA COLA 2.5L PET}",0.000184220613098086,0.939393939393939,0.000196105813943123,209.791538477006,62
"{COCA COLA 2.5L PET,FANTA PORTOCALE 2.5L PET} => {KENT 100 S}",0.000184220613098086,0.46969696969697,0.000392211627886247,106.737288482393,62
"{COCA COLA 2.5L PET,KENT 100 S} => {FANTA PORTOCALE 2.5L PET}",0.000184220613098086,0.18960244648318,0.000971615169081839,97.570752555434,62
"{BISCUITI EUGENIA CU CREMA DE CACAO ROSTAR FOX 30G,DANONE ACTIVIA NATUR 125G} => {PAINE CU CARTOFI FELII BACHUS 1.2 KG}",0.000181249312886826,0.74390243902439,0.000243646617323275,9.97063311672543,61
"{BISCUITI EUGENIA CU CREMA DE CACAO ROSTAR FOX 30G,PAINE CU CARTOFI FELII BACHUS 1.2 KG} => {DANONE ACTIVIA NATUR 125G}",0.000181249312886826,0.38125,0.000475408033801511,33.2842623216602,61
"{DANONE ACTIVIA NATUR 125G,PAINE CU CARTOFI FELII BACHUS 1.2 KG} => {BISCUITI EUGENIA CU CREMA DE CACAO ROSTAR FOX 30G}",0.000181249312886826,0.125773195876289,0.00144108060246083,71.9886843397153,61
"{_PATRUNJEL RADACINA KG,BONDUELLE MAZARE VERDE 545G} => {_MORCOVI}",0.000118852008450378,0.816326530612245,0.000145593710351713,19.4641971560144,40
"{_MORCOVI,BONDUELLE MAZARE VERDE 545G} => {_PATRUNJEL RADACINA KG}",0.000118852008450378,0.625,0.000190163213520604,27.3211618391999,40
"{NESCAFE BRASERO 1.8G,PAINE ALBA CU CARTOFI FELII BRUTARIA SANDOR 500G} => {_BANANE}",0.000124794608872897,0.538461538461538,0.000231761416478237,5.86513192290265,42
"{_BANANE,NESCAFE BRASERO 1.8G} => {PAINE ALBA CU CARTOFI FELII BRUTARIA SANDOR 500G}",0.000124794608872897,0.276315789473684,0.000451637632111436,73.5719208027981,42
"{_BANANE,PAINE ALBA CU CARTOFI FELII BRUTARIA SANDOR 500G} => {NESCAFE BRASERO 1.8G}",0.000124794608872897,0.215384615384615,0.000579403541195592,112.037617405778,42
"{NESCAFE BRASERO 1.8G,WINCHESTER SOFT} => {SZEKELYHON}",0.000101024207182821,0.790697674418605,0.000127765909084156,50.4381490558386,34
"{NESCAFE BRASERO 1.8G,SZEKELYHON} => {WINCHESTER SOFT}",0.000101024207182821,0.772727272727273,0.000130737209295416,201.599753347428,34
"{SZEKELYHON,WINCHESTER SOFT} => {NESCAFE BRASERO 1.8G}",0.000101024207182821,0.186813186813187,0.000540776638449219,97.1754844846035,34
"{REAL PATEU DE GASCA 48G,REAL PATEU DE RATA 48G} => {REAL PATEU DE PUI 48G}",0.000115880708239118,0.24375,0.000475408033801511,134.925647615132,39
"{REAL PATEU DE GASCA 48G,REAL PATEU DE PUI 48G} => {REAL PATEU DE RATA 48G}",0.000115880708239118,0.367924528301887,0.000314957822393501,259.050426304571,39
"{REAL PATEU DE PUI 48G,REAL PATEU DE RATA 48G} => {REAL PATEU DE GASCA 48G}",0.000115880708239118,0.361111111111111,0.00032090042281602,254.786221756348,39
"{DANONE IAURT DELICIOS CAISE 125G,DANONE IAURT DELICIOS VISINE 125G} => {DANONE IAURT DELICIOS FRUCTE DE PADURE 125G}",0.000145593710351713,0.362962962962963,0.000401125528520025,191.467514222687,49
"{DANONE IAURT DELICIOS FRUCTE DE PADURE 125G,DANONE IAURT DELICIOS VISINE 125G} => {DANONE IAURT DELICIOS CAISE 125G}",0.000145593710351713,0.429824561403509,0.000338728224083577,223.929946770952,49
"{DANONE IAURT DELICIOS CAISE 125G,DANONE IAURT DELICIOS FRUCTE DE PADURE 125G} => {DANONE IAURT DELICIOS VISINE 125G}",0.000145593710351713,0.475728155339806,0.000306043921759723,320.857190108372,49
"{DANONE IAURT DELICIOS CAISE 125G,DANONE IAURT DELICIOS VISINE 125G} => {DANONE IAURT DELICIOS CAPSUNI 125G}",0.000169364112041788,0.422222222222222,0.000401125528520025,207.445482562855,57
"{DANONE IAURT DELICIOS CAPSUNI 125G,DANONE IAURT DELICIOS VISINE 125G} => {DANONE IAURT DELICIOS CAISE 125G}",0.000169364112041788,0.537735849056604,0.000314957822393501,280.149556048835,57
"{DANONE IAURT DELICIOS CAISE 125G,DANONE IAURT DELICIOS CAPSUNI 125G} => {DANONE IAURT DELICIOS VISINE 125G}",0.000169364112041788,0.331395348837209,0.000511063636336625,223.511220114648,57
"{DANONE IAURT DELICIOS CAISE 125G,DANONE IAURT DELICIOS VISINE 125G} => {_BANANE}",0.000103995507394081,0.259259259259259,0.000401125528520025,2.8239524073235,35
"{_BANANE,DANONE IAURT DELICIOS VISINE 125G} => {DANONE IAURT DELICIOS CAISE 125G}",0.000103995507394081,0.230263157894737,0.000451637632111436,119.962471484439,35
"{_BANANE,DANONE IAURT DELICIOS CAISE 125G} => {DANONE IAURT DELICIOS VISINE 125G}",0.000103995507394081,0.214723926380368,0.00048432193443529,144.82160640299,35
"{DANONE IAURT DELICIOS FRUCTE DE PADURE 125G,DANONE IAURT DELICIOS VISINE 125G} => {DANONE IAURT DELICIOS CAPSUNI 125G}",0.000145593710351713,0.429824561403509,0.000338728224083577,211.180650531438,49
"{DANONE IAURT DELICIOS CAPSUNI 125G,DANONE IAURT DELICIOS VISINE 125G} => {DANONE IAURT DELICIOS FRUCTE DE PADURE 125G}",0.000145593710351713,0.462264150943396,0.000314957822393501,243.850136038327,49
"{DANONE IAURT DELICIOS CAPSUNI 125G,DANONE IAURT DELICIOS FRUCTE DE PADURE 125G} => {DANONE IAURT DELICIOS VISINE 125G}",0.000145593710351713,0.485148514851485,0.000300101321337204,327.21079783329,49
"{DANONE IAURT DELICIOS FRUCTE DE PADURE 125G,DANONE IAURT DELICIOS VISINE 125G} => {_BANANE}",0.000103995507394081,0.307017543859649,0.000338728224083577,3.3441541665673,35
"{_BANANE,DANONE IAURT DELICIOS VISINE 125G} => {DANONE IAURT DELICIOS FRUCTE DE PADURE 125G}",0.000103995507394081,0.230263157894737,0.000451637632111436,121.466703101798,35
"{_BANANE,DANONE IAURT DELICIOS FRUCTE DE PADURE 125G} => {DANONE IAURT DELICIOS VISINE 125G}",0.000103995507394081,0.194444444444444,0.0005348340380267,131.144010242708,35
"{ELAN UNT 60% GRASIME 200G,PAINE INTEGRALA FELII BACHUS 500G} => {_BANANE}",0.00016045021140801,0.915254237288136,0.000175306712464307,9.96930414013962,54
"{_BANANE,PAINE INTEGRALA FELII BACHUS 500G} => {ELAN UNT 60% GRASIME 200G}",0.00016045021140801,0.195652173913043,0.000820078858307607,56.8139137937502,54
"{_BANANE,ELAN UNT 60% GRASIME 200G} => {PAINE INTEGRALA FELII BACHUS 500G}",0.00016045021140801,0.180602006688963,0.000888418763166574,75.3186457957753,54
"{MOGYI PORUMB PT.POPCORN MICRO CU CASC.100G,MOGYI PORUMB PT.POPCORN MICRO CU UNT 100G} => {MOGYI PORUMB PT.POPCORN MICRO CU SARE 100G}",0.000199077114154383,0.406060606060606,0.000490264534857808,140.742446088069,67
"{MOGYI PORUMB PT.POPCORN MICRO CU CASC.100G,MOGYI PORUMB PT.POPCORN MICRO CU SARE 100G} => {MOGYI PORUMB PT.POPCORN MICRO CU UNT 100G}",0.000199077114154383,0.51937984496124,0.000383297727252468,268.096387977362,67
"{MOGYI PORUMB PT.POPCORN MICRO CU SARE 100G,MOGYI PORUMB PT.POPCORN MICRO CU UNT 100G} => {MOGYI PORUMB PT.POPCORN MICRO CU CASC.100G}",0.000199077114154383,0.374301675977654,0.000531862737815441,255.004761043132,67
"{MOGYI PORUMB PT.POPCORN MICRO CU CASC.100G,MOGYI PORUMB PT.POPCORN MICRO CU UNT 100G} => {_BANANE}",0.000112909408027859,0.23030303030303,0.000490264534857808,2.50854993066139,38
"{_BANANE,MOGYI PORUMB PT.POPCORN MICRO CU CASC.100G} => {MOGYI PORUMB PT.POPCORN MICRO CU UNT 100G}",0.000112909408027859,0.5,0.000225818816055718,258.092791411043,38
"{_BANANE,MOGYI PORUMB PT.POPCORN MICRO CU UNT 100G} => {MOGYI PORUMB PT.POPCORN MICRO CU CASC.100G}",0.000112909408027859,0.345454545454545,0.000326843023238539,235.351748251748,38
"{_GULII,BONDUELLE MAZARE VERDE BOABE 200G} => {_PATRUNJEL RADACINA KG}",0.000101024207182821,0.755555555555556,0.000133708509506675,33.0282489789439,34
"{_PATRUNJEL RADACINA KG,BONDUELLE MAZARE VERDE BOABE 200G} => {_GULII}",0.000101024207182821,0.414634146341463,0.000243646617323274,45.1460258342473,34
"{_GULII,BONDUELLE MAZARE VERDE BOABE 200G} => {_MORCOVI}",0.00010696680760534,0.8,0.000133708509506675,19.0749132128941,36
"{_MORCOVI,BONDUELLE MAZARE VERDE BOABE 200G} => {_GULII}",0.00010696680760534,0.371134020618557,0.000288216120492166,40.4096629056089,36
"{_TELINA,BONDUELLE MAZARE VERDE BOABE 200G} => {_PATRUNJEL RADACINA KG}",0.000157478911196751,0.791044776119403,0.000199077114154383,34.579619760659,53
"{_PATRUNJEL RADACINA KG,BONDUELLE MAZARE VERDE BOABE 200G} => {_TELINA}",0.000157478911196751,0.646341463414634,0.000243646617323274,30.8638136402647,53
"{_TELINA,BONDUELLE MAZARE VERDE BOABE 200G} => {_MORCOVI}",0.000157478911196751,0.791044776119403,0.000199077114154383,18.8613880649886,53
"{_MORCOVI,BONDUELLE MAZARE VERDE BOABE 200G} => {_TELINA}",0.000157478911196751,0.54639175257732,0.000288216120492166,26.0910589536258,53
"{_PATRUNJEL RADACINA KG,BONDUELLE MAZARE VERDE BOABE 200G} => {_MORCOVI}",0.000210962314999421,0.865853658536585,0.000243646617323274,20.6451042395652,71
"{_MORCOVI,BONDUELLE MAZARE VERDE BOABE 200G} => {_PATRUNJEL RADACINA KG}",0.000210962314999421,0.731958762886598,0.000288216120492166,31.9967421127125,71
"{_PATRUNJEL RADACINA KG,CIOLAN AFUMAT FARA OS ELIT} => {_MORCOVI}",0.000112909408027859,0.883720930232558,0.000127765909084156,21.0711250607551,38
"{_MORCOVI,CIOLAN AFUMAT FARA OS ELIT} => {_PATRUNJEL RADACINA KG}",0.000112909408027859,0.447058823529412,0.000252560517957053,19.542666350863,38
"{BISCUITI EUGENIA CU CREMA DE CACAO BOROMIR 30G,SZEKELYHON} => {FRANZELA ALBA COUNTRY 1KG}",0.000127765909084156,0.623188405797101,0.000205019714576902,28.0808578840851,43
"{BISCUITI EUGENIA CU CREMA DE CACAO BOROMIR 30G,FRANZELA ALBA COUNTRY 1KG} => {SZEKELYHON}",0.000127765909084156,0.754385964912281,0.000169364112041788,48.1218460290225,43
"{APA MINERALA NATURALA PLATA PERLA HARGHITEI 5L ROZ,DANONE ACTIVIA NATUR 125G} => {_BANANE}",0.000101024207182821,0.548387096774194,0.000184220613098086,5.97324495373957,34
"{_BANANE,APA MINERALA NATURALA PLATA PERLA HARGHITEI 5L ROZ} => {DANONE ACTIVIA NATUR 125G}",0.000101024207182821,0.22972972972973,0.000439752431266398,20.0560907210713,34
"{_TELINA,_VARZA PROASPATA} => {_PATRUNJEL RADACINA KG}",0.000101024207182821,0.607142857142857,0.000166392811830529,26.5405572152228,34
"{_PATRUNJEL RADACINA KG,_VARZA PROASPATA} => {_TELINA}",0.000101024207182821,0.62962962962963,0.00016045021140801,30.0657974944297,34
"{_TELINA,_VARZA PROASPATA} => {_MORCOVI}",0.000127765909084156,0.767857142857143,0.000166392811830529,18.308510449876,43
"{_MORCOVI,_VARZA PROASPATA} => {_TELINA}",0.000127765909084156,0.358333333333333,0.000356556025351133,17.1109759269769,43
"{_PATRUNJEL RADACINA KG,_VARZA PROASPATA} => {_MORCOVI}",0.000133708509506675,0.833333333333333,0.00016045021140801,19.8697012634313,45
"{_MORCOVI,_VARZA PROASPATA} => {_PATRUNJEL RADACINA KG}",0.000133708509506675,0.375,0.000356556025351133,16.3926971035199,45
"{PALL MALL BLUE,SMANTANA 12% GRASIME KERESZTURI 350G} => {PAINE CU CARTOFI FELII BACHUS 1.2 KG}",0.000124794608872897,0.688524590163934,0.000181249312886826,9.22839571459349,42
"{PAINE CU CARTOFI FELII BACHUS 1.2 KG,SMANTANA 12% GRASIME KERESZTURI 350G} => {PALL MALL BLUE}",0.000124794608872897,0.407766990291262,0.000306043921759723,33.9943532037392,42
"{_TELINA,ARIPI PUI REFRIGERAT VRAC SZEKELY CSURKE} => {_PATRUNJEL RADACINA KG}",0.00010696680760534,0.610169491525424,0.000175306712464307,26.6728630836935,36
"{_PATRUNJEL RADACINA KG,ARIPI PUI REFRIGERAT VRAC SZEKELY CSURKE} => {_TELINA}",0.00010696680760534,0.580645161290323,0.000184220613098086,27.7267126798726,36
"{_TELINA,ARIPI PUI REFRIGERAT VRAC SZEKELY CSURKE} => {_MORCOVI}",0.000118852008450378,0.677966101694915,0.000175306712464307,16.1651806888933,40
"{_MORCOVI,ARIPI PUI REFRIGERAT VRAC SZEKELY CSURKE} => {_TELINA}",0.000118852008450378,0.465116279069767,0.000255531818168312,22.2100282448592,40
"{_PATRUNJEL RADACINA KG,ARIPI PUI REFRIGERAT VRAC SZEKELY CSURKE} => {_MORCOVI}",0.000154507610985491,0.838709677419355,0.000184220613098086,19.9978928844857,52
"{_MORCOVI,ARIPI PUI REFRIGERAT VRAC SZEKELY CSURKE} => {_PATRUNJEL RADACINA KG}",0.000154507610985491,0.604651162790698,0.000255531818168312,26.4316356397841,52
"{BERE STAROPRAMEN DOZA 5% 500ML,CORN CU SUSAN RIP-ROP 150G} => {FRANZELA ALBA BACHUS 1KG}",0.000118852008450378,0.952380952380952,0.000124794608872897,39.7577110725213,40
"{BERE STAROPRAMEN DOZA 5% 500ML,FRANZELA ALBA BACHUS 1KG} => {CORN CU SUSAN RIP-ROP 150G}",0.000118852008450378,0.363636363636364,0.000326843023238539,62.344833973973,40
"{CORN CU SUSAN RIP-ROP 150G,FRANZELA ALBA BACHUS 1KG} => {BERE STAROPRAMEN DOZA 5% 500ML}",0.000118852008450378,0.15625,0.000760652854082418,56.727514832794,40
"{APA MINERALA NATURALA CARBOGAZIFICATA TUSNAD 2L,BERE STAROPRAMEN DOZA 5% 500ML} => {FRANZELA ALBA BACHUS 1KG}",0.000210962314999421,0.633928571428571,0.000332785623661058,26.463726432647,71
"{BERE STAROPRAMEN DOZA 5% 500ML,FRANZELA ALBA BACHUS 1KG} => {APA MINERALA NATURALA CARBOGAZIFICATA TUSNAD 2L}",0.000210962314999421,0.645454545454546,0.000326843023238539,67.4207522148863,71
"{APA MINERALA NATURALA CARBOGAZIFICATA TUSNAD 2L,FRANZELA ALBA BACHUS 1KG} => {BERE STAROPRAMEN DOZA 5% 500ML}",0.000210962314999421,0.206997084548105,0.00101915597246199,75.1515531779055,71
"{CARNATI PROASPETI,SANGERETE VRAC} => {CALTABOS VRAC}",0.000742825052814861,0.880281690140845,0.000843849259997682,239.11335243097,250
"{CALTABOS VRAC,CARNATI PROASPETI} => {SANGERETE VRAC}",0.000742825052814861,0.783699059561129,0.000947844767391763,292.412715734453,250
"{CALTABOS VRAC,SANGERETE VRAC} => {CARNATI PROASPETI}",0.000742825052814861,0.333333333333333,0.00222847515844458,176.113553113553,250
"{CARNATI PROASPETI,SANGERETE VRAC} => {CARNE TOCATA PORC VRAC}",0.000103995507394081,0.123239436619718,0.000843849259997682,4.12579350568746,35
"{CARNATI PROASPETI,CARNE TOCATA PORC VRAC} => {SANGERETE VRAC}",0.000103995507394081,0.466666666666667,0.000222847515844458,174.122025129342,35
"{CARNE TOCATA PORC VRAC,SANGERETE VRAC} => {CARNATI PROASPETI}",0.000103995507394081,0.324074074074074,0.00032090042281602,171.22150997151,35
"{CALTABOS VRAC,CARNATI PROASPETI} => {CARNE TOCATA PORC VRAC}",0.000103995507394081,0.109717868338558,0.000947844767391763,3.67312023703837,35
"{CARNATI PROASPETI,CARNE TOCATA PORC VRAC} => {CALTABOS VRAC}",0.000103995507394081,0.466666666666667,0.000222847515844458,126.761958568738,35
"{CALTABOS VRAC,CARNE TOCATA PORC VRAC} => {CARNATI PROASPETI}",0.000103995507394081,0.213414634146341,0.000487293234646549,112.755628517824,35
"{CALTABOS VRAC,CARNATI PROASPETI} => {PAINE DE CASA PE FOI DE VARZA RIP-ROP 1KG}",0.000121823308661637,0.128526645768025,0.000947844767391763,2.20300627518035,41
"{CARNATI PROASPETI,PAINE DE CASA PE FOI DE VARZA RIP-ROP 1KG} => {CALTABOS VRAC}",0.000121823308661637,0.546666666666667,0.000222847515844458,148.492580037665,41
"{CALTABOS VRAC,PAINE DE CASA PE FOI DE VARZA RIP-ROP 1KG} => {CARNATI PROASPETI}",0.000121823308661637,0.288732394366197,0.000421924629998841,152.549063612444,41
"{CALTABOS VRAC,CARNATI PROASPETI} => {_BANANE}",0.000109938107816599,0.115987460815047,0.000947844767391763,1.26338040972511,37
"{_BANANE,CARNATI PROASPETI} => {CALTABOS VRAC}",0.000109938107816599,0.506849315068493,0.000216904915421939,137.676882594226,37
"{_BANANE,CALTABOS VRAC} => {CARNATI PROASPETI}",0.000109938107816599,0.243421052631579,0.000451637632111436,128.609239444766,37
"{CORVIN REJTVENYMAGAZIN,SKANDI CORVIN} => {APA MINERALA NATURALA CARBOGAZIFICATA CONTINUT REDUS CO2 TUSNAD 2L}",0.000166392811830529,0.262910798122066,0.000632886944998262,4.91056206450833,56
"{APA MINERALA NATURALA CARBOGAZIFICATA CONTINUT REDUS CO2 TUSNAD 2L,CORVIN REJTVENYMAGAZIN} => {SKANDI CORVIN}",0.000166392811830529,0.777777777777778,0.00021393361521068,262.025469914359,56
"{APA MINERALA NATURALA CARBOGAZIFICATA CONTINUT REDUS CO2 TUSNAD 2L,SKANDI CORVIN} => {CORVIN REJTVENYMAGAZIN}",0.000166392811830529,0.341463414634146,0.000487293234646549,119.212174881085,56
"{DANONE IAURT DELICIOS CAISE 125G,DANONE IAURT DELICIOS FRUCTE DE PADURE 125G} => {DANONE IAURT DELICIOS CAPSUNI 125G}",0.000163421511619269,0.533980582524272,0.000306043921759723,262.354404365389,55
"{DANONE IAURT DELICIOS CAISE 125G,DANONE IAURT DELICIOS CAPSUNI 125G} => {DANONE IAURT DELICIOS FRUCTE DE PADURE 125G}",0.000163421511619269,0.319767441860465,0.000511063636336625,168.681335204491,55
"{DANONE IAURT DELICIOS CAPSUNI 125G,DANONE IAURT DELICIOS FRUCTE DE PADURE 125G} => {DANONE IAURT DELICIOS CAISE 125G}",0.000163421511619269,0.544554455445545,0.000300101321337204,283.701912760936,55
"{DANONE IAURT DELICIOS CAISE 125G,DANONE IAURT DELICIOS CAPSUNI 125G} => {_BANANE}",0.000151536310774232,0.296511627906977,0.000511063636336625,3.22971965521965,51
"{_BANANE,DANONE IAURT DELICIOS CAISE 125G} => {DANONE IAURT DELICIOS CAPSUNI 125G}",0.000151536310774232,0.312883435582822,0.00048432193443529,153.725341453585,51
"{_BANANE,DANONE IAURT DELICIOS CAPSUNI 125G} => {DANONE IAURT DELICIOS CAISE 125G}",0.000151536310774232,0.283333333333333,0.0005348340380267,147.610964912281,51
"{KENT CORE BLUE,ORBIT PASTILE WATERMELON 14G} => {NESCAFE 3IN1 MILD 15G}",0.000172335412253048,0.475409836065574,0.000362498625773652,164.271669976773,58
"{NESCAFE 3IN1 MILD 15G,ORBIT PASTILE WATERMELON 14G} => {KENT CORE BLUE}",0.000172335412253048,0.816901408450704,0.000210962314999421,256.944504409635,58
"{KENT CORE BLUE,NESCAFE 3IN1 MILD 15G} => {ORBIT PASTILE WATERMELON 14G}",0.000172335412253048,0.666666666666667,0.000258503118379572,309.474022988506,58
"{KENT CORE BLUE,ORBIT PASTILE WATERMELON 14G} => {_SALATA VERDE BUC}",0.000121823308661637,0.336065573770492,0.000362498625773652,88.7089231758277,41
"{_SALATA VERDE BUC,ORBIT PASTILE WATERMELON 14G} => {KENT CORE BLUE}",0.000121823308661637,0.745454545454545,0.000163421511619269,234.471928632116,41
"{_SALATA VERDE BUC,KENT CORE BLUE} => {ORBIT PASTILE WATERMELON 14G}",0.000121823308661637,0.640625,0.000190163213520604,297.385193965517,41
"{KENT CORE BLUE,ORBIT PASTILE WATERMELON 14G} => {APA MINERALA NATURALA DECARBOGAZIFICATA PARTIAL PERLA HARGHITEI 2L}",0.000115880708239118,0.319672131147541,0.000362498625773652,27.9010930378886,39
"{APA MINERALA NATURALA DECARBOGAZIFICATA PARTIAL PERLA HARGHITEI 2L,ORBIT PASTILE WATERMELON 14G} => {KENT CORE BLUE}",0.000115880708239118,0.764705882352941,0.000151536310774232,240.527157778999,39
"{APA MINERALA NATURALA DECARBOGAZIFICATA PARTIAL PERLA HARGHITEI 2L,KENT CORE BLUE} => {ORBIT PASTILE WATERMELON 14G}",0.000115880708239118,0.696428571428571,0.000166392811830529,323.289827586207,39
"{KENT CORE BLUE,ORBIT PASTILE WATERMELON 14G} => {_CASTRAVETI FABIO}",0.000184220613098086,0.508196721311475,0.000362498625773652,65.3554188565308,62
"{_CASTRAVETI FABIO,ORBIT PASTILE WATERMELON 14G} => {KENT CORE BLUE}",0.000184220613098086,0.784810126582278,0.000234732716689496,246.850656571631,62
"{_CASTRAVETI FABIO,KENT CORE BLUE} => {ORBIT PASTILE WATERMELON 14G}",0.000184220613098086,0.681318681318681,0.000270388319224609,316.275649867374,62
"{KENT CORE BLUE,ORBIT PASTILE WATERMELON 14G} => {APA MINERALA NATURALA CARBOGAZOASA PERLA HARGHITEI  2L}",0.00016045021140801,0.442622950819672,0.000362498625773652,22.1412131342469,54
"{APA MINERALA NATURALA CARBOGAZOASA PERLA HARGHITEI  2L,ORBIT PASTILE WATERMELON 14G} => {KENT CORE BLUE}",0.00016045021140801,0.58695652173913,0.000273359619435869,184.618671271841,54
"{APA MINERALA NATURALA CARBOGAZOASA PERLA HARGHITEI  2L,KENT CORE BLUE} => {ORBIT PASTILE WATERMELON 14G}",0.00016045021140801,0.650602409638554,0.000246617917534534,302.016817615289,54
"{KENT CORE BLUE,ORBIT PASTILE WATERMELON 14G} => {PAINE CU CARTOFI FELII BACHUS 1.2 KG}",0.00021690491542194,0.598360655737705,0.000362498625773652,8.01991532339673,73
"{ORBIT PASTILE WATERMELON 14G,PAINE CU CARTOFI FELII BACHUS 1.2 KG} => {KENT CORE BLUE}",0.00021690491542194,0.536764705882353,0.000404096828731285,168.831562671798,73
"{KENT CORE BLUE,PAINE CU CARTOFI FELII BACHUS 1.2 KG} => {ORBIT PASTILE WATERMELON 14G}",0.00021690491542194,0.417142857142857,0.000519977536970403,193.642317241379,73
"{NESCAFE 3IN1 MILD 15G,ORBIT PASTILE WATERMELON 14G} => {_CASTRAVETI FABIO}",0.000109938107816599,0.52112676056338,0.000210962314999421,67.0182555016765,37
"{_CASTRAVETI FABIO,ORBIT PASTILE WATERMELON 14G} => {NESCAFE 3IN1 MILD 15G}",0.000109938107816599,0.468354430379747,0.000234732716689496,161.833766537572,37
"{_CASTRAVETI FABIO,NESCAFE 3IN1 MILD 15G} => {ORBIT PASTILE WATERMELON 14G}",0.000109938107816599,0.52112676056338,0.000210962314999421,241.912792617776,37
"{NESCAFE 3IN1 MILD 15G,ORBIT PASTILE WATERMELON 14G} => {PAINE CU CARTOFI FELII BACHUS 1.2 KG}",0.000136679809717934,0.647887323943662,0.000210962314999421,8.68372849602594,46
"{ORBIT PASTILE WATERMELON 14G,PAINE CU CARTOFI FELII BACHUS 1.2 KG} => {NESCAFE 3IN1 MILD 15G}",0.000136679809717934,0.338235294117647,0.000404096828731284,116.872795627491,46
"{NESCAFE 3IN1 MILD 15G,PAINE CU CARTOFI FELII BACHUS 1.2 KG} => {ORBIT PASTILE WATERMELON 14G}",0.000136679809717934,0.321678321678322,0.000424895930210101,149.326626476971,46
"{_SALATA VERDE BUC,ORBIT PASTILE WATERMELON 14G} => {PAINE CU CARTOFI FELII BACHUS 1.2 KG}",0.000121823308661637,0.745454545454545,0.000163421511619269,9.99143622605988,41
"{ORBIT PASTILE WATERMELON 14G,PAINE CU CARTOFI FELII BACHUS 1.2 KG} => {_SALATA VERDE BUC}",0.000121823308661637,0.301470588235294,0.000404096828731285,79.577122260669,41
"{_SALATA VERDE BUC,PAINE CU CARTOFI FELII BACHUS 1.2 KG} => {ORBIT PASTILE WATERMELON 14G}",0.000121823308661637,0.257861635220126,0.000472436733590252,119.70221643895,41
"{_CASTRAVETI FABIO,ORBIT PASTILE WATERMELON 14G} => {APA MINERALA NATURALA CARBOGAZOASA PERLA HARGHITEI  2L}",0.000103995507394081,0.443037974683544,0.000234732716689496,22.1619737654089,35
"{APA MINERALA NATURALA CARBOGAZOASA PERLA HARGHITEI  2L,ORBIT PASTILE WATERMELON 14G} => {_CASTRAVETI FABIO}",0.000103995507394081,0.380434782608696,0.000273359619435869,48.9249015633566,35
"{_CASTRAVETI FABIO,APA MINERALA NATURALA CARBOGAZOASA PERLA HARGHITEI  2L} => {ORBIT PASTILE WATERMELON 14G}",0.000103995507394081,0.360824742268041,0.000288216120492166,167.498826875222,35
"{_CASTRAVETI FABIO,ORBIT PASTILE WATERMELON 14G} => {PAINE CU CARTOFI FELII BACHUS 1.2 KG}",0.000169364112041788,0.721518987341772,0.000234732716689496,9.67062444232718,57
"{ORBIT PASTILE WATERMELON 14G,PAINE CU CARTOFI FELII BACHUS 1.2 KG} => {_CASTRAVETI FABIO}",0.000169364112041788,0.419117647058824,0.000404096828731284,53.8996184450089,57
"{_CASTRAVETI FABIO,PAINE CU CARTOFI FELII BACHUS 1.2 KG} => {ORBIT PASTILE WATERMELON 14G}",0.000169364112041788,0.175925925925926,0.00096270126844806,81.6667560664112,57
"{APA MINERALA NATURALA CARBOGAZOASA PERLA HARGHITEI  2L,ORBIT PASTILE WATERMELON 14G} => {PAINE CU CARTOFI FELII BACHUS 1.2 KG}",0.000130737209295416,0.478260869565217,0.000273359619435869,6.41020033591329,44
"{ORBIT PASTILE WATERMELON 14G,PAINE CU CARTOFI FELII BACHUS 1.2 KG} => {APA MINERALA NATURALA CARBOGAZOASA PERLA HARGHITEI  2L}",0.000130737209295416,0.323529411764706,0.000404096828731284,16.1838279009582,44
"{NESCAFE 3IN1 ORIGINAL 16.5G,WINSTON NOVA BLUE 100} => {PAINE DE CASA PE FOI DE VARZA RIP-ROP 1KG}",0.00010696680760534,0.5,0.00021393361521068,8.57023172905526,36
"{PAINE DE CASA PE FOI DE VARZA RIP-ROP 1KG,WINSTON NOVA BLUE 100} => {NESCAFE 3IN1 ORIGINAL 16.5G}",0.00010696680760534,0.15929203539823,0.000671513847744635,59.6995683623391,36
"{NESCAFE 3IN1 ORIGINAL 16.5G,PAINE DE CASA PE FOI DE VARZA RIP-ROP 1KG} => {WINSTON NOVA BLUE 100}",0.00010696680760534,0.36,0.000297130021125945,80.77272,36
"{ELAN FRANZELA ALBA FELIATA 700G,IAURT 2.8% FRISS 125G} => {SANA 3.6% PET FRISS 330G}",0.000103995507394081,0.380434782608696,0.000273359619435869,36.467236511337,35
"{IAURT 2.8% FRISS 125G,SANA 3.6% PET FRISS 330G} => {ELAN FRANZELA ALBA FELIATA 700G}",0.000103995507394081,0.625,0.000166392811830529,77.7043313631326,35
"{ELAN FRANZELA ALBA FELIATA 700G,SANA 3.6% PET FRISS 330G} => {IAURT 2.8% FRISS 125G}",0.000103995507394081,0.466666666666667,0.000222847515844458,200.841517476556,35
"{ELAN FRANZELA ALBA FELIATA 700G,IAURT 2.8% FRISS 125G} => {_BANANE}",0.000118852008450378,0.434782608695652,0.000273359619435869,4.7358208073127,40
"{_BANANE,IAURT 2.8% FRISS 125G} => {ELAN FRANZELA ALBA FELIATA 700G}",0.000118852008450378,0.228571428571429,0.000519977536970403,28.4175840413742,40
"{_BANANE,ELAN FRANZELA ALBA FELIATA 700G} => {IAURT 2.8% FRISS 125G}",0.000118852008450378,0.124610591900312,0.000953787367814282,53.6292436519508,40
"{_LAMAIE^2 A nu se consuma coaja,IAURT 2.8% FRISS 125G} => {_BANANE}",0.00010696680760534,0.413793103448276,0.000258503118379572,4.50719497523554,36
"{_BANANE,IAURT 2.8% FRISS 125G} => {_LAMAIE^2 A nu se consuma coaja}",0.00010696680760534,0.205714285714286,0.000519977536970403,7.70376766440414,36
"{APA MINERALA NATURALA CARBOGAZIFICATA CONTINUT REDUS CO2 TUSNAD 2L,WINSTON SUPERSLIMS BLUE} => {_BANANE}",0.000202048414365642,0.496350364963504,0.000407068128942544,5.40644068805625,68
"{_BANANE,WINSTON SUPERSLIMS BLUE} => {APA MINERALA NATURALA CARBOGAZIFICATA CONTINUT REDUS CO2 TUSNAD 2L}",0.000202048414365642,0.503703703703704,0.000401125528520025,9.40801335216119,68
"{COCA COLA PET 500ML,CORN CU SUSAN RIP-ROP 150G} => {FRANZELA ALBA BACHUS 1KG}",0.000112909408027859,0.863636363636364,0.000130737209295416,36.0530152680364,38
"{COCA COLA PET 500ML,FRANZELA ALBA BACHUS 1KG} => {CORN CU SUSAN RIP-ROP 150G}",0.000112909408027859,0.481012658227848,0.000234732716689496,82.4687993706352,38
"{CORN CU SUSAN RIP-ROP 150G,FRANZELA ALBA BACHUS 1KG} => {COCA COLA PET 500ML}",0.000112909408027859,0.1484375,0.000760652854082418,43.3655259874132,38
"{APA MINERALA NATURALA CARBOGAZIFICATA TUSNAD 2L,COCA COLA PET 500ML} => {FRANZELA ALBA BACHUS 1KG}",0.00010696680760534,0.705882352941177,0.000151536310774232,29.4674799713981,36
"{COCA COLA PET 500ML,FRANZELA ALBA BACHUS 1KG} => {APA MINERALA NATURALA CARBOGAZIFICATA TUSNAD 2L}",0.00010696680760534,0.455696202531646,0.000234732716689496,47.5996039884025,36
"{APA MINERALA NATURALA CARBOGAZIFICATA TUSNAD 2L,FRANZELA ALBA BACHUS 1KG} => {COCA COLA PET 500ML}",0.00010696680760534,0.104956268221574,0.00101915597246199,30.6626275510204,36
"{BERE CIUC PREMIUM DOZA 500ML,KENT CORE SILVER} => {APA MINERALA NATURALA CARBOGAZOASA PERLA HARGHITEI  2L}",0.00021393361521068,0.757894736842105,0.000282273520069647,37.9119719632017,72
"{APA MINERALA NATURALA CARBOGAZOASA PERLA HARGHITEI  2L,KENT CORE SILVER} => {BERE CIUC PREMIUM DOZA 500ML}",0.00021393361521068,0.236842105263158,0.000903275264222871,30.7404246250025,72
"{APA MINERALA NATURALA CARBOGAZOASA PERLA HARGHITEI  2L,BERE CIUC PREMIUM DOZA 500ML} => {KENT CORE SILVER}",0.00021393361521068,0.251748251748252,0.000849791860420201,61.8442550150579,72
"{_TELINA,SMANTANA 20% GRASIME FRISS 900G} => {_MORCOVI}",0.000101024207182821,0.80952380952381,0.000124794608872897,19.3019955130476,34
"{_MORCOVI,SMANTANA 20% GRASIME FRISS 900G} => {_TELINA}",0.000101024207182821,0.425,0.000237704016900756,20.2944133087401,34
"{_PATRUNJEL RADACINA KG,SMANTANA 20% GRASIME FRISS 900G} => {_MORCOVI}",0.000127765909084156,0.86,0.000148565010562972,20.5055317038611,43
"{_MORCOVI,SMANTANA 20% GRASIME FRISS 900G} => {_PATRUNJEL RADACINA KG}",0.000127765909084156,0.5375,0.000237704016900756,23.4961991817119,43
"{PASTA DE TON HAME 100G,PATE DE SOMON HAME 100G} => {_BANANE}",0.000115880708239118,0.312,0.000371412526407431,3.39842501132759,39
"{_BANANE,PATE DE SOMON HAME 100G} => {PASTA DE TON HAME 100G}",0.000115880708239118,0.270833333333333,0.00042786723042136,76.4038313774797,39
"{_BANANE,PASTA DE TON HAME 100G} => {PATE DE SOMON HAME 100G}",0.000115880708239118,0.185714285714286,0.000623973044364483,100.325361155698,39
"{CHESTERFIELD BLUE CROWN RCB 100,PESMET 350G COUNTRY} => {OUA PROASPETE}",0.000115880708239118,0.475609756097561,0.000243646617323275,28.1760060277948,39
"{CHESTERFIELD BLUE CROWN RCB 100,OUA PROASPETE} => {PESMET 350G COUNTRY}",0.000115880708239118,0.423913043478261,0.000273359619435869,85.8935620239248,39
"{OUA PROASPETE,PESMET 350G COUNTRY} => {CHESTERFIELD BLUE CROWN RCB 100}",0.000115880708239118,0.286764705882353,0.000404096828731285,85.3329107505071,39
"{CHESTERFIELD BLUE CROWN RCB 100,FRANZELA RIP-ROP 1KG} => {APA MINERALA NATURALA CARBOGAZIFICATA CONTINUT REDUS CO2 TUSNAD 2L}",0.000139651109929194,0.618421052631579,0.000225818816055718,11.5506665478837,47
"{APA MINERALA NATURALA CARBOGAZIFICATA CONTINUT REDUS CO2 TUSNAD 2L,CHESTERFIELD BLUE CROWN RCB 100} => {FRANZELA RIP-ROP 1KG}",0.000139651109929194,0.286585365853659,0.000487293234646549,10.4158925090871,47
"{KENT CORE BLUE,NESCAFE 3IN1 MILD 15G} => {_SALATA VERDE BUC}",0.000103995507394081,0.402298850574713,0.000258503118379572,106.192066711742,35
"{_SALATA VERDE BUC,KENT CORE BLUE} => {NESCAFE 3IN1 MILD 15G}",0.000103995507394081,0.546875,0.000190163213520604,188.965525539014,35
"{_SALATA VERDE BUC,NESCAFE 3IN1 MILD 15G} => {KENT CORE BLUE}",0.000103995507394081,0.660377358490566,0.000157478911196751,207.712131899136,35
"{KENT CORE BLUE,NESCAFE 3IN1 MILD 15G} => {_CASTRAVETI FABIO}",0.000118852008450378,0.459770114942529,0.000258503118379572,59.1276314460271,40
"{_CASTRAVETI FABIO,KENT CORE BLUE} => {NESCAFE 3IN1 MILD 15G}",0.000118852008450378,0.43956043956044,0.00027038831922461,151.88437845522,40
"{_CASTRAVETI FABIO,NESCAFE 3IN1 MILD 15G} => {KENT CORE BLUE}",0.000118852008450378,0.563380281690141,0.000210962314999421,177.203106489404,40
"{KENT CORE BLUE,NESCAFE 3IN1 MILD 15G} => {PAINE CU CARTOFI FELII BACHUS 1.2 KG}",0.00016045021140801,0.620689655172414,0.000258503118379572,8.31919416635768,54
"{KENT CORE BLUE,PAINE CU CARTOFI FELII BACHUS 1.2 KG} => {NESCAFE 3IN1 MILD 15G}",0.00016045021140801,0.308571428571429,0.000519977536970403,106.622833675565,54
"{NESCAFE 3IN1 MILD 15G,PAINE CU CARTOFI FELII BACHUS 1.2 KG} => {KENT CORE BLUE}",0.00016045021140801,0.377622377622378,0.000424895930210101,118.775648650415,54
"{_SALATA VERDE BUC,KENT CORE BLUE} => {_CASTRAVETI FABIO}",0.00010696680760534,0.5625,0.000190163213520604,72.3389615972488,36
"{_CASTRAVETI FABIO,KENT CORE BLUE} => {_SALATA VERDE BUC}",0.00010696680760534,0.395604395604396,0.00027038831922461,104.424977375566,36
"{_CASTRAVETI FABIO,_SALATA VERDE BUC} => {KENT CORE BLUE}",0.00010696680760534,0.25531914893617,0.000418953329787582,80.3069397494532,36
"{_SALATA VERDE BUC,KENT CORE BLUE} => {PAINE CU CARTOFI FELII BACHUS 1.2 KG}",0.000115880708239118,0.609375,0.000190163213520604,8.16754218936679,39
"{KENT CORE BLUE,PAINE CU CARTOFI FELII BACHUS 1.2 KG} => {_SALATA VERDE BUC}",0.000115880708239118,0.222857142857143,0.000519977536970403,58.8260705882353,39
"{_SALATA VERDE BUC,PAINE CU CARTOFI FELII BACHUS 1.2 KG} => {KENT CORE BLUE}",0.000115880708239118,0.245283018867925,0.000472436733590252,77.1502204196791,39
"{_CASTRAVETI FABIO,KENT CORE BLUE} => {APA MINERALA NATURALA CARBOGAZOASA PERLA HARGHITEI  2L}",0.000109938107816599,0.406593406593407,0.00027038831922461,20.3389165828226,37
"{APA MINERALA NATURALA CARBOGAZOASA PERLA HARGHITEI  2L,KENT CORE BLUE} => {_CASTRAVETI FABIO}",0.000109938107816599,0.44578313253012,0.000246617917534534,57.3288691640847,37
"{_CASTRAVETI FABIO,APA MINERALA NATURALA CARBOGAZOASA PERLA HARGHITEI  2L} => {KENT CORE BLUE}",0.000109938107816599,0.381443298969072,0.000288216120492166,119.977464110223,37
"{_CASTRAVETI FABIO,KENT CORE BLUE} => {PAINE CU CARTOFI FELII BACHUS 1.2 KG}",0.000181249312886826,0.67032967032967,0.00027038831922461,8.9845265447416,61
"{KENT CORE BLUE,PAINE CU CARTOFI FELII BACHUS 1.2 KG} => {_CASTRAVETI FABIO}",0.000181249312886826,0.348571428571429,0.000519977536970403,44.8271914405808,61
"{_CASTRAVETI FABIO,PAINE CU CARTOFI FELII BACHUS 1.2 KG} => {KENT CORE BLUE}",0.000181249312886826,0.188271604938272,0.00096270126844806,59.2181060343833,61
"{APA MINERALA NATURALA CARBOGAZOASA PERLA HARGHITEI  2L,KENT CORE BLUE} => {PAINE CU CARTOFI FELII BACHUS 1.2 KG}",0.000127765909084156,0.518072289156627,0.000246617917534534,6.943798611411,43
"{KENT CORE BLUE,PAINE CU CARTOFI FELII BACHUS 1.2 KG} => {APA MINERALA NATURALA CARBOGAZOASA PERLA HARGHITEI  2L}",0.000127765909084156,0.245714285714286,0.000519977536970403,12.2913020214031,43
"{_TELINA,PESMET BACHUS 500G} => {_MORCOVI}",0.000109938107816599,0.74,0.000148565010562972,17.644294721927,37
"{_MORCOVI,PESMET BACHUS 500G} => {_TELINA}",0.000109938107816599,0.435294117647059,0.000252560517957053,20.7859734926888,37
"{_PATRUNJEL RADACINA KG,PESMET BACHUS 500G} => {_MORCOVI}",0.000130737209295416,0.88,0.000148565010562972,20.9824045341835,44
"{_MORCOVI,PESMET BACHUS 500G} => {_PATRUNJEL RADACINA KG}",0.000130737209295416,0.517647058823529,0.000252560517957053,22.6283505115256,44
"{COCA COLA 2.5L PET,KENT 100 S} => {APA MINERALA NATURALA CARBOGAZIFICATA CONTINUT REDUS CO2 TUSNAD 2L}",0.000154507610985491,0.159021406727829,0.000971615169081838,2.97014992499423,52
"{APA MINERALA NATURALA CARBOGAZIFICATA CONTINUT REDUS CO2 TUSNAD 2L,KENT 100 S} => {COCA COLA 2.5L PET}",0.000154507610985491,0.30952380952381,0.000499178435491587,69.1248617562486,52
"{APA MINERALA NATURALA CARBOGAZIFICATA CONTINUT REDUS CO2 TUSNAD 2L,COCA COLA 2.5L PET} => {KENT 100 S}",0.000154507610985491,0.440677966101695,0.000350613424928615,100.142803190698,52
"{COCA COLA 2.5L PET,KENT 100 S} => {PAINE CU CARTOFI FELII BACHUS 1.2 KG}",0.000225818816055718,0.232415902140673,0.000971615169081838,3.11510430558144,76
"{KENT 100 S,PAINE CU CARTOFI FELII BACHUS 1.2 KG} => {COCA COLA 2.5L PET}",0.000225818816055718,0.481012658227848,0.000469465433378992,107.422862086634,76
"{COCA COLA 2.5L PET,PAINE CU CARTOFI FELII BACHUS 1.2 KG} => {KENT 100 S}",0.000225818816055718,0.424581005586592,0.000531862737815441,96.4848151068092,76
"{ENERGIZANT HELL 250ML,KENT 100 S} => {APA MINERALA NATURALA CARBOGAZIFICATA CONTINUT REDUS CO2 TUSNAD 2L}",0.000163421511619269,0.491071428571429,0.000332785623661058,9.17207184083467,55
"{APA MINERALA NATURALA CARBOGAZIFICATA CONTINUT REDUS CO2 TUSNAD 2L,KENT 100 S} => {ENERGIZANT HELL 250ML}",0.000163421511619269,0.327380952380952,0.000499178435491587,38.4844714169286,55
"{APA MINERALA NATURALA CARBOGAZIFICATA CONTINUT REDUS CO2 TUSNAD 2L,ENERGIZANT HELL 250ML} => {KENT 100 S}",0.000163421511619269,0.404411764705882,0.000404096828731285,91.9014129959884,55
"{_GULII,_PATRUNJEL FRUNZE LEGATURA} => {_TELINA}",0.000101024207182821,0.653846153846154,0.000154507610985491,31.2221743211386,34
"{_PATRUNJEL FRUNZE LEGATURA,_TELINA} => {_GULII}",0.000101024207182821,0.373626373626374,0.000270388319224609,40.6810342682229,34
"{_GULII,_PATRUNJEL FRUNZE LEGATURA} => {_MORCOVI}",0.00010696680760534,0.692307692307692,0.000154507610985491,16.5071364342353,36
"{_MORCOVI,_PATRUNJEL FRUNZE LEGATURA} => {_GULII}",0.00010696680760534,0.222222222222222,0.00048135063422403,24.1959092706424,36
"{_PATRUNJEL FRUNZE LEGATURA,_TELINA} => {_PATRUNJEL RADACINA KG}",0.00016045021140801,0.593406593406593,0.000270388319224609,25.9400921198557,54
"{_PATRUNJEL FRUNZE LEGATURA,_PATRUNJEL RADACINA KG} => {_TELINA}",0.00016045021140801,0.593406593406593,0.000270388319224609,28.3360909805291,54
"{_PATRUNJEL FRUNZE LEGATURA,_TELINA} => {_MORCOVI}",0.000196105813943123,0.725274725274725,0.00027038831922461,17.2931905501512,66
"{_MORCOVI,_PATRUNJEL FRUNZE LEGATURA} => {_TELINA}",0.000196105813943123,0.407407407407407,0.00048135063422403,19.4543395552192,66
"{_PATRUNJEL FRUNZE LEGATURA,_PATRUNJEL RADACINA KG} => {_MORCOVI}",0.000225818816055718,0.835164835164835,0.000270388319224609,19.9133709365378,76
"{_MORCOVI,_PATRUNJEL FRUNZE LEGATURA} => {_PATRUNJEL RADACINA KG}",0.000225818816055718,0.469135802469136,0.00048135063422403,20.5077362941155,76
"{BRANZA TOPITA CU SMANTANA GORDON 125G,SIFOANE 2L} => {PAINE CU CARTOFI FELII BACHUS 1.2 KG}",0.000109938107816599,0.787234042553192,0.000139651109929194,10.5514129320352,37
"{PAINE CU CARTOFI FELII BACHUS 1.2 KG,SIFOANE 2L} => {BRANZA TOPITA CU SMANTANA GORDON 125G}",0.000109938107816599,0.127586206896552,0.000861677061265239,21.2571884602253,37
"{BRANZA TOPITA CU SMANTANA GORDON 125G,PAINE CU CARTOFI FELII BACHUS 1.2 KG} => {SIFOANE 2L}",0.000109938107816599,0.115987460815047,0.000947844767391763,32.0492018880842,37
"{LAPTE DE CONSUM 1.5% GRASIME FRISS CUTIE 1L,SIFOANE 2L} => {PAINE CU CARTOFI FELII BACHUS 1.2 KG}",0.000109938107816599,0.5,0.000219876215633199,6.7015730784548,37
"{PAINE CU CARTOFI FELII BACHUS 1.2 KG,SIFOANE 2L} => {LAPTE DE CONSUM 1.5% GRASIME FRISS CUTIE 1L}",0.000109938107816599,0.127586206896552,0.000861677061265239,4.47566402852357,37
"{_PATRUNJEL RADACINA KG,FRISCA PENTRU GATIT UHT 10% MEGGLE 200ML} => {_MORCOVI}",0.000142622410140453,0.857142857142857,0.000166392811830529,20.4374070138151,48
"{_MORCOVI,FRISCA PENTRU GATIT UHT 10% MEGGLE 200ML} => {_PATRUNJEL RADACINA KG}",0.000142622410140453,0.527472527472527,0.000270388319224609,23.057859662094,48
"{_PATRUNJEL RADACINA KG,SMANTANA 12% GRASIME KERESZTURI 750G} => {_MORCOVI}",0.000103995507394081,0.875,0.000118852008450378,20.8631863266029,35
"{_MORCOVI,SMANTANA 12% GRASIME KERESZTURI 750G} => {_PATRUNJEL RADACINA KG}",0.000103995507394081,0.5,0.000207991014788161,21.8569294713599,35
"{BERE TILTOTT CSIKI DOZA 500ML,CORN CU SUSAN RIP-ROP 150G} => {APA MINERALA NATURALA CARBOGAZIFICATA TUSNAD 2L}",0.000225818816055718,0.672566371681416,0.000335756923872317,70.2527095246728,76
"{APA MINERALA NATURALA CARBOGAZIFICATA TUSNAD 2L,BERE TILTOTT CSIKI DOZA 500ML} => {CORN CU SUSAN RIP-ROP 150G}",0.000225818816055718,0.539007092198582,0.000418953329787582,92.411846103265,76
"{APA MINERALA NATURALA CARBOGAZIFICATA TUSNAD 2L,CORN CU SUSAN RIP-ROP 150G} => {BERE TILTOTT CSIKI DOZA 500ML}",0.000225818816055718,0.487179487179487,0.000463522832956473,162.177762560552,76
"{BERE TILTOTT CSIKI DOZA 500ML,CORN CU SUSAN RIP-ROP 150G} => {FRANZELA ALBA BACHUS 1KG}",0.000309015221970982,0.920353982300885,0.000335756923872317,38.4207260984011,104
"{BERE TILTOTT CSIKI DOZA 500ML,FRANZELA ALBA BACHUS 1KG} => {CORN CU SUSAN RIP-ROP 150G}",0.000309015221970982,0.470588235294118,0.000656657346688337,80.681549848671,104
"{CORN CU SUSAN RIP-ROP 150G,FRANZELA ALBA BACHUS 1KG} => {BERE TILTOTT CSIKI DOZA 500ML}",0.000309015221970982,0.40625,0.000760652854082418,135.237048714144,104
"{BERE TILTOTT CSIKI DOZA 500ML,CORN CU SUSAN RIP-ROP 150G} => {APA MINERALA NATURALA CARBOGAZIFICATA CONTINUT REDUS CO2 TUSNAD 2L}",0.000139651109929194,0.415929203539823,0.000335756923872317,7.76858989061202,47
"{APA MINERALA NATURALA CARBOGAZIFICATA CONTINUT REDUS CO2 TUSNAD 2L,BERE TILTOTT CSIKI DOZA 500ML} => {CORN CU SUSAN RIP-ROP 150G}",0.000139651109929194,0.451923076923077,0.000309015221970982,77.4814402993848,47
"{APA MINERALA NATURALA CARBOGAZIFICATA CONTINUT REDUS CO2 TUSNAD 2L,CORN CU SUSAN RIP-ROP 150G} => {BERE TILTOTT CSIKI DOZA 500ML}",0.000139651109929194,0.29559748427673,0.000472436733590252,98.4018003222415,47
"{APA MINERALA NATURALA CARBOGAZIFICATA TUSNAD 2L,BERE TILTOTT CSIKI DOZA 500ML} => {FRANZELA ALBA BACHUS 1KG}",0.000335756923872317,0.801418439716312,0.000418953329787582,33.4556909131536,113
"{BERE TILTOTT CSIKI DOZA 500ML,FRANZELA ALBA BACHUS 1KG} => {APA MINERALA NATURALA CARBOGAZIFICATA TUSNAD 2L}",0.000335756923872317,0.51131221719457,0.000656657346688337,53.4089573660721,113
"{APA MINERALA NATURALA CARBOGAZIFICATA TUSNAD 2L,FRANZELA ALBA BACHUS 1KG} => {BERE TILTOTT CSIKI DOZA 500ML}",0.000335756923872317,0.329446064139942,0.00101915597246199,109.669694584065,113
"{APA MINERALA NATURALA CARBOGAZIFICATA TUSNAD 2L,BERE TILTOTT CSIKI DOZA 500ML} => {APA MINERALA NATURALA CARBOGAZIFICATA CONTINUT REDUS CO2 TUSNAD 2L}",0.000154507610985491,0.368794326241135,0.000418953329787582,6.88822003881639,52
"{APA MINERALA NATURALA CARBOGAZIFICATA CONTINUT REDUS CO2 TUSNAD 2L,BERE TILTOTT CSIKI DOZA 500ML} => {APA MINERALA NATURALA CARBOGAZIFICATA TUSNAD 2L}",0.000154507610985491,0.5,0.000309015221970982,52.2273432650528,52
"{APA MINERALA NATURALA CARBOGAZIFICATA CONTINUT REDUS CO2 TUSNAD 2L,APA MINERALA NATURALA CARBOGAZIFICATA TUSNAD 2L} => {BERE TILTOTT CSIKI DOZA 500ML}",0.000154507610985491,0.103792415169661,0.00148862140584098,34.5515813082046,52
"{BERE TILTOTT CSIKI DOZA 500ML,FRANZELA ALBA BACHUS 1KG} => {APA MINERALA NATURALA CARBOGAZIFICATA CONTINUT REDUS CO2 TUSNAD 2L}",0.000207991014788161,0.316742081447964,0.000656657346688337,5.91600520215087,70
"{APA MINERALA NATURALA CARBOGAZIFICATA CONTINUT REDUS CO2 TUSNAD 2L,BERE TILTOTT CSIKI DOZA 500ML} => {FRANZELA ALBA BACHUS 1KG}",0.000207991014788161,0.673076923076923,0.000309015221970982,28.0979977291376,70
"{APA MINERALA NATURALA DECARBOGAZIFICATA PARTIAL PERLA HARGHITEI 2L,LAPTE UHT PT.CAFEA 6% GRASIME 10*7.5G MEGGLE} => {SZEKELYHON}",0.000112909408027859,0.603174603174603,0.000187191913309345,38.4761603908685,38
"{LAPTE UHT PT.CAFEA 6% GRASIME 10*7.5G MEGGLE,SZEKELYHON} => {APA MINERALA NATURALA DECARBOGAZIFICATA PARTIAL PERLA HARGHITEI 2L}",0.000112909408027859,0.387755102040816,0.000291187420703426,33.8433980438649,38
"{APA MINERALA NATURALA DECARBOGAZIFICATA PARTIAL PERLA HARGHITEI 2L,SZEKELYHON} => {LAPTE UHT PT.CAFEA 6% GRASIME 10*7.5G MEGGLE}",0.000112909408027859,0.125,0.000903275264222871,52.1949441687345,38
"{PAINE GRAHAM DOBOI 500G,WINCHESTER SOFT} => {LAPTE DE CONSUM 1.5% GRASIME FRISS CUTIE 1L}",0.000101024207182821,0.68,0.000148565010562972,23.854079633104,34
"{LAPTE DE CONSUM 1.5% GRASIME FRISS CUTIE 1L,PAINE GRAHAM DOBOI 500G} => {WINCHESTER SOFT}",0.000101024207182821,0.276422764227642,0.000365469925984912,72.1169849372912,34
"{LAPTE DE CONSUM 1.5% GRASIME FRISS CUTIE 1L,WINCHESTER SOFT} => {PAINE GRAHAM DOBOI 500G}",0.000101024207182821,0.225165562913907,0.000448666331900176,80.3607059335782,34
"{PAINE CU MULTISEMINTE DOBOI 500G,PAINE GRAHAM DOBOI 500G} => {CORN RIP-ROP 100G}",0.000115880708239118,0.493670886075949,0.000234732716689496,30.3076281870702,39
"{CORN RIP-ROP 100G,PAINE GRAHAM DOBOI 500G} => {PAINE CU MULTISEMINTE DOBOI 500G}",0.000115880708239118,0.419354838709677,0.000276330919647128,104.235693524563,39
"{CORN RIP-ROP 100G,PAINE CU MULTISEMINTE DOBOI 500G} => {PAINE GRAHAM DOBOI 500G}",0.000115880708239118,0.226744186046512,0.000511063636336625,80.9241103356433,39
"{PAINE CU MULTISEMINTE DOBOI 500G,PAINE GRAHAM DOBOI 500G} => {LAPTE DE CONSUM 1.5% GRASIME FRISS CUTIE 1L}",0.000109938107816599,0.468354430379747,0.000234732716689496,16.4296527629346,37
"{LAPTE DE CONSUM 1.5% GRASIME FRISS CUTIE 1L,PAINE GRAHAM DOBOI 500G} => {PAINE CU MULTISEMINTE DOBOI 500G}",0.000109938107816599,0.300813008130081,0.000365469925984912,74.7706944794706,37
"{LAPTE DE CONSUM 1.5% GRASIME FRISS CUTIE 1L,PAINE CU MULTISEMINTE DOBOI 500G} => {PAINE GRAHAM DOBOI 500G}",0.000109938107816599,0.232704402515723,0.000472436733590252,83.0512882077139,37
"{CORN CU SUSAN RIP-ROP 150G,PAINE GRAHAM DOBOI 500G} => {CORN CU LAPTE RIP-ROP 100G}",0.000101024207182821,0.653846153846154,0.000154507610985491,96.2615418265025,34
"{CORN CU LAPTE RIP-ROP 100G,PAINE GRAHAM DOBOI 500G} => {CORN CU SUSAN RIP-ROP 150G}",0.000101024207182821,0.354166666666667,0.000285244820280907,60.7212705892342,34
"{CORN CU LAPTE RIP-ROP 100G,CORN CU SUSAN RIP-ROP 150G} => {PAINE GRAHAM DOBOI 500G}",0.000101024207182821,0.246376811594203,0.000410039429153803,87.9309173621037,34
"{CORN CU SUSAN RIP-ROP 150G,PAINE GRAHAM DOBOI 500G} => {CORN RIP-ROP 100G}",0.000136679809717934,0.884615384615385,0.000154507610985491,54.3086394634187,46
"{CORN RIP-ROP 100G,PAINE GRAHAM DOBOI 500G} => {CORN CU SUSAN RIP-ROP 150G}",0.000136679809717934,0.494623655913978,0.000276330919647128,84.8023816957805,46
"{CORN CU SUSAN RIP-ROP 150G,CORN RIP-ROP 100G} => {PAINE GRAHAM DOBOI 500G}",0.000136679809717934,0.137724550898204,0.000992414270560655,49.1533518329195,46
"{CORN CU LAPTE RIP-ROP 100G,PAINE GRAHAM DOBOI 500G} => {CORN RIP-ROP 100G}",0.000109938107816599,0.385416666666667,0.000285244820280907,23.6616445488265,37
"{CORN RIP-ROP 100G,PAINE GRAHAM DOBOI 500G} => {CORN CU LAPTE RIP-ROP 100G}",0.000109938107816599,0.397849462365591,0.000276330919647128,58.5728040715341,37
"{CORN CU LAPTE RIP-ROP 100G,CORN RIP-ROP 100G} => {PAINE GRAHAM DOBOI 500G}",0.000109938107816599,0.104225352112676,0.0010548115749971,37.1976192254268,37
"{CORN RIP-ROP 100G,PAINE GRAHAM DOBOI 500G} => {LAPTE DE CONSUM 1.5% GRASIME FRISS CUTIE 1L}",0.000151536310774232,0.548387096774194,0.000276330919647128,19.2371609944387,51
"{LAPTE DE CONSUM 1.5% GRASIME FRISS CUTIE 1L,PAINE GRAHAM DOBOI 500G} => {CORN RIP-ROP 100G}",0.000151536310774232,0.414634146341463,0.000365469925984912,25.4553750189089,51
"{CORN RIP-ROP 100G,LAPTE DE CONSUM 1.5% GRASIME FRISS CUTIE 1L} => {PAINE GRAHAM DOBOI 500G}",0.000151536310774232,0.161392405063291,0.000938930866757985,57.6003161201122,51
"{COVRIG CU SALAM RIP-ROP 100G,PAINE GERMINA RIP-ROP 300G} => {APA MINERALA NATURALA DECARBOGAZIFICATA PARTIAL PERLA HARGHITEI 2L}",0.00010696680760534,0.8,0.000133708509506675,69.8242738589212,36
"{APA MINERALA NATURALA DECARBOGAZIFICATA PARTIAL PERLA HARGHITEI 2L,PAINE GERMINA RIP-ROP 300G} => {COVRIG CU SALAM RIP-ROP 100G}",0.00010696680760534,0.514285714285714,0.000207991014788161,87.9941026944586,36
"{APA MINERALA NATURALA DECARBOGAZIFICATA PARTIAL PERLA HARGHITEI 2L,COVRIG CU SALAM RIP-ROP 100G} => {PAINE GERMINA RIP-ROP 300G}",0.00010696680760534,0.219512195121951,0.000487293234646549,63.3597665564992,36
"{COVRIG CU SALAM RIP-ROP 100G,PAINE GERMINA RIP-ROP 300G} => {SZEKELYHON}",0.000101024207182821,0.755555555555556,0.000133708509506675,48.1964535422458,34
"{PAINE GERMINA RIP-ROP 300G,SZEKELYHON} => {COVRIG CU SALAM RIP-ROP 100G}",0.000101024207182821,0.47887323943662,0.000210962314999421,81.9350408500827,34
"{COVRIG CU SALAM RIP-ROP 100G,SZEKELYHON} => {PAINE GERMINA RIP-ROP 300G}",0.000101024207182821,0.14468085106383,0.00069825554964597,41.7605269880661,34
"{APA MINERALA NATURALA DECARBOGAZIFICATA PARTIAL PERLA HARGHITEI 2L,PAINE GERMINA RIP-ROP 300G} => {SZEKELYHON}",0.000130737209295416,0.628571428571429,0.000207991014788161,40.0962092494314,44
"{PAINE GERMINA RIP-ROP 300G,SZEKELYHON} => {APA MINERALA NATURALA DECARBOGAZIFICATA PARTIAL PERLA HARGHITEI 2L}",0.000130737209295416,0.619718309859155,0.000210962314999421,54.0892262287417,44
"{APA MINERALA NATURALA DECARBOGAZIFICATA PARTIAL PERLA HARGHITEI 2L,SZEKELYHON} => {PAINE GERMINA RIP-ROP 300G}",0.000130737209295416,0.144736842105263,0.000903275264222871,41.776688182721,44
"{BRANZA TOPITA CU SMANTANA GORDON 125G,SALAM SECUIESC BERTIS} => {PAINE CU CARTOFI FELII BACHUS 1.2 KG}",0.000115880708239118,0.52,0.000222847515844458,6.96963600159299,39
"{PAINE CU CARTOFI FELII BACHUS 1.2 KG,SALAM SECUIESC BERTIS} => {BRANZA TOPITA CU SMANTANA GORDON 125G}",0.000115880708239118,0.297709923664122,0.000389240327674987,49.6015682865997,39
"{BRANZA TOPITA CU SMANTANA GORDON 125G,PAINE CU CARTOFI FELII BACHUS 1.2 KG} => {SALAM SECUIESC BERTIS}",0.000115880708239118,0.122257053291536,0.000947844767391763,47.6226597875305,39
"{_TELINA,FAINA BL-55 GYERMELYI 2KG} => {_MORCOVI}",0.000101024207182821,0.666666666666667,0.000151536310774232,15.8957610107451,34
"{_MORCOVI,FAINA BL-55 GYERMELYI 2KG} => {_TELINA}",0.000101024207182821,0.5,0.000202048414365642,23.8757803632236,34
"{_PATRUNJEL RADACINA KG,GOBE 20 OUA PROASPETE M DIN GHEORGHENI} => {_MORCOVI}",0.000112909408027859,0.775510204081633,0.000145593710351713,18.4909872982137,38
"{_MORCOVI,GOBE 20 OUA PROASPETE M DIN GHEORGHENI} => {_PATRUNJEL RADACINA KG}",0.000112909408027859,0.506666666666667,0.000222847515844458,22.1483551976447,38
"{_TELINA,GRASIME VEGETALA TARTINABILA CU 72% GRASIME RAMA 500G} => {_MORCOVI}",0.000109938107816599,0.587301587301587,0.000187191913309345,14.0034085094659,37
"{_MORCOVI,GRASIME VEGETALA TARTINABILA CU 72% GRASIME RAMA 500G} => {_TELINA}",0.000109938107816599,0.381443298969072,0.000288216120492166,18.214512854418,37
"{_PATRUNJEL RADACINA KG,GRASIME VEGETALA TARTINABILA CU 72% GRASIME RAMA 500G} => {_MORCOVI}",0.000112909408027859,0.791666666666667,0.000142622410140453,18.8762162002598,38
"{_MORCOVI,GRASIME VEGETALA TARTINABILA CU 72% GRASIME RAMA 500G} => {_PATRUNJEL RADACINA KG}",0.000112909408027859,0.391752577319588,0.000288216120492166,17.1250169053954,38
"{APA MINERALA NATURALA DECARBOGAZIFICATA PARTIAL PERLA HARGHITEI 2L,BERE NEUMARKT 500ML PET} => {APA MINERALA NATURALA CARBOGAZIFICATA CONTINUT REDUS CO2 TUSNAD 2L}",0.000127765909084156,0.895833333333333,0.000142622410140453,16.7320825702499,43
"{APA MINERALA NATURALA CARBOGAZIFICATA CONTINUT REDUS CO2 TUSNAD 2L,BERE NEUMARKT 500ML PET} => {APA MINERALA NATURALA DECARBOGAZIFICATA PARTIAL PERLA HARGHITEI 2L}",0.000127765909084156,0.302816901408451,0.000421924629998841,26.429962816317,43
"{APA MINERALA NATURALA CARBOGAZIFICATA CONTINUT REDUS CO2 TUSNAD 2L,APA MINERALA NATURALA DECARBOGAZIFICATA PARTIAL PERLA HARGHITEI 2L} => {BERE NEUMARKT 500ML PET}",0.000127765909084156,0.1699604743083,0.00075173895344864,36.8798887878023,43
"{BERE TILTOTT IGAZI SOR 6% 500ML,LD RED} => {PALL MALL S-LINE FLOW VIOLET/ROSE}",0.00037438382661869,0.63,0.000594260042251889,59.3917058823529,126
"{LD RED,PALL MALL S-LINE FLOW VIOLET/ROSE} => {BERE TILTOTT IGAZI SOR 6% 500ML}",0.00037438382661869,0.9,0.000415982029576322,199.143786982249,126
"{BERE TILTOTT IGAZI SOR 6% 500ML,PALL MALL S-LINE FLOW VIOLET/ROSE} => {LD RED}",0.00037438382661869,0.659685863874346,0.000567518340350554,150.419550504406,126
"{BERE TILTOTT IGAZI SOR 6% 500ML,LD RED} => {SANA 3.6% PET FRISS 330G}",0.000317929122604761,0.535,0.000594260042251889,51.2833537453717,107
"{LD RED,SANA 3.6% PET FRISS 330G} => {BERE TILTOTT IGAZI SOR 6% 500ML}",0.000317929122604761,0.804511278195489,0.000395182928097506,178.014914010865,107
"{BERE TILTOTT IGAZI SOR 6% 500ML,SANA 3.6% PET FRISS 330G} => {LD RED}",0.000317929122604761,0.727891156462585,0.000436781131055138,165.97151245322,107
"{BERE TILTOTT IGAZI SOR 6% 500ML,LD RED} => {_BANANE}",0.000332785623661058,0.56,0.000594260042251889,6.09973719981876,112
"{_BANANE,LD RED} => {BERE TILTOTT IGAZI SOR 6% 500ML}",0.000332785623661058,0.741721854304636,0.000448666331900176,164.121443281912,112
"{_BANANE,BERE TILTOTT IGAZI SOR 6% 500ML} => {LD RED}",0.000332785623661058,0.580310880829015,0.000573460940773073,132.320709942851,112
"{LD RED,PALL MALL S-LINE FLOW VIOLET/ROSE} => {SANA 3.6% PET FRISS 330G}",0.000252560517957053,0.607142857142857,0.000415982029576322,58.1987325548277,85
"{LD RED,SANA 3.6% PET FRISS 330G} => {PALL MALL S-LINE FLOW VIOLET/ROSE}",0.000252560517957053,0.639097744360902,0.000395182928097506,60.249373433584,85
"{PALL MALL S-LINE FLOW VIOLET/ROSE,SANA 3.6% PET FRISS 330G} => {LD RED}",0.000252560517957053,0.62962962962963,0.000401125528520025,143.566220014052,85
"{LD RED,PALL MALL S-LINE FLOW VIOLET/ROSE} => {_BANANE}",0.000228790116266977,0.55,0.000415982029576322,5.99081332125057,77
"{_BANANE,LD RED} => {PALL MALL S-LINE FLOW VIOLET/ROSE}",0.000228790116266977,0.509933774834437,0.000448666331900176,48.0727567848331,77
"{_BANANE,PALL MALL S-LINE FLOW VIOLET/ROSE} => {LD RED}",0.000228790116266977,0.227810650887574,0.00100429947140569,51.9446869838521,77
"{LD RED,SANA 3.6% PET FRISS 330G} => {_BANANE}",0.000219876215633199,0.556390977443609,0.000395182928097506,6.06042632635054,74
"{_BANANE,LD RED} => {SANA 3.6% PET FRISS 330G}",0.000219876215633199,0.490066225165563,0.000448666331900176,46.9761487548122,74
"{_BANANE,SANA 3.6% PET FRISS 330G} => {LD RED}",0.000219876215633199,0.124789207419899,0.00176198102527685,28.454052930074,74
"{_TELINA,ZAHAR PUDRA KORONAS 500G} => {_MORCOVI}",0.00010696680760534,0.620689655172414,0.000172335412253048,14.7995016306937,36
"{_MORCOVI,ZAHAR PUDRA KORONAS 500G} => {_TELINA}",0.00010696680760534,0.428571428571429,0.000249589217745793,20.4649545970488,36
"{_PATRUNJEL RADACINA KG,ZAHAR PUDRA KORONAS 500G} => {_MORCOVI}",0.000103995507394081,0.760869565217391,0.000136679809717934,18.1419011535677,35
"{_MORCOVI,ZAHAR PUDRA KORONAS 500G} => {_PATRUNJEL RADACINA KG}",0.000103995507394081,0.416666666666667,0.000249589217745793,18.2141078927999,35
"{_PATRUNJEL RADACINA KG,CREMINOS CU UNT LACTO FOOD 60% 200G} => {_MORCOVI}",0.000127765909084156,0.796296296296296,0.00016045021140801,18.9866034295011,43
"{_MORCOVI,CREMINOS CU UNT LACTO FOOD 60% 200G} => {_PATRUNJEL RADACINA KG}",0.000127765909084156,0.505882352941176,0.000252560517957053,22.1140698180818,43
"{KINDER BUENO WHITE 39G,SZEKELYHON} => {FRANZELA ALBA COUNTRY 1KG}",0.000190163213520604,0.831168831168831,0.000228790116266977,37.4524519529206,64
"{FRANZELA ALBA COUNTRY 1KG,KINDER BUENO WHITE 39G} => {SZEKELYHON}",0.000190163213520604,0.673684210526316,0.000282273520069647,42.9739276166155,64
"{FRANZELA ALBA COUNTRY 1KG,SZEKELYHON} => {KINDER BUENO WHITE 39G}",0.000190163213520604,0.139433551198257,0.00136382679696809,46.2788756966736,64
"{_PATRUNJEL RADACINA KG,SMANTANA 12% GRASIME KERESZTURI 145G} => {_MORCOVI}",0.00010696680760534,0.679245283018868,0.000157478911196751,16.1956810298157,36
"{_MORCOVI,SMANTANA 12% GRASIME KERESZTURI 145G} => {_PATRUNJEL RADACINA KG}",0.00010696680760534,0.395604395604396,0.00027038831922461,17.2933947465705,36
"{ORBIT PASTILE SPEARMINT 14G,PALL MALL BLUE} => {APA MINERALA NATURALA DECARBOGAZIFICATA PARTIAL PERLA HARGHITEI 2L}",0.000112909408027859,0.358490566037736,0.000314957822393501,31.2891793235732,38
"{APA MINERALA NATURALA DECARBOGAZIFICATA PARTIAL PERLA HARGHITEI 2L,ORBIT PASTILE SPEARMINT 14G} => {PALL MALL BLUE}",0.000112909408027859,0.826086956521739,0.000136679809717934,68.8684774531238,38
"{LAPTE DE CONSUM 1.5% GRASIME FRISS CUTIE 1L,NESCAFE 3IN1 STRONG 14G} => {PAINE DE CASA PE FOI DE VARZA RIP-ROP 1KG}",0.000109938107816599,0.192708333333333,0.000570489640561813,3.30311014557338,37
"{NESCAFE 3IN1 STRONG 14G,PAINE DE CASA PE FOI DE VARZA RIP-ROP 1KG} => {LAPTE DE CONSUM 1.5% GRASIME FRISS CUTIE 1L}",0.000109938107816599,0.45679012345679,0.000240675317112015,16.0239823243437,37
"{LAPTE DE CONSUM 1.5% GRASIME FRISS CUTIE 1L,NESCAFE 3IN1 STRONG 14G} => {PAINE CU CARTOFI FELII BACHUS 1.2 KG}",0.000139651109929194,0.244791666666667,0.000570489640561813,3.28097848632683,47
"{NESCAFE 3IN1 STRONG 14G,PAINE CU CARTOFI FELII BACHUS 1.2 KG} => {LAPTE DE CONSUM 1.5% GRASIME FRISS CUTIE 1L}",0.000139651109929194,0.391666666666667,0.000356556025351133,13.7394821416163,47
"{PAINE CU MULTISEMINTE DOBOI 500G,WINCHESTER SOFT} => {CORN CU SUSAN RIP-ROP 150G}",0.00010696680760534,0.382978723404255,0.000279302219858388,65.6610485470567,36
"{CORN CU SUSAN RIP-ROP 150G,WINCHESTER SOFT} => {PAINE CU MULTISEMINTE DOBOI 500G}",0.00010696680760534,0.537313432835821,0.000199077114154383,133.555722127913,36
"{CORN CU SUSAN RIP-ROP 150G,PAINE CU MULTISEMINTE DOBOI 500G} => {WINCHESTER SOFT}",0.00010696680760534,0.5,0.00021393361521068,130.446899224806,36
"{PAINE CU MULTISEMINTE DOBOI 500G,WINCHESTER SOFT} => {CORN CU LAPTE RIP-ROP 100G}",0.000112909408027859,0.404255319148936,0.000279302219858388,59.5158969490516,38
"{CORN CU LAPTE RIP-ROP 100G,WINCHESTER SOFT} => {PAINE CU MULTISEMINTE DOBOI 500G}",0.000112909408027859,0.469135802469136,0.000240675317112015,116.609351350366,38
"{CORN CU LAPTE RIP-ROP 100G,PAINE CU MULTISEMINTE DOBOI 500G} => {WINCHESTER SOFT}",0.000112909408027859,0.469135802469136,0.000240675317112015,122.39462149488,38
"{PAINE CU MULTISEMINTE DOBOI 500G,WINCHESTER SOFT} => {CORN RIP-ROP 100G}",0.000190163213520604,0.680851063829787,0.000279302219858388,41.7990638608366,64
"{CORN RIP-ROP 100G,WINCHESTER SOFT} => {PAINE CU MULTISEMINTE DOBOI 500G}",0.000190163213520604,0.432432432432432,0.000439752431266398,107.48628687772,64
"{CORN RIP-ROP 100G,PAINE CU MULTISEMINTE DOBOI 500G} => {WINCHESTER SOFT}",0.000190163213520604,0.372093023255814,0.000511063636336625,97.0767622138093,64
"{PAINE CU MULTISEMINTE DOBOI 500G,WINCHESTER SOFT} => {LAPTE DE CONSUM 1.5% GRASIME FRISS CUTIE 1L}",0.000175306712464307,0.627659574468085,0.000279302219858388,22.0180021644734,59
"{LAPTE DE CONSUM 1.5% GRASIME FRISS CUTIE 1L,WINCHESTER SOFT} => {PAINE CU MULTISEMINTE DOBOI 500G}",0.000175306712464307,0.390728476821192,0.000448666331900176,97.1202666614495,59
"{LAPTE DE CONSUM 1.5% GRASIME FRISS CUTIE 1L,PAINE CU MULTISEMINTE DOBOI 500G} => {WINCHESTER SOFT}",0.000175306712464307,0.371069182389937,0.000472436733590252,96.8096484813027,59
"{COVRIG CU SALAM RIP-ROP 100G,WINCHESTER SOFT} => {SZEKELYHON}",0.000205019714576902,0.831325301204819,0.000246617917534534,53.029761959133,69
"{SZEKELYHON,WINCHESTER SOFT} => {COVRIG CU SALAM RIP-ROP 100G}",0.000205019714576902,0.379120879120879,0.000540776638449219,64.8674474991201,69
"{COVRIG CU SALAM RIP-ROP 100G,SZEKELYHON} => {WINCHESTER SOFT}",0.000205019714576902,0.293617021276596,0.00069825554964597,76.6028599703117,69
"{CORN CU SUSAN RIP-ROP 150G,WINCHESTER SOFT} => {CORN CU LAPTE RIP-ROP 100G}",0.000127765909084156,0.641791044776119,0.000199077114154383,94.4867460597276,43
"{CORN CU LAPTE RIP-ROP 100G,WINCHESTER SOFT} => {CORN CU SUSAN RIP-ROP 150G}",0.000127765909084156,0.530864197530864,0.000240675317112015,91.0157607089174,43
"{CORN CU LAPTE RIP-ROP 100G,CORN CU SUSAN RIP-ROP 150G} => {WINCHESTER SOFT}",0.000127765909084156,0.311594202898551,0.000410039429153803,81.2929951690821,43
"{CORN CU SUSAN RIP-ROP 150G,WINCHESTER SOFT} => {CORN RIP-ROP 100G}",0.000154507610985491,0.776119402985075,0.000199077114154383,47.6478134682298,52
"{CORN RIP-ROP 100G,WINCHESTER SOFT} => {CORN CU SUSAN RIP-ROP 150G}",0.000154507610985491,0.351351351351351,0.000439752431266398,60.2385895829605,52
"{CORN CU SUSAN RIP-ROP 150G,CORN RIP-ROP 100G} => {WINCHESTER SOFT}",0.000154507610985491,0.155688622754491,0.000992414270560655,40.6181961658079,52
"{CORN CU SUSAN RIP-ROP 150G,WINCHESTER SOFT} => {LAPTE DE CONSUM 1.5% GRASIME FRISS CUTIE 1L}",0.000136679809717934,0.686567164179104,0.000199077114154383,24.0844526585335,46
"{LAPTE DE CONSUM 1.5% GRASIME FRISS CUTIE 1L,WINCHESTER SOFT} => {CORN CU SUSAN RIP-ROP 150G}",0.000136679809717934,0.304635761589404,0.000448666331900176,52.2292814417721,46
"{CORN CU SUSAN RIP-ROP 150G,LAPTE DE CONSUM 1.5% GRASIME FRISS CUTIE 1L} => {WINCHESTER SOFT}",0.000136679809717934,0.373983739837398,0.000365469925984912,97.5700384445705,46
"{CORN CU LAPTE RIP-ROP 100G,WINCHESTER SOFT} => {CORN RIP-ROP 100G}",0.000169364112041788,0.703703703703704,0.000240675317112015,43.2020416987582,57
"{CORN RIP-ROP 100G,WINCHESTER SOFT} => {CORN CU LAPTE RIP-ROP 100G}",0.000169364112041788,0.385135135135135,0.000439752431266398,56.700955877137,57
"{CORN CU LAPTE RIP-ROP 100G,CORN RIP-ROP 100G} => {WINCHESTER SOFT}",0.000169364112041788,0.16056338028169,0.0010548115749971,41.8899901735997,57
"{CORN CU LAPTE RIP-ROP 100G,WINCHESTER SOFT} => {LAPTE DE CONSUM 1.5% GRASIME FRISS CUTIE 1L}",0.000127765909084156,0.530864197530864,0.000240675317112015,18.6224659445075,43
"{LAPTE DE CONSUM 1.5% GRASIME FRISS CUTIE 1L,WINCHESTER SOFT} => {CORN CU LAPTE RIP-ROP 100G}",0.000127765909084156,0.28476821192053,0.000448666331900176,41.9245826887533,43
"{CORN CU LAPTE RIP-ROP 100G,LAPTE DE CONSUM 1.5% GRASIME FRISS CUTIE 1L} => {WINCHESTER SOFT}",0.000127765909084156,0.275641025641026,0.000463522832956473,71.9130341880342,43
"{UNT 65% GRASIME FRISS 180G,WINCHESTER SOFT} => {CORN RIP-ROP 100G}",0.00010696680760534,0.5,0.00021393361521068,30.6961875228019,36
"{CORN RIP-ROP 100G,WINCHESTER SOFT} => {UNT 65% GRASIME FRISS 180G}",0.00010696680760534,0.243243243243243,0.000439752431266398,24.9054588510019,36
"{CORN RIP-ROP 100G,UNT 65% GRASIME FRISS 180G} => {WINCHESTER SOFT}",0.00010696680760534,0.31304347826087,0.000341699524294836,81.6711021233569,36
"{UNT 65% GRASIME FRISS 180G,WINCHESTER SOFT} => {LAPTE DE CONSUM 1.5% GRASIME FRISS CUTIE 1L}",0.000118852008450378,0.555555555555556,0.00021393361521068,19.4886271512288,40
"{LAPTE DE CONSUM 1.5% GRASIME FRISS CUTIE 1L,WINCHESTER SOFT} => {UNT 65% GRASIME FRISS 180G}",0.000118852008450378,0.264900662251656,0.000448666331900176,27.1229426780595,40
"{LAPTE DE CONSUM 1.5% GRASIME FRISS CUTIE 1L,UNT 65% GRASIME FRISS 180G} => {WINCHESTER SOFT}",0.000118852008450378,0.122324159021407,0.000971615169081839,31.9136144892492,40
"{SZEKELYHON,WINCHESTER SOFT} => {APA MINERALA NATURALA CARBOGAZOASA PERLA HARGHITEI  2L}",0.000118852008450378,0.21978021978022,0.000540776638449219,10.9940089636879,40
"{APA MINERALA NATURALA CARBOGAZOASA PERLA HARGHITEI  2L,WINCHESTER SOFT} => {SZEKELYHON}",0.000118852008450378,0.606060606060606,0.000196105813943123,38.6602568520688,40
"{APA MINERALA NATURALA CARBOGAZOASA PERLA HARGHITEI  2L,SZEKELYHON} => {WINCHESTER SOFT}",0.000118852008450378,0.176991150442478,0.000671513847744635,46.1758935309049,40
"{SZEKELYHON,WINCHESTER SOFT} => {LAPTE DE CONSUM 3.5% GRASIME FRISS CUTIE 1L}",0.000133708509506675,0.247252747252747,0.000540776638449219,11.5815802151919,45
"{LAPTE DE CONSUM 3.5% GRASIME FRISS CUTIE 1L,WINCHESTER SOFT} => {SZEKELYHON}",0.000133708509506675,0.375,0.000356556025351133,23.9210339272176,45
"{LAPTE DE CONSUM 3.5% GRASIME FRISS CUTIE 1L,SZEKELYHON} => {WINCHESTER SOFT}",0.000133708509506675,0.365853658536585,0.000365469925984912,95.4489506522972,45
"{SZEKELYHON,WINCHESTER SOFT} => {PAINE CU CARTOFI FELII BACHUS 1.2 KG}",0.000145593710351713,0.269230769230769,0.000540776638449219,3.6085393499372,49
"{PAINE CU CARTOFI FELII BACHUS 1.2 KG,WINCHESTER SOFT} => {SZEKELYHON}",0.000145593710351713,0.352517985611511,0.000413010729365063,22.4869191833796,49
"{PAINE CU CARTOFI FELII BACHUS 1.2 KG,SZEKELYHON} => {WINCHESTER SOFT}",0.000145593710351713,0.169550173010381,0.00085870576105398,44.2345886644672,49
"{CORN RIP-ROP 100G,WINCHESTER SOFT} => {LAPTE DE CONSUM 1.5% GRASIME FRISS CUTIE 1L}",0.000222847515844458,0.506756756756757,0.000439752431266398,17.7767882798371,75
"{LAPTE DE CONSUM 1.5% GRASIME FRISS CUTIE 1L,WINCHESTER SOFT} => {CORN RIP-ROP 100G}",0.000222847515844458,0.496688741721854,0.000448666331900176,30.4929015127171,75
"{CORN RIP-ROP 100G,LAPTE DE CONSUM 1.5% GRASIME FRISS CUTIE 1L} => {WINCHESTER SOFT}",0.000222847515844458,0.237341772151899,0.000938930866757985,61.9209964674713,75
"{LAPTE DE CONSUM 3.5% GRASIME FRISS CUTIE 1L,WINCHESTER SOFT} => {PAINE CU CARTOFI FELII BACHUS 1.2 KG}",0.000103995507394081,0.291666666666667,0.000356556025351133,3.90925096243197,35
"{PAINE CU CARTOFI FELII BACHUS 1.2 KG,WINCHESTER SOFT} => {LAPTE DE CONSUM 3.5% GRASIME FRISS CUTIE 1L}",0.000103995507394081,0.251798561151079,0.000413010729365063,11.7945109465663,35
"{_TELINA,WINCHESTER SOFT} => {_PATRUNJEL RADACINA KG}",0.000101024207182821,0.607142857142857,0.000166392811830529,26.5405572152228,34
"{_PATRUNJEL RADACINA KG,WINCHESTER SOFT} => {_TELINA}",0.000101024207182821,0.739130434782609,0.000136679809717934,35.2946318412871,34
"{_TELINA,WINCHESTER SOFT} => {_MORCOVI}",0.000118852008450378,0.714285714285714,0.000166392811830529,17.0311725115126,40
"{_MORCOVI,WINCHESTER SOFT} => {_TELINA}",0.000118852008450378,0.579710144927536,0.000205019714576902,27.6820641892448,40
"{_PATRUNJEL RADACINA KG,WINCHESTER SOFT} => {_MORCOVI}",0.00010696680760534,0.782608695652174,0.000136679809717934,18.6602411865268,36
"{_MORCOVI,WINCHESTER SOFT} => {_PATRUNJEL RADACINA KG}",0.00010696680760534,0.521739130434783,0.000205019714576902,22.8072307527234,36
"{_SALATA VERDE BUC,NESCAFE 3IN1 MILD 15G} => {PAINE CU CARTOFI FELII BACHUS 1.2 KG}",0.000101024207182821,0.641509433962264,0.000157478911196751,8.59824470443257,34
"{NESCAFE 3IN1 MILD 15G,PAINE CU CARTOFI FELII BACHUS 1.2 KG} => {_SALATA VERDE BUC}",0.000101024207182821,0.237762237762238,0.000424895930210101,62.7604662004662,34
"{_SALATA VERDE BUC,PAINE CU CARTOFI FELII BACHUS 1.2 KG} => {NESCAFE 3IN1 MILD 15G}",0.000101024207182821,0.213836477987421,0.000472436733590252,73.8884067516434,34
"{_CASTRAVETI FABIO,NESCAFE 3IN1 MILD 15G} => {PAINE CU CARTOFI FELII BACHUS 1.2 KG}",0.000133708509506675,0.633802816901408,0.000210962314999421,8.49495178959059,45
"{NESCAFE 3IN1 MILD 15G,PAINE CU CARTOFI FELII BACHUS 1.2 KG} => {_CASTRAVETI FABIO}",0.000133708509506675,0.314685314685315,0.000424895930210101,40.469349145314,45
"{_CASTRAVETI FABIO,PAINE CU CARTOFI FELII BACHUS 1.2 KG} => {NESCAFE 3IN1 MILD 15G}",0.000133708509506675,0.138888888888889,0.00096270126844806,47.991244581337,45
"{APA MINERALA NATURALA CARBOGAZOASA PERLA HARGHITEI  2L,NESCAFE 3IN1 MILD 15G} => {PAINE CU CARTOFI FELII BACHUS 1.2 KG}",0.000103995507394081,0.522388059701492,0.000199077114154383,7.00164351480352,35
"{NESCAFE 3IN1 MILD 15G,PAINE CU CARTOFI FELII BACHUS 1.2 KG} => {APA MINERALA NATURALA CARBOGAZOASA PERLA HARGHITEI  2L}",0.000103995507394081,0.244755244755245,0.000424895930210101,12.243328164107,35
"{_PATRUNJEL RADACINA KG,GOBE LAPTE 1.5% 1L} => {_MORCOVI}",0.000112909408027859,0.791666666666667,0.000142622410140453,18.8762162002598,38
"{_MORCOVI,GOBE LAPTE 1.5% 1L} => {_PATRUNJEL RADACINA KG}",0.000112909408027859,0.422222222222222,0.00026741701901335,18.4569626647039,38
"{_CLEMENTINA^2 A nu se consuma coaja,SANGERETE VRAC} => {CALTABOS VRAC}",0.00010696680760534,0.9,0.000118852008450378,244.469491525424,36
"{_CLEMENTINA^2 A nu se consuma coaja,CALTABOS VRAC} => {SANGERETE VRAC}",0.00010696680760534,0.610169491525424,0.000175306712464307,227.665601864031,36
"{COTLET PORC FARA OS,SANGERETE VRAC} => {CALTABOS VRAC}",0.000142622410140453,0.813559322033898,0.000175306712464307,220.98937087044,48
"{CALTABOS VRAC,COTLET PORC FARA OS} => {SANGERETE VRAC}",0.000142622410140453,0.761904761904762,0.000187191913309345,284.280857354028,48
"{PIEPT DE PUI FARA OS REFR.VRAC SZEKELY CSURKE,SANGERETE VRAC} => {CALTABOS VRAC}",0.000121823308661637,0.953488372093023,0.000127765909084156,258.998686112206,41
"{CALTABOS VRAC,PIEPT DE PUI FARA OS REFR.VRAC SZEKELY CSURKE} => {SANGERETE VRAC}",0.000121823308661637,0.694915254237288,0.000175306712464307,259.285824345146,41
"{SANGERETE VRAC,SMANTANA 20% GRASIME FRISS 300G} => {CALTABOS VRAC}",0.000127765909084156,0.914893617021277,0.000139651109929194,248.51508594783,43
"{CALTABOS VRAC,SMANTANA 20% GRASIME FRISS 300G} => {SANGERETE VRAC}",0.000127765909084156,0.682539682539683,0.000187191913309345,254.668268046317,43
"{LAPTE DE CONSUM 1.5% GRASIME FRISS CUTIE 1L,SANGERETE VRAC} => {CALTABOS VRAC}",0.000124794608872897,0.91304347826087,0.000136679809717934,248.012527634488,42
"{CALTABOS VRAC,LAPTE DE CONSUM 1.5% GRASIME FRISS CUTIE 1L} => {SANGERETE VRAC}",0.000124794608872897,0.777777777777778,0.00016045021140801,290.20337521557,42
"{CALTABOS VRAC,SANGERETE VRAC} => {CARNE TOCATA PORC VRAC}",0.000261474418590831,0.117333333333333,0.00222847515844458,3.92806976358633,88
"{CARNE TOCATA PORC VRAC,SANGERETE VRAC} => {CALTABOS VRAC}",0.000261474418590831,0.814814814814815,0.00032090042281602,221.330403850178,88
"{CALTABOS VRAC,CARNE TOCATA PORC VRAC} => {SANGERETE VRAC}",0.000261474418590831,0.536585365853659,0.000487293234646549,200.20999405116,88
"{APA MINERALA NATURALA CARBOGAZIFICATA CONTINUT REDUS CO2 TUSNAD 2L,SANGERETE VRAC} => {CALTABOS VRAC}",0.000101024207182821,0.944444444444444,0.00010696680760534,256.542059008161,34
"{APA MINERALA NATURALA CARBOGAZIFICATA CONTINUT REDUS CO2 TUSNAD 2L,CALTABOS VRAC} => {SANGERETE VRAC}",0.000101024207182821,0.5,0.000202048414365642,186.559312638581,34
"{CALTABOS VRAC,SANGERETE VRAC} => {PAINE DE CASA PE FOI DE VARZA RIP-ROP 1KG}",0.000252560517957053,0.113333333333333,0.00222847515844458,1.94258585858586,85
"{PAINE DE CASA PE FOI DE VARZA RIP-ROP 1KG,SANGERETE VRAC} => {CALTABOS VRAC}",0.000252560517957053,0.876288659793814,0.000288216120492166,238.028714543654,85
"{CALTABOS VRAC,PAINE DE CASA PE FOI DE VARZA RIP-ROP 1KG} => {SANGERETE VRAC}",0.000252560517957053,0.598591549295775,0.000421924629998841,223.345655975766,85
"{_MORCOVI,SANGERETE VRAC} => {CALTABOS VRAC}",0.000154507610985491,0.838709677419355,0.000184220613098086,227.821031529069,52
"{_MORCOVI,CALTABOS VRAC} => {SANGERETE VRAC}",0.000154507610985491,0.597701149425287,0.000258503118379572,223.013431200143,52
"{CALTABOS VRAC,SANGERETE VRAC} => {PAINE CU CARTOFI FELII BACHUS 1.2 KG}",0.000222847515844458,0.1,0.00222847515844458,1.34031461569096,75
"{PAINE CU CARTOFI FELII BACHUS 1.2 KG,SANGERETE VRAC} => {CALTABOS VRAC}",0.000222847515844458,0.872093023255814,0.000255531818168312,236.889042175798,75
"{CALTABOS VRAC,PAINE CU CARTOFI FELII BACHUS 1.2 KG} => {SANGERETE VRAC}",0.000222847515844458,0.646551724137931,0.000344670824506096,241.240490480924,75
"{CALTABOS VRAC,SANGERETE VRAC} => {_BANANE}",0.00026741701901335,0.12,0.00222847515844458,1.30708654281831,90
"{_BANANE,SANGERETE VRAC} => {CALTABOS VRAC}",0.00026741701901335,0.891089108910891,0.000300101321337204,242.049001510321,90
"{_BANANE,CALTABOS VRAC} => {SANGERETE VRAC}",0.00026741701901335,0.592105263157895,0.000451637632111436,220.925501808846,90
"{_PATRUNJEL RADACINA KG,SANGERETE VRAC} => {_MORCOVI}",0.000103995507394081,0.921052631578947,0.000112909408027859,21.9612487648452,35
"{_MORCOVI,SANGERETE VRAC} => {_PATRUNJEL RADACINA KG}",0.000103995507394081,0.564516129032258,0.000184220613098086,24.6771784354064,35
"{BERE TILTOTT IGAZI SOR 6% 500ML,PALL MALL S-LINE FLOW VIOLET/ROSE} => {SANA 3.6% PET FRISS 330G}",0.000276330919647128,0.486910994764398,0.000567518340350554,46.6736986673148,93
"{BERE TILTOTT IGAZI SOR 6% 500ML,SANA 3.6% PET FRISS 330G} => {PALL MALL S-LINE FLOW VIOLET/ROSE}",0.000276330919647128,0.63265306122449,0.000436781131055138,59.6418167266907,93
"{PALL MALL S-LINE FLOW VIOLET/ROSE,SANA 3.6% PET FRISS 330G} => {BERE TILTOTT IGAZI SOR 6% 500ML}",0.000276330919647128,0.688888888888889,0.000401125528520025,152.431046825919,93
"{BERE TILTOTT IGAZI SOR 6% 500ML,PALL MALL S-LINE FLOW VIOLET/ROSE} => {_BANANE}",0.000237704016900756,0.418848167539267,0.000567518340350554,4.56225669395569,80
"{_BANANE,BERE TILTOTT IGAZI SOR 6% 500ML} => {PALL MALL S-LINE FLOW VIOLET/ROSE}",0.000237704016900756,0.414507772020725,0.000573460940773073,39.0767042568323,80
"{_BANANE,PALL MALL S-LINE FLOW VIOLET/ROSE} => {BERE TILTOTT IGAZI SOR 6% 500ML}",0.000237704016900756,0.236686390532544,0.00100429947140569,52.371804597567,80
"{BERE TILTOTT IGAZI SOR 6% 500ML,PALL MALL BLUE} => {_LAMAIE^2 A nu se consuma coaja}",0.000145593710351713,0.374045801526718,0.000389240327674987,14.0075928164261,49
"{_LAMAIE^2 A nu se consuma coaja,BERE TILTOTT IGAZI SOR 6% 500ML} => {PALL MALL BLUE}",0.000145593710351713,0.4375,0.000332785623661058,36.4731081248452,49
"{_LAMAIE^2 A nu se consuma coaja,PALL MALL BLUE} => {BERE TILTOTT IGAZI SOR 6% 500ML}",0.000145593710351713,0.178832116788321,0.000814136257885088,39.5703388569756,49
"{BERE TILTOTT IGAZI SOR 6% 500ML,SANA 3.6% PET FRISS 330G} => {_BANANE}",0.00021690491542194,0.496598639455782,0.000436781131055138,5.4091449901211,73
"{_BANANE,BERE TILTOTT IGAZI SOR 6% 500ML} => {SANA 3.6% PET FRISS 330G}",0.00021690491542194,0.378238341968912,0.000573460940773073,36.2566928808497,73
"{_BANANE,SANA 3.6% PET FRISS 330G} => {BERE TILTOTT IGAZI SOR 6% 500ML}",0.00021690491542194,0.123102866779089,0.00176198102527685,27.239078976399,73
"{_LAMAIE^2 A nu se consuma coaja,BERE TILTOTT IGAZI SOR 6% 500ML} => {PAINE DE CASA PE FOI DE VARZA RIP-ROP 1KG}",0.00010696680760534,0.321428571428571,0.000332785623661058,5.5094346829641,36
"{BERE TILTOTT IGAZI SOR 6% 500ML,PAINE DE CASA PE FOI DE VARZA RIP-ROP 1KG} => {_LAMAIE^2 A nu se consuma coaja}",0.00010696680760534,0.244897959183673,0.000436781131055138,9.1711519814335,36
"{APA MINERALA NATURALA CARBOGAZIFICATA CONTINUT REDUS CO2 TUSNAD 2L,KINDER CIOCOLATA T4 50G} => {_BANANE}",0.000115880708239118,0.443181818181818,0.000261474418590831,4.8273082547267,39
"{_BANANE,KINDER CIOCOLATA T4 50G} => {APA MINERALA NATURALA CARBOGAZIFICATA CONTINUT REDUS CO2 TUSNAD 2L}",0.000115880708239118,0.178082191780822,0.000650714746265819,3.32616104614079,39
"{_TELINA,TOMATO JUICE 100% EKO 1L} => {_MORCOVI}",0.000130737209295416,0.611111111111111,0.00021393361521068,14.5711142598496,44
"{_MORCOVI,TOMATO JUICE 100% EKO 1L} => {_TELINA}",0.000130737209295416,0.297297297297297,0.000439752431266398,14.1964099457005,44
"{_PATRUNJEL RADACINA KG,TOMATO JUICE 100% EKO 1L} => {_MORCOVI}",0.00010696680760534,0.818181818181818,0.000130737209295416,19.5084339677326,36
"{_MORCOVI,TOMATO JUICE 100% EKO 1L} => {_PATRUNJEL RADACINA KG}",0.00010696680760534,0.243243243243243,0.000439752431266398,10.6331008239048,36
"{APA MINERALA NATURALA CARBOGAZIFICATA CONTINUT REDUS CO2 TUSNAD 2L,PALL MALL EXTRA CUT BLUE} => {_BANANE}",0.000103995507394081,0.301724137931034,0.000344670824506096,3.28649633610924,35
"{_BANANE,PALL MALL EXTRA CUT BLUE} => {APA MINERALA NATURALA CARBOGAZIFICATA CONTINUT REDUS CO2 TUSNAD 2L}",0.000103995507394081,0.216049382716049,0.00048135063422403,4.03529984467698,35
"{_PATRUNJEL RADACINA KG,CASCAVAL DALIA CALUP KERESZTURI} => {_MORCOVI}",0.000124794608872897,0.736842105263158,0.000169364112041788,17.5689990118761,42
"{_MORCOVI,CASCAVAL DALIA CALUP KERESZTURI} => {_PATRUNJEL RADACINA KG}",0.000124794608872897,0.531645569620253,0.000234732716689496,23.2402794379017,42
"{_TELINA,HARTIE IGIENICA PERFEX COTTON LIKE 10ROLE 3STRAT 200FOI/ROLA} => {_PATRUNJEL RADACINA KG}",0.000103995507394081,0.714285714285714,0.000145593710351713,31.2241849590856,35
"{_PATRUNJEL RADACINA KG,HARTIE IGIENICA PERFEX COTTON LIKE 10ROLE 3STRAT 200FOI/ROLA} => {_TELINA}",0.000103995507394081,0.625,0.000166392811830529,29.8447254540295,35
"{_TELINA,HARTIE IGIENICA PERFEX COTTON LIKE 10ROLE 3STRAT 200FOI/ROLA} => {_MORCOVI}",0.00010696680760534,0.73469387755102,0.000145593710351713,17.5177774404129,36
"{_MORCOVI,HARTIE IGIENICA PERFEX COTTON LIKE 10ROLE 3STRAT 200FOI/ROLA} => {_TELINA}",0.00010696680760534,0.387096774193548,0.000276330919647128,18.4844751199151,36
"{_PATRUNJEL RADACINA KG,HARTIE IGIENICA PERFEX COTTON LIKE 10ROLE 3STRAT 200FOI/ROLA} => {_MORCOVI}",0.000130737209295416,0.785714285714286,0.000166392811830529,18.7342897626638,44
"{_MORCOVI,HARTIE IGIENICA PERFEX COTTON LIKE 10ROLE 3STRAT 200FOI/ROLA} => {_PATRUNJEL RADACINA KG}",0.000130737209295416,0.473118279569892,0.000276330919647128,20.6818257363406,44
"{_CEAPA VERDE LEGATURA,_PATRUNJEL RADACINA KG} => {_MORCOVI}",0.000121823308661637,0.803921568627451,0.000151536310774232,19.1684176894279,41
"{_CEAPA VERDE LEGATURA,_MORCOVI} => {_PATRUNJEL RADACINA KG}",0.000121823308661637,0.476744186046512,0.000255531818168312,20.840328100599,41
"{BERE BUCEGI 2.5L PET,PALL MALL BLUE} => {SZEKELYHON}",0.000101024207182821,0.215189873417722,0.000469465433378992,13.7268380341839,34
"{BERE BUCEGI 2.5L PET,SZEKELYHON} => {PALL MALL BLUE}",0.000101024207182821,0.557377049180328,0.000181249312886826,46.4669105852829,34
"{PALL MALL BLUE,SZEKELYHON} => {BERE BUCEGI 2.5L PET}",0.000101024207182821,0.133858267716535,0.000754710253659899,22.6954164104802,34
"{BERE BUCEGI 2.5L PET,PALL MALL BLUE} => {_LAMAIE^2 A nu se consuma coaja}",0.000163421511619269,0.348101265822785,0.000469465433378992,13.0359992563097,55
"{_LAMAIE^2 A nu se consuma coaja,BERE BUCEGI 2.5L PET} => {PALL MALL BLUE}",0.000163421511619269,0.509259259259259,0.00032090042281602,42.4554697749521,55
"{_LAMAIE^2 A nu se consuma coaja,PALL MALL BLUE} => {BERE BUCEGI 2.5L PET}",0.000163421511619269,0.200729927007299,0.000814136257885088,34.0333799113791,55
"{BERE BUCEGI 2.5L PET,PALL MALL BLUE} => {LAPTE DE CONSUM 1.5% GRASIME FRISS CUTIE 1L}",0.00010696680760534,0.227848101265823,0.000469465433378992,7.99280404683307,36
"{BERE BUCEGI 2.5L PET,LAPTE DE CONSUM 1.5% GRASIME FRISS CUTIE 1L} => {PALL MALL BLUE}",0.00010696680760534,0.433734939759036,0.000246617917534534,36.1592259550961,36
"{LAPTE DE CONSUM 1.5% GRASIME FRISS CUTIE 1L,PALL MALL BLUE} => {BERE BUCEGI 2.5L PET}",0.00010696680760534,0.191489361702128,0.000558604439716776,32.4666595208746,36
"{BERE BUCEGI 2.5L PET,PALL MALL BLUE} => {PAINE DE CASA PE FOI DE VARZA RIP-ROP 1KG}",0.000133708509506675,0.284810126582278,0.000469465433378992,4.88177756718338,45
"{BERE BUCEGI 2.5L PET,PAINE DE CASA PE FOI DE VARZA RIP-ROP 1KG} => {PALL MALL BLUE}",0.000133708509506675,0.371900826446281,0.000359527325562393,31.0042949821588,45
"{PAINE DE CASA PE FOI DE VARZA RIP-ROP 1KG,PALL MALL BLUE} => {BERE BUCEGI 2.5L PET}",0.000133708509506675,0.104166666666667,0.00128360169126408,17.6612615449202,45
"{BERE BUCEGI 2.5L PET,SZEKELYHON} => {_LAMAIE^2 A nu se consuma coaja}",0.000103995507394081,0.573770491803279,0.000181249312886826,21.4870568963913,35
"{_LAMAIE^2 A nu se consuma coaja,BERE BUCEGI 2.5L PET} => {SZEKELYHON}",0.000103995507394081,0.324074074074074,0.00032090042281602,20.6724984556201,35
"{_LAMAIE^2 A nu se consuma coaja,SZEKELYHON} => {BERE BUCEGI 2.5L PET}",0.000103995507394081,0.118243243243243,0.000879504862532796,20.04791851045,35
"{BERE BUCEGI 2.5L PET,SZEKELYHON} => {PAINE DE CASA PE FOI DE VARZA RIP-ROP 1KG}",0.000118852008450378,0.655737704918033,0.000181249312886826,11.2396481692528,40
"{BERE BUCEGI 2.5L PET,PAINE DE CASA PE FOI DE VARZA RIP-ROP 1KG} => {SZEKELYHON}",0.000118852008450378,0.330578512396694,0.000359527325562393,21.0874128284012,40
"{_LAMAIE^2 A nu se consuma coaja,BERE BUCEGI 2.5L PET} => {PAINE DE CASA PE FOI DE VARZA RIP-ROP 1KG}",0.000133708509506675,0.416666666666667,0.00032090042281602,7.14185977421272,45
"{BERE BUCEGI 2.5L PET,PAINE DE CASA PE FOI DE VARZA RIP-ROP 1KG} => {_LAMAIE^2 A nu se consuma coaja}",0.000133708509506675,0.371900826446281,0.000359527325562393,13.9272659222182,45
"{_TELINA,PULPE DE PUI SUPERIOARE REFR.VRAC SZEKELY CSURKE} => {_PATRUNJEL RADACINA KG}",0.00016045021140801,0.568421052631579,0.000282273520069647,24.8478777148092,54
"{_PATRUNJEL RADACINA KG,PULPE DE PUI SUPERIOARE REFR.VRAC SZEKELY CSURKE} => {_TELINA}",0.00016045021140801,0.545454545454545,0.000294158720914685,26.0463058507894,54
"{_TELINA,PULPE DE PUI SUPERIOARE REFR.VRAC SZEKELY CSURKE} => {_MORCOVI}",0.000207991014788161,0.736842105263158,0.000282273520069647,17.5689990118761,70
"{_MORCOVI,PULPE DE PUI SUPERIOARE REFR.VRAC SZEKELY CSURKE} => {_TELINA}",0.000207991014788161,0.4375,0.000475408033801511,20.8913078178207,70
"{_PATRUNJEL RADACINA KG,PULPE DE PUI SUPERIOARE REFR.VRAC SZEKELY CSURKE} => {_MORCOVI}",0.000234732716689496,0.797979797979798,0.000294158720914685,19.0267442401343,79
"{_MORCOVI,PULPE DE PUI SUPERIOARE REFR.VRAC SZEKELY CSURKE} => {_PATRUNJEL RADACINA KG}",0.000234732716689496,0.49375,0.000475408033801511,21.5837178529679,79
"{_TELINA,CONSERVA MAZARE VERDE GREEN PEAS 400G} => {_PATRUNJEL RADACINA KG}",0.000196105813943123,0.795180722891566,0.000246617917534534,34.7604179544519,66
"{_PATRUNJEL RADACINA KG,CONSERVA MAZARE VERDE GREEN PEAS 400G} => {_TELINA}",0.000196105813943123,0.545454545454545,0.000359527325562393,26.0463058507894,66
"{_TELINA,CONSERVA MAZARE VERDE GREEN PEAS 400G} => {_MORCOVI}",0.000178278012675567,0.72289156626506,0.000246617917534534,17.2363673610489,60
"{_MORCOVI,CONSERVA MAZARE VERDE GREEN PEAS 400G} => {_TELINA}",0.000178278012675567,0.317460317460317,0.000561575739928035,15.1592256274436,60
"{_PATRUNJEL RADACINA KG,CONSERVA MAZARE VERDE GREEN PEAS 400G} => {_MORCOVI}",0.000294158720914685,0.818181818181818,0.000359527325562393,19.5084339677326,99
"{_MORCOVI,CONSERVA MAZARE VERDE GREEN PEAS 400G} => {_PATRUNJEL RADACINA KG}",0.000294158720914685,0.523809523809524,0.000561575739928035,22.8977356366628,99
"{CORN CU SUSAN RIP-ROP 150G,PAINE CU MULTISEMINTE DOBOI 500G} => {CORN CU LAPTE RIP-ROP 100G}",0.000142622410140453,0.666666666666667,0.00021393361521068,98.1490230387868,48
"{CORN CU LAPTE RIP-ROP 100G,PAINE CU MULTISEMINTE DOBOI 500G} => {CORN CU SUSAN RIP-ROP 150G}",0.000142622410140453,0.592592592592593,0.000240675317112015,101.598988698326,48
"{CORN CU LAPTE RIP-ROP 100G,CORN CU SUSAN RIP-ROP 150G} => {PAINE CU MULTISEMINTE DOBOI 500G}",0.000142622410140453,0.347826086956522,0.000410039429153803,86.4563611842528,48
"{CORN CU SUSAN RIP-ROP 150G,PAINE CU MULTISEMINTE DOBOI 500G} => {CORN RIP-ROP 100G}",0.000181249312886826,0.847222222222222,0.00021393361521068,52.0129844136366,61
"{CORN RIP-ROP 100G,PAINE CU MULTISEMINTE DOBOI 500G} => {CORN CU SUSAN RIP-ROP 150G}",0.000181249312886826,0.354651162790698,0.000511063636336625,60.804336622872,61
"{CORN CU SUSAN RIP-ROP 150G,CORN RIP-ROP 100G} => {PAINE CU MULTISEMINTE DOBOI 500G}",0.000181249312886826,0.182634730538922,0.000992414270560655,45.3960609062525,61
"{CORN CU SUSAN RIP-ROP 150G,PAINE CU MULTISEMINTE DOBOI 500G} => {LAPTE DE CONSUM 1.5% GRASIME FRISS CUTIE 1L}",0.000121823308661637,0.569444444444444,0.00021393361521068,19.9758428300095,41
"{LAPTE DE CONSUM 1.5% GRASIME FRISS CUTIE 1L,PAINE CU MULTISEMINTE DOBOI 500G} => {CORN CU SUSAN RIP-ROP 150G}",0.000121823308661637,0.257861635220126,0.000472436733590252,44.2099372991538,41
"{CORN CU SUSAN RIP-ROP 150G,LAPTE DE CONSUM 1.5% GRASIME FRISS CUTIE 1L} => {PAINE CU MULTISEMINTE DOBOI 500G}",0.000121823308661637,0.333333333333333,0.000365469925984912,82.8540128015756,41
"{CORN CU LAPTE RIP-ROP 100G,PAINE CU MULTISEMINTE DOBOI 500G} => {CORN RIP-ROP 100G}",0.000184220613098086,0.765432098765432,0.000240675317112015,46.991694479351,62
"{CORN RIP-ROP 100G,PAINE CU MULTISEMINTE DOBOI 500G} => {CORN CU LAPTE RIP-ROP 100G}",0.000184220613098086,0.36046511627907,0.000511063636336625,53.0689485035301,62
"{CORN CU LAPTE RIP-ROP 100G,CORN RIP-ROP 100G} => {PAINE CU MULTISEMINTE DOBOI 500G}",0.000184220613098086,0.174647887323944,0.0010548115749971,43.4108348763185,62
"{CORN CU LAPTE RIP-ROP 100G,PAINE CU MULTISEMINTE DOBOI 500G} => {LAPTE DE CONSUM 1.5% GRASIME FRISS CUTIE 1L}",0.00010696680760534,0.444444444444444,0.000240675317112015,15.590901720983,36
"{LAPTE DE CONSUM 1.5% GRASIME FRISS CUTIE 1L,PAINE CU MULTISEMINTE DOBOI 500G} => {CORN CU LAPTE RIP-ROP 100G}",0.00010696680760534,0.226415094339623,0.000472436733590252,33.3336304660031,36
"{CORN CU LAPTE RIP-ROP 100G,LAPTE DE CONSUM 1.5% GRASIME FRISS CUTIE 1L} => {PAINE CU MULTISEMINTE DOBOI 500G}",0.00010696680760534,0.230769230769231,0.000463522832956473,57.3604704010908,36
"{PAINE CU MULTISEMINTE DOBOI 500G,UNT 65% GRASIME FRISS 180G} => {LAPTE DE CONSUM 1.5% GRASIME FRISS CUTIE 1L}",0.000103995507394081,0.492957746478873,0.000210962314999421,17.2927255003861,35
"{LAPTE DE CONSUM 1.5% GRASIME FRISS CUTIE 1L,PAINE CU MULTISEMINTE DOBOI 500G} => {UNT 65% GRASIME FRISS 180G}",0.000103995507394081,0.220125786163522,0.000472436733590252,22.5384830272868,35
"{LAPTE DE CONSUM 1.5% GRASIME FRISS CUTIE 1L,UNT 65% GRASIME FRISS 180G} => {PAINE CU MULTISEMINTE DOBOI 500G}",0.000103995507394081,0.107033639143731,0.000971615169081838,26.6044995234417,35
"{CORN RIP-ROP 100G,PAINE CU MULTISEMINTE DOBOI 500G} => {LAPTE DE CONSUM 1.5% GRASIME FRISS CUTIE 1L}",0.000190163213520604,0.372093023255814,0.000511063636336625,13.0528479524509,64
"{LAPTE DE CONSUM 1.5% GRASIME FRISS CUTIE 1L,PAINE CU MULTISEMINTE DOBOI 500G} => {CORN RIP-ROP 100G}",0.000190163213520604,0.40251572327044,0.000472436733590252,24.7113962447713,64
"{CORN RIP-ROP 100G,LAPTE DE CONSUM 1.5% GRASIME FRISS CUTIE 1L} => {PAINE CU MULTISEMINTE DOBOI 500G}",0.000190163213520604,0.20253164556962,0.000938930866757985,50.3416786642484,64
"{APA MINERALA NATURALA CARBOGAZIFICATA CONTINUT REDUS CO2 TUSNAD 2L,PAINE CU MULTISEMINTE DOBOI 500G} => {PAINE DE CASA PE FOI DE VARZA RIP-ROP 1KG}",0.000240675317112015,0.574468085106383,0.000418953329787582,9.84664922061668,81
"{PAINE CU MULTISEMINTE DOBOI 500G,PAINE DE CASA PE FOI DE VARZA RIP-ROP 1KG} => {APA MINERALA NATURALA CARBOGAZIFICATA CONTINUT REDUS CO2 TUSNAD 2L}",0.000240675317112015,0.58695652173913,0.000410039429153803,10.9629823109423,81
"{_TELINA,L&M RED LABEL BOX} => {_PATRUNJEL RADACINA KG}",0.000115880708239118,0.829787234042553,0.000139651109929194,36.2732021014058,39
"{_PATRUNJEL RADACINA KG,L&M RED LABEL BOX} => {_TELINA}",0.000115880708239118,0.735849056603774,0.000157478911196751,35.137940911914,39
"{_TELINA,L&M RED LABEL BOX} => {_MORCOVI}",0.000112909408027859,0.808510638297872,0.000139651109929194,19.2778378215419,38
"{_MORCOVI,L&M RED LABEL BOX} => {_TELINA}",0.000112909408027859,0.4,0.000282273520069647,19.1006242905789,38
"{_PATRUNJEL RADACINA KG,L&M RED LABEL BOX} => {_MORCOVI}",0.000142622410140453,0.905660377358491,0.000157478911196751,21.5942413730876,48
"{_MORCOVI,L&M RED LABEL BOX} => {_PATRUNJEL RADACINA KG}",0.000142622410140453,0.505263157894737,0.000282273520069647,22.0870024131637,48
"{ELAN UNT 60% GRASIME 200G,PAINE ALBA CU FAINA DE SECARA BRUTARIA SANDOR 500G} => {_BANANE}",0.000151536310774232,0.772727272727273,0.000196105813943123,8.41684516208757,51
"{_BANANE,ELAN UNT 60% GRASIME 200G} => {PAINE ALBA CU FAINA DE SECARA BRUTARIA SANDOR 500G}",0.000151536310774232,0.17056856187291,0.000888418763166574,23.8196519518728,51
"{_BANANE,PAINE ALBA CU FAINA DE SECARA BRUTARIA SANDOR 500G} => {ELAN UNT 60% GRASIME 200G}",0.000151536310774232,0.12,0.00126280258978526,34.8458671268335,51
"{_PATRUNJEL RADACINA KG,ELAN UNT 60% GRASIME 200G} => {_MORCOVI}",0.000112909408027859,0.808510638297872,0.000139651109929194,19.2778378215419,38
"{_MORCOVI,ELAN UNT 60% GRASIME 200G} => {_PATRUNJEL RADACINA KG}",0.000112909408027859,0.447058823529412,0.000252560517957053,19.542666350863,38
"{_TELINA,_VARZA NOUA} => {_PATRUNJEL RADACINA KG}",0.000145593710351713,0.576470588235294,0.000252560517957053,25.1997539787444,49
"{_PATRUNJEL RADACINA KG,_VARZA NOUA} => {_TELINA}",0.000145593710351713,0.556818181818182,0.000261474418590831,26.5889372226808,49
"{_TELINA,_VARZA NOUA} => {_MORCOVI}",0.000199077114154383,0.788235294117647,0.000252560517957053,18.7943997832927,67
"{_MORCOVI,_VARZA NOUA} => {_TELINA}",0.000199077114154383,0.421383647798742,0.000472436733590252,20.1217268469935,67
"{_PATRUNJEL RADACINA KG,_VARZA NOUA} => {_MORCOVI}",0.000225818816055718,0.863636363636364,0.000261474418590831,20.5922358548288,76
"{_MORCOVI,_VARZA NOUA} => {_PATRUNJEL RADACINA KG}",0.000225818816055718,0.477987421383648,0.000472436733590252,20.8946747147592,76
"{_PATRUNJEL RADACINA KG,_ROSII ROZE VRAC} => {_MORCOVI}",0.000112909408027859,0.844444444444444,0.000133708509506675,20.1346306136104,38
"{_MORCOVI,_ROSII ROZE VRAC} => {_PATRUNJEL RADACINA KG}",0.000112909408027859,0.417582417582418,0.000270388319224609,18.2541388991577,38
"{_TELINA,ELAN PIPER MACINAT 50G} => {_MORCOVI}",0.000121823308661637,0.621212121212121,0.000196105813943123,14.8119591236488,41
"{_MORCOVI,ELAN PIPER MACINAT 50G} => {_TELINA}",0.000121823308661637,0.376146788990826,0.000323871723027279,17.9615962365535,41
"{_PATRUNJEL RADACINA KG,ELAN PIPER MACINAT 50G} => {_MORCOVI}",0.000145593710351713,0.742424242424242,0.000196105813943123,17.7020974892388,49
"{_MORCOVI,ELAN PIPER MACINAT 50G} => {_PATRUNJEL RADACINA KG}",0.000145593710351713,0.44954128440367,0.000323871723027279,19.6511842953511,49
"{COVRIGI RIP-ROP 100G,MELCI PIZZA RIP-ROP 120G} => {SZEKELYHON}",0.000109938107816599,0.342592592592593,0.00032090042281602,21.8537840816556,37
"{MELCI PIZZA RIP-ROP 120G,SZEKELYHON} => {COVRIGI RIP-ROP 100G}",0.000109938107816599,0.310924369747899,0.000353584725139874,50.0442512729626,37
"{COVRIGI RIP-ROP 100G,SZEKELYHON} => {MELCI PIZZA RIP-ROP 120G}",0.000109938107816599,0.339449541284404,0.000323871723027279,66.5750358204487,37
"{DANONE ACTIVIA NATUR 125G,MELCI PIZZA RIP-ROP 120G} => {PAINE CU CARTOFI FELII BACHUS 1.2 KG}",0.00010696680760534,0.642857142857143,0.000166392811830529,8.6163082437276,36
"{MELCI PIZZA RIP-ROP 120G,PAINE CU CARTOFI FELII BACHUS 1.2 KG} => {DANONE ACTIVIA NATUR 125G}",0.00010696680760534,0.262773722627737,0.000407068128942544,22.940929875884,36
"{MELCI PIZZA RIP-ROP 120G,SZEKELYHON} => {PAINE DE CASA PE FOI DE VARZA RIP-ROP 1KG}",0.000118852008450378,0.336134453781513,0.000353584725139874,5.76150032205396,40
"{MELCI PIZZA RIP-ROP 120G,PAINE DE CASA PE FOI DE VARZA RIP-ROP 1KG} => {SZEKELYHON}",0.000118852008450378,0.373831775700935,0.000317929122604761,23.8465135723041,40
"{APA MINERALA NATURALA CARBOGAZIFICATA CONTINUT REDUS CO2 TUSNAD 2L,MELCI PIZZA RIP-ROP 120G} => {PAINE CU CARTOFI FELII BACHUS 1.2 KG}",0.000133708509506675,0.463917525773196,0.000288216120492166,6.21795440269002,45
"{MELCI PIZZA RIP-ROP 120G,PAINE CU CARTOFI FELII BACHUS 1.2 KG} => {APA MINERALA NATURALA CARBOGAZIFICATA CONTINUT REDUS CO2 TUSNAD 2L}",0.000133708509506675,0.328467153284672,0.000407068128942544,6.13500226646407,45
"{_ARDEI CAPIA GALBEN,_GULII} => {_TELINA}",0.000118852008450378,0.645161290322581,0.000184220613098086,30.8074585331918,40
"{_ARDEI CAPIA GALBEN,_TELINA} => {_GULII}",0.000118852008450378,0.341880341880342,0.000347642124717355,37.2244758009883,40
"{_ARDEI CAPIA GALBEN,_GULII} => {_PATRUNJEL RADACINA KG}",0.000124794608872897,0.67741935483871,0.000184220613098086,29.6126141224876,42
"{_ARDEI CAPIA GALBEN,_PATRUNJEL RADACINA KG} => {_GULII}",0.000124794608872897,0.318181818181818,0.000392211627886247,34.6441428193288,42
"{_ARDEI CAPIA GALBEN,_GULII} => {_MORCOVI}",0.000136679809717934,0.741935483870968,0.000184220613098086,17.6904437055066,46
"{_ARDEI CAPIA GALBEN,_MORCOVI} => {_GULII}",0.000136679809717934,0.214953271028037,0.000635858245209521,23.4044542944999,46
"{_ARDEI CAPIA GALBEN,_CEAPA GALBENA} => {_MORCOVI}",0.00010696680760534,0.324324324324324,0.000329814323449798,7.73307292414625,36
"{_ARDEI CAPIA GALBEN,_MORCOVI} => {_CEAPA GALBENA}",0.00010696680760534,0.168224299065421,0.000635858245209521,9.14938469996194,36
"{_ARDEI CAPIA GALBEN,_ARDEI ROSU CAPIA} => {_MORCOVI}",0.000103995507394081,0.205882352941176,0.000505121035914106,4.90898501802421,35
"{_ARDEI CAPIA GALBEN,_MORCOVI} => {_ARDEI ROSU CAPIA}",0.000103995507394081,0.163551401869159,0.000635858245209521,8.77890190642281,35
"{_ARDEI CAPIA GALBEN,_TELINA} => {_PATRUNJEL RADACINA KG}",0.000222847515844458,0.641025641025641,0.000347642124717355,28.0217044504614,75
"{_ARDEI CAPIA GALBEN,_PATRUNJEL RADACINA KG} => {_TELINA}",0.000222847515844458,0.568181818181818,0.000392211627886247,27.1315685945723,75
"{_ARDEI CAPIA GALBEN,_TELINA} => {_MORCOVI}",0.000249589217745793,0.717948717948718,0.000347642124717355,17.1185118577255,84
"{_ARDEI CAPIA GALBEN,_MORCOVI} => {_TELINA}",0.000249589217745793,0.392523364485981,0.000635858245209521,18.7436032758017,84
"{_ARDEI CAPIA GALBEN,_PATRUNJEL RADACINA KG} => {_MORCOVI}",0.000309015221970982,0.787878787878788,0.000392211627886247,18.7858993763351,104
"{_ARDEI CAPIA GALBEN,_MORCOVI} => {_PATRUNJEL RADACINA KG}",0.000309015221970982,0.485981308411215,0.000635858245209521,21.2441183646863,104
"{GOBE PAINE CU SECARA SI CARTOFI KG,MAGAZIN DE RECLAMA SI PUBLICITATE HETI HIRDETO} => {APA MINERALA NATURALA CARBOGAZIFICATA CONTINUT REDUS CO2 TUSNAD 2L}",0.000103995507394081,0.411764705882353,0.000252560517957053,7.69080676279613,35
"{APA MINERALA NATURALA CARBOGAZIFICATA CONTINUT REDUS CO2 TUSNAD 2L,GOBE PAINE CU SECARA SI CARTOFI KG} => {MAGAZIN DE RECLAMA SI PUBLICITATE HETI HIRDETO}",0.000103995507394081,0.24822695035461,0.000418953329787582,41.0523463502187,35
"{APA MINERALA NATURALA CARBOGAZIFICATA CONTINUT REDUS CO2 TUSNAD 2L,MAGAZIN DE RECLAMA SI PUBLICITATE HETI HIRDETO} => {GOBE PAINE CU SECARA SI CARTOFI KG}",0.000103995507394081,0.315315315315315,0.000329814323449798,50.9459026957827,35
"{_PATRUNJEL RADACINA KG,ELAN FAINA ALBA DE GRAU TIP 550 1KG} => {_MORCOVI}",0.000103995507394081,0.714285714285714,0.000145593710351713,17.0311725115126,35
"{_MORCOVI,ELAN FAINA ALBA DE GRAU TIP 550 1KG} => {_PATRUNJEL RADACINA KG}",0.000103995507394081,0.333333333333333,0.000311986522182242,14.5712863142399,35
"{_PATRUNJEL RADACINA KG,CREMWURSTI PASARE CAROLI} => {_MORCOVI}",0.000101024207182821,0.85,0.000118852008450378,20.2670952887,34
"{_MORCOVI,CREMWURSTI PASARE CAROLI} => {_PATRUNJEL RADACINA KG}",0.000101024207182821,0.395348837209302,0.000255531818168312,17.2822233029357,34
"{_TELINA,PULPE DE PUI INFERIOARE REFR.VRAC SZEKELY CSURKE} => {_PATRUNJEL RADACINA KG}",0.000130737209295416,0.505747126436782,0.000258503118379572,22.1081585457434,44
"{_PATRUNJEL RADACINA KG,PULPE DE PUI INFERIOARE REFR.VRAC SZEKELY CSURKE} => {_TELINA}",0.000130737209295416,0.536585365853659,0.000243646617323274,25.6227886824839,44
"{_TELINA,PULPE DE PUI INFERIOARE REFR.VRAC SZEKELY CSURKE} => {_MORCOVI}",0.000169364112041788,0.655172413793103,0.000258503118379572,15.6216961657322,57
"{_MORCOVI,PULPE DE PUI INFERIOARE REFR.VRAC SZEKELY CSURKE} => {_TELINA}",0.000169364112041788,0.38255033557047,0.000442723731477657,18.267375579916,57
"{_PATRUNJEL RADACINA KG,PULPE DE PUI INFERIOARE REFR.VRAC SZEKELY CSURKE} => {_MORCOVI}",0.000190163213520604,0.780487804878049,0.000243646617323275,18.6096714272137,64
"{_MORCOVI,PULPE DE PUI INFERIOARE REFR.VRAC SZEKELY CSURKE} => {_PATRUNJEL RADACINA KG}",0.000190163213520604,0.429530201342282,0.000442723731477657,18.7764226331146,64
"{_PATRUNJEL RADACINA KG,ELAN PARIZER GROS DE PUI} => {_MORCOVI}",0.000103995507394081,0.777777777777778,0.000133708509506675,18.5450545125359,35
"{_MORCOVI,ELAN PARIZER GROS DE PUI} => {_PATRUNJEL RADACINA KG}",0.000103995507394081,0.479452054794521,0.00021690491542194,20.9586994930849,35
"{_GRAPEFRUIT ROSU^2 A nu se consuma coaja,_KIWI KG} => {_BANANE}",0.00010696680760534,0.375,0.000285244820280907,4.0846454463072,36
"{_BANANE,_GRAPEFRUIT ROSU^2 A nu se consuma coaja} => {_KIWI KG}",0.00010696680760534,0.108108108108108,0.000989442970349395,23.3082050660526,36
"{_GRAPEFRUIT ROSU^2 A nu se consuma coaja,_PORTOCALE^2 A nu se consuma coaja} => {_BANANE}",0.000205019714576902,0.560975609756098,0.000365469925984912,6.11036391967907,69
"{_BANANE,_GRAPEFRUIT ROSU^2 A nu se consuma coaja} => {_PORTOCALE^2 A nu se consuma coaja}",0.000205019714576902,0.207207207207207,0.000989442970349395,24.9057882882883,69
"{_GRAPEFRUIT ROSU^2 A nu se consuma coaja,_PORTOCALE PLASA BUC^2 A nu se consuma coaja} => {_BANANE}",0.000109938107816599,0.415730337078652,0.000264445718802091,4.52829607530686,37
"{_BANANE,_GRAPEFRUIT ROSU^2 A nu se consuma coaja} => {_PORTOCALE PLASA BUC^2 A nu se consuma coaja}",0.000109938107816599,0.111111111111111,0.000989442970349395,11.3765676232972,37
"{_GRAPEFRUIT ROSU^2 A nu se consuma coaja,_MANDARINE^2 A nu se consuma coaja} => {_BANANE}",0.000103995507394081,0.388888888888889,0.00026741701901335,4.23592861098525,35
"{_BANANE,_GRAPEFRUIT ROSU^2 A nu se consuma coaja} => {_MANDARINE^2 A nu se consuma coaja}",0.000103995507394081,0.105105105105105,0.000989442970349395,10.7550740159436,35
"{_GRAPEFRUIT ROSU^2 A nu se consuma coaja,_LAMAIE^2 A nu se consuma coaja} => {_BANANE}",0.000166392811830529,0.307692307692308,0.000540776638449219,3.35150395594437,56
"{_BANANE,_GRAPEFRUIT ROSU^2 A nu se consuma coaja} => {_LAMAIE^2 A nu se consuma coaja}",0.000166392811830529,0.168168168168168,0.000989442970349395,6.29770796723061,56
"{_GRAPEFRUIT ROSU^2 A nu se consuma coaja,_PATRUNJEL RADACINA KG} => {_MORCOVI}",0.000118852008450378,0.714285714285714,0.000166392811830529,17.0311725115126,40
"{_GRAPEFRUIT ROSU^2 A nu se consuma coaja,_MORCOVI} => {_PATRUNJEL RADACINA KG}",0.000118852008450378,0.425531914893617,0.000279302219858388,18.601642103285,40
"{_TELINA,AMESTEC DE LEGUME HAJDU CONG.AGROSPRINT 400G} => {_PATRUNJEL RADACINA KG}",0.000166392811830529,0.636363636363636,0.000261474418590831,27.8179102362763,56
"{_PATRUNJEL RADACINA KG,AMESTEC DE LEGUME HAJDU CONG.AGROSPRINT 400G} => {_TELINA}",0.000166392811830529,0.543689320388349,0.000306043921759723,25.9620135988451,56
"{_TELINA,AMESTEC DE LEGUME HAJDU CONG.AGROSPRINT 400G} => {_MORCOVI}",0.000196105813943123,0.75,0.000261474418590831,17.8827311370882,66
"{_MORCOVI,AMESTEC DE LEGUME HAJDU CONG.AGROSPRINT 400G} => {_TELINA}",0.000196105813943123,0.390532544378698,0.000502149735702846,18.6485385085534,66
"{_PATRUNJEL RADACINA KG,AMESTEC DE LEGUME HAJDU CONG.AGROSPRINT 400G} => {_MORCOVI}",0.000261474418590831,0.854368932038835,0.000306043921759723,20.3712665380422,88
"{_MORCOVI,AMESTEC DE LEGUME HAJDU CONG.AGROSPRINT 400G} => {_PATRUNJEL RADACINA KG}",0.000261474418590831,0.520710059171598,0.000502149735702846,22.7622460766825,88
"{_PATRUNJEL RADACINA KG,FRANZELA CU SEMINTE RIP-ROP 300G} => {_MORCOVI}",0.000109938107816599,0.787234042553192,0.000139651109929194,18.7705262999224,37
"{_MORCOVI,FRANZELA CU SEMINTE RIP-ROP 300G} => {_PATRUNJEL RADACINA KG}",0.000109938107816599,0.506849315068493,0.000216904915421939,22.1563394641183,37
"{_CASTRAVETI FABIO,_SALATA VERDE BUC} => {PAINE CU CARTOFI FELII BACHUS 1.2 KG}",0.000139651109929194,0.333333333333333,0.000418953329787582,4.46771538563653,47
"{_SALATA VERDE BUC,PAINE CU CARTOFI FELII BACHUS 1.2 KG} => {_CASTRAVETI FABIO}",0.000139651109929194,0.29559748427673,0.000472436733590252,38.0146045570448,47
"{_CASTRAVETI FABIO,PAINE CU CARTOFI FELII BACHUS 1.2 KG} => {_SALATA VERDE BUC}",0.000139651109929194,0.145061728395062,0.00096270126844806,38.290948922779,47
"{_ROSII VRAC,_SALATA VERDE BUC} => {_ARDEI ROSU CAPIA}",0.000101024207182821,0.350515463917526,0.000288216120492166,18.8145184892879,34
"{_ARDEI ROSU CAPIA,_SALATA VERDE BUC} => {_ROSII VRAC}",0.000101024207182821,0.382022471910112,0.000264445718802091,25.0723106452348,34
"{_RIDICHI ROSU LEGATURA,_TELINA} => {_PATRUNJEL RADACINA KG}",0.00010696680760534,0.631578947368421,0.000169364112041788,27.6087530164546,36
"{_PATRUNJEL RADACINA KG,_RIDICHI ROSU LEGATURA} => {_TELINA}",0.00010696680760534,0.654545454545455,0.000163421511619269,31.2555670209473,36
"{_RIDICHI ROSU LEGATURA,_TELINA} => {_MORCOVI}",0.000109938107816599,0.649122807017544,0.000169364112041788,15.4774515104623,37
"{_MORCOVI,_RIDICHI ROSU LEGATURA} => {_TELINA}",0.000109938107816599,0.342592592592593,0.00032090042281602,16.3593309896162,37
"{_PATRUNJEL RADACINA KG,_RIDICHI ROSU LEGATURA} => {_MORCOVI}",0.000124794608872897,0.763636363636364,0.000163421511619269,18.2078717032171,42
"{_MORCOVI,_RIDICHI ROSU LEGATURA} => {_PATRUNJEL RADACINA KG}",0.000124794608872897,0.388888888888889,0.00032090042281602,16.9998340332799,42
"{KINDER BUENO 43G,SZEKELYHON} => {FRANZELA ALBA COUNTRY 1KG}",0.000303072621548463,0.784615384615385,0.000386269027463728,35.3547545238267,102
"{FRANZELA ALBA COUNTRY 1KG,KINDER BUENO 43G} => {SZEKELYHON}",0.000303072621548463,0.62962962962963,0.00048135063422403,40.1637112852048,102
"{FRANZELA ALBA COUNTRY 1KG,SZEKELYHON} => {KINDER BUENO 43G}",0.000303072621548463,0.222222222222222,0.00136382679696809,50.3972746331237,102
"{KINDER BUENO 43G,SZEKELYHON} => {APA MINERALA NATURALA CARBOGAZIFICATA CONTINUT REDUS CO2 TUSNAD 2L}",0.000127765909084156,0.330769230769231,0.000386269027463728,6.17799971824612,43
"{APA MINERALA NATURALA CARBOGAZIFICATA CONTINUT REDUS CO2 TUSNAD 2L,KINDER BUENO 43G} => {SZEKELYHON}",0.000127765909084156,0.294520547945205,0.000433809830843879,18.7872960524266,43
"{APA MINERALA NATURALA CARBOGAZIFICATA CONTINUT REDUS CO2 TUSNAD 2L,SZEKELYHON} => {KINDER BUENO 43G}",0.000127765909084156,0.141447368421053,0.000903275264222871,32.0785284260179,43
"{FRANZELA ALBA COUNTRY 1KG,KINDER BUENO 43G} => {APA MINERALA NATURALA CARBOGAZIFICATA CONTINUT REDUS CO2 TUSNAD 2L}",0.000151536310774232,0.314814814814815,0.00048135063422403,5.88000834510075,51
"{APA MINERALA NATURALA CARBOGAZIFICATA CONTINUT REDUS CO2 TUSNAD 2L,KINDER BUENO 43G} => {FRANZELA ALBA COUNTRY 1KG}",0.000151536310774232,0.349315068493151,0.000433809830843879,15.74013043869,51
"{APA MINERALA NATURALA CARBOGAZIFICATA CONTINUT REDUS CO2 TUSNAD 2L,FRANZELA ALBA COUNTRY 1KG} => {KINDER BUENO 43G}",0.000151536310774232,0.100990099009901,0.00150050660668602,22.9033158976275,51
"{KINDER BUENO 43G,PAINE DE CASA PE FOI DE VARZA RIP-ROP 1KG} => {_BANANE}",0.000118852008450378,0.25,0.000475408033801511,2.7230969642048,40
"{_BANANE,KINDER BUENO 43G} => {PAINE DE CASA PE FOI DE VARZA RIP-ROP 1KG}",0.000118852008450378,0.191387559808612,0.000621001744153224,3.28047147523646,40
"{_CEAPA GALBENA,_GHIMBIR} => {_LAMAIE^2 A nu se consuma coaja}",0.000103995507394081,0.546875,0.000190163213520604,20.479851104373,35
"{_CEAPA GALBENA,_LAMAIE^2 A nu se consuma coaja} => {_GHIMBIR}",0.000103995507394081,0.103550295857988,0.00100429947140569,26.183443066787,35
"{_GHIMBIR,_TELINA} => {_PATRUNJEL RADACINA KG}",0.000109938107816599,0.493333333333333,0.000222847515844458,21.5655037450751,37
"{_GHIMBIR,_PATRUNJEL RADACINA KG} => {_TELINA}",0.000109938107816599,0.486842105263158,0.000225818816055718,23.2474703536651,37
"{_GHIMBIR,_TELINA} => {_MORCOVI}",0.000121823308661637,0.546666666666667,0.000222847515844458,13.034524028811,41
"{_GHIMBIR,_MORCOVI} => {_TELINA}",0.000121823308661637,0.376146788990826,0.000323871723027279,17.9615962365535,41
"{_GHIMBIR,_MORCOVI} => {_LAMAIE^2 A nu se consuma coaja}",0.000118852008450378,0.36697247706422,0.000323871723027279,13.7427048039829,40
"{_GHIMBIR,_LAMAIE^2 A nu se consuma coaja} => {_BANANE}",0.000309015221970982,0.205940594059406,0.00150050660668602,2.24318482595881,104
"{_BANANE,_GHIMBIR} => {_LAMAIE^2 A nu se consuma coaja}",0.000309015221970982,0.363636363636364,0.000849791860420201,13.6177711239467,104
"{_GHIMBIR,_PATRUNJEL RADACINA KG} => {_MORCOVI}",0.000166392811830529,0.736842105263158,0.000225818816055718,17.5689990118761,56
"{_GHIMBIR,_MORCOVI} => {_PATRUNJEL RADACINA KG}",0.000166392811830529,0.513761467889908,0.000323871723027279,22.4584963375441,56
"{_TELINA,_VINETE} => {_MORCOVI}",0.000103995507394081,0.546875,0.000190163213520604,13.0394914541268,35
"{_MORCOVI,_VINETE} => {_TELINA}",0.000103995507394081,0.289256198347107,0.000359527325562393,13.8124349208732,35
"{_PATRUNJEL RADACINA KG,_VINETE} => {_MORCOVI}",0.00010696680760534,0.692307692307692,0.000154507610985491,16.5071364342353,36
"{_MORCOVI,_VINETE} => {_PATRUNJEL RADACINA KG}",0.00010696680760534,0.297520661157025,0.000359527325562393,13.0057762143629,36
"{_CONOPIDA,_GULII} => {_TELINA}",0.00016045021140801,0.442622950819672,0.000362498625773652,21.1359367149848,54
"{_CONOPIDA,_TELINA} => {_GULII}",0.00016045021140801,0.36241610738255,0.000442723731477657,39.4604426360141,54
"{_CONOPIDA,_GULII} => {_PATRUNJEL RADACINA KG}",0.000148565010562972,0.409836065573771,0.000362498625773652,17.9155159601311,50
"{_CONOPIDA,_PATRUNJEL RADACINA KG} => {_GULII}",0.000148565010562972,0.301204819277108,0.000493235835069068,32.7956601559912,50
"{_CONOPIDA,_GULII} => {_MORCOVI}",0.000178278012675567,0.491803278688525,0.000362498625773652,11.7263810735005,60
"{_CONOPIDA,_MORCOVI} => {_GULII}",0.000178278012675567,0.198019801980198,0.000900303964011612,21.5607112312655,60
"{_CEAPA GALBENA,_CONOPIDA} => {_MORCOVI}",0.000101024207182821,0.47887323943662,0.000210962314999421,11.4180818527887,34
"{_CONOPIDA,_MORCOVI} => {_CEAPA GALBENA}",0.000101024207182821,0.112211221122112,0.000900303964011612,6.1029449098756,34
"{_CONOPIDA,_TELINA} => {_PATRUNJEL RADACINA KG}",0.000255531818168312,0.577181208053691,0.000442723731477657,25.2308179132477,86
"{_CONOPIDA,_PATRUNJEL RADACINA KG} => {_TELINA}",0.000255531818168312,0.518072289156627,0.000493235835069068,24.7387603763522,86
"{_CONOPIDA,_TELINA} => {_MORCOVI}",0.000314957822393501,0.711409395973154,0.000442723731477657,16.9625906087817,106
"{_CONOPIDA,_MORCOVI} => {_TELINA}",0.000314957822393501,0.34983498349835,0.000900303964011612,16.7051664587571,106
"{_CONOPIDA,_PATRUNJEL RADACINA KG} => {_MORCOVI}",0.000383297727252468,0.77710843373494,0.000493235835069068,18.5290949131275,129
"{_CONOPIDA,_MORCOVI} => {_PATRUNJEL RADACINA KG}",0.000383297727252468,0.425742574257426,0.000900303964011612,18.6108508369995,129
"{_CONOPIDA,_MORCOVI} => {_BANANE}",0.000163421511619269,0.181518151815182,0.000900303964011612,1.97716611262395,55
"{_BANANE,_CONOPIDA} => {_MORCOVI}",0.000163421511619269,0.277777777777778,0.00058831744182937,6.62323375447711,55
"{_PATRUNJEL RADACINA KG,_PRUNE} => {_MORCOVI}",0.000101024207182821,0.755555555555556,0.000133708509506675,18.0151958121777,34
"{_MORCOVI,_PRUNE} => {_PATRUNJEL RADACINA KG}",0.000101024207182821,0.404761904761905,0.000249589217745793,17.6937048101485,34
"{_TELINA,CALTABOS VRAC} => {_PATRUNJEL RADACINA KG}",0.00010696680760534,0.642857142857143,0.000166392811830529,28.101766463177,36
"{_PATRUNJEL RADACINA KG,CALTABOS VRAC} => {_TELINA}",0.00010696680760534,0.654545454545455,0.000163421511619269,31.2555670209473,36
"{_TELINA,CALTABOS VRAC} => {_MORCOVI}",0.000121823308661637,0.732142857142857,0.000166392811830529,17.4569518243004,41
"{_MORCOVI,CALTABOS VRAC} => {_TELINA}",0.000121823308661637,0.471264367816092,0.000258503118379572,22.5036090779809,41
"{_PATRUNJEL RADACINA KG,CALTABOS VRAC} => {_MORCOVI}",0.000139651109929194,0.854545454545454,0.000163421511619269,20.3754754774096,47
"{_MORCOVI,CALTABOS VRAC} => {_PATRUNJEL RADACINA KG}",0.000139651109929194,0.540229885057471,0.000258503118379572,23.615532992044,47
"{_TELINA,MAGAZIN DE RECLAMA SI PUBLICITATE HETI HIRDETO} => {_MORCOVI}",0.00010696680760534,0.75,0.000142622410140453,17.8827311370882,36
"{_MORCOVI,MAGAZIN DE RECLAMA SI PUBLICITATE HETI HIRDETO} => {_TELINA}",0.00010696680760534,0.455696202531646,0.000234732716689496,21.7602048880013,36
"{_PATRUNJEL RADACINA KG,PAINE DE CASA CU CARTOFI DOBOI KG} => {_MORCOVI}",0.000142622410140453,0.857142857142857,0.000166392811830529,20.4374070138151,48
"{_MORCOVI,PAINE DE CASA CU CARTOFI DOBOI KG} => {_PATRUNJEL RADACINA KG}",0.000142622410140453,0.505263157894737,0.000282273520069647,22.0870024131637,48
"{COVRIGI RIP-ROP 100G,SANA 3.6% FRISS 900G} => {SZEKELYHON}",0.00010696680760534,0.5625,0.000190163213520604,35.8815508908264,36
"{COVRIGI RIP-ROP 100G,SZEKELYHON} => {SANA 3.6% FRISS 900G}",0.00010696680760534,0.330275229357798,0.000323871723027279,49.8230028086307,36
"{SANA 3.6% FRISS 900G,SZEKELYHON} => {COVRIGI RIP-ROP 100G}",0.00010696680760534,0.423529411764706,0.000252560517957053,68.1683855177652,36
"{COVRIGI RIP-ROP 100G,SZEKELYHON} => {PAINE DE CASA PE FOI DE VARZA RIP-ROP 1KG}",0.000124794608872897,0.385321100917431,0.000323871723027279,6.60458224991414,42
"{COVRIGI RIP-ROP 100G,PAINE DE CASA PE FOI DE VARZA RIP-ROP 1KG} => {SZEKELYHON}",0.000124794608872897,0.338709677419355,0.000368441226196171,21.6060951600675,42
"{CORN RIP-ROP 100G,COVRIGI RIP-ROP 100G} => {_BANANE}",0.000127765909084156,0.140522875816993,0.00090921786464539,1.53062966615433,43
"{_BANANE,COVRIGI RIP-ROP 100G} => {CORN RIP-ROP 100G}",0.000127765909084156,0.155234657039711,0.000823050158518866,9.53022428505763,43
"{APA MINERALA NATURALA DECARBOGAZIFICATA PARTIAL PERLA HARGHITEI 2L,COVRIG CU SALAM RIP-ROP 100G} => {SZEKELYHON}",0.000303072621548463,0.621951219512195,0.000487293234646549,39.6739099280682,102
"{COVRIG CU SALAM RIP-ROP 100G,SZEKELYHON} => {APA MINERALA NATURALA DECARBOGAZIFICATA PARTIAL PERLA HARGHITEI 2L}",0.000303072621548463,0.434042553191489,0.00069825554964597,37.8833826255849,102
"{APA MINERALA NATURALA DECARBOGAZIFICATA PARTIAL PERLA HARGHITEI 2L,SZEKELYHON} => {COVRIG CU SALAM RIP-ROP 100G}",0.000303072621548463,0.335526315789474,0.000903275264222871,57.4084332271961,102
"{COVRIG CU SALAM RIP-ROP 100G,SZEKELYHON} => {LAPTE DE CONSUM 3.5% GRASIME FRISS CUTIE 1L}",0.000101024207182821,0.14468085106383,0.00069825554964597,6.77700410133404,34
"{COVRIG CU SALAM RIP-ROP 100G,LAPTE DE CONSUM 3.5% GRASIME FRISS CUTIE 1L} => {SZEKELYHON}",0.000101024207182821,0.515151515151515,0.000196105813943123,32.8612183242585,34
"{LAPTE DE CONSUM 3.5% GRASIME FRISS CUTIE 1L,SZEKELYHON} => {COVRIG CU SALAM RIP-ROP 100G}",0.000101024207182821,0.276422764227642,0.000365469925984912,47.2958365882591,34
"{COVRIG CU SALAM RIP-ROP 100G,SZEKELYHON} => {_BANANE}",0.000109938107816599,0.157446808510638,0.00069825554964597,1.71497170511622,37
"{_BANANE,COVRIG CU SALAM RIP-ROP 100G} => {SZEKELYHON}",0.000109938107816599,0.161572052401747,0.000680427748378413,10.3065881258463,37
"{_PATRUNJEL RADACINA KG,SALAM DE CASA AFUMAT GASTRO BERKE} => {_MORCOVI}",0.00010696680760534,0.837209302325581,0.000127765909084156,19.9621184786101,36
"{_MORCOVI,SALAM DE CASA AFUMAT GASTRO BERKE} => {_PATRUNJEL RADACINA KG}",0.00010696680760534,0.391304347826087,0.000273359619435869,17.1054230645425,36
"{_PATRUNJEL RADACINA KG,BICARBONAT DE SODIU ECOM 150G} => {_MORCOVI}",0.000115880708239118,0.906976744186046,0.000127765909084156,21.6256283518276,39
"{_MORCOVI,BICARBONAT DE SODIU ECOM 150G} => {_PATRUNJEL RADACINA KG}",0.000115880708239118,0.428571428571429,0.00027038831922461,18.7345109754514,39
"{_ROSII PRUNISOR,_TELINA} => {_MORCOVI}",0.000121823308661637,0.661290322580645,0.000184220613098086,15.7675693896907,41
"{_MORCOVI,_ROSII PRUNISOR} => {_TELINA}",0.000121823308661637,0.41,0.000297130021125945,19.5781398978434,41
"{_PATRUNJEL RADACINA KG,_ROSII PRUNISOR} => {_MORCOVI}",0.000118852008450378,0.769230769230769,0.000154507610985491,18.3412627047059,40
"{_MORCOVI,_ROSII PRUNISOR} => {_PATRUNJEL RADACINA KG}",0.000118852008450378,0.4,0.000297130021125944,17.4855435770879,40
"{_TELINA,ULEI UNISOL 1L} => {_PATRUNJEL RADACINA KG}",0.00010696680760534,0.529411764705882,0.000202048414365642,23.1426312049693,36
"{_PATRUNJEL RADACINA KG,ULEI UNISOL 1L} => {_TELINA}",0.00010696680760534,0.444444444444444,0.000240675317112015,21.222915878421,36
"{_TELINA,ULEI UNISOL 1L} => {_MORCOVI}",0.000133708509506675,0.661764705882353,0.000202048414365642,15.7788804150778,45
"{_MORCOVI,ULEI UNISOL 1L} => {_TELINA}",0.000133708509506675,0.384615384615385,0.000347642124717355,18.3659848947874,45
"{_PATRUNJEL RADACINA KG,ULEI UNISOL 1L} => {_MORCOVI}",0.000210962314999421,0.876543209876543,0.000240675317112015,20.8999820696833,71
"{_MORCOVI,ULEI UNISOL 1L} => {_PATRUNJEL RADACINA KG}",0.000210962314999421,0.606837606837607,0.000347642124717355,26.5272135464368,71
"{_PIERSICI,_TELINA} => {_MORCOVI}",0.000103995507394081,0.648148148148148,0.00016045021140801,15.4542120937799,35
"{_MORCOVI,_PIERSICI} => {_TELINA}",0.000103995507394081,0.393258426966292,0.000264445718802091,18.778703656468,35
"{_PATRUNJEL RADACINA KG,_PIERSICI} => {_MORCOVI}",0.000112909408027859,0.76,0.000148565010562972,18.1211675522494,38
"{_MORCOVI,_PIERSICI} => {_PATRUNJEL RADACINA KG}",0.000112909408027859,0.426966292134831,0.000264445718802091,18.6643442676781,38
"{_PATRUNJEL RADACINA KG,SLANINA AFUMATA MAESTRO} => {_MORCOVI}",0.000109938107816599,0.649122807017544,0.000169364112041788,15.4774515104623,37
"{_MORCOVI,SLANINA AFUMATA MAESTRO} => {_PATRUNJEL RADACINA KG}",0.000109938107816599,0.342592592592593,0.00032090042281602,14.9760442674133,37
"{CORN CU LAPTE RIP-ROP 100G,CORN CU SUSAN RIP-ROP 150G} => {CORN RIP-ROP 100G}",0.000240675317112015,0.58695652173913,0.000410039429153803,36.0346549180718,81
"{CORN CU SUSAN RIP-ROP 150G,CORN RIP-ROP 100G} => {CORN CU LAPTE RIP-ROP 100G}",0.000240675317112015,0.24251497005988,0.000992414270560655,35.7039110754868,81
"{CORN CU LAPTE RIP-ROP 100G,CORN RIP-ROP 100G} => {CORN CU SUSAN RIP-ROP 150G}",0.000240675317112015,0.228169014084507,0.0010548115749971,39.1191880780352,81
"{CORN CU LAPTE RIP-ROP 100G,CORN CU SUSAN RIP-ROP 150G} => {LAPTE DE CONSUM 1.5% GRASIME FRISS CUTIE 1L}",0.000157478911196751,0.384057971014493,0.000410039429153803,13.472572682806,53
"{CORN CU SUSAN RIP-ROP 150G,LAPTE DE CONSUM 1.5% GRASIME FRISS CUTIE 1L} => {CORN CU LAPTE RIP-ROP 100G}",0.000157478911196751,0.430894308943089,0.000365469925984912,63.4377831836061,53
"{CORN CU LAPTE RIP-ROP 100G,LAPTE DE CONSUM 1.5% GRASIME FRISS CUTIE 1L} => {CORN CU SUSAN RIP-ROP 150G}",0.000157478911196751,0.33974358974359,0.000463522832956473,58.2484586647857,53
"{APA MINERALA NATURALA CARBOGAZIFICATA TUSNAD 2L,CORN CU SUSAN RIP-ROP 150G} => {FRANZELA ALBA BACHUS 1KG}",0.000410039429153803,0.884615384615385,0.000463522832956473,36.928797015438,138
"{CORN CU SUSAN RIP-ROP 150G,FRANZELA ALBA BACHUS 1KG} => {APA MINERALA NATURALA CARBOGAZIFICATA TUSNAD 2L}",0.000410039429153803,0.5390625,0.000760652854082418,56.307604457635,138
"{APA MINERALA NATURALA CARBOGAZIFICATA TUSNAD 2L,FRANZELA ALBA BACHUS 1KG} => {CORN CU SUSAN RIP-ROP 150G}",0.000410039429153803,0.402332361516035,0.00101915597246199,68.9791967729527,138
"{APA MINERALA NATURALA CARBOGAZIFICATA TUSNAD 2L,CORN CU SUSAN RIP-ROP 150G} => {APA MINERALA NATURALA CARBOGAZIFICATA CONTINUT REDUS CO2 TUSNAD 2L}",0.000178278012675567,0.384615384615385,0.000463522832956473,7.18372060261177,60
"{APA MINERALA NATURALA CARBOGAZIFICATA CONTINUT REDUS CO2 TUSNAD 2L,CORN CU SUSAN RIP-ROP 150G} => {APA MINERALA NATURALA CARBOGAZIFICATA TUSNAD 2L}",0.000178278012675567,0.377358490566038,0.000472436733590252,39.4168628415493,60
"{APA MINERALA NATURALA CARBOGAZIFICATA CONTINUT REDUS CO2 TUSNAD 2L,APA MINERALA NATURALA CARBOGAZIFICATA TUSNAD 2L} => {CORN CU SUSAN RIP-ROP 150G}",0.000178278012675567,0.119760479041916,0.00148862140584098,20.5327297519073,60
"{CORN CU SUSAN RIP-ROP 150G,UNT 65% GRASIME FRISS 180G} => {CORN RIP-ROP 100G}",0.000115880708239118,0.709090909090909,0.000163421511619269,43.5327750323372,39
"{CORN CU SUSAN RIP-ROP 150G,CORN RIP-ROP 100G} => {UNT 65% GRASIME FRISS 180G}",0.000115880708239118,0.116766467065868,0.000992414270560655,11.9556144783752,39
"{CORN RIP-ROP 100G,UNT 65% GRASIME FRISS 180G} => {CORN CU SUSAN RIP-ROP 150G}",0.000115880708239118,0.339130434782609,0.000341699524294836,58.1433342931183,39
"{CORN CU SUSAN RIP-ROP 150G,CORN RIP-ROP 100G} => {FRANZELA ALBA BACHUS 1KG}",0.000103995507394081,0.104790419161677,0.000992414270560655,4.37453856860826,35
"{CORN CU SUSAN RIP-ROP 150G,FRANZELA ALBA BACHUS 1KG} => {CORN RIP-ROP 100G}",0.000103995507394081,0.13671875,0.000760652854082418,8.39348877576614,35
"{CORN RIP-ROP 100G,FRANZELA ALBA BACHUS 1KG} => {CORN CU SUSAN RIP-ROP 150G}",0.000103995507394081,0.162790697674419,0.000638829545420781,27.9101873023019,35
"{CORN CU SUSAN RIP-ROP 150G,CORN RIP-ROP 100G} => {LAPTE DE CONSUM 1.5% GRASIME FRISS CUTIE 1L}",0.000219876215633199,0.221556886227545,0.000992414270560655,7.77211118725651,74
"{CORN CU SUSAN RIP-ROP 150G,LAPTE DE CONSUM 1.5% GRASIME FRISS CUTIE 1L} => {CORN RIP-ROP 100G}",0.000219876215633199,0.601626016260163,0.000365469925984912,36.9352500274364,74
"{CORN RIP-ROP 100G,LAPTE DE CONSUM 1.5% GRASIME FRISS CUTIE 1L} => {CORN CU SUSAN RIP-ROP 150G}",0.000219876215633199,0.234177215189873,0.000938930866757985,40.149283904125,74
"{CORN CU SUSAN RIP-ROP 150G,FRANZELA ALBA BACHUS 1KG} => {APA MINERALA NATURALA CARBOGAZIFICATA CONTINUT REDUS CO2 TUSNAD 2L}",0.000249589217745793,0.328125,0.000760652854082418,6.12861163910317,84
"{APA MINERALA NATURALA CARBOGAZIFICATA CONTINUT REDUS CO2 TUSNAD 2L,CORN CU SUSAN RIP-ROP 150G} => {FRANZELA ALBA BACHUS 1KG}",0.000249589217745793,0.528301886792453,0.000472436733590252,22.0542774628703,84
"{DR.OETKER BUDINCA VANILIE 40G,DR.OETKER PRAF DE COPT 10G} => {DR.OETKER ZAHAR VANILINAT 8G}",0.000151536310774232,0.467889908256881,0.000323871723027279,106.976733895094,51
"{DR.OETKER PRAF DE COPT 10G,DR.OETKER ZAHAR VANILINAT 8G} => {DR.OETKER BUDINCA VANILIE 40G}",0.000151536310774232,0.105154639175258,0.00144108060246083,25.4788403731825,51
"{DR.OETKER BUDINCA VANILIE 40G,DR.OETKER ZAHAR VANILINAT 8G} => {DR.OETKER PRAF DE COPT 10G}",0.000151536310774232,0.418032786885246,0.000362498625773652,116.176869136738,51
"{DR.OETKER PRAF DE COPT 10G,DR.OETKER ZAHAR VANILINAT 8G} => {GRASIME VEGETALA TARTINABILA CU 70% GRASIME RAMA 250G}",0.000175306712464307,0.121649484536082,0.00144108060246083,17.7466402119949,59
"{DR.OETKER PRAF DE COPT 10G,GRASIME VEGETALA TARTINABILA CU 70% GRASIME RAMA 250G} => {DR.OETKER ZAHAR VANILINAT 8G}",0.000175306712464307,0.479674796747967,0.000365469925984912,109.671190129021,59
"{DR.OETKER ZAHAR VANILINAT 8G,GRASIME VEGETALA TARTINABILA CU 70% GRASIME RAMA 250G} => {DR.OETKER PRAF DE COPT 10G}",0.000175306712464307,0.479674796747967,0.000365469925984912,133.308003195639,59
"{DR.OETKER PRAF DE COPT 10G,FAINA BANEASA TIP 000 1KG} => {DR.OETKER ZAHAR VANILINAT 8G}",0.000142622410140453,0.527472527472527,0.000270388319224609,120.599498327759,48
"{DR.OETKER ZAHAR VANILINAT 8G,FAINA BANEASA TIP 000 1KG} => {DR.OETKER PRAF DE COPT 10G}",0.000142622410140453,0.432432432432432,0.000329814323449798,120.178722074676,48
"{DR.OETKER PRAF DE COPT 10G,DROJDIE PROASPATA BUDAFOK 50G} => {DR.OETKER ZAHAR VANILINAT 8G}",0.000109938107816599,0.486842105263158,0.000225818816055718,111.309898812929,37
"{DR.OETKER ZAHAR VANILINAT 8G,DROJDIE PROASPATA BUDAFOK 50G} => {DR.OETKER PRAF DE COPT 10G}",0.000109938107816599,0.415730337078652,0.000264445718802091,115.536987724881,37
"{DR.OETKER PRAF DE COPT 10G,FAINA BL-55 GYERMELYI 1KG} => {DR.OETKER ZAHAR VANILINAT 8G}",0.000133708509506675,0.45,0.000297130021125945,102.88644701087,45
"{DR.OETKER ZAHAR VANILINAT 8G,FAINA BL-55 GYERMELYI 1KG} => {DR.OETKER PRAF DE COPT 10G}",0.000133708509506675,0.473684210526316,0.000282273520069647,131.64313964101,45
"{DR.OETKER PRAF DE COPT 10G,LAPTE DE CONSUM 3.5% GRASIME FRISS CUTIE 1L} => {DR.OETKER ZAHAR VANILINAT 8G}",0.000103995507394081,0.5,0.000207991014788161,114.318274456522,35
"{DR.OETKER ZAHAR VANILINAT 8G,LAPTE DE CONSUM 3.5% GRASIME FRISS CUTIE 1L} => {DR.OETKER PRAF DE COPT 10G}",0.000103995507394081,0.368421052631579,0.000282273520069647,102.389108609674,35
"{DR.OETKER PRAF DE COPT 10G,SMANTANA 20% GRASIME FRISS 300G} => {DR.OETKER ZAHAR VANILINAT 8G}",0.000130737209295416,0.511627906976744,0.000255531818168312,116.976838978766,44
"{DR.OETKER ZAHAR VANILINAT 8G,SMANTANA 20% GRASIME FRISS 300G} => {DR.OETKER PRAF DE COPT 10G}",0.000130737209295416,0.385964912280702,0.000338728224083577,107.26478044823,44
"{DR.OETKER PRAF DE COPT 10G,DR.OETKER ZAHAR VANILINAT 8G} => {_LAMAIE^2 A nu se consuma coaja}",0.000178278012675567,0.123711340206186,0.00144108060246083,4.63284997000249,60
"{_LAMAIE^2 A nu se consuma coaja,DR.OETKER PRAF DE COPT 10G} => {DR.OETKER ZAHAR VANILINAT 8G}",0.000178278012675567,0.476190476190476,0.00037438382661869,108.874547101449,60
"{_LAMAIE^2 A nu se consuma coaja,DR.OETKER ZAHAR VANILINAT 8G} => {DR.OETKER PRAF DE COPT 10G}",0.000178278012675567,0.402684563758389,0.000442723731477657,111.911393878264,60
"{_MORCOVI,DR.OETKER PRAF DE COPT 10G} => {DR.OETKER ZAHAR VANILINAT 8G}",0.000127765909084156,0.355371900826446,0.000359527325562393,81.251004985627,43
"{_MORCOVI,DR.OETKER ZAHAR VANILINAT 8G} => {DR.OETKER PRAF DE COPT 10G}",0.000127765909084156,0.387387387387387,0.000329814323449798,107.660105191897,43
"{DR.OETKER PRAF DE COPT 10G,PAINE CU CARTOFI FELII BACHUS 1.2 KG} => {DR.OETKER ZAHAR VANILINAT 8G}",0.000127765909084156,0.457446808510638,0.000279302219858388,104.589059609158,43
"{DR.OETKER ZAHAR VANILINAT 8G,PAINE CU CARTOFI FELII BACHUS 1.2 KG} => {DR.OETKER PRAF DE COPT 10G}",0.000127765909084156,0.3359375,0.000380326427041209,93.3614974710983,43
"{DR.OETKER PRAF DE COPT 10G,DR.OETKER ZAHAR VANILINAT 8G} => {_BANANE}",0.000205019714576902,0.142268041237113,0.00144108060246083,1.54963868478459,69
"{_BANANE,DR.OETKER PRAF DE COPT 10G} => {DR.OETKER ZAHAR VANILINAT 8G}",0.000205019714576902,0.439490445859873,0.000466494133167733,100.483578821656,69
"{_BANANE,DR.OETKER ZAHAR VANILINAT 8G} => {DR.OETKER PRAF DE COPT 10G}",0.000205019714576902,0.361256544502618,0.000567518340350554,100.39799654995,69
"{_TELINA,DR.OETKER PRAF DE COPT 10G} => {_MORCOVI}",0.000115880708239118,0.639344262295082,0.000181249312886826,15.2442953955506,39
"{_MORCOVI,DR.OETKER PRAF DE COPT 10G} => {_TELINA}",0.000115880708239118,0.322314049586777,0.000359527325562393,15.3909989118301,39
"{_PATRUNJEL RADACINA KG,DR.OETKER PRAF DE COPT 10G} => {_MORCOVI}",0.000163421511619269,0.763888888888889,0.00021393361521068,18.2138928248121,55
"{_MORCOVI,DR.OETKER PRAF DE COPT 10G} => {_PATRUNJEL RADACINA KG}",0.000163421511619269,0.454545454545455,0.000359527325562393,19.8699358830545,55
"{_PATRUNJEL RADACINA KG,CAFEA JACOBS KRONUNG 500G} => {_MORCOVI}",0.000148565010562972,0.793650793650794,0.000187191913309345,18.9235250127917,50
"{_MORCOVI,CAFEA JACOBS KRONUNG 500G} => {_PATRUNJEL RADACINA KG}",0.000148565010562972,0.471698113207547,0.000314957822393501,20.6197447843018,50
"{_CASTRAVETI FABIO,_ROSII CHERRY CASEROLA 500G} => {_ARDEI ROSU CAPIA}",0.000112909408027859,0.224852071005917,0.000502149735702846,12.0693204231666,38
"{_ARDEI ROSU CAPIA,_ROSII CHERRY CASEROLA 500G} => {_CASTRAVETI FABIO}",0.000112909408027859,0.219653179190751,0.000514034936547884,28.2479695896771,38
"{_ROSII CHERRY CASEROLA 500G,_TELINA} => {_PATRUNJEL RADACINA KG}",0.000109938107816599,0.569230769230769,0.000193134513731864,24.8832735520098,37
"{_PATRUNJEL RADACINA KG,_ROSII CHERRY CASEROLA 500G} => {_TELINA}",0.000109938107816599,0.513888888888889,0.00021393361521068,24.5389964844243,37
"{_ROSII CHERRY CASEROLA 500G,_TELINA} => {_MORCOVI}",0.000133708509506675,0.692307692307692,0.000193134513731864,16.5071364342353,45
"{_MORCOVI,_ROSII CHERRY CASEROLA 500G} => {_TELINA}",0.000133708509506675,0.335820895522388,0.000398154228308766,16.0359718857472,45
"{_PATRUNJEL RADACINA KG,_ROSII CHERRY CASEROLA 500G} => {_MORCOVI}",0.000163421511619269,0.763888888888889,0.00021393361521068,18.2138928248121,55
"{_MORCOVI,_ROSII CHERRY CASEROLA 500G} => {_PATRUNJEL RADACINA KG}",0.000163421511619269,0.41044776119403,0.000398154228308766,17.942255536191,55
"{_PATRUNJEL RADACINA KG,_PEPENE VERDE} => {_MORCOVI}",0.000112909408027859,0.745098039215686,0.000151536310774232,17.765850541421,38
"{_MORCOVI,_PEPENE VERDE} => {_PATRUNJEL RADACINA KG}",0.000112909408027859,0.447058823529412,0.000252560517957053,19.542666350863,38
"{_PATRUNJEL RADACINA KG,FRANZELA GRAHAM FELIATA HARMOPAN 400G} => {_MORCOVI}",0.000157478911196751,0.736111111111111,0.00021393361521068,17.5515694493643,53
"{_MORCOVI,FRANZELA GRAHAM FELIATA HARMOPAN 400G} => {_PATRUNJEL RADACINA KG}",0.000157478911196751,0.401515151515151,0.000392211627886247,17.5517766966981,53
"{_PATRUNJEL RADACINA KG,PARIZER PASARE CAROLI} => {_MORCOVI}",0.000115880708239118,0.829787234042553,0.000139651109929194,19.7851493431614,39
"{_MORCOVI,PARIZER PASARE CAROLI} => {_PATRUNJEL RADACINA KG}",0.000115880708239118,0.39,0.000297130021125945,17.0484049876607,39
"{_TELINA,MUSTAR DE MASA LA MINUT 300G} => {_PATRUNJEL RADACINA KG}",0.000112909408027859,0.622950819672131,0.000181249312886826,27.2315842593992,38
"{_PATRUNJEL RADACINA KG,MUSTAR DE MASA LA MINUT 300G} => {_TELINA}",0.000112909408027859,0.535211267605634,0.000210962314999421,25.5571733465492,38
"{_TELINA,MUSTAR DE MASA LA MINUT 300G} => {_MORCOVI}",0.000127765909084156,0.704918032786885,0.000181249312886826,16.8078128720173,43
"{_MORCOVI,MUSTAR DE MASA LA MINUT 300G} => {_TELINA}",0.000127765909084156,0.370689655172414,0.000344670824506096,17.7010095796313,43
"{_PATRUNJEL RADACINA KG,MUSTAR DE MASA LA MINUT 300G} => {_MORCOVI}",0.000178278012675567,0.845070422535211,0.000210962314999421,20.1495562108036,60
"{_MORCOVI,MUSTAR DE MASA LA MINUT 300G} => {_PATRUNJEL RADACINA KG}",0.000178278012675567,0.517241379310345,0.000344670824506096,22.6106166945103,60
"{_MERE ROSII,_NECTARINE} => {_BANANE}",0.000115880708239118,0.402061855670103,0.000288216120492166,4.37941367439123,39
"{_NECTARINE,_PATRUNJEL RADACINA KG} => {_MORCOVI}",0.000115880708239118,0.847826086956522,0.000136679809717934,20.2152612854041,39
"{_MORCOVI,_NECTARINE} => {_PATRUNJEL RADACINA KG}",0.000115880708239118,0.438202247191011,0.000264445718802091,19.1555112220907,39
"{_TELINA,DR.OETKER BUDINCA VANILIE 40G} => {_MORCOVI}",0.000109938107816599,0.660714285714286,0.000166392811830529,15.7538345731491,37
"{_MORCOVI,DR.OETKER BUDINCA VANILIE 40G} => {_TELINA}",0.000109938107816599,0.359223300970874,0.000306043921759723,17.1534732706655,37
"{_PATRUNJEL RADACINA KG,DR.OETKER BUDINCA VANILIE 40G} => {_MORCOVI}",0.000172335412253048,0.805555555555556,0.00021393361521068,19.2073778879836,58
"{_MORCOVI,DR.OETKER BUDINCA VANILIE 40G} => {_PATRUNJEL RADACINA KG}",0.000172335412253048,0.563106796116505,0.000306043921759723,24.6155710551238,58
"{_PATRUNJEL RADACINA KG,_STRUGURI ALBI} => {_MORCOVI}",0.000130737209295416,0.785714285714286,0.000166392811830529,18.7342897626638,44
"{_MORCOVI,_STRUGURI ALBI} => {_PATRUNJEL RADACINA KG}",0.000130737209295416,0.468085106382979,0.000279302219858388,20.4618063136135,44
"{_TELINA,SUNCA DE PORC SISSI GASTRO CAROLI} => {_PATRUNJEL RADACINA KG}",0.000103995507394081,0.648148148148148,0.00016045021140801,28.3330567221332,35
"{_PATRUNJEL RADACINA KG,SUNCA DE PORC SISSI GASTRO CAROLI} => {_TELINA}",0.000103995507394081,0.614035087719298,0.000169364112041788,29.3211337793974,35
"{_TELINA,SUNCA DE PORC SISSI GASTRO CAROLI} => {_MORCOVI}",0.000112909408027859,0.703703703703704,0.00016045021140801,16.7788588446754,38
"{_MORCOVI,SUNCA DE PORC SISSI GASTRO CAROLI} => {_TELINA}",0.000112909408027859,0.457831325301205,0.000246617917534534,21.8621603325903,38
"{_PATRUNJEL RADACINA KG,SUNCA DE PORC SISSI GASTRO CAROLI} => {_MORCOVI}",0.000154507610985491,0.912280701754386,0.000169364112041788,21.7520940147038,52
"{_MORCOVI,SUNCA DE PORC SISSI GASTRO CAROLI} => {_PATRUNJEL RADACINA KG}",0.000154507610985491,0.626506024096386,0.000246617917534534,27.3869959641136,52
"{PAINE CU CARTOFI FELII BACHUS 1.2 KG,SUNCA DE PORC SISSI GASTRO CAROLI} => {_BANANE}",0.000103995507394081,0.230263157894737,0.000451637632111436,2.50811562492548,35
"{_BANANE,SUNCA DE PORC SISSI GASTRO CAROLI} => {PAINE CU CARTOFI FELII BACHUS 1.2 KG}",0.000103995507394081,0.148305084745763,0.000701226849857229,1.98775472666032,35
"{_PATRUNJEL RADACINA KG,SUNCA PRAGA CAROLI} => {_MORCOVI}",0.000121823308661637,0.745454545454545,0.000163421511619269,17.7743509483786,41
"{_MORCOVI,SUNCA PRAGA CAROLI} => {_PATRUNJEL RADACINA KG}",0.000121823308661637,0.455555555555556,0.00026741701901335,19.9140912961279,41
"{_PATRUNJEL RADACINA KG,PAINE TRADITIONALA CU CARTOFI FEL.BOCSKOR 0.6KG} => {_MORCOVI}",0.000121823308661637,0.836734693877551,0.000145593710351713,19.9508020849147,41
"{_MORCOVI,PAINE TRADITIONALA CU CARTOFI FEL.BOCSKOR 0.6KG} => {_PATRUNJEL RADACINA KG}",0.000121823308661637,0.460674157303371,0.000264445718802091,20.1378451309159,41
"{_CARTOFI NOI,_CEAPA GALBENA} => {_MORCOVI}",0.000121823308661637,0.225274725274725,0.000540776638449219,5.37136979209243,41
"{_CARTOFI NOI,_MORCOVI} => {_CEAPA GALBENA}",0.000121823308661637,0.153558052434457,0.000793337156406272,8.35171674547088,41
"{_CARTOFI NOI,_TELINA} => {_PATRUNJEL RADACINA KG}",0.000175306712464307,0.504273504273504,0.000347642124717355,22.043740834363,59
"{_CARTOFI NOI,_PATRUNJEL RADACINA KG} => {_TELINA}",0.000175306712464307,0.479674796747967,0.000365469925984912,22.9052201858568,59
"{_CARTOFI NOI,_TELINA} => {_MORCOVI}",0.000234732716689496,0.675213675213675,0.000347642124717355,16.0995528185751,79
"{_CARTOFI NOI,_MORCOVI} => {_TELINA}",0.000234732716689496,0.295880149812734,0.000793337156406272,14.1287389415331,79
"{_CARTOFI NOI,_PATRUNJEL RADACINA KG} => {_MORCOVI}",0.000317929122604761,0.869918699186992,0.000365469925984912,20.742029611582,107
"{_CARTOFI NOI,_MORCOVI} => {_PATRUNJEL RADACINA KG}",0.000317929122604761,0.400749063670412,0.000793337156406272,17.5182880407154,107
"{_CARTOFI NOI,_MORCOVI} => {_BANANE}",0.000121823308661637,0.153558052434457,0.000793337156406272,1.67261386565389,41
"{_BANANE,_CARTOFI NOI} => {_MORCOVI}",0.000121823308661637,0.16734693877551,0.000727968551758564,3.99016041698295,41
"{_PATRUNJEL RADACINA KG,WINSTON SUPERSLIMS SILVER} => {_MORCOVI}",0.000103995507394081,0.7,0.000148565010562972,16.6905490612823,35
"{_MORCOVI,WINSTON SUPERSLIMS SILVER} => {_PATRUNJEL RADACINA KG}",0.000103995507394081,0.336538461538462,0.000309015221970982,14.7113948364923,35
"{_KIWI KG,_PORTOCALE^2 A nu se consuma coaja} => {_BANANE}",0.000326843023238539,0.647058823529412,0.000505121035914106,7.04801567205949,110
"{_BANANE,_KIWI KG} => {_PORTOCALE^2 A nu se consuma coaja}",0.000326843023238539,0.167682926829268,0.0019491729385862,20.155068597561,110
"{_BANANE,_PORTOCALE^2 A nu se consuma coaja} => {_KIWI KG}",0.000326843023238539,0.113285272914521,0.00288513250513292,24.4244064415124,110
"{_KIWI KG,_PORTOCALE PLASA BUC^2 A nu se consuma coaja} => {_BANANE}",0.000199077114154383,0.626168224299065,0.000317929122604761,6.82046716268119,67
"{_BANANE,_KIWI KG} => {_PORTOCALE PLASA BUC^2 A nu se consuma coaja}",0.000199077114154383,0.102134146341463,0.0019491729385862,10.4574242025125,67
"{_KIWI KG,_MANDARINE^2 A nu se consuma coaja} => {_BANANE}",0.000237704016900756,0.484848484848485,0.000490264534857808,5.28115774876083,80
"{_BANANE,_KIWI KG} => {_MANDARINE^2 A nu se consuma coaja}",0.000237704016900756,0.121951219512195,0.0019491729385862,12.4788837885338,80
"{_KIWI KG,_MERE GOLDEN} => {_BANANE}",0.000151536310774232,0.51,0.000297130021125945,5.5551178069778,51
"{_CLEMENTINA^2 A nu se consuma coaja,_KIWI KG} => {_BANANE}",0.000246617917534534,0.568493150684932,0.000433809830843879,6.19224789120544,83
"{_BANANE,_KIWI KG} => {_CLEMENTINA^2 A nu se consuma coaja}",0.000246617917534534,0.126524390243902,0.0019491729385862,9.06196278139095,83
"{_KIWI KG,_MERE ROSII} => {_BANANE}",0.000231761416478237,0.624,0.000371412526407431,6.79685002265519,78
"{_BANANE,_KIWI KG} => {_MERE ROSII}",0.000231761416478237,0.11890243902439,0.0019491729385862,6.06593490389201,78
"{_ARDEI ROSU CAPIA,_KIWI KG} => {_BANANE}",0.000151536310774232,0.5,0.000303072621548463,5.44619392840961,51
"{_KIWI KG,_TELINA} => {_PATRUNJEL RADACINA KG}",0.000115880708239118,0.573529411764706,0.000202048414365642,25.0711838053834,39
"{_KIWI KG,_PATRUNJEL RADACINA KG} => {_TELINA}",0.000115880708239118,0.549295774647887,0.000210962314999421,26.2297305398795,39
"{_KIWI KG,_TELINA} => {_MORCOVI}",0.000139651109929194,0.691176470588235,0.000202048414365642,16.4801639890813,47
"{_KIWI KG,_MORCOVI} => {_TELINA}",0.000139651109929194,0.401709401709402,0.000347642124717355,19.1822508901113,47
"{_KIWI KG,_LAMAIE^2 A nu se consuma coaja} => {_BANANE}",0.000255531818168312,0.480446927374302,0.000531862737815441,5.23321427757795,86
"{_BANANE,_KIWI KG} => {_LAMAIE^2 A nu se consuma coaja}",0.000255531818168312,0.13109756097561,0.0019491729385862,4.90945559575213,86
"{_KIWI KG,_PATRUNJEL RADACINA KG} => {_MORCOVI}",0.000169364112041788,0.802816901408451,0.000210962314999421,19.1420784002634,57
"{_KIWI KG,_MORCOVI} => {_PATRUNJEL RADACINA KG}",0.000169364112041788,0.487179487179487,0.000347642124717355,21.2964953823507,57
"{_KIWI KG,PAINE DE CASA PE FOI DE VARZA RIP-ROP 1KG} => {_BANANE}",0.000115880708239118,0.475609756097561,0.000243646617323275,5.18052593190182,39
"{_KIWI KG,_MORCOVI} => {_BANANE}",0.000136679809717934,0.393162393162393,0.000347642124717355,4.28247727704003,46
"{_KIWI KG,PAINE CU CARTOFI FELII BACHUS 1.2 KG} => {_BANANE}",0.000103995507394081,0.357142857142857,0.000291187420703426,3.89013852029258,35
"{_TELINA,SARE IODATA DE MASA VERITABIL 1KG} => {_PATRUNJEL RADACINA KG}",0.000172335412253048,0.630434782608696,0.000273359619435869,27.5587371595408,58
"{_PATRUNJEL RADACINA KG,SARE IODATA DE MASA VERITABIL 1KG} => {_TELINA}",0.000172335412253048,0.547169811320755,0.000314957822393501,26.1282124729617,58
"{_TELINA,SARE IODATA DE MASA VERITABIL 1KG} => {_MORCOVI}",0.000196105813943123,0.717391304347826,0.000273359619435869,17.1052210876496,66
"{_MORCOVI,SARE IODATA DE MASA VERITABIL 1KG} => {_TELINA}",0.000196105813943123,0.375,0.000522948837181662,17.9068352724177,66
"{_PATRUNJEL RADACINA KG,SARE IODATA DE MASA VERITABIL 1KG} => {_MORCOVI}",0.000273359619435869,0.867924528301887,0.000314957822393501,20.6944813158757,92
"{_MORCOVI,SARE IODATA DE MASA VERITABIL 1KG} => {_PATRUNJEL RADACINA KG}",0.000273359619435869,0.522727272727273,0.000522948837181662,22.8504262655126,92
"{CORN CU LAPTE RIP-ROP 100G,UNT 65% GRASIME FRISS 180G} => {CORN RIP-ROP 100G}",0.000109938107816599,0.637931034482759,0.000172335412253048,39.1641013221955,37
"{CORN CU LAPTE RIP-ROP 100G,CORN RIP-ROP 100G} => {UNT 65% GRASIME FRISS 180G}",0.000109938107816599,0.104225352112676,0.0010548115749971,10.6715408973464,37
"{CORN RIP-ROP 100G,UNT 65% GRASIME FRISS 180G} => {CORN CU LAPTE RIP-ROP 100G}",0.000109938107816599,0.321739130434783,0.000341699524294836,47.3675719882841,37
"{CORN CU LAPTE RIP-ROP 100G,CORN RIP-ROP 100G} => {LAPTE DE CONSUM 1.5% GRASIME FRISS CUTIE 1L}",0.000228790116266977,0.216901408450704,0.0010548115749971,7.60879922016988,77
"{CORN CU LAPTE RIP-ROP 100G,LAPTE DE CONSUM 1.5% GRASIME FRISS CUTIE 1L} => {CORN RIP-ROP 100G}",0.000228790116266977,0.493589743589744,0.000463522832956473,30.3026466571249,77
"{CORN RIP-ROP 100G,LAPTE DE CONSUM 1.5% GRASIME FRISS CUTIE 1L} => {CORN CU LAPTE RIP-ROP 100G}",0.000228790116266977,0.243670886075949,0.000938930866757985,35.8740891170249,77
"{CORN CU LAPTE RIP-ROP 100G,CORN RIP-ROP 100G} => {_BANANE}",0.000124794608872897,0.11830985915493,0.0010548115749971,1.28867687320115,42
"{_BANANE,CORN CU LAPTE RIP-ROP 100G} => {CORN RIP-ROP 100G}",0.000124794608872897,0.122093023255814,0.00102212727267325,7.49558067417256,42
"{_TELINA,CASCAVAL TRAPPIST 40% AMMERLAND} => {_MORCOVI}",0.000115880708239118,0.639344262295082,0.000181249312886826,15.2442953955506,39
"{_MORCOVI,CASCAVAL TRAPPIST 40% AMMERLAND} => {_TELINA}",0.000115880708239118,0.276595744680851,0.000418953329787582,13.2078784988046,39
"{_PATRUNJEL RADACINA KG,CASCAVAL TRAPPIST 40% AMMERLAND} => {_MORCOVI}",0.000187191913309345,0.9,0.000207991014788161,21.4592773645058,63
"{_MORCOVI,CASCAVAL TRAPPIST 40% AMMERLAND} => {_PATRUNJEL RADACINA KG}",0.000187191913309345,0.446808510638298,0.000418953329787582,19.5317242084493,63
"{_TELINA,PESMET 350G COUNTRY} => {_PATRUNJEL RADACINA KG}",0.000154507610985491,0.584269662921348,0.000264445718802091,25.5406816294543,52
"{_PATRUNJEL RADACINA KG,PESMET 350G COUNTRY} => {_TELINA}",0.000154507610985491,0.5,0.000309015221970982,23.8757803632236,52
"{_TELINA,PESMET 350G COUNTRY} => {_MORCOVI}",0.000163421511619269,0.617977528089888,0.000264445718802091,14.7348346447918,55
"{_MORCOVI,PESMET 350G COUNTRY} => {_TELINA}",0.000163421511619269,0.361842105263158,0.000451637632111436,17.2785252628592,55
"{_PATRUNJEL RADACINA KG,PESMET 350G COUNTRY} => {_MORCOVI}",0.000246617917534534,0.798076923076923,0.000309015221970982,19.0290600561323,83
"{_MORCOVI,PESMET 350G COUNTRY} => {_PATRUNJEL RADACINA KG}",0.000246617917534534,0.546052631578947,0.000451637632111436,23.8700677121431,83
"{_PATRUNJEL RADACINA KG,APA MINERALA NATURALA CARBO.TIVA HARGHITA 2.5L} => {_MORCOVI}",0.000178278012675567,0.845070422535211,0.000210962314999421,20.1495562108036,60
"{_MORCOVI,APA MINERALA NATURALA CARBO.TIVA HARGHITA 2.5L} => {_PATRUNJEL RADACINA KG}",0.000178278012675567,0.504201680672269,0.000353584725139874,22.0406011475898,60
"{APA MINERALA NATURALA CARBO.TIVA HARGHITA 2.5L,LAPTE DE CONSUM 1.5% GRASIME FRISS CUTIE 1L} => {PAINE CU CARTOFI FELII BACHUS 1.2 KG}",0.000115880708239118,0.364485981308411,0.000317929122604761,4.88525887962126,39
"{APA MINERALA NATURALA CARBO.TIVA HARGHITA 2.5L,PAINE CU CARTOFI FELII BACHUS 1.2 KG} => {LAPTE DE CONSUM 1.5% GRASIME FRISS CUTIE 1L}",0.000115880708239118,0.127450980392157,0.00090921786464539,4.47092034645837,39
"{CEAFA DE PORC FARA OS,COTLET PORC FARA OS} => {PIEPT DE PUI FARA OS REFR.VRAC SZEKELY CSURKE}",0.000130737209295416,0.16793893129771,0.000778480655349974,11.4855417892782,44
"{CEAFA DE PORC FARA OS,PIEPT DE PUI FARA OS REFR.VRAC SZEKELY CSURKE} => {COTLET PORC FARA OS}",0.000130737209295416,0.372881355932203,0.000350613424928614,26.1337648860997,44
"{CEAFA DE PORC FARA OS,COTLET PORC FARA OS} => {CARNE TOCATA PORC VRAC}",0.000148565010562972,0.190839694656489,0.000778480655349975,6.38890597391079,50
"{CARNE TOCATA PORC VRAC,CEAFA DE PORC FARA OS} => {COTLET PORC FARA OS}",0.000148565010562972,0.209205020920502,0.000710140750491007,14.6623443160887,50
"{CEAFA DE PORC FARA OS,COTLET PORC FARA OS} => {_MORCOVI}",0.00010696680760534,0.137404580152672,0.000778480655349974,3.27622555183295,36
"{_MORCOVI,CEAFA DE PORC FARA OS} => {COTLET PORC FARA OS}",0.00010696680760534,0.225,0.000475408033801511,15.7693513119534,36
"{_TELINA,CEAFA DE PORC FARA OS} => {_PATRUNJEL RADACINA KG}",0.000181249312886826,0.616161616161616,0.000294158720914685,26.9348019748072,61
"{_PATRUNJEL RADACINA KG,CEAFA DE PORC FARA OS} => {_TELINA}",0.000181249312886826,0.603960396039604,0.000300101321337204,28.8400515278543,61
"{_TELINA,CEAFA DE PORC FARA OS} => {_MORCOVI}",0.00021690491542194,0.737373737373737,0.000294158720914685,17.5816750573392,73
"{_MORCOVI,CEAFA DE PORC FARA OS} => {_TELINA}",0.00021690491542194,0.45625,0.000475408033801511,21.7866495814415,73
"{_PATRUNJEL RADACINA KG,CEAFA DE PORC FARA OS} => {_MORCOVI}",0.000240675317112015,0.801980198019802,0.000300101321337204,19.1221283446092,81
"{_MORCOVI,CEAFA DE PORC FARA OS} => {_PATRUNJEL RADACINA KG}",0.000240675317112015,0.50625,0.000475408033801511,22.1301410897519,81
"{_TELINA,DR.OETKER ZAHAR VANILINAT 8G} => {_MORCOVI}",0.000112909408027859,0.558823529411765,0.000202048414365642,13.3243879060657,38
"{_MORCOVI,DR.OETKER ZAHAR VANILINAT 8G} => {_TELINA}",0.000112909408027859,0.342342342342342,0.000329814323449798,16.3473811495945,38
"{_PATRUNJEL RADACINA KG,DR.OETKER ZAHAR VANILINAT 8G} => {_MORCOVI}",0.000130737209295416,0.666666666666667,0.000196105813943123,15.8957610107451,44
"{_MORCOVI,DR.OETKER ZAHAR VANILINAT 8G} => {_PATRUNJEL RADACINA KG}",0.000130737209295416,0.396396396396396,0.000329814323449798,17.3280161574745,44
"{_TELINA,ULEI KUNSAGI EDEN 1L} => {_MORCOVI}",0.000115880708239118,0.684210526315789,0.000169364112041788,16.3140705110278,39
"{_MORCOVI,ULEI KUNSAGI EDEN 1L} => {_TELINA}",0.000115880708239118,0.345132743362832,0.000335756923872317,16.4806271533756,39
"{_PATRUNJEL RADACINA KG,ULEI KUNSAGI EDEN 1L} => {_MORCOVI}",0.000142622410140453,0.813559322033898,0.000175306712464307,19.398216826672,48
"{_MORCOVI,ULEI KUNSAGI EDEN 1L} => {_PATRUNJEL RADACINA KG}",0.000142622410140453,0.424778761061947,0.000335756923872317,18.5687188429252,48
"{APA MINERALA NATURALA PLATA PERLA HARGHITEI 2L ROZ,GOBE BATON LAPTE 100G} => {PAINE DE CASA PE FOI DE VARZA RIP-ROP 1KG}",0.000115880708239118,0.619047619047619,0.000187191913309345,10.610763093116,39
"{GOBE BATON LAPTE 100G,PAINE DE CASA PE FOI DE VARZA RIP-ROP 1KG} => {APA MINERALA NATURALA PLATA PERLA HARGHITEI 2L ROZ}",0.000115880708239118,0.144444444444444,0.00080225105704005,13.961289807901,39
"{APA MINERALA NATURALA PLATA PERLA HARGHITEI 2L ROZ,PAINE DE CASA PE FOI DE VARZA RIP-ROP 1KG} => {GOBE BATON LAPTE 100G}",0.000115880708239118,0.135416666666667,0.00085573446084272,19.2787163353074,39
"{_PATRUNJEL RADACINA KG,GOBE BATON LAPTE 100G} => {_MORCOVI}",0.000133708509506675,0.865384615384615,0.000154507610985491,20.6339205427941,45
"{_MORCOVI,GOBE BATON LAPTE 100G} => {_PATRUNJEL RADACINA KG}",0.000133708509506675,0.454545454545455,0.000294158720914685,19.8699358830545,45
"{_TELINA,PATE PORC BUCEGI 120G} => {_PATRUNJEL RADACINA KG}",0.000103995507394081,0.660377358490566,0.000157478911196751,28.8676426980225,35
"{_PATRUNJEL RADACINA KG,PATE PORC BUCEGI 120G} => {_TELINA}",0.000103995507394081,0.53030303030303,0.000196105813943123,25.3227973549341,35
"{_PATRUNJEL RADACINA KG,PATE PORC BUCEGI 120G} => {_MORCOVI}",0.000157478911196751,0.803030303030303,0.000196105813943123,19.1471666720338,53
"{_MORCOVI,PATE PORC BUCEGI 120G} => {_PATRUNJEL RADACINA KG}",0.000157478911196751,0.524752475247525,0.000300101321337204,22.9389556828134,53
"{PAINE CU CARTOFI FELII BACHUS 1.2 KG,PATE PORC BUCEGI 120G} => {_BANANE}",0.000112909408027859,0.175115207373272,0.0006447721458433,1.907422758337,38
"{_BANANE,PATE PORC BUCEGI 120G} => {PAINE CU CARTOFI FELII BACHUS 1.2 KG}",0.000112909408027859,0.147859922178988,0.000763624154293677,1.98178814771426,38
"{SANA 3.6% FRISS 900G,SZEKELYHON} => {PAINE DE CASA PE FOI DE VARZA RIP-ROP 1KG}",0.000101024207182821,0.4,0.000252560517957053,6.85618538324421,34
"{PAINE DE CASA PE FOI DE VARZA RIP-ROP 1KG,SANA 3.6% FRISS 900G} => {SZEKELYHON}",0.000101024207182821,0.189944134078212,0.000531862737815441,12.1164268681624,34
"{_TELINA,SANA 3.6% FRISS 900G} => {_PATRUNJEL RADACINA KG}",0.000112909408027859,0.644067796610169,0.000175306712464307,28.1546888105653,38
"{_PATRUNJEL RADACINA KG,SANA 3.6% FRISS 900G} => {_TELINA}",0.000112909408027859,0.550724637681159,0.000205019714576902,26.2979609797825,38
"{_TELINA,SANA 3.6% FRISS 900G} => {_MORCOVI}",0.000121823308661637,0.694915254237288,0.000175306712464307,16.5693102061156,41
"{_MORCOVI,SANA 3.6% FRISS 900G} => {_TELINA}",0.000121823308661637,0.386792452830189,0.000314957822393501,18.4699432998522,41
"{_PATRUNJEL RADACINA KG,SANA 3.6% FRISS 900G} => {_MORCOVI}",0.000166392811830529,0.811594202898551,0.000205019714576902,19.3513612304723,56
"{_MORCOVI,SANA 3.6% FRISS 900G} => {_PATRUNJEL RADACINA KG}",0.000166392811830529,0.528301886792453,0.000314957822393501,23.094114158418,56
"{LAPTE DE CONSUM 1.5% GRASIME FRISS CUTIE 1L,SANA 3.6% FRISS 900G} => {_BANANE}",0.000118852008450378,0.202020202020202,0.00058831744182937,2.20048239531701,40
"{_BANANE,SANA 3.6% FRISS 900G} => {LAPTE DE CONSUM 1.5% GRASIME FRISS CUTIE 1L}",0.000118852008450378,0.121951219512195,0.000974586469293098,4.27799132587949,40
"{_TELINA,CREMWURSTI DE PUI CRISTUR} => {_PATRUNJEL RADACINA KG}",0.000101024207182821,0.548387096774194,0.000184220613098086,23.9721161943947,34
"{_PATRUNJEL RADACINA KG,CREMWURSTI DE PUI CRISTUR} => {_TELINA}",0.000101024207182821,0.453333333333333,0.000222847515844458,21.6473741959894,34
"{_TELINA,CREMWURSTI DE PUI CRISTUR} => {_MORCOVI}",0.000121823308661637,0.661290322580645,0.000184220613098086,15.7675693896907,41
"{_MORCOVI,CREMWURSTI DE PUI CRISTUR} => {_TELINA}",0.000121823308661637,0.330645161290323,0.000368441226196171,15.7888224982608,41
"{_PATRUNJEL RADACINA KG,CREMWURSTI DE PUI CRISTUR} => {_MORCOVI}",0.000181249312886826,0.813333333333333,0.000222847515844458,19.392828433109,61
"{_MORCOVI,CREMWURSTI DE PUI CRISTUR} => {_PATRUNJEL RADACINA KG}",0.000181249312886826,0.491935483870968,0.000368441226196171,21.5043983508541,61
"{_LAMAIE^2 A nu se consuma coaja,ELAN FRANZELA ALBA FELIATA 700G} => {_BANANE}",0.000115880708239118,0.393939393939394,0.000294158720914685,4.29094067086817,39
"{_BANANE,ELAN FRANZELA ALBA FELIATA 700G} => {_LAMAIE^2 A nu se consuma coaja}",0.000115880708239118,0.121495327102804,0.000953787367814282,4.54986278206631,39
"{_PATRUNJEL RADACINA KG,ELAN FRANZELA ALBA FELIATA 700G} => {_MORCOVI}",0.000163421511619269,0.723684210526316,0.000225818816055718,17.2552668866641,55
"{_MORCOVI,ELAN FRANZELA ALBA FELIATA 700G} => {_PATRUNJEL RADACINA KG}",0.000163421511619269,0.374149659863946,0.000436781131055138,16.3555254547591,55
"{APA MINERALA NATURALA CARBOGAZIFICATA TUSNAD 2L,BERE CIUC PREMIUM DOZA 500ML} => {FRANZELA ALBA BACHUS 1KG}",0.000103995507394081,0.538461538461538,0.000193134513731864,22.4783981833101,35
"{BERE CIUC PREMIUM DOZA 500ML,FRANZELA ALBA BACHUS 1KG} => {APA MINERALA NATURALA CARBOGAZIFICATA TUSNAD 2L}",0.000103995507394081,0.309734513274336,0.000335756923872317,32.3532214916256,35
"{APA MINERALA NATURALA CARBOGAZIFICATA TUSNAD 2L,FRANZELA ALBA BACHUS 1KG} => {BERE CIUC PREMIUM DOZA 500ML}",0.000103995507394081,0.102040816326531,0.00101915597246199,13.2441738747176,35
"{BERE CIUC PREMIUM DOZA 500ML,BERE GOLDEN BRAU DOZA 500ML} => {_MORCOVI}",0.000109938107816599,0.138059701492537,0.000796308456617531,3.29184603021027,37
"{_MORCOVI,BERE CIUC PREMIUM DOZA 500ML} => {BERE GOLDEN BRAU DOZA 500ML}",0.000109938107816599,0.2890625,0.000380326427041209,24.098303582487,37
"{_MORCOVI,BERE GOLDEN BRAU DOZA 500ML} => {BERE CIUC PREMIUM DOZA 500ML}",0.000109938107816599,0.187817258883249,0.000585346141618111,24.3773474465615,37
"{BERE CIUC PREMIUM DOZA 500ML,BERE GOLDEN BRAU DOZA 500ML} => {PAINE CU CARTOFI FELII BACHUS 1.2 KG}",0.000154507610985491,0.194029850746269,0.000796308456617531,2.60061044835559,52
"{BERE CIUC PREMIUM DOZA 500ML,PAINE CU CARTOFI FELII BACHUS 1.2 KG} => {BERE GOLDEN BRAU DOZA 500ML}",0.000154507610985491,0.285714285714286,0.000540776638449219,23.8191726529601,52
"{BERE GOLDEN BRAU DOZA 500ML,PAINE CU CARTOFI FELII BACHUS 1.2 KG} => {BERE CIUC PREMIUM DOZA 500ML}",0.000154507610985491,0.119540229885057,0.00129251559189786,15.5154735782899,52
"{_TELINA,BERE CIUC PREMIUM DOZA 500ML} => {_PATRUNJEL RADACINA KG}",0.000109938107816599,0.528571428571429,0.000207991014788161,23.1058968697233,37
"{_PATRUNJEL RADACINA KG,BERE CIUC PREMIUM DOZA 500ML} => {_TELINA}",0.000109938107816599,0.544117647058823,0.000202048414365642,25.982466865861,37
"{_TELINA,BERE CIUC PREMIUM DOZA 500ML} => {_MORCOVI}",0.000130737209295416,0.628571428571429,0.000207991014788161,14.9874318101311,44
"{_MORCOVI,BERE CIUC PREMIUM DOZA 500ML} => {_TELINA}",0.000130737209295416,0.34375,0.000380326427041209,16.4145989997162,44
"{_PATRUNJEL RADACINA KG,BERE CIUC PREMIUM DOZA 500ML} => {_MORCOVI}",0.000130737209295416,0.647058823529412,0.000202048414365642,15.4282386280761,44
"{_MORCOVI,BERE CIUC PREMIUM DOZA 500ML} => {_PATRUNJEL RADACINA KG}",0.000130737209295416,0.34375,0.000380326427041209,15.0266390115599,44
"{BERE CIUC PREMIUM DOZA 500ML,LAPTE DE CONSUM 1.5% GRASIME FRISS CUTIE 1L} => {_BANANE}",0.000103995507394081,0.301724137931034,0.000344670824506096,3.28649633610924,35
"{_BANANE,BERE CIUC PREMIUM DOZA 500ML} => {LAPTE DE CONSUM 1.5% GRASIME FRISS CUTIE 1L}",0.000103995507394081,0.132075471698113,0.000787394555983753,4.63314532274495,35
"{_TELINA,BERE BUCEGI DOZA 500ML} => {_MORCOVI}",0.000124794608872897,0.763636363636364,0.000163421511619269,18.2078717032171,42
"{_MORCOVI,BERE BUCEGI DOZA 500ML} => {_TELINA}",0.000124794608872897,0.403846153846154,0.000309015221970982,19.2842841395268,42
"{_PATRUNJEL RADACINA KG,BERE BUCEGI DOZA 500ML} => {_MORCOVI}",0.000136679809717934,0.901960784313726,0.000151536310774232,21.5060296027727,46
"{_MORCOVI,BERE BUCEGI DOZA 500ML} => {_PATRUNJEL RADACINA KG}",0.000136679809717934,0.442307692307692,0.000309015221970982,19.3349760708184,46
"{_TELINA,LAPTE DE CONSUM 1.5% CUTIE KERESZTURI 1L} => {_PATRUNJEL RADACINA KG}",0.000118852008450378,0.579710144927536,0.000205019714576902,25.341367503026,40
"{_PATRUNJEL RADACINA KG,LAPTE DE CONSUM 1.5% CUTIE KERESZTURI 1L} => {_TELINA}",0.000118852008450378,0.481927710843373,0.000246617917534534,23.012800350095,40
"{_TELINA,LAPTE DE CONSUM 1.5% CUTIE KERESZTURI 1L} => {_MORCOVI}",0.000136679809717934,0.666666666666667,0.000205019714576902,15.8957610107451,46
"{_MORCOVI,LAPTE DE CONSUM 1.5% CUTIE KERESZTURI 1L} => {_TELINA}",0.000136679809717934,0.338235294117647,0.000404096828731284,16.1512631868866,46
"{_PATRUNJEL RADACINA KG,LAPTE DE CONSUM 1.5% CUTIE KERESZTURI 1L} => {_MORCOVI}",0.000202048414365642,0.819277108433735,0.000246617917534534,19.5345496758554,68
"{_MORCOVI,LAPTE DE CONSUM 1.5% CUTIE KERESZTURI 1L} => {_PATRUNJEL RADACINA KG}",0.000202048414365642,0.5,0.000404096828731284,21.8569294713599,68
"{APA MINERALA NATURALA CARBOGAZIFICATA CONTINUT REDUS CO2 TUSNAD 2L,LAPTE DE CONSUM 1.5% CUTIE KERESZTURI 1L} => {_BANANE}",0.00010696680760534,0.253521126760563,0.000421924629998841,2.76145044257388,36
"{_BANANE,LAPTE DE CONSUM 1.5% CUTIE KERESZTURI 1L} => {APA MINERALA NATURALA CARBOGAZIFICATA CONTINUT REDUS CO2 TUSNAD 2L}",0.00010696680760534,0.114649681528662,0.000932988266335466,2.14138932612886,36
"{LAPTE DE CONSUM 1.5% CUTIE KERESZTURI 1L,PAINE CU CARTOFI FELII BACHUS 1.2 KG} => {_BANANE}",0.00010696680760534,0.158590308370044,0.000674485147955894,1.72742714909908,36
"{_BANANE,LAPTE DE CONSUM 1.5% CUTIE KERESZTURI 1L} => {PAINE CU CARTOFI FELII BACHUS 1.2 KG}",0.00010696680760534,0.114649681528662,0.000932988266335466,1.5366664383718,36
"{_CEAPA ROSIE,_GULII} => {_MORCOVI}",0.000103995507394081,0.760869565217391,0.000136679809717934,18.1419011535677,35
"{_CEAPA ROSIE,_MORCOVI} => {_GULII}",0.000103995507394081,0.141129032258065,0.000736882452392342,15.3663536698636,35
"{_CEAPA ROSIE,_ROSII VRAC} => {_ARDEI ROSU CAPIA}",0.00010696680760534,0.243243243243243,0.000439752431266398,13.0564981249192,36
"{_ARDEI ROSU CAPIA,_CEAPA ROSIE} => {_ROSII VRAC}",0.00010696680760534,0.214285714285714,0.000499178435491587,14.0636700468019,36
"{_CEAPA ROSIE,_TELINA} => {_CEAPA GALBENA}",0.000101024207182821,0.320754716981132,0.000314957822393501,17.4452104499274,34
"{_CEAPA GALBENA,_CEAPA ROSIE} => {_PATRUNJEL RADACINA KG}",0.000109938107816599,0.104519774011299,0.00105184027478584,4.5689626578549,37
"{_CEAPA ROSIE,_PATRUNJEL RADACINA KG} => {_CEAPA GALBENA}",0.000109938107816599,0.268115942028986,0.000410039429153803,14.5822922814611,37
"{_CEAPA GALBENA,_CEAPA ROSIE} => {_MORCOVI}",0.000202048414365642,0.192090395480226,0.00105184027478584,4.58013452851977,68
"{_CEAPA ROSIE,_MORCOVI} => {_CEAPA GALBENA}",0.000202048414365642,0.274193548387097,0.000736882452392342,14.912841191067,68
"{_CEAPA ROSIE,PAINE CU CARTOFI FELII BACHUS 1.2 KG} => {_CEAPA GALBENA}",0.000101024207182821,0.198830409356725,0.000508092336125365,10.8139901034638,34
"{_CEAPA GALBENA,_CEAPA ROSIE} => {_BANANE}",0.000178278012675567,0.169491525423729,0.00105184027478584,1.84616743335919,60
"{_BANANE,_CEAPA ROSIE} => {_CEAPA GALBENA}",0.000178278012675567,0.217391304347826,0.000820078858307607,11.8234802282117,60
"{_ARDEI ROSU CAPIA,_CEAPA ROSIE} => {_BANANE}",0.000101024207182821,0.202380952380952,0.000499178435491587,2.20441182816579,34
"{_BANANE,_CEAPA ROSIE} => {_ARDEI ROSU CAPIA}",0.000101024207182821,0.123188405797101,0.000820078858307607,6.61234888935118,34
"{_CEAPA ROSIE,_TELINA} => {_PATRUNJEL RADACINA KG}",0.000210962314999421,0.669811320754717,0.000314957822393501,29.2800375937086,71
"{_CEAPA ROSIE,_PATRUNJEL RADACINA KG} => {_TELINA}",0.000210962314999421,0.514492753623188,0.000410039429153803,24.5678319679547,71
"{_CEAPA ROSIE,_TELINA} => {_MORCOVI}",0.000219876215633199,0.69811320754717,0.000314957822393501,16.6455610584217,74
"{_CEAPA ROSIE,_MORCOVI} => {_TELINA}",0.000219876215633199,0.298387096774194,0.000736882452392342,14.2484495716012,74
"{_CEAPA ROSIE,_PATRUNJEL RADACINA KG} => {_MORCOVI}",0.000326843023238539,0.797101449275362,0.000410039429153803,19.0058012084995,110
"{_CEAPA ROSIE,_MORCOVI} => {_PATRUNJEL RADACINA KG}",0.000326843023238539,0.443548387096774,0.000736882452392342,19.3892116278193,110
"{_MERE ROSII,CREMA DE UNT CU SMANTANA GORDON 125G} => {_BANANE}",0.000124794608872897,0.466666666666667,0.00026741701901335,5.0831143331823,42
"{_BANANE,CREMA DE UNT CU SMANTANA GORDON 125G} => {_MERE ROSII}",0.000124794608872897,0.111111111111111,0.00112315147985607,5.66845198996177,42
"{CREMA DE UNT CU SMANTANA GORDON 125G,LAPTE DE CONSUM 3.5% GRASIME FRISS CUTIE 1L} => {_BANANE}",0.000133708509506675,0.394736842105263,0.000338728224083577,4.29962678558653,45
"{_BANANE,CREMA DE UNT CU SMANTANA GORDON 125G} => {LAPTE DE CONSUM 3.5% GRASIME FRISS CUTIE 1L}",0.000133708509506675,0.119047619047619,0.00112315147985607,5.57631639990721,45
"{_ARDEI ROSU CAPIA,CREMA DE UNT CU SMANTANA GORDON 125G} => {_BANANE}",0.000112909408027859,0.372549019607843,0.000303072621548463,4.05794841724637,38
"{_BANANE,CREMA DE UNT CU SMANTANA GORDON 125G} => {_ARDEI ROSU CAPIA}",0.000112909408027859,0.100529100529101,0.00112315147985607,5.39607182940516,38
"{CREMA DE UNT CU SMANTANA GORDON 125G,SMANTANA 20% GRASIME FRISS 300G} => {_BANANE}",0.00010696680760534,0.324324324324324,0.000329814323449798,3.53266633194137,36
"{_PATRUNJEL RADACINA KG,CREMA DE UNT CU SMANTANA GORDON 125G} => {_MORCOVI}",0.000139651109929194,0.796610169491525,0.000175306712464307,18.9940873094496,47
"{_MORCOVI,CREMA DE UNT CU SMANTANA GORDON 125G} => {_PATRUNJEL RADACINA KG}",0.000139651109929194,0.47,0.000297130021125945,20.5455137030783,47
"{CREMA DE UNT CU SMANTANA GORDON 125G,PAINE DE CASA PE FOI DE VARZA RIP-ROP 1KG} => {_BANANE}",0.000148565010562972,0.320512820512821,0.000463522832956473,3.49114995410872,50
"{_BANANE,CREMA DE UNT CU SMANTANA GORDON 125G} => {PAINE DE CASA PE FOI DE VARZA RIP-ROP 1KG}",0.000148565010562972,0.132275132275132,0.00112315147985607,2.26725707117864,50
"{_MORCOVI,CREMA DE UNT CU SMANTANA GORDON 125G} => {_BANANE}",0.000103995507394081,0.35,0.000297130021125945,3.81233574988672,35
"{CREMA DE UNT CU SMANTANA GORDON 125G,PAINE CU CARTOFI FELII BACHUS 1.2 KG} => {_BANANE}",0.000112909408027859,0.192893401015228,0.000585346141618111,2.10106973887883,38
"{_BANANE,CREMA DE UNT CU SMANTANA GORDON 125G} => {PAINE CU CARTOFI FELII BACHUS 1.2 KG}",0.000112909408027859,0.100529100529101,0.00112315147985607,1.34740622741419,38
"{_ARDEI ROSU CAPIA,SPATE PORC FARA OS} => {_MORCOVI}",0.000118852008450378,0.333333333333333,0.000356556025351133,7.94788050537253,40
"{_MORCOVI,SPATE PORC FARA OS} => {_ARDEI ROSU CAPIA}",0.000118852008450378,0.14760147601476,0.00080522235725131,7.92276228982386,40
"{_TELINA,SPATE PORC FARA OS} => {_PATRUNJEL RADACINA KG}",0.000276330919647128,0.592356687898089,0.000466494133167733,25.8941966985538,93
"{_PATRUNJEL RADACINA KG,SPATE PORC FARA OS} => {_TELINA}",0.000276330919647128,0.53757225433526,0.000514034936547884,25.6699141477433,93
"{_TELINA,SPATE PORC FARA OS} => {_MORCOVI}",0.00032387172302728,0.694267515923567,0.000466494133167733,16.553865765967,109
"{_MORCOVI,SPATE PORC FARA OS} => {_TELINA}",0.00032387172302728,0.402214022140221,0.00080522235725131,19.2063473032574,109
"{_PATRUNJEL RADACINA KG,SPATE PORC FARA OS} => {_MORCOVI}",0.000413010729365063,0.803468208092486,0.000514034936547884,19.1576079233546,139
"{_MORCOVI,SPATE PORC FARA OS} => {_PATRUNJEL RADACINA KG}",0.000413010729365063,0.512915129151292,0.00080522235725131,22.4214996053065,139
"{APA MINERALA NATURALA CARBOGAZIFICATA TUSNAD 2L,CORN RIP-ROP 100G} => {FRANZELA ALBA BACHUS 1KG}",0.000121823308661637,0.594202898550725,0.000205019714576902,24.8053545169861,41
"{APA MINERALA NATURALA CARBOGAZIFICATA TUSNAD 2L,FRANZELA ALBA BACHUS 1KG} => {CORN RIP-ROP 100G}",0.000121823308661637,0.119533527696793,0.00101915597246199,7.33844716288558,41
"{CORN RIP-ROP 100G,FRANZELA ALBA BACHUS 1KG} => {APA MINERALA NATURALA CARBOGAZIFICATA TUSNAD 2L}",0.000121823308661637,0.190697674418605,0.000638829545420781,19.9192658034155,41
"{APA MINERALA NATURALA CARBOGAZIFICATA TUSNAD 2L,FRANZELA ALBA BACHUS 1KG} => {APA MINERALA NATURALA CARBOGAZIFICATA CONTINUT REDUS CO2 TUSNAD 2L}",0.000362498625773652,0.355685131195335,0.00101915597246199,6.64337077302756,122
"{APA MINERALA NATURALA CARBOGAZIFICATA CONTINUT REDUS CO2 TUSNAD 2L,APA MINERALA NATURALA CARBOGAZIFICATA TUSNAD 2L} => {FRANZELA ALBA BACHUS 1KG}",0.000362498625773652,0.243512974051896,0.00148862140584098,10.1655943880039,122
"{APA MINERALA NATURALA CARBOGAZIFICATA CONTINUT REDUS CO2 TUSNAD 2L,FRANZELA ALBA BACHUS 1KG} => {APA MINERALA NATURALA CARBOGAZIFICATA TUSNAD 2L}",0.000362498625773652,0.144378698224852,0.00251074867851423,15.0810316647016,122
"{APA MINERALA NATURALA CARBOGAZIFICATA TUSNAD 2L,FRANZELA ALBA BACHUS 1KG} => {_BANANE}",0.000109938107816599,0.107871720116618,0.00101915597246199,1.17498061429245,37
"{_BANANE,APA MINERALA NATURALA CARBOGAZIFICATA TUSNAD 2L} => {FRANZELA ALBA BACHUS 1KG}",0.000109938107816599,0.135531135531136,0.000811164957673829,5.65782811416649,37
"{_TELINA,APA MINERALA NATURALA CARBOGAZIFICATA TUSNAD 2L} => {_MORCOVI}",0.000103995507394081,0.546875,0.000190163213520604,13.0394914541268,35
"{_MORCOVI,APA MINERALA NATURALA CARBOGAZIFICATA TUSNAD 2L} => {_TELINA}",0.000103995507394081,0.2734375,0.000380326427041209,13.0570673861379,35
"{_PATRUNJEL RADACINA KG,APA MINERALA NATURALA CARBOGAZIFICATA TUSNAD 2L} => {_MORCOVI}",0.00016045021140801,0.805970149253731,0.000199077114154383,19.2172633114978,54
"{_MORCOVI,APA MINERALA NATURALA CARBOGAZIFICATA TUSNAD 2L} => {_PATRUNJEL RADACINA KG}",0.00016045021140801,0.421875,0.000380326427041209,18.4417842414599,54
"{APA MINERALA NATURALA CARBOGAZIFICATA TUSNAD 2L,PAINE CU CARTOFI FELII BACHUS 1.2 KG} => {APA MINERALA NATURALA CARBOGAZIFICATA CONTINUT REDUS CO2 TUSNAD 2L}",0.000145593710351713,0.213973799126638,0.000680427748378413,3.99653277193336,49
"{_BANANE,APA MINERALA NATURALA CARBOGAZIFICATA TUSNAD 2L} => {APA MINERALA NATURALA CARBOGAZIFICATA CONTINUT REDUS CO2 TUSNAD 2L}",0.000109938107816599,0.135531135531136,0.000811164957673829,2.53140630758701,37
"{_TELINA,APA MINERALA NATURALA PLATA PERLA HARGHITEI 2L ROZ} => {_MORCOVI}",0.000103995507394081,0.564516129032258,0.000184220613098086,13.4601202107116,35
"{_MORCOVI,APA MINERALA NATURALA PLATA PERLA HARGHITEI 2L ROZ} => {_TELINA}",0.000103995507394081,0.271317829457364,0.000383297727252468,12.9558498095012,35
"{_PATRUNJEL RADACINA KG,APA MINERALA NATURALA PLATA PERLA HARGHITEI 2L ROZ} => {_MORCOVI}",0.000154507610985491,0.742857142857143,0.000207991014788161,17.7124194119731,52
"{_MORCOVI,APA MINERALA NATURALA PLATA PERLA HARGHITEI 2L ROZ} => {_PATRUNJEL RADACINA KG}",0.000154507610985491,0.403100775193798,0.000383297727252468,17.6210904265227,52
"{APA MINERALA NATURALA CARBOGAZIFICATA CONTINUT REDUS CO2 TUSNAD 2L,APA MINERALA NATURALA PLATA PERLA HARGHITEI 2L ROZ} => {_BANANE}",0.000112909408027859,0.123778501628664,0.00091218916485665,1.34824344807534,38
"{_GULII,GOBE 10 OUA PROASPETE L} => {_TELINA}",0.000101024207182821,0.548387096774194,0.000184220613098086,26.186339753213,34
"{_TELINA,GOBE 10 OUA PROASPETE L} => {_GULII}",0.000101024207182821,0.346938775510204,0.000291187420703426,37.775246106207,34
"{_GULII,GOBE 10 OUA PROASPETE L} => {_PATRUNJEL RADACINA KG}",0.000121823308661637,0.661290322580645,0.000184220613098086,28.907551881476,41
"{_PATRUNJEL RADACINA KG,GOBE 10 OUA PROASPETE L} => {_GULII}",0.000121823308661637,0.369369369369369,0.000329814323449798,40.2175248687704,41
"{_GULII,GOBE 10 OUA PROASPETE L} => {_MORCOVI}",0.000127765909084156,0.693548387096774,0.000184220613098086,16.536719116017,43
"{_MORCOVI,GOBE 10 OUA PROASPETE L} => {_GULII}",0.000127765909084156,0.227513227513228,0.000561575739928035,24.7720023485148,43
"{_TELINA,GOBE 10 OUA PROASPETE L} => {_PATRUNJEL RADACINA KG}",0.000181249312886826,0.622448979591837,0.000291187420703426,27.2096468929175,61
"{_PATRUNJEL RADACINA KG,GOBE 10 OUA PROASPETE L} => {_TELINA}",0.000181249312886826,0.54954954954955,0.000329814323449798,26.241848687507,61
"{_TELINA,GOBE 10 OUA PROASPETE L} => {_MORCOVI}",0.000210962314999421,0.724489795918367,0.000291187420703426,17.2744749759628,71
"{_MORCOVI,GOBE 10 OUA PROASPETE L} => {_TELINA}",0.000210962314999421,0.375661375661376,0.000561575739928035,17.9384169924749,71
"{_PATRUNJEL RADACINA KG,GOBE 10 OUA PROASPETE L} => {_MORCOVI}",0.000264445718802091,0.801801801801802,0.000329814323449798,19.1178747291393,89
"{_MORCOVI,GOBE 10 OUA PROASPETE L} => {_PATRUNJEL RADACINA KG}",0.000264445718802091,0.470899470899471,0.000561575739928035,20.5848330471009,89
"{_MORCOVI,GOBE 10 OUA PROASPETE L} => {_BANANE}",0.000127765909084156,0.227513227513228,0.000561575739928035,2.47816231663083,43
"{_BANANE,GOBE 10 OUA PROASPETE L} => {_MORCOVI}",0.000127765909084156,0.13030303030303,0.000980529069715617,3.10689874300926,43
"{_TELINA,GOBE 6  L OUA PROASPETE} => {_PATRUNJEL RADACINA KG}",0.000121823308661637,0.577464788732394,0.000210962314999421,25.2432143190354,41
"{_PATRUNJEL RADACINA KG,GOBE 6  L OUA PROASPETE} => {_TELINA}",0.000121823308661637,0.476744186046512,0.000255531818168312,22.7652789509807,41
"{_TELINA,GOBE 6  L OUA PROASPETE} => {_MORCOVI}",0.000139651109929194,0.661971830985915,0.000210962314999421,15.7838190317962,47
"{_MORCOVI,GOBE 6  L OUA PROASPETE} => {_TELINA}",0.000139651109929194,0.311258278145695,0.000448666331900176,14.8630685704836,47
"{_PATRUNJEL RADACINA KG,GOBE 6  L OUA PROASPETE} => {_MORCOVI}",0.000199077114154383,0.779069767441861,0.000255531818168312,18.5758602509288,67
"{_MORCOVI,GOBE 6  L OUA PROASPETE} => {_PATRUNJEL RADACINA KG}",0.000199077114154383,0.443708609271523,0.000448666331900176,19.3962155573658,67
"{GOBE 6  L OUA PROASPETE,PAINE CU CARTOFI FELII BACHUS 1.2 KG} => {_BANANE}",0.000139651109929194,0.208888888888889,0.000668542547533375,2.27529879675779,47
"{_BANANE,GOBE 6  L OUA PROASPETE} => {PAINE CU CARTOFI FELII BACHUS 1.2 KG}",0.000139651109929194,0.131284916201117,0.00106372547563088,1.7596309200412,47
"{PALL MALL S-LINE FLOW VIOLET/ROSE,SANA 3.6% PET FRISS 330G} => {_BANANE}",0.000184220613098086,0.459259259259259,0.000401125528520025,5.00242997868734,62
"{_BANANE,PALL MALL S-LINE FLOW VIOLET/ROSE} => {SANA 3.6% PET FRISS 330G}",0.000184220613098086,0.183431952662722,0.00100429947140569,17.5831882553395,62
"{_BANANE,SANA 3.6% PET FRISS 330G} => {PALL MALL S-LINE FLOW VIOLET/ROSE}",0.000184220613098086,0.104553119730185,0.00176198102527685,9.85648910491684,62
"{_TELINA,PALL MALL S-LINE FLOW VIOLET/ROSE} => {_PATRUNJEL RADACINA KG}",0.000163421511619269,0.705128205128205,0.000231761416478237,30.8238748955076,55
"{_PATRUNJEL RADACINA KG,PALL MALL S-LINE FLOW VIOLET/ROSE} => {_TELINA}",0.000163421511619269,0.555555555555556,0.000294158720914685,26.5286448480262,55
"{_TELINA,PALL MALL S-LINE FLOW VIOLET/ROSE} => {_MORCOVI}",0.000178278012675567,0.769230769230769,0.000231761416478237,18.3412627047059,60
"{_MORCOVI,PALL MALL S-LINE FLOW VIOLET/ROSE} => {_TELINA}",0.000178278012675567,0.392156862745098,0.000454608932322695,18.7261022456656,60
"{_PATRUNJEL RADACINA KG,PALL MALL S-LINE FLOW VIOLET/ROSE} => {_MORCOVI}",0.000243646617323274,0.828282828282828,0.000294158720914685,19.7492788315318,82
"{_MORCOVI,PALL MALL S-LINE FLOW VIOLET/ROSE} => {_PATRUNJEL RADACINA KG}",0.000243646617323274,0.535947712418301,0.000454608932322695,23.428342701327,82
"{PAINE DE CASA PE FOI DE VARZA RIP-ROP 1KG,PALL MALL S-LINE FLOW VIOLET/ROSE} => {_BANANE}",0.000103995507394081,0.175879396984925,0.000591288742040629,1.91574660798328,35
"{_BANANE,PALL MALL S-LINE FLOW VIOLET/ROSE} => {PAINE DE CASA PE FOI DE VARZA RIP-ROP 1KG}",0.000103995507394081,0.103550295857988,0.00100429947140569,1.77490006223038,35
"{PAINE CU CARTOFI FELII BACHUS 1.2 KG,PALL MALL S-LINE FLOW VIOLET/ROSE} => {_BANANE}",0.000124794608872897,0.134615384615385,0.000927045665912947,1.46628298072566,42
"{_BANANE,PALL MALL S-LINE FLOW VIOLET/ROSE} => {PAINE CU CARTOFI FELII BACHUS 1.2 KG}",0.000124794608872897,0.124260355029586,0.00100429947140569,1.66547969997102,42
"{_CIUPERCI,_GULII} => {_PATRUNJEL RADACINA KG}",0.000112909408027859,0.550724637681159,0.000205019714576902,24.0742991278747,38
"{_CIUPERCI,_PATRUNJEL RADACINA KG} => {_GULII}",0.000112909408027859,0.227544910179641,0.000496207135280327,24.7754520076637,38
"{_CIUPERCI,_GULII} => {_MORCOVI}",0.000118852008450378,0.579710144927536,0.000205019714576902,13.8224008789088,40
"{_CIUPERCI,_MORCOVI} => {_GULII}",0.000118852008450378,0.152671755725191,0.000778480655349975,16.6231437737238,40
"{_ARDEI ROSU CAPIA,_CIUPERCI} => {_MORCOVI}",0.000124794608872897,0.235955056179775,0.000528891437604181,5.62602777346595,42
"{_CIUPERCI,_MORCOVI} => {_ARDEI ROSU CAPIA}",0.000124794608872897,0.16030534351145,0.000778480655349975,8.60466415866175,42
"{_ARDEI ROSU CAPIA,_CIUPERCI} => {_BANANE}",0.000101024207182821,0.191011235955056,0.000528891437604181,2.08056846703288,34
"{_CIUPERCI,_TELINA} => {_PATRUNJEL RADACINA KG}",0.000225818816055718,0.546762589928058,0.000413010729365063,23.9011027312713,76
"{_CIUPERCI,_PATRUNJEL RADACINA KG} => {_TELINA}",0.000225818816055718,0.455089820359281,0.000496207135280327,21.7312491928742,76
"{_CIUPERCI,_TELINA} => {_MORCOVI}",0.000249589217745793,0.60431654676259,0.000413010729365063,14.4091071032653,84
"{_CIUPERCI,_MORCOVI} => {_TELINA}",0.000249589217745793,0.320610687022901,0.000778480655349975,15.309660690922,84
"{_CIUPERCI,_PATRUNJEL RADACINA KG} => {_MORCOVI}",0.00037438382661869,0.754491017964072,0.000496207135280327,17.989813359466,126
"{_CIUPERCI,_MORCOVI} => {_PATRUNJEL RADACINA KG}",0.00037438382661869,0.480916030534351,0.000778480655349974,21.0226955220714,126
"{_CIUPERCI,_MORCOVI} => {_BANANE}",0.000142622410140453,0.183206106870229,0.000778480655349975,1.99555197376841,48
"{_BANANE,_CIUPERCI} => {_MORCOVI}",0.000142622410140453,0.135977337110482,0.00104886897457458,3.2421948803786,48
"{_PORTOCALE PLASA BUC^2 A nu se consuma coaja,_STRUGURI NEGRI} => {_BANANE}",0.00010696680760534,0.444444444444444,0.000240675317112015,4.84106126969743,36
"{_MANDARINE^2 A nu se consuma coaja,_STRUGURI NEGRI} => {_BANANE}",0.000109938107816599,0.45679012345679,0.000240675317112015,4.97553519385569,37
"{_CLEMENTINA^2 A nu se consuma coaja,_STRUGURI NEGRI} => {_BANANE}",0.000175306712464307,0.388157894736842,0.000451637632111436,4.22796633916009,59
"{_BANANE,_STRUGURI NEGRI} => {_CLEMENTINA^2 A nu se consuma coaja}",0.000175306712464307,0.110074626865672,0.00159261691323506,7.88379355086665,59
"{_MERE ROSII,_STRUGURI NEGRI} => {_BANANE}",0.000109938107816599,0.321739130434783,0.000341699524294836,3.5045073974114,37
"{_STRUGURI NEGRI,LAPTE DE CONSUM 3.5% GRASIME FRISS CUTIE 1L} => {_BANANE}",0.000112909408027859,0.365384615384615,0.000309015221970982,3.97991094768394,38
"{_STRUGURI NEGRI,_TELINA} => {_PATRUNJEL RADACINA KG}",0.00016045021140801,0.519230769230769,0.000309015221970982,22.6975806048738,54
"{_PATRUNJEL RADACINA KG,_STRUGURI NEGRI} => {_TELINA}",0.00016045021140801,0.534653465346535,0.000300101321337204,25.5305374181005,54
"{_STRUGURI NEGRI,_TELINA} => {_MORCOVI}",0.000187191913309345,0.605769230769231,0.000309015221970982,14.4437443799559,63
"{_MORCOVI,_STRUGURI NEGRI} => {_TELINA}",0.000187191913309345,0.370588235294118,0.000505121035914106,17.696166622154,63
"{_LAMAIE^2 A nu se consuma coaja,_STRUGURI NEGRI} => {_BANANE}",0.000136679809717934,0.298701298701299,0.000457580232533955,3.25357039879015,46
"{_PATRUNJEL RADACINA KG,_STRUGURI NEGRI} => {_MORCOVI}",0.000243646617323274,0.811881188118812,0.000300101321337204,19.3582040031846,82
"{_MORCOVI,_STRUGURI NEGRI} => {_PATRUNJEL RADACINA KG}",0.000243646617323274,0.482352941176471,0.000505121035914106,21.0855084311943,82
"{BRANZA TOPITA CU SMANTANA GORDON 125G,PARIZER CRISTUR} => {PAINE CU CARTOFI FELII BACHUS 1.2 KG}",0.000115880708239118,0.361111111111111,0.00032090042281602,4.84002500110624,39
"{BRANZA TOPITA CU SMANTANA GORDON 125G,PAINE CU CARTOFI FELII BACHUS 1.2 KG} => {PARIZER CRISTUR}",0.000115880708239118,0.122257053291536,0.000947844767391763,15.0717868338558,39
"{PAINE CU CARTOFI FELII BACHUS 1.2 KG,PARIZER CRISTUR} => {BRANZA TOPITA CU SMANTANA GORDON 125G}",0.000115880708239118,0.104838709677419,0.00110532367858851,17.4672189396359,39
"{_TELINA,BRANZA TOPITA CU SMANTANA GORDON 125G} => {_MORCOVI}",0.000101024207182821,0.68,0.000148565010562972,16.21367623096,34
"{_MORCOVI,BRANZA TOPITA CU SMANTANA GORDON 125G} => {_TELINA}",0.000101024207182821,0.300884955752212,0.000335756923872317,14.3677262362762,34
"{_PATRUNJEL RADACINA KG,BRANZA TOPITA CU SMANTANA GORDON 125G} => {_MORCOVI}",0.000142622410140453,0.842105263157895,0.000169364112041788,20.0788560135727,48
"{_MORCOVI,BRANZA TOPITA CU SMANTANA GORDON 125G} => {_PATRUNJEL RADACINA KG}",0.000142622410140453,0.424778761061947,0.000335756923872317,18.5687188429252,48
"{BRANZA TOPITA CU SMANTANA GORDON 125G,PAINE CU CARTOFI FELII BACHUS 1.2 KG} => {_BANANE}",0.000145593710351713,0.153605015673981,0.000947844767391763,1.6731254074738,49
"{_BANANE,BRANZA TOPITA CU SMANTANA GORDON 125G} => {PAINE CU CARTOFI FELII BACHUS 1.2 KG}",0.000145593710351713,0.162251655629139,0.000897332663800352,2.17468265459791,49
"{_GULII,SMANTANA 20% GRASIME FRISS 170G} => {_MORCOVI}",0.00010696680760534,0.529411764705882,0.000202048414365642,12.6231043320623,36
"{_MORCOVI,SMANTANA 20% GRASIME FRISS 170G} => {_GULII}",0.00010696680760534,0.16,0.000668542547533375,17.4210546748625,36
"{_TELINA,SMANTANA 20% GRASIME FRISS 170G} => {_PATRUNJEL RADACINA KG}",0.000190163213520604,0.566371681415929,0.000335756923872317,24.758291790567,64
"{_PATRUNJEL RADACINA KG,SMANTANA 20% GRASIME FRISS 170G} => {_TELINA}",0.000190163213520604,0.556521739130435,0.000341699524294836,26.574781621675,64
"{_TELINA,SMANTANA 20% GRASIME FRISS 170G} => {_MORCOVI}",0.000246617917534534,0.734513274336283,0.000335756923872317,17.5134712021041,83
"{_MORCOVI,SMANTANA 20% GRASIME FRISS 170G} => {_TELINA}",0.000246617917534534,0.368888888888889,0.000668542547533375,17.6150201790894,83
"{_PATRUNJEL RADACINA KG,SMANTANA 20% GRASIME FRISS 170G} => {_MORCOVI}",0.000300101321337204,0.878260869565217,0.000341699524294836,20.9409373315468,101
"{_MORCOVI,SMANTANA 20% GRASIME FRISS 170G} => {_PATRUNJEL RADACINA KG}",0.000300101321337204,0.448888888888889,0.000668542547533375,19.6226655698431,101
"{_ARDEI IUTE,_GULII} => {_TELINA}",0.000136679809717934,0.567901234567901,0.000240675317112015,27.1181702890935,46
"{_ARDEI IUTE,_TELINA} => {_GULII}",0.000136679809717934,0.285714285714286,0.000478379334012771,31.1090262051116,46
"{_ARDEI IUTE,_GULII} => {_PATRUNJEL RADACINA KG}",0.000139651109929194,0.580246913580247,0.000240675317112015,25.3648317321955,47
"{_ARDEI IUTE,_PATRUNJEL RADACINA KG} => {_GULII}",0.000139651109929194,0.274853801169591,0.000508092336125365,29.9265193610577,47
"{_ARDEI IUTE,_GULII} => {_MORCOVI}",0.000178278012675567,0.740740740740741,0.000240675317112015,17.6619566786056,60
"{_ARDEI IUTE,_MORCOVI} => {_GULII}",0.000178278012675567,0.188679245283019,0.000944873467180504,20.5436965505454,60
"{_ARDEI IUTE,_CEAPA GALBENA} => {_MORCOVI}",0.000133708509506675,0.292207792207792,0.000457580232533955,6.96729784561878,45
"{_ARDEI IUTE,_MORCOVI} => {_CEAPA GALBENA}",0.000133708509506675,0.141509433962264,0.000944873467180504,7.69641637496798,45
"{_ARDEI IUTE,_ARDEI ROSU CAPIA} => {_MORCOVI}",0.000139651109929194,0.170289855072464,0.000820078858307607,4.06033025817945,47
"{_ARDEI IUTE,_MORCOVI} => {_ARDEI ROSU CAPIA}",0.000139651109929194,0.147798742138365,0.000944873467180504,7.93335088722378,47
"{_ARDEI IUTE,_ARDEI ROSU CAPIA} => {_BANANE}",0.00010696680760534,0.130434782608696,0.000820078858307607,1.42074624219381,36
"{_ARDEI IUTE,_BANANE} => {_ARDEI ROSU CAPIA}",0.00010696680760534,0.11214953271028,0.000953787367814282,6.0198184501185,36
"{_ARDEI IUTE,_TELINA} => {_PATRUNJEL RADACINA KG}",0.00026741701901335,0.559006211180124,0.000478379334012771,24.4363186636322,90
"{_ARDEI IUTE,_PATRUNJEL RADACINA KG} => {_TELINA}",0.00026741701901335,0.526315789473684,0.000508092336125365,25.1324003823406,90
"{_ARDEI IUTE,_TELINA} => {_MORCOVI}",0.000356556025351133,0.745341614906832,0.000478379334012771,17.7716582728827,120
"{_ARDEI IUTE,_MORCOVI} => {_TELINA}",0.000356556025351133,0.377358490566038,0.000944873467180504,18.0194568779046,120
"{_ARDEI IUTE,_LAMAIE^2 A nu se consuma coaja} => {_BANANE}",0.00010696680760534,0.235294117647059,0.000454608932322695,2.56291478983981,36
"{_ARDEI IUTE,_BANANE} => {_LAMAIE^2 A nu se consuma coaja}",0.00010696680760534,0.11214953271028,0.000953787367814282,4.19987333729198,36
"{_ARDEI IUTE,_PATRUNJEL RADACINA KG} => {_MORCOVI}",0.000418953329787582,0.824561403508772,0.000508092336125365,19.66054651329,141
"{_ARDEI IUTE,_MORCOVI} => {_PATRUNJEL RADACINA KG}",0.000418953329787582,0.443396226415094,0.000944873467180504,19.3825600972437,141
"{_ARDEI IUTE,_MORCOVI} => {_BANANE}",0.000121823308661637,0.128930817610063,0.000944873467180504,1.40436447210562,41
"{_ARDEI IUTE,_BANANE} => {_MORCOVI}",0.000121823308661637,0.127725856697819,0.000953787367814282,3.04544953944181,41
"{_TELINA,GRASIME VEGETALA TARTINABILA CU 70% GRASIME RAMA 250G} => {_PATRUNJEL RADACINA KG}",0.000154507610985491,0.429752066115702,0.000359527325562393,18.7861211985242,52
"{_PATRUNJEL RADACINA KG,GRASIME VEGETALA TARTINABILA CU 70% GRASIME RAMA 250G} => {_TELINA}",0.000154507610985491,0.426229508196721,0.000362498625773652,20.3531242440595,52
"{_TELINA,GRASIME VEGETALA TARTINABILA CU 70% GRASIME RAMA 250G} => {_MORCOVI}",0.00021393361521068,0.59504132231405,0.000359527325562393,14.1879519765328,72
"{_MORCOVI,GRASIME VEGETALA TARTINABILA CU 70% GRASIME RAMA 250G} => {_TELINA}",0.00021393361521068,0.352941176470588,0.000606145243096927,16.853492021099,72
"{_PATRUNJEL RADACINA KG,GRASIME VEGETALA TARTINABILA CU 70% GRASIME RAMA 250G} => {_MORCOVI}",0.000288216120492166,0.795081967213115,0.000362498625773652,18.9576494021591,97
"{_MORCOVI,GRASIME VEGETALA TARTINABILA CU 70% GRASIME RAMA 250G} => {_PATRUNJEL RADACINA KG}",0.000288216120492166,0.475490196078431,0.000606145243096927,20.7855113600187,97
"{_TELINA,FAINA BANEASA TIP 000 1KG} => {_PATRUNJEL RADACINA KG}",0.000151536310774232,0.56043956043956,0.00027038831922461,24.4989758909749,51
"{_PATRUNJEL RADACINA KG,FAINA BANEASA TIP 000 1KG} => {_TELINA}",0.000151536310774232,0.53125,0.000285244820280907,25.3680166359251,51
"{_TELINA,FAINA BANEASA TIP 000 1KG} => {_MORCOVI}",0.000190163213520604,0.703296703296703,0.00027038831922461,16.7691544728739,64
"{_MORCOVI,FAINA BANEASA TIP 000 1KG} => {_TELINA}",0.000190163213520604,0.344086021505376,0.000552661839294257,16.4306445510356,64
"{_LAMAIE^2 A nu se consuma coaja,FAINA BANEASA TIP 000 1KG} => {_BANANE}",0.000101024207182821,0.198830409356725,0.000508092336125365,2.16573793644359,34
"{_BANANE,FAINA BANEASA TIP 000 1KG} => {_LAMAIE^2 A nu se consuma coaja}",0.000101024207182821,0.112211221122112,0.000900303964011612,4.20218349864362,34
"{_PATRUNJEL RADACINA KG,FAINA BANEASA TIP 000 1KG} => {_MORCOVI}",0.000219876215633199,0.770833333333333,0.000285244820280907,18.379473668674,74
"{_MORCOVI,FAINA BANEASA TIP 000 1KG} => {_PATRUNJEL RADACINA KG}",0.000219876215633199,0.397849462365591,0.000552661839294257,17.3915352782864,74
"{FAINA BANEASA TIP 000 1KG,PAINE DE CASA PE FOI DE VARZA RIP-ROP 1KG} => {_BANANE}",0.000103995507394081,0.195530726256983,0.000531862737815441,2.12979650831661,35
"{_BANANE,FAINA BANEASA TIP 000 1KG} => {PAINE DE CASA PE FOI DE VARZA RIP-ROP 1KG}",0.000103995507394081,0.115511551155116,0.000900303964011612,1.97992152156392,35
"{_TELINA,KAIZER PROMO} => {_PATRUNJEL RADACINA KG}",0.000145593710351713,0.6125,0.000237704016900756,26.7747386024159,49
"{_PATRUNJEL RADACINA KG,KAIZER PROMO} => {_TELINA}",0.000145593710351713,0.532608695652174,0.000273359619435869,25.4328964738686,49
"{_TELINA,KAIZER PROMO} => {_MORCOVI}",0.000157478911196751,0.6625,0.000237704016900756,15.7964125044279,53
"{_MORCOVI,KAIZER PROMO} => {_TELINA}",0.000157478911196751,0.286486486486487,0.000549690539082997,13.680176856766,53
"{_PATRUNJEL RADACINA KG,KAIZER PROMO} => {_MORCOVI}",0.000199077114154383,0.728260869565217,0.000273359619435869,17.3643911041291,67
"{_MORCOVI,KAIZER PROMO} => {_PATRUNJEL RADACINA KG}",0.000199077114154383,0.362162162162162,0.000549690539082997,15.8315056711472,67
"{CARNE TOCATA PORC VRAC,KAIZER PROMO} => {_MORCOVI}",0.000124794608872897,0.117647058823529,0.00106075417541962,2.80513429601384,42
"{_MORCOVI,KAIZER PROMO} => {CARNE TOCATA PORC VRAC}",0.000124794608872897,0.227027027027027,0.000549690539082997,7.60038068507182,42
"{CARNE TOCATA PORC VRAC,KAIZER PROMO} => {_BANANE}",0.000139651109929194,0.131652661064426,0.00106075417541962,1.43401184669609,47
"{_BANANE,KAIZER PROMO} => {CARNE TOCATA PORC VRAC}",0.000139651109929194,0.174721189591078,0.000799279756828791,5.84929280020353,47
"{PALL MALL BLUE,SZEKELYHON} => {_LAMAIE^2 A nu se consuma coaja}",0.00027038831922461,0.358267716535433,0.000754710253659899,13.416721353416,91
"{_LAMAIE^2 A nu se consuma coaja,PALL MALL BLUE} => {SZEKELYHON}",0.00027038831922461,0.332116788321168,0.000814136257885088,21.1855385632779,91
"{_LAMAIE^2 A nu se consuma coaja,SZEKELYHON} => {PALL MALL BLUE}",0.00027038831922461,0.307432432432432,0.000879504862532796,25.6297516552966,91
"{PALL MALL BLUE,SZEKELYHON} => {LAPTE DE CONSUM 1.5% GRASIME FRISS CUTIE 1L}",0.000231761416478237,0.307086614173228,0.000754710253659899,10.7724537481595,78
"{LAPTE DE CONSUM 1.5% GRASIME FRISS CUTIE 1L,PALL MALL BLUE} => {SZEKELYHON}",0.000231761416478237,0.414893617021277,0.000558604439716776,26.4658247705386,78
"{LAPTE DE CONSUM 1.5% GRASIME FRISS CUTIE 1L,SZEKELYHON} => {PALL MALL BLUE}",0.000231761416478237,0.323651452282158,0.000716083350913526,26.981884374515,78
"{PALL MALL BLUE,SZEKELYHON} => {PAINE DE CASA PE FOI DE VARZA RIP-ROP 1KG}",0.000505121035914106,0.669291338582677,0.000754710253659899,11.4719637318063,170
"{PAINE DE CASA PE FOI DE VARZA RIP-ROP 1KG,PALL MALL BLUE} => {SZEKELYHON}",0.000505121035914106,0.393518518518519,0.00128360169126408,25.102319553253,170
"{PAINE DE CASA PE FOI DE VARZA RIP-ROP 1KG,SZEKELYHON} => {PALL MALL BLUE}",0.000505121035914106,0.329457364341085,0.00153319090900987,27.4659064506032,170
"{_LAMAIE^2 A nu se consuma coaja,PALL MALL BLUE} => {LAPTE DE CONSUM 1.5% GRASIME FRISS CUTIE 1L}",0.000175306712464307,0.215328467153285,0.000814136257885088,7.55362118051276,59
"{LAPTE DE CONSUM 1.5% GRASIME FRISS CUTIE 1L,PALL MALL BLUE} => {_LAMAIE^2 A nu se consuma coaja}",0.000175306712464307,0.313829787234043,0.000558604439716776,11.7525710896827,59
"{_LAMAIE^2 A nu se consuma coaja,LAPTE DE CONSUM 1.5% GRASIME FRISS CUTIE 1L} => {PALL MALL BLUE}",0.000175306712464307,0.123689727463312,0.00141731020077076,10.3116544084618,59
"{_LAMAIE^2 A nu se consuma coaja,PALL MALL BLUE} => {PAINE DE CASA PE FOI DE VARZA RIP-ROP 1KG}",0.000362498625773652,0.445255474452555,0.000814136257885088,7.63188518937768,122
"{PAINE DE CASA PE FOI DE VARZA RIP-ROP 1KG,PALL MALL BLUE} => {_LAMAIE^2 A nu se consuma coaja}",0.000362498625773652,0.282407407407407,0.00128360169126408,10.5758384538984,122
"{_LAMAIE^2 A nu se consuma coaja,PAINE DE CASA PE FOI DE VARZA RIP-ROP 1KG} => {PALL MALL BLUE}",0.000362498625773652,0.182089552238806,0.00199077114154383,15.1802786907671,122
"{_PATRUNJEL RADACINA KG,PALL MALL BLUE} => {_MORCOVI}",0.000175306712464307,0.855072463768116,0.000205019714576902,20.3880412963904,59
"{_MORCOVI,PALL MALL BLUE} => {_PATRUNJEL RADACINA KG}",0.000175306712464307,0.468253968253968,0.00037438382661869,20.4691879176228,59
"{LAPTE DE CONSUM 1.5% GRASIME FRISS CUTIE 1L,PALL MALL BLUE} => {PAINE DE CASA PE FOI DE VARZA RIP-ROP 1KG}",0.000314957822393501,0.563829787234043,0.000558604439716776,9.66430386467933,106
"{PAINE DE CASA PE FOI DE VARZA RIP-ROP 1KG,PALL MALL BLUE} => {LAPTE DE CONSUM 1.5% GRASIME FRISS CUTIE 1L}",0.000314957822393501,0.24537037037037,0.00128360169126408,8.60747699179271,106
"{LAPTE DE CONSUM 1.5% GRASIME FRISS CUTIE 1L,PAINE DE CASA PE FOI DE VARZA RIP-ROP 1KG} => {PALL MALL BLUE}",0.000314957822393501,0.133333333333333,0.00236218366795126,11.1156139047147,106
"{_BANANE,PALL MALL BLUE} => {PAINE CU CARTOFI FELII BACHUS 1.2 KG}",0.000118852008450378,0.181818181818182,0.000653686046477078,2.43693566489265,40
"{PASTE ATA PAIANJENULUI CU 8 OUA GYERMELYI 250G,PULPE PUI CU SPATE REFR.VRAC SZEKELY CSURKE} => {_TELINA}",0.000101024207182821,0.330097087378641,0.000306043921759723,15.7626511135845,34
"{_TELINA,PULPE PUI CU SPATE REFR.VRAC SZEKELY CSURKE} => {PASTE ATA PAIANJENULUI CU 8 OUA GYERMELYI 250G}",0.000101024207182821,0.125925925925926,0.00080225105704005,11.6302821482295,34
"{PASTE ATA PAIANJENULUI CU 8 OUA GYERMELYI 250G,PULPE PUI CU SPATE REFR.VRAC SZEKELY CSURKE} => {_PATRUNJEL RADACINA KG}",0.000109938107816599,0.359223300970874,0.000306043921759723,15.703036707579,37
"{_PATRUNJEL RADACINA KG,PULPE PUI CU SPATE REFR.VRAC SZEKELY CSURKE} => {PASTE ATA PAIANJENULUI CU 8 OUA GYERMELYI 250G}",0.000109938107816599,0.137546468401487,0.000799279756828791,12.703533638838,37
"{PASTE ATA PAIANJENULUI CU 8 OUA GYERMELYI 250G,PULPE PUI CU SPATE REFR.VRAC SZEKELY CSURKE} => {_MORCOVI}",0.000127765909084156,0.41747572815534,0.000306043921759723,9.95414160381609,43
"{_MORCOVI,PULPE PUI CU SPATE REFR.VRAC SZEKELY CSURKE} => {PASTE ATA PAIANJENULUI CU 8 OUA GYERMELYI 250G}",0.000127765909084156,0.106699751861042,0.00119743398513756,9.85458880024405,43
"{_GULII,PULPE PUI CU SPATE REFR.VRAC SZEKELY CSURKE} => {_TELINA}",0.000172335412253048,0.591836734693878,0.000291187420703426,28.2611277768769,58
"{_TELINA,PULPE PUI CU SPATE REFR.VRAC SZEKELY CSURKE} => {_GULII}",0.000172335412253048,0.214814814814815,0.00080225105704005,23.389378961621,58
"{_GULII,PULPE PUI CU SPATE REFR.VRAC SZEKELY CSURKE} => {_PATRUNJEL RADACINA KG}",0.000172335412253048,0.591836734693878,0.000291187420703426,25.8714675375281,58
"{_PATRUNJEL RADACINA KG,PULPE PUI CU SPATE REFR.VRAC SZEKELY CSURKE} => {_GULII}",0.000172335412253048,0.215613382899628,0.000799279756828791,23.4763283257906,58
"{_GULII,PULPE PUI CU SPATE REFR.VRAC SZEKELY CSURKE} => {_MORCOVI}",0.000196105813943123,0.673469387755102,0.000291187420703426,16.0579626537119,66
"{_MORCOVI,PULPE PUI CU SPATE REFR.VRAC SZEKELY CSURKE} => {_GULII}",0.000196105813943123,0.163771712158809,0.00119743398513756,17.8317246982153,66
"{COTLET PORC FARA OS,PULPE PUI CU SPATE REFR.VRAC SZEKELY CSURKE} => {CARNE TOCATA PORC VRAC}",0.000101024207182821,0.23448275862069,0.00043083853063262,7.84998267801342,34
"{PIEPT DE PUI FARA OS REFR.VRAC SZEKELY CSURKE,PULPE PUI CU SPATE REFR.VRAC SZEKELY CSURKE} => {CARNE TOCATA PORC VRAC}",0.000121823308661637,0.199029126213592,0.000612087843519446,6.66307067686891,41
"{CARNE TOCATA PORC VRAC,PULPE PUI CU SPATE REFR.VRAC SZEKELY CSURKE} => {PIEPT DE PUI FARA OS REFR.VRAC SZEKELY CSURKE}",0.000121823308661637,0.109042553191489,0.00111720887943355,7.45754895432947,41
"{PIEPT DE PUI FARA OS REFR.VRAC SZEKELY CSURKE,PULPE PUI CU SPATE REFR.VRAC SZEKELY CSURKE} => {_MORCOVI}",0.000112909408027859,0.184466019417476,0.000612087843519446,4.39834163889548,38
"{_CEAPA GALBENA,PULPE PUI CU SPATE REFR.VRAC SZEKELY CSURKE} => {_TELINA}",0.000118852008450378,0.275862068965517,0.00043083853063262,13.1728443383303,40
"{_TELINA,PULPE PUI CU SPATE REFR.VRAC SZEKELY CSURKE} => {_CEAPA GALBENA}",0.000118852008450378,0.148148148148148,0.00080225105704005,8.0574828221887,40
"{_CEAPA GALBENA,PULPE PUI CU SPATE REFR.VRAC SZEKELY CSURKE} => {_MORCOVI}",0.000148565010562972,0.344827586206897,0.00043083853063262,8.22194535038538,50
"{_MORCOVI,PULPE PUI CU SPATE REFR.VRAC SZEKELY CSURKE} => {_CEAPA GALBENA}",0.000148565010562972,0.124069478908189,0.00119743398513756,6.74789194165928,50
"{_ARDEI ROSU CAPIA,PULPE PUI CU SPATE REFR.VRAC SZEKELY CSURKE} => {_MORCOVI}",0.000101024207182821,0.276422764227642,0.000365469925984912,6.5909252971382,34
"{_TELINA,PULPE PUI CU SPATE REFR.VRAC SZEKELY CSURKE} => {_PATRUNJEL RADACINA KG}",0.000490264534857808,0.611111111111111,0.00080225105704005,26.7140249094399,165
"{_PATRUNJEL RADACINA KG,PULPE PUI CU SPATE REFR.VRAC SZEKELY CSURKE} => {_TELINA}",0.000490264534857808,0.613382899628253,0.000799279756828791,29.2899907801628,165
"{_TELINA,PULPE PUI CU SPATE REFR.VRAC SZEKELY CSURKE} => {CARNE TOCATA PORC VRAC}",0.000127765909084156,0.159259259259259,0.00080225105704005,5.33166034830215,43
"{CARNE TOCATA PORC VRAC,PULPE PUI CU SPATE REFR.VRAC SZEKELY CSURKE} => {_TELINA}",0.000127765909084156,0.11436170212766,0.00111720887943355,5.4609497639288,43
"{_TELINA,PULPE PUI CU SPATE REFR.VRAC SZEKELY CSURKE} => {_MORCOVI}",0.000573460940773073,0.714814814814815,0.00080225105704005,17.0437881948544,193
"{_MORCOVI,PULPE PUI CU SPATE REFR.VRAC SZEKELY CSURKE} => {_TELINA}",0.000573460940773073,0.478908188585608,0.00119743398513756,22.8686134496385,193
"{_TELINA,PULPE PUI CU SPATE REFR.VRAC SZEKELY CSURKE} => {_BANANE}",0.00010696680760534,0.133333333333333,0.00080225105704005,1.45231838090923,36
"{_BANANE,PULPE PUI CU SPATE REFR.VRAC SZEKELY CSURKE} => {_TELINA}",0.00010696680760534,0.108761329305136,0.000983500369926876,5.19352322100332,36
"{_PATRUNJEL RADACINA KG,PULPE PUI CU SPATE REFR.VRAC SZEKELY CSURKE} => {CARNE TOCATA PORC VRAC}",0.00010696680760534,0.133828996282528,0.000799279756828791,4.4803093788793,36
"{_PATRUNJEL RADACINA KG,PULPE PUI CU SPATE REFR.VRAC SZEKELY CSURKE} => {_MORCOVI}",0.00064180084563204,0.802973977695167,0.000799279756828791,19.1458236709346,216
"{_MORCOVI,PULPE PUI CU SPATE REFR.VRAC SZEKELY CSURKE} => {_PATRUNJEL RADACINA KG}",0.00064180084563204,0.535980148883375,0.00119743398513756,23.4297606243858,216
"{_PATRUNJEL RADACINA KG,PULPE PUI CU SPATE REFR.VRAC SZEKELY CSURKE} => {_BANANE}",0.000101024207182821,0.12639405204461,0.000799279756828791,1.37673303766488,34
"{_BANANE,PULPE PUI CU SPATE REFR.VRAC SZEKELY CSURKE} => {_PATRUNJEL RADACINA KG}",0.000101024207182821,0.102719033232628,0.000983500369926876,4.49024532946367,34
"{CARNE TOCATA PORC VRAC,PULPE PUI CU SPATE REFR.VRAC SZEKELY CSURKE} => {_MORCOVI}",0.000163421511619269,0.146276595744681,0.00111720887943355,3.48776671113422,55
"{_MORCOVI,PULPE PUI CU SPATE REFR.VRAC SZEKELY CSURKE} => {CARNE TOCATA PORC VRAC}",0.000163421511619269,0.136476426799007,0.00119743398513756,4.56893970640469,55
"{CARNE TOCATA PORC VRAC,PULPE PUI CU SPATE REFR.VRAC SZEKELY CSURKE} => {_BANANE}",0.000136679809717934,0.122340425531915,0.00111720887943355,1.33257936546192,46
"{_BANANE,PULPE PUI CU SPATE REFR.VRAC SZEKELY CSURKE} => {CARNE TOCATA PORC VRAC}",0.000136679809717934,0.138972809667674,0.000983500369926876,4.65251328082011,46
"{_MORCOVI,PULPE PUI CU SPATE REFR.VRAC SZEKELY CSURKE} => {_BANANE}",0.000166392811830529,0.138957816377171,0.00119743398513756,1.51358243171681,56
"{_BANANE,PULPE PUI CU SPATE REFR.VRAC SZEKELY CSURKE} => {_MORCOVI}",0.000166392811830529,0.169184290030211,0.000983500369926876,4.03396956163923,56
"{_GULII,_VARZA ALBA} => {_TELINA}",0.000118852008450378,0.579710144927536,0.000205019714576902,27.6820641892448,40
"{_TELINA,_VARZA ALBA} => {_GULII}",0.000118852008450378,0.199004975124378,0.000597231342463148,21.6679784513215,40
"{_GULII,_VARZA ALBA} => {_PATRUNJEL RADACINA KG}",0.000127765909084156,0.623188405797101,0.000205019714576902,27.2419700657529,43
"{_PATRUNJEL RADACINA KG,_VARZA ALBA} => {_GULII}",0.000127765909084156,0.19815668202765,0.0006447721458433,21.5756149487064,43
"{_GULII,_VARZA ALBA} => {_MORCOVI}",0.000127765909084156,0.623188405797101,0.000205019714576902,14.8590809448269,43
"{_MORCOVI,_VARZA ALBA} => {_GULII}",0.000127765909084156,0.105134474327628,0.00121526178640511,11.4472089092159,43
"{_VARZA ALBA,COTLET PORC FARA OS} => {PIEPT DE PUI FARA OS REFR.VRAC SZEKELY CSURKE}",0.00010696680760534,0.215568862275449,0.000496207135280327,14.7430090033305,36
"{_VARZA ALBA,PIEPT DE PUI FARA OS REFR.VRAC SZEKELY CSURKE} => {COTLET PORC FARA OS}",0.00010696680760534,0.28125,0.000380326427041209,19.7116891399417,36
"{_VARZA ALBA,COTLET PORC FARA OS} => {_MORCOVI}",0.00010696680760534,0.215568862275449,0.000496207135280327,5.13994667413314,36
"{_ROSII VRAC,_VARZA ALBA} => {_ARDEI ROSU CAPIA}",0.000109938107816599,0.284615384615385,0.000386269027463728,15.2772187461661,37
"{_ARDEI ROSU CAPIA,_VARZA ALBA} => {_ROSII VRAC}",0.000109938107816599,0.216374269005848,0.000508092336125365,14.2007428542756,37
"{_CEAPA GALBENA,_VARZA ALBA} => {_MORCOVI}",0.000103995507394081,0.251798561151079,0.000413010729365063,6.00379462636055,35
"{_ARDEI ROSU CAPIA,_VARZA ALBA} => {_MORCOVI}",0.000101024207182821,0.198830409356725,0.000508092336125365,4.74084100320467,34
"{_TELINA,_VARZA ALBA} => {_PATRUNJEL RADACINA KG}",0.000350613424928615,0.587064676616915,0.000597231342463148,25.6628624638853,118
"{_PATRUNJEL RADACINA KG,_VARZA ALBA} => {_TELINA}",0.000350613424928615,0.543778801843318,0.0006447721458433,25.9662864779759,118
"{_TELINA,_VARZA ALBA} => {_MORCOVI}",0.000392211627886247,0.656716417910448,0.000597231342463148,15.6585108464056,132
"{_MORCOVI,_VARZA ALBA} => {_TELINA}",0.000392211627886247,0.322738386308068,0.00121526178640511,15.4112616525453,132
"{_PATRUNJEL RADACINA KG,_VARZA ALBA} => {_MORCOVI}",0.000502149735702846,0.778801843317972,0.0006447721458433,18.5694719641653,169
"{_MORCOVI,_VARZA ALBA} => {_PATRUNJEL RADACINA KG}",0.000502149735702846,0.41320293398533,0.00121526178640511,18.0626947709527,169
"{_VARZA ALBA,CARNE TOCATA PORC VRAC} => {_MORCOVI}",0.000127765909084156,0.144295302013423,0.000885447462955315,3.44052545366798,43
"{_MORCOVI,_VARZA ALBA} => {CARNE TOCATA PORC VRAC}",0.000127765909084156,0.105134474327628,0.00121526178640511,3.51967798054176,43
"{_VARZA ALBA,CARNE TOCATA PORC VRAC} => {_BANANE}",0.000101024207182821,0.114093959731544,0.000885447462955315,1.24275566151629,34
"{_BANANE,_VARZA ALBA} => {CARNE TOCATA PORC VRAC}",0.000101024207182821,0.112211221122112,0.000900303964011612,3.75659237066649,34
"{_MORCOVI,_VARZA ALBA} => {_BANANE}",0.000163421511619269,0.134474327628362,0.00121526178640511,1.4647465333131,55
"{_BANANE,_VARZA ALBA} => {_MORCOVI}",0.000163421511619269,0.181518151815182,0.000900303964011612,4.3280537405494,55
"{APA MINERALA NATURALA DECARBOGAZIFICATA PARTIAL PERLA HARGHITEI 2L,SZEKELYHON} => {_BANANE}",0.000121823308661637,0.134868421052632,0.000903275264222871,1.46903915174206,41
"{APA MINERALA NATURALA CARBOGAZOASA PERLA HARGHITEI  2L,APA MINERALA NATURALA DECARBOGAZIFICATA PARTIAL PERLA HARGHITEI 2L} => {PAINE CU CARTOFI FELII BACHUS 1.2 KG}",0.000154507610985491,0.235294117647059,0.000656657346688337,3.15368144868461,52
"{APA MINERALA NATURALA DECARBOGAZIFICATA PARTIAL PERLA HARGHITEI 2L,PAINE CU CARTOFI FELII BACHUS 1.2 KG} => {APA MINERALA NATURALA CARBOGAZOASA PERLA HARGHITEI  2L}",0.000154507610985491,0.178082191780822,0.000867619661687758,8.90815931783754,52
"{_CASTRAVETI FABIO,_ROSII CHERRY VRAC} => {_ARDEI ROSU CAPIA}",0.000154507610985491,0.210526315789474,0.000733911152181083,11.3003609502224,52
"{_ARDEI ROSU CAPIA,_ROSII CHERRY VRAC} => {_CASTRAVETI FABIO}",0.000154507610985491,0.147727272727273,0.00104589767436332,18.9981111265502,52
"{_ARDEI ROSU CAPIA,_CASTRAVETI FABIO} => {_ROSII CHERRY VRAC}",0.000154507610985491,0.123222748815166,0.00125388868915149,15.9381190553384,52
"{_CASTRAVETI FABIO,_ROSII CHERRY VRAC} => {_BANANE}",0.000169364112041788,0.230769230769231,0.000733911152181083,2.51362796695828,57
"{_BANANE,_ROSII CHERRY VRAC} => {_CASTRAVETI FABIO}",0.000169364112041788,0.113320079522863,0.0014945640062635,14.5732566769805,57
"{_BANANE,_CASTRAVETI FABIO} => {_ROSII CHERRY VRAC}",0.000169364112041788,0.115618661257606,0.00146485100415091,14.9545762114647,57
"{_ARDEI ROSU CALIFORNIA,_ROSII CHERRY VRAC} => {_BANANE}",0.000112909408027859,0.204301075268817,0.000552661839294257,2.22532655139317,38
"{_ARDEI ALB BIANCA,_ROSII CHERRY VRAC} => {_ARDEI ROSU CAPIA}",0.000103995507394081,0.221518987341772,0.000469465433378992,11.8904114428765,35
"{_CASTRAVETI CORNISON,_ROSII CHERRY VRAC} => {_BANANE}",0.000124794608872897,0.194444444444444,0.00064180084563204,2.11796430549262,42
"{_CLEMENTINA^2 A nu se consuma coaja,_ROSII CHERRY VRAC} => {_BANANE}",0.000139651109929194,0.382113821138211,0.000365469925984912,4.16213194528864,47
"{_MERE ROSII,_ROSII CHERRY VRAC} => {_BANANE}",0.00010696680760534,0.349514563106796,0.000306043921759723,3.80704818296594,36
"{_ARDEI ROSU CAPIA,_ROSII CHERRY VRAC} => {_BANANE}",0.000231761416478237,0.221590909090909,0.00104589767436332,2.41365412736335,78
"{_BANANE,_ROSII CHERRY VRAC} => {_ARDEI ROSU CAPIA}",0.000231761416478237,0.15506958250497,0.0014945640062635,8.3236257098557,78
"{_ROSII CHERRY VRAC,_TELINA} => {_PATRUNJEL RADACINA KG}",0.000193134513731864,0.643564356435644,0.000300101321337204,28.13268149779,65
"{_PATRUNJEL RADACINA KG,_ROSII CHERRY VRAC} => {_TELINA}",0.000193134513731864,0.515873015873016,0.00037438382661869,24.6337416445958,65
"{_ROSII CHERRY VRAC,_TELINA} => {_MORCOVI}",0.000190163213520604,0.633663366336634,0.000300101321337204,15.108842148827,64
"{_MORCOVI,_ROSII CHERRY VRAC} => {_TELINA}",0.000190163213520604,0.313725490196078,0.000606145243096927,14.9808817965325,64
"{_LAMAIE^2 A nu se consuma coaja,_ROSII CHERRY VRAC} => {_BANANE}",0.000112909408027859,0.25,0.000451637632111436,2.7230969642048,38
"{_PATRUNJEL RADACINA KG,_ROSII CHERRY VRAC} => {_MORCOVI}",0.000294158720914685,0.785714285714286,0.00037438382661869,18.7342897626638,99
"{_MORCOVI,_ROSII CHERRY VRAC} => {_PATRUNJEL RADACINA KG}",0.000294158720914685,0.485294117647059,0.000606145243096927,21.2140786045552,99
"{_ROSII CHERRY VRAC,PAINE DE CASA PE FOI DE VARZA RIP-ROP 1KG} => {_BANANE}",0.000103995507394081,0.169902912621359,0.000612087843519446,1.85064842227511,35
"{_MORCOVI,_ROSII CHERRY VRAC} => {_BANANE}",0.000139651109929194,0.230392156862745,0.000606145243096927,2.50952073171815,47
"{_ROSII CHERRY VRAC,PAINE CU CARTOFI FELII BACHUS 1.2 KG} => {_BANANE}",0.000133708509506675,0.226130653266332,0.00059128874204063,2.46310278169279,45
"{_TELINA,DROJDIE PROASPATA BUDAFOK 50G} => {_PATRUNJEL RADACINA KG}",0.000190163213520604,0.516129032258065,0.000368441226196171,22.5619917123715,64
"{_PATRUNJEL RADACINA KG,DROJDIE PROASPATA BUDAFOK 50G} => {_TELINA}",0.000190163213520604,0.415584415584416,0.000457580232533955,19.8448044577443,64
"{_TELINA,DROJDIE PROASPATA BUDAFOK 50G} => {_MORCOVI}",0.000228790116266977,0.620967741935484,0.000368441226196171,14.8061322317827,77
"{_MORCOVI,DROJDIE PROASPATA BUDAFOK 50G} => {_TELINA}",0.000228790116266977,0.333333333333333,0.000686370348800932,15.9171869088157,77
"{_PATRUNJEL RADACINA KG,DROJDIE PROASPATA BUDAFOK 50G} => {_MORCOVI}",0.000335756923872317,0.733766233766234,0.000457580232533955,17.4956590345538,113
"{_MORCOVI,DROJDIE PROASPATA BUDAFOK 50G} => {_PATRUNJEL RADACINA KG}",0.000335756923872317,0.489177489177489,0.000686370348800932,21.3838357598586,113
"{_MORCOVI,DROJDIE PROASPATA BUDAFOK 50G} => {_BANANE}",0.000118852008450378,0.173160173160173,0.000686370348800932,1.88612776741458,40
"{_BANANE,DROJDIE PROASPATA BUDAFOK 50G} => {_MORCOVI}",0.000118852008450378,0.145454545454545,0.000817107558096347,3.46816603870802,40
"{_CASTRAVETI FABIO,_PORTOCALE^2 A nu se consuma coaja} => {_BANANE}",0.000121823308661637,0.493975903614458,0.000246617917534534,5.38057713409142,41
"{_MANDARINE^2 A nu se consuma coaja,_PORTOCALE^2 A nu se consuma coaja} => {_BANANE}",0.000145593710351713,0.411764705882353,0.000353584725139874,4.48510088221968,49
"{_GULII,_PORTOCALE^2 A nu se consuma coaja} => {_MORCOVI}",0.000101024207182821,0.566666666666667,0.000178278012675567,13.5113968591333,34
"{_MORCOVI,_PORTOCALE^2 A nu se consuma coaja} => {_GULII}",0.000101024207182821,0.173469387755102,0.000582374841406851,18.8876230531035,34
"{_MERE GOLDEN,_PORTOCALE^2 A nu se consuma coaja} => {_BANANE}",0.000202048414365642,0.425,0.000475408033801511,4.62926483914816,68
"{_CLEMENTINA^2 A nu se consuma coaja,_PORTOCALE^2 A nu se consuma coaja} => {_BANANE}",0.000193134513731864,0.42483660130719,0.000454608932322695,4.62748503721078,65
"{_MERE ROSII,_PORTOCALE^2 A nu se consuma coaja} => {_LAMAIE^2 A nu se consuma coaja}",0.000112909408027859,0.214689265536723,0.000525920137392922,8.03987052233012,38
"{_MERE ROSII,_PORTOCALE^2 A nu se consuma coaja} => {_BANANE}",0.000249589217745793,0.474576271186441,0.000525920137392922,5.16926881340573,84
"{_PORTOCALE^2 A nu se consuma coaja,LAPTE DE CONSUM 3.5% GRASIME FRISS CUTIE 1L} => {_BANANE}",0.000127765909084156,0.425742574257426,0.000300101321337204,4.63735324597254,43
"{_ARDEI ROSU CAPIA,_PORTOCALE^2 A nu se consuma coaja} => {_BANANE}",0.00016045021140801,0.372413793103448,0.000430838530632619,4.05647547771198,54
"{_PORTOCALE^2 A nu se consuma coaja,FRANZELA RIP-ROP 1KG} => {_BANANE}",0.000103995507394081,0.5,0.000207991014788161,5.44619392840961,35
"{_PORTOCALE^2 A nu se consuma coaja,SMANTANA 20% GRASIME FRISS 300G} => {_BANANE}",0.000130737209295416,0.369747899159664,0.000353584725139874,4.02743752689114,44
"{_PORTOCALE^2 A nu se consuma coaja,_TELINA} => {_PATRUNJEL RADACINA KG}",0.000202048414365642,0.548387096774194,0.000368441226196171,23.9721161943947,68
"{_PATRUNJEL RADACINA KG,_PORTOCALE^2 A nu se consuma coaja} => {_TELINA}",0.000202048414365642,0.571428571428571,0.000353584725139874,27.2866061293984,68
"{_PORTOCALE^2 A nu se consuma coaja,_TELINA} => {_MORCOVI}",0.000207991014788161,0.564516129032258,0.000368441226196171,13.4601202107116,70
"{_MORCOVI,_PORTOCALE^2 A nu se consuma coaja} => {_TELINA}",0.000207991014788161,0.357142857142857,0.000582374841406851,17.054128830874,70
"{_PORTOCALE^2 A nu se consuma coaja,_TELINA} => {_BANANE}",0.000103995507394081,0.282258064516129,0.000368441226196171,3.07446431442478,35
"{_MORCOVI,_PORTOCALE^2 A nu se consuma coaja} => {_LAMAIE^2 A nu se consuma coaja}",0.000101024207182821,0.173469387755102,0.000582374841406851,6.49623265351539,34
"{_LAMAIE^2 A nu se consuma coaja,_PORTOCALE^2 A nu se consuma coaja} => {_BANANE}",0.000433809830843879,0.377260981912145,0.00114989318175741,4.10927293823154,146
"{_BANANE,_PORTOCALE^2 A nu se consuma coaja} => {_LAMAIE^2 A nu se consuma coaja}",0.000433809830843879,0.150360453141092,0.00288513250513292,5.63082915166283,146
"{_PATRUNJEL RADACINA KG,_PORTOCALE^2 A nu se consuma coaja} => {_MORCOVI}",0.000276330919647128,0.781512605042017,0.000353584725139874,18.6341063949491,93
"{_MORCOVI,_PORTOCALE^2 A nu se consuma coaja} => {_PATRUNJEL RADACINA KG}",0.000276330919647128,0.474489795918367,0.000582374841406851,20.7417800085354,93
"{_PATRUNJEL RADACINA KG,_PORTOCALE^2 A nu se consuma coaja} => {_BANANE}",0.000109938107816599,0.310924369747899,0.000353584725139874,3.38670882943118,37
"{_PORTOCALE^2 A nu se consuma coaja,LAPTE DE CONSUM 1.5% GRASIME FRISS CUTIE 1L} => {_BANANE}",0.000136679809717934,0.373983739837398,0.000365469925984912,4.07357594645271,46
"{_PORTOCALE^2 A nu se consuma coaja,CARNE TOCATA PORC VRAC} => {_BANANE}",0.000118852008450378,0.43010752688172,0.000276330919647128,4.68489800293299,40
"{_PORTOCALE^2 A nu se consuma coaja,APA MINERALA NATURALA CARBOGAZIFICATA CONTINUT REDUS CO2 TUSNAD 2L} => {_BANANE}",0.000196105813943123,0.390532544378698,0.000502149735702846,4.25383194408324,66
"{_PORTOCALE^2 A nu se consuma coaja,PAINE DE CASA PE FOI DE VARZA RIP-ROP 1KG} => {_BANANE}",0.000190163213520604,0.367816091954023,0.000517006236759144,4.0063955335427,64
"{_MORCOVI,_PORTOCALE^2 A nu se consuma coaja} => {_BANANE}",0.000187191913309345,0.321428571428571,0.000582374841406851,3.50112466826332,63
"{_PORTOCALE^2 A nu se consuma coaja,PAINE CU CARTOFI FELII BACHUS 1.2 KG} => {_BANANE}",0.000207991014788161,0.353535353535354,0.00058831744182937,3.85084419180477,70
"{_TELINA,FAINA BL-55 GYERMELYI 1KG} => {_PATRUNJEL RADACINA KG}",0.000207991014788161,0.573770491803279,0.000362498625773652,25.0817223441835,70
"{_PATRUNJEL RADACINA KG,FAINA BL-55 GYERMELYI 1KG} => {_TELINA}",0.000207991014788161,0.542635658914729,0.000383297727252468,25.9116996190024,70
"{_TELINA,FAINA BL-55 GYERMELYI 1KG} => {_MORCOVI}",0.000219876215633199,0.60655737704918,0.000362498625773652,14.4625366573172,74
"{_MORCOVI,FAINA BL-55 GYERMELYI 1KG} => {_TELINA}",0.000219876215633199,0.355769230769231,0.000618030443941965,16.9885360276783,74
"{_PATRUNJEL RADACINA KG,FAINA BL-55 GYERMELYI 1KG} => {_MORCOVI}",0.000311986522182242,0.813953488372093,0.000383297727252468,19.4076151875376,105
"{_MORCOVI,FAINA BL-55 GYERMELYI 1KG} => {_PATRUNJEL RADACINA KG}",0.000311986522182242,0.504807692307692,0.000618030443941965,22.0670922547384,105
"{_MORCOVI,FAINA BL-55 GYERMELYI 1KG} => {_BANANE}",0.000101024207182821,0.163461538461538,0.000618030443941965,1.78048647659545,34
"{_TELINA,OTET BISTRITA 1L} => {_PATRUNJEL RADACINA KG}",0.000148565010562972,0.526315789473684,0.000282273520069647,23.0072941803789,50
"{_PATRUNJEL RADACINA KG,OTET BISTRITA 1L} => {_TELINA}",0.000148565010562972,0.431034482758621,0.000344670824506096,20.582569278641,50
"{_TELINA,OTET BISTRITA 1L} => {_MORCOVI}",0.00016045021140801,0.568421052631579,0.000282273520069647,13.5532278091616,54
"{_MORCOVI,OTET BISTRITA 1L} => {_TELINA}",0.00016045021140801,0.230769230769231,0.00069528424943471,11.0195909368724,54
"{_PATRUNJEL RADACINA KG,OTET BISTRITA 1L} => {_MORCOVI}",0.000258503118379572,0.75,0.000344670824506096,17.8827311370882,87
"{_MORCOVI,OTET BISTRITA 1L} => {_PATRUNJEL RADACINA KG}",0.000258503118379572,0.371794871794872,0.00069528424943471,16.2525885812676,87
"{_GULII,OUA PROASPETE M DIN GHEORGHENI 1*10} => {_TELINA}",0.000109938107816599,0.536231884057971,0.000205019714576902,25.6059093750514,37
"{_TELINA,OUA PROASPETE M DIN GHEORGHENI 1*10} => {_GULII}",0.000109938107816599,0.349056603773585,0.000314957822393501,38.005838618509,37
"{_GULII,OUA PROASPETE M DIN GHEORGHENI 1*10} => {_PATRUNJEL RADACINA KG}",0.000124794608872897,0.608695652173913,0.000205019714576902,26.6084358781773,42
"{_PATRUNJEL RADACINA KG,OUA PROASPETE M DIN GHEORGHENI 1*10} => {_GULII}",0.000124794608872897,0.341463414634146,0.000365469925984912,37.1790800987919,42
"{_GULII,OUA PROASPETE M DIN GHEORGHENI 1*10} => {_MORCOVI}",0.000124794608872897,0.608695652173913,0.000205019714576902,14.5135209228542,42
"{_MORCOVI,OUA PROASPETE M DIN GHEORGHENI 1*10} => {_GULII}",0.000124794608872897,0.180257510729614,0.000692312949223451,19.6267246873451,42
"{LAPTE DE CONSUM 3.5% GRASIME FRISS CUTIE 1L,OUA PROASPETE M DIN GHEORGHENI 1*10} => {_BANANE}",0.00010696680760534,0.214285714285714,0.000499178435491587,2.33408311217555,36
"{_TELINA,OUA PROASPETE M DIN GHEORGHENI 1*10} => {_PATRUNJEL RADACINA KG}",0.00021393361521068,0.679245283018868,0.000314957822393501,29.6924324893946,72
"{_PATRUNJEL RADACINA KG,OUA PROASPETE M DIN GHEORGHENI 1*10} => {_TELINA}",0.00021393361521068,0.585365853658537,0.000365469925984912,27.9521331081642,72
"{_TELINA,OUA PROASPETE M DIN GHEORGHENI 1*10} => {_MORCOVI}",0.000240675317112015,0.764150943396226,0.000314957822393501,18.2201411585427,81
"{_MORCOVI,OUA PROASPETE M DIN GHEORGHENI 1*10} => {_TELINA}",0.000240675317112015,0.347639484978541,0.000692312949223451,16.6003279778636,81
"{_PATRUNJEL RADACINA KG,OUA PROASPETE M DIN GHEORGHENI 1*10} => {_MORCOVI}",0.000314957822393501,0.861788617886179,0.000365469925984912,20.5481788675485,106
"{_MORCOVI,OUA PROASPETE M DIN GHEORGHENI 1*10} => {_PATRUNJEL RADACINA KG}",0.000314957822393501,0.454935622317597,0.000692312949223451,19.8869916220099,106
"{LAPTE DE CONSUM 1.5% GRASIME FRISS CUTIE 1L,OUA PROASPETE M DIN GHEORGHENI 1*10} => {PAINE CU CARTOFI FELII BACHUS 1.2 KG}",0.000101024207182821,0.151785714285714,0.000665571247322116,2.03440611310235,34
"{OUA PROASPETE M DIN GHEORGHENI 1*10,PAINE DE CASA PE FOI DE VARZA RIP-ROP 1KG} => {_BANANE}",0.000112909408027859,0.211111111111111,0.0005348340380267,2.29950410310628,38
"{_BANANE,OUA PROASPETE M DIN GHEORGHENI 1*10} => {PAINE DE CASA PE FOI DE VARZA RIP-ROP 1KG}",0.000112909408027859,0.1,0.00112909408027859,1.71404634581105,38
"{_MORCOVI,OUA PROASPETE M DIN GHEORGHENI 1*10} => {PAINE CU CARTOFI FELII BACHUS 1.2 KG}",0.000115880708239118,0.167381974248927,0.000692312949223451,2.24344506489045,39
"{OUA PROASPETE M DIN GHEORGHENI 1*10,PAINE CU CARTOFI FELII BACHUS 1.2 KG} => {_MORCOVI}",0.000115880708239118,0.108635097493036,0.00106669677584214,2.59025632069244,39
"{_MORCOVI,OUA PROASPETE M DIN GHEORGHENI 1*10} => {_BANANE}",0.000112909408027859,0.163090128755365,0.000692312949223451,1.77644093802202,38
"{_BANANE,OUA PROASPETE M DIN GHEORGHENI 1*10} => {_MORCOVI}",0.000112909408027859,0.1,0.00112909408027859,2.38436415161176,38
"{OUA PROASPETE M DIN GHEORGHENI 1*10,PAINE CU CARTOFI FELII BACHUS 1.2 KG} => {_BANANE}",0.000154507610985491,0.144846796657382,0.00106669677584214,1.57772748901003,52
"{_BANANE,OUA PROASPETE M DIN GHEORGHENI 1*10} => {PAINE CU CARTOFI FELII BACHUS 1.2 KG}",0.000154507610985491,0.136842105263158,0.00112909408027859,1.83411473726131,52
"{_GULII,PULPE PORC FARA OS} => {_MORCOVI}",0.000112909408027859,0.481012658227848,0.000234732716689496,11.4690933874996,38
"{_MORCOVI,PULPE PORC FARA OS} => {_GULII}",0.000112909408027859,0.101333333333333,0.00111423757922229,11.0333346274129,38
"{_USTUROI,PULPE PORC FARA OS} => {_CEAPA GALBENA}",0.000103995507394081,0.289256198347107,0.000359527325562393,15.7320687334056,35
"{_CEAPA GALBENA,PULPE PORC FARA OS} => {_USTUROI}",0.000103995507394081,0.159090909090909,0.000653686046477078,13.7676839103298,35
"{_USTUROI,PULPE PORC FARA OS} => {_MORCOVI}",0.000103995507394081,0.289256198347107,0.000359527325562393,6.89692109970344,35
"{COTLET PORC FARA OS,PULPE PORC FARA OS} => {CARNE TOCATA PORC VRAC}",0.000163421511619269,0.23109243697479,0.000707169450279748,7.73648193983651,55
"{CARNE TOCATA PORC VRAC,PULPE PORC FARA OS} => {COTLET PORC FARA OS}",0.000163421511619269,0.128205128205128,0.0012746877906303,8.98538536293638,55
"{_CARTOFI ALBI,PULPE PORC FARA OS} => {_MORCOVI}",0.000139651109929194,0.335714285714286,0.000415982029576322,8.00465108041091,47
"{_MORCOVI,PULPE PORC FARA OS} => {_CARTOFI ALBI}",0.000139651109929194,0.125333333333333,0.00111423757922229,7.35763288563288,47
"{PIEPT DE PUI FARA OS REFR.VRAC SZEKELY CSURKE,PULPE PORC FARA OS} => {CARNE TOCATA PORC VRAC}",0.000101024207182821,0.184782608695652,0.000546719238871738,6.18612765386928,34
"{_CEAPA GALBENA,PULPE PORC FARA OS} => {_PATRUNJEL RADACINA KG}",0.000112909408027859,0.172727272727273,0.000653686046477078,7.5505756355607,38
"{_PATRUNJEL RADACINA KG,PULPE PORC FARA OS} => {_CEAPA GALBENA}",0.000112909408027859,0.185365853658537,0.000609116543308186,10.0816797262995,38
"{_CEAPA GALBENA,PULPE PORC FARA OS} => {_MORCOVI}",0.00021393361521068,0.327272727272727,0.000653686046477078,7.80337358709303,72
"{_MORCOVI,PULPE PORC FARA OS} => {_CEAPA GALBENA}",0.00021393361521068,0.192,0.00111423757922229,10.4424977375566,72
"{_TELINA,PULPE PORC FARA OS} => {_PATRUNJEL RADACINA KG}",0.000332785623661058,0.602150537634409,0.000552661839294257,26.3223236644334,112
"{_PATRUNJEL RADACINA KG,PULPE PORC FARA OS} => {_TELINA}",0.000332785623661058,0.546341463414634,0.000609116543308186,26.0886575676199,112
"{_TELINA,PULPE PORC FARA OS} => {CARNE TOCATA PORC VRAC}",0.000101024207182821,0.182795698924731,0.000552661839294257,6.11961015221477,34
"{_TELINA,PULPE PORC FARA OS} => {_MORCOVI}",0.000386269027463728,0.698924731182796,0.000552661839294257,16.6649107370714,130
"{_MORCOVI,PULPE PORC FARA OS} => {_TELINA}",0.000386269027463728,0.346666666666667,0.00111423757922229,16.5538743851684,130
"{_PATRUNJEL RADACINA KG,PULPE PORC FARA OS} => {_MORCOVI}",0.000499178435491587,0.819512195121951,0.000609116543308186,19.5401549985744,168
"{_MORCOVI,PULPE PORC FARA OS} => {_PATRUNJEL RADACINA KG}",0.000499178435491587,0.448,0.00111423757922229,19.5838088063385,168
"{CARNE TOCATA PORC VRAC,PULPE PORC FARA OS} => {_MORCOVI}",0.000154507610985491,0.121212121212121,0.0012746877906303,2.89013836559001,52
"{_MORCOVI,PULPE PORC FARA OS} => {CARNE TOCATA PORC VRAC}",0.000154507610985491,0.138666666666667,0.00111423757922229,4.64226426605657,52
"{PAINE CU CARTOFI FELII BACHUS 1.2 KG,PULPE PORC FARA OS} => {CARNE TOCATA PORC VRAC}",0.000109938107816599,0.160869565217391,0.000683399048589672,5.38556995748619,37
"{CARNE TOCATA PORC VRAC,PULPE PORC FARA OS} => {_BANANE}",0.000148565010562972,0.116550116550117,0.0012746877906303,1.26950907422135,50
"{_BANANE,PULPE PORC FARA OS} => {CARNE TOCATA PORC VRAC}",0.000148565010562972,0.161812297734628,0.000918131765279169,5.41713063160074,50
"{PAINE DE CASA PE FOI DE VARZA RIP-ROP 1KG,PULPE PORC FARA OS} => {_MORCOVI}",0.000103995507394081,0.170731707317073,0.000609116543308186,4.07086562470301,35
"{_MORCOVI,PULPE PORC FARA OS} => {PAINE CU CARTOFI FELII BACHUS 1.2 KG}",0.000115880708239118,0.104,0.00111423757922229,1.3939272003186,39
"{PAINE CU CARTOFI FELII BACHUS 1.2 KG,PULPE PORC FARA OS} => {_MORCOVI}",0.000115880708239118,0.169565217391304,0.000683399048589672,4.04305225708081,39
"{_MORCOVI,PULPE PORC FARA OS} => {_BANANE}",0.000118852008450378,0.106666666666667,0.00111423757922229,1.16185470472738,40
"{_BANANE,PULPE PORC FARA OS} => {_MORCOVI}",0.000118852008450378,0.129449838187702,0.000918131765279169,3.086555536067,40
"{_TELINA,BERE GOLDEN BRAU DOZA 500ML} => {_PATRUNJEL RADACINA KG}",0.000178278012675567,0.674157303370786,0.000264445718802091,29.4700172647549,60
"{_PATRUNJEL RADACINA KG,BERE GOLDEN BRAU DOZA 500ML} => {_TELINA}",0.000178278012675567,0.535714285714286,0.000332785623661058,25.581193246311,60
"{_TELINA,BERE GOLDEN BRAU DOZA 500ML} => {_MORCOVI}",0.000190163213520604,0.719101123595506,0.000264445718802091,17.1459894048486,64
"{_MORCOVI,BERE GOLDEN BRAU DOZA 500ML} => {_TELINA}",0.000190163213520604,0.3248730964467,0.000585346141618111,15.5131973933636,64
"{_PATRUNJEL RADACINA KG,BERE GOLDEN BRAU DOZA 500ML} => {_MORCOVI}",0.000261474418590831,0.785714285714286,0.000332785623661058,18.7342897626638,88
"{_MORCOVI,BERE GOLDEN BRAU DOZA 500ML} => {_PATRUNJEL RADACINA KG}",0.000261474418590831,0.446700507614213,0.000585346141618111,19.5270029794891,88
"{_BANANE,BERE GOLDEN BRAU DOZA 500ML} => {PAINE CU CARTOFI FELII BACHUS 1.2 KG}",0.000115880708239118,0.123028391167192,0.000941902166969244,1.64896750826333,39
"{FRANZELA RIP-ROP 1KG,PARIZER CRISTUR} => {_BANANE}",0.000101024207182821,0.219354838709677,0.000460551532745214,2.38929798149583,34
"{_TELINA,PARIZER CRISTUR} => {_PATRUNJEL RADACINA KG}",0.000112909408027859,0.542857142857143,0.000207991014788161,23.7303805689051,38
"{_PATRUNJEL RADACINA KG,PARIZER CRISTUR} => {_TELINA}",0.000112909408027859,0.506666666666667,0.000222847515844458,24.1941241013999,38
"{_TELINA,PARIZER CRISTUR} => {_MORCOVI}",0.000139651109929194,0.671428571428571,0.000207991014788161,16.0093021608218,47
"{_MORCOVI,PARIZER CRISTUR} => {_TELINA}",0.000139651109929194,0.315436241610738,0.000442723731477657,15.0625728465974,47
"{_PATRUNJEL RADACINA KG,PARIZER CRISTUR} => {_MORCOVI}",0.000187191913309345,0.84,0.000222847515844458,20.0286588735388,63
"{_MORCOVI,PARIZER CRISTUR} => {_PATRUNJEL RADACINA KG}",0.000187191913309345,0.422818791946309,0.000442723731477657,18.4830410294721,63
"{LAPTE DE CONSUM 1.5% GRASIME FRISS CUTIE 1L,PARIZER CRISTUR} => {_BANANE}",0.000109938107816599,0.183168316831683,0.000600202642674408,1.99514035001144,37
"{PAINE CU CARTOFI FELII BACHUS 1.2 KG,PARIZER CRISTUR} => {_BANANE}",0.000142622410140453,0.129032258064516,0.00110532367858851,1.4054694008799,48
"{_BANANE,PARIZER CRISTUR} => {PAINE CU CARTOFI FELII BACHUS 1.2 KG}",0.000142622410140453,0.115384615384615,0.00123606088788393,1.5465168642588,48
"{_ARDEI GRAS ROMANIA,_ROSII DE GRADINA ROMANIA} => {_CASTRAVETI CORNISON}",0.000115880708239118,0.171806167400881,0.000674485147955894,14.6644385131293,39
"{_ARDEI GRAS ROMANIA,_CASTRAVETI CORNISON} => {_ROSII DE GRADINA ROMANIA}",0.000115880708239118,0.170305676855895,0.000680427748378413,18.0696363376047,39
"{_ROSII DE GRADINA ROMANIA,PAINE DE CASA PE FOI DE VARZA RIP-ROP 1KG} => {_CASTRAVETI CORNISON}",0.000112909408027859,0.136200716845878,0.000828992758941385,11.6253512190289,38
"{_CASTRAVETI CORNISON,PAINE DE CASA PE FOI DE VARZA RIP-ROP 1KG} => {_ROSII DE GRADINA ROMANIA}",0.000112909408027859,0.13768115942029,0.000820078858307607,14.608135954091,38
"{_MORCOVI,_ROSII DE GRADINA ROMANIA} => {_CASTRAVETI CORNISON}",0.000130737209295416,0.16793893129771,0.000778480655349974,14.334352306629,44
"{_CASTRAVETI CORNISON,_MORCOVI} => {_ROSII DE GRADINA ROMANIA}",0.000130737209295416,0.125356125356125,0.00104292637415207,13.30043507471,44
"{_ROSII DE GRADINA ROMANIA,PAINE CU CARTOFI FELII BACHUS 1.2 KG} => {_CASTRAVETI CORNISON}",0.000124794608872897,0.166666666666667,0.00074876765323738,14.2257587285485,42
"{_CASTRAVETI CORNISON,PAINE CU CARTOFI FELII BACHUS 1.2 KG} => {_ROSII DE GRADINA ROMANIA}",0.000124794608872897,0.11731843575419,0.00106372547563088,12.4476265789344,42
"{_CASTRAVETI CORNISON,_ROSII DE GRADINA ROMANIA} => {_BANANE}",0.000258503118379572,0.191208791208791,0.00135194159612305,2.08272031547972,87
"{_BANANE,_ROSII DE GRADINA ROMANIA} => {_CASTRAVETI CORNISON}",0.000258503118379572,0.169590643274854,0.0015242770083761,14.4753334430844,87
"{_BANANE,_CASTRAVETI CORNISON} => {_ROSII DE GRADINA ROMANIA}",0.000258503118379572,0.124820659971306,0.00207099624724783,13.2436215559025,87
"{_MERE GOLDEN,_ROSII DE GRADINA ROMANIA} => {_BANANE}",0.000101024207182821,0.306306306306306,0.000329814323449798,3.33640709127796,34
"{_CEAPA GALBENA,_ROSII DE GRADINA ROMANIA} => {_MORCOVI}",0.000124794608872897,0.247058823529412,0.000505121035914106,5.89078202162906,42
"{_MORCOVI,_ROSII DE GRADINA ROMANIA} => {_CEAPA GALBENA}",0.000124794608872897,0.16030534351145,0.000778480655349975,8.71868847362785,42
"{_CEAPA GALBENA,_ROSII DE GRADINA ROMANIA} => {_BANANE}",0.000130737209295416,0.258823529411765,0.000505121035914106,2.8192062688238,44
"{_ROSII DE GRADINA ROMANIA,_TELINA} => {_PATRUNJEL RADACINA KG}",0.000175306712464307,0.526785714285714,0.000332785623661058,23.0278364073256,59
"{_PATRUNJEL RADACINA KG,_ROSII DE GRADINA ROMANIA} => {_TELINA}",0.000175306712464307,0.440298507462687,0.000398154228308766,21.0249409168686,59
"{_ROSII DE GRADINA ROMANIA,_TELINA} => {_MORCOVI}",0.000246617917534534,0.741071428571429,0.000332785623661058,17.6698414806943,83
"{_MORCOVI,_ROSII DE GRADINA ROMANIA} => {_TELINA}",0.000246617917534534,0.316793893129771,0.000778480655349975,15.1274028255539,83
"{_PATRUNJEL RADACINA KG,_ROSII DE GRADINA ROMANIA} => {_MORCOVI}",0.000326843023238539,0.82089552238806,0.000398154228308766,19.573138558007,110
"{_MORCOVI,_ROSII DE GRADINA ROMANIA} => {_PATRUNJEL RADACINA KG}",0.000326843023238539,0.419847328244275,0.000778480655349975,18.353146884348,110
"{_ROSII DE GRADINA ROMANIA,PAINE DE CASA PE FOI DE VARZA RIP-ROP 1KG} => {_BANANE}",0.000145593710351713,0.175627240143369,0.000828992758941385,1.91300001786431,49
"{_MORCOVI,_ROSII DE GRADINA ROMANIA} => {_BANANE}",0.00010696680760534,0.137404580152672,0.000778480655349974,1.4966639803263,36
"{_ROSII DE GRADINA ROMANIA,PAINE CU CARTOFI FELII BACHUS 1.2 KG} => {_BANANE}",0.000109938107816599,0.146825396825397,0.00074876765323738,1.59927916945361,37
"{FRANZELA ALBA BACHUS 1KG,PALL MALL S-LINE FLOW BLUE/PURPLE} => {APA MINERALA NATURALA CARBOGAZIFICATA CONTINUT REDUS CO2 TUSNAD 2L}",0.00016045021140801,0.310344827586207,0.000517006236759143,5.79651938279709,54
"{APA MINERALA NATURALA CARBOGAZIFICATA CONTINUT REDUS CO2 TUSNAD 2L,PALL MALL S-LINE FLOW BLUE/PURPLE} => {FRANZELA ALBA BACHUS 1KG}",0.00016045021140801,0.130750605326877,0.00122714698725015,5.45826202860038,54
"{FRANZELA RIP-ROP 1KG,PALL MALL S-LINE FLOW BLUE/PURPLE} => {APA MINERALA NATURALA CARBOGAZIFICATA CONTINUT REDUS CO2 TUSNAD 2L}",0.000148565010562972,0.239234449760766,0.000621001744153224,4.46834295856235,50
"{APA MINERALA NATURALA CARBOGAZIFICATA CONTINUT REDUS CO2 TUSNAD 2L,PALL MALL S-LINE FLOW BLUE/PURPLE} => {FRANZELA RIP-ROP 1KG}",0.000148565010562972,0.121065375302663,0.00122714698725015,4.40009883955046,50
"{_TELINA,PALL MALL S-LINE FLOW BLUE/PURPLE} => {_PATRUNJEL RADACINA KG}",0.00026741701901335,0.642857142857143,0.000415982029576322,28.101766463177,90
"{_PATRUNJEL RADACINA KG,PALL MALL S-LINE FLOW BLUE/PURPLE} => {_TELINA}",0.00026741701901335,0.708661417322835,0.00037735512682995,33.8396887037815,90
"{_TELINA,PALL MALL S-LINE FLOW BLUE/PURPLE} => {_MORCOVI}",0.000291187420703426,0.7,0.000415982029576322,16.6905490612823,98
"{_MORCOVI,PALL MALL S-LINE FLOW BLUE/PURPLE} => {_TELINA}",0.000291187420703426,0.441441441441441,0.000659628646899597,21.0795177981614,98
"{_PATRUNJEL RADACINA KG,PALL MALL S-LINE FLOW BLUE/PURPLE} => {_MORCOVI}",0.000326843023238539,0.866141732283465,0.00037735512682995,20.651972966716,110
"{_MORCOVI,PALL MALL S-LINE FLOW BLUE/PURPLE} => {_PATRUNJEL RADACINA KG}",0.000326843023238539,0.495495495495495,0.000659628646899597,21.6600201968432,110
"{_MORCOVI,PALL MALL S-LINE FLOW BLUE/PURPLE} => {APA MINERALA NATURALA CARBOGAZIFICATA CONTINUT REDUS CO2 TUSNAD 2L}",0.000109938107816599,0.166666666666667,0.000659628646899597,3.1129455944651,37
"{_BANANE,PALL MALL S-LINE FLOW BLUE/PURPLE} => {APA MINERALA NATURALA CARBOGAZIFICATA CONTINUT REDUS CO2 TUSNAD 2L}",0.000109938107816599,0.113846153846154,0.00096567256865932,2.12638129837308,37
"{PAINE CU CARTOFI FELII BACHUS 1.2 KG,PALL MALL S-LINE FLOW BLUE/PURPLE} => {_BANANE}",0.000151536310774232,0.106694560669456,0.00142028150098201,1.16215853702464,51
"{_BANANE,PALL MALL S-LINE FLOW BLUE/PURPLE} => {PAINE CU CARTOFI FELII BACHUS 1.2 KG}",0.000151536310774232,0.156923076923077,0.00096567256865932,2.10326293539197,51
"{_ARDEI GRAS ROMANIA,_GULII} => {_TELINA}",0.000124794608872897,0.531645569620253,0.000234732716689496,25.3869057026681,42
"{_ARDEI GRAS ROMANIA,_TELINA} => {_GULII}",0.000124794608872897,0.163424124513619,0.000763624154293677,17.7938788021456,42
"{_ARDEI GRAS ROMANIA,_GULII} => {_PATRUNJEL RADACINA KG}",0.000130737209295416,0.556962025316456,0.000234732716689496,24.3469594111351,44
"{_ARDEI GRAS ROMANIA,_PATRUNJEL RADACINA KG} => {_GULII}",0.000130737209295416,0.193832599118943,0.000674485147955894,21.1048019188863,44
"{_ARDEI GRAS ROMANIA,_GULII} => {_MORCOVI}",0.000145593710351713,0.620253164556962,0.000234732716689496,14.7890941049337,49
"{_ARDEI GRAS ROMANIA,_MORCOVI} => {_GULII}",0.000145593710351713,0.123115577889447,0.00118257748408126,13.405020085871,49
"{_ARDEI GRAS ROMANIA,_CASTRAVETI CORNISON} => {_ROSII VRAC}",0.000101024207182821,0.148471615720524,0.000680427748378413,9.74426046910872,34
"{_ARDEI GRAS ROMANIA,_ROSII VRAC} => {_CASTRAVETI CORNISON}",0.000101024207182821,0.102102102102102,0.000989442970349395,8.71487922109277,34
"{_ARDEI GRAS ROMANIA,_CASTRAVETI CORNISON} => {_BANANE}",0.000101024207182821,0.148471615720524,0.000680427748378413,1.61721042415656,34
"{_ARDEI GRAS ROMANIA,_CARTOFI ALBI} => {_MORCOVI}",0.000109938107816599,0.221556886227545,0.000496207135280327,5.28272297063683,37
"{_ARDEI GRAS ROMANIA,_ROSII VRAC} => {_CEAPA GALBENA}",0.000142622410140453,0.144144144144144,0.000989442970349395,7.8397130161836,48
"{_ARDEI GRAS ROMANIA,_CEAPA GALBENA} => {_ROSII VRAC}",0.000142622410140453,0.159468438538206,0.000894361363589093,10.4659870115735,48
"{_CEAPA GALBENA,_ROSII VRAC} => {_ARDEI GRAS ROMANIA}",0.000142622410140453,0.149532710280374,0.000953787367814282,16.7976242466591,48
"{_ARDEI GRAS ROMANIA,_ROSII VRAC} => {_ARDEI ROSU CAPIA}",0.000101024207182821,0.102102102102102,0.000989442970349395,5.48050538576854,34
"{_ARDEI GRAS ROMANIA,_ARDEI ROSU CAPIA} => {_ROSII VRAC}",0.000101024207182821,0.137096774193548,0.000736882452392342,8.99772438478184,34
"{_ARDEI GRAS ROMANIA,_ROSII VRAC} => {_BANANE}",0.000124794608872897,0.126126126126126,0.000989442970349395,1.37381468464386,42
"{_ARDEI GRAS ROMANIA,_BANANE} => {_ROSII VRAC}",0.000124794608872897,0.116022099447514,0.00107561067647592,7.61458378224632,42
"{_ARDEI GRAS ROMANIA,_CEAPA GALBENA} => {_ARDEI ROSU CAPIA}",0.000151536310774232,0.169435215946844,0.000894361363589093,9.09472571492155,51
"{_ARDEI GRAS ROMANIA,_ARDEI ROSU CAPIA} => {_CEAPA GALBENA}",0.000151536310774232,0.205645161290323,0.000736882452392342,11.1846308933002,51
"{_ARDEI ROSU CAPIA,_CEAPA GALBENA} => {_ARDEI GRAS ROMANIA}",0.000151536310774232,0.104938271604938,0.00144405190267209,11.7881475712473,51
"{_ARDEI GRAS ROMANIA,_CEAPA GALBENA} => {_TELINA}",0.000133708509506675,0.149501661129568,0.000894361363589093,7.1389376501333,45
"{_ARDEI GRAS ROMANIA,_TELINA} => {_CEAPA GALBENA}",0.000133708509506675,0.175097276264591,0.000763624154293678,9.52319224606933,45
"{_ARDEI GRAS ROMANIA,_CEAPA GALBENA} => {_PATRUNJEL RADACINA KG}",0.000101024207182821,0.112956810631229,0.000894361363589093,4.93777808655307,34
"{_ARDEI GRAS ROMANIA,_PATRUNJEL RADACINA KG} => {_CEAPA GALBENA}",0.000101024207182821,0.149779735682819,0.000674485147955894,8.1462216197899,34
"{_ARDEI GRAS ROMANIA,_CEAPA GALBENA} => {_MORCOVI}",0.000193134513731864,0.215946843853821,0.000894361363589093,5.14895913138752,65
"{_ARDEI GRAS ROMANIA,_MORCOVI} => {_CEAPA GALBENA}",0.000193134513731864,0.163316582914573,0.00118257748408126,8.88246378953592,65
"{_ARDEI GRAS ROMANIA,_CEAPA GALBENA} => {_BANANE}",0.000101024207182821,0.112956810631229,0.000894361363589093,1.23036939246463,34
"{_ARDEI GRAS ROMANIA,_ARDEI ROSU CAPIA} => {_MORCOVI}",0.000112909408027859,0.153225806451613,0.000736882452392342,3.65346120005028,38
"{_ARDEI GRAS ROMANIA,_ARDEI ROSU CAPIA} => {_BANANE}",0.000103995507394081,0.141129032258065,0.000736882452392342,1.53723215721239,35
"{_ARDEI GRAS ROMANIA,_TELINA} => {_PATRUNJEL RADACINA KG}",0.000395182928097506,0.517509727626459,0.000763624154293677,22.6223472349484,133
"{_ARDEI GRAS ROMANIA,_PATRUNJEL RADACINA KG} => {_TELINA}",0.000395182928097506,0.585903083700441,0.000674485147955894,27.9777866811343,133
"{_ARDEI GRAS ROMANIA,_TELINA} => {CARNE TOCATA PORC VRAC}",0.000101024207182821,0.132295719844358,0.000763624154293677,4.42897855374298,34
"{_ARDEI GRAS ROMANIA,_TELINA} => {_MORCOVI}",0.000511063636336625,0.669260700389105,0.000763624154293677,15.9576122209036,172
"{_ARDEI GRAS ROMANIA,_MORCOVI} => {_TELINA}",0.000511063636336625,0.4321608040201,0.00118257748408126,20.6363528767561,172
"{_ARDEI GRAS ROMANIA,_PATRUNJEL RADACINA KG} => {_MORCOVI}",0.000549690539082997,0.814977973568282,0.000674485147955894,19.4320426452941,185
"{_ARDEI GRAS ROMANIA,_MORCOVI} => {_PATRUNJEL RADACINA KG}",0.000549690539082997,0.464824120603015,0.00118257748408126,20.319256041214,185
"{_ARDEI GRAS ROMANIA,CARNE TOCATA PORC VRAC} => {_MORCOVI}",0.000193134513731864,0.190058479532164,0.00101618467225073,4.53168625306329,65
"{_ARDEI GRAS ROMANIA,_MORCOVI} => {CARNE TOCATA PORC VRAC}",0.000193134513731864,0.163316582914573,0.00118257748408126,5.46749089124125,65
"{_ARDEI GRAS ROMANIA,PAINE CU CARTOFI FELII BACHUS 1.2 KG} => {CARNE TOCATA PORC VRAC}",0.000101024207182821,0.141666666666667,0.000713112050702267,4.74269786796644,34
"{_ARDEI GRAS ROMANIA,CARNE TOCATA PORC VRAC} => {_BANANE}",0.000124794608872897,0.12280701754386,0.00101618467225073,1.33766166662692,42
"{_ARDEI GRAS ROMANIA,_BANANE} => {CARNE TOCATA PORC VRAC}",0.000124794608872897,0.116022099447514,0.00107561067647592,3.88417244955328,42
"{_ARDEI GRAS ROMANIA,PAINE DE CASA PE FOI DE VARZA RIP-ROP 1KG} => {_BANANE}",0.000121823308661637,0.171548117154812,0.000710140750491007,1.86856862815727,41
"{_ARDEI GRAS ROMANIA,_BANANE} => {PAINE DE CASA PE FOI DE VARZA RIP-ROP 1KG}",0.000121823308661637,0.113259668508287,0.00107561067647592,1.94132320934401,41
"{_ARDEI GRAS ROMANIA,PAINE CU CARTOFI FELII BACHUS 1.2 KG} => {_MORCOVI}",0.00010696680760534,0.15,0.000713112050702267,3.57654622741764,36
"{_ARDEI GRAS ROMANIA,_MORCOVI} => {_BANANE}",0.000130737209295416,0.110552763819095,0.00118257748408126,1.20418358216092,44
"{_ARDEI GRAS ROMANIA,_BANANE} => {_MORCOVI}",0.000130737209295416,0.121546961325967,0.00107561067647592,2.89812217322976,44
"{SANA 3.6% PET FRISS 330G,SZEKELYHON} => {FRANZELA ALBA COUNTRY 1KG}",0.000344670824506096,0.517857142857143,0.000665571247322116,23.3346331503548,116
"{FRANZELA ALBA COUNTRY 1KG,SANA 3.6% PET FRISS 330G} => {SZEKELYHON}",0.000344670824506096,0.532110091743119,0.000647743446054559,33.9429961536054,116
"{FRANZELA ALBA COUNTRY 1KG,SZEKELYHON} => {SANA 3.6% PET FRISS 330G}",0.000344670824506096,0.252723311546841,0.00136382679696809,24.2252317490812,116
"{SANA 3.6% PET FRISS 330G,SZEKELYHON} => {APA MINERALA NATURALA CARBOGAZIFICATA CONTINUT REDUS CO2 TUSNAD 2L}",0.000166392811830529,0.25,0.000665571247322116,4.66941839169765,56
"{APA MINERALA NATURALA CARBOGAZIFICATA CONTINUT REDUS CO2 TUSNAD 2L,SANA 3.6% PET FRISS 330G} => {SZEKELYHON}",0.000166392811830529,0.239316239316239,0.00069528424943471,15.265845013381,56
"{APA MINERALA NATURALA CARBOGAZIFICATA CONTINUT REDUS CO2 TUSNAD 2L,SZEKELYHON} => {SANA 3.6% PET FRISS 330G}",0.000166392811830529,0.184210526315789,0.000903275264222871,17.6578197844369,56
"{SANA 3.6% PET FRISS 330G,SZEKELYHON} => {PAINE DE CASA PE FOI DE VARZA RIP-ROP 1KG}",0.000190163213520604,0.285714285714286,0.000665571247322116,4.89727527374586,64
"{PAINE DE CASA PE FOI DE VARZA RIP-ROP 1KG,SANA 3.6% PET FRISS 330G} => {SZEKELYHON}",0.000190163213520604,0.19047619047619,0.000998356870983174,12.1503664392216,64
"{PAINE DE CASA PE FOI DE VARZA RIP-ROP 1KG,SZEKELYHON} => {SANA 3.6% PET FRISS 330G}",0.000190163213520604,0.124031007751938,0.00153319090900987,11.8892075625001,64
"{APA MINERALA NATURALA CARBOGAZIFICATA CONTINUT REDUS CO2 TUSNAD 2L,SANA 3.6% PET FRISS 330G} => {CORN RIP-ROP 100G}",0.000103995507394081,0.14957264957265,0.00069528424943471,9.18262019912877,35
"{CORN RIP-ROP 100G,SANA 3.6% PET FRISS 330G} => {_BANANE}",0.000163421511619269,0.137844611528822,0.00118554878429252,1.5014569727445,55
"{FRANZELA ALBA COUNTRY 1KG,SANA 3.6% PET FRISS 330G} => {APA MINERALA NATURALA CARBOGAZIFICATA CONTINUT REDUS CO2 TUSNAD 2L}",0.000190163213520604,0.293577981651376,0.000647743446054559,5.48335370768165,64
"{APA MINERALA NATURALA CARBOGAZIFICATA CONTINUT REDUS CO2 TUSNAD 2L,SANA 3.6% PET FRISS 330G} => {FRANZELA ALBA COUNTRY 1KG}",0.000190163213520604,0.273504273504274,0.00069528424943471,12.3240974374995,64
"{APA MINERALA NATURALA CARBOGAZIFICATA CONTINUT REDUS CO2 TUSNAD 2L,FRANZELA ALBA COUNTRY 1KG} => {SANA 3.6% PET FRISS 330G}",0.000190163213520604,0.126732673267327,0.00150050660668602,12.1481804004952,64
"{FRANZELA ALBA COUNTRY 1KG,SANA 3.6% PET FRISS 330G} => {_BANANE}",0.00010696680760534,0.165137614678899,0.000647743446054559,1.79874294883253,36
"{FRANZELA RIP-ROP 1KG,SANA 3.6% PET FRISS 330G} => {_BANANE}",0.000112909408027859,0.25503355704698,0.000442723731477657,2.77792441985993,38
"{_TELINA,SANA 3.6% PET FRISS 330G} => {_PATRUNJEL RADACINA KG}",0.000136679809717934,0.575,0.000237704016900756,25.1354688920639,46
"{_PATRUNJEL RADACINA KG,SANA 3.6% PET FRISS 330G} => {_TELINA}",0.000136679809717934,0.605263157894737,0.000225818816055718,28.9022604396917,46
"{_TELINA,SANA 3.6% PET FRISS 330G} => {_MORCOVI}",0.000178278012675567,0.75,0.000237704016900756,17.8827311370882,60
"{_MORCOVI,SANA 3.6% PET FRISS 330G} => {_TELINA}",0.000178278012675567,0.444444444444444,0.000401125528520025,21.222915878421,60
"{_LAMAIE^2 A nu se consuma coaja,SANA 3.6% PET FRISS 330G} => {_BANANE}",0.000124794608872897,0.267515923566879,0.000466494133167733,2.91388719736565,42
"{_PATRUNJEL RADACINA KG,SANA 3.6% PET FRISS 330G} => {_MORCOVI}",0.000196105813943123,0.868421052631579,0.000225818816055718,20.7063202639969,66
"{_MORCOVI,SANA 3.6% PET FRISS 330G} => {_PATRUNJEL RADACINA KG}",0.000196105813943123,0.488888888888889,0.000401125528520025,21.3712199275519,66
"{APA MINERALA NATURALA CARBOGAZIFICATA CONTINUT REDUS CO2 TUSNAD 2L,SANA 3.6% PET FRISS 330G} => {PAINE DE CASA PE FOI DE VARZA RIP-ROP 1KG}",0.000121823308661637,0.175213675213675,0.00069528424943471,3.00324359736124,41
"{PAINE DE CASA PE FOI DE VARZA RIP-ROP 1KG,SANA 3.6% PET FRISS 330G} => {APA MINERALA NATURALA CARBOGAZIFICATA CONTINUT REDUS CO2 TUSNAD 2L}",0.000121823308661637,0.12202380952381,0.000998356870983174,2.27912088166195,41
"{PAINE DE CASA PE FOI DE VARZA RIP-ROP 1KG,SANA 3.6% PET FRISS 330G} => {_BANANE}",0.000181249312886826,0.181547619047619,0.000998356870983174,1.97748708114873,61
"{_BANANE,SANA 3.6% PET FRISS 330G} => {PAINE DE CASA PE FOI DE VARZA RIP-ROP 1KG}",0.000181249312886826,0.102866779089376,0.00176198102527685,1.76318426803498,61
"{PAINE CU CARTOFI FELII BACHUS 1.2 KG,SANA 3.6% PET FRISS 330G} => {_BANANE}",0.000246617917534534,0.239193083573487,0.00103104117330703,2.60538383895099,83
"{_BANANE,SANA 3.6% PET FRISS 330G} => {PAINE CU CARTOFI FELII BACHUS 1.2 KG}",0.000246617917534534,0.139966273187184,0.00176198102527685,1.87598841656576,83
"{_ARDEI ROSU CALIFORNIA,_CASTRAVETI FABIO} => {_ROSII VRAC}",0.000130737209295416,0.194690265486726,0.000671513847744635,12.777611723938,44
"{_CASTRAVETI FABIO,_ROSII VRAC} => {_ARDEI ROSU CALIFORNIA}",0.000130737209295416,0.115789473684211,0.00112909408027859,13.4888524530433,44
"{_ARDEI ROSU CALIFORNIA,_ROSII VRAC} => {_CASTRAVETI FABIO}",0.000130737209295416,0.123943661971831,0.0010548115749971,15.9394769841825,44
"{_ARDEI ROSU CALIFORNIA,_CASTRAVETI FABIO} => {_BANANE}",0.000157478911196751,0.234513274336283,0.000671513847744635,2.55440954164344,53
"{_BANANE,_CASTRAVETI FABIO} => {_ARDEI ROSU CALIFORNIA}",0.000157478911196751,0.107505070993915,0.00146485100415091,12.5237639869211,53
"{_ARDEI ROSU CALIFORNIA,_BANANE} => {_CASTRAVETI FABIO}",0.000157478911196751,0.103313840155945,0.0015242770083761,13.2864282942315,53
"{_ARDEI ALB BIANCA,_CASTRAVETI FABIO} => {_ROSII VRAC}",0.000127765909084156,0.265432098765432,0.00048135063422403,17.4204307987134,43
"{_CASTRAVETI FABIO,_ROSII VRAC} => {_ARDEI ALB BIANCA}",0.000127765909084156,0.113157894736842,0.00112909408027859,11.2374237082822,43
"{_ARDEI ALB BIANCA,_ROSII VRAC} => {_CASTRAVETI FABIO}",0.000127765909084156,0.112565445026178,0.00113503668070111,14.4762087198683,43
"{_CASTRAVETI FABIO,APA MINERALA NATURALA CARBOGAZOASA PERLA HARGHITEI  2L} => {PAINE CU CARTOFI FELII BACHUS 1.2 KG}",0.000118852008450378,0.412371134020619,0.000288216120492166,5.52707058016891,40
"{_CASTRAVETI FABIO,PAINE CU CARTOFI FELII BACHUS 1.2 KG} => {APA MINERALA NATURALA CARBOGAZOASA PERLA HARGHITEI  2L}",0.000118852008450378,0.123456790123457,0.00096270126844806,6.17564701046667,40
"{_CASTRAVETI FABIO,PIEPT DE PUI FARA OS REFR.VRAC SZEKELY CSURKE} => {_ARDEI ROSU CAPIA}",0.000109938107816599,0.296,0.000371412526407431,15.8883074960128,37
"{_ARDEI ROSU CAPIA,PIEPT DE PUI FARA OS REFR.VRAC SZEKELY CSURKE} => {_CASTRAVETI FABIO}",0.000109938107816599,0.168949771689498,0.000650714746265819,21.7273796375298,37
"{_CASTRAVETI FABIO,_ROSII VRAC} => {_ARDEI ROSU CAPIA}",0.000279302219858388,0.247368421052632,0.00112909408027859,13.2779241165114,94
"{_ARDEI ROSU CAPIA,_CASTRAVETI FABIO} => {_ROSII VRAC}",0.000279302219858388,0.222748815165877,0.00125388868915149,14.6191072524418,94
"{_ARDEI ROSU CAPIA,_ROSII VRAC} => {_CASTRAVETI FABIO}",0.000279302219858388,0.123197903014417,0.00226710206119096,15.8435704444826,94
"{_CASTRAVETI FABIO,_ROSII VRAC} => {PAINE CU CARTOFI FELII BACHUS 1.2 KG}",0.000148565010562972,0.131578947368421,0.00112909408027859,1.76357186275126,50
"{_CASTRAVETI FABIO,PAINE CU CARTOFI FELII BACHUS 1.2 KG} => {_ROSII VRAC}",0.000148565010562972,0.154320987654321,0.00096270126844806,10.1281574411125,50
"{_ROSII VRAC,PAINE CU CARTOFI FELII BACHUS 1.2 KG} => {_CASTRAVETI FABIO}",0.000148565010562972,0.110132158590308,0.00134897029591179,14.1632817615759,50
"{_CASTRAVETI FABIO,_ROSII VRAC} => {_BANANE}",0.000190163213520604,0.168421052631579,0.00112909408027859,1.83450742851692,64
"{_BANANE,_CASTRAVETI FABIO} => {_ROSII VRAC}",0.000190163213520604,0.129817444219067,0.00146485100415091,8.51997860847497,64
"{_CASTRAVETI FABIO,_MERE ROSII} => {_BANANE}",0.000121823308661637,0.353448275862069,0.000344670824506096,3.84989570801369,41
"{_CASTRAVETI FABIO,_LAMAIE^2 A nu se consuma coaja} => {_ARDEI ROSU CAPIA}",0.000109938107816599,0.232704402515723,0.000472436733590252,12.4908077798842,37
"{_ARDEI ROSU CAPIA,_CASTRAVETI FABIO} => {_MORCOVI}",0.000154507610985491,0.123222748815166,0.00125388868915149,2.93807904937942,52
"{_CASTRAVETI FABIO,_MORCOVI} => {_ARDEI ROSU CAPIA}",0.000154507610985491,0.211382113821138,0.000730939851969823,11.3462973768494,52
"{_ARDEI ROSU CAPIA,_CASTRAVETI FABIO} => {PAINE CU CARTOFI FELII BACHUS 1.2 KG}",0.000130737209295416,0.104265402843602,0.00125388868915149,1.39748443342185,44
"{_CASTRAVETI FABIO,PAINE CU CARTOFI FELII BACHUS 1.2 KG} => {_ARDEI ROSU CAPIA}",0.000130737209295416,0.135802469135802,0.00096270126844806,7.28943036603855,44
"{_ARDEI ROSU CAPIA,_CASTRAVETI FABIO} => {_BANANE}",0.000231761416478237,0.184834123222749,0.00125388868915149,2.0132849593173,78
"{_BANANE,_CASTRAVETI FABIO} => {_ARDEI ROSU CAPIA}",0.000231761416478237,0.158215010141988,0.00146485100415091,8.49246193115095,78
"{_CASTRAVETI FABIO,_TELINA} => {_PATRUNJEL RADACINA KG}",0.000172335412253048,0.659090909090909,0.000261474418590831,28.811407030429,58
"{_CASTRAVETI FABIO,_PATRUNJEL RADACINA KG} => {_TELINA}",0.000172335412253048,0.504347826086956,0.000341699524294836,24.0833958446429,58
"{_CASTRAVETI FABIO,_TELINA} => {_MORCOVI}",0.000184220613098086,0.704545454545455,0.000261474418590831,16.798929249992,62
"{_CASTRAVETI FABIO,_MORCOVI} => {_TELINA}",0.000184220613098086,0.252032520325203,0.000730939851969823,12.0349461993485,62
"{_CASTRAVETI FABIO,_LAMAIE^2 A nu se consuma coaja} => {_BANANE}",0.000133708509506675,0.283018867924528,0.000472436733590252,3.08275128023185,45
"{_CASTRAVETI FABIO,_PATRUNJEL RADACINA KG} => {_MORCOVI}",0.000264445718802091,0.773913043478261,0.000341699524294836,18.4529051733432,89
"{_CASTRAVETI FABIO,_MORCOVI} => {_PATRUNJEL RADACINA KG}",0.000264445718802091,0.361788617886179,0.000730939851969823,15.815176609358,89
"{_CASTRAVETI FABIO,LAPTE DE CONSUM 1.5% GRASIME FRISS CUTIE 1L} => {_BANANE}",0.000115880708239118,0.258278145695364,0.000448666331900176,2.81326573785397,39
"{_CASTRAVETI FABIO,PAINE DE CASA PE FOI DE VARZA RIP-ROP 1KG} => {_BANANE}",0.000130737209295416,0.221105527638191,0.000591288742040629,2.40836716432184,44
"{_CASTRAVETI FABIO,_MORCOVI} => {PAINE CU CARTOFI FELII BACHUS 1.2 KG}",0.000124794608872897,0.170731707317073,0.000730939851969823,2.28834202678944,42
"{_CASTRAVETI FABIO,PAINE CU CARTOFI FELII BACHUS 1.2 KG} => {_MORCOVI}",0.000124794608872897,0.12962962962963,0.00096270126844806,3.09084241875599,42
"{_CASTRAVETI FABIO,_MORCOVI} => {_BANANE}",0.000166392811830529,0.227642276422764,0.000730939851969823,2.479567967406,56
"{_BANANE,_CASTRAVETI FABIO} => {_MORCOVI}",0.000166392811830529,0.113590263691684,0.00146485100415091,2.70840552718577,56
"{_CASTRAVETI FABIO,PAINE CU CARTOFI FELII BACHUS 1.2 KG} => {_BANANE}",0.000190163213520604,0.197530864197531,0.00096270126844806,2.15158278653219,64
"{_BANANE,_CASTRAVETI FABIO} => {PAINE CU CARTOFI FELII BACHUS 1.2 KG}",0.000190163213520604,0.129817444219067,0.00146485100415091,1.73996217858461,64
"{_ARDEI ROSU CALIFORNIA,_GULII} => {_TELINA}",0.000124794608872897,0.506024096385542,0.000246617917534534,24.1634403675998,42
"{_ARDEI ROSU CALIFORNIA,_TELINA} => {_GULII}",0.000124794608872897,0.23728813559322,0.000525920137392922,25.8363098991605,42
"{_ARDEI ROSU CALIFORNIA,_GULII} => {_PATRUNJEL RADACINA KG}",0.000112909408027859,0.457831325301205,0.000246617917534534,20.0135739737753,38
"{_ARDEI ROSU CALIFORNIA,_PATRUNJEL RADACINA KG} => {_GULII}",0.000112909408027859,0.219653179190751,0.000514034936547884,23.9161877761841,38
"{_ARDEI ROSU CALIFORNIA,_GULII} => {_MORCOVI}",0.000133708509506675,0.542168674698795,0.000246617917534534,12.9272755207867,45
"{_ARDEI ROSU CALIFORNIA,_MORCOVI} => {_GULII}",0.000133708509506675,0.132743362831858,0.00100727077161695,14.4533086351182,45
"{_ARDEI ALB BIANCA,_ARDEI ROSU CALIFORNIA} => {_ROSII VRAC}",0.000130737209295416,0.184873949579832,0.000707169450279748,12.1333623933193,44
"{_ARDEI ROSU CALIFORNIA,_ROSII VRAC} => {_ARDEI ALB BIANCA}",0.000130737209295416,0.123943661971831,0.0010548115749971,12.3085309140176,44
"{_ARDEI ALB BIANCA,_ROSII VRAC} => {_ARDEI ROSU CALIFORNIA}",0.000130737209295416,0.115183246073298,0.00113503668070111,13.4182301888912,44
"{_ARDEI ALB BIANCA,_ARDEI ROSU CALIFORNIA} => {_ARDEI ROSU CAPIA}",0.000124794608872897,0.176470588235294,0.000707169450279748,9.47236138474529,42
"{_ARDEI ROSU CALIFORNIA,_ARDEI ROSU CAPIA} => {_ARDEI ALB BIANCA}",0.000124794608872897,0.225806451612903,0.000552661839294257,22.4242663646142,42
"{_ARDEI ALB BIANCA,_ARDEI ROSU CALIFORNIA} => {_MORCOVI}",0.000133708509506675,0.189075630252101,0.000707169450279748,4.50825154716509,45
"{_ARDEI ROSU CALIFORNIA,_MORCOVI} => {_ARDEI ALB BIANCA}",0.000133708509506675,0.132743362831858,0.00100727077161695,13.1824069020804,45
"{_ARDEI ALB BIANCA,_ARDEI ROSU CALIFORNIA} => {_BANANE}",0.000118852008450378,0.168067226890756,0.000707169450279748,1.83065342131415,40
"{_ARDEI ROSU CALIFORNIA,_CASTRAVETI CORNISON} => {_ROSII VRAC}",0.000127765909084156,0.236263736263736,0.000540776638449219,15.5060977439098,43
"{_ARDEI ROSU CALIFORNIA,_ROSII VRAC} => {_CASTRAVETI CORNISON}",0.000127765909084156,0.12112676056338,0.0010548115749971,10.3387204280719,43
"{_ARDEI ROSU CALIFORNIA,_ROSII VRAC} => {_CEAPA GALBENA}",0.000118852008450378,0.112676056338028,0.0010548115749971,6.12822637180549,40
"{_ARDEI ROSU CALIFORNIA,_CEAPA GALBENA} => {_ROSII VRAC}",0.000118852008450378,0.169491525423729,0.000701226849857229,11.1238068166794,40
"{_CEAPA GALBENA,_ROSII VRAC} => {_ARDEI ROSU CALIFORNIA}",0.000118852008450378,0.124610591900312,0.000953787367814282,14.5164653983474,40
"{_ARDEI ROSU CALIFORNIA,_ROSII VRAC} => {_MORCOVI}",0.000127765909084156,0.12112676056338,0.0010548115749971,2.88810305688185,43
"{_ARDEI ROSU CALIFORNIA,_MORCOVI} => {_ROSII VRAC}",0.000127765909084156,0.126843657817109,0.00100727077161695,8.32480763832323,43
"{_ARDEI ROSU CALIFORNIA,_ROSII VRAC} => {PAINE CU CARTOFI FELII BACHUS 1.2 KG}",0.000118852008450378,0.112676056338028,0.0010548115749971,1.51021365148277,40
"{_ARDEI ROSU CALIFORNIA,PAINE CU CARTOFI FELII BACHUS 1.2 KG} => {_ROSII VRAC}",0.000118852008450378,0.130718954248366,0.00090921786464539,8.57914512658938,40
"{_ARDEI ROSU CALIFORNIA,_ROSII VRAC} => {_BANANE}",0.000205019714576902,0.194366197183099,0.0010548115749971,2.11711200597331,69
"{_ARDEI ROSU CALIFORNIA,_BANANE} => {_ROSII VRAC}",0.000205019714576902,0.134502923976608,0.0015242770083761,8.82748880130644,69
"{_ARDEI ROSU CALIFORNIA,_MERE ROSII} => {_BANANE}",0.00010696680760534,0.27906976744186,0.000383297727252468,3.03973614608908,36
"{_ARDEI ROSU CALIFORNIA,_CEAPA GALBENA} => {_TELINA}",0.000109938107816599,0.156779661016949,0.000701226849857229,7.48647350372266,37
"{_ARDEI ROSU CALIFORNIA,_TELINA} => {_CEAPA GALBENA}",0.000109938107816599,0.209039548022599,0.000525920137392922,11.3692448296137,37
"{_ARDEI ROSU CALIFORNIA,_CEAPA GALBENA} => {_PATRUNJEL RADACINA KG}",0.000109938107816599,0.156779661016949,0.000701226849857229,6.85344398678235,37
"{_ARDEI ROSU CALIFORNIA,_PATRUNJEL RADACINA KG} => {_CEAPA GALBENA}",0.000109938107816599,0.213872832369942,0.000514034936547884,11.6321175424372,37
"{_ARDEI ROSU CALIFORNIA,_CEAPA GALBENA} => {_MORCOVI}",0.000219876215633199,0.313559322033898,0.000701226849857229,7.47639606861315,74
"{_ARDEI ROSU CALIFORNIA,_MORCOVI} => {_CEAPA GALBENA}",0.000219876215633199,0.218289085545723,0.00100727077161695,11.8723087601276,74
"{_ARDEI ROSU CALIFORNIA,_CEAPA GALBENA} => {_BANANE}",0.000103995507394081,0.148305084745763,0.000701226849857229,1.61539650418929,35
"{_ARDEI ROSU CALIFORNIA,SMANTANA 20% GRASIME FRISS 300G} => {_BANANE}",0.000109938107816599,0.282442748091603,0.000389240327674987,3.07647595955962,37
"{_ARDEI ROSU CALIFORNIA,_TELINA} => {_PATRUNJEL RADACINA KG}",0.000314957822393501,0.598870056497175,0.000525920137392922,26.1789211747362,106
"{_ARDEI ROSU CALIFORNIA,_PATRUNJEL RADACINA KG} => {_TELINA}",0.000314957822393501,0.61271676300578,0.000514034936547884,29.2581817167827,106
"{_ARDEI ROSU CALIFORNIA,_TELINA} => {_MORCOVI}",0.000398154228308766,0.757062146892655,0.000525920137392922,18.0511184359308,134
"{_ARDEI ROSU CALIFORNIA,_MORCOVI} => {_TELINA}",0.000398154228308766,0.395280235988201,0.00100727077161695,18.8752481927549,134
"{_ARDEI ROSU CALIFORNIA,_LAMAIE^2 A nu se consuma coaja} => {_BANANE}",0.000169364112041788,0.274038461538462,0.000618030443941964,2.98493321076296,57
"{_ARDEI ROSU CALIFORNIA,_BANANE} => {_LAMAIE^2 A nu se consuma coaja}",0.000169364112041788,0.111111111111111,0.0015242770083761,4.16098562120594,57
"{_ARDEI ROSU CALIFORNIA,_PATRUNJEL RADACINA KG} => {_MORCOVI}",0.000448666331900176,0.872832369942196,0.000514034936547884,20.8115021325651,151
"{_ARDEI ROSU CALIFORNIA,_MORCOVI} => {_PATRUNJEL RADACINA KG}",0.000448666331900176,0.445427728613569,0.00100727077161695,19.4713648977897,151
"{_ARDEI ROSU CALIFORNIA,_PATRUNJEL RADACINA KG} => {_BANANE}",0.000103995507394081,0.202312138728324,0.000514034936547884,2.20366228317152,35
"{_ARDEI ROSU CALIFORNIA,PAINE DE CASA PE FOI DE VARZA RIP-ROP 1KG} => {_BANANE}",0.000139651109929194,0.195833333333333,0.000713112050702267,2.13309262196043,47
"{_ARDEI ROSU CALIFORNIA,_MORCOVI} => {_BANANE}",0.000178278012675567,0.176991150442478,0.00100727077161695,1.92785625784411,60
"{_ARDEI ROSU CALIFORNIA,_BANANE} => {_MORCOVI}",0.000178278012675567,0.116959064327485,0.0015242770083761,2.7887300018851,60
"{_ARDEI ROSU CALIFORNIA,PAINE CU CARTOFI FELII BACHUS 1.2 KG} => {_BANANE}",0.000169364112041788,0.186274509803922,0.00090921786464539,2.02897420862319,57
"{_ARDEI ROSU CALIFORNIA,_BANANE} => {PAINE CU CARTOFI FELII BACHUS 1.2 KG}",0.000169364112041788,0.111111111111111,0.0015242770083761,1.48923846187884,57
"{_MANDARINE^2 A nu se consuma coaja,_PORTOCALE PLASA BUC^2 A nu se consuma coaja} => {_BANANE}",0.000127765909084156,0.434343434343434,0.000294158720914685,4.73103714993158,43
"{_PORTOCALE PLASA BUC^2 A nu se consuma coaja,DANONE ACTIVIA NATUR 125G} => {_BANANE}",0.000103995507394081,0.4375,0.000237704016900756,4.76541968735841,35
"{_GULII,_PORTOCALE PLASA BUC^2 A nu se consuma coaja} => {_PATRUNJEL RADACINA KG}",0.000112909408027859,0.520547945205479,0.00021690491542194,22.755159449635,38
"{_PATRUNJEL RADACINA KG,_PORTOCALE PLASA BUC^2 A nu se consuma coaja} => {_GULII}",0.000112909408027859,0.283582089552239,0.000398154228308766,30.8768692931332,38
"{_GULII,_PORTOCALE PLASA BUC^2 A nu se consuma coaja} => {_MORCOVI}",0.000118852008450378,0.547945205479452,0.00021690491542194,13.0650090499275,40
"{_MORCOVI,_PORTOCALE PLASA BUC^2 A nu se consuma coaja} => {_GULII}",0.000118852008450378,0.173913043478261,0.000683399048589672,18.9359289944158,40
"{_MERE GOLDEN,_PORTOCALE PLASA BUC^2 A nu se consuma coaja} => {_BANANE}",0.000145593710351713,0.398373983739837,0.000365469925984912,4.3392439429605,49
"{_CLEMENTINA^2 A nu se consuma coaja,_PORTOCALE PLASA BUC^2 A nu se consuma coaja} => {_BANANE}",0.000297130021125945,0.465116279069767,0.000638829545420781,5.06622691014847,100
"{_BANANE,_PORTOCALE PLASA BUC^2 A nu se consuma coaja} => {_CLEMENTINA^2 A nu se consuma coaja}",0.000297130021125945,0.100806451612903,0.00294752980956937,7.21998589267449,100
"{_PORTOCALE PLASA BUC^2 A nu se consuma coaja,_ROSII VRAC} => {_BANANE}",0.000101024207182821,0.447368421052632,0.000225818816055718,4.87291035699807,34
"{_MERE ROSII,_PORTOCALE PLASA BUC^2 A nu se consuma coaja} => {_BANANE}",0.000240675317112015,0.419689119170984,0.000573460940773073,4.57141666529718,81
"{_PORTOCALE PLASA BUC^2 A nu se consuma coaja,LAPTE DE CONSUM 3.5% GRASIME FRISS CUTIE 1L} => {_BANANE}",0.000163421511619269,0.361842105263158,0.000451637632111436,3.94132455345432,55
"{_ARDEI ROSU CAPIA,_PORTOCALE PLASA BUC^2 A nu se consuma coaja} => {_BANANE}",0.000169364112041788,0.393103448275862,0.00043083853063262,4.28183522647376,57
"{_PORTOCALE PLASA BUC^2 A nu se consuma coaja,SMANTANA 20% GRASIME FRISS 300G} => {_BANANE}",0.00016045021140801,0.382978723404255,0.000418953329787582,4.17155279622863,54
"{_PORTOCALE PLASA BUC^2 A nu se consuma coaja,_TELINA} => {_PATRUNJEL RADACINA KG}",0.000205019714576902,0.644859813084112,0.000317929122604761,28.1893109069876,69
"{_PATRUNJEL RADACINA KG,_PORTOCALE PLASA BUC^2 A nu se consuma coaja} => {_TELINA}",0.000205019714576902,0.514925373134328,0.000398154228308766,24.5884902248124,69
"{_PORTOCALE PLASA BUC^2 A nu se consuma coaja,_TELINA} => {_MORCOVI}",0.000193134513731864,0.607476635514019,0.000317929122604761,14.4844551266135,65
"{_MORCOVI,_PORTOCALE PLASA BUC^2 A nu se consuma coaja} => {_TELINA}",0.000193134513731864,0.282608695652174,0.000683399048589672,13.4950062922568,65
"{_PORTOCALE PLASA BUC^2 A nu se consuma coaja,_TELINA} => {_BANANE}",0.000115880708239118,0.364485981308411,0.000317929122604761,3.97012267678457,39
"{_LAMAIE^2 A nu se consuma coaja,_PORTOCALE PLASA BUC^2 A nu se consuma coaja} => {_BANANE}",0.000264445718802091,0.353174603174603,0.00074876765323738,3.84691475895599,89
"{_PATRUNJEL RADACINA KG,_PORTOCALE PLASA BUC^2 A nu se consuma coaja} => {_MORCOVI}",0.000311986522182242,0.783582089552239,0.000398154228308766,18.6834504417339,105
"{_MORCOVI,_PORTOCALE PLASA BUC^2 A nu se consuma coaja} => {_PATRUNJEL RADACINA KG}",0.000311986522182242,0.456521739130435,0.000683399048589672,19.956326908633,105
"{_PATRUNJEL RADACINA KG,_PORTOCALE PLASA BUC^2 A nu se consuma coaja} => {_BANANE}",0.00016045021140801,0.402985074626866,0.000398154228308766,4.38946973334506,54
"{_PORTOCALE PLASA BUC^2 A nu se consuma coaja,LAPTE DE CONSUM 1.5% GRASIME FRISS CUTIE 1L} => {_BANANE}",0.000163421511619269,0.371621621621622,0.000439752431266398,4.04784683868281,55
"{_PORTOCALE PLASA BUC^2 A nu se consuma coaja,CARNE TOCATA PORC VRAC} => {_BANANE}",0.000136679809717934,0.326241134751773,0.000418953329787582,3.55354497456513,46
"{_PORTOCALE PLASA BUC^2 A nu se consuma coaja,APA MINERALA NATURALA CARBOGAZIFICATA CONTINUT REDUS CO2 TUSNAD 2L} => {_BANANE}",0.000145593710351713,0.23444976076555,0.000621001744153224,2.55371772719685,49
"{_PORTOCALE PLASA BUC^2 A nu se consuma coaja,PAINE DE CASA PE FOI DE VARZA RIP-ROP 1KG} => {_BANANE}",0.000219876215633199,0.379487179487179,0.000579403541195592,4.13352154566473,74
"{_MORCOVI,_PORTOCALE PLASA BUC^2 A nu se consuma coaja} => {_BANANE}",0.000181249312886826,0.265217391304348,0.000683399048589672,2.88885069246075,61
"{_PORTOCALE PLASA BUC^2 A nu se consuma coaja,PAINE CU CARTOFI FELII BACHUS 1.2 KG} => {_BANANE}",0.000252560517957053,0.328185328185328,0.000769566754716196,3.5747218835121,85
"{_GULII,_MANDARINE^2 A nu se consuma coaja} => {_MORCOVI}",0.000109938107816599,0.569230769230769,0.000193134513731864,13.5725344014823,37
"{_MANDARINE^2 A nu se consuma coaja,_MORCOVI} => {_GULII}",0.000109938107816599,0.154811715481172,0.000710140750491007,16.8561459981672,37
"{_MANDARINE^2 A nu se consuma coaja,_MERE GOLDEN} => {_BANANE}",0.000163421511619269,0.443548387096774,0.000368441226196171,4.83130106552465,55
"{_MANDARINE^2 A nu se consuma coaja,FRANZELA ALBA COUNTRY 1KG} => {_BANANE}",0.000103995507394081,0.304347826086957,0.000341699524294836,3.31507456511889,35
"{_MANDARINE^2 A nu se consuma coaja,_MERE ROSII} => {_BANANE}",0.000228790116266977,0.392857142857143,0.000582374841406851,4.27915237232183,77
"{_CEAPA GALBENA,_MANDARINE^2 A nu se consuma coaja} => {_BANANE}",0.000101024207182821,0.395348837209302,0.000255531818168312,4.3062928736262,34
"{_MANDARINE^2 A nu se consuma coaja,LAPTE DE CONSUM 3.5% GRASIME FRISS CUTIE 1L} => {_BANANE}",0.000103995507394081,0.346534653465347,0.000300101321337204,3.77458985137299,35
"{_ARDEI ROSU CAPIA,_MANDARINE^2 A nu se consuma coaja} => {_BANANE}",0.000172335412253048,0.331428571428571,0.000519977536970403,3.61004854683151,58
"{_MANDARINE^2 A nu se consuma coaja,FRANZELA RIP-ROP 1KG} => {_BANANE}",0.000121823308661637,0.353448275862069,0.000344670824506096,3.84989570801369,41
"{_MANDARINE^2 A nu se consuma coaja,SMANTANA 20% GRASIME FRISS 300G} => {_BANANE}",0.000130737209295416,0.363636363636364,0.000359527325562393,3.96086831157062,44
"{_MANDARINE^2 A nu se consuma coaja,_TELINA} => {_PATRUNJEL RADACINA KG}",0.000193134513731864,0.580357142857143,0.000332785623661058,25.3696502792571,65
"{_MANDARINE^2 A nu se consuma coaja,_PATRUNJEL RADACINA KG} => {_TELINA}",0.000193134513731864,0.5078125,0.000380326427041209,24.248839431399,65
"{_MANDARINE^2 A nu se consuma coaja,_TELINA} => {_MORCOVI}",0.00021393361521068,0.642857142857143,0.000332785623661058,15.3280552603613,72
"{_MANDARINE^2 A nu se consuma coaja,_MORCOVI} => {_TELINA}",0.00021393361521068,0.301255230125523,0.000710140750491007,14.3854074154987,72
"{_MANDARINE^2 A nu se consuma coaja,_TELINA} => {_BANANE}",0.000118852008450378,0.357142857142857,0.000332785623661058,3.89013852029258,40
"{_LAMAIE^2 A nu se consuma coaja,_MANDARINE^2 A nu se consuma coaja} => {_BANANE}",0.00032387172302728,0.392086330935252,0.000826021458730126,4.27075638990394,109
"{_BANANE,_MANDARINE^2 A nu se consuma coaja} => {_LAMAIE^2 A nu se consuma coaja}",0.00032387172302728,0.106549364613881,0.00303964011611841,3.99015336696288,109
"{_MANDARINE^2 A nu se consuma coaja,_PATRUNJEL RADACINA KG} => {_MORCOVI}",0.000303072621548463,0.796875,0.000380326427041209,19.0004018331562,102
"{_MANDARINE^2 A nu se consuma coaja,_MORCOVI} => {_PATRUNJEL RADACINA KG}",0.000303072621548463,0.426778242677824,0.000710140750491007,18.6561239002403,102
"{_MANDARINE^2 A nu se consuma coaja,_PATRUNJEL RADACINA KG} => {_BANANE}",0.000124794608872897,0.328125,0.000380326427041209,3.5740647655188,42
"{_MANDARINE^2 A nu se consuma coaja,LAPTE DE CONSUM 1.5% GRASIME FRISS CUTIE 1L} => {_BANANE}",0.000205019714576902,0.410714285714286,0.000499178435491587,4.47365929833646,69
"{_MANDARINE^2 A nu se consuma coaja,CARNE TOCATA PORC VRAC} => {_BANANE}",0.00010696680760534,0.285714285714286,0.00037438382661869,3.11211081623406,36
"{_MANDARINE^2 A nu se consuma coaja,APA MINERALA NATURALA CARBOGAZIFICATA CONTINUT REDUS CO2 TUSNAD 2L} => {_BANANE}",0.00021690491542194,0.394594594594595,0.000549690539082997,4.29807737052866,73
"{_MANDARINE^2 A nu se consuma coaja,PAINE DE CASA PE FOI DE VARZA RIP-ROP 1KG} => {_BANANE}",0.000163421511619269,0.259433962264151,0.000629915644787002,2.82585534021253,55
"{_MANDARINE^2 A nu se consuma coaja,_MORCOVI} => {_BANANE}",0.000225818816055718,0.317991631799163,0.000710140750491007,3.46368818877933,76
"{_MANDARINE^2 A nu se consuma coaja,PAINE CU CARTOFI FELII BACHUS 1.2 KG} => {_BANANE}",0.000261474418590831,0.323529411764706,0.000808193657462569,3.52400783602975,88
"{CORN RIP-ROP 100G,UNT 65% GRASIME FRISS 180G} => {LAPTE DE CONSUM 1.5% GRASIME FRISS CUTIE 1L}",0.000121823308661637,0.356521739130435,0.000341699524294836,12.5066146413972,41
"{LAPTE DE CONSUM 1.5% GRASIME FRISS CUTIE 1L,UNT 65% GRASIME FRISS 180G} => {CORN RIP-ROP 100G}",0.000121823308661637,0.125382262996942,0.000971615169081839,7.69751491397479,41
"{CORN RIP-ROP 100G,LAPTE DE CONSUM 1.5% GRASIME FRISS CUTIE 1L} => {UNT 65% GRASIME FRISS 180G}",0.000121823308661637,0.129746835443038,0.000938930866757985,13.2846628259388,41
"{_ARDEI ROSU CAPIA,UNT 65% GRASIME FRISS 180G} => {_BANANE}",0.000130737209295416,0.255813953488372,0.000511063636336625,2.78642480058166,44
"{FRANZELA RIP-ROP 1KG,UNT 65% GRASIME FRISS 180G} => {LAPTE DE CONSUM 1.5% GRASIME FRISS CUTIE 1L}",0.000109938107816599,0.28030303030303,0.000392211627886247,9.83289824448361,37
"{LAPTE DE CONSUM 1.5% GRASIME FRISS CUTIE 1L,UNT 65% GRASIME FRISS 180G} => {FRANZELA RIP-ROP 1KG}",0.000109938107816599,0.113149847094801,0.000971615169081839,4.11241042001044,37
"{FRANZELA RIP-ROP 1KG,UNT 65% GRASIME FRISS 180G} => {_BANANE}",0.000121823308661637,0.310606060606061,0.000392211627886247,3.38324168279991,41
"{SMANTANA 20% GRASIME FRISS 300G,UNT 65% GRASIME FRISS 180G} => {_BANANE}",0.000157478911196751,0.176079734219269,0.000894361363589093,1.91792875884192,53
"{_TELINA,UNT 65% GRASIME FRISS 180G} => {_PATRUNJEL RADACINA KG}",0.00021690491542194,0.553030303030303,0.000392211627886247,24.1750886577163,73
"{_PATRUNJEL RADACINA KG,UNT 65% GRASIME FRISS 180G} => {_TELINA}",0.00021690491542194,0.536764705882353,0.000404096828731285,25.6313524487548,73
"{_TELINA,UNT 65% GRASIME FRISS 180G} => {_MORCOVI}",0.000264445718802091,0.674242424242424,0.000392211627886247,16.0763946585944,89
"{_MORCOVI,UNT 65% GRASIME FRISS 180G} => {_TELINA}",0.000264445718802091,0.400900900900901,0.000659628646899597,19.1436437146568,89
"{_LAMAIE^2 A nu se consuma coaja,UNT 65% GRASIME FRISS 180G} => {_BANANE}",0.000187191913309345,0.270386266094421,0.000692312949223451,2.94515208145756,63
"{_BANANE,UNT 65% GRASIME FRISS 180G} => {_LAMAIE^2 A nu se consuma coaja}",0.000187191913309345,0.117757009345794,0.0015896456130238,4.40986700415657,63
"{_PATRUNJEL RADACINA KG,UNT 65% GRASIME FRISS 180G} => {_MORCOVI}",0.000314957822393501,0.779411764705882,0.000404096828731284,18.5840147110917,106
"{_MORCOVI,UNT 65% GRASIME FRISS 180G} => {_PATRUNJEL RADACINA KG}",0.000314957822393501,0.477477477477477,0.000659628646899597,20.8723830987761,106
"{LAPTE DE CONSUM 1.5% GRASIME FRISS CUTIE 1L,UNT 65% GRASIME FRISS 180G} => {_BANANE}",0.000172335412253048,0.17737003058104,0.000971615169081838,1.93198316726457,58
"{_BANANE,UNT 65% GRASIME FRISS 180G} => {LAPTE DE CONSUM 1.5% GRASIME FRISS CUTIE 1L}",0.000172335412253048,0.108411214953271,0.0015896456130238,3.80301434502483,58
"{APA MINERALA NATURALA CARBOGAZIFICATA CONTINUT REDUS CO2 TUSNAD 2L,UNT 65% GRASIME FRISS 180G} => {_BANANE}",0.00010696680760534,0.191489361702128,0.000558604439716776,2.08577639811432,36
"{PAINE DE CASA PE FOI DE VARZA RIP-ROP 1KG,UNT 65% GRASIME FRISS 180G} => {_BANANE}",0.000118852008450378,0.186046511627907,0.000638829545420781,2.02649076405939,40
"{_MORCOVI,UNT 65% GRASIME FRISS 180G} => {_BANANE}",0.000112909408027859,0.171171171171171,0.000659628646899597,1.86446278630239,38
"{PAINE CU CARTOFI FELII BACHUS 1.2 KG,UNT 65% GRASIME FRISS 180G} => {_BANANE}",0.000118852008450378,0.141843971631206,0.000837906659575163,1.54501955415875,40
"{_MERE GOLDEN,DANONE ACTIVIA NATUR 125G} => {_BANANE}",0.000103995507394081,0.353535353535354,0.000294158720914685,3.85084419180477,35
"{_MERE ROSII,DANONE ACTIVIA NATUR 125G} => {_BANANE}",0.000139651109929194,0.324137931034483,0.00043083853063262,3.5306360639345,47
"{DANONE ACTIVIA NATUR 125G,SMANTANA 20% GRASIME FRISS 300G} => {_BANANE}",0.000136679809717934,0.262857142857143,0.000519977536970403,2.86314195093534,46
"{_TELINA,DANONE ACTIVIA NATUR 125G} => {_PATRUNJEL RADACINA KG}",0.000151536310774232,0.455357142857143,0.000332785623661058,19.9054179114171,51
"{_PATRUNJEL RADACINA KG,DANONE ACTIVIA NATUR 125G} => {_TELINA}",0.000151536310774232,0.447368421052632,0.000338728224083577,21.3625403249895,51
"{_TELINA,DANONE ACTIVIA NATUR 125G} => {_MORCOVI}",0.000190163213520604,0.571428571428571,0.000332785623661058,13.6249380092101,64
"{_MORCOVI,DANONE ACTIVIA NATUR 125G} => {_TELINA}",0.000190163213520604,0.289592760180996,0.000656657346688337,13.8285062737223,64
"{_LAMAIE^2 A nu se consuma coaja,DANONE ACTIVIA NATUR 125G} => {_BANANE}",0.000187191913309345,0.264705882352941,0.000707169450279748,2.88327913856979,63
"{_PATRUNJEL RADACINA KG,DANONE ACTIVIA NATUR 125G} => {_MORCOVI}",0.000258503118379572,0.763157894736842,0.000338728224083577,18.1964632623003,87
"{_MORCOVI,DANONE ACTIVIA NATUR 125G} => {_PATRUNJEL RADACINA KG}",0.000258503118379572,0.393665158371041,0.000656657346688337,17.2086232036951,87
"{DANONE ACTIVIA NATUR 125G,LAPTE DE CONSUM 1.5% GRASIME FRISS CUTIE 1L} => {_BANANE}",0.000136679809717934,0.233502538071066,0.000585346141618111,2.54340021022175,46
"{APA MINERALA NATURALA CARBOGAZIFICATA CONTINUT REDUS CO2 TUSNAD 2L,DANONE ACTIVIA NATUR 125G} => {PAINE CU CARTOFI FELII BACHUS 1.2 KG}",0.000300101321337204,0.314641744548287,0.000953787367814282,4.2171892892457,101
"{DANONE ACTIVIA NATUR 125G,PAINE CU CARTOFI FELII BACHUS 1.2 KG} => {APA MINERALA NATURALA CARBOGAZIFICATA CONTINUT REDUS CO2 TUSNAD 2L}",0.000300101321337204,0.208247422680412,0.00144108060246083,3.88957738195021,101
"{APA MINERALA NATURALA CARBOGAZIFICATA CONTINUT REDUS CO2 TUSNAD 2L,DANONE ACTIVIA NATUR 125G} => {_BANANE}",0.000101024207182821,0.105919003115265,0.000953787367814282,1.15371086333911,34
"{DANONE ACTIVIA NATUR 125G,PAINE DE CASA PE FOI DE VARZA RIP-ROP 1KG} => {_BANANE}",0.00021690491542194,0.279693486590038,0.000775509355138715,3.04652993696476,73
"{_BANANE,DANONE ACTIVIA NATUR 125G} => {PAINE DE CASA PE FOI DE VARZA RIP-ROP 1KG}",0.00021690491542194,0.1,0.00216904915421939,1.71404634581105,73
"{_MORCOVI,DANONE ACTIVIA NATUR 125G} => {_BANANE}",0.00016045021140801,0.244343891402715,0.000656657346688337,2.66148843560288,54
"{_GULII,PASTE ATA PAIANJENULUI CU 8 OUA GYERMELYI 250G} => {_ARDEI ALB BIANCA}",0.000101024207182821,0.145299145299145,0.00069528424943471,14.429289834129,34
"{_ARDEI ALB BIANCA,PASTE ATA PAIANJENULUI CU 8 OUA GYERMELYI 250G} => {_GULII}",0.000101024207182821,0.261538461538462,0.000386269027463728,28.476723987756,34
"{_ARDEI ALB BIANCA,_GULII} => {PASTE ATA PAIANJENULUI CU 8 OUA GYERMELYI 250G}",0.000101024207182821,0.120141342756184,0.000840877959786423,11.0960289046712,34
"{_GULII,PASTE ATA PAIANJENULUI CU 8 OUA GYERMELYI 250G} => {_TELINA}",0.00048135063422403,0.692307692307692,0.00069528424943471,33.0587728106173,162
"{_TELINA,PASTE ATA PAIANJENULUI CU 8 OUA GYERMELYI 250G} => {_GULII}",0.00048135063422403,0.284710017574692,0.00169066982020662,30.9996798915611,162
"{_GULII,_TELINA} => {PASTE ATA PAIANJENULUI CU 8 OUA GYERMELYI 250G}",0.00048135063422403,0.116045845272206,0.00414793509491818,10.7177764445381,162
"{_GULII,PASTE ATA PAIANJENULUI CU 8 OUA GYERMELYI 250G} => {_PATRUNJEL RADACINA KG}",0.00048135063422403,0.692307692307692,0.00069528424943471,30.2634408064983,162
"{_PATRUNJEL RADACINA KG,PASTE ATA PAIANJENULUI CU 8 OUA GYERMELYI 250G} => {_GULII}",0.00048135063422403,0.265573770491803,0.00181249312886826,28.9160948496693,162
"{_GULII,_PATRUNJEL RADACINA KG} => {PASTE ATA PAIANJENULUI CU 8 OUA GYERMELYI 250G}",0.00048135063422403,0.114730878186969,0.00419547589829834,10.5963285528153,162
"{_GULII,PASTE ATA PAIANJENULUI CU 8 OUA GYERMELYI 250G} => {_MORCOVI}",0.000496207135280327,0.713675213675214,0.00069528424943471,17.0166159538104,167
"{_MORCOVI,PASTE ATA PAIANJENULUI CU 8 OUA GYERMELYI 250G} => {_GULII}",0.000496207135280327,0.210062893081761,0.00236218366795126,22.8719821596072,167
"{_ARDEI ALB BIANCA,PASTE ATA PAIANJENULUI CU 8 OUA GYERMELYI 250G} => {_TELINA}",0.000187191913309345,0.484615384615385,0.000386269027463728,23.1411409674321,63
"{_TELINA,PASTE ATA PAIANJENULUI CU 8 OUA GYERMELYI 250G} => {_ARDEI ALB BIANCA}",0.000187191913309345,0.110720562390158,0.00169066982020662,10.9953784107686,63
"{_ARDEI ALB BIANCA,_TELINA} => {PASTE ATA PAIANJENULUI CU 8 OUA GYERMELYI 250G}",0.000187191913309345,0.10732538330494,0.00174415322400929,9.91237094605587,63
"{_ARDEI ALB BIANCA,PASTE ATA PAIANJENULUI CU 8 OUA GYERMELYI 250G} => {_PATRUNJEL RADACINA KG}",0.00021690491542194,0.561538461538462,0.000386269027463728,24.5470130986042,73
"{_PATRUNJEL RADACINA KG,PASTE ATA PAIANJENULUI CU 8 OUA GYERMELYI 250G} => {_ARDEI ALB BIANCA}",0.00021690491542194,0.119672131147541,0.00181249312886826,11.8843360147826,73
"{_ARDEI ALB BIANCA,_PATRUNJEL RADACINA KG} => {PASTE ATA PAIANJENULUI CU 8 OUA GYERMELYI 250G}",0.00021690491542194,0.12784588441331,0.00169661242062914,11.8076059102505,73
"{_ARDEI ALB BIANCA,PASTE ATA PAIANJENULUI CU 8 OUA GYERMELYI 250G} => {_MORCOVI}",0.000246617917534534,0.638461538461538,0.000386269027463728,15.2232480449059,83
"{_MORCOVI,PASTE ATA PAIANJENULUI CU 8 OUA GYERMELYI 250G} => {_ARDEI ALB BIANCA}",0.000246617917534534,0.10440251572327,0.00236218366795126,10.3679492104496,83
"{_USTUROI,PASTE ATA PAIANJENULUI CU 8 OUA GYERMELYI 250G} => {_TELINA}",0.000121823308661637,0.431578947368421,0.000282273520069647,20.6085683135193,41
"{_TELINA,_USTUROI} => {PASTE ATA PAIANJENULUI CU 8 OUA GYERMELYI 250G}",0.000121823308661637,0.108753315649867,0.00112018017964481,10.0442520971212,41
"{_USTUROI,PASTE ATA PAIANJENULUI CU 8 OUA GYERMELYI 250G} => {_PATRUNJEL RADACINA KG}",0.000136679809717934,0.484210526315789,0.000282273520069647,21.1667106459486,46
"{_PATRUNJEL RADACINA KG,_USTUROI} => {PASTE ATA PAIANJENULUI CU 8 OUA GYERMELYI 250G}",0.000136679809717934,0.122015915119363,0.00112018017964481,11.2691608894531,46
"{_USTUROI,PASTE ATA PAIANJENULUI CU 8 OUA GYERMELYI 250G} => {_MORCOVI}",0.000151536310774232,0.536842105263158,0.000282273520069647,12.8002707086526,51
"{COTLET PORC FARA OS,PASTE ATA PAIANJENULUI CU 8 OUA GYERMELYI 250G} => {_TELINA}",0.000109938107816599,0.305785123966942,0.000359527325562393,14.6017169163516,37
"{_TELINA,COTLET PORC FARA OS} => {PASTE ATA PAIANJENULUI CU 8 OUA GYERMELYI 250G}",0.000109938107816599,0.136531365313653,0.00080522235725131,12.6097806230532,37
"{COTLET PORC FARA OS,PASTE ATA PAIANJENULUI CU 8 OUA GYERMELYI 250G} => {_PATRUNJEL RADACINA KG}",0.000101024207182821,0.28099173553719,0.000359527325562393,12.2832330913428,34
"{_PATRUNJEL RADACINA KG,COTLET PORC FARA OS} => {PASTE ATA PAIANJENULUI CU 8 OUA GYERMELYI 250G}",0.000101024207182821,0.111842105263158,0.000903275264222871,10.329526907967,34
"{COTLET PORC FARA OS,PASTE ATA PAIANJENULUI CU 8 OUA GYERMELYI 250G} => {_MORCOVI}",0.000127765909084156,0.355371900826446,0.000359527325562393,8.47336020820708,43
"{_CARTOFI ALBI,PASTE ATA PAIANJENULUI CU 8 OUA GYERMELYI 250G} => {_TELINA}",0.000112909408027859,0.345454545454545,0.000326843023238539,16.4959937054999,38
"{_CARTOFI ALBI,_TELINA} => {PASTE ATA PAIANJENULUI CU 8 OUA GYERMELYI 250G}",0.000112909408027859,0.101604278074866,0.00111126627901103,9.38398040585359,38
"{_CARTOFI ALBI,PASTE ATA PAIANJENULUI CU 8 OUA GYERMELYI 250G} => {_PATRUNJEL RADACINA KG}",0.000103995507394081,0.318181818181818,0.000326843023238539,13.9089551181381,35
"{_CARTOFI ALBI,PASTE ATA PAIANJENULUI CU 8 OUA GYERMELYI 250G} => {_MORCOVI}",0.000124794608872897,0.381818181818182,0.000326843023238539,9.10393585160854,42
"{_CEAPA GALBENA,PASTE ATA PAIANJENULUI CU 8 OUA GYERMELYI 250G} => {_TELINA}",0.000163421511619269,0.379310344827586,0.00043083853063262,18.1126609652041,55
"{_CEAPA GALBENA,PASTE ATA PAIANJENULUI CU 8 OUA GYERMELYI 250G} => {_PATRUNJEL RADACINA KG}",0.000157478911196751,0.36551724137931,0.00043083853063262,15.9781691307873,53
"{_CEAPA GALBENA,PASTE ATA PAIANJENULUI CU 8 OUA GYERMELYI 250G} => {_MORCOVI}",0.000205019714576902,0.475862068965517,0.00043083853063262,11.3462845835318,69
"{_ARDEI ROSU CAPIA,PASTE ATA PAIANJENULUI CU 8 OUA GYERMELYI 250G} => {_TELINA}",0.000109938107816599,0.316239316239316,0.000347642124717355,15.1009209134919,37
"{_ARDEI ROSU CAPIA,PASTE ATA PAIANJENULUI CU 8 OUA GYERMELYI 250G} => {_PATRUNJEL RADACINA KG}",0.000118852008450378,0.341880341880342,0.000347642124717355,14.9449090402461,40
"{_ARDEI ROSU CAPIA,PASTE ATA PAIANJENULUI CU 8 OUA GYERMELYI 250G} => {_MORCOVI}",0.000136679809717934,0.393162393162393,0.000347642124717355,9.37442316018299,46
"{PASTE ATA PAIANJENULUI CU 8 OUA GYERMELYI 250G,SMANTANA 20% GRASIME FRISS 300G} => {_MORCOVI}",0.000121823308661637,0.245508982035928,0.000496207135280327,5.85382815665163,41
"{_TELINA,PASTE ATA PAIANJENULUI CU 8 OUA GYERMELYI 250G} => {_PATRUNJEL RADACINA KG}",0.00120337658556008,0.711775043936731,0.00169066982020662,31.1144338695985,405
"{_PATRUNJEL RADACINA KG,PASTE ATA PAIANJENULUI CU 8 OUA GYERMELYI 250G} => {_TELINA}",0.00120337658556008,0.663934426229508,0.00181249312886826,31.7039050724773,405
"{_PATRUNJEL RADACINA KG,_TELINA} => {PASTE ATA PAIANJENULUI CU 8 OUA GYERMELYI 250G}",0.00120337658556008,0.10475944128298,0.011487046616729,9.67538535733005,405
"{CARNE TOCATA PORC VRAC,PASTE ATA PAIANJENULUI CU 8 OUA GYERMELYI 250G} => {_TELINA}",0.000115880708239118,0.173333333333333,0.000668542547533375,8.27693719258419,39
"{APA MINERALA NATURALA CARBOGAZIFICATA CONTINUT REDUS CO2 TUSNAD 2L,PASTE ATA PAIANJENULUI CU 8 OUA GYERMELYI 250G} => {_TELINA}",0.000109938107816599,0.187817258883249,0.000585346141618111,8.96856724303831,37
"{_TELINA,APA MINERALA NATURALA CARBOGAZIFICATA CONTINUT REDUS CO2 TUSNAD 2L} => {PASTE ATA PAIANJENULUI CU 8 OUA GYERMELYI 250G}",0.000109938107816599,0.113846153846154,0.00096567256865932,10.5146170733767,37
"{PAINE DE CASA PE FOI DE VARZA RIP-ROP 1KG,PASTE ATA PAIANJENULUI CU 8 OUA GYERMELYI 250G} => {_TELINA}",0.000124794608872897,0.189189189189189,0.000659628646899597,9.03407905635488,42
"{_TELINA,PASTE ATA PAIANJENULUI CU 8 OUA GYERMELYI 250G} => {_MORCOVI}",0.00131034339316542,0.775043936731107,0.00169066982020662,18.4798697866571,441
"{_MORCOVI,PASTE ATA PAIANJENULUI CU 8 OUA GYERMELYI 250G} => {_TELINA}",0.00131034339316542,0.554716981132075,0.00236218366795126,26.4886016105198,441
"{PAINE CU CARTOFI FELII BACHUS 1.2 KG,PASTE ATA PAIANJENULUI CU 8 OUA GYERMELYI 250G} => {_TELINA}",0.000127765909084156,0.140983606557377,0.000906246564434131,6.73218724995813,43
"{_TELINA,PASTE ATA PAIANJENULUI CU 8 OUA GYERMELYI 250G} => {_BANANE}",0.000199077114154383,0.117750439367311,0.00169066982020662,1.28258345589963,67
"{_BANANE,PASTE ATA PAIANJENULUI CU 8 OUA GYERMELYI 250G} => {_TELINA}",0.000199077114154383,0.167082294264339,0.00119149138471504,7.97844032087772,67
"{_LAMAIE^2 A nu se consuma coaja,PASTE ATA PAIANJENULUI CU 8 OUA GYERMELYI 250G} => {_PATRUNJEL RADACINA KG}",0.000103995507394081,0.198863636363636,0.000522948837181662,8.69309694883633,35
"{_LAMAIE^2 A nu se consuma coaja,PASTE ATA PAIANJENULUI CU 8 OUA GYERMELYI 250G} => {_MORCOVI}",0.000145593710351713,0.278409090909091,0.000522948837181662,6.63828655846456,49
"{_LAMAIE^2 A nu se consuma coaja,PASTE ATA PAIANJENULUI CU 8 OUA GYERMELYI 250G} => {_BANANE}",0.000101024207182821,0.193181818181818,0.000522948837181662,2.10421129052189,34
"{LAPTE DE CONSUM 1.5% GRASIME FRISS CUTIE 1L,PASTE ATA PAIANJENULUI CU 8 OUA GYERMELYI 250G} => {_PATRUNJEL RADACINA KG}",0.000109938107816599,0.201086956521739,0.000546719238871738,8.79028685261214,37
"{_PATRUNJEL RADACINA KG,LAPTE DE CONSUM 1.5% GRASIME FRISS CUTIE 1L} => {PASTE ATA PAIANJENULUI CU 8 OUA GYERMELYI 250G}",0.000109938107816599,0.104815864022663,0.00104886897457458,9.68059645565842,37
"{CARNE TOCATA PORC VRAC,PASTE ATA PAIANJENULUI CU 8 OUA GYERMELYI 250G} => {_PATRUNJEL RADACINA KG}",0.000124794608872897,0.186666666666667,0.000668542547533375,8.15992033597437,42
"{APA MINERALA NATURALA CARBOGAZIFICATA CONTINUT REDUS CO2 TUSNAD 2L,PASTE ATA PAIANJENULUI CU 8 OUA GYERMELYI 250G} => {_PATRUNJEL RADACINA KG}",0.000124794608872897,0.213197969543147,0.000585346141618111,9.31970596748342,42
"{_PATRUNJEL RADACINA KG,APA MINERALA NATURALA CARBOGAZIFICATA CONTINUT REDUS CO2 TUSNAD 2L} => {PASTE ATA PAIANJENULUI CU 8 OUA GYERMELYI 250G}",0.000124794608872897,0.116991643454039,0.00106669677584214,10.805128589294,42
"{PAINE DE CASA PE FOI DE VARZA RIP-ROP 1KG,PASTE ATA PAIANJENULUI CU 8 OUA GYERMELYI 250G} => {_PATRUNJEL RADACINA KG}",0.000112909408027859,0.171171171171171,0.000659628646899597,7.48255243163673,38
"{_PATRUNJEL RADACINA KG,PASTE ATA PAIANJENULUI CU 8 OUA GYERMELYI 250G} => {_MORCOVI}",0.00153319090900987,0.845901639344262,0.00181249312886826,20.1693754464208,516
"{_MORCOVI,PASTE ATA PAIANJENULUI CU 8 OUA GYERMELYI 250G} => {_PATRUNJEL RADACINA KG}",0.00153319090900987,0.649056603773585,0.00236218366795126,28.3727688231993,516
"{PAINE CU CARTOFI FELII BACHUS 1.2 KG,PASTE ATA PAIANJENULUI CU 8 OUA GYERMELYI 250G} => {_PATRUNJEL RADACINA KG}",0.000169364112041788,0.186885245901639,0.000906246564434131,8.16947527781977,57
"{_PATRUNJEL RADACINA KG,PAINE CU CARTOFI FELII BACHUS 1.2 KG} => {PASTE ATA PAIANJENULUI CU 8 OUA GYERMELYI 250G}",0.000169364112041788,0.104014598540146,0.00162827251577018,9.60659307971508,57
"{_PATRUNJEL RADACINA KG,PASTE ATA PAIANJENULUI CU 8 OUA GYERMELYI 250G} => {_BANANE}",0.000196105813943123,0.108196721311475,0.00181249312886826,1.17852065336077,66
"{_BANANE,PASTE ATA PAIANJENULUI CU 8 OUA GYERMELYI 250G} => {_PATRUNJEL RADACINA KG}",0.000196105813943123,0.164588528678304,0.00119149138471504,7.19479972623319,66
"{LAPTE DE CONSUM 1.5% GRASIME FRISS CUTIE 1L,PASTE ATA PAIANJENULUI CU 8 OUA GYERMELYI 250G} => {_MORCOVI}",0.000127765909084156,0.233695652173913,0.000546719238871738,5.57215535431009,43
"{CARNE TOCATA PORC VRAC,PASTE ATA PAIANJENULUI CU 8 OUA GYERMELYI 250G} => {_MORCOVI}",0.000193134513731864,0.288888888888889,0.000668542547533375,6.8881631046562,65
"{APA MINERALA NATURALA CARBOGAZIFICATA CONTINUT REDUS CO2 TUSNAD 2L,PASTE ATA PAIANJENULUI CU 8 OUA GYERMELYI 250G} => {_MORCOVI}",0.000151536310774232,0.258883248730964,0.000585346141618111,6.17271937726902,51
"{PAINE DE CASA PE FOI DE VARZA RIP-ROP 1KG,PASTE ATA PAIANJENULUI CU 8 OUA GYERMELYI 250G} => {_MORCOVI}",0.000154507610985491,0.234234234234234,0.000659628646899597,5.5849971118834,52
"{PAINE CU CARTOFI FELII BACHUS 1.2 KG,PASTE ATA PAIANJENULUI CU 8 OUA GYERMELYI 250G} => {_MORCOVI}",0.000231761416478237,0.255737704918033,0.000906246564434131,6.09771815822024,78
"{_MORCOVI,PASTE ATA PAIANJENULUI CU 8 OUA GYERMELYI 250G} => {_BANANE}",0.000243646617323274,0.10314465408805,0.00236218366795126,1.1234915776845,82
"{_BANANE,PASTE ATA PAIANJENULUI CU 8 OUA GYERMELYI 250G} => {_MORCOVI}",0.000243646617323274,0.204488778054863,0.00119149138471504,4.87575711800909,82
"{PAINE CU CARTOFI FELII BACHUS 1.2 KG,PASTE ATA PAIANJENULUI CU 8 OUA GYERMELYI 250G} => {_BANANE}",0.00010696680760534,0.118032786885246,0.000906246564434131,1.28565889457538,36
"{_ARDEI ALB BIANCA,_GULII} => {_ARDEI ROSU CAPIA}",0.000121823308661637,0.144876325088339,0.000840877959786423,7.77648514154001,41
"{_ARDEI ROSU CAPIA,_GULII} => {_ARDEI ALB BIANCA}",0.000121823308661637,0.201970443349754,0.000603173942885667,20.0571728004396,41
"{_ARDEI ALB BIANCA,_GULII} => {_TELINA}",0.0005348340380267,0.636042402826855,0.000840877959786423,30.372017423182,180
"{_GULII,_TELINA} => {_ARDEI ALB BIANCA}",0.0005348340380267,0.128939828080229,0.00414793509491819,12.8046875066053,180
"{_ARDEI ALB BIANCA,_TELINA} => {_GULII}",0.0005348340380267,0.30664395229983,0.00174415322400929,33.3878816170704,180
"{_ARDEI ALB BIANCA,_GULII} => {_PATRUNJEL RADACINA KG}",0.00053780533823796,0.639575971731449,0.000840877959786423,27.9583338114215,181
"{_GULII,_PATRUNJEL RADACINA KG} => {_ARDEI ALB BIANCA}",0.00053780533823796,0.128186968838527,0.00419547589829834,12.7299229635623,181
"{_ARDEI ALB BIANCA,_PATRUNJEL RADACINA KG} => {_GULII}",0.00053780533823796,0.316987740805604,0.00169661242062914,34.5141297739723,181
"{_ARDEI ALB BIANCA,_GULII} => {_MORCOVI}",0.000600202642674408,0.713780918727915,0.000840877959786423,17.0191363471935,202
"{_GULII,_MORCOVI} => {_ARDEI ALB BIANCA}",0.000600202642674408,0.120669056152927,0.00497395655364831,11.9833381101906,202
"{_ARDEI ALB BIANCA,_MORCOVI} => {_GULII}",0.000600202642674408,0.236811254396249,0.00253451908020431,25.7843863153739,202
"{_ARDEI ALB BIANCA,_GULII} => {_BANANE}",0.000154507610985491,0.183745583038869,0.000840877959786423,2.00142815743675,52
"{_BANANE,_GULII} => {_ARDEI ALB BIANCA}",0.000154507610985491,0.109704641350211,0.00140839630013698,10.8944898673171,52
"{_GULII,_USTUROI} => {_TELINA}",0.000258503118379572,0.69047619047619,0.00037438382661869,32.9713157396898,87
"{_TELINA,_USTUROI} => {_GULII}",0.000258503118379572,0.230769230769231,0.00112018017964481,25.1265211656671,87
"{_GULII,_USTUROI} => {_PATRUNJEL RADACINA KG}",0.00026741701901335,0.714285714285714,0.00037438382661869,31.2241849590856,90
"{_PATRUNJEL RADACINA KG,_USTUROI} => {_GULII}",0.00026741701901335,0.238726790450928,0.00112018017964481,25.9929529300004,90
"{_GULII,_USTUROI} => {_MORCOVI}",0.000282273520069647,0.753968253968254,0.00037438382661869,17.9773487621522,95
"{_MORCOVI,_USTUROI} => {_GULII}",0.000282273520069647,0.137880986937591,0.00204722584555776,15.0127013253986,95
"{_CASTRAVETI CORNISON,_GULII} => {_TELINA}",0.000101024207182821,0.435897435897436,0.000231761416478237,20.814782880759,34
"{_CASTRAVETI CORNISON,_TELINA} => {_GULII}",0.000101024207182821,0.193181818181818,0.000522948837181662,21.0339438545925,34
"{_CASTRAVETI CORNISON,_GULII} => {_PATRUNJEL RADACINA KG}",0.00010696680760534,0.461538461538462,0.000231761416478237,20.1756272043322,36
"{_CASTRAVETI CORNISON,_PATRUNJEL RADACINA KG} => {_GULII}",0.00010696680760534,0.19047619047619,0.000561575739928035,20.7393508034077,36
"{_CASTRAVETI CORNISON,_GULII} => {_MORCOVI}",0.000136679809717934,0.58974358974359,0.000231761416478237,14.0616347402745,46
"{_CASTRAVETI CORNISON,_MORCOVI} => {_GULII}",0.000136679809717934,0.131054131054131,0.00104292637415207,14.2693823903788,46
"{_GULII,_MERE GOLDEN} => {_TELINA}",0.000148565010562972,0.568181818181818,0.000261474418590831,27.1315685945723,50
"{_MERE GOLDEN,_TELINA} => {_GULII}",0.000148565010562972,0.314465408805031,0.000472436733590252,34.239494250909,50
"{_GULII,_MERE GOLDEN} => {_PATRUNJEL RADACINA KG}",0.000127765909084156,0.488636363636364,0.000261474418590831,21.3601810742836,43
"{_MERE GOLDEN,_PATRUNJEL RADACINA KG} => {_GULII}",0.000127765909084156,0.259036144578313,0.000493235835069068,28.2042677341524,43
"{_GULII,_MERE GOLDEN} => {_MORCOVI}",0.000133708509506675,0.511363636363636,0.000261474418590831,12.1927712298329,45
"{_MERE GOLDEN,_MORCOVI} => {_GULII}",0.000133708509506675,0.138461538461538,0.00096567256865932,15.0759126994002,45
"{_GULII,ELAN ULEI RAFINAT DE FLOAREA SOARELUI 1L} => {_TELINA}",0.000118852008450378,0.506329113924051,0.000234732716689496,24.1780054311125,40
"{_TELINA,ELAN ULEI RAFINAT DE FLOAREA SOARELUI 1L} => {_GULII}",0.000118852008450378,0.256410256410256,0.000463522832956473,27.9183568507412,40
"{_GULII,ELAN ULEI RAFINAT DE FLOAREA SOARELUI 1L} => {_PATRUNJEL RADACINA KG}",0.000118852008450378,0.506329113924051,0.000234732716689496,22.1335994646683,40
"{_PATRUNJEL RADACINA KG,ELAN ULEI RAFINAT DE FLOAREA SOARELUI 1L} => {_GULII}",0.000118852008450378,0.216216216216216,0.000549690539082997,23.5419657768412,40
"{_GULII,ELAN ULEI RAFINAT DE FLOAREA SOARELUI 1L} => {_MORCOVI}",0.000136679809717934,0.582278481012658,0.000234732716689496,13.8836393638153,46
"{_MORCOVI,ELAN ULEI RAFINAT DE FLOAREA SOARELUI 1L} => {_GULII}",0.000136679809717934,0.127423822714681,0.00107263937626466,13.8741086399528,46
"{_CLEMENTINA^2 A nu se consuma coaja,_GULII} => {_TELINA}",0.000133708509506675,0.483870967741935,0.000276330919647128,23.1055938998938,45
"{_CLEMENTINA^2 A nu se consuma coaja,_TELINA} => {_GULII}",0.000133708509506675,0.216346153846154,0.000618030443941965,23.5561135928129,45
"{_CLEMENTINA^2 A nu se consuma coaja,_GULII} => {_PATRUNJEL RADACINA KG}",0.000151536310774232,0.548387096774194,0.000276330919647128,23.9721161943947,51
"{_CLEMENTINA^2 A nu se consuma coaja,_PATRUNJEL RADACINA KG} => {_GULII}",0.000151536310774232,0.218884120171674,0.000692312949223451,23.8324514060619,51
"{_CLEMENTINA^2 A nu se consuma coaja,_GULII} => {_MORCOVI}",0.000175306712464307,0.634408602150538,0.000276330919647128,15.1266112844187,59
"{_CLEMENTINA^2 A nu se consuma coaja,_MORCOVI} => {_GULII}",0.000175306712464307,0.153246753246753,0.00114395058133489,16.6857504191053,59
"{_GULII,OUA PROASPETE} => {_TELINA}",0.000103995507394081,0.472972972972973,0.000219876215633199,22.5851976408872,35
"{_TELINA,OUA PROASPETE} => {_GULII}",0.000103995507394081,0.167464114832536,0.000621001744153224,18.2337593785941,35
"{_GULII,OUA PROASPETE} => {_PATRUNJEL RADACINA KG}",0.000133708509506675,0.608108108108108,0.000219876215633199,26.5827520597621,45
"{_PATRUNJEL RADACINA KG,OUA PROASPETE} => {_GULII}",0.000133708509506675,0.181451612903226,0.000736882452392342,19.7567404326818,45
"{_GULII,OUA PROASPETE} => {_MORCOVI}",0.000154507610985491,0.702702702702703,0.000219876215633199,16.7549913356502,52
"{_MORCOVI,OUA PROASPETE} => {_GULII}",0.000154507610985491,0.125301204819277,0.00123308958767267,13.6429946248923,52
"{_GULII,COTLET PORC FARA OS} => {_TELINA}",0.000181249312886826,0.535087719298246,0.000338728224083577,25.5512737220463,61
"{_TELINA,COTLET PORC FARA OS} => {_GULII}",0.000181249312886826,0.225092250922509,0.00080522235725131,24.5084025638056,61
"{_GULII,COTLET PORC FARA OS} => {_PATRUNJEL RADACINA KG}",0.000202048414365642,0.596491228070175,0.000338728224083577,26.0749334044294,68
"{_PATRUNJEL RADACINA KG,COTLET PORC FARA OS} => {_GULII}",0.000202048414365642,0.223684210526316,0.000903275264222871,24.355092884265,68
"{_GULII,COTLET PORC FARA OS} => {_MORCOVI}",0.000210962314999421,0.62280701754386,0.000338728224083577,14.8499872600382,71
"{_MORCOVI,COTLET PORC FARA OS} => {_GULII}",0.000210962314999421,0.140316205533597,0.00150347790689728,15.2778518023127,71
"{_CARTOFI ALBI,_GULII} => {_TELINA}",0.000202048414365642,0.519083969465649,0.000389240327674987,24.7870696900642,68
"{_CARTOFI ALBI,_TELINA} => {_GULII}",0.000202048414365642,0.181818181818182,0.00111126627901103,19.7966530396165,68
"{_CARTOFI ALBI,_GULII} => {_PATRUNJEL RADACINA KG}",0.000219876215633199,0.564885496183206,0.000389240327674987,24.693324898941,74
"{_CARTOFI ALBI,_PATRUNJEL RADACINA KG} => {_GULII}",0.000219876215633199,0.168949771689498,0.00130142949253164,18.3955200619267,74
"{_CARTOFI ALBI,_GULII} => {_MORCOVI}",0.000258503118379572,0.66412213740458,0.000389240327674987,15.8350901671926,87
"{_CARTOFI ALBI,_MORCOVI} => {_GULII}",0.000258503118379572,0.106748466257669,0.00242160967217645,11.6229429195785,87
"{_GULII,PIEPT DE PUI FARA OS REFR.VRAC SZEKELY CSURKE} => {_TELINA}",0.000136679809717934,0.407079646017699,0.000335756923872317,19.4386884373148,46
"{_TELINA,PIEPT DE PUI FARA OS REFR.VRAC SZEKELY CSURKE} => {_GULII}",0.000136679809717934,0.190082644628099,0.000719054651124786,20.6965009050536,46
"{_GULII,PIEPT DE PUI FARA OS REFR.VRAC SZEKELY CSURKE} => {_PATRUNJEL RADACINA KG}",0.000169364112041788,0.504424778761062,0.000335756923872317,22.0503536259737,57
"{_PATRUNJEL RADACINA KG,PIEPT DE PUI FARA OS REFR.VRAC SZEKELY CSURKE} => {_GULII}",0.000169364112041788,0.198606271777003,0.000852763160631461,21.6245669962361,57
"{_GULII,PIEPT DE PUI FARA OS REFR.VRAC SZEKELY CSURKE} => {_MORCOVI}",0.000199077114154383,0.592920353982301,0.000335756923872317,14.1373803679635,67
"{_MORCOVI,PIEPT DE PUI FARA OS REFR.VRAC SZEKELY CSURKE} => {_GULII}",0.000199077114154383,0.118794326241135,0.00167581331915033,12.9345153281891,67
"{_GULII,_ROSII VRAC} => {_TELINA}",0.000124794608872897,0.392523364485981,0.000317929122604761,18.7436032758017,42
"{_ROSII VRAC,_TELINA} => {_GULII}",0.000124794608872897,0.190909090909091,0.000653686046477078,20.7864856915973,42
"{_GULII,_ROSII VRAC} => {_PATRUNJEL RADACINA KG}",0.000127765909084156,0.401869158878505,0.000317929122604761,17.5672517246444,43
"{_PATRUNJEL RADACINA KG,_ROSII VRAC} => {_GULII}",0.000127765909084156,0.206730769230769,0.000618030443941965,22.5091752109101,43
"{_GULII,_ROSII VRAC} => {_MORCOVI}",0.000148565010562972,0.467289719626168,0.000317929122604761,11.1418885589335,50
"{_MORCOVI,_ROSII VRAC} => {_GULII}",0.000148565010562972,0.115740740740741,0.00128360169126408,12.6020360784596,50
"{_GULII,FRANZELA ALBA COUNTRY 1KG} => {_TELINA}",0.000115880708239118,0.4875,0.000237704016900756,23.278885854143,39
"{_TELINA,FRANZELA ALBA COUNTRY 1KG} => {_GULII}",0.000115880708239118,0.233532934131737,0.000496207135280327,25.4274375868128,39
"{_GULII,FRANZELA ALBA COUNTRY 1KG} => {_PATRUNJEL RADACINA KG}",0.000121823308661637,0.5125,0.000237704016900756,22.4033527081439,41
"{_PATRUNJEL RADACINA KG,FRANZELA ALBA COUNTRY 1KG} => {_GULII}",0.000121823308661637,0.190697674418605,0.000638829545420781,20.7634663275978,41
"{_GULII,FRANZELA ALBA COUNTRY 1KG} => {_MORCOVI}",0.000142622410140453,0.6,0.000237704016900756,14.3061849096706,48
"{_MORCOVI,FRANZELA ALBA COUNTRY 1KG} => {_GULII}",0.000142622410140453,0.142433234421365,0.00100132817119443,15.5083572773257,48
"{_GULII,FRANZELA ALBA BACHUS 1KG} => {_MORCOVI}",0.000109938107816599,0.560606060606061,0.000196105813943123,13.3668899408538,37
"{_GULII,_MERE ROSII} => {_TELINA}",0.000151536310774232,0.428571428571429,0.000353584725139874,20.4649545970488,51
"{_MERE ROSII,_TELINA} => {_GULII}",0.000151536310774232,0.218884120171674,0.000692312949223451,23.8324514060619,51
"{_GULII,_MERE ROSII} => {_PATRUNJEL RADACINA KG}",0.000169364112041788,0.478991596638655,0.000353584725139874,20.9385710902103,57
"{_MERE ROSII,_PATRUNJEL RADACINA KG} => {_GULII}",0.000169364112041788,0.228915662650602,0.000739853752603602,24.9247017185533,57
"{_GULII,_MERE ROSII} => {_MORCOVI}",0.000199077114154383,0.563025210084034,0.000353584725139874,13.4245712737805,67
"{_MERE ROSII,_MORCOVI} => {_GULII}",0.000199077114154383,0.136734693877551,0.00145593710351713,14.8878911124463,67
"{_GULII,_MERE ROSII} => {_BANANE}",0.00010696680760534,0.302521008403361,0.000353584725139874,3.29517615836548,36
"{_CEAPA GALBENA,_GULII} => {_TELINA}",0.000469465433378992,0.6171875,0.000760652854082418,29.4716663858541,158
"{_GULII,_TELINA} => {_CEAPA GALBENA}",0.000469465433378992,0.113180515759312,0.00414793509491819,6.15566291537554,158
"{_CEAPA GALBENA,_TELINA} => {_GULII}",0.000469465433378992,0.240121580547112,0.00195511553900871,26.1448198957853,158
"{_CEAPA GALBENA,_GULII} => {_PATRUNJEL RADACINA KG}",0.00048135063422403,0.6328125,0.000760652854082418,27.6626763621899,162
"{_GULII,_PATRUNJEL RADACINA KG} => {_CEAPA GALBENA}",0.00048135063422403,0.114730878186969,0.00419547589829834,6.23998404112135,162
"{_CEAPA GALBENA,_PATRUNJEL RADACINA KG} => {_GULII}",0.00048135063422403,0.241071428571429,0.00199671374196635,26.2482408605629,162
"{_CEAPA GALBENA,_GULII} => {_MORCOVI}",0.000540776638449219,0.7109375,0.000760652854082418,16.9513388903649,182
"{_GULII,_MORCOVI} => {_CEAPA GALBENA}",0.000540776638449219,0.108721624850657,0.00497395655364831,5.91315271628365,182
"{_CEAPA GALBENA,_MORCOVI} => {_GULII}",0.000540776638449219,0.143081761006289,0.00377949386872201,15.5789698841636,182
"{_CEAPA GALBENA,_GULII} => {_BANANE}",0.000139651109929194,0.18359375,0.000760652854082418,1.9997743330879,47
"{_GULII,LAPTE DE CONSUM 3.5% GRASIME FRISS CUTIE 1L} => {_TELINA}",0.000190163213520604,0.547008547008547,0.000347642124717355,26.1205118503643,64
"{_TELINA,LAPTE DE CONSUM 3.5% GRASIME FRISS CUTIE 1L} => {_GULII}",0.000190163213520604,0.270042194092827,0.000704198150068489,29.4026239238186,64
"{_GULII,LAPTE DE CONSUM 3.5% GRASIME FRISS CUTIE 1L} => {_PATRUNJEL RADACINA KG}",0.000193134513731864,0.555555555555556,0.000347642124717355,24.2854771903999,65
"{_PATRUNJEL RADACINA KG,LAPTE DE CONSUM 3.5% GRASIME FRISS CUTIE 1L} => {_GULII}",0.000193134513731864,0.238970588235294,0.000808193657462569,26.0194980208195,65
"{_GULII,LAPTE DE CONSUM 3.5% GRASIME FRISS CUTIE 1L} => {_MORCOVI}",0.000219876215633199,0.632478632478632,0.000347642124717355,15.0805937794248,74
"{_MORCOVI,LAPTE DE CONSUM 3.5% GRASIME FRISS CUTIE 1L} => {_GULII}",0.000219876215633199,0.155136268343816,0.00141731020077076,16.8914838304484,74
"{_ARDEI ROSU CAPIA,_GULII} => {_TELINA}",0.000317929122604761,0.527093596059113,0.000603173942885667,25.1695418607382,107
"{_ARDEI ROSU CAPIA,_TELINA} => {_GULII}",0.000317929122604761,0.218367346938776,0.00145593710351713,23.7761843139067,107
"{_ARDEI ROSU CAPIA,_GULII} => {_PATRUNJEL RADACINA KG}",0.000359527325562393,0.596059113300493,0.000603173942885667,26.0560440003404,121
"{_ARDEI ROSU CAPIA,_PATRUNJEL RADACINA KG} => {_GULII}",0.000359527325562393,0.237254901960784,0.00151536310774232,25.8326913683623,121
"{_ARDEI ROSU CAPIA,_GULII} => {_MORCOVI}",0.000410039429153803,0.679802955665025,0.000603173942885667,16.208977976474,138
"{_ARDEI ROSU CAPIA,_MORCOVI} => {_GULII}",0.000410039429153803,0.163895486935867,0.00250183477788045,17.8452014929559,138
"{_ARDEI ROSU CAPIA,_GULII} => {_BANANE}",0.000151536310774232,0.251231527093596,0.000603173942885667,2.73651123496443,51
"{_BANANE,_GULII} => {_ARDEI ROSU CAPIA}",0.000151536310774232,0.107594936708861,0.00140839630013698,5.77534270082571,51
"{_GULII,FRANZELA RIP-ROP 1KG} => {_TELINA}",0.000112909408027859,0.441860465116279,0.000255531818168312,21.0995268326162,38
"{_TELINA,FRANZELA RIP-ROP 1KG} => {_GULII}",0.000112909408027859,0.189054726368159,0.000597231342463148,20.5845795287554,38
"{_GULII,FRANZELA RIP-ROP 1KG} => {_PATRUNJEL RADACINA KG}",0.000121823308661637,0.476744186046512,0.000255531818168312,20.840328100599,41
"{_PATRUNJEL RADACINA KG,FRANZELA RIP-ROP 1KG} => {_GULII}",0.000121823308661637,0.175213675213675,0.00069528424943471,19.0775438480065,41
"{_GULII,FRANZELA RIP-ROP 1KG} => {_MORCOVI}",0.000142622410140453,0.558139534883721,0.000255531818168312,13.3080789857401,48
"{_MORCOVI,FRANZELA RIP-ROP 1KG} => {_GULII}",0.000142622410140453,0.108597285067873,0.00131331469337667,11.8242452544316,48
"{_GULII,SMANTANA 20% GRASIME FRISS 300G} => {_TELINA}",0.000249589217745793,0.464088397790055,0.00053780533823796,22.1609453095114,84
"{_TELINA,SMANTANA 20% GRASIME FRISS 300G} => {_GULII}",0.000249589217745793,0.217616580310881,0.00114692188154615,23.6944396484529,84
"{_GULII,SMANTANA 20% GRASIME FRISS 300G} => {_PATRUNJEL RADACINA KG}",0.000258503118379572,0.480662983425414,0.000537805338237959,21.0116338564454,87
"{_PATRUNJEL RADACINA KG,SMANTANA 20% GRASIME FRISS 300G} => {_GULII}",0.000258503118379572,0.210144927536232,0.00123011828746141,22.8809142015857,87
"{_GULII,SMANTANA 20% GRASIME FRISS 300G} => {_MORCOVI}",0.000276330919647128,0.513812154696133,0.00053780533823796,12.2511528231985,93
"{_MORCOVI,SMANTANA 20% GRASIME FRISS 300G} => {_GULII}",0.000276330919647128,0.133620689655172,0.00206802494703657,14.5488333760975,93
"{_GULII,_LAMAIE^2 A nu se consuma coaja} => {_TELINA}",0.000261474418590831,0.505747126436782,0.000517006236759143,24.1502146202722,88
"{_LAMAIE^2 A nu se consuma coaja,_TELINA} => {_GULII}",0.000261474418590831,0.211031175059952,0.00123903218809519,22.9774102426244,88
"{_GULII,_TELINA} => {_PATRUNJEL RADACINA KG}",0.00291484550724552,0.702722063037249,0.00414793509491819,30.7186931395474,981
"{_GULII,_PATRUNJEL RADACINA KG} => {_TELINA}",0.00291484550724552,0.694759206798867,0.00419547589829834,33.1758364537144,981
"{_PATRUNJEL RADACINA KG,_TELINA} => {_GULII}",0.00291484550724552,0.253750646663218,0.011487046616729,27.6287743081352,981
"{_GULII,LAPTE DE CONSUM 1.5% GRASIME FRISS CUTIE 1L} => {_TELINA}",0.000231761416478237,0.445714285714286,0.000519977536970403,21.2835527809308,78
"{_TELINA,LAPTE DE CONSUM 1.5% GRASIME FRISS CUTIE 1L} => {_GULII}",0.000231761416478237,0.251612903225806,0.000921103065490428,27.3960133999854,78
"{_GULII,CARNE TOCATA PORC VRAC} => {_TELINA}",0.000279302219858388,0.390041493775934,0.000716083350913526,18.6250900758757,94
"{_TELINA,CARNE TOCATA PORC VRAC} => {_GULII}",0.000279302219858388,0.178707224334601,0.00156290391112247,19.4579270370375,94
"{_GULII,APA MINERALA NATURALA CARBOGAZIFICATA CONTINUT REDUS CO2 TUSNAD 2L} => {_TELINA}",0.000148565010562972,0.471698113207547,0.000314957822393501,22.5243210973808,50
"{_TELINA,APA MINERALA NATURALA CARBOGAZIFICATA CONTINUT REDUS CO2 TUSNAD 2L} => {_GULII}",0.000148565010562972,0.153846153846154,0.00096567256865932,16.7510141104447,50
"{_GULII,PAINE DE CASA PE FOI DE VARZA RIP-ROP 1KG} => {_TELINA}",0.000311986522182242,0.475113122171946,0.000656657346688337,22.6873931053256,105
"{_TELINA,PAINE DE CASA PE FOI DE VARZA RIP-ROP 1KG} => {_GULII}",0.000311986522182242,0.200764818355641,0.00155399001048869,21.8595929835153,105
"{_GULII,_TELINA} => {_MORCOVI}",0.00314363562351249,0.757879656160458,0.00414793509491819,18.0706108338484,1058
"{_GULII,_MORCOVI} => {_TELINA}",0.00314363562351249,0.632019115890084,0.00497395655364831,30.1798991927008,1058
"{_MORCOVI,_TELINA} => {_GULII}",0.00314363562351249,0.236530292868321,0.0132906258449635,25.7537947770016,1058
"{_GULII,PAINE CU CARTOFI FELII BACHUS 1.2 KG} => {_TELINA}",0.000311986522182242,0.450643776824034,0.000692312949223451,21.5189436750084,105
"{_TELINA,PAINE CU CARTOFI FELII BACHUS 1.2 KG} => {_GULII}",0.000311986522182242,0.18716577540107,0.00166689941851655,20.3789075407817,105
"{_GULII,_TELINA} => {_BANANE}",0.000650714746265819,0.156876790830946,0.00414793509491819,1.70876285146376,219
"{_BANANE,_GULII} => {_TELINA}",0.000650714746265819,0.462025316455696,0.00140839630013698,22.0624299558902,219
"{_BANANE,_TELINA} => {_GULII}",0.000650714746265819,0.239606126914661,0.00271576839309113,26.0886964838272,219
"{_GULII,_LAMAIE^2 A nu se consuma coaja} => {_PATRUNJEL RADACINA KG}",0.000261474418590831,0.505747126436782,0.000517006236759143,22.1081585457434,88
"{_LAMAIE^2 A nu se consuma coaja,_PATRUNJEL RADACINA KG} => {_GULII}",0.000261474418590831,0.216748768472906,0.00120634788577133,23.5999509142226,88
"{_GULII,_LAMAIE^2 A nu se consuma coaja} => {_MORCOVI}",0.00027038831922461,0.522988505747126,0.000517006236759144,12.4699504480845,91
"{_LAMAIE^2 A nu se consuma coaja,_MORCOVI} => {_GULII}",0.00027038831922461,0.133235724743777,0.0020293980442902,14.5069177837892,91
"{_GULII,_LAMAIE^2 A nu se consuma coaja} => {_BANANE}",0.000139651109929194,0.270114942528736,0.000517006236759143,2.94219671994542,47
"{_GULII,LAPTE DE CONSUM 1.5% GRASIME FRISS CUTIE 1L} => {_PATRUNJEL RADACINA KG}",0.000228790116266977,0.44,0.000519977536970403,19.2340979347967,77
"{_PATRUNJEL RADACINA KG,LAPTE DE CONSUM 1.5% GRASIME FRISS CUTIE 1L} => {_GULII}",0.000228790116266977,0.218130311614731,0.00104886897457458,23.7503755305314,77
"{_GULII,CARNE TOCATA PORC VRAC} => {_PATRUNJEL RADACINA KG}",0.000297130021125945,0.4149377593361,0.000716083350913526,18.1385306816265,100
"{_PATRUNJEL RADACINA KG,CARNE TOCATA PORC VRAC} => {_GULII}",0.000297130021125945,0.181818181818182,0.00163421511619269,19.7966530396165,100
"{_GULII,APA MINERALA NATURALA CARBOGAZIFICATA CONTINUT REDUS CO2 TUSNAD 2L} => {_PATRUNJEL RADACINA KG}",0.000142622410140453,0.452830188679245,0.000314957822393501,19.7949549929297,48
"{_PATRUNJEL RADACINA KG,APA MINERALA NATURALA CARBOGAZIFICATA CONTINUT REDUS CO2 TUSNAD 2L} => {_GULII}",0.000142622410140453,0.133704735376045,0.00106669677584214,14.5579844079631,48
"{_GULII,PAINE DE CASA PE FOI DE VARZA RIP-ROP 1KG} => {_PATRUNJEL RADACINA KG}",0.000294158720914685,0.447963800904977,0.000656657346688337,19.5822264042048,99
"{_PATRUNJEL RADACINA KG,PAINE DE CASA PE FOI DE VARZA RIP-ROP 1KG} => {_GULII}",0.000294158720914685,0.186792452830189,0.00157478911196751,20.3382595850399,99
"{_GULII,_PATRUNJEL RADACINA KG} => {_MORCOVI}",0.00358041675456763,0.853399433427762,0.00419547589829834,20.3481501607094,1205
"{_GULII,_MORCOVI} => {_PATRUNJEL RADACINA KG}",0.00358041675456763,0.719832735961768,0.00497395655364831,31.4666666821848,1205
"{_MORCOVI,_PATRUNJEL RADACINA KG} => {_GULII}",0.00358041675456763,0.202316991269308,0.0176970640582613,22.0285960409769,1205
"{_GULII,PAINE CU CARTOFI FELII BACHUS 1.2 KG} => {_PATRUNJEL RADACINA KG}",0.000300101321337204,0.433476394849785,0.000692312949223451,18.9489259794622,101
"{_PATRUNJEL RADACINA KG,PAINE CU CARTOFI FELII BACHUS 1.2 KG} => {_GULII}",0.000300101321337204,0.184306569343066,0.00162827251577018,20.0675926341368,101
"{_GULII,_PATRUNJEL RADACINA KG} => {_BANANE}",0.0006447721458433,0.153682719546742,0.00419547589829834,1.67397178819389,217
"{_BANANE,_GULII} => {_PATRUNJEL RADACINA KG}",0.0006447721458433,0.457805907172996,0.00140839630013698,20.0124628493042,217
"{_BANANE,_PATRUNJEL RADACINA KG} => {_GULII}",0.0006447721458433,0.232085561497326,0.00277816569752758,25.2698453505693,217
"{_GULII,LAPTE DE CONSUM 1.5% GRASIME FRISS CUTIE 1L} => {_MORCOVI}",0.000276330919647128,0.531428571428571,0.000519977536970403,12.6711923485654,93
"{_MORCOVI,LAPTE DE CONSUM 1.5% GRASIME FRISS CUTIE 1L} => {_GULII}",0.000276330919647128,0.136163982430454,0.0020293980442902,14.8257511416747,93
"{_GULII,CARNE TOCATA PORC VRAC} => {_MORCOVI}",0.000359527325562393,0.50207468879668,0.000716083350913526,11.9712888939844,121
"{_MORCOVI,CARNE TOCATA PORC VRAC} => {_GULII}",0.000359527325562393,0.113721804511278,0.00316146342478005,12.3822110882188,121
"{_GULII,CARNE TOCATA PORC VRAC} => {_BANANE}",0.000118852008450378,0.16597510373444,0.000716083350913526,1.80786520445132,40
"{_GULII,APA MINERALA NATURALA CARBOGAZIFICATA CONTINUT REDUS CO2 TUSNAD 2L} => {_MORCOVI}",0.000151536310774232,0.481132075471698,0.000314957822393501,11.4719407294528,51
"{_GULII,PAINE DE CASA PE FOI DE VARZA RIP-ROP 1KG} => {_MORCOVI}",0.000395182928097506,0.601809954751131,0.000656657346688337,14.3493408219169,133
"{_MORCOVI,PAINE DE CASA PE FOI DE VARZA RIP-ROP 1KG} => {_GULII}",0.000395182928097506,0.14409534127844,0.00274251009499247,15.6893301175292,133
"{_GULII,PAINE DE CASA PE FOI DE VARZA RIP-ROP 1KG} => {_BANANE}",0.000109938107816599,0.167420814479638,0.000656657346688337,1.82361244661679,37
"{_GULII,PAINE CU CARTOFI FELII BACHUS 1.2 KG} => {_MORCOVI}",0.000344670824506096,0.497854077253219,0.000692312949223451,11.8706541453633,116
"{_MORCOVI,PAINE CU CARTOFI FELII BACHUS 1.2 KG} => {_GULII}",0.000344670824506096,0.104035874439462,0.00331299973555428,11.3275916047312,116
"{_GULII,_MORCOVI} => {_BANANE}",0.000730939851969823,0.146953405017921,0.00497395655364831,1.60067348433544,246
"{_BANANE,_GULII} => {_MORCOVI}",0.000730939851969823,0.518987341772152,0.00140839630013698,12.374548128618,246
"{_BANANE,_MORCOVI} => {_GULII}",0.000730939851969823,0.14041095890411,0.00520571797012655,15.2881687001148,246
"{_GULII,PAINE CU CARTOFI FELII BACHUS 1.2 KG} => {_BANANE}",0.000103995507394081,0.150214592274678,0.000692312949223451,1.63619560080975,35
"{_ARDEI ALB BIANCA,_USTUROI} => {_CEAPA GALBENA}",0.00010696680760534,0.219512195121951,0.000487293234646549,11.9388312548284,36
"{_ARDEI ALB BIANCA,_CEAPA GALBENA} => {_USTUROI}",0.00010696680760534,0.125435540069686,0.000852763160631461,10.8551574484631,36
"{_ARDEI ALB BIANCA,_USTUROI} => {_TELINA}",0.000139651109929194,0.286585365853659,0.000487293234646549,13.6848985008721,47
"{_TELINA,_USTUROI} => {_ARDEI ALB BIANCA}",0.000139651109929194,0.124668435013263,0.00112018017964481,12.380506287701,47
"{_ARDEI ALB BIANCA,_USTUROI} => {_PATRUNJEL RADACINA KG}",0.000121823308661637,0.25,0.000487293234646549,10.92846473568,41
"{_PATRUNJEL RADACINA KG,_USTUROI} => {_ARDEI ALB BIANCA}",0.000121823308661637,0.108753315649867,0.00112018017964481,10.8000161233136,41
"{_ARDEI ALB BIANCA,_USTUROI} => {_MORCOVI}",0.000163421511619269,0.335365853658537,0.000487293234646549,7.9963431913809,55
"{_ARDEI ALB BIANCA,_CASTRAVETI CORNISON} => {_ROSII VRAC}",0.000101024207182821,0.2125,0.000475408033801511,13.9464727964119,34
"{_ARDEI ALB BIANCA,_CLEMENTINA^2 A nu se consuma coaja} => {_BANANE}",0.000118852008450378,0.317460317460317,0.00037438382661869,3.45790090692673,40
"{_ARDEI ALB BIANCA,COTLET PORC FARA OS} => {_TELINA}",0.00010696680760534,0.310344827586207,0.000344670824506096,14.8194498806216,36
"{_TELINA,COTLET PORC FARA OS} => {_ARDEI ALB BIANCA}",0.00010696680760534,0.132841328413284,0.00080522235725131,13.1921356156613,36
"{_ARDEI ALB BIANCA,COTLET PORC FARA OS} => {CARNE TOCATA PORC VRAC}",0.00010696680760534,0.310344827586207,0.000344670824506096,10.3896829561942,36
"{_ARDEI ALB BIANCA,COTLET PORC FARA OS} => {_MORCOVI}",0.000109938107816599,0.318965517241379,0.000344670824506096,7.60529944910648,37
"{_ARDEI ALB BIANCA,_ROSII VRAC} => {_CEAPA GALBENA}",0.000124794608872897,0.109947643979058,0.00113503668070111,5.97983345573429,42
"{_ARDEI ALB BIANCA,_CEAPA GALBENA} => {_ROSII VRAC}",0.000124794608872897,0.146341463414634,0.000852763160631461,9.60445759293786,42
"{_CEAPA GALBENA,_ROSII VRAC} => {_ARDEI ALB BIANCA}",0.000124794608872897,0.130841121495327,0.000953787367814282,12.9935001365054,42
"{_ARDEI ALB BIANCA,_ROSII VRAC} => {_ARDEI ROSU CAPIA}",0.000205019714576902,0.180628272251309,0.00113503668070111,9.69553220271049,69
"{_ARDEI ALB BIANCA,_ARDEI ROSU CAPIA} => {_ROSII VRAC}",0.000205019714576902,0.155056179775281,0.00132222859401045,10.17640843836,69
"{_ARDEI ALB BIANCA,_ROSII VRAC} => {_TELINA}",0.000115880708239118,0.102094240837696,0.00113503668070111,4.87515934118178,39
"{_ROSII VRAC,_TELINA} => {_ARDEI ALB BIANCA}",0.000115880708239118,0.177272727272727,0.000653686046477078,17.6045052174146,39
"{_PATRUNJEL RADACINA KG,_ROSII VRAC} => {_ARDEI ALB BIANCA}",0.00010696680760534,0.173076923076923,0.000618030443941965,17.1878305377125,36
"{_ARDEI ALB BIANCA,_ROSII VRAC} => {_MORCOVI}",0.000190163213520604,0.167539267015707,0.00113503668070111,3.99474622259562,64
"{_MORCOVI,_ROSII VRAC} => {_ARDEI ALB BIANCA}",0.000190163213520604,0.148148148148148,0.00128360169126408,14.7122170857786,64
"{_ARDEI ALB BIANCA,PAINE CU CARTOFI FELII BACHUS 1.2 KG} => {_ROSII VRAC}",0.000101024207182821,0.125,0.000808193657462569,8.20380752730109,34
"{_ARDEI ALB BIANCA,_ROSII VRAC} => {_BANANE}",0.000154507610985491,0.136125654450262,0.00113503668070111,1.4827334255356,52
"{_ARDEI ALB BIANCA,_CEAPA GALBENA} => {_ARDEI ROSU CAPIA}",0.000124794608872897,0.146341463414634,0.000852763160631461,7.85512895320341,42
"{_ARDEI ALB BIANCA,_CEAPA GALBENA} => {_TELINA}",0.000193134513731864,0.226480836236934,0.000852763160631461,10.8148134049445,65
"{_ARDEI ALB BIANCA,_TELINA} => {_CEAPA GALBENA}",0.000193134513731864,0.110732538330494,0.00174415322400929,6.02252229682333,65
"{_ARDEI ALB BIANCA,_CEAPA GALBENA} => {_PATRUNJEL RADACINA KG}",0.000175306712464307,0.205574912891986,0.000852763160631461,8.9864727443222,59
"{_ARDEI ALB BIANCA,_PATRUNJEL RADACINA KG} => {_CEAPA GALBENA}",0.000175306712464307,0.103327495621716,0.00169661242062914,5.61977676696436,59
"{_ARDEI ALB BIANCA,_CEAPA GALBENA} => {CARNE TOCATA PORC VRAC}",0.000109938107816599,0.128919860627178,0.000852763160631461,4.31596198683562,37
"{_ARDEI ALB BIANCA,_CEAPA GALBENA} => {_MORCOVI}",0.000279302219858388,0.327526132404181,0.000852763160631461,7.80941568820577,94
"{_ARDEI ALB BIANCA,_MORCOVI} => {_CEAPA GALBENA}",0.000279302219858388,0.110199296600234,0.00253451908020431,5.99352034077226,94
"{_ARDEI ALB BIANCA,_CEAPA GALBENA} => {_BANANE}",0.000130737209295416,0.153310104529617,0.000852763160631461,1.66991312090608,44
"{_ARDEI ALB BIANCA,LAPTE DE CONSUM 3.5% GRASIME FRISS CUTIE 1L} => {_MORCOVI}",0.000127765909084156,0.361344537815126,0.000353584725139874,8.61576962347107,43
"{_ARDEI ALB BIANCA,_ARDEI ROSU CAPIA} => {_TELINA}",0.000222847515844458,0.168539325842697,0.00132222859401045,8.048015852772,75
"{_ARDEI ALB BIANCA,_TELINA} => {_ARDEI ROSU CAPIA}",0.000222847515844458,0.127768313458262,0.00174415322400929,6.85818328537776,75
"{_ARDEI ROSU CAPIA,_TELINA} => {_ARDEI ALB BIANCA}",0.000222847515844458,0.153061224489796,0.00145593710351713,15.2001222442356,75
"{_ARDEI ALB BIANCA,_LAMAIE^2 A nu se consuma coaja} => {_ARDEI ROSU CAPIA}",0.000115880708239118,0.168103448275862,0.000689341649012191,9.02324080184788,39
"{_ARDEI ALB BIANCA,_ARDEI ROSU CAPIA} => {_PATRUNJEL RADACINA KG}",0.000202048414365642,0.152808988764045,0.00132222859401045,6.67987058001112,68
"{_ARDEI ALB BIANCA,_PATRUNJEL RADACINA KG} => {_ARDEI ROSU CAPIA}",0.000202048414365642,0.119089316987741,0.00169661242062914,6.39232326956541,68
"{_ARDEI ROSU CAPIA,_PATRUNJEL RADACINA KG} => {_ARDEI ALB BIANCA}",0.000202048414365642,0.133333333333333,0.00151536310774232,13.2409953772007,68
"{_ARDEI ALB BIANCA,CARNE TOCATA PORC VRAC} => {_ARDEI ROSU CAPIA}",0.000115880708239118,0.100515463917526,0.00115286448196866,5.39533986089873,39
"{_ARDEI ROSU CAPIA,CARNE TOCATA PORC VRAC} => {_ARDEI ALB BIANCA}",0.000115880708239118,0.118181818181818,0.000980529069715617,11.7363368116098,39
"{_ARDEI ALB BIANCA,_ARDEI ROSU CAPIA} => {_MORCOVI}",0.000297130021125945,0.224719101123595,0.00132222859401045,5.35812168901519,100
"{_ARDEI ALB BIANCA,_MORCOVI} => {_ARDEI ROSU CAPIA}",0.000297130021125945,0.117233294255569,0.00253451908020431,6.29269806723993,100
"{_ARDEI ROSU CAPIA,_MORCOVI} => {_ARDEI ALB BIANCA}",0.000297130021125945,0.118764845605701,0.00250183477788045,11.7942357872928,100
"{_ARDEI ALB BIANCA,_ARDEI ROSU CAPIA} => {PAINE CU CARTOFI FELII BACHUS 1.2 KG}",0.000145593710351713,0.110112359550562,0.00132222859401045,1.47585204873836,49
"{_ARDEI ALB BIANCA,PAINE CU CARTOFI FELII BACHUS 1.2 KG} => {_ARDEI ROSU CAPIA}",0.000145593710351713,0.180147058823529,0.000808193657462569,9.66970224692748,49
"{_ARDEI ALB BIANCA,_ARDEI ROSU CAPIA} => {_BANANE}",0.000219876215633199,0.166292134831461,0.00132222859401045,1.81131843012275,74
"{_ARDEI ALB BIANCA,_BANANE} => {_ARDEI ROSU CAPIA}",0.000219876215633199,0.140417457305503,0.00156587521133373,7.537147768507,74
"{_ARDEI ALB BIANCA,SMANTANA 20% GRASIME FRISS 300G} => {_PATRUNJEL RADACINA KG}",0.000109938107816599,0.246666666666667,0.000445695031688917,10.7827518725376,37
"{_ARDEI ALB BIANCA,SMANTANA 20% GRASIME FRISS 300G} => {_MORCOVI}",0.000142622410140453,0.32,0.000445695031688917,7.62996528515763,48
"{_ARDEI ALB BIANCA,_LAMAIE^2 A nu se consuma coaja} => {_TELINA}",0.000101024207182821,0.146551724137931,0.000689341649012191,6.99807355473795,34
"{_ARDEI ALB BIANCA,_TELINA} => {_PATRUNJEL RADACINA KG}",0.00108749587732096,0.62350936967632,0.00174415322400929,27.2560006354948,366
"{_ARDEI ALB BIANCA,_PATRUNJEL RADACINA KG} => {_TELINA}",0.00108749587732096,0.640980735551664,0.00169661242062914,30.6078305181781,366
"{_ARDEI ALB BIANCA,LAPTE DE CONSUM 1.5% GRASIME FRISS CUTIE 1L} => {_TELINA}",0.000103995507394081,0.202312138728324,0.000514034936547884,9.66072037818296,35
"{_TELINA,LAPTE DE CONSUM 1.5% GRASIME FRISS CUTIE 1L} => {_ARDEI ALB BIANCA}",0.000103995507394081,0.112903225806452,0.000921103065490428,11.2121331823071,35
"{_ARDEI ALB BIANCA,_TELINA} => {CARNE TOCATA PORC VRAC}",0.000184220613098086,0.105621805792164,0.00174415322400929,3.53599279864419,62
"{_ARDEI ALB BIANCA,CARNE TOCATA PORC VRAC} => {_TELINA}",0.000184220613098086,0.15979381443299,0.00115286448196866,7.63040403360755,62
"{_TELINA,CARNE TOCATA PORC VRAC} => {_ARDEI ALB BIANCA}",0.000184220613098086,0.11787072243346,0.00156290391112247,11.7054426813657,62
"{_ARDEI ALB BIANCA,PAINE DE CASA PE FOI DE VARZA RIP-ROP 1KG} => {_TELINA}",0.000142622410140453,0.169611307420495,0.000840877959786423,8.09920464618186,48
"{_ARDEI ALB BIANCA,_TELINA} => {_MORCOVI}",0.00128360169126408,0.735945485519591,0.00174415322400929,17.5476203321343,432
"{_ARDEI ALB BIANCA,_MORCOVI} => {_TELINA}",0.00128360169126408,0.506447831184056,0.00253451908020431,24.183674365563,432
"{_ARDEI ALB BIANCA,PAINE CU CARTOFI FELII BACHUS 1.2 KG} => {_TELINA}",0.00016045021140801,0.198529411764706,0.000808193657462569,9.4800892618682,54
"{_ARDEI ALB BIANCA,_TELINA} => {_BANANE}",0.000237704016900756,0.136286201022147,0.00174415322400929,1.48448216106565,80
"{_ARDEI ALB BIANCA,_BANANE} => {_TELINA}",0.000237704016900756,0.15180265654649,0.00156587521133373,7.24881377251571,80
"{_ARDEI ALB BIANCA,_LAMAIE^2 A nu se consuma coaja} => {_MORCOVI}",0.000154507610985491,0.224137931034483,0.000689341649012191,5.3442644777505,52
"{_ARDEI ALB BIANCA,_LAMAIE^2 A nu se consuma coaja} => {_BANANE}",0.000148565010562972,0.21551724137931,0.000689341649012191,2.34749738293517,50
"{_ARDEI ALB BIANCA,LAPTE DE CONSUM 1.5% GRASIME FRISS CUTIE 1L} => {_PATRUNJEL RADACINA KG}",0.000109938107816599,0.213872832369942,0.000514034936547884,9.34920682589962,37
"{_PATRUNJEL RADACINA KG,LAPTE DE CONSUM 1.5% GRASIME FRISS CUTIE 1L} => {_ARDEI ALB BIANCA}",0.000109938107816599,0.104815864022663,0.00104886897457458,10.4089977823604,37
"{_ARDEI ALB BIANCA,CARNE TOCATA PORC VRAC} => {_PATRUNJEL RADACINA KG}",0.000166392811830529,0.144329896907216,0.00115286448196866,6.30921675461936,56
"{_PATRUNJEL RADACINA KG,CARNE TOCATA PORC VRAC} => {_ARDEI ALB BIANCA}",0.000166392811830529,0.101818181818182,0.00163421511619269,10.1113055607715,56
"{_ARDEI ALB BIANCA,PAINE DE CASA PE FOI DE VARZA RIP-ROP 1KG} => {_PATRUNJEL RADACINA KG}",0.000136679809717934,0.162544169611307,0.000840877959786423,7.10543290235022,46
"{_ARDEI ALB BIANCA,_PATRUNJEL RADACINA KG} => {_MORCOVI}",0.00142622410140453,0.840630472854641,0.00169661242062914,20.0436916422705,480
"{_ARDEI ALB BIANCA,_MORCOVI} => {_PATRUNJEL RADACINA KG}",0.00142622410140453,0.562719812426729,0.00253451908020431,24.5986545046958,480
"{_ARDEI ALB BIANCA,PAINE CU CARTOFI FELII BACHUS 1.2 KG} => {_PATRUNJEL RADACINA KG}",0.000124794608872897,0.154411764705882,0.000808193657462569,6.74993410144939,42
"{_ARDEI ALB BIANCA,_PATRUNJEL RADACINA KG} => {_BANANE}",0.000246617917534534,0.145359019264448,0.00169661242062914,1.58330681631523,83
"{_ARDEI ALB BIANCA,_BANANE} => {_PATRUNJEL RADACINA KG}",0.000246617917534534,0.157495256166983,0.00156587521133373,6.88472541223102,83
"{_ARDEI ALB BIANCA,LAPTE DE CONSUM 1.5% GRASIME FRISS CUTIE 1L} => {_MORCOVI}",0.000157478911196751,0.30635838150289,0.000514034936547884,7.30469942401291,53
"{_ARDEI ALB BIANCA,PAINE DE CASA PE FOI DE VARZA RIP-ROP 1KG} => {CARNE TOCATA PORC VRAC}",0.000112909408027859,0.134275618374558,0.000840877959786423,4.49526133401101,38
"{_ARDEI ALB BIANCA,CARNE TOCATA PORC VRAC} => {_MORCOVI}",0.000291187420703426,0.252577319587629,0.00115286448196866,6.02236306334929,98
"{_ARDEI ALB BIANCA,_MORCOVI} => {CARNE TOCATA PORC VRAC}",0.000291187420703426,0.114888628370457,0.00253451908020431,3.84622625524346,98
"{_ARDEI ALB BIANCA,CARNE TOCATA PORC VRAC} => {_BANANE}",0.000175306712464307,0.152061855670103,0.00115286448196866,1.65631671018643,59
"{_ARDEI ALB BIANCA,_BANANE} => {CARNE TOCATA PORC VRAC}",0.000175306712464307,0.111954459203036,0.00156587521133373,3.74799652921112,59
"{_ARDEI ALB BIANCA,APA MINERALA NATURALA CARBOGAZIFICATA CONTINUT REDUS CO2 TUSNAD 2L} => {_MORCOVI}",0.000115880708239118,0.239263803680982,0.00048432193443529,5.70492036275207,39
"{_ARDEI ALB BIANCA,PAINE DE CASA PE FOI DE VARZA RIP-ROP 1KG} => {_MORCOVI}",0.000219876215633199,0.261484098939929,0.000840877959786423,6.2347331172887,74
"{_ARDEI ALB BIANCA,PAINE DE CASA PE FOI DE VARZA RIP-ROP 1KG} => {_BANANE}",0.000172335412253048,0.204946996466431,0.000840877959786423,2.23236217560252,58
"{_ARDEI ALB BIANCA,_BANANE} => {PAINE DE CASA PE FOI DE VARZA RIP-ROP 1KG}",0.000172335412253048,0.110056925996205,0.00156587521133373,1.88642671834992,58
"{_ARDEI ALB BIANCA,PAINE CU CARTOFI FELII BACHUS 1.2 KG} => {_MORCOVI}",0.000175306712464307,0.216911764705882,0.000808193657462569,5.17196635827551,59
"{_ARDEI ALB BIANCA,_MORCOVI} => {_BANANE}",0.000371412526407431,0.146541617819461,0.00253451908020431,1.59618813845534,125
"{_ARDEI ALB BIANCA,_BANANE} => {_MORCOVI}",0.000371412526407431,0.23719165085389,0.00156587521133373,5.65551269357628,125
"{_ARDEI ALB BIANCA,PAINE CU CARTOFI FELII BACHUS 1.2 KG} => {_BANANE}",0.000136679809717934,0.169117647058824,0.000808193657462569,1.84209500519737,46
"{APA MINERALA NATURALA CARBOGAZOASA PERLA HARGHITEI  2L,SZEKELYHON} => {FRANZELA ALBA COUNTRY 1KG}",0.00027038831922461,0.402654867256637,0.000671513847744635,18.1436207711639,91
"{FRANZELA ALBA COUNTRY 1KG,SZEKELYHON} => {APA MINERALA NATURALA CARBOGAZOASA PERLA HARGHITEI  2L}",0.00027038831922461,0.198257080610022,0.00136382679696809,9.91736255210236,91
"{APA MINERALA NATURALA CARBOGAZOASA PERLA HARGHITEI  2L,FRANZELA ALBA COUNTRY 1KG} => {SZEKELYHON}",0.00027038831922461,0.392241379310345,0.000689341649012191,25.0208515790437,91
"{FRANZELA ALBA COUNTRY 1KG,SZEKELYHON} => {APA MINERALA NATURALA CARBOGAZIFICATA CONTINUT REDUS CO2 TUSNAD 2L}",0.000442723731477657,0.324618736383442,0.00136382679696809,6.06312279183399,149
"{APA MINERALA NATURALA CARBOGAZIFICATA CONTINUT REDUS CO2 TUSNAD 2L,SZEKELYHON} => {FRANZELA ALBA COUNTRY 1KG}",0.000442723731477657,0.490131578947368,0.000903275264222871,22.0853197602723,149
"{APA MINERALA NATURALA CARBOGAZIFICATA CONTINUT REDUS CO2 TUSNAD 2L,FRANZELA ALBA COUNTRY 1KG} => {SZEKELYHON}",0.000442723731477657,0.295049504950495,0.00150050660668602,18.8210379150121,149
"{FRANZELA ALBA COUNTRY 1KG,SZEKELYHON} => {_BANANE}",0.000163421511619269,0.119825708061002,0.00136382679696809,1.30518808741842,55
"{_TELINA,SZEKELYHON} => {_PATRUNJEL RADACINA KG}",0.000112909408027859,0.520547945205479,0.00021690491542194,22.755159449635,38
"{_PATRUNJEL RADACINA KG,SZEKELYHON} => {_TELINA}",0.000112909408027859,0.481012658227848,0.000234732716689496,22.9691051595569,38
"{_TELINA,SZEKELYHON} => {_MORCOVI}",0.000136679809717934,0.63013698630137,0.00021690491542194,15.0247604074166,46
"{_MORCOVI,SZEKELYHON} => {_TELINA}",0.000136679809717934,0.235897435897436,0.000579403541195592,11.2644707354696,46
"{_LAMAIE^2 A nu se consuma coaja,SZEKELYHON} => {LAPTE DE CONSUM 1.5% GRASIME FRISS CUTIE 1L}",0.000151536310774232,0.172297297297297,0.000879504862532796,6.0441080151446,51
"{LAPTE DE CONSUM 1.5% GRASIME FRISS CUTIE 1L,SZEKELYHON} => {_LAMAIE^2 A nu se consuma coaja}",0.000151536310774232,0.211618257261411,0.000716083350913526,7.92486473084451,51
"{_LAMAIE^2 A nu se consuma coaja,LAPTE DE CONSUM 1.5% GRASIME FRISS CUTIE 1L} => {SZEKELYHON}",0.000151536310774232,0.106918238993711,0.00141731020077076,6.82025285975177,51
"{_LAMAIE^2 A nu se consuma coaja,SZEKELYHON} => {PAINE DE CASA PE FOI DE VARZA RIP-ROP 1KG}",0.000353584725139874,0.402027027027027,0.000879504862532796,6.89092956592957,119
"{PAINE DE CASA PE FOI DE VARZA RIP-ROP 1KG,SZEKELYHON} => {_LAMAIE^2 A nu se consuma coaja}",0.000353584725139874,0.23062015503876,0.00153319090900987,8.63646434168907,119
"{_LAMAIE^2 A nu se consuma coaja,PAINE DE CASA PE FOI DE VARZA RIP-ROP 1KG} => {SZEKELYHON}",0.000353584725139874,0.177611940298507,0.00199077114154383,11.3297633326921,119
"{_PATRUNJEL RADACINA KG,SZEKELYHON} => {_MORCOVI}",0.000202048414365642,0.860759493670886,0.000234732716689496,20.5236407986835,68
"{_MORCOVI,SZEKELYHON} => {_PATRUNJEL RADACINA KG}",0.000202048414365642,0.348717948717949,0.000579403541195592,15.243807221051,68
"{LAPTE DE CONSUM 1.5% GRASIME FRISS CUTIE 1L,SZEKELYHON} => {PAINE DE CASA PE FOI DE VARZA RIP-ROP 1KG}",0.000261474418590831,0.365145228215768,0.000716083350913526,6.25875844113579,88
"{PAINE DE CASA PE FOI DE VARZA RIP-ROP 1KG,SZEKELYHON} => {LAPTE DE CONSUM 1.5% GRASIME FRISS CUTIE 1L}",0.000261474418590831,0.170542635658915,0.00153319090900987,5.98255531154,88
"{LAPTE DE CONSUM 1.5% GRASIME FRISS CUTIE 1L,PAINE DE CASA PE FOI DE VARZA RIP-ROP 1KG} => {SZEKELYHON}",0.000261474418590831,0.110691823899371,0.00236218366795126,7.06096766656653,88
"{APA MINERALA NATURALA CARBOGAZIFICATA CONTINUT REDUS CO2 TUSNAD 2L,SZEKELYHON} => {PAINE CU CARTOFI FELII BACHUS 1.2 KG}",0.000154507610985491,0.171052631578947,0.000903275264222871,2.29264342157664,52
"{PAINE CU CARTOFI FELII BACHUS 1.2 KG,SZEKELYHON} => {APA MINERALA NATURALA CARBOGAZIFICATA CONTINUT REDUS CO2 TUSNAD 2L}",0.000154507610985491,0.179930795847751,0.00085870576105398,3.36068866945713,52
"{APA MINERALA NATURALA CARBOGAZIFICATA CONTINUT REDUS CO2 TUSNAD 2L,SZEKELYHON} => {_BANANE}",0.000127765909084156,0.141447368421053,0.000903275264222871,1.54069959816851,43
"{PAINE CU CARTOFI FELII BACHUS 1.2 KG,SZEKELYHON} => {_BANANE}",0.000121823308661637,0.141868512110727,0.000858705761053979,1.54528685857989,41
"{_MERE GOLDEN,CORN RIP-ROP 100G} => {LAPTE DE CONSUM 1.5% GRASIME FRISS CUTIE 1L}",0.00010696680760534,0.266666666666667,0.000401125528520025,9.35454103258981,36
"{CORN RIP-ROP 100G,LAPTE DE CONSUM 1.5% GRASIME FRISS CUTIE 1L} => {_MERE GOLDEN}",0.00010696680760534,0.113924050632911,0.000938930866757985,8.22602038460807,36
"{_MERE GOLDEN,LAPTE DE CONSUM 1.5% GRASIME FRISS CUTIE 1L} => {CORN RIP-ROP 100G}",0.00010696680760534,0.148148148148148,0.000722025951336045,9.09516667342278,36
"{CORN RIP-ROP 100G,FRANZELA ALBA BACHUS 1KG} => {APA MINERALA NATURALA CARBOGAZIFICATA CONTINUT REDUS CO2 TUSNAD 2L}",0.000121823308661637,0.190697674418605,0.000638829545420781,3.56178891273681,41
"{_MERE ROSII,CORN RIP-ROP 100G} => {APA MINERALA NATURALA CARBOGAZIFICATA CONTINUT REDUS CO2 TUSNAD 2L}",0.000115880708239118,0.23780487804878,0.000487293234646549,4.44164188478557,39
"{_MERE ROSII,CORN RIP-ROP 100G} => {PAINE DE CASA PE FOI DE VARZA RIP-ROP 1KG}",0.000103995507394081,0.213414634146341,0.000487293234646549,3.65802573801139,35
"{CORN RIP-ROP 100G,FRANZELA RIP-ROP 1KG} => {_BANANE}",0.000112909408027859,0.158333333333333,0.000713112050702267,1.72462807732971,38
"{_TELINA,CORN RIP-ROP 100G} => {_PATRUNJEL RADACINA KG}",0.000115880708239118,0.475609756097561,0.000243646617323275,20.7907377898302,39
"{_PATRUNJEL RADACINA KG,CORN RIP-ROP 100G} => {_TELINA}",0.000115880708239118,0.549295774647887,0.000210962314999421,26.2297305398795,39
"{_TELINA,CORN RIP-ROP 100G} => {_MORCOVI}",0.000157478911196751,0.646341463414634,0.000243646617323274,15.4111341506614,53
"{_MORCOVI,CORN RIP-ROP 100G} => {_TELINA}",0.000157478911196751,0.33974358974359,0.000463522832956473,16.2232866570622,53
"{_PATRUNJEL RADACINA KG,CORN RIP-ROP 100G} => {_MORCOVI}",0.000181249312886826,0.859154929577465,0.000210962314999421,20.4853821476503,61
"{_MORCOVI,CORN RIP-ROP 100G} => {_PATRUNJEL RADACINA KG}",0.000181249312886826,0.391025641025641,0.000463522832956473,17.0932397147815,61
"{CORN RIP-ROP 100G,LAPTE DE CONSUM 1.5% GRASIME FRISS CUTIE 1L} => {_BANANE}",0.000136679809717934,0.145569620253165,0.000938930866757985,1.58560076396735,46
"{APA MINERALA NATURALA CARBOGAZIFICATA CONTINUT REDUS CO2 TUSNAD 2L,CORN RIP-ROP 100G} => {PAINE DE CASA PE FOI DE VARZA RIP-ROP 1KG}",0.000347642124717355,0.251612903225806,0.00138165459823564,4.31276177333103,117
"{CORN RIP-ROP 100G,PAINE DE CASA PE FOI DE VARZA RIP-ROP 1KG} => {APA MINERALA NATURALA CARBOGAZIFICATA CONTINUT REDUS CO2 TUSNAD 2L}",0.000347642124717355,0.310344827586207,0.00112018017964481,5.79651938279709,117
"{APA MINERALA NATURALA CARBOGAZIFICATA CONTINUT REDUS CO2 TUSNAD 2L,CORN RIP-ROP 100G} => {_BANANE}",0.000181249312886826,0.131182795698925,0.00138165459823564,1.42889389089456,61
"{CORN RIP-ROP 100G,PAINE DE CASA PE FOI DE VARZA RIP-ROP 1KG} => {_BANANE}",0.000112909408027859,0.10079575596817,0.00112018017964481,1.0979064683266,38
"{CORN RIP-ROP 100G,PAINE CU CARTOFI FELII BACHUS 1.2 KG} => {_BANANE}",0.000139651109929194,0.174074074074074,0.00080225105704005,1.89608233063149,47
"{_USTUROI,ELAN ULEI RAFINAT DE FLOAREA SOARELUI 1L} => {_CEAPA GALBENA}",0.000109938107816599,0.237179487179487,0.000463522832956473,12.8997200951386,37
"{_CEAPA GALBENA,ELAN ULEI RAFINAT DE FLOAREA SOARELUI 1L} => {_USTUROI}",0.000109938107816599,0.147410358565737,0.000745796353026121,12.7568522515748,37
"{_USTUROI,ELAN ULEI RAFINAT DE FLOAREA SOARELUI 1L} => {_MORCOVI}",0.000109938107816599,0.237179487179487,0.000463522832956473,5.6552226672843,37
"{_MORCOVI,ELAN ULEI RAFINAT DE FLOAREA SOARELUI 1L} => {_USTUROI}",0.000109938107816599,0.102493074792244,0.00107263937626466,8.86972275663513,37
"{_USTUROI,COTLET PORC FARA OS} => {_CEAPA GALBENA}",0.000115880708239118,0.217877094972067,0.000531862737815441,11.8499014130792,39
"{_CEAPA GALBENA,COTLET PORC FARA OS} => {_USTUROI}",0.000115880708239118,0.157894736842105,0.000733911152181083,13.6641674899514,39
"{_USTUROI,COTLET PORC FARA OS} => {_MORCOVI}",0.000124794608872897,0.23463687150838,0.000531862737815441,5.59459745070916,42
"{_CARTOFI ALBI,_USTUROI} => {_CEAPA GALBENA}",0.000190163213520604,0.262295081967213,0.000724997251547305,14.2657072917439,64
"{_CEAPA GALBENA,_USTUROI} => {_CARTOFI ALBI}",0.000190163213520604,0.111888111888112,0.0016995837208404,6.56833764526072,64
"{_CARTOFI ALBI,_CEAPA GALBENA} => {_USTUROI}",0.000190163213520604,0.123791102514507,0.00153616220922113,10.7128482706518,64
"{_CARTOFI ALBI,_USTUROI} => {_MORCOVI}",0.000202048414365642,0.278688524590164,0.000724997251547305,6.64494927498359,68
"{_USTUROI,PIEPT DE PUI FARA OS REFR.VRAC SZEKELY CSURKE} => {_MORCOVI}",0.000130737209295416,0.301369863013699,0.000433809830843879,7.1857549774601,44
"{_ARDEI ROSU CAPIA,_USTUROI} => {_CEAPA GALBENA}",0.000169364112041788,0.248908296943231,0.000680427748378413,13.5376267067122,57
"{_ARDEI ROSU CAPIA,_CEAPA GALBENA} => {_USTUROI}",0.000169364112041788,0.117283950617284,0.00144405190267209,10.1497211190791,57
"{_CEAPA GALBENA,_USTUROI} => {_TELINA}",0.000207991014788161,0.122377622377622,0.0016995837208404,5.84372246652326,70
"{_TELINA,_USTUROI} => {_CEAPA GALBENA}",0.000207991014788161,0.185676392572944,0.00112018017964481,10.0985693195866,70
"{_CEAPA GALBENA,_TELINA} => {_USTUROI}",0.000207991014788161,0.106382978723404,0.00195511553900871,9.20635398259138,70
"{_LAMAIE^2 A nu se consuma coaja,_USTUROI} => {_CEAPA GALBENA}",0.000115880708239118,0.163865546218487,0.000707169450279748,8.91232081067721,39
"{_CEAPA GALBENA,_LAMAIE^2 A nu se consuma coaja} => {_USTUROI}",0.000115880708239118,0.115384615384615,0.00100429947140569,9.98535316573373,39
"{_CEAPA GALBENA,_USTUROI} => {_PATRUNJEL RADACINA KG}",0.00021690491542194,0.127622377622378,0.0016995837208404,5.57886661331914,73
"{_PATRUNJEL RADACINA KG,_USTUROI} => {_CEAPA GALBENA}",0.00021690491542194,0.193633952254642,0.00112018017964481,10.5313651475689,73
"{_CEAPA GALBENA,_PATRUNJEL RADACINA KG} => {_USTUROI}",0.00021690491542194,0.108630952380952,0.00199671374196635,9.40089301019971,73
"{_USTUROI,CARNE TOCATA PORC VRAC} => {_CEAPA GALBENA}",0.000136679809717934,0.132183908045977,0.00103401247351829,7.18921958703906,46
"{_CEAPA GALBENA,CARNE TOCATA PORC VRAC} => {_USTUROI}",0.000136679809717934,0.115577889447236,0.00118257748408126,10.0020790504334,46
"{_USTUROI,PAINE DE CASA PE FOI DE VARZA RIP-ROP 1KG} => {_CEAPA GALBENA}",0.000148565010562972,0.166666666666667,0.000891390063377834,9.06466817496229,50
"{_CEAPA GALBENA,PAINE DE CASA PE FOI DE VARZA RIP-ROP 1KG} => {_USTUROI}",0.000148565010562972,0.104384133611691,0.00142325280119327,9.03337447143622,50
"{_CEAPA GALBENA,_USTUROI} => {_MORCOVI}",0.000457580232533955,0.269230769230769,0.0016995837208404,6.41944194664705,154
"{_MORCOVI,_USTUROI} => {_CEAPA GALBENA}",0.000457580232533955,0.223512336719884,0.00204722584555776,12.1563909922571,154
"{_CEAPA GALBENA,_MORCOVI} => {_USTUROI}",0.000457580232533955,0.121069182389937,0.00377949386872201,10.477294044968,154
"{_USTUROI,PAINE CU CARTOFI FELII BACHUS 1.2 KG} => {_CEAPA GALBENA}",0.000151536310774232,0.15,0.00101024207182821,8.15820135746606,51
"{_CEAPA GALBENA,_USTUROI} => {_BANANE}",0.000228790116266977,0.134615384615385,0.0016995837208404,1.46628298072566,77
"{_BANANE,_USTUROI} => {_CEAPA GALBENA}",0.000228790116266977,0.146946564885496,0.00155696131069995,7.99213110082553,77
"{_USTUROI,LAPTE DE CONSUM 3.5% GRASIME FRISS CUTIE 1L} => {_BANANE}",0.000101024207182821,0.197674418604651,0.000511063636336625,2.1531464368131,34
"{_ARDEI ROSU CAPIA,_USTUROI} => {_TELINA}",0.000115880708239118,0.170305676855895,0.000680427748378413,8.13236187044298,39
"{_TELINA,_USTUROI} => {_ARDEI ROSU CAPIA}",0.000115880708239118,0.103448275862069,0.00112018017964481,5.55276357036793,39
"{_ARDEI ROSU CAPIA,_USTUROI} => {_PATRUNJEL RADACINA KG}",0.000118852008450378,0.174672489082969,0.000680427748378413,7.6356085489467,40
"{_PATRUNJEL RADACINA KG,_USTUROI} => {_ARDEI ROSU CAPIA}",0.000118852008450378,0.106100795755968,0.00112018017964481,5.69514212345428,40
"{_ARDEI ROSU CAPIA,_USTUROI} => {_MORCOVI}",0.000178278012675567,0.262008733624454,0.000680427748378413,6.24724231863343,60
"{_ARDEI ROSU CAPIA,_USTUROI} => {_BANANE}",0.000115880708239118,0.170305676855895,0.000680427748378413,1.85503548653253,39
"{_USTUROI,SMANTANA 20% GRASIME FRISS 300G} => {_MORCOVI}",0.00010696680760534,0.182741116751269,0.000585346141618111,4.35721367807225,36
"{_TELINA,_USTUROI} => {_PATRUNJEL RADACINA KG}",0.000656657346688337,0.586206896551724,0.00112018017964481,25.6253655871116,221
"{_PATRUNJEL RADACINA KG,_USTUROI} => {_TELINA}",0.000656657346688337,0.586206896551724,0.00112018017964481,27.9922942189518,221
"{_TELINA,_USTUROI} => {CARNE TOCATA PORC VRAC}",0.000127765909084156,0.114058355437666,0.00112018017964481,3.81843048817395,43
"{_USTUROI,CARNE TOCATA PORC VRAC} => {_TELINA}",0.000127765909084156,0.123563218390805,0.00103401247351829,5.90033652654377,43
"{_TELINA,_USTUROI} => {PAINE DE CASA PE FOI DE VARZA RIP-ROP 1KG}",0.000112909408027859,0.10079575596817,0.00112018017964481,1.72768597190504,38
"{_USTUROI,PAINE DE CASA PE FOI DE VARZA RIP-ROP 1KG} => {_TELINA}",0.000112909408027859,0.126666666666667,0.000891390063377833,6.04853102534998,38
"{_TELINA,_USTUROI} => {_MORCOVI}",0.000775509355138715,0.692307692307692,0.00112018017964481,16.5071364342353,261
"{_MORCOVI,_USTUROI} => {_TELINA}",0.000775509355138715,0.378809869375907,0.00204722584555776,18.0887624812812,261
"{_TELINA,_USTUROI} => {_BANANE}",0.000157478911196751,0.140583554376658,0.00112018017964481,1.53129060056079,53
"{_BANANE,_USTUROI} => {_TELINA}",0.000157478911196751,0.101145038167939,0.00155696131069995,4.82983343225516,53
"{_LAMAIE^2 A nu se consuma coaja,_USTUROI} => {_MORCOVI}",0.000130737209295416,0.184873949579832,0.000707169450279748,4.40806817945031,44
"{_LAMAIE^2 A nu se consuma coaja,_USTUROI} => {_BANANE}",0.000130737209295416,0.184873949579832,0.000707169450279748,2.01371876344557,44
"{_PATRUNJEL RADACINA KG,_USTUROI} => {CARNE TOCATA PORC VRAC}",0.000136679809717934,0.122015915119363,0.00112018017964481,4.08483261525585,46
"{_USTUROI,CARNE TOCATA PORC VRAC} => {_PATRUNJEL RADACINA KG}",0.000136679809717934,0.132183908045977,0.00103401247351829,5.77826871081929,46
"{_USTUROI,PAINE DE CASA PE FOI DE VARZA RIP-ROP 1KG} => {_PATRUNJEL RADACINA KG}",0.00010696680760534,0.12,0.000891390063377834,5.24566307312638,36
"{_PATRUNJEL RADACINA KG,_USTUROI} => {_MORCOVI}",0.000921103065490428,0.822281167108753,0.00112018017964481,19.6061773739959,310
"{_MORCOVI,_USTUROI} => {_PATRUNJEL RADACINA KG}",0.000921103065490428,0.449927431059507,0.00204722584555776,19.6680642557956,310
"{_PATRUNJEL RADACINA KG,_USTUROI} => {_BANANE}",0.000154507610985491,0.137931034482759,0.00112018017964481,1.50239832507851,52
"{_USTUROI,LAPTE DE CONSUM 1.5% GRASIME FRISS CUTIE 1L} => {_MORCOVI}",0.00010696680760534,0.202247191011236,0.000528891437604181,4.82230952011367,36
"{_USTUROI,CARNE TOCATA PORC VRAC} => {_MORCOVI}",0.000246617917534534,0.238505747126437,0.00103401247351829,5.68684553401656,83
"{_MORCOVI,_USTUROI} => {CARNE TOCATA PORC VRAC}",0.000246617917534534,0.120464441219158,0.00204722584555776,4.03289257790026,83
"{_USTUROI,CARNE TOCATA PORC VRAC} => {_BANANE}",0.000169364112041788,0.163793103448276,0.00103401247351829,1.78409801103073,57
"{_BANANE,_USTUROI} => {CARNE TOCATA PORC VRAC}",0.000169364112041788,0.108778625954198,0.00155696131069995,3.64167640512915,57
"{_USTUROI,APA MINERALA NATURALA CARBOGAZIFICATA CONTINUT REDUS CO2 TUSNAD 2L} => {_MORCOVI}",0.000109938107816599,0.191709844559585,0.000573460940773073,4.57106080878938,37
"{_USTUROI,APA MINERALA NATURALA CARBOGAZIFICATA CONTINUT REDUS CO2 TUSNAD 2L} => {_BANANE}",0.000103995507394081,0.181347150259067,0.000573460940773073,1.97530349735063,35
"{_USTUROI,PAINE DE CASA PE FOI DE VARZA RIP-ROP 1KG} => {_MORCOVI}",0.000187191913309345,0.21,0.000891390063377834,5.0071647183847,63
"{_USTUROI,PAINE DE CASA PE FOI DE VARZA RIP-ROP 1KG} => {_BANANE}",0.00016045021140801,0.18,0.000891390063377834,1.96062981422746,54
"{_BANANE,_USTUROI} => {PAINE DE CASA PE FOI DE VARZA RIP-ROP 1KG}",0.00016045021140801,0.103053435114504,0.00155696131069995,1.76638363881292,54
"{_USTUROI,PAINE CU CARTOFI FELII BACHUS 1.2 KG} => {_MORCOVI}",0.000178278012675567,0.176470588235294,0.00101024207182821,4.20770144402075,60
"{_MORCOVI,_USTUROI} => {_BANANE}",0.000297130021125945,0.145137880986938,0.00204722584555776,1.58089809242659,100
"{_BANANE,_USTUROI} => {_MORCOVI}",0.000297130021125945,0.190839694656489,0.00155696131069995,4.55031326643466,100
"{_USTUROI,PAINE CU CARTOFI FELII BACHUS 1.2 KG} => {_BANANE}",0.000133708509506675,0.132352941176471,0.00101024207182821,1.4416395692849,45
"{_CASTRAVETI CORNISON,_MERE GOLDEN} => {_BANANE}",0.00010696680760534,0.315789473684211,0.000338728224083577,3.43970142846922,36
"{_CASTRAVETI CORNISON,_ROSII VRAC} => {_ARDEI ROSU CAPIA}",0.000231761416478237,0.14828897338403,0.00156290391112247,7.959664889843,78
"{_ARDEI ROSU CAPIA,_CASTRAVETI CORNISON} => {_ROSII VRAC}",0.000231761416478237,0.204188481675393,0.00113503668070111,13.4009840236541,78
"{_ARDEI ROSU CAPIA,_ROSII VRAC} => {_CASTRAVETI CORNISON}",0.000231761416478237,0.102228047182176,0.00226710206119096,8.72562920702581,78
"{_CASTRAVETI CORNISON,_LAMAIE^2 A nu se consuma coaja} => {_ROSII VRAC}",0.000101024207182821,0.161904761904762,0.000623973044364483,10.6258840353614,34
"{_LAMAIE^2 A nu se consuma coaja,_ROSII VRAC} => {_CASTRAVETI CORNISON}",0.000101024207182821,0.123636363636364,0.000817107558096347,10.552926474996,34
"{_CASTRAVETI CORNISON,CARNE TOCATA PORC VRAC} => {_ROSII VRAC}",0.00010696680760534,0.181818181818182,0.00058831744182937,11.9328109488016,36
"{_ROSII VRAC,CARNE TOCATA PORC VRAC} => {_CASTRAVETI CORNISON}",0.00010696680760534,0.142857142857143,0.00074876765323738,12.193507481613,36
"{_CASTRAVETI CORNISON,_MORCOVI} => {_ROSII VRAC}",0.000112909408027859,0.108262108262108,0.00104292637415207,7.10529198945736,38
"{_CASTRAVETI CORNISON,PAINE CU CARTOFI FELII BACHUS 1.2 KG} => {_ROSII VRAC}",0.000151536310774232,0.142458100558659,0.00106372547563088,9.34959070150515,51
"{_ROSII VRAC,PAINE CU CARTOFI FELII BACHUS 1.2 KG} => {_CASTRAVETI CORNISON}",0.000151536310774232,0.112334801762115,0.00134897029591179,9.58828672012299,51
"{_CASTRAVETI CORNISON,_ROSII VRAC} => {_BANANE}",0.000291187420703426,0.186311787072243,0.00156290391112247,2.02938024708799,98
"{_BANANE,_CASTRAVETI CORNISON} => {_ROSII VRAC}",0.000291187420703426,0.140602582496413,0.00207099624724783,9.22781219713638,98
"{_BANANE,_ROSII VRAC} => {_CASTRAVETI CORNISON}",0.000291187420703426,0.11864406779661,0.0024542939745003,10.1268112982888,98
"{_CASTRAVETI CORNISON,_MERE ROSII} => {_BANANE}",0.000187191913309345,0.304347826086957,0.000615059143730705,3.31507456511889,63
"{_CASTRAVETI CORNISON,_CEAPA GALBENA} => {_BANANE}",0.000124794608872897,0.224598930481283,0.000555633139505516,2.44641866302891,42
"{_ARDEI ROSU CAPIA,_CASTRAVETI CORNISON} => {_MORCOVI}",0.000136679809717934,0.120418848167539,0.00113503668070111,2.8712238474906,46
"{_CASTRAVETI CORNISON,_MORCOVI} => {_ARDEI ROSU CAPIA}",0.000136679809717934,0.131054131054131,0.00104292637415207,7.03455517841483,46
"{_ARDEI ROSU CAPIA,_CASTRAVETI CORNISON} => {_BANANE}",0.000252560517957053,0.222513089005236,0.00113503668070111,2.42369886866396,85
"{_BANANE,_CASTRAVETI CORNISON} => {_ARDEI ROSU CAPIA}",0.000252560517957053,0.121951219512195,0.00207099624724783,6.54594079433617,85
"{_CASTRAVETI CORNISON,SMANTANA 20% GRASIME FRISS 300G} => {_BANANE}",0.000103995507394081,0.23489932885906,0.000442723731477657,2.55861459723941,35
"{_CASTRAVETI CORNISON,_TELINA} => {_PATRUNJEL RADACINA KG}",0.000273359619435869,0.522727272727273,0.000522948837181662,22.8504262655126,92
"{_CASTRAVETI CORNISON,_PATRUNJEL RADACINA KG} => {_TELINA}",0.000273359619435869,0.486772486772487,0.000561575739928035,23.2441459620801,92
"{_CASTRAVETI CORNISON,_TELINA} => {_MORCOVI}",0.000329814323449798,0.630681818181818,0.000522948837181662,15.0377511834605,111
"{_CASTRAVETI CORNISON,_MORCOVI} => {_TELINA}",0.000329814323449798,0.316239316239316,0.00104292637415207,15.1009209134919,111
"{_CASTRAVETI CORNISON,_LAMAIE^2 A nu se consuma coaja} => {_BANANE}",0.000187191913309345,0.3,0.000623973044364483,3.26771635704576,63
"{_CASTRAVETI CORNISON,_PATRUNJEL RADACINA KG} => {_MORCOVI}",0.000442723731477657,0.788359788359788,0.000561575739928035,18.7973681793731,149
"{_CASTRAVETI CORNISON,_MORCOVI} => {_PATRUNJEL RADACINA KG}",0.000442723731477657,0.424501424501425,0.00104292637415207,18.5565953916389,149
"{_CASTRAVETI CORNISON,CARNE TOCATA PORC VRAC} => {_BANANE}",0.000103995507394081,0.176767676767677,0.00058831744182937,1.92542209590239,35
"{_CASTRAVETI CORNISON,APA MINERALA NATURALA CARBOGAZIFICATA CONTINUT REDUS CO2 TUSNAD 2L} => {PAINE CU CARTOFI FELII BACHUS 1.2 KG}",0.000103995507394081,0.157657657657658,0.000659628646899597,2.1131086283416,35
"{_CASTRAVETI CORNISON,APA MINERALA NATURALA CARBOGAZIFICATA CONTINUT REDUS CO2 TUSNAD 2L} => {_BANANE}",0.000112909408027859,0.171171171171171,0.000659628646899597,1.86446278630239,38
"{_CASTRAVETI CORNISON,PAINE DE CASA PE FOI DE VARZA RIP-ROP 1KG} => {_BANANE}",0.000166392811830529,0.202898550724638,0.000820078858307607,2.21004971007926,56
"{_CASTRAVETI CORNISON,_MORCOVI} => {_BANANE}",0.000163421511619269,0.156695156695157,0.00104292637415207,1.70678442200871,55
"{_CASTRAVETI CORNISON,PAINE CU CARTOFI FELII BACHUS 1.2 KG} => {_BANANE}",0.000181249312886826,0.170391061452514,0.00106372547563088,1.8559655286759,61
"{_CLEMENTINA^2 A nu se consuma coaja,_MERE GOLDEN} => {_BANANE}",0.000187191913309345,0.425675675675676,0.000439752431266398,4.63662456067304,63
"{_MERE GOLDEN,_ROSII VRAC} => {_BANANE}",0.000157478911196751,0.350993377483444,0.000448666331900176,3.82315600272462,53
"{_MERE GOLDEN,_MERE ROSII} => {_BANANE}",0.000187191913309345,0.272727272727273,0.000686370348800932,2.97065123367797,63
"{_CEAPA GALBENA,_MERE GOLDEN} => {_MORCOVI}",0.000133708509506675,0.251396648044693,0.000531862737815441,5.99421155433124,45
"{_MERE GOLDEN,_MORCOVI} => {_CEAPA GALBENA}",0.000133708509506675,0.138461538461538,0.00096567256865932,7.53064740689175,45
"{_CEAPA GALBENA,_MERE GOLDEN} => {_BANANE}",0.000145593710351713,0.273743016759777,0.000531862737815441,2.98171511164325,49
"{_MERE GOLDEN,LAPTE DE CONSUM 3.5% GRASIME FRISS CUTIE 1L} => {_BANANE}",0.000142622410140453,0.315789473684211,0.000451637632111436,3.43970142846922,48
"{_ARDEI ROSU CAPIA,_MERE GOLDEN} => {_BANANE}",0.000139651109929194,0.283132530120482,0.000493235835069068,3.08398933295484,47
"{_MERE GOLDEN,FRANZELA RIP-ROP 1KG} => {_BANANE}",0.000112909408027859,0.263888888888889,0.00042786723042136,2.87438012888285,38
"{_MERE GOLDEN,SMANTANA 20% GRASIME FRISS 300G} => {_BANANE}",0.000127765909084156,0.273885350318471,0.000466494133167733,2.98326546396959,43
"{_MERE GOLDEN,_TELINA} => {_PATRUNJEL RADACINA KG}",0.000264445718802091,0.559748427672956,0.000472436733590252,24.4687638107048,89
"{_MERE GOLDEN,_PATRUNJEL RADACINA KG} => {_TELINA}",0.000264445718802091,0.536144578313253,0.000493235835069068,25.6017403894807,89
"{_MERE GOLDEN,_TELINA} => {_MORCOVI}",0.000279302219858388,0.591194968553459,0.000472436733590252,14.0962408963211,94
"{_MERE GOLDEN,_MORCOVI} => {_TELINA}",0.000279302219858388,0.289230769230769,0.00096567256865932,13.8112206408801,94
"{_MERE GOLDEN,_TELINA} => {_BANANE}",0.000112909408027859,0.238993710691824,0.000472436733590252,2.60321219219579,38
"{_LAMAIE^2 A nu se consuma coaja,_MERE GOLDEN} => {_BANANE}",0.000309015221970982,0.339869281045752,0.00090921786464539,3.70198802976862,104
"{_MERE GOLDEN,_PATRUNJEL RADACINA KG} => {_MORCOVI}",0.000389240327674987,0.789156626506024,0.000493235835069068,18.8163677024784,131
"{_MERE GOLDEN,_MORCOVI} => {_PATRUNJEL RADACINA KG}",0.000389240327674987,0.403076923076923,0.00096567256865932,17.6200477584501,131
"{_MERE GOLDEN,_PATRUNJEL RADACINA KG} => {_BANANE}",0.000101024207182821,0.204819277108434,0.000493235835069068,2.23097100681839,34
"{_MERE GOLDEN,LAPTE DE CONSUM 1.5% GRASIME FRISS CUTIE 1L} => {_BANANE}",0.00021393361521068,0.296296296296296,0.000722025951336045,3.22737417979828,72
"{_MERE GOLDEN,APA MINERALA NATURALA CARBOGAZIFICATA CONTINUT REDUS CO2 TUSNAD 2L} => {PAINE DE CASA PE FOI DE VARZA RIP-ROP 1KG}",0.000121823308661637,0.152985074626866,0.000796308456617531,2.6222350812781,41
"{_MERE GOLDEN,PAINE DE CASA PE FOI DE VARZA RIP-ROP 1KG} => {APA MINERALA NATURALA CARBOGAZIFICATA CONTINUT REDUS CO2 TUSNAD 2L}",0.000121823308661637,0.133116883116883,0.000915160465067909,2.48631368908576,41
"{_MERE GOLDEN,APA MINERALA NATURALA CARBOGAZIFICATA CONTINUT REDUS CO2 TUSNAD 2L} => {_BANANE}",0.000231761416478237,0.291044776119403,0.000796308456617531,3.17017258519365,78
"{_MERE GOLDEN,PAINE DE CASA PE FOI DE VARZA RIP-ROP 1KG} => {_BANANE}",0.000243646617323274,0.266233766233766,0.000915160465067909,2.89992144239992,82
"{_MERE GOLDEN,_MORCOVI} => {_BANANE}",0.000207991014788161,0.215384615384615,0.00096567256865932,2.34605276916106,70
"{_MERE GOLDEN,PAINE CU CARTOFI FELII BACHUS 1.2 KG} => {_BANANE}",0.000261474418590831,0.234042553191489,0.00111720887943355,2.54928226436194,88
"{COTLET PORC FARA OS,ELAN ULEI RAFINAT DE FLOAREA SOARELUI 1L} => {CARNE TOCATA PORC VRAC}",0.000127765909084156,0.207729468599034,0.000615059143730705,6.95433958474193,43
"{CARNE TOCATA PORC VRAC,ELAN ULEI RAFINAT DE FLOAREA SOARELUI 1L} => {COTLET PORC FARA OS}",0.000127765909084156,0.135646687697161,0.000941902166969244,9.506934544886,43
"{_CARTOFI ALBI,ELAN ULEI RAFINAT DE FLOAREA SOARELUI 1L} => {_MORCOVI}",0.000109938107816599,0.206703910614525,0.000531862737815441,4.92857394467235,37
"{_MORCOVI,ELAN ULEI RAFINAT DE FLOAREA SOARELUI 1L} => {_CARTOFI ALBI}",0.000109938107816599,0.102493074792244,0.00107263937626466,6.01680652373173,37
"{_CEAPA GALBENA,ELAN ULEI RAFINAT DE FLOAREA SOARELUI 1L} => {_MORCOVI}",0.000130737209295416,0.175298804780877,0.000745796353026121,4.1797618593991,44
"{_MORCOVI,ELAN ULEI RAFINAT DE FLOAREA SOARELUI 1L} => {_CEAPA GALBENA}",0.000130737209295416,0.121883656509695,0.00107263937626466,6.62900941326882,44
"{ELAN ULEI RAFINAT DE FLOAREA SOARELUI 1L,LAPTE DE CONSUM 3.5% GRASIME FRISS CUTIE 1L} => {_BANANE}",0.000103995507394081,0.301724137931034,0.000344670824506096,3.28649633610924,35
"{_TELINA,ELAN ULEI RAFINAT DE FLOAREA SOARELUI 1L} => {_PATRUNJEL RADACINA KG}",0.000282273520069647,0.608974358974359,0.000463522832956473,26.6206192279384,95
"{_PATRUNJEL RADACINA KG,ELAN ULEI RAFINAT DE FLOAREA SOARELUI 1L} => {_TELINA}",0.000282273520069647,0.513513513513513,0.000549690539082997,24.5210717243918,95
"{_TELINA,ELAN ULEI RAFINAT DE FLOAREA SOARELUI 1L} => {_MORCOVI}",0.000311986522182242,0.673076923076923,0.000463522832956473,16.0486048666176,105
"{_MORCOVI,ELAN ULEI RAFINAT DE FLOAREA SOARELUI 1L} => {_TELINA}",0.000311986522182242,0.290858725761773,0.00107263937626466,13.8889581060304,105
"{_PATRUNJEL RADACINA KG,ELAN ULEI RAFINAT DE FLOAREA SOARELUI 1L} => {_MORCOVI}",0.000442723731477657,0.805405405405405,0.000549690539082997,19.2037977616299,149
"{_MORCOVI,ELAN ULEI RAFINAT DE FLOAREA SOARELUI 1L} => {_PATRUNJEL RADACINA KG}",0.000442723731477657,0.412742382271468,0.00107263937626466,18.0425622782971,149
"{CARNE TOCATA PORC VRAC,ELAN ULEI RAFINAT DE FLOAREA SOARELUI 1L} => {_MORCOVI}",0.000130737209295416,0.138801261829653,0.000941902166969244,3.30952752905102,44
"{_MORCOVI,ELAN ULEI RAFINAT DE FLOAREA SOARELUI 1L} => {CARNE TOCATA PORC VRAC}",0.000130737209295416,0.121883656509695,0.00107263937626466,4.08040487907167,44
"{CARNE TOCATA PORC VRAC,ELAN ULEI RAFINAT DE FLOAREA SOARELUI 1L} => {_BANANE}",0.000115880708239118,0.123028391167192,0.000941902166969244,1.34007295399353,39
"{ELAN ULEI RAFINAT DE FLOAREA SOARELUI 1L,PAINE DE CASA PE FOI DE VARZA RIP-ROP 1KG} => {_MORCOVI}",0.00010696680760534,0.108433734939759,0.000986471670138136,2.58545510415733,36
"{ELAN ULEI RAFINAT DE FLOAREA SOARELUI 1L,PAINE DE CASA PE FOI DE VARZA RIP-ROP 1KG} => {_BANANE}",0.00016045021140801,0.162650602409639,0.000986471670138136,1.77165344659108,54
"{_MORCOVI,ELAN ULEI RAFINAT DE FLOAREA SOARELUI 1L} => {PAINE CU CARTOFI FELII BACHUS 1.2 KG}",0.000109938107816599,0.102493074792244,0.00107263937626466,1.37372966151151,37
"{_MORCOVI,ELAN ULEI RAFINAT DE FLOAREA SOARELUI 1L} => {_BANANE}",0.000166392811830529,0.155124653739612,0.00107263937626466,1.68967789468664,56
"{_BANANE,ELAN ULEI RAFINAT DE FLOAREA SOARELUI 1L} => {_MORCOVI}",0.000166392811830529,0.10200364298725,0.00163124381598144,2.43213829672602,56
"{ELAN ULEI RAFINAT DE FLOAREA SOARELUI 1L,PAINE CU CARTOFI FELII BACHUS 1.2 KG} => {_BANANE}",0.00016045021140801,0.129186602870813,0.00124200348830645,1.40715058437377,54
"{_CLEMENTINA^2 A nu se consuma coaja,OUA PROASPETE} => {_BANANE}",0.000101024207182821,0.228187919463087,0.000442723731477657,2.48551132303257,34
"{_CLEMENTINA^2 A nu se consuma coaja,COTLET PORC FARA OS} => {_BANANE}",0.000101024207182821,0.343434343434343,0.000294158720914685,3.74082007203892,34
"{_CLEMENTINA^2 A nu se consuma coaja,_ROSII VRAC} => {_BANANE}",0.000112909408027859,0.287878787878788,0.000392211627886247,3.13568741332674,38
"{_CLEMENTINA^2 A nu se consuma coaja,FRANZELA ALBA COUNTRY 1KG} => {_BANANE}",0.000109938107816599,0.255172413793103,0.00043083853063262,2.77943690139525,37
"{_CLEMENTINA^2 A nu se consuma coaja,_MERE ROSII} => {_BANANE}",0.000187191913309345,0.353932584269663,0.000528891437604181,3.85517098303152,63
"{_CLEMENTINA^2 A nu se consuma coaja,LAPTE DE CONSUM 3.5% GRASIME FRISS CUTIE 1L} => {_BANANE}",0.000133708509506675,0.308219178082192,0.000433809830843879,3.35724283258126,45
"{_ARDEI ROSU CAPIA,_CLEMENTINA^2 A nu se consuma coaja} => {_BANANE}",0.000193134513731864,0.268595041322314,0.000719054651124786,2.92564136650103,65
"{_CLEMENTINA^2 A nu se consuma coaja,FRANZELA RIP-ROP 1KG} => {_BANANE}",0.000157478911196751,0.274611398963731,0.000573460940773073,2.99117386741667,53
"{_CLEMENTINA^2 A nu se consuma coaja,SMANTANA 20% GRASIME FRISS 300G} => {_BANANE}",0.000184220613098086,0.298076923076923,0.000618030443941965,3.24676945732111,62
"{_CLEMENTINA^2 A nu se consuma coaja,_TELINA} => {_PATRUNJEL RADACINA KG}",0.000332785623661058,0.538461538461538,0.000618030443941965,23.5382317383876,112
"{_CLEMENTINA^2 A nu se consuma coaja,_PATRUNJEL RADACINA KG} => {_TELINA}",0.000332785623661058,0.48068669527897,0.000692312949223451,22.953539920009,112
"{_CLEMENTINA^2 A nu se consuma coaja,_TELINA} => {_MORCOVI}",0.000353584725139874,0.572115384615385,0.000618030443941965,13.641314136625,119
"{_CLEMENTINA^2 A nu se consuma coaja,_MORCOVI} => {_TELINA}",0.000353584725139874,0.309090909090909,0.00114395058133489,14.7595733154473,119
"{_CLEMENTINA^2 A nu se consuma coaja,_TELINA} => {_BANANE}",0.000166392811830529,0.269230769230769,0.000618030443941965,2.93256596145133,56
"{_CLEMENTINA^2 A nu se consuma coaja,APA MINERALA NATURALA CARBOGAZIFICATA CONTINUT REDUS CO2 TUSNAD 2L} => {_LAMAIE^2 A nu se consuma coaja}",0.000103995507394081,0.10233918128655,0.00101618467225073,3.83248675637389,35
"{_CLEMENTINA^2 A nu se consuma coaja,_LAMAIE^2 A nu se consuma coaja} => {_BANANE}",0.000350613424928615,0.296482412060302,0.00118257748408126,3.2294014248861,118
"{_CLEMENTINA^2 A nu se consuma coaja,_PATRUNJEL RADACINA KG} => {_MORCOVI}",0.000528891437604181,0.763948497854077,0.000692312949223451,18.2153141196092,178
"{_CLEMENTINA^2 A nu se consuma coaja,_MORCOVI} => {_PATRUNJEL RADACINA KG}",0.000528891437604181,0.462337662337662,0.00114395058133489,20.2105633553354,178
"{_CLEMENTINA^2 A nu se consuma coaja,_PATRUNJEL RADACINA KG} => {_BANANE}",0.000190163213520604,0.274678111587983,0.000692312949223451,2.99190052719498,64
"{_CLEMENTINA^2 A nu se consuma coaja,LAPTE DE CONSUM 1.5% GRASIME FRISS CUTIE 1L} => {_MORCOVI}",0.000101024207182821,0.132295719844358,0.000763624154293677,3.1544117180856,34
"{_CLEMENTINA^2 A nu se consuma coaja,LAPTE DE CONSUM 1.5% GRASIME FRISS CUTIE 1L} => {_BANANE}",0.000151536310774232,0.198443579766537,0.000763624154293677,2.16152443851276,51
"{_CLEMENTINA^2 A nu se consuma coaja,CARNE TOCATA PORC VRAC} => {_BANANE}",0.000169364112041788,0.27536231884058,0.000615059143730705,2.99935317796471,57
"{_CLEMENTINA^2 A nu se consuma coaja,APA MINERALA NATURALA CARBOGAZIFICATA CONTINUT REDUS CO2 TUSNAD 2L} => {PAINE DE CASA PE FOI DE VARZA RIP-ROP 1KG}",0.000166392811830529,0.16374269005848,0.00101618467225073,2.80662559548008,56
"{_CLEMENTINA^2 A nu se consuma coaja,PAINE DE CASA PE FOI DE VARZA RIP-ROP 1KG} => {APA MINERALA NATURALA CARBOGAZIFICATA CONTINUT REDUS CO2 TUSNAD 2L}",0.000166392811830529,0.15819209039548,0.00105184027478584,2.95466022525501,56
"{_CLEMENTINA^2 A nu se consuma coaja,APA MINERALA NATURALA CARBOGAZIFICATA CONTINUT REDUS CO2 TUSNAD 2L} => {PAINE CU CARTOFI FELII BACHUS 1.2 KG}",0.000157478911196751,0.154970760233918,0.00101618467225073,2.0770957494626,53
"{_CLEMENTINA^2 A nu se consuma coaja,PAINE CU CARTOFI FELII BACHUS 1.2 KG} => {APA MINERALA NATURALA CARBOGAZIFICATA CONTINUT REDUS CO2 TUSNAD 2L}",0.000157478911196751,0.11804008908686,0.00133411379485549,2.20471425175925,53
"{_CLEMENTINA^2 A nu se consuma coaja,APA MINERALA NATURALA CARBOGAZIFICATA CONTINUT REDUS CO2 TUSNAD 2L} => {_BANANE}",0.000273359619435869,0.269005847953216,0.00101618467225073,2.93011603165897,92
"{_CLEMENTINA^2 A nu se consuma coaja,PAINE DE CASA PE FOI DE VARZA RIP-ROP 1KG} => {_BANANE}",0.000285244820280907,0.271186440677966,0.00105184027478584,2.9538678933747,96
"{_CLEMENTINA^2 A nu se consuma coaja,_MORCOVI} => {_BANANE}",0.000309015221970982,0.27012987012987,0.00114395058133489,2.94235931716675,104
"{_CLEMENTINA^2 A nu se consuma coaja,PAINE CU CARTOFI FELII BACHUS 1.2 KG} => {_BANANE}",0.000365469925984912,0.273942093541203,0.00133411379485549,2.98388353315983,123
"{COTLET PORC FARA OS,OUA PROASPETE} => {_MORCOVI}",0.000109938107816599,0.173708920187793,0.000632886944998262,4.14185322110963,37
"{_CARTOFI ALBI,OUA PROASPETE} => {_MORCOVI}",0.000139651109929194,0.184313725490196,0.000757681553871158,4.39471039708834,47
"{_MORCOVI,OUA PROASPETE} => {_CARTOFI ALBI}",0.000139651109929194,0.113253012048193,0.00123308958767267,6.64846345087309,47
"{_ROSII VRAC,OUA PROASPETE} => {_BANANE}",0.000101024207182821,0.182795698924731,0.000552661839294257,1.99108165124652,34
"{_MERE ROSII,OUA PROASPETE} => {_MORCOVI}",0.000109938107816599,0.181372549019608,0.000606145243096927,4.324582039688,37
"{_MERE ROSII,OUA PROASPETE} => {_BANANE}",0.000148565010562972,0.245098039215686,0.000606145243096927,2.66970290608314,50
"{_CEAPA GALBENA,OUA PROASPETE} => {_MORCOVI}",0.000136679809717934,0.223300970873786,0.000612087843519446,5.32430829971558,46
"{_MORCOVI,OUA PROASPETE} => {_CEAPA GALBENA}",0.000136679809717934,0.110843373493976,0.00123308958767267,6.02855040069781,46
"{_ARDEI ROSU CAPIA,OUA PROASPETE} => {_MORCOVI}",0.00010696680760534,0.177339901477833,0.000603173942885667,4.22842903734105,36
"{_ARDEI ROSU CAPIA,OUA PROASPETE} => {_BANANE}",0.000151536310774232,0.251231527093596,0.000603173942885667,2.73651123496443,51
"{OUA PROASPETE,SMANTANA 20% GRASIME FRISS 300G} => {_BANANE}",0.000127765909084156,0.18859649122807,0.000677456448167153,2.05426613089134,43
"{_TELINA,OUA PROASPETE} => {_PATRUNJEL RADACINA KG}",0.000317929122604761,0.511961722488038,0.000621001744153224,22.379822520914,107
"{_PATRUNJEL RADACINA KG,OUA PROASPETE} => {_TELINA}",0.000317929122604761,0.431451612903226,0.000736882452392342,20.602487894072,107
"{_TELINA,OUA PROASPETE} => {_MORCOVI}",0.000386269027463728,0.62200956937799,0.000621001744153224,14.8309731918435,130
"{_MORCOVI,OUA PROASPETE} => {_TELINA}",0.000386269027463728,0.313253012048193,0.00123308958767267,14.9583202275618,130
"{_LAMAIE^2 A nu se consuma coaja,OUA PROASPETE} => {_BANANE}",0.000101024207182821,0.185792349726776,0.000543747938660478,2.02372233405384,34
"{_PATRUNJEL RADACINA KG,OUA PROASPETE} => {_MORCOVI}",0.000558604439716776,0.758064516129032,0.000736882452392342,18.0750185686698,188
"{_MORCOVI,OUA PROASPETE} => {_PATRUNJEL RADACINA KG}",0.000558604439716776,0.453012048192771,0.00123308958767267,19.8029047740514,188
"{_PATRUNJEL RADACINA KG,OUA PROASPETE} => {_BANANE}",0.000115880708239118,0.157258064516129,0.000736882452392342,1.71291583232238,39
"{LAPTE DE CONSUM 1.5% GRASIME FRISS CUTIE 1L,OUA PROASPETE} => {_BANANE}",0.000115880708239118,0.14828897338403,0.000781451955561234,1.6152210129884,39
"{CARNE TOCATA PORC VRAC,OUA PROASPETE} => {_MORCOVI}",0.000133708509506675,0.140625,0.000950816067603023,3.35301208820404,45
"{_MORCOVI,OUA PROASPETE} => {CARNE TOCATA PORC VRAC}",0.000133708509506675,0.108433734939759,0.00123308958767267,3.63013018951365,45
"{CARNE TOCATA PORC VRAC,OUA PROASPETE} => {_BANANE}",0.00010696680760534,0.1125,0.000950816067603022,1.22539363389216,36
"{APA MINERALA NATURALA CARBOGAZIFICATA CONTINUT REDUS CO2 TUSNAD 2L,OUA PROASPETE} => {_BANANE}",0.000115880708239118,0.179723502304147,0.0006447721458433,1.95761809408272,39
"{OUA PROASPETE,PAINE DE CASA PE FOI DE VARZA RIP-ROP 1KG} => {_BANANE}",0.000205019714576902,0.157894736842105,0.00129845819232038,1.71985071423461,69
"{_BANANE,OUA PROASPETE} => {PAINE DE CASA PE FOI DE VARZA RIP-ROP 1KG}",0.000205019714576902,0.109177215189873,0.00187786173351597,1.87134806742029,69
"{_MORCOVI,OUA PROASPETE} => {_BANANE}",0.000202048414365642,0.163855421686747,0.00123308958767267,1.78477680545471,68
"{_BANANE,OUA PROASPETE} => {_MORCOVI}",0.000202048414365642,0.107594936708861,0.00187786173351597,2.56545509983544,68
"{OUA PROASPETE,PAINE CU CARTOFI FELII BACHUS 1.2 KG} => {_BANANE}",0.000181249312886826,0.125514403292181,0.00144405190267209,1.36715156227566,61
"{APA MINERALA NATURALA CARBOGAZOASA PERLA HARGHITEI  2L,LAPTE DE CONSUM 3.5% GRASIME FRISS CUTIE 1L} => {PAINE DE CASA PE FOI DE VARZA RIP-ROP 1KG}",0.000124794608872897,0.222222222222222,0.000561575739928035,3.80899187958011,42
"{APA MINERALA NATURALA CARBOGAZOASA PERLA HARGHITEI  2L,LAPTE DE CONSUM 3.5% GRASIME FRISS CUTIE 1L} => {_BANANE}",0.000151536310774232,0.26984126984127,0.000561575739928035,2.93921577088772,51
"{_TELINA,APA MINERALA NATURALA CARBOGAZOASA PERLA HARGHITEI  2L} => {_PATRUNJEL RADACINA KG}",0.000175306712464307,0.602040816326531,0.000291187420703426,26.3175273226579,59
"{_PATRUNJEL RADACINA KG,APA MINERALA NATURALA CARBOGAZOASA PERLA HARGHITEI  2L} => {_TELINA}",0.000175306712464307,0.567307692307692,0.000309015221970982,27.0898277198114,59
"{_TELINA,APA MINERALA NATURALA CARBOGAZOASA PERLA HARGHITEI  2L} => {_MORCOVI}",0.000172335412253048,0.591836734693878,0.000291187420703426,14.1115429381104,58
"{_MORCOVI,APA MINERALA NATURALA CARBOGAZOASA PERLA HARGHITEI  2L} => {_TELINA}",0.000172335412253048,0.288557213930348,0.000597231342463148,13.7790573240494,58
"{_PATRUNJEL RADACINA KG,APA MINERALA NATURALA CARBOGAZOASA PERLA HARGHITEI  2L} => {_MORCOVI}",0.000237704016900756,0.769230769230769,0.000309015221970982,18.3412627047059,80
"{_MORCOVI,APA MINERALA NATURALA CARBOGAZOASA PERLA HARGHITEI  2L} => {_PATRUNJEL RADACINA KG}",0.000237704016900756,0.398009950248756,0.000597231342463148,17.3985508229731,80
"{APA MINERALA NATURALA CARBOGAZOASA PERLA HARGHITEI  2L,LAPTE DE CONSUM 1.5% GRASIME FRISS CUTIE 1L} => {PAINE CU CARTOFI FELII BACHUS 1.2 KG}",0.000142622410140453,0.253968253968254,0.000561575739928035,3.40397362715164,48
"{APA MINERALA NATURALA CARBOGAZIFICATA CONTINUT REDUS CO2 TUSNAD 2L,APA MINERALA NATURALA CARBOGAZOASA PERLA HARGHITEI  2L} => {_BANANE}",0.00010696680760534,0.178217821782178,0.000600202642674408,1.94121763784897,36
"{APA MINERALA NATURALA CARBOGAZOASA PERLA HARGHITEI  2L,PAINE DE CASA PE FOI DE VARZA RIP-ROP 1KG} => {_BANANE}",0.000175306712464307,0.135011441647597,0.00129845819232038,1.47059698753394,59
"{_BANANE,APA MINERALA NATURALA CARBOGAZOASA PERLA HARGHITEI  2L} => {PAINE DE CASA PE FOI DE VARZA RIP-ROP 1KG}",0.000175306712464307,0.104982206405694,0.00166987071872781,1.79944367264861,59
"{_MORCOVI,APA MINERALA NATURALA CARBOGAZOASA PERLA HARGHITEI  2L} => {PAINE CU CARTOFI FELII BACHUS 1.2 KG}",0.000118852008450378,0.199004975124378,0.000597231342463148,2.6672927675442,40
"{_CARTOFI ALBI,COTLET PORC FARA OS} => {_CEAPA GALBENA}",0.000101024207182821,0.150442477876106,0.000671513847744634,8.18226684819605,34
"{_CEAPA GALBENA,COTLET PORC FARA OS} => {_CARTOFI ALBI}",0.000101024207182821,0.137651821862348,0.000733911152181083,8.08078381357734,34
"{_CARTOFI ALBI,COTLET PORC FARA OS} => {_MORCOVI}",0.000130737209295416,0.194690265486726,0.000671513847744635,4.64212489694325,44
"{_ARDEI ROSU CAPIA,COTLET PORC FARA OS} => {PIEPT DE PUI FARA OS REFR.VRAC SZEKELY CSURKE}",0.000109938107816599,0.177033492822967,0.000621001744153224,12.107529589524,37
"{_ARDEI ROSU CAPIA,PIEPT DE PUI FARA OS REFR.VRAC SZEKELY CSURKE} => {COTLET PORC FARA OS}",0.000109938107816599,0.168949771689498,0.000650714746265819,11.84101468376,37
"{_TELINA,COTLET PORC FARA OS} => {PIEPT DE PUI FARA OS REFR.VRAC SZEKELY CSURKE}",0.00010696680760534,0.132841328413284,0.00080522235725131,9.08517528987523,36
"{_TELINA,PIEPT DE PUI FARA OS REFR.VRAC SZEKELY CSURKE} => {COTLET PORC FARA OS}",0.00010696680760534,0.148760330578512,0.000719054651124786,10.4260173963328,36
"{COTLET PORC FARA OS,PIEPT DE PUI FARA OS REFR.VRAC SZEKELY CSURKE} => {CARNE TOCATA PORC VRAC}",0.000261474418590831,0.185263157894737,0.00141136760034824,6.20221541618894,88
"{CARNE TOCATA PORC VRAC,COTLET PORC FARA OS} => {PIEPT DE PUI FARA OS REFR.VRAC SZEKELY CSURKE}",0.000261474418590831,0.120879120879121,0.00216310655379688,8.26706579338158,88
"{CARNE TOCATA PORC VRAC,PIEPT DE PUI FARA OS REFR.VRAC SZEKELY CSURKE} => {COTLET PORC FARA OS}",0.000261474418590831,0.154657293497364,0.00169066982020662,10.839311973848,88
"{COTLET PORC FARA OS,PIEPT DE PUI FARA OS REFR.VRAC SZEKELY CSURKE} => {_MORCOVI}",0.000166392811830529,0.117894736842105,0.00141136760034824,2.81103984190018,56
"{_MORCOVI,COTLET PORC FARA OS} => {PIEPT DE PUI FARA OS REFR.VRAC SZEKELY CSURKE}",0.000166392811830529,0.110671936758893,0.00150347790689728,7.568984420243,56
"{COTLET PORC FARA OS,PIEPT DE PUI FARA OS REFR.VRAC SZEKELY CSURKE} => {_BANANE}",0.000157478911196751,0.111578947368421,0.00141136760034824,1.21536117139246,53
"{_ROSII VRAC,COTLET PORC FARA OS} => {_ARDEI ROSU CAPIA}",0.000109938107816599,0.264285714285714,0.000415982029576322,14.1859888357257,37
"{_ARDEI ROSU CAPIA,COTLET PORC FARA OS} => {_ROSII VRAC}",0.000109938107816599,0.177033492822967,0.000621001744153224,11.6187896080437,37
"{_MERE ROSII,COTLET PORC FARA OS} => {_BANANE}",0.000121823308661637,0.290780141843972,0.000418953329787582,3.16729008602544,41
"{_CEAPA GALBENA,COTLET PORC FARA OS} => {_TELINA}",0.00010696680760534,0.145748987854251,0.000733911152181083,6.95974164434049,36
"{_TELINA,COTLET PORC FARA OS} => {_CEAPA GALBENA}",0.00010696680760534,0.132841328413284,0.00080522235725131,7.22497537192567,36
"{_CEAPA GALBENA,COTLET PORC FARA OS} => {_PATRUNJEL RADACINA KG}",0.000118852008450378,0.161943319838057,0.000733911152181083,7.07916744011657,40
"{_PATRUNJEL RADACINA KG,COTLET PORC FARA OS} => {_CEAPA GALBENA}",0.000118852008450378,0.131578947368421,0.000903275264222871,7.15631698023339,40
"{_CEAPA GALBENA,COTLET PORC FARA OS} => {CARNE TOCATA PORC VRAC}",0.000109938107816599,0.149797570850202,0.000733911152181083,5.01490319927864,37
"{_CEAPA GALBENA,COTLET PORC FARA OS} => {_MORCOVI}",0.000196105813943123,0.267206477732794,0.000733911152181083,6.37117546584519,66
"{_MORCOVI,COTLET PORC FARA OS} => {_CEAPA GALBENA}",0.000196105813943123,0.130434782608696,0.00150347790689728,7.09408813692701,66
"{_CEAPA GALBENA,COTLET PORC FARA OS} => {_BANANE}",0.000101024207182821,0.137651821862348,0.000733911152181083,1.49935703292248,34
"{COTLET PORC FARA OS,LAPTE DE CONSUM 3.5% GRASIME FRISS CUTIE 1L} => {_BANANE}",0.000109938107816599,0.228395061728395,0.00048135063422403,2.48776759692784,37
"{_ARDEI ROSU CAPIA,COTLET PORC FARA OS} => {_PATRUNJEL RADACINA KG}",0.000112909408027859,0.181818181818182,0.000621001744153224,7.94797435322179,38
"{_PATRUNJEL RADACINA KG,COTLET PORC FARA OS} => {_ARDEI ROSU CAPIA}",0.000112909408027859,0.125,0.000903275264222871,6.70958931419458,38
"{_ARDEI ROSU CAPIA,COTLET PORC FARA OS} => {CARNE TOCATA PORC VRAC}",0.00010696680760534,0.172248803827751,0.000621001744153224,5.76652259769632,36
"{_ARDEI ROSU CAPIA,CARNE TOCATA PORC VRAC} => {COTLET PORC FARA OS}",0.00010696680760534,0.109090909090909,0.000980529069715617,7.64574609064405,36
"{_ARDEI ROSU CAPIA,COTLET PORC FARA OS} => {_MORCOVI}",0.000139651109929194,0.22488038277512,0.000621001744153224,5.36196723089726,47
"{_ARDEI ROSU CAPIA,COTLET PORC FARA OS} => {_BANANE}",0.000124794608872897,0.200956937799043,0.000621001744153224,2.18890090902587,42
"{COTLET PORC FARA OS,FRANZELA RIP-ROP 1KG} => {_BANANE}",0.000109938107816599,0.196808510638298,0.000558604439716776,2.14371463139527,37
"{COTLET PORC FARA OS,SMANTANA 20% GRASIME FRISS 300G} => {CARNE TOCATA PORC VRAC}",0.000101024207182821,0.168316831683168,0.000600202642674408,5.63488855599974,34
"{COTLET PORC FARA OS,SMANTANA 20% GRASIME FRISS 300G} => {_MORCOVI}",0.000109938107816599,0.183168316831683,0.000600202642674408,4.3673996836453,37
"{COTLET PORC FARA OS,SMANTANA 20% GRASIME FRISS 300G} => {_BANANE}",0.000133708509506675,0.222772277227723,0.000600202642674408,2.42652204731121,45
"{_TELINA,COTLET PORC FARA OS} => {_PATRUNJEL RADACINA KG}",0.000472436733590252,0.586715867158672,0.00080522235725131,25.6476146564297,159
"{_PATRUNJEL RADACINA KG,COTLET PORC FARA OS} => {_TELINA}",0.000472436733590252,0.523026315789474,0.000903275264222871,24.975322879951,159
"{_TELINA,COTLET PORC FARA OS} => {CARNE TOCATA PORC VRAC}",0.000151536310774232,0.188191881918819,0.00080522235725131,6.30026285043513,51
"{_TELINA,COTLET PORC FARA OS} => {_MORCOVI}",0.000528891437604181,0.656826568265683,0.00080522235725131,15.6611372319887,178
"{_MORCOVI,COTLET PORC FARA OS} => {_TELINA}",0.000528891437604181,0.351778656126482,0.00150347790689728,16.7979798602917,178
"{_TELINA,COTLET PORC FARA OS} => {_BANANE}",0.000121823308661637,0.151291512915129,0.00080522235725131,1.64792583811656,41
"{_LAMAIE^2 A nu se consuma coaja,COTLET PORC FARA OS} => {_BANANE}",0.000115880708239118,0.234939759036145,0.000493235835069068,2.55905497840933,39
"{_PATRUNJEL RADACINA KG,COTLET PORC FARA OS} => {CARNE TOCATA PORC VRAC}",0.000148565010562972,0.164473684210526,0.000903275264222871,5.50622817488364,50
"{_PATRUNJEL RADACINA KG,COTLET PORC FARA OS} => {_MORCOVI}",0.00074876765323738,0.828947368421053,0.000903275264222871,19.7651238883606,252
"{_MORCOVI,COTLET PORC FARA OS} => {_PATRUNJEL RADACINA KG}",0.00074876765323738,0.49802371541502,0.00150347790689728,21.7705384457814,252
"{_PATRUNJEL RADACINA KG,COTLET PORC FARA OS} => {_BANANE}",0.000136679809717934,0.151315789473684,0.000903275264222871,1.64819026780817,46
"{COTLET PORC FARA OS,LAPTE DE CONSUM 1.5% GRASIME FRISS CUTIE 1L} => {CARNE TOCATA PORC VRAC}",0.000130737209295416,0.181818181818182,0.000719054651124786,6.08688496423501,44
"{CARNE TOCATA PORC VRAC,LAPTE DE CONSUM 1.5% GRASIME FRISS CUTIE 1L} => {COTLET PORC FARA OS}",0.000130737209295416,0.107579462102689,0.00121526178640511,7.53981480821459,44
"{COTLET PORC FARA OS,LAPTE DE CONSUM 1.5% GRASIME FRISS CUTIE 1L} => {_BANANE}",0.000124794608872897,0.173553719008264,0.000719054651124786,1.89041442143143,42
"{COTLET PORC FARA OS,PAINE DE CASA PE FOI DE VARZA RIP-ROP 1KG} => {CARNE TOCATA PORC VRAC}",0.000112909408027859,0.125827814569536,0.000897332663800352,4.21244687922224,38
"{CARNE TOCATA PORC VRAC,COTLET PORC FARA OS} => {_MORCOVI}",0.000282273520069647,0.130494505494506,0.00216310655379688,3.11146420883403,95
"{_MORCOVI,COTLET PORC FARA OS} => {CARNE TOCATA PORC VRAC}",0.000282273520069647,0.187747035573123,0.00150347790689728,6.28537034350354,95
"{COTLET PORC FARA OS,PAINE CU CARTOFI FELII BACHUS 1.2 KG} => {CARNE TOCATA PORC VRAC}",0.00016045021140801,0.129496402877698,0.00123903218809519,4.33526339179328,54
"{CARNE TOCATA PORC VRAC,COTLET PORC FARA OS} => {_BANANE}",0.000338728224083577,0.156593406593407,0.00216310655379688,1.70567612043598,114
"{_BANANE,COTLET PORC FARA OS} => {CARNE TOCATA PORC VRAC}",0.000338728224083577,0.201058201058201,0.00168472721978411,6.73099977526517,114
"{_BANANE,CARNE TOCATA PORC VRAC} => {COTLET PORC FARA OS}",0.000338728224083577,0.102517985611511,0.0033040858349205,7.18507613734086,114
"{COTLET PORC FARA OS,PAINE DE CASA PE FOI DE VARZA RIP-ROP 1KG} => {_MORCOVI}",0.000103995507394081,0.115894039735099,0.000897332663800353,2.7633359372984,35
"{COTLET PORC FARA OS,PAINE DE CASA PE FOI DE VARZA RIP-ROP 1KG} => {_BANANE}",0.000142622410140453,0.158940397350993,0.000897332663800352,1.73124045406398,48
"{COTLET PORC FARA OS,PAINE CU CARTOFI FELII BACHUS 1.2 KG} => {_MORCOVI}",0.000127765909084156,0.103117505995204,0.00123903218809519,2.45869684698575,43
"{_MORCOVI,COTLET PORC FARA OS} => {_BANANE}",0.000193134513731864,0.128458498023715,0.00150347790689728,1.39921978397875,65
"{_BANANE,COTLET PORC FARA OS} => {_MORCOVI}",0.000193134513731864,0.114638447971781,0.00168472721978411,2.73339805740325,65
"{COTLET PORC FARA OS,PAINE CU CARTOFI FELII BACHUS 1.2 KG} => {_BANANE}",0.000169364112041788,0.136690647482014,0.00123903218809519,1.48888754877385,57
"{_BANANE,COTLET PORC FARA OS} => {PAINE CU CARTOFI FELII BACHUS 1.2 KG}",0.000169364112041788,0.100529100529101,0.00168472721978411,1.34740622741419,57
"{_CARTOFI ALBI,PIEPT DE PUI FARA OS REFR.VRAC SZEKELY CSURKE} => {_MORCOVI}",0.000103995507394081,0.162037037037037,0.00064180084563204,3.86355302344498,35
"{_CARTOFI ALBI,_ROSII VRAC} => {_CEAPA GALBENA}",0.000103995507394081,0.151515151515152,0.000686370348800932,8.2406074317839,35
"{_CEAPA GALBENA,_ROSII VRAC} => {_CARTOFI ALBI}",0.000103995507394081,0.109034267912773,0.000953787367814282,6.40080411108448,35
"{_CARTOFI ALBI,_ROSII VRAC} => {_ARDEI ROSU CAPIA}",0.000109938107816599,0.16017316017316,0.000686370348800932,8.5975689913489,37
"{_ARDEI ROSU CAPIA,_CARTOFI ALBI} => {_ROSII VRAC}",0.000109938107816599,0.177033492822967,0.000621001744153224,11.6187896080437,37
"{_CARTOFI ALBI,_ROSII VRAC} => {_MORCOVI}",0.000166392811830529,0.242424242424242,0.000686370348800932,5.78027673118003,56
"{_MORCOVI,_ROSII VRAC} => {_CARTOFI ALBI}",0.000166392811830529,0.12962962962963,0.00128360169126408,7.60984488762266,56
"{_CARTOFI ALBI,_ROSII VRAC} => {_BANANE}",0.000115880708239118,0.168831168831169,0.000686370348800932,1.83897457322922,39
"{_CARTOFI ALBI,_MERE ROSII} => {_MORCOVI}",0.000154507610985491,0.211382113821138,0.000730939851969823,5.04011934487039,52
"{_MERE ROSII,_MORCOVI} => {_CARTOFI ALBI}",0.000154507610985491,0.106122448979592,0.00145593710351713,6.22986718496923,52
"{_CARTOFI ALBI,_MERE ROSII} => {_BANANE}",0.000151536310774232,0.207317073170732,0.000730939851969824,2.25817797031618,51
"{_ARDEI ROSU CAPIA,_CARTOFI ALBI} => {_CEAPA GALBENA}",0.000115880708239118,0.186602870813397,0.000621001744153224,10.1489586265128,39
"{_CARTOFI ALBI,_CEAPA GALBENA} => {_TELINA}",0.000175306712464307,0.114119922630561,0.00153616220922113,5.44940441559069,59
"{_CARTOFI ALBI,_TELINA} => {_CEAPA GALBENA}",0.000175306712464307,0.157754010695187,0.00111126627901103,8.57992656132794,59
"{_CARTOFI ALBI,_CEAPA GALBENA} => {_PATRUNJEL RADACINA KG}",0.000228790116266977,0.148936170212766,0.00153616220922113,6.51057473614976,77
"{_CARTOFI ALBI,_PATRUNJEL RADACINA KG} => {_CEAPA GALBENA}",0.000228790116266977,0.175799086757991,0.00130142949253164,9.56136232153557,77
"{_CEAPA GALBENA,_PATRUNJEL RADACINA KG} => {_CARTOFI ALBI}",0.000228790116266977,0.114583333333333,0.00199671374196635,6.72655932030932,77
"{_CARTOFI ALBI,_CEAPA GALBENA} => {_MORCOVI}",0.000413010729365063,0.268858800773694,0.00153616220922113,6.41057286410125,139
"{_CARTOFI ALBI,_MORCOVI} => {_CEAPA GALBENA}",0.000413010729365063,0.170552147239264,0.00242160967217645,9.27599172750743,139
"{_CEAPA GALBENA,_MORCOVI} => {_CARTOFI ALBI}",0.000413010729365063,0.109276729559748,0.00377949386872201,6.41503770513204,139
"{_CARTOFI ALBI,_CEAPA GALBENA} => {PAINE CU CARTOFI FELII BACHUS 1.2 KG}",0.000181249312886826,0.117988394584139,0.00153616220922113,1.58141569743034,61
"{_CARTOFI ALBI,PAINE CU CARTOFI FELII BACHUS 1.2 KG} => {_CEAPA GALBENA}",0.000181249312886826,0.115530303030303,0.00156884651154499,6.28346316673523,61
"{_CEAPA GALBENA,PAINE CU CARTOFI FELII BACHUS 1.2 KG} => {_CARTOFI ALBI}",0.000181249312886826,0.109712230215827,0.00165204291746025,6.44060356110716,61
"{_CARTOFI ALBI,_CEAPA GALBENA} => {_BANANE}",0.000172335412253048,0.112185686653772,0.00153616220922113,1.22197001101647,58
"{_BANANE,_CARTOFI ALBI} => {_CEAPA GALBENA}",0.000172335412253048,0.102473498233216,0.00168175591957285,5.5733295492701,58
"{_CARTOFI ALBI,LAPTE DE CONSUM 3.5% GRASIME FRISS CUTIE 1L} => {_MORCOVI}",0.000103995507394081,0.185185185185185,0.000561575739928035,4.41548916965141,35
"{_ARDEI ROSU CAPIA,_CARTOFI ALBI} => {_MORCOVI}",0.000154507610985491,0.248803827751196,0.000621001744153224,5.93238927673739,52
"{_CARTOFI ALBI,FRANZELA RIP-ROP 1KG} => {_MORCOVI}",0.00010696680760534,0.171428571428571,0.000623973044364483,4.08748140276302,36
"{_CARTOFI ALBI,SMANTANA 20% GRASIME FRISS 300G} => {_MORCOVI}",0.000118852008450378,0.179372197309417,0.000662599947110856,4.27688637060405,40
"{_CARTOFI ALBI,_TELINA} => {_PATRUNJEL RADACINA KG}",0.000722025951336045,0.649732620320856,0.00111126627901103,28.4023201151896,243
"{_CARTOFI ALBI,_PATRUNJEL RADACINA KG} => {_TELINA}",0.000722025951336045,0.554794520547945,0.00130142949253164,26.4923042386454,243
"{_CARTOFI ALBI,_TELINA} => {_MORCOVI}",0.000811164957673828,0.729946524064171,0.00111126627901103,17.4045832457222,273
"{_CARTOFI ALBI,_MORCOVI} => {_TELINA}",0.000811164957673828,0.334969325153374,0.00242160967217645,15.9953080715584,273
"{_CARTOFI ALBI,_TELINA} => {_BANANE}",0.000145593710351713,0.131016042780749,0.00111126627901103,1.42707755343353,49
"{_CARTOFI ALBI,_LAMAIE^2 A nu se consuma coaja} => {_MORCOVI}",0.00010696680760534,0.169811320754717,0.000629915644787002,4.04892025745393,36
"{_CARTOFI ALBI,_LAMAIE^2 A nu se consuma coaja} => {_BANANE}",0.000109938107816599,0.174528301886792,0.000629915644787002,1.90102995614298,37
"{_CARTOFI ALBI,CARNE TOCATA PORC VRAC} => {_PATRUNJEL RADACINA KG}",0.000115880708239118,0.132203389830508,0.000876533562321536,5.77912033480025,39
"{_CARTOFI ALBI,_PATRUNJEL RADACINA KG} => {_MORCOVI}",0.0010696680760534,0.821917808219178,0.00130142949253164,19.5975135748912,360
"{_CARTOFI ALBI,_MORCOVI} => {_PATRUNJEL RADACINA KG}",0.0010696680760534,0.441717791411043,0.00242160967217645,19.3091892262321,360
"{_CARTOFI ALBI,_PATRUNJEL RADACINA KG} => {_BANANE}",0.000148565010562972,0.114155251141553,0.00130142949253164,1.24342327132639,50
"{_CARTOFI ALBI,LAPTE DE CONSUM 1.5% GRASIME FRISS CUTIE 1L} => {_MORCOVI}",0.000127765909084156,0.161654135338346,0.000790365856195012,3.85442325260548,43
"{_CARTOFI ALBI,LAPTE DE CONSUM 1.5% GRASIME FRISS CUTIE 1L} => {PAINE CU CARTOFI FELII BACHUS 1.2 KG}",0.000115880708239118,0.146616541353383,0.000790365856195012,1.96512293277998,39
"{_CARTOFI ALBI,CARNE TOCATA PORC VRAC} => {_MORCOVI}",0.000207991014788161,0.23728813559322,0.000876533562321536,5.65781324111265,70
"{_CARTOFI ALBI,APA MINERALA NATURALA CARBOGAZIFICATA CONTINUT REDUS CO2 TUSNAD 2L} => {_MORCOVI}",0.000124794608872897,0.12280701754386,0.00101618467225073,2.92816650197936,42
"{_CARTOFI ALBI,APA MINERALA NATURALA CARBOGAZIFICATA CONTINUT REDUS CO2 TUSNAD 2L} => {PAINE CU CARTOFI FELII BACHUS 1.2 KG}",0.000139651109929194,0.137426900584795,0.00101618467225073,1.8419528344291,47
"{_CARTOFI ALBI,APA MINERALA NATURALA CARBOGAZIFICATA CONTINUT REDUS CO2 TUSNAD 2L} => {_BANANE}",0.000154507610985491,0.152046783625731,0.00101618467225073,1.65615253963333,52
"{_CARTOFI ALBI,PAINE DE CASA PE FOI DE VARZA RIP-ROP 1KG} => {_MORCOVI}",0.000207991014788161,0.153508771929825,0.00135491289633431,3.66020812747419,70
"{_CARTOFI ALBI,PAINE DE CASA PE FOI DE VARZA RIP-ROP 1KG} => {_BANANE}",0.000169364112041788,0.125,0.00135491289633431,1.3615484821024,57
"{_BANANE,_CARTOFI ALBI} => {PAINE DE CASA PE FOI DE VARZA RIP-ROP 1KG}",0.000169364112041788,0.100706713780919,0.00168175591957285,1.72615974754823,57
"{_CARTOFI ALBI,PAINE CU CARTOFI FELII BACHUS 1.2 KG} => {_MORCOVI}",0.000205019714576902,0.130681818181818,0.00156884651154499,3.11593042540173,69
"{_CARTOFI ALBI,_MORCOVI} => {_BANANE}",0.000246617917534534,0.101840490797546,0.00242160967217645,1.1092861252957,83
"{_BANANE,_CARTOFI ALBI} => {_MORCOVI}",0.000246617917534534,0.146643109540636,0.00168175591957285,3.49650573469569,83
"{_CARTOFI ALBI,PAINE CU CARTOFI FELII BACHUS 1.2 KG} => {_BANANE}",0.000199077114154383,0.126893939393939,0.00156884651154499,1.3821780045585,67
"{_BANANE,_CARTOFI ALBI} => {PAINE CU CARTOFI FELII BACHUS 1.2 KG}",0.000199077114154383,0.118374558303887,0.00168175591957285,1.58659150620661,67
"{_ROSII VRAC,PIEPT DE PUI FARA OS REFR.VRAC SZEKELY CSURKE} => {_ARDEI ROSU CAPIA}",0.000112909408027859,0.204301075268817,0.000552661839294257,10.9662104920169,38
"{_ARDEI ROSU CAPIA,PIEPT DE PUI FARA OS REFR.VRAC SZEKELY CSURKE} => {_ROSII VRAC}",0.000112909408027859,0.17351598173516,0.000650714746265819,11.3879337365275,38
"{_CEAPA GALBENA,PIEPT DE PUI FARA OS REFR.VRAC SZEKELY CSURKE} => {_TELINA}",0.000109938107816599,0.165178571428571,0.000665571247322116,7.88753458427923,37
"{_TELINA,PIEPT DE PUI FARA OS REFR.VRAC SZEKELY CSURKE} => {_CEAPA GALBENA}",0.000109938107816599,0.152892561983471,0.000719054651124786,8.31552204480012,37
"{_CEAPA GALBENA,PIEPT DE PUI FARA OS REFR.VRAC SZEKELY CSURKE} => {_PATRUNJEL RADACINA KG}",0.000112909408027859,0.169642857142857,0.000665571247322116,7.41574392778283,38
"{_PATRUNJEL RADACINA KG,PIEPT DE PUI FARA OS REFR.VRAC SZEKELY CSURKE} => {_CEAPA GALBENA}",0.000112909408027859,0.132404181184669,0.000852763160631461,7.20119980449966,38
"{_CEAPA GALBENA,PIEPT DE PUI FARA OS REFR.VRAC SZEKELY CSURKE} => {_MORCOVI}",0.000205019714576902,0.308035714285714,0.000665571247322116,7.3446931455898,69
"{_MORCOVI,PIEPT DE PUI FARA OS REFR.VRAC SZEKELY CSURKE} => {_CEAPA GALBENA}",0.000205019714576902,0.122340425531915,0.00167581331915033,6.65385217098296,69
"{_ARDEI ROSU CAPIA,PIEPT DE PUI FARA OS REFR.VRAC SZEKELY CSURKE} => {_MORCOVI}",0.000118852008450378,0.182648401826484,0.000650714746265819,4.35500301664248,40
"{FRANZELA RIP-ROP 1KG,PIEPT DE PUI FARA OS REFR.VRAC SZEKELY CSURKE} => {_BANANE}",0.000109938107816599,0.173708920187793,0.000632886944998262,1.8921049328747,37
"{PIEPT DE PUI FARA OS REFR.VRAC SZEKELY CSURKE,SMANTANA 20% GRASIME FRISS 300G} => {_PATRUNJEL RADACINA KG}",0.000121823308661637,0.163346613545817,0.000745796353026121,7.1405108233128,41
"{_PATRUNJEL RADACINA KG,PIEPT DE PUI FARA OS REFR.VRAC SZEKELY CSURKE} => {SMANTANA 20% GRASIME FRISS 300G}",0.000121823308661637,0.142857142857143,0.000852763160631461,6.07748704335735,41
"{PIEPT DE PUI FARA OS REFR.VRAC SZEKELY CSURKE,SMANTANA 20% GRASIME FRISS 300G} => {_MORCOVI}",0.000187191913309345,0.250996015936255,0.000745796353026121,5.9846590259578,63
"{_MORCOVI,PIEPT DE PUI FARA OS REFR.VRAC SZEKELY CSURKE} => {SMANTANA 20% GRASIME FRISS 300G}",0.000187191913309345,0.111702127659574,0.00167581331915033,4.75207763496559,63
"{_TELINA,PIEPT DE PUI FARA OS REFR.VRAC SZEKELY CSURKE} => {_PATRUNJEL RADACINA KG}",0.000401125528520025,0.557851239669422,0.000719054651124786,24.3858304019305,135
"{_PATRUNJEL RADACINA KG,PIEPT DE PUI FARA OS REFR.VRAC SZEKELY CSURKE} => {_TELINA}",0.000401125528520025,0.470383275261324,0.000852763160631461,22.4615355333463,135
"{_TELINA,PIEPT DE PUI FARA OS REFR.VRAC SZEKELY CSURKE} => {CARNE TOCATA PORC VRAC}",0.000127765909084156,0.177685950413223,0.000719054651124786,5.9485466695933,43
"{_TELINA,PIEPT DE PUI FARA OS REFR.VRAC SZEKELY CSURKE} => {_MORCOVI}",0.000496207135280327,0.690082644628099,0.000719054651124786,16.4540831950068,167
"{_MORCOVI,PIEPT DE PUI FARA OS REFR.VRAC SZEKELY CSURKE} => {_TELINA}",0.000496207135280327,0.296099290780142,0.00167581331915033,14.1392032647459,167
"{_TELINA,PIEPT DE PUI FARA OS REFR.VRAC SZEKELY CSURKE} => {_BANANE}",0.000101024207182821,0.140495867768595,0.000719054651124786,1.53033548401592,34
"{_LAMAIE^2 A nu se consuma coaja,PIEPT DE PUI FARA OS REFR.VRAC SZEKELY CSURKE} => {_MORCOVI}",0.000118852008450378,0.195121951219512,0.000609116543308186,4.65241785680344,40
"{_LAMAIE^2 A nu se consuma coaja,PIEPT DE PUI FARA OS REFR.VRAC SZEKELY CSURKE} => {_BANANE}",0.000142622410140453,0.234146341463415,0.000609116543308186,2.55041276647474,48
"{_PATRUNJEL RADACINA KG,PIEPT DE PUI FARA OS REFR.VRAC SZEKELY CSURKE} => {_MORCOVI}",0.000671513847744635,0.787456445993031,0.000852763160631461,18.7758292078139,226
"{_MORCOVI,PIEPT DE PUI FARA OS REFR.VRAC SZEKELY CSURKE} => {_PATRUNJEL RADACINA KG}",0.000671513847744635,0.400709219858156,0.00167581331915033,17.5165463139267,226
"{_PATRUNJEL RADACINA KG,PIEPT DE PUI FARA OS REFR.VRAC SZEKELY CSURKE} => {PAINE CU CARTOFI FELII BACHUS 1.2 KG}",0.000112909408027859,0.132404181184669,0.000852763160631461,1.77463259220406,38
"{_PATRUNJEL RADACINA KG,PIEPT DE PUI FARA OS REFR.VRAC SZEKELY CSURKE} => {_BANANE}",0.000118852008450378,0.139372822299652,0.000852763160631461,1.51810283718735,40
"{LAPTE DE CONSUM 1.5% GRASIME FRISS CUTIE 1L,PIEPT DE PUI FARA OS REFR.VRAC SZEKELY CSURKE} => {_MORCOVI}",0.000127765909084156,0.165384615384615,0.000772538054927456,3.94337148151176,43
"{LAPTE DE CONSUM 1.5% GRASIME FRISS CUTIE 1L,PIEPT DE PUI FARA OS REFR.VRAC SZEKELY CSURKE} => {_BANANE}",0.000109938107816599,0.142307692307692,0.000772538054927456,1.55007057962427,37
"{PAINE DE CASA PE FOI DE VARZA RIP-ROP 1KG,PIEPT DE PUI FARA OS REFR.VRAC SZEKELY CSURKE} => {CARNE TOCATA PORC VRAC}",0.000127765909084156,0.123209169054441,0.00103698377372955,4.12478021215352,43
"{CARNE TOCATA PORC VRAC,PIEPT DE PUI FARA OS REFR.VRAC SZEKELY CSURKE} => {_MORCOVI}",0.000199077114154383,0.117750439367311,0.00169066982020662,2.80759926463951,67
"{_MORCOVI,PIEPT DE PUI FARA OS REFR.VRAC SZEKELY CSURKE} => {CARNE TOCATA PORC VRAC}",0.000199077114154383,0.118794326241135,0.00167581331915033,3.97698069028475,67
"{PAINE CU CARTOFI FELII BACHUS 1.2 KG,PIEPT DE PUI FARA OS REFR.VRAC SZEKELY CSURKE} => {CARNE TOCATA PORC VRAC}",0.000124794608872897,0.103194103194103,0.00120931918598259,3.45471849321446,42
"{CARNE TOCATA PORC VRAC,PIEPT DE PUI FARA OS REFR.VRAC SZEKELY CSURKE} => {_BANANE}",0.000219876215633199,0.130052724077329,0.00169066982020662,1.41658471248615,74
"{_BANANE,PIEPT DE PUI FARA OS REFR.VRAC SZEKELY CSURKE} => {CARNE TOCATA PORC VRAC}",0.000219876215633199,0.124579124579125,0.00176495232548811,4.17064340142028,74
"{PAINE DE CASA PE FOI DE VARZA RIP-ROP 1KG,PIEPT DE PUI FARA OS REFR.VRAC SZEKELY CSURKE} => {_MORCOVI}",0.000148565010562972,0.143266475644699,0.00103698377372955,3.4159944865498,50
"{PAINE DE CASA PE FOI DE VARZA RIP-ROP 1KG,PIEPT DE PUI FARA OS REFR.VRAC SZEKELY CSURKE} => {_BANANE}",0.000157478911196751,0.151862464183381,0.00103698377372955,1.6541448607777,53
"{_MORCOVI,PIEPT DE PUI FARA OS REFR.VRAC SZEKELY CSURKE} => {PAINE CU CARTOFI FELII BACHUS 1.2 KG}",0.000169364112041788,0.101063829787234,0.00167581331915033,1.35457328181533,57
"{PAINE CU CARTOFI FELII BACHUS 1.2 KG,PIEPT DE PUI FARA OS REFR.VRAC SZEKELY CSURKE} => {_MORCOVI}",0.000169364112041788,0.14004914004914,0.00120931918598259,3.33928148997224,57
"{_MORCOVI,PIEPT DE PUI FARA OS REFR.VRAC SZEKELY CSURKE} => {_BANANE}",0.000228790116266977,0.136524822695035,0.00167581331915033,1.4870813208778,77
"{_BANANE,PIEPT DE PUI FARA OS REFR.VRAC SZEKELY CSURKE} => {_MORCOVI}",0.000228790116266977,0.12962962962963,0.00176495232548811,3.09084241875599,77
"{PAINE CU CARTOFI FELII BACHUS 1.2 KG,PIEPT DE PUI FARA OS REFR.VRAC SZEKELY CSURKE} => {_BANANE}",0.000184220613098086,0.152334152334152,0.00120931918598259,1.65928267106337,62
"{_BANANE,PIEPT DE PUI FARA OS REFR.VRAC SZEKELY CSURKE} => {PAINE CU CARTOFI FELII BACHUS 1.2 KG}",0.000184220613098086,0.104377104377104,0.00176495232548811,1.39898158540134,62
"{_MERE ROSII,_ROSII VRAC} => {_ARDEI ROSU CAPIA}",0.000118852008450378,0.173913043478261,0.000683399048589672,9.33508078496637,40
"{_ARDEI ROSU CAPIA,_MERE ROSII} => {_ROSII VRAC}",0.000118852008450378,0.142348754448399,0.000834935359363904,9.34241426596566,40
"{_MERE ROSII,_ROSII VRAC} => {_BANANE}",0.000190163213520604,0.278260869565217,0.000683399048589672,3.03092531668013,64
"{_CEAPA GALBENA,_ROSII VRAC} => {_ARDEI ROSU CAPIA}",0.000237704016900756,0.249221183800623,0.000953787367814282,13.3773743335967,80
"{_ARDEI ROSU CAPIA,_ROSII VRAC} => {_CEAPA GALBENA}",0.000237704016900756,0.104849279161206,0.00226710206119096,5.70254354388191,80
"{_ARDEI ROSU CAPIA,_CEAPA GALBENA} => {_ROSII VRAC}",0.000237704016900756,0.164609053497942,0.00144405190267209,10.8033679371866,80
"{_CEAPA GALBENA,_ROSII VRAC} => {_TELINA}",0.000115880708239118,0.121495327102804,0.000953787367814282,5.8015914901291,39
"{_ROSII VRAC,_TELINA} => {_CEAPA GALBENA}",0.000115880708239118,0.177272727272727,0.000653686046477078,9.64151069518717,39
"{_CEAPA GALBENA,_ROSII VRAC} => {_PATRUNJEL RADACINA KG}",0.000101024207182821,0.105919003115265,0.000953787367814282,4.63012836153419,34
"{_PATRUNJEL RADACINA KG,_ROSII VRAC} => {_CEAPA GALBENA}",0.000101024207182821,0.163461538461538,0.000618030443941965,8.89034763313609,34
"{_CEAPA GALBENA,_ROSII VRAC} => {_MORCOVI}",0.000202048414365642,0.21183800623053,0.000953787367814282,5.05098948004983,68
"{_MORCOVI,_ROSII VRAC} => {_CEAPA GALBENA}",0.000202048414365642,0.157407407407407,0.00128360169126408,8.5610754985755,68
"{_CEAPA GALBENA,_ROSII VRAC} => {_BANANE}",0.000163421511619269,0.171339563862928,0.000953787367814282,1.86629698481326,55
"{_ROSII VRAC,LAPTE DE CONSUM 3.5% GRASIME FRISS CUTIE 1L} => {_BANANE}",0.000112909408027859,0.253333333333333,0.000445695031688917,2.75940492372753,38
"{_ROSII VRAC,_TELINA} => {_ARDEI ROSU CAPIA}",0.000130737209295416,0.2,0.000653686046477078,10.7353429027113,44
"{_LAMAIE^2 A nu se consuma coaja,_ROSII VRAC} => {_ARDEI ROSU CAPIA}",0.000175306712464307,0.214545454545455,0.000817107558096347,11.5160951138176,59
"{_ARDEI ROSU CAPIA,_LAMAIE^2 A nu se consuma coaja} => {_ROSII VRAC}",0.000175306712464307,0.14390243902439,0.00121823308661637,9.44438329972223,59
"{_PATRUNJEL RADACINA KG,_ROSII VRAC} => {_ARDEI ROSU CAPIA}",0.000142622410140453,0.230769230769231,0.000618030443941965,12.3869341185131,48
"{_ROSII VRAC,CARNE TOCATA PORC VRAC} => {_ARDEI ROSU CAPIA}",0.000130737209295416,0.174603174603175,0.00074876765323738,9.37212475633528,44
"{_ARDEI ROSU CAPIA,CARNE TOCATA PORC VRAC} => {_ROSII VRAC}",0.000130737209295416,0.133333333333333,0.000980529069715617,8.75072802912116,44
"{_ROSII VRAC,APA MINERALA NATURALA CARBOGAZIFICATA CONTINUT REDUS CO2 TUSNAD 2L} => {_ARDEI ROSU CAPIA}",0.000136679809717934,0.172932330827068,0.000790365856195012,9.28243935196844,46
"{_ARDEI ROSU CAPIA,APA MINERALA NATURALA CARBOGAZIFICATA CONTINUT REDUS CO2 TUSNAD 2L} => {_ROSII VRAC}",0.000136679809717934,0.114143920595533,0.00119743398513756,7.49131803981837,46
"{_ROSII VRAC,PAINE DE CASA PE FOI DE VARZA RIP-ROP 1KG} => {_ARDEI ROSU CAPIA}",0.000163421511619269,0.155807365439093,0.00104886897457458,8.36322747378361,55
"{_ARDEI ROSU CAPIA,PAINE DE CASA PE FOI DE VARZA RIP-ROP 1KG} => {_ROSII VRAC}",0.000163421511619269,0.109126984126984,0.00149753530647476,7.16205419050095,55
"{_ARDEI ROSU CAPIA,_ROSII VRAC} => {_MORCOVI}",0.000261474418590831,0.115334207077326,0.00226710206119096,2.74998748809744,88
"{_MORCOVI,_ROSII VRAC} => {_ARDEI ROSU CAPIA}",0.000261474418590831,0.203703703703704,0.00128360169126408,10.9341455490578,88
"{_ARDEI ROSU CAPIA,_MORCOVI} => {_ROSII VRAC}",0.000261474418590831,0.104513064133017,0.00250183477788045,6.85924049788595,88
"{_ROSII VRAC,PAINE CU CARTOFI FELII BACHUS 1.2 KG} => {_ARDEI ROSU CAPIA}",0.00021690491542194,0.16079295154185,0.00134897029591179,8.63083735570404,73
"{_ARDEI ROSU CAPIA,PAINE CU CARTOFI FELII BACHUS 1.2 KG} => {_ROSII VRAC}",0.00021690491542194,0.128070175438597,0.00169364112041788,8.40530455428743,73
"{_ARDEI ROSU CAPIA,_ROSII VRAC} => {_BANANE}",0.000421924629998841,0.18610747051114,0.00226710206119096,2.02715475185888,142
"{_BANANE,_ROSII VRAC} => {_ARDEI ROSU CAPIA}",0.000421924629998841,0.171912832929782,0.0024542939745003,9.22771605438867,142
"{_ARDEI ROSU CAPIA,_BANANE} => {_ROSII VRAC}",0.000421924629998841,0.133458646616541,0.00316146342478005,8.75895239756959,142
"{_ROSII VRAC,FRANZELA RIP-ROP 1KG} => {_BANANE}",0.000109938107816599,0.175355450236967,0.000626944344575743,1.9100395767882,37
"{_ROSII VRAC,_TELINA} => {_PATRUNJEL RADACINA KG}",0.000338728224083577,0.518181818181818,0.000653686046477078,22.6517269066821,114
"{_PATRUNJEL RADACINA KG,_ROSII VRAC} => {_TELINA}",0.000338728224083577,0.548076923076923,0.000618030443941964,26.171528475072,114
"{_ROSII VRAC,_TELINA} => {_MORCOVI}",0.000451637632111436,0.690909090909091,0.000653686046477078,16.4737886838631,152
"{_MORCOVI,_ROSII VRAC} => {_TELINA}",0.000451637632111436,0.351851851851852,0.00128360169126408,16.8014750704166,152
"{_ROSII VRAC,_TELINA} => {_BANANE}",0.000112909408027859,0.172727272727273,0.000653686046477078,1.88141244799605,38
"{_LAMAIE^2 A nu se consuma coaja,_ROSII VRAC} => {_BANANE}",0.000231761416478237,0.283636363636364,0.000817107558096347,3.08947728302509,78
"{_PATRUNJEL RADACINA KG,_ROSII VRAC} => {_MORCOVI}",0.000499178435491587,0.807692307692308,0.000618030443941965,19.2583258399411,168
"{_MORCOVI,_ROSII VRAC} => {_PATRUNJEL RADACINA KG}",0.000499178435491587,0.388888888888889,0.00128360169126408,16.9998340332799,168
"{_PATRUNJEL RADACINA KG,_ROSII VRAC} => {_BANANE}",0.000101024207182821,0.163461538461538,0.000618030443941965,1.78048647659545,34
"{_ROSII VRAC,LAPTE DE CONSUM 1.5% GRASIME FRISS CUTIE 1L} => {_BANANE}",0.000133708509506675,0.208333333333333,0.00064180084563204,2.26924747017067,45
"{_ROSII VRAC,CARNE TOCATA PORC VRAC} => {_MORCOVI}",0.000136679809717934,0.182539682539683,0.00074876765323738,4.3524107529421,46
"{_MORCOVI,_ROSII VRAC} => {CARNE TOCATA PORC VRAC}",0.000136679809717934,0.106481481481481,0.00128360169126408,3.56477290729504,46
"{_ROSII VRAC,CARNE TOCATA PORC VRAC} => {_BANANE}",0.000181249312886826,0.242063492063492,0.00074876765323738,2.63664944153163,61
"{_ROSII VRAC,APA MINERALA NATURALA CARBOGAZIFICATA CONTINUT REDUS CO2 TUSNAD 2L} => {PAINE CU CARTOFI FELII BACHUS 1.2 KG}",0.000127765909084156,0.161654135338346,0.000790365856195012,2.16667400280869,43
"{_ROSII VRAC,APA MINERALA NATURALA CARBOGAZIFICATA CONTINUT REDUS CO2 TUSNAD 2L} => {_BANANE}",0.000115880708239118,0.146616541353383,0.000790365856195012,1.59700423464643,39
"{_ROSII VRAC,PAINE DE CASA PE FOI DE VARZA RIP-ROP 1KG} => {_BANANE}",0.000196105813943123,0.186968838526912,0.00104886897457458,2.03653710637413,66
"{_MORCOVI,_ROSII VRAC} => {_BANANE}",0.000222847515844458,0.173611111111111,0.00128360169126408,1.89103955847556,75
"{_ROSII VRAC,PAINE CU CARTOFI FELII BACHUS 1.2 KG} => {_BANANE}",0.000207991014788161,0.154185022026432,0.00134897029591179,1.67944306162411,70
"{_MERE ROSII,FRANZELA ALBA COUNTRY 1KG} => {_BANANE}",0.000115880708239118,0.240740740740741,0.00048135063422403,2.62224152108611,39
"{FRANZELA ALBA COUNTRY 1KG,LAPTE DE CONSUM 3.5% GRASIME FRISS CUTIE 1L} => {_BANANE}",0.000124794608872897,0.202898550724638,0.000615059143730705,2.21004971007926,42
"{_ARDEI ROSU CAPIA,FRANZELA ALBA COUNTRY 1KG} => {_BANANE}",0.00010696680760534,0.202247191011236,0.000528891437604181,2.20295484744658,36
"{FRANZELA ALBA COUNTRY 1KG,SMANTANA 20% GRASIME FRISS 300G} => {_BANANE}",0.00010696680760534,0.150627615062762,0.000710140750491007,1.64069440521126,36
"{_TELINA,FRANZELA ALBA COUNTRY 1KG} => {_PATRUNJEL RADACINA KG}",0.000303072621548463,0.610778443113772,0.000496207135280327,26.6994827075295,102
"{_PATRUNJEL RADACINA KG,FRANZELA ALBA COUNTRY 1KG} => {_TELINA}",0.000303072621548463,0.474418604651163,0.000638829545420781,22.6542288097564,102
"{_TELINA,FRANZELA ALBA COUNTRY 1KG} => {_MORCOVI}",0.000329814323449798,0.664670658682635,0.000496207135280327,15.8481689119105,111
"{_MORCOVI,FRANZELA ALBA COUNTRY 1KG} => {_TELINA}",0.000329814323449798,0.329376854599407,0.00100132817119443,15.7282588742897,111
"{_LAMAIE^2 A nu se consuma coaja,FRANZELA ALBA COUNTRY 1KG} => {_BANANE}",0.000163421511619269,0.246636771300448,0.000662599947110856,2.6864633727581,55
"{_PATRUNJEL RADACINA KG,FRANZELA ALBA COUNTRY 1KG} => {_MORCOVI}",0.00048432193443529,0.758139534883721,0.000638829545420781,18.0768072889636,163
"{_MORCOVI,FRANZELA ALBA COUNTRY 1KG} => {_PATRUNJEL RADACINA KG}",0.00048432193443529,0.483679525222552,0.00100132817119443,21.1434985390603,163
"{_PATRUNJEL RADACINA KG,FRANZELA ALBA COUNTRY 1KG} => {_BANANE}",0.00010696680760534,0.167441860465116,0.000638829545420781,1.82384168765345,36
"{CARNE TOCATA PORC VRAC,FRANZELA ALBA COUNTRY 1KG} => {LAPTE DE CONSUM 1.5% GRASIME FRISS CUTIE 1L}",0.00010696680760534,0.110769230769231,0.00096567256865932,3.88573242892192,36
"{FRANZELA ALBA COUNTRY 1KG,LAPTE DE CONSUM 1.5% GRASIME FRISS CUTIE 1L} => {_BANANE}",0.000172335412253048,0.14572864321608,0.00118257748408126,1.58733290375757,58
"{CARNE TOCATA PORC VRAC,FRANZELA ALBA COUNTRY 1KG} => {_MORCOVI}",0.000124794608872897,0.129230769230769,0.00096567256865932,3.08133213439058,42
"{_MORCOVI,FRANZELA ALBA COUNTRY 1KG} => {CARNE TOCATA PORC VRAC}",0.000124794608872897,0.124629080118694,0.00100132817119443,4.17231580634507,42
"{CARNE TOCATA PORC VRAC,FRANZELA ALBA COUNTRY 1KG} => {_BANANE}",0.000136679809717934,0.141538461538462,0.00096567256865932,1.54169181973441,46
"{APA MINERALA NATURALA CARBOGAZIFICATA CONTINUT REDUS CO2 TUSNAD 2L,FRANZELA ALBA COUNTRY 1KG} => {_BANANE}",0.000222847515844458,0.148514851485149,0.00150050660668602,1.61768136487414,75
"{_MORCOVI,FRANZELA ALBA COUNTRY 1KG} => {_BANANE}",0.000193134513731864,0.192878338278932,0.00100132817119443,2.1009056697129,65
"{_MERE ROSII,FRANZELA ALBA BACHUS 1KG} => {_BANANE}",0.000145593710351713,0.251282051282051,0.000579403541195592,2.73706156402124,49
"{_CEAPA GALBENA,FRANZELA ALBA BACHUS 1KG} => {_MORCOVI}",0.00010696680760534,0.189473684210526,0.000564547040139295,4.51774260305386,36
"{FRANZELA ALBA BACHUS 1KG,LAPTE DE CONSUM 3.5% GRASIME FRISS CUTIE 1L} => {APA MINERALA NATURALA CARBOGAZIFICATA CONTINUT REDUS CO2 TUSNAD 2L}",0.000199077114154383,0.221854304635762,0.000897332663800352,4.14372228137408,67
"{APA MINERALA NATURALA CARBOGAZIFICATA CONTINUT REDUS CO2 TUSNAD 2L,LAPTE DE CONSUM 3.5% GRASIME FRISS CUTIE 1L} => {FRANZELA ALBA BACHUS 1KG}",0.000199077114154383,0.148888888888889,0.00133708509506675,6.21545549767083,67
"{FRANZELA ALBA BACHUS 1KG,LAPTE DE CONSUM 3.5% GRASIME FRISS CUTIE 1L} => {_BANANE}",0.000118852008450378,0.132450331125828,0.000897332663800352,1.44270037838665,40
"{_ARDEI ROSU CAPIA,FRANZELA ALBA BACHUS 1KG} => {APA MINERALA NATURALA CARBOGAZIFICATA CONTINUT REDUS CO2 TUSNAD 2L}",0.000193134513731864,0.241635687732342,0.000799279756828791,4.51319249755163,65
"{_ARDEI ROSU CAPIA,APA MINERALA NATURALA CARBOGAZIFICATA CONTINUT REDUS CO2 TUSNAD 2L} => {FRANZELA ALBA BACHUS 1KG}",0.000193134513731864,0.161290322580645,0.00119743398513756,6.7331607461528,65
"{_ARDEI ROSU CAPIA,FRANZELA ALBA BACHUS 1KG} => {_BANANE}",0.000133708509506675,0.16728624535316,0.000799279756828791,1.82214666749764,45
"{FRANZELA ALBA BACHUS 1KG,SMANTANA 20% GRASIME FRISS 300G} => {_BANANE}",0.000109938107816599,0.142307692307692,0.000772538054927456,1.55007057962427,37
"{_TELINA,FRANZELA ALBA BACHUS 1KG} => {_PATRUNJEL RADACINA KG}",0.000309015221970982,0.538860103626943,0.000573460940773073,23.5556545598076,104
"{_PATRUNJEL RADACINA KG,FRANZELA ALBA BACHUS 1KG} => {_TELINA}",0.000309015221970982,0.514851485148515,0.000600202642674408,24.5849619581708,104
"{_TELINA,FRANZELA ALBA BACHUS 1KG} => {_MORCOVI}",0.000380326427041209,0.663212435233161,0.000573460940773073,15.8133995547308,128
"{_MORCOVI,FRANZELA ALBA BACHUS 1KG} => {_TELINA}",0.000380326427041209,0.333333333333333,0.00114097928112363,15.9171869088157,128
"{_LAMAIE^2 A nu se consuma coaja,FRANZELA ALBA BACHUS 1KG} => {_BANANE}",0.000112909408027859,0.180952380952381,0.000623973044364483,1.97100351694824,38
"{_PATRUNJEL RADACINA KG,FRANZELA ALBA BACHUS 1KG} => {_MORCOVI}",0.000487293234646549,0.811881188118812,0.000600202642674408,19.3582040031846,164
"{_MORCOVI,FRANZELA ALBA BACHUS 1KG} => {_PATRUNJEL RADACINA KG}",0.000487293234646549,0.427083333333333,0.00114097928112363,18.6694605901199,164
"{FRANZELA ALBA BACHUS 1KG,LAPTE DE CONSUM 1.5% GRASIME FRISS CUTIE 1L} => {_BANANE}",0.000142622410140453,0.135977337110482,0.00104886897457458,1.48111789554482,48
"{CARNE TOCATA PORC VRAC,FRANZELA ALBA BACHUS 1KG} => {APA MINERALA NATURALA CARBOGAZIFICATA CONTINUT REDUS CO2 TUSNAD 2L}",0.000103995507394081,0.121107266435986,0.00085870576105398,2.26200198905769,35
"{APA MINERALA NATURALA CARBOGAZIFICATA CONTINUT REDUS CO2 TUSNAD 2L,CARNE TOCATA PORC VRAC} => {FRANZELA ALBA BACHUS 1KG}",0.000103995507394081,0.114754098360656,0.000906246564434131,4.79047830136117,35
"{CARNE TOCATA PORC VRAC,FRANZELA ALBA BACHUS 1KG} => {_MORCOVI}",0.000136679809717934,0.15916955017301,0.00085870576105398,3.79518169460695,46
"{_MORCOVI,FRANZELA ALBA BACHUS 1KG} => {CARNE TOCATA PORC VRAC}",0.000136679809717934,0.119791666666667,0.00114097928112363,4.01036952070692,46
"{_MORCOVI,FRANZELA ALBA BACHUS 1KG} => {APA MINERALA NATURALA CARBOGAZIFICATA CONTINUT REDUS CO2 TUSNAD 2L}",0.000142622410140453,0.125,0.00114097928112363,2.33470919584883,48
"{APA MINERALA NATURALA CARBOGAZIFICATA CONTINUT REDUS CO2 TUSNAD 2L,FRANZELA ALBA BACHUS 1KG} => {_BANANE}",0.000264445718802091,0.105325443786982,0.00251074867851423,1.14724558491942,89
"{_BANANE,FRANZELA ALBA BACHUS 1KG} => {APA MINERALA NATURALA CARBOGAZIFICATA CONTINUT REDUS CO2 TUSNAD 2L}",0.000264445718802091,0.111949685534591,0.00236218366795126,2.09095968231996,89
"{_MORCOVI,FRANZELA ALBA BACHUS 1KG} => {_BANANE}",0.00016045021140801,0.140625,0.00114097928112363,1.5317420423652,54
"{_CEAPA GALBENA,_MERE ROSII} => {_ARDEI ROSU CAPIA}",0.000118852008450378,0.143884892086331,0.000826021458730126,7.72326827533189,40
"{_ARDEI ROSU CAPIA,_MERE ROSII} => {_CEAPA GALBENA}",0.000118852008450378,0.142348754448399,0.000834935359363904,7.74206534516352,40
"{_CEAPA GALBENA,_MERE ROSII} => {_TELINA}",0.000118852008450378,0.143884892086331,0.000826021458730126,6.87072816207874,40
"{_MERE ROSII,_TELINA} => {_CEAPA GALBENA}",0.000118852008450378,0.171673819742489,0.000692312949223451,9.33699726176373,40
"{_CEAPA GALBENA,_MERE ROSII} => {_PATRUNJEL RADACINA KG}",0.000109938107816599,0.133093525179856,0.000826021458730126,5.81803158590156,37
"{_MERE ROSII,_PATRUNJEL RADACINA KG} => {_CEAPA GALBENA}",0.000109938107816599,0.14859437751004,0.000739853752603602,8.08175234876156,37
"{_CEAPA GALBENA,_MERE ROSII} => {_MORCOVI}",0.000205019714576902,0.248201438848921,0.000826021458730126,5.91802613169825,69
"{_MERE ROSII,_MORCOVI} => {_CEAPA GALBENA}",0.000205019714576902,0.140816326530612,0.00145593710351713,7.65871964170283,69
"{_CEAPA GALBENA,_MERE ROSII} => {_BANANE}",0.000210962314999421,0.255395683453237,0.000826021458730126,2.78186884113009,71
"{_MERE ROSII,LAPTE DE CONSUM 3.5% GRASIME FRISS CUTIE 1L} => {PAINE CU CARTOFI FELII BACHUS 1.2 KG}",0.000118852008450378,0.156862745098039,0.000757681553871159,2.10245429912307,40
"{_MERE ROSII,LAPTE DE CONSUM 3.5% GRASIME FRISS CUTIE 1L} => {_BANANE}",0.000207991014788161,0.274509803921569,0.000757681553871158,2.99006725481312,70
"{_ARDEI ROSU CAPIA,_MERE ROSII} => {_MORCOVI}",0.000148565010562972,0.177935943060498,0.000834935359363904,4.24264083916683,50
"{_MERE ROSII,_MORCOVI} => {_ARDEI ROSU CAPIA}",0.000148565010562972,0.102040816326531,0.00145593710351713,5.47721576668945,50
"{_ARDEI ROSU CAPIA,_MERE ROSII} => {_BANANE}",0.000311986522182242,0.373665480427046,0.000834935359363904,4.07010934151608,105
"{_MERE ROSII,FRANZELA RIP-ROP 1KG} => {_BANANE}",0.000142622410140453,0.25,0.000570489640561813,2.7230969642048,48
"{_MERE ROSII,SMANTANA 20% GRASIME FRISS 300G} => {PAINE CU CARTOFI FELII BACHUS 1.2 KG}",0.000112909408027859,0.149606299212598,0.000754710253659899,2.00519509434081,38
"{_MERE ROSII,SMANTANA 20% GRASIME FRISS 300G} => {_BANANE}",0.000202048414365642,0.267716535433071,0.000754710253659899,2.91607233962089,68
"{_MERE ROSII,_TELINA} => {_PATRUNJEL RADACINA KG}",0.000359527325562393,0.51931330472103,0.000692312949223451,22.7011885496528,121
"{_MERE ROSII,_PATRUNJEL RADACINA KG} => {_TELINA}",0.000359527325562393,0.485943775100402,0.000739853752603602,23.2045736863458,121
"{_MERE ROSII,_TELINA} => {_MORCOVI}",0.000439752431266398,0.63519313304721,0.000692312949223451,15.1453173578773,148
"{_MERE ROSII,_MORCOVI} => {_TELINA}",0.000439752431266398,0.302040816326531,0.00145593710351713,14.422920382682,148
"{_MERE ROSII,_TELINA} => {_BANANE}",0.000139651109929194,0.201716738197425,0.000692312949223451,2.19717694965881,47
"{_LAMAIE^2 A nu se consuma coaja,_MERE ROSII} => {_BANANE}",0.00037438382661869,0.324742268041237,0.00115286448196866,3.5372187370083,126
"{_MERE ROSII,_PATRUNJEL RADACINA KG} => {_MORCOVI}",0.000594260042251889,0.803212851405622,0.000739853752603602,19.1515192900543,200
"{_MERE ROSII,_MORCOVI} => {_PATRUNJEL RADACINA KG}",0.000594260042251889,0.408163265306122,0.00145593710351713,17.8423914051918,200
"{_MERE ROSII,_PATRUNJEL RADACINA KG} => {_BANANE}",0.000187191913309345,0.253012048192771,0.000739853752603602,2.7559053613639,63
"{_MERE ROSII,LAPTE DE CONSUM 1.5% GRASIME FRISS CUTIE 1L} => {_MORCOVI}",0.000133708509506675,0.138036809815951,0.000968643868870579,3.29130020928004,45
"{_MERE ROSII,LAPTE DE CONSUM 1.5% GRASIME FRISS CUTIE 1L} => {PAINE CU CARTOFI FELII BACHUS 1.2 KG}",0.000112909408027859,0.116564417177914,0.000968643868870579,1.56232992013057,38
"{_MERE ROSII,LAPTE DE CONSUM 1.5% GRASIME FRISS CUTIE 1L} => {_BANANE}",0.000240675317112015,0.248466257668712,0.000968643868870579,2.70639084785999,81
"{_MERE ROSII,CARNE TOCATA PORC VRAC} => {_MORCOVI}",0.000103995507394081,0.14344262295082,0.000724997251547305,3.42019447977097,35
"{_MERE ROSII,CARNE TOCATA PORC VRAC} => {_BANANE}",0.000178278012675567,0.245901639344262,0.000724997251547305,2.67845603036538,60
"{_MERE ROSII,APA MINERALA NATURALA CARBOGAZIFICATA CONTINUT REDUS CO2 TUSNAD 2L} => {PAINE DE CASA PE FOI DE VARZA RIP-ROP 1KG}",0.000124794608872897,0.103960396039604,0.00120040528534882,1.78192936940753,42
"{_MERE ROSII,PAINE DE CASA PE FOI DE VARZA RIP-ROP 1KG} => {APA MINERALA NATURALA CARBOGAZIFICATA CONTINUT REDUS CO2 TUSNAD 2L}",0.000124794608872897,0.108247422680412,0.00115286448196866,2.02181002527115,42
"{_MERE ROSII,APA MINERALA NATURALA CARBOGAZIFICATA CONTINUT REDUS CO2 TUSNAD 2L} => {_BANANE}",0.000288216120492166,0.24009900990099,0.00120040528534882,2.61525153987986,97
"{_MERE ROSII,PAINE DE CASA PE FOI DE VARZA RIP-ROP 1KG} => {_BANANE}",0.000237704016900756,0.206185567010309,0.00115286448196866,2.24585316635448,80
"{_MERE ROSII,_MORCOVI} => {_BANANE}",0.000314957822393501,0.216326530612245,0.00145593710351713,2.35631247514865,106
"{_MERE ROSII,PAINE CU CARTOFI FELII BACHUS 1.2 KG} => {_BANANE}",0.000359527325562393,0.226168224299065,0.0015896456130238,2.4635120199535,121
"{_CEAPA GALBENA,LAPTE DE CONSUM 3.5% GRASIME FRISS CUTIE 1L} => {_MORCOVI}",0.000118852008450378,0.193236714975845,0.000615059143730705,4.60746695963625,40
"{_CEAPA GALBENA,LAPTE DE CONSUM 3.5% GRASIME FRISS CUTIE 1L} => {PAINE CU CARTOFI FELII BACHUS 1.2 KG}",0.00010696680760534,0.173913043478261,0.000615059143730705,2.3309819403321,36
"{_ARDEI ROSU CAPIA,_CEAPA GALBENA} => {_TELINA}",0.000237704016900756,0.164609053497942,0.00144405190267209,7.86033921422999,80
"{_CEAPA GALBENA,_TELINA} => {_ARDEI ROSU CAPIA}",0.000237704016900756,0.121580547112462,0.00195511553900871,6.52604431775764,80
"{_ARDEI ROSU CAPIA,_TELINA} => {_CEAPA GALBENA}",0.000237704016900756,0.163265306122449,0.00145593710351713,8.87967494690184,80
"{_ARDEI ROSU CAPIA,_CEAPA GALBENA} => {_PATRUNJEL RADACINA KG}",0.000231761416478237,0.160493827160494,0.00144405190267209,7.01580452167108,78
"{_CEAPA GALBENA,_PATRUNJEL RADACINA KG} => {_ARDEI ROSU CAPIA}",0.000231761416478237,0.116071428571429,0.00199671374196635,6.23033293460925,78
"{_ARDEI ROSU CAPIA,_PATRUNJEL RADACINA KG} => {_CEAPA GALBENA}",0.000231761416478237,0.152941176470588,0.00151536310774232,8.3181660899654,78
"{_ARDEI ROSU CAPIA,_CEAPA GALBENA} => {_MORCOVI}",0.000424895930210101,0.294238683127572,0.00144405190267209,7.01572168066835,143
"{_CEAPA GALBENA,_MORCOVI} => {_ARDEI ROSU CAPIA}",0.000424895930210101,0.112421383647799,0.00377949386872201,6.03441051528192,143
"{_ARDEI ROSU CAPIA,_MORCOVI} => {_CEAPA GALBENA}",0.000424895930210101,0.169833729216152,0.00250183477788045,9.2369184015649,143
"{_ARDEI ROSU CAPIA,_CEAPA GALBENA} => {_BANANE}",0.000231761416478237,0.160493827160494,0.00144405190267209,1.7481610140574,78
"{_CEAPA GALBENA,FRANZELA RIP-ROP 1KG} => {_MORCOVI}",0.00010696680760534,0.16,0.000668542547533375,3.81498264257882,36
"{_CEAPA GALBENA,SMANTANA 20% GRASIME FRISS 300G} => {_MORCOVI}",0.000187191913309345,0.24609375,0.000760652854082418,5.86777115435707,63
"{_CEAPA GALBENA,SMANTANA 20% GRASIME FRISS 300G} => {PAINE CU CARTOFI FELII BACHUS 1.2 KG}",0.000101024207182821,0.1328125,0.000760652854082418,1.78010534896456,34
"{_CEAPA GALBENA,SMANTANA 20% GRASIME FRISS 300G} => {_BANANE}",0.00010696680760534,0.140625,0.000760652854082418,1.5317420423652,36
"{_CEAPA GALBENA,_LAMAIE^2 A nu se consuma coaja} => {_TELINA}",0.000148565010562972,0.14792899408284,0.00100429947140569,7.063840344149,50
"{_LAMAIE^2 A nu se consuma coaja,_TELINA} => {_CEAPA GALBENA}",0.000148565010562972,0.119904076738609,0.00123903218809519,6.52134401076424,50
"{_CEAPA GALBENA,_TELINA} => {_PATRUNJEL RADACINA KG}",0.00118554878429252,0.606382978723404,0.00195511553900871,26.5073399971812,399
"{_CEAPA GALBENA,_PATRUNJEL RADACINA KG} => {_TELINA}",0.00118554878429252,0.59375,0.00199671374196635,28.352489181328,399
"{_PATRUNJEL RADACINA KG,_TELINA} => {_CEAPA GALBENA}",0.00118554878429252,0.103207449560269,0.011487046616729,5.61324770068798,399
"{_CEAPA GALBENA,LAPTE DE CONSUM 1.5% GRASIME FRISS CUTIE 1L} => {_TELINA}",0.000101024207182821,0.107594936708861,0.000938930866757985,5.13782615411141,34
"{_TELINA,LAPTE DE CONSUM 1.5% GRASIME FRISS CUTIE 1L} => {_CEAPA GALBENA}",0.000101024207182821,0.109677419354839,0.000921103065490428,5.9651364764268,34
"{_CEAPA GALBENA,_TELINA} => {CARNE TOCATA PORC VRAC}",0.000219876215633199,0.112462006079027,0.00195511553900871,3.76498811617576,74
"{_CEAPA GALBENA,CARNE TOCATA PORC VRAC} => {_TELINA}",0.000219876215633199,0.185929648241206,0.00118257748408126,8.87843088883692,74
"{_TELINA,CARNE TOCATA PORC VRAC} => {_CEAPA GALBENA}",0.000219876215633199,0.140684410646388,0.00156290391112247,7.65154499939783,74
"{_CEAPA GALBENA,PAINE DE CASA PE FOI DE VARZA RIP-ROP 1KG} => {_TELINA}",0.000178278012675567,0.125260960334029,0.00142325280119327,5.98140635404349,60
"{_TELINA,PAINE DE CASA PE FOI DE VARZA RIP-ROP 1KG} => {_CEAPA GALBENA}",0.000178278012675567,0.11472275334608,0.00155399001048869,6.23954214720158,60
"{_CEAPA GALBENA,_TELINA} => {_MORCOVI}",0.00144702320288335,0.740121580547112,0.00195511553900871,17.6471936449077,487
"{_CEAPA GALBENA,_MORCOVI} => {_TELINA}",0.00144702320288335,0.382861635220126,0.00377949386872201,18.2822406240407,487
"{_MORCOVI,_TELINA} => {_CEAPA GALBENA}",0.00144702320288335,0.108875475072658,0.0132906258449635,5.92152032355015,487
"{_CEAPA GALBENA,PAINE CU CARTOFI FELII BACHUS 1.2 KG} => {_TELINA}",0.000184220613098086,0.111510791366906,0.00165204291746025,5.32481432561102,62
"{_TELINA,PAINE CU CARTOFI FELII BACHUS 1.2 KG} => {_CEAPA GALBENA}",0.000184220613098086,0.110516934046346,0.00166689941851655,6.01079600906591,62
"{_CEAPA GALBENA,_TELINA} => {_BANANE}",0.000279302219858388,0.142857142857143,0.00195511553900872,1.55605540811703,94
"{_BANANE,_CEAPA GALBENA} => {_TELINA}",0.000279302219858388,0.114355231143552,0.00244240877365526,5.46064076433825,94
"{_BANANE,_TELINA} => {_CEAPA GALBENA}",0.000279302219858388,0.102844638949672,0.00271576839309113,5.59351515391546,94
"{_CEAPA GALBENA,_LAMAIE^2 A nu se consuma coaja} => {_PATRUNJEL RADACINA KG}",0.000154507610985491,0.153846153846154,0.00100429947140569,6.72520906811074,52
"{_LAMAIE^2 A nu se consuma coaja,_PATRUNJEL RADACINA KG} => {_CEAPA GALBENA}",0.000154507610985491,0.12807881773399,0.00120634788577133,6.96595189800058,52
"{_CEAPA GALBENA,_LAMAIE^2 A nu se consuma coaja} => {_MORCOVI}",0.000282273520069647,0.281065088757396,0.00100429947140569,6.70161521902714,95
"{_LAMAIE^2 A nu se consuma coaja,_MORCOVI} => {_CEAPA GALBENA}",0.000282273520069647,0.13909224011713,0.0020293980442902,7.56495001424379,95
"{_CEAPA GALBENA,_LAMAIE^2 A nu se consuma coaja} => {_BANANE}",0.000231761416478237,0.230769230769231,0.00100429947140569,2.51362796695828,78
"{_CEAPA GALBENA,LAPTE DE CONSUM 1.5% GRASIME FRISS CUTIE 1L} => {_PATRUNJEL RADACINA KG}",0.00010696680760534,0.113924050632911,0.000938930866757985,4.98005987955036,36
"{_PATRUNJEL RADACINA KG,LAPTE DE CONSUM 1.5% GRASIME FRISS CUTIE 1L} => {_CEAPA GALBENA}",0.00010696680760534,0.101983002832861,0.00104886897457458,5.54665248099676,36
"{_CEAPA GALBENA,CARNE TOCATA PORC VRAC} => {_PATRUNJEL RADACINA KG}",0.000190163213520604,0.160804020100503,0.00118257748408126,7.02936425209565,64
"{_PATRUNJEL RADACINA KG,CARNE TOCATA PORC VRAC} => {_CEAPA GALBENA}",0.000190163213520604,0.116363636363636,0.00163421511619269,6.32878650761004,64
"{_CEAPA GALBENA,PAINE DE CASA PE FOI DE VARZA RIP-ROP 1KG} => {_PATRUNJEL RADACINA KG}",0.000166392811830529,0.116910229645094,0.00142325280119327,5.11059728766662,56
"{_PATRUNJEL RADACINA KG,PAINE DE CASA PE FOI DE VARZA RIP-ROP 1KG} => {_CEAPA GALBENA}",0.000166392811830529,0.105660377358491,0.00157478911196751,5.74665755997609,56
"{_CEAPA GALBENA,_PATRUNJEL RADACINA KG} => {_MORCOVI}",0.00168175591957285,0.842261904761905,0.00199671374196635,20.0825909198252,566
"{_CEAPA GALBENA,_MORCOVI} => {_PATRUNJEL RADACINA KG}",0.00168175591957285,0.44496855345912,0.00377949386872201,19.451292579858,566
"{_CEAPA GALBENA,PAINE CU CARTOFI FELII BACHUS 1.2 KG} => {_PATRUNJEL RADACINA KG}",0.000166392811830529,0.100719424460432,0.00165204291746025,4.40283471365523,56
"{_PATRUNJEL RADACINA KG,PAINE CU CARTOFI FELII BACHUS 1.2 KG} => {_CEAPA GALBENA}",0.000166392811830529,0.102189781021898,0.00162827251577018,5.55789873501338,56
"{_CEAPA GALBENA,_PATRUNJEL RADACINA KG} => {_BANANE}",0.000279302219858388,0.139880952380952,0.00199671374196635,1.52363758711459,94
"{_BANANE,_CEAPA GALBENA} => {_PATRUNJEL RADACINA KG}",0.000279302219858388,0.114355231143552,0.00244240877365526,4.99890844357137,94
"{_BANANE,_PATRUNJEL RADACINA KG} => {_CEAPA GALBENA}",0.000279302219858388,0.100534759358289,0.00277816569752758,5.46788540179544,94
"{_CEAPA GALBENA,LAPTE DE CONSUM 1.5% GRASIME FRISS CUTIE 1L} => {_MORCOVI}",0.000190163213520604,0.20253164556962,0.000938930866757985,4.82909195263141,64
"{_CEAPA GALBENA,LAPTE DE CONSUM 1.5% GRASIME FRISS CUTIE 1L} => {_BANANE}",0.000145593710351713,0.15506329113924,0.000938930866757985,1.68900950944349,49
"{_CEAPA GALBENA,CARNE TOCATA PORC VRAC} => {PAINE DE CASA PE FOI DE VARZA RIP-ROP 1KG}",0.000133708509506675,0.113065326633166,0.00118257748408126,1.93799209953511,45
"{_CEAPA GALBENA,CARNE TOCATA PORC VRAC} => {_MORCOVI}",0.000347642124717355,0.293969849246231,0.00118257748408126,7.00931170197427,117
"{_MORCOVI,CARNE TOCATA PORC VRAC} => {_CEAPA GALBENA}",0.000347642124717355,0.109962406015038,0.00316146342478005,5.98063633348076,117
"{_CEAPA GALBENA,CARNE TOCATA PORC VRAC} => {_BANANE}",0.000157478911196751,0.133165829145729,0.00118257748408126,1.4504938603302,53
"{_CEAPA GALBENA,APA MINERALA NATURALA CARBOGAZIFICATA CONTINUT REDUS CO2 TUSNAD 2L} => {_MORCOVI}",0.000169364112041788,0.205035971223022,0.000826021458730126,4.88880419575073,57
"{_CEAPA GALBENA,APA MINERALA NATURALA CARBOGAZIFICATA CONTINUT REDUS CO2 TUSNAD 2L} => {PAINE CU CARTOFI FELII BACHUS 1.2 KG}",0.000101024207182821,0.122302158273381,0.000826021458730126,1.63923370264362,34
"{_CEAPA GALBENA,APA MINERALA NATURALA CARBOGAZIFICATA CONTINUT REDUS CO2 TUSNAD 2L} => {_BANANE}",0.000109938107816599,0.133093525179856,0.000826021458730126,1.44970629749033,37
"{_CEAPA GALBENA,PAINE DE CASA PE FOI DE VARZA RIP-ROP 1KG} => {_MORCOVI}",0.000326843023238539,0.22964509394572,0.00142325280119327,5.4755752959769,110
"{_MORCOVI,PAINE DE CASA PE FOI DE VARZA RIP-ROP 1KG} => {_CEAPA GALBENA}",0.000326843023238539,0.119176598049837,0.00274251009499247,6.48177789325581,110
"{_CEAPA GALBENA,PAINE DE CASA PE FOI DE VARZA RIP-ROP 1KG} => {_BANANE}",0.000207991014788161,0.146137787056367,0.00142325280119327,1.59178945715521,70
"{_CEAPA GALBENA,PAINE CU CARTOFI FELII BACHUS 1.2 KG} => {_MORCOVI}",0.000326843023238539,0.197841726618705,0.00165204291746025,4.71726720642614,110
"{_CEAPA GALBENA,_MORCOVI} => {_BANANE}",0.000505121035914106,0.133647798742138,0.00377949386872201,1.45574366010949,170
"{_BANANE,_CEAPA GALBENA} => {_MORCOVI}",0.000505121035914106,0.206812652068127,0.00244240877365526,4.93116673690997,170
"{_CEAPA GALBENA,PAINE CU CARTOFI FELII BACHUS 1.2 KG} => {_BANANE}",0.000219876215633199,0.133093525179856,0.00165204291746025,1.44970629749033,74
"{_ARDEI ROSU CAPIA,LAPTE DE CONSUM 3.5% GRASIME FRISS CUTIE 1L} => {PAINE DE CASA PE FOI DE VARZA RIP-ROP 1KG}",0.000118852008450378,0.16597510373444,0.000716083350913526,2.84489020051627,40
"{_ARDEI ROSU CAPIA,LAPTE DE CONSUM 3.5% GRASIME FRISS CUTIE 1L} => {_MORCOVI}",0.000142622410140453,0.199170124481328,0.000716083350913526,4.7489410488533,48
"{_MORCOVI,LAPTE DE CONSUM 3.5% GRASIME FRISS CUTIE 1L} => {_ARDEI ROSU CAPIA}",0.000142622410140453,0.10062893081761,0.00141731020077076,5.40143039130129,48
"{_ARDEI ROSU CAPIA,LAPTE DE CONSUM 3.5% GRASIME FRISS CUTIE 1L} => {PAINE CU CARTOFI FELII BACHUS 1.2 KG}",0.000103995507394081,0.145228215767635,0.000716083350913526,1.94651500204081,35
"{_ARDEI ROSU CAPIA,LAPTE DE CONSUM 3.5% GRASIME FRISS CUTIE 1L} => {_BANANE}",0.000184220613098086,0.257261410788382,0.000716083350913526,2.80219106689955,62
"{FRANZELA RIP-ROP 1KG,LAPTE DE CONSUM 3.5% GRASIME FRISS CUTIE 1L} => {_BANANE}",0.000196105813943123,0.229965156794425,0.000852763160631461,2.50486968135912,66
"{_LAMAIE^2 A nu se consuma coaja,LAPTE DE CONSUM 3.5% GRASIME FRISS CUTIE 1L} => {SMANTANA 20% GRASIME FRISS 300G}",0.000127765909084156,0.113756613756614,0.00112315147985607,4.83948042341419,43
"{_LAMAIE^2 A nu se consuma coaja,SMANTANA 20% GRASIME FRISS 300G} => {LAPTE DE CONSUM 3.5% GRASIME FRISS CUTIE 1L}",0.000127765909084156,0.102137767220903,0.00125091738894023,4.78424105379213,43
"{LAPTE DE CONSUM 3.5% GRASIME FRISS CUTIE 1L,SMANTANA 20% GRASIME FRISS 300G} => {PAINE DE CASA PE FOI DE VARZA RIP-ROP 1KG}",0.000193134513731864,0.119485294117647,0.00161638731492514,2.04803331760512,65
"{PAINE DE CASA PE FOI DE VARZA RIP-ROP 1KG,SMANTANA 20% GRASIME FRISS 300G} => {LAPTE DE CONSUM 3.5% GRASIME FRISS CUTIE 1L}",0.000193134513731864,0.104669887278583,0.00184517743119212,4.90284823566721,65
"{_MORCOVI,LAPTE DE CONSUM 3.5% GRASIME FRISS CUTIE 1L} => {SMANTANA 20% GRASIME FRISS 300G}",0.000151536310774232,0.106918238993711,0.00141731020077076,4.54855948528003,51
"{LAPTE DE CONSUM 3.5% GRASIME FRISS CUTIE 1L,SMANTANA 20% GRASIME FRISS 300G} => {PAINE CU CARTOFI FELII BACHUS 1.2 KG}",0.000205019714576902,0.126838235294118,0.00161638731492514,1.70003140593155,69
"{LAPTE DE CONSUM 3.5% GRASIME FRISS CUTIE 1L,SMANTANA 20% GRASIME FRISS 300G} => {_BANANE}",0.00027038831922461,0.167279411764706,0.00161638731492514,1.82207223340174,91
"{_TELINA,LAPTE DE CONSUM 3.5% GRASIME FRISS CUTIE 1L} => {_PATRUNJEL RADACINA KG}",0.000421924629998841,0.59915611814346,0.000704198150068488,26.1914260331908,142
"{_PATRUNJEL RADACINA KG,LAPTE DE CONSUM 3.5% GRASIME FRISS CUTIE 1L} => {_TELINA}",0.000421924629998841,0.522058823529412,0.000808193657462569,24.9291236145423,142
"{_TELINA,LAPTE DE CONSUM 3.5% GRASIME FRISS CUTIE 1L} => {_MORCOVI}",0.000472436733590252,0.670886075949367,0.000704198150068488,15.9963670930916,159
"{_MORCOVI,LAPTE DE CONSUM 3.5% GRASIME FRISS CUTIE 1L} => {_TELINA}",0.000472436733590252,0.333333333333333,0.00141731020077076,15.9171869088157,159
"{_TELINA,LAPTE DE CONSUM 3.5% GRASIME FRISS CUTIE 1L} => {_BANANE}",0.000136679809717934,0.194092827004219,0.000704198150068489,2.11413435195647,46
"{_LAMAIE^2 A nu se consuma coaja,LAPTE DE CONSUM 3.5% GRASIME FRISS CUTIE 1L} => {PAINE CU CARTOFI FELII BACHUS 1.2 KG}",0.000157478911196751,0.14021164021164,0.00112315147985607,1.87927710665664,53
"{_LAMAIE^2 A nu se consuma coaja,LAPTE DE CONSUM 3.5% GRASIME FRISS CUTIE 1L} => {_BANANE}",0.000303072621548463,0.26984126984127,0.00112315147985607,2.93921577088772,102
"{_PATRUNJEL RADACINA KG,LAPTE DE CONSUM 3.5% GRASIME FRISS CUTIE 1L} => {_MORCOVI}",0.000677456448167153,0.838235294117647,0.000808193657462569,19.9865818590986,228
"{_MORCOVI,LAPTE DE CONSUM 3.5% GRASIME FRISS CUTIE 1L} => {_PATRUNJEL RADACINA KG}",0.000677456448167153,0.477987421383648,0.00141731020077076,20.8946747147592,228
"{_PATRUNJEL RADACINA KG,LAPTE DE CONSUM 3.5% GRASIME FRISS CUTIE 1L} => {PAINE CU CARTOFI FELII BACHUS 1.2 KG}",0.000103995507394081,0.128676470588235,0.000808193657462569,1.7246695422494,35
"{_PATRUNJEL RADACINA KG,LAPTE DE CONSUM 3.5% GRASIME FRISS CUTIE 1L} => {_BANANE}",0.000175306712464307,0.216911764705882,0.000808193657462569,2.36268707188358,59
"{CARNE TOCATA PORC VRAC,LAPTE DE CONSUM 3.5% GRASIME FRISS CUTIE 1L} => {PAINE DE CASA PE FOI DE VARZA RIP-ROP 1KG}",0.000115880708239118,0.174107142857143,0.000665571247322116,2.98427711993888,39
"{CARNE TOCATA PORC VRAC,LAPTE DE CONSUM 3.5% GRASIME FRISS CUTIE 1L} => {_MORCOVI}",0.000115880708239118,0.174107142857143,0.000665571247322116,4.15134829968119,39
"{CARNE TOCATA PORC VRAC,LAPTE DE CONSUM 3.5% GRASIME FRISS CUTIE 1L} => {_BANANE}",0.000127765909084156,0.191964285714286,0.000665571247322116,2.09094945465726,43
"{APA MINERALA NATURALA CARBOGAZIFICATA CONTINUT REDUS CO2 TUSNAD 2L,LAPTE DE CONSUM 3.5% GRASIME FRISS CUTIE 1L} => {_BANANE}",0.000210962314999421,0.157777777777778,0.00133708509506675,1.71857675074259,71
"{_MORCOVI,LAPTE DE CONSUM 3.5% GRASIME FRISS CUTIE 1L} => {PAINE DE CASA PE FOI DE VARZA RIP-ROP 1KG}",0.000157478911196751,0.111111111111111,0.00141731020077076,1.90449593979006,53
"{LAPTE DE CONSUM 3.5% GRASIME FRISS CUTIE 1L,PAINE DE CASA PE FOI DE VARZA RIP-ROP 1KG} => {_BANANE}",0.000401125528520025,0.197080291970803,0.00203534064471272,2.14667497908116,135
"{_BANANE,LAPTE DE CONSUM 3.5% GRASIME FRISS CUTIE 1L} => {PAINE DE CASA PE FOI DE VARZA RIP-ROP 1KG}",0.000401125528520025,0.13030888030888,0.00307826701886479,2.23355460120166,135
"{_MORCOVI,LAPTE DE CONSUM 3.5% GRASIME FRISS CUTIE 1L} => {PAINE CU CARTOFI FELII BACHUS 1.2 KG}",0.000157478911196751,0.111111111111111,0.00141731020077076,1.48923846187884,53
"{_MORCOVI,LAPTE DE CONSUM 3.5% GRASIME FRISS CUTIE 1L} => {_BANANE}",0.00027038831922461,0.190775681341719,0.00141731020077076,2.07800271482295,91
"{LAPTE DE CONSUM 3.5% GRASIME FRISS CUTIE 1L,PAINE CU CARTOFI FELII BACHUS 1.2 KG} => {_BANANE}",0.000317929122604761,0.133917396745932,0.0023740688687963,1.45868022613223,107
"{_BANANE,LAPTE DE CONSUM 3.5% GRASIME FRISS CUTIE 1L} => {PAINE CU CARTOFI FELII BACHUS 1.2 KG}",0.000317929122604761,0.103281853281853,0.00307826701886478,1.38430177489317,107
"{_ARDEI ROSU CAPIA,FRANZELA RIP-ROP 1KG} => {_MORCOVI}",0.000101024207182821,0.147186147186147,0.000686370348800932,3.50945372964502,34
"{_ARDEI ROSU CAPIA,FRANZELA RIP-ROP 1KG} => {_BANANE}",0.000133708509506675,0.194805194805195,0.000686370348800932,2.1218937383414,45
"{_ARDEI ROSU CAPIA,SMANTANA 20% GRASIME FRISS 300G} => {_TELINA}",0.000130737209295416,0.162361623616236,0.00080522235725131,7.75302092975527,44
"{_TELINA,SMANTANA 20% GRASIME FRISS 300G} => {_ARDEI ROSU CAPIA}",0.000130737209295416,0.113989637305699,0.00114692188154615,6.11858921916189,44
"{_ARDEI ROSU CAPIA,SMANTANA 20% GRASIME FRISS 300G} => {_PATRUNJEL RADACINA KG}",0.000151536310774232,0.188191881918819,0.00080522235725131,8.22659338036425,51
"{_ARDEI ROSU CAPIA,_PATRUNJEL RADACINA KG} => {SMANTANA 20% GRASIME FRISS 300G}",0.000151536310774232,0.1,0.00151536310774232,4.25424093035015,51
"{_PATRUNJEL RADACINA KG,SMANTANA 20% GRASIME FRISS 300G} => {_ARDEI ROSU CAPIA}",0.000151536310774232,0.123188405797101,0.00123011828746141,6.61234888935118,51
"{_ARDEI ROSU CAPIA,SMANTANA 20% GRASIME FRISS 300G} => {PAINE DE CASA PE FOI DE VARZA RIP-ROP 1KG}",0.000101024207182821,0.125461254612546,0.00080522235725131,2.15046405009505,34
"{_ARDEI ROSU CAPIA,SMANTANA 20% GRASIME FRISS 300G} => {_MORCOVI}",0.000207991014788161,0.25830258302583,0.00080522235725131,6.1588741923551,70
"{_MORCOVI,SMANTANA 20% GRASIME FRISS 300G} => {_ARDEI ROSU CAPIA}",0.000207991014788161,0.100574712643678,0.00206802494703657,5.39852013785771,70
"{_ARDEI ROSU CAPIA,SMANTANA 20% GRASIME FRISS 300G} => {_BANANE}",0.000184220613098086,0.228782287822878,0.00080522235725131,2.49198541373724,62
"{_ARDEI ROSU CAPIA,_TELINA} => {_PATRUNJEL RADACINA KG}",0.000831964059152645,0.571428571428571,0.00145593710351713,24.9793479672685,280
"{_ARDEI ROSU CAPIA,_PATRUNJEL RADACINA KG} => {_TELINA}",0.000831964059152645,0.549019607843137,0.00151536310774232,26.2165431439318,280
"{_ARDEI ROSU CAPIA,CARNE TOCATA PORC VRAC} => {_TELINA}",0.000130737209295416,0.133333333333333,0.000980529069715617,6.3668747635263,44
"{_ARDEI ROSU CAPIA,_TELINA} => {_MORCOVI}",0.00102509857288451,0.704081632653061,0.00145593710351713,16.7878700470624,345
"{_ARDEI ROSU CAPIA,_MORCOVI} => {_TELINA}",0.00102509857288451,0.409738717339667,0.00250183477788045,19.5656632430217,345
"{_ARDEI ROSU CAPIA,_TELINA} => {_BANANE}",0.000231761416478237,0.159183673469388,0.00145593710351713,1.73389031190183,78
"{_ARDEI ROSU CAPIA,_LAMAIE^2 A nu se consuma coaja} => {_MORCOVI}",0.000157478911196751,0.129268292682927,0.00121823308661637,3.08222683013228,53
"{_ARDEI ROSU CAPIA,_LAMAIE^2 A nu se consuma coaja} => {PAINE CU CARTOFI FELII BACHUS 1.2 KG}",0.000130737209295416,0.107317073170732,0.00121823308661637,1.43838641683908,44
"{_ARDEI ROSU CAPIA,_LAMAIE^2 A nu se consuma coaja} => {_BANANE}",0.000288216120492166,0.236585365853659,0.00121823308661637,2.57697956612552,97
"{_ARDEI ROSU CAPIA,_PATRUNJEL RADACINA KG} => {CARNE TOCATA PORC VRAC}",0.000157478911196751,0.103921568627451,0.00151536310774232,3.47907248445981,53
"{_ARDEI ROSU CAPIA,CARNE TOCATA PORC VRAC} => {_PATRUNJEL RADACINA KG}",0.000157478911196751,0.160606060606061,0.000980529069715617,7.02071067867925,53
"{_ARDEI ROSU CAPIA,_PATRUNJEL RADACINA KG} => {_MORCOVI}",0.00126280258978526,0.833333333333333,0.00151536310774232,19.8697012634313,425
"{_ARDEI ROSU CAPIA,_MORCOVI} => {_PATRUNJEL RADACINA KG}",0.00126280258978526,0.504750593824228,0.00250183477788045,22.0645962596864,425
"{_ARDEI ROSU CAPIA,_PATRUNJEL RADACINA KG} => {_BANANE}",0.000294158720914685,0.194117647058824,0.00151536310774232,2.11440470161785,99
"{_BANANE,_PATRUNJEL RADACINA KG} => {_ARDEI ROSU CAPIA}",0.000294158720914685,0.105882352941176,0.00277816569752758,5.68341683084717,99
"{_ARDEI ROSU CAPIA,LAPTE DE CONSUM 1.5% GRASIME FRISS CUTIE 1L} => {_MORCOVI}",0.000121823308661637,0.165991902834008,0.000733911152181083,3.95785142575232,41
"{_ARDEI ROSU CAPIA,LAPTE DE CONSUM 1.5% GRASIME FRISS CUTIE 1L} => {_BANANE}",0.000163421511619269,0.222672064777328,0.000733911152181083,2.42543049443343,55
"{_ARDEI ROSU CAPIA,CARNE TOCATA PORC VRAC} => {_MORCOVI}",0.000243646617323274,0.248484848484848,0.000980529069715617,5.92478364945953,82
"{_ARDEI ROSU CAPIA,CARNE TOCATA PORC VRAC} => {_BANANE}",0.000184220613098086,0.187878787878788,0.000980529069715617,2.04644862764482,62
"{_ARDEI ROSU CAPIA,APA MINERALA NATURALA CARBOGAZIFICATA CONTINUT REDUS CO2 TUSNAD 2L} => {PAINE DE CASA PE FOI DE VARZA RIP-ROP 1KG}",0.000154507610985491,0.129032258064516,0.00119743398513756,2.21167270427232,52
"{_ARDEI ROSU CAPIA,PAINE DE CASA PE FOI DE VARZA RIP-ROP 1KG} => {APA MINERALA NATURALA CARBOGAZIFICATA CONTINUT REDUS CO2 TUSNAD 2L}",0.000154507610985491,0.103174603174603,0.00149753530647476,1.9270615584784,52
"{_ARDEI ROSU CAPIA,APA MINERALA NATURALA CARBOGAZIFICATA CONTINUT REDUS CO2 TUSNAD 2L} => {_MORCOVI}",0.000127765909084156,0.106699751861042,0.00119743398513756,2.54411063323339,43
"{_ARDEI ROSU CAPIA,APA MINERALA NATURALA CARBOGAZIFICATA CONTINUT REDUS CO2 TUSNAD 2L} => {PAINE CU CARTOFI FELII BACHUS 1.2 KG}",0.000145593710351713,0.121588089330025,0.00119743398513756,1.6296629322297,49
"{_ARDEI ROSU CAPIA,APA MINERALA NATURALA CARBOGAZIFICATA CONTINUT REDUS CO2 TUSNAD 2L} => {_BANANE}",0.000207991014788161,0.173697270471464,0.00119743398513756,1.89197803964602,70
"{_ARDEI ROSU CAPIA,PAINE DE CASA PE FOI DE VARZA RIP-ROP 1KG} => {_MORCOVI}",0.00021690491542194,0.14484126984127,0.00149753530647476,3.45354331483449,73
"{_ARDEI ROSU CAPIA,PAINE DE CASA PE FOI DE VARZA RIP-ROP 1KG} => {_BANANE}",0.00026741701901335,0.178571428571429,0.00149753530647476,1.94506926014629,90
"{_ARDEI ROSU CAPIA,PAINE CU CARTOFI FELII BACHUS 1.2 KG} => {_MORCOVI}",0.000199077114154383,0.117543859649123,0.00169364112041788,2.80267365189453,67
"{_ARDEI ROSU CAPIA,_MORCOVI} => {_BANANE}",0.000386269027463728,0.154394299287411,0.00250183477788045,1.68172259072031,130
"{_ARDEI ROSU CAPIA,_BANANE} => {_MORCOVI}",0.000386269027463728,0.12218045112782,0.00316146342478005,2.91322687696926,130
"{_ARDEI ROSU CAPIA,PAINE CU CARTOFI FELII BACHUS 1.2 KG} => {_BANANE}",0.00026741701901335,0.157894736842105,0.00169364112041788,1.71985071423461,90
"{FRANZELA RIP-ROP 1KG,SMANTANA 20% GRASIME FRISS 300G} => {LAPTE DE CONSUM 1.5% GRASIME FRISS CUTIE 1L}",0.000103995507394081,0.119453924914676,0.000870590961899017,4.19038740794339,35
"{FRANZELA RIP-ROP 1KG,SMANTANA 20% GRASIME FRISS 300G} => {_MORCOVI}",0.000115880708239118,0.133105802047782,0.000870590961899017,3.17372702774262,39
"{FRANZELA RIP-ROP 1KG,SMANTANA 20% GRASIME FRISS 300G} => {_BANANE}",0.000145593710351713,0.167235494880546,0.000870590961899017,1.82159387366601,49
"{_TELINA,FRANZELA RIP-ROP 1KG} => {_PATRUNJEL RADACINA KG}",0.000335756923872317,0.562189054726368,0.000597231342463148,24.5754530374495,113
"{_PATRUNJEL RADACINA KG,FRANZELA RIP-ROP 1KG} => {_TELINA}",0.000335756923872317,0.482905982905983,0.00069528424943471,23.0595143678997,113
"{_TELINA,FRANZELA RIP-ROP 1KG} => {_MORCOVI}",0.000380326427041209,0.63681592039801,0.000597231342463148,15.1840105177266,128
"{_MORCOVI,FRANZELA RIP-ROP 1KG} => {_TELINA}",0.000380326427041209,0.289592760180996,0.00131331469337667,13.8285062737223,128
"{_LAMAIE^2 A nu se consuma coaja,FRANZELA RIP-ROP 1KG} => {_BANANE}",0.000184220613098086,0.273127753303965,0.000674485147955894,2.97501342344842,62
"{_PATRUNJEL RADACINA KG,FRANZELA RIP-ROP 1KG} => {_MORCOVI}",0.000525920137392922,0.756410256410256,0.00069528424943471,18.0355749929608,177
"{_MORCOVI,FRANZELA RIP-ROP 1KG} => {_PATRUNJEL RADACINA KG}",0.000525920137392922,0.400452488687783,0.00131331469337667,17.5053236037588,177
"{_MORCOVI,FRANZELA RIP-ROP 1KG} => {LAPTE DE CONSUM 1.5% GRASIME FRISS CUTIE 1L}",0.000169364112041788,0.1289592760181,0.00131331469337667,4.52383064641645,57
"{FRANZELA RIP-ROP 1KG,LAPTE DE CONSUM 1.5% GRASIME FRISS CUTIE 1L} => {_BANANE}",0.000341699524294836,0.190397350993377,0.0017946653276007,2.07388179393081,115
"{_BANANE,FRANZELA RIP-ROP 1KG} => {LAPTE DE CONSUM 1.5% GRASIME FRISS CUTIE 1L}",0.000341699524294836,0.111976630963973,0.00305152531696345,3.92808745891369,115
"{CARNE TOCATA PORC VRAC,FRANZELA RIP-ROP 1KG} => {_MORCOVI}",0.000139651109929194,0.111374407582938,0.00125388868915149,2.65557144847755,47
"{_MORCOVI,FRANZELA RIP-ROP 1KG} => {CARNE TOCATA PORC VRAC}",0.000139651109929194,0.106334841628959,0.00131331469337667,3.55986371777093,47
"{CARNE TOCATA PORC VRAC,FRANZELA RIP-ROP 1KG} => {_BANANE}",0.000181249312886826,0.144549763033175,0.00125388868915149,1.57449208356865,61
"{_MORCOVI,FRANZELA RIP-ROP 1KG} => {APA MINERALA NATURALA CARBOGAZIFICATA CONTINUT REDUS CO2 TUSNAD 2L}",0.000133708509506675,0.101809954751131,0.00131331469337667,1.90157310069135,45
"{APA MINERALA NATURALA CARBOGAZIFICATA CONTINUT REDUS CO2 TUSNAD 2L,FRANZELA RIP-ROP 1KG} => {_BANANE}",0.000261474418590831,0.161764705882353,0.00161638731492514,1.76200391801487,88
"{_MORCOVI,FRANZELA RIP-ROP 1KG} => {_BANANE}",0.000193134513731864,0.147058823529412,0.00131331469337667,1.60182174364988,65
"{_TELINA,SMANTANA 20% GRASIME FRISS 300G} => {_PATRUNJEL RADACINA KG}",0.000585346141618111,0.510362694300518,0.00114692188154615,22.3099228282793,197
"{_PATRUNJEL RADACINA KG,SMANTANA 20% GRASIME FRISS 300G} => {_TELINA}",0.000585346141618111,0.475845410628019,0.00123011828746141,22.7223610220051,197
"{_TELINA,LAPTE DE CONSUM 1.5% GRASIME FRISS CUTIE 1L} => {SMANTANA 20% GRASIME FRISS 300G}",0.000112909408027859,0.12258064516129,0.000921103065490428,5.21487597913889,38
"{_TELINA,SMANTANA 20% GRASIME FRISS 300G} => {_MORCOVI}",0.000707169450279748,0.616580310880829,0.00114692188154615,14.7015198985388,238
"{_MORCOVI,SMANTANA 20% GRASIME FRISS 300G} => {_TELINA}",0.000707169450279748,0.341954022988506,0.00206802494703657,16.3288382943886,238
"{_TELINA,SMANTANA 20% GRASIME FRISS 300G} => {_BANANE}",0.000178278012675567,0.155440414507772,0.00114692188154615,1.6931172834434,60
"{_LAMAIE^2 A nu se consuma coaja,SMANTANA 20% GRASIME FRISS 300G} => {_MORCOVI}",0.000148565010562972,0.118764845605701,0.00125091738894023,2.83178640333938,50
"{_LAMAIE^2 A nu se consuma coaja,SMANTANA 20% GRASIME FRISS 300G} => {_BANANE}",0.000246617917534534,0.197149643705463,0.00125091738894023,2.14743038507362,83
"{_PATRUNJEL RADACINA KG,SMANTANA 20% GRASIME FRISS 300G} => {_MORCOVI}",0.00100429947140569,0.816425120772947,0.00123011828746141,19.4665479044632,338
"{_MORCOVI,SMANTANA 20% GRASIME FRISS 300G} => {_PATRUNJEL RADACINA KG}",0.00100429947140569,0.485632183908046,0.00206802494703657,21.2288567854013,338
"{_PATRUNJEL RADACINA KG,SMANTANA 20% GRASIME FRISS 300G} => {_BANANE}",0.000199077114154383,0.161835748792271,0.00123011828746141,1.76277774494417,67
"{LAPTE DE CONSUM 1.5% GRASIME FRISS CUTIE 1L,SMANTANA 20% GRASIME FRISS 300G} => {_MORCOVI}",0.000184220613098086,0.118095238095238,0.00155993261091121,2.81582052190341,62
"{LAPTE DE CONSUM 1.5% GRASIME FRISS CUTIE 1L,SMANTANA 20% GRASIME FRISS 300G} => {PAINE CU CARTOFI FELII BACHUS 1.2 KG}",0.000163421511619269,0.104761904761905,0.00155993261091121,1.40413912120005,55
"{LAPTE DE CONSUM 1.5% GRASIME FRISS CUTIE 1L,SMANTANA 20% GRASIME FRISS 300G} => {_BANANE}",0.000273359619435869,0.175238095238095,0.00155993261091121,1.90876130062356,92
"{CARNE TOCATA PORC VRAC,SMANTANA 20% GRASIME FRISS 300G} => {PAINE DE CASA PE FOI DE VARZA RIP-ROP 1KG}",0.000136679809717934,0.102908277404922,0.00132817119443297,1.76389556839616,46
"{CARNE TOCATA PORC VRAC,SMANTANA 20% GRASIME FRISS 300G} => {_MORCOVI}",0.000190163213520604,0.143176733780761,0.00132817119443297,3.41385471371706,64
"{CARNE TOCATA PORC VRAC,SMANTANA 20% GRASIME FRISS 300G} => {_BANANE}",0.00021393361521068,0.161073825503356,0.00132817119443297,1.75447858096417,72
"{APA MINERALA NATURALA CARBOGAZIFICATA CONTINUT REDUS CO2 TUSNAD 2L,SMANTANA 20% GRASIME FRISS 300G} => {PAINE DE CASA PE FOI DE VARZA RIP-ROP 1KG}",0.000130737209295416,0.101149425287356,0.00129251559189786,1.73374802794681,44
"{APA MINERALA NATURALA CARBOGAZIFICATA CONTINUT REDUS CO2 TUSNAD 2L,SMANTANA 20% GRASIME FRISS 300G} => {_BANANE}",0.000178278012675567,0.137931034482759,0.00129251559189786,1.50239832507851,60
"{PAINE DE CASA PE FOI DE VARZA RIP-ROP 1KG,SMANTANA 20% GRASIME FRISS 300G} => {_BANANE}",0.000347642124717355,0.188405797101449,0.00184517743119212,2.05218901650217,117
"{_BANANE,SMANTANA 20% GRASIME FRISS 300G} => {PAINE DE CASA PE FOI DE VARZA RIP-ROP 1KG}",0.000347642124717355,0.113592233009709,0.00306043921759723,1.94702351902809,117
"{_MORCOVI,SMANTANA 20% GRASIME FRISS 300G} => {_BANANE}",0.000303072621548463,0.146551724137931,0.00206802494703657,1.59629822039592,102
"{PAINE CU CARTOFI FELII BACHUS 1.2 KG,SMANTANA 20% GRASIME FRISS 300G} => {_BANANE}",0.00027038831922461,0.118954248366013,0.00227304466161348,1.29569581041902,91
"{_LAMAIE^2 A nu se consuma coaja,_TELINA} => {_PATRUNJEL RADACINA KG}",0.000612087843519446,0.49400479616307,0.00123903218809519,21.5948559764995,206
"{_LAMAIE^2 A nu se consuma coaja,_PATRUNJEL RADACINA KG} => {_TELINA}",0.000612087843519446,0.507389162561576,0.00120634788577133,24.2286244080003,206
"{_LAMAIE^2 A nu se consuma coaja,_TELINA} => {_MORCOVI}",0.000719054651124786,0.580335731414868,0.00123903218809519,13.83731713885,242
"{_LAMAIE^2 A nu se consuma coaja,_MORCOVI} => {_TELINA}",0.000719054651124786,0.354319180087848,0.0020293980442902,16.9192938445098,242
"{_LAMAIE^2 A nu se consuma coaja,_TELINA} => {_BANANE}",0.00026741701901335,0.215827338129496,0.00123903218809519,2.35087507701134,90
"{_TELINA,LAPTE DE CONSUM 1.5% GRASIME FRISS CUTIE 1L} => {_PATRUNJEL RADACINA KG}",0.000511063636336625,0.554838709677419,0.000921103065490428,24.2541410907994,172
"{_PATRUNJEL RADACINA KG,LAPTE DE CONSUM 1.5% GRASIME FRISS CUTIE 1L} => {_TELINA}",0.000511063636336625,0.487252124645892,0.00104886897457458,23.2670494191188,172
"{_TELINA,CARNE TOCATA PORC VRAC} => {_PATRUNJEL RADACINA KG}",0.000763624154293677,0.488593155893536,0.00156290391112247,21.3582922971084,257
"{_PATRUNJEL RADACINA KG,CARNE TOCATA PORC VRAC} => {_TELINA}",0.000763624154293677,0.467272727272727,0.00163421511619269,22.3130020121762,257
"{_TELINA,APA MINERALA NATURALA CARBOGAZIFICATA CONTINUT REDUS CO2 TUSNAD 2L} => {_PATRUNJEL RADACINA KG}",0.00058831744182937,0.609230769230769,0.00096567256865932,26.6318279097185,198
"{_PATRUNJEL RADACINA KG,APA MINERALA NATURALA CARBOGAZIFICATA CONTINUT REDUS CO2 TUSNAD 2L} => {_TELINA}",0.00058831744182937,0.551532033426184,0.00106669677584214,26.3365153867313,198
"{_TELINA,PAINE DE CASA PE FOI DE VARZA RIP-ROP 1KG} => {_PATRUNJEL RADACINA KG}",0.00075173895344864,0.483747609942639,0.00155399001048869,21.1464747849104,253
"{_PATRUNJEL RADACINA KG,PAINE DE CASA PE FOI DE VARZA RIP-ROP 1KG} => {_TELINA}",0.00075173895344864,0.477358490566038,0.00157478911196751,22.7946129505493,253
"{_PATRUNJEL RADACINA KG,_TELINA} => {_MORCOVI}",0.00947547637370637,0.824883600620797,0.011487046616729,19.6682288657266,3189
"{_MORCOVI,_TELINA} => {_PATRUNJEL RADACINA KG}",0.00947547637370637,0.712944332662643,0.0132906258449635,31.1655479920263,3189
"{_MORCOVI,_PATRUNJEL RADACINA KG} => {_TELINA}",0.00947547637370637,0.535426460711887,0.0176970640582613,25.5674491532304,3189
"{_TELINA,PAINE CU CARTOFI FELII BACHUS 1.2 KG} => {_PATRUNJEL RADACINA KG}",0.000870590961899017,0.522281639928699,0.00166689941851655,22.8309459362155,293
"{_PATRUNJEL RADACINA KG,PAINE CU CARTOFI FELII BACHUS 1.2 KG} => {_TELINA}",0.000870590961899017,0.534671532846715,0.00162827251577018,25.5314001694325,293
"{_PATRUNJEL RADACINA KG,_TELINA} => {_BANANE}",0.00144108060246083,0.125452664252457,0.011487046616729,1.36647907670908,485
"{_BANANE,_TELINA} => {_PATRUNJEL RADACINA KG}",0.00144108060246083,0.530634573304158,0.00271576839309113,23.1960848875483,485
"{_BANANE,_PATRUNJEL RADACINA KG} => {_TELINA}",0.00144108060246083,0.518716577540107,0.00277816569752758,24.7695261522213,485
"{_TELINA,LAPTE DE CONSUM 1.5% GRASIME FRISS CUTIE 1L} => {_MORCOVI}",0.00059128874204063,0.641935483870968,0.000921103065490428,15.3060795538949,199
"{_MORCOVI,LAPTE DE CONSUM 1.5% GRASIME FRISS CUTIE 1L} => {_TELINA}",0.00059128874204063,0.291361639824305,0.0020293980442902,13.9129730374275,199
"{_TELINA,LAPTE DE CONSUM 1.5% GRASIME FRISS CUTIE 1L} => {PAINE CU CARTOFI FELII BACHUS 1.2 KG}",0.000118852008450378,0.129032258064516,0.000921103065490428,1.72943821379479,40
"{_TELINA,LAPTE DE CONSUM 1.5% GRASIME FRISS CUTIE 1L} => {_BANANE}",0.000157478911196751,0.170967741935484,0.000921103065490428,1.86224695616587,53
"{_TELINA,CARNE TOCATA PORC VRAC} => {_MORCOVI}",0.000953787367814282,0.610266159695818,0.00156290391112247,14.5509675412049,321
"{_MORCOVI,CARNE TOCATA PORC VRAC} => {_TELINA}",0.000953787367814282,0.301691729323308,0.00316146342478005,14.4062509334488,321
"{_TELINA,CARNE TOCATA PORC VRAC} => {_BANANE}",0.000246617917534534,0.157794676806084,0.00156290391112247,1.7187608215133,83
"{_TELINA,APA MINERALA NATURALA CARBOGAZIFICATA CONTINUT REDUS CO2 TUSNAD 2L} => {PAINE DE CASA PE FOI DE VARZA RIP-ROP 1KG}",0.00010696680760534,0.110769230769231,0.00096567256865932,1.89863595228301,36
"{_TELINA,APA MINERALA NATURALA CARBOGAZIFICATA CONTINUT REDUS CO2 TUSNAD 2L} => {_MORCOVI}",0.0006447721458433,0.667692307692308,0.00096567256865932,15.9202160276847,217
"{_MORCOVI,APA MINERALA NATURALA CARBOGAZIFICATA CONTINUT REDUS CO2 TUSNAD 2L} => {_TELINA}",0.0006447721458433,0.328787878787879,0.00196105813943123,15.7001343600592,217
"{_TELINA,APA MINERALA NATURALA CARBOGAZIFICATA CONTINUT REDUS CO2 TUSNAD 2L} => {_BANANE}",0.000118852008450378,0.123076923076923,0.00096567256865932,1.34060158237775,40
"{_TELINA,PAINE DE CASA PE FOI DE VARZA RIP-ROP 1KG} => {_MORCOVI}",0.000968643868870579,0.623326959847036,0.00155399001048869,14.8623845779242,326
"{_MORCOVI,PAINE DE CASA PE FOI DE VARZA RIP-ROP 1KG} => {_TELINA}",0.000968643868870579,0.353196099674973,0.00274251009499247,16.8656650019738,326
"{_TELINA,PAINE DE CASA PE FOI DE VARZA RIP-ROP 1KG} => {_BANANE}",0.00021393361521068,0.137667304015296,0.00155399001048869,1.49952567053725,72
"{_TELINA,PAINE CU CARTOFI FELII BACHUS 1.2 KG} => {_MORCOVI}",0.00101915597246199,0.611408199643494,0.00166689941851655,14.5781979323143,343
"{_MORCOVI,PAINE CU CARTOFI FELII BACHUS 1.2 KG} => {_TELINA}",0.00101915597246199,0.30762331838565,0.00331299973555428,14.6894935687636,343
"{_MORCOVI,_TELINA} => {_BANANE}",0.00171741152210796,0.12921976302258,0.0132906258449635,1.40751177760821,578
"{_BANANE,_TELINA} => {_MORCOVI}",0.00171741152210796,0.632385120350109,0.00271576839309113,15.0783641097549,578
"{_BANANE,_MORCOVI} => {_TELINA}",0.00171741152210796,0.329908675799087,0.00520571797012655,15.7536541666019,578
"{_TELINA,PAINE CU CARTOFI FELII BACHUS 1.2 KG} => {_BANANE}",0.000190163213520604,0.114081996434938,0.00166689941851655,1.24262535264961,64
"{_LAMAIE^2 A nu se consuma coaja,_PATRUNJEL RADACINA KG} => {_MORCOVI}",0.000927045665912947,0.768472906403941,0.00120634788577133,18.3231924951446,312
"{_LAMAIE^2 A nu se consuma coaja,_MORCOVI} => {_PATRUNJEL RADACINA KG}",0.000927045665912947,0.456808199121523,0.0020293980442902,19.9688491802761,312
"{_LAMAIE^2 A nu se consuma coaja,_PATRUNJEL RADACINA KG} => {_BANANE}",0.000255531818168312,0.211822660098522,0.00120634788577133,2.30725457065629,86
"{_LAMAIE^2 A nu se consuma coaja,LAPTE DE CONSUM 1.5% GRASIME FRISS CUTIE 1L} => {PAINE DE CASA PE FOI DE VARZA RIP-ROP 1KG}",0.000276330919647128,0.19496855345912,0.00141731020077076,3.3418513660467,93
"{_LAMAIE^2 A nu se consuma coaja,PAINE DE CASA PE FOI DE VARZA RIP-ROP 1KG} => {LAPTE DE CONSUM 1.5% GRASIME FRISS CUTIE 1L}",0.000276330919647128,0.138805970149254,0.00199077114154383,4.86924803748612,93
"{LAPTE DE CONSUM 1.5% GRASIME FRISS CUTIE 1L,PAINE DE CASA PE FOI DE VARZA RIP-ROP 1KG} => {_LAMAIE^2 A nu se consuma coaja}",0.000276330919647128,0.116981132075472,0.00236218366795126,4.38081127666588,93
"{_LAMAIE^2 A nu se consuma coaja,LAPTE DE CONSUM 1.5% GRASIME FRISS CUTIE 1L} => {PAINE CU CARTOFI FELII BACHUS 1.2 KG}",0.000163421511619269,0.115303983228512,0.00141731020077076,1.54543613968559,55
"{_LAMAIE^2 A nu se consuma coaja,LAPTE DE CONSUM 1.5% GRASIME FRISS CUTIE 1L} => {_BANANE}",0.000258503118379572,0.182389937106918,0.00141731020077076,1.98666193614942,87
"{_LAMAIE^2 A nu se consuma coaja,CARNE TOCATA PORC VRAC} => {_MORCOVI}",0.000112909408027859,0.129251700680272,0.000873562262110277,3.08183121636894,38
"{_LAMAIE^2 A nu se consuma coaja,CARNE TOCATA PORC VRAC} => {_BANANE}",0.000222847515844458,0.255102040816327,0.000873562262110277,2.77867037163755,75
"{_LAMAIE^2 A nu se consuma coaja,APA MINERALA NATURALA CARBOGAZIFICATA CONTINUT REDUS CO2 TUSNAD 2L} => {PAINE CU CARTOFI FELII BACHUS 1.2 KG}",0.000163421511619269,0.10536398467433,0.00155101871027743,1.41220888626442,55
"{_LAMAIE^2 A nu se consuma coaja,APA MINERALA NATURALA CARBOGAZIFICATA CONTINUT REDUS CO2 TUSNAD 2L} => {_BANANE}",0.000311986522182242,0.201149425287356,0.00155101871027743,2.19099755740616,105
"{_LAMAIE^2 A nu se consuma coaja,PAINE DE CASA PE FOI DE VARZA RIP-ROP 1KG} => {_BANANE}",0.000306043921759723,0.153731343283582,0.00199077114154383,1.6745014167946,103
"{_LAMAIE^2 A nu se consuma coaja,_MORCOVI} => {_BANANE}",0.000424895930210101,0.209370424597365,0.0020293980442902,2.28054387046142,143
"{_LAMAIE^2 A nu se consuma coaja,PAINE CU CARTOFI FELII BACHUS 1.2 KG} => {_BANANE}",0.000383297727252468,0.184285714285714,0.00207991014788161,2.00731147647097,129
"{_PATRUNJEL RADACINA KG,LAPTE DE CONSUM 1.5% GRASIME FRISS CUTIE 1L} => {_MORCOVI}",0.00085573446084272,0.815864022662889,0.00104886897457458,19.4531692822716,288
"{_MORCOVI,LAPTE DE CONSUM 1.5% GRASIME FRISS CUTIE 1L} => {_PATRUNJEL RADACINA KG}",0.00085573446084272,0.421669106881406,0.0020293980442902,18.4327838587164,288
"{_PATRUNJEL RADACINA KG,LAPTE DE CONSUM 1.5% GRASIME FRISS CUTIE 1L} => {_BANANE}",0.000172335412253048,0.164305949008499,0.00104886897457458,1.78968412378333,58
"{_PATRUNJEL RADACINA KG,CARNE TOCATA PORC VRAC} => {_MORCOVI}",0.00122714698725015,0.750909090909091,0.00163421511619269,17.9044071748301,413
"{_MORCOVI,CARNE TOCATA PORC VRAC} => {_PATRUNJEL RADACINA KG}",0.00122714698725015,0.388157894736842,0.00316146342478005,16.9678794580294,413
"{_PATRUNJEL RADACINA KG,CARNE TOCATA PORC VRAC} => {_BANANE}",0.000246617917534534,0.150909090909091,0.00163421511619269,1.64376034930181,83
"{_PATRUNJEL RADACINA KG,APA MINERALA NATURALA CARBOGAZIFICATA CONTINUT REDUS CO2 TUSNAD 2L} => {_MORCOVI}",0.000888418763166574,0.832869080779944,0.00106669677584214,19.8586317919754,299
"{_MORCOVI,APA MINERALA NATURALA CARBOGAZIFICATA CONTINUT REDUS CO2 TUSNAD 2L} => {_PATRUNJEL RADACINA KG}",0.000888418763166574,0.453030303030303,0.00196105813943123,19.8037027634443,299
"{_PATRUNJEL RADACINA KG,APA MINERALA NATURALA CARBOGAZIFICATA CONTINUT REDUS CO2 TUSNAD 2L} => {_BANANE}",0.00016045021140801,0.15041782729805,0.00106669677584214,1.63840931551041,54
"{_PATRUNJEL RADACINA KG,PAINE DE CASA PE FOI DE VARZA RIP-ROP 1KG} => {_MORCOVI}",0.00123606088788393,0.784905660377359,0.00157478911196751,18.7150091900093,416
"{_MORCOVI,PAINE DE CASA PE FOI DE VARZA RIP-ROP 1KG} => {_PATRUNJEL RADACINA KG}",0.00123606088788393,0.450704225352113,0.00274251009499247,19.7020209319301,416
"{_PATRUNJEL RADACINA KG,PAINE DE CASA PE FOI DE VARZA RIP-ROP 1KG} => {_BANANE}",0.00026741701901335,0.169811320754717,0.00157478911196751,1.84965076813911,90
"{_PATRUNJEL RADACINA KG,PAINE CU CARTOFI FELII BACHUS 1.2 KG} => {_MORCOVI}",0.00129251559189786,0.793795620437956,0.00162827251577018,18.9269782107868,435
"{_MORCOVI,PAINE CU CARTOFI FELII BACHUS 1.2 KG} => {_PATRUNJEL RADACINA KG}",0.00129251559189786,0.390134529147982,0.00331299973555428,17.0542857758593,435
"{_MORCOVI,_PATRUNJEL RADACINA KG} => {_BANANE}",0.00221064735717703,0.124916051040967,0.0176970640582613,1.36063407748044,744
"{_BANANE,_PATRUNJEL RADACINA KG} => {_MORCOVI}",0.00221064735717703,0.79572192513369,0.00277816569752758,18.9729083294027,744
"{_BANANE,_MORCOVI} => {_PATRUNJEL RADACINA KG}",0.00221064735717703,0.424657534246575,0.00520571797012655,18.563419551018,744
"{_PATRUNJEL RADACINA KG,PAINE CU CARTOFI FELII BACHUS 1.2 KG} => {_BANANE}",0.000205019714576902,0.125912408759124,0.00162827251577018,1.37148679219074,69
"{CARNE TOCATA PORC VRAC,LAPTE DE CONSUM 1.5% GRASIME FRISS CUTIE 1L} => {PAINE DE CASA PE FOI DE VARZA RIP-ROP 1KG}",0.000136679809717934,0.112469437652812,0.00121526178640511,1.92777828624226,46
"{CARNE TOCATA PORC VRAC,LAPTE DE CONSUM 1.5% GRASIME FRISS CUTIE 1L} => {PAINE CU CARTOFI FELII BACHUS 1.2 KG}",0.000145593710351713,0.119804400977995,0.00121526178640511,1.60575589654907,49
"{CARNE TOCATA PORC VRAC,LAPTE DE CONSUM 1.5% GRASIME FRISS CUTIE 1L} => {_BANANE}",0.000169364112041788,0.139364303178484,0.00121526178640511,1.51801004361539,57
"{APA MINERALA NATURALA CARBOGAZIFICATA CONTINUT REDUS CO2 TUSNAD 2L,LAPTE DE CONSUM 1.5% GRASIME FRISS CUTIE 1L} => {PAINE DE CASA PE FOI DE VARZA RIP-ROP 1KG}",0.000228790116266977,0.142592592592593,0.0016045021140801,2.44410312273057,77
"{APA MINERALA NATURALA CARBOGAZIFICATA CONTINUT REDUS CO2 TUSNAD 2L,LAPTE DE CONSUM 1.5% GRASIME FRISS CUTIE 1L} => {PAINE CU CARTOFI FELII BACHUS 1.2 KG}",0.000291187420703426,0.181481481481481,0.0016045021140801,2.43242282106878,98
"{APA MINERALA NATURALA CARBOGAZIFICATA CONTINUT REDUS CO2 TUSNAD 2L,LAPTE DE CONSUM 1.5% GRASIME FRISS CUTIE 1L} => {_BANANE}",0.000252560517957053,0.157407407407407,0.0016045021140801,1.71454253301784,85
"{LAPTE DE CONSUM 1.5% GRASIME FRISS CUTIE 1L,PAINE DE CASA PE FOI DE VARZA RIP-ROP 1KG} => {_BANANE}",0.00032090042281602,0.135849056603774,0.00236218366795126,1.47972061451129,108
"{_MORCOVI,LAPTE DE CONSUM 1.5% GRASIME FRISS CUTIE 1L} => {PAINE CU CARTOFI FELII BACHUS 1.2 KG}",0.000231761416478237,0.114202049780381,0.0020293980442902,1.53066676462511,78
"{_MORCOVI,LAPTE DE CONSUM 1.5% GRASIME FRISS CUTIE 1L} => {_BANANE}",0.000344670824506096,0.169838945827233,0.0020293980442902,1.84995167114353,116
"{LAPTE DE CONSUM 1.5% GRASIME FRISS CUTIE 1L,PAINE CU CARTOFI FELII BACHUS 1.2 KG} => {_BANANE}",0.000490264534857808,0.139123102866779,0.0035239620505537,1.51538279626911,165
"{_BANANE,LAPTE DE CONSUM 1.5% GRASIME FRISS CUTIE 1L} => {PAINE CU CARTOFI FELII BACHUS 1.2 KG}",0.000490264534857808,0.124905374716124,0.00392508757907373,1.67412499310377,165
"{APA MINERALA NATURALA CARBOGAZIFICATA CONTINUT REDUS CO2 TUSNAD 2L,CARNE TOCATA PORC VRAC} => {_MORCOVI}",0.000163421511619269,0.180327868852459,0.000906246564434131,4.2996730602835,55
"{APA MINERALA NATURALA CARBOGAZIFICATA CONTINUT REDUS CO2 TUSNAD 2L,CARNE TOCATA PORC VRAC} => {PAINE CU CARTOFI FELII BACHUS 1.2 KG}",0.000101024207182821,0.111475409836066,0.000906246564434131,1.49412121093418,34
"{APA MINERALA NATURALA CARBOGAZIFICATA CONTINUT REDUS CO2 TUSNAD 2L,CARNE TOCATA PORC VRAC} => {_BANANE}",0.000136679809717934,0.150819672131148,0.000906246564434131,1.64278636529077,46
"{CARNE TOCATA PORC VRAC,PAINE DE CASA PE FOI DE VARZA RIP-ROP 1KG} => {_MORCOVI}",0.000276330919647128,0.13716814159292,0.0020145415432339,3.27058799557365,93
"{_MORCOVI,PAINE DE CASA PE FOI DE VARZA RIP-ROP 1KG} => {CARNE TOCATA PORC VRAC}",0.000276330919647128,0.100758396533044,0.00274251009499247,3.37317622882579,93
"{CARNE TOCATA PORC VRAC,PAINE DE CASA PE FOI DE VARZA RIP-ROP 1KG} => {_BANANE}",0.000288216120492166,0.14306784660767,0.0020145415432339,1.55835047509065,97
"{CARNE TOCATA PORC VRAC,PAINE CU CARTOFI FELII BACHUS 1.2 KG} => {_MORCOVI}",0.000240675317112015,0.11671469740634,0.00206208234661405,2.78290340461891,81
"{_MORCOVI,CARNE TOCATA PORC VRAC} => {_BANANE}",0.000454608932322695,0.143796992481203,0.00316146342478005,1.56629261474938,153
"{_BANANE,CARNE TOCATA PORC VRAC} => {_MORCOVI}",0.000454608932322695,0.137589928057554,0.0033040858349205,3.28064492083273,153
"{CARNE TOCATA PORC VRAC,PAINE CU CARTOFI FELII BACHUS 1.2 KG} => {_BANANE}",0.000294158720914685,0.142651296829971,0.00206208234661405,1.55381325335029,99
"{APA MINERALA NATURALA CARBOGAZIFICATA CONTINUT REDUS CO2 TUSNAD 2L,PAINE DE CASA PE FOI DE VARZA RIP-ROP 1KG} => {_BANANE}",0.000603173942885667,0.136058981233244,0.00443317991519909,1.48200719499618,203
"{_BANANE,APA MINERALA NATURALA CARBOGAZIFICATA CONTINUT REDUS CO2 TUSNAD 2L} => {PAINE DE CASA PE FOI DE VARZA RIP-ROP 1KG}",0.000603173942885667,0.102680829539707,0.00587426051765992,1.75999700657382,203
"{_BANANE,PAINE DE CASA PE FOI DE VARZA RIP-ROP 1KG} => {APA MINERALA NATURALA CARBOGAZIFICATA CONTINUT REDUS CO2 TUSNAD 2L}",0.000603173942885667,0.100098619329389,0.00602579682843415,1.86960933632076,203
"{_MORCOVI,APA MINERALA NATURALA CARBOGAZIFICATA CONTINUT REDUS CO2 TUSNAD 2L} => {PAINE CU CARTOFI FELII BACHUS 1.2 KG}",0.000237704016900756,0.121212121212121,0.00196105813943123,1.6246237765951,80
"{_MORCOVI,APA MINERALA NATURALA CARBOGAZIFICATA CONTINUT REDUS CO2 TUSNAD 2L} => {_BANANE}",0.000258503118379572,0.131818181818182,0.00196105813943123,1.43581476294435,87
"{APA MINERALA NATURALA CARBOGAZIFICATA CONTINUT REDUS CO2 TUSNAD 2L,PAINE CU CARTOFI FELII BACHUS 1.2 KG} => {_BANANE}",0.000722025951336045,0.148080438756856,0.00487590364667675,1.61294957294763,243
"{_BANANE,APA MINERALA NATURALA CARBOGAZIFICATA CONTINUT REDUS CO2 TUSNAD 2L} => {PAINE CU CARTOFI FELII BACHUS 1.2 KG}",0.000722025951336045,0.122913505311077,0.00587426051765992,1.64742767634245,243
"{_MORCOVI,PAINE DE CASA PE FOI DE VARZA RIP-ROP 1KG} => {_BANANE}",0.000389240327674987,0.14192849404117,0.00274251009499247,1.54594020503068,131
"{_MORCOVI,PAINE CU CARTOFI FELII BACHUS 1.2 KG} => {_BANANE}",0.000421924629998841,0.127354260089686,0.00331299973555428,1.38719199611509,142
"{BATOANE NUTELLA B-READY 22G,FRANZELA ALBA COUNTRY 1KG,SZEKELYHON} => {APA MINERALA NATURALA CARBOGAZIFICATA CONTINUT REDUS CO2 TUSNAD 2L}",0.000136679809717934,0.442307692307692,0.000309015221970982,8.26127869300354,46
"{APA MINERALA NATURALA CARBOGAZIFICATA CONTINUT REDUS CO2 TUSNAD 2L,BATOANE NUTELLA B-READY 22G,SZEKELYHON} => {FRANZELA ALBA COUNTRY 1KG}",0.000136679809717934,0.867924528301887,0.000157478911196751,39.108662976782,46
"{APA MINERALA NATURALA CARBOGAZIFICATA CONTINUT REDUS CO2 TUSNAD 2L,BATOANE NUTELLA B-READY 22G,FRANZELA ALBA COUNTRY 1KG} => {SZEKELYHON}",0.000136679809717934,0.901960784313726,0.000151536310774232,57.5355587269024,46
"{APA MINERALA NATURALA CARBOGAZIFICATA CONTINUT REDUS CO2 TUSNAD 2L,FRANZELA ALBA COUNTRY 1KG,SZEKELYHON} => {BATOANE NUTELLA B-READY 22G}",0.000136679809717934,0.308724832214765,0.000442723731477657,344.047246544291,46
"{APA MINERALA NATURALA NATURAL CARBOGAZOASA BORSEC 1.5L,BERE TILTOTT CSIKI DOZA 500ML,CORN CU SUSAN RIP-ROP 150G} => {APA MINERALA NATURALA CARBOGAZIFICATA TUSNAD 2L}",0.000103995507394081,0.660377358490566,0.000157478911196751,68.9795099727112,35
"{APA MINERALA NATURALA CARBOGAZIFICATA TUSNAD 2L,APA MINERALA NATURALA NATURAL CARBOGAZOASA BORSEC 1.5L,BERE TILTOTT CSIKI DOZA 500ML} => {CORN CU SUSAN RIP-ROP 150G}",0.000103995507394081,0.614035087719298,0.000169364112041788,105.275267894647,35
"{APA MINERALA NATURALA CARBOGAZIFICATA TUSNAD 2L,APA MINERALA NATURALA NATURAL CARBOGAZOASA BORSEC 1.5L,CORN CU SUSAN RIP-ROP 150G} => {BERE TILTOTT CSIKI DOZA 500ML}",0.000103995507394081,0.564516129032258,0.000184220613098086,187.922449826106,35
"{APA MINERALA NATURALA CARBOGAZIFICATA TUSNAD 2L,BERE TILTOTT CSIKI DOZA 500ML,CORN CU SUSAN RIP-ROP 150G} => {APA MINERALA NATURALA NATURAL CARBOGAZOASA BORSEC 1.5L}",0.000103995507394081,0.460526315789474,0.000225818816055718,338.409417375316,35
"{APA MINERALA NATURALA NATURAL CARBOGAZOASA BORSEC 1.5L,BERE TILTOTT CSIKI DOZA 500ML,CORN CU SUSAN RIP-ROP 150G} => {FRANZELA ALBA BACHUS 1KG}",0.000139651109929194,0.886792452830189,0.000157478911196751,37.0196800269609,47
"{APA MINERALA NATURALA NATURAL CARBOGAZOASA BORSEC 1.5L,BERE TILTOTT CSIKI DOZA 500ML,FRANZELA ALBA BACHUS 1KG} => {CORN CU SUSAN RIP-ROP 150G}",0.000139651109929194,0.546511627906977,0.000255531818168312,93.6984859434421,47
"{APA MINERALA NATURALA NATURAL CARBOGAZOASA BORSEC 1.5L,CORN CU SUSAN RIP-ROP 150G,FRANZELA ALBA BACHUS 1KG} => {BERE TILTOTT CSIKI DOZA 500ML}",0.000139651109929194,0.552941176470588,0.000252560517957053,184.069250014546,47
"{BERE TILTOTT CSIKI DOZA 500ML,CORN CU SUSAN RIP-ROP 150G,FRANZELA ALBA BACHUS 1KG} => {APA MINERALA NATURALA NATURAL CARBOGAZOASA BORSEC 1.5L}",0.000139651109929194,0.451923076923077,0.000309015221970982,332.087483204568,47
"{APA MINERALA NATURALA CARBOGAZIFICATA TUSNAD 2L,APA MINERALA NATURALA NATURAL CARBOGAZOASA BORSEC 1.5L,BERE TILTOTT CSIKI DOZA 500ML} => {FRANZELA ALBA BACHUS 1KG}",0.000139651109929194,0.824561403508772,0.000169364112041788,34.4218077443671,47
"{APA MINERALA NATURALA NATURAL CARBOGAZOASA BORSEC 1.5L,BERE TILTOTT CSIKI DOZA 500ML,FRANZELA ALBA BACHUS 1KG} => {APA MINERALA NATURALA CARBOGAZIFICATA TUSNAD 2L}",0.000139651109929194,0.546511627906977,0.000255531818168312,57.0857007780809,47
"{APA MINERALA NATURALA CARBOGAZIFICATA TUSNAD 2L,APA MINERALA NATURALA NATURAL CARBOGAZOASA BORSEC 1.5L,FRANZELA ALBA BACHUS 1KG} => {BERE TILTOTT CSIKI DOZA 500ML}",0.000139651109929194,0.427272727272727,0.000326843023238539,142.235329556695,47
"{APA MINERALA NATURALA CARBOGAZIFICATA TUSNAD 2L,BERE TILTOTT CSIKI DOZA 500ML,FRANZELA ALBA BACHUS 1KG} => {APA MINERALA NATURALA NATURAL CARBOGAZOASA BORSEC 1.5L}",0.000139651109929194,0.415929203539823,0.000335756923872317,305.638037639603,47
"{APA MINERALA NATURALA NATURAL CARBOGAZOASA BORSEC 1.5L,BERE TILTOTT CSIKI DOZA 500ML,FRANZELA ALBA BACHUS 1KG} => {APA MINERALA NATURALA CARBOGAZIFICATA CONTINUT REDUS CO2 TUSNAD 2L}",0.000115880708239118,0.453488372093023,0.000255531818168312,8.47010778028876,39
"{APA MINERALA NATURALA CARBOGAZIFICATA CONTINUT REDUS CO2 TUSNAD 2L,APA MINERALA NATURALA NATURAL CARBOGAZOASA BORSEC 1.5L,BERE TILTOTT CSIKI DOZA 500ML} => {FRANZELA ALBA BACHUS 1KG}",0.000115880708239118,0.928571428571429,0.000124794608872897,38.7637682957083,39
"{APA MINERALA NATURALA CARBOGAZIFICATA CONTINUT REDUS CO2 TUSNAD 2L,APA MINERALA NATURALA NATURAL CARBOGAZOASA BORSEC 1.5L,FRANZELA ALBA BACHUS 1KG} => {BERE TILTOTT CSIKI DOZA 500ML}",0.000115880708239118,0.6,0.000193134513731864,199.73471810089,39
"{APA MINERALA NATURALA CARBOGAZIFICATA CONTINUT REDUS CO2 TUSNAD 2L,BERE TILTOTT CSIKI DOZA 500ML,FRANZELA ALBA BACHUS 1KG} => {APA MINERALA NATURALA NATURAL CARBOGAZOASA BORSEC 1.5L}",0.000115880708239118,0.557142857142857,0.000207991014788161,409.406331877729,39
"{APA MINERALA NATURALA CARBOGAZIFICATA TUSNAD 2L,APA MINERALA NATURALA NATURAL CARBOGAZOASA BORSEC 1.5L,CORN CU SUSAN RIP-ROP 150G} => {FRANZELA ALBA BACHUS 1KG}",0.000163421511619269,0.887096774193548,0.000184220613098086,37.0323841038404,55
"{APA MINERALA NATURALA NATURAL CARBOGAZOASA BORSEC 1.5L,CORN CU SUSAN RIP-ROP 150G,FRANZELA ALBA BACHUS 1KG} => {APA MINERALA NATURALA CARBOGAZIFICATA TUSNAD 2L}",0.000163421511619269,0.647058823529412,0.000252560517957053,67.5883265783036,55
"{APA MINERALA NATURALA CARBOGAZIFICATA TUSNAD 2L,APA MINERALA NATURALA NATURAL CARBOGAZOASA BORSEC 1.5L,FRANZELA ALBA BACHUS 1KG} => {CORN CU SUSAN RIP-ROP 150G}",0.000163421511619269,0.5,0.000326843023238539,85.7241467142129,55
"{APA MINERALA NATURALA CARBOGAZIFICATA TUSNAD 2L,CORN CU SUSAN RIP-ROP 150G,FRANZELA ALBA BACHUS 1KG} => {APA MINERALA NATURALA NATURAL CARBOGAZOASA BORSEC 1.5L}",0.000163421511619269,0.398550724637681,0.000410039429153803,292.867777355864,55
"{APA MINERALA NATURALA NATURAL CARBOGAZOASA BORSEC 1.5L,CORN CU SUSAN RIP-ROP 150G,FRANZELA ALBA BACHUS 1KG} => {APA MINERALA NATURALA CARBOGAZIFICATA CONTINUT REDUS CO2 TUSNAD 2L}",0.00010696680760534,0.423529411764706,0.000252560517957053,7.91054409887602,36
"{APA MINERALA NATURALA CARBOGAZIFICATA CONTINUT REDUS CO2 TUSNAD 2L,APA MINERALA NATURALA NATURAL CARBOGAZOASA BORSEC 1.5L,CORN CU SUSAN RIP-ROP 150G} => {FRANZELA ALBA BACHUS 1KG}",0.00010696680760534,0.972972972972973,0.000109938107816599,40.6173372578731,36
"{APA MINERALA NATURALA CARBOGAZIFICATA CONTINUT REDUS CO2 TUSNAD 2L,APA MINERALA NATURALA NATURAL CARBOGAZOASA BORSEC 1.5L,FRANZELA ALBA BACHUS 1KG} => {CORN CU SUSAN RIP-ROP 150G}",0.00010696680760534,0.553846153846154,0.000193134513731864,94.9559778988205,36
"{APA MINERALA NATURALA CARBOGAZIFICATA CONTINUT REDUS CO2 TUSNAD 2L,CORN CU SUSAN RIP-ROP 150G,FRANZELA ALBA BACHUS 1KG} => {APA MINERALA NATURALA NATURAL CARBOGAZOASA BORSEC 1.5L}",0.00010696680760534,0.428571428571429,0.000249589217745793,314.927947598253,36
"{APA MINERALA NATURALA CARBOGAZIFICATA TUSNAD 2L,APA MINERALA NATURALA NATURAL CARBOGAZOASA BORSEC 1.5L,FRANZELA ALBA BACHUS 1KG} => {APA MINERALA NATURALA CARBOGAZIFICATA CONTINUT REDUS CO2 TUSNAD 2L}",0.000124794608872897,0.381818181818182,0.000326843023238539,7.13147536186551,42
"{APA MINERALA NATURALA CARBOGAZIFICATA CONTINUT REDUS CO2 TUSNAD 2L,APA MINERALA NATURALA CARBOGAZIFICATA TUSNAD 2L,APA MINERALA NATURALA NATURAL CARBOGAZOASA BORSEC 1.5L} => {FRANZELA ALBA BACHUS 1KG}",0.000124794608872897,0.823529411764706,0.000151536310774232,34.3787266332978,42
"{APA MINERALA NATURALA CARBOGAZIFICATA CONTINUT REDUS CO2 TUSNAD 2L,APA MINERALA NATURALA NATURAL CARBOGAZOASA BORSEC 1.5L,FRANZELA ALBA BACHUS 1KG} => {APA MINERALA NATURALA CARBOGAZIFICATA TUSNAD 2L}",0.000124794608872897,0.646153846153846,0.000193134513731864,67.493797450222,42
"{APA MINERALA NATURALA CARBOGAZIFICATA CONTINUT REDUS CO2 TUSNAD 2L,APA MINERALA NATURALA CARBOGAZIFICATA TUSNAD 2L,FRANZELA ALBA BACHUS 1KG} => {APA MINERALA NATURALA NATURAL CARBOGAZOASA BORSEC 1.5L}",0.000124794608872897,0.344262295081967,0.000362498625773652,252.974908726466,42
"{BERE CIUC PREMIUM DOZA 500ML,BISCUITI CU MIERE MAIA 120G,LD RED SOFT 100} => {APA MINERALA NATURALA CARBOGAZOASA PERLA HARGHITEI  2L}",0.000101024207182821,0.894736842105263,0.000112909408027859,44.7571891232242,34
"{APA MINERALA NATURALA CARBOGAZOASA PERLA HARGHITEI  2L,BISCUITI CU MIERE MAIA 120G,LD RED SOFT 100} => {BERE CIUC PREMIUM DOZA 500ML}",0.000101024207182821,0.441558441558442,0.000228790116266977,57.3111524033236,34
"{APA MINERALA NATURALA CARBOGAZOASA PERLA HARGHITEI  2L,BERE CIUC PREMIUM DOZA 500ML,BISCUITI CU MIERE MAIA 120G} => {LD RED SOFT 100}",0.000101024207182821,1,0.000101024207182821,480.79,34
"{APA MINERALA NATURALA CARBOGAZOASA PERLA HARGHITEI  2L,BERE CIUC PREMIUM DOZA 500ML,LD RED SOFT 100} => {BISCUITI CU MIERE MAIA 120G}",0.000101024207182821,0.259541984732824,0.000389240327674987,210.989453110595,34
"{_PATRUNJEL RADACINA KG,_TELINA,MAGGI CUB GAINA 60G} => {_MORCOVI}",0.000101024207182821,0.944444444444444,0.00010696680760534,22.5189947652222,34
"{_MORCOVI,_TELINA,MAGGI CUB GAINA 60G} => {_PATRUNJEL RADACINA KG}",0.000101024207182821,0.80952380952381,0.000124794608872897,35.387409620297,34
"{_MORCOVI,_PATRUNJEL RADACINA KG,MAGGI CUB GAINA 60G} => {_TELINA}",0.000101024207182821,0.68,0.000148565010562972,32.4710612939841,34
"{BERE CIUC PREMIUM DOZA 500ML,LD RED SOFT 100,PAINE ROGANA COUNTRY 500G} => {APA MINERALA NATURALA CARBOGAZOASA PERLA HARGHITEI  2L}",0.000127765909084156,0.977272727272727,0.000130737209295416,48.8858603123987,43
"{APA MINERALA NATURALA CARBOGAZOASA PERLA HARGHITEI  2L,LD RED SOFT 100,PAINE ROGANA COUNTRY 500G} => {BERE CIUC PREMIUM DOZA 500ML}",0.000127765909084156,0.447916666666667,0.000285244820280907,58.1364049042293,43
"{APA MINERALA NATURALA CARBOGAZOASA PERLA HARGHITEI  2L,BERE CIUC PREMIUM DOZA 500ML,LD RED SOFT 100} => {PAINE ROGANA COUNTRY 500G}",0.000127765909084156,0.32824427480916,0.000389240327674987,183.507633587786,43
"{APA MINERALA NATURALA CARBOGAZOASA PERLA HARGHITEI  2L,BERE CIUC PREMIUM DOZA 500ML,PAINE ROGANA COUNTRY 500G} => {LD RED SOFT 100}",0.000127765909084156,1,0.000127765909084156,480.79,43
"{DANONE IAURT DELICIOS CAISE 125G,DANONE IAURT DELICIOS FRUCTE DE PADURE 125G,DANONE IAURT DELICIOS VISINE 125G} => {DANONE IAURT DELICIOS CAPSUNI 125G}",0.000103995507394081,0.714285714285714,0.000145593710351713,350.941605839416,35
"{DANONE IAURT DELICIOS CAISE 125G,DANONE IAURT DELICIOS CAPSUNI 125G,DANONE IAURT DELICIOS VISINE 125G} => {DANONE IAURT DELICIOS FRUCTE DE PADURE 125G}",0.000103995507394081,0.614035087719298,0.000169364112041788,323.911208271462,35
"{DANONE IAURT DELICIOS CAPSUNI 125G,DANONE IAURT DELICIOS FRUCTE DE PADURE 125G,DANONE IAURT DELICIOS VISINE 125G} => {DANONE IAURT DELICIOS CAISE 125G}",0.000103995507394081,0.714285714285714,0.000145593710351713,372.128482972136,35
"{DANONE IAURT DELICIOS CAISE 125G,DANONE IAURT DELICIOS CAPSUNI 125G,DANONE IAURT DELICIOS FRUCTE DE PADURE 125G} => {DANONE IAURT DELICIOS VISINE 125G}",0.000103995507394081,0.636363636363636,0.000163421511619269,429.198578976134,35
"{_PATRUNJEL RADACINA KG,_TELINA,BONDUELLE MAZARE VERDE BOABE 200G} => {_MORCOVI}",0.000139651109929194,0.886792452830189,0.000157478911196751,21.1443613444817,47
"{_MORCOVI,_TELINA,BONDUELLE MAZARE VERDE BOABE 200G} => {_PATRUNJEL RADACINA KG}",0.000139651109929194,0.886792452830189,0.000157478911196751,38.7651201944874,47
"{_MORCOVI,_PATRUNJEL RADACINA KG,BONDUELLE MAZARE VERDE BOABE 200G} => {_TELINA}",0.000139651109929194,0.661971830985915,0.000210962314999421,31.6101880865214,47
"{KENT CORE BLUE,NESCAFE 3IN1 MILD 15G,ORBIT PASTILE WATERMELON 14G} => {PAINE CU CARTOFI FELII BACHUS 1.2 KG}",0.000109938107816599,0.637931034482759,0.000172335412253048,8.55028289320095,37
"{KENT CORE BLUE,ORBIT PASTILE WATERMELON 14G,PAINE CU CARTOFI FELII BACHUS 1.2 KG} => {NESCAFE 3IN1 MILD 15G}",0.000109938107816599,0.506849315068493,0.000216904915421939,175.135172006413,37
"{NESCAFE 3IN1 MILD 15G,ORBIT PASTILE WATERMELON 14G,PAINE CU CARTOFI FELII BACHUS 1.2 KG} => {KENT CORE BLUE}",0.000109938107816599,0.804347826086957,0.000136679809717934,252.995956928078,37
"{KENT CORE BLUE,NESCAFE 3IN1 MILD 15G,PAINE CU CARTOFI FELII BACHUS 1.2 KG} => {ORBIT PASTILE WATERMELON 14G}",0.000109938107816599,0.685185185185185,0.00016045021140801,318.070523627075,37
"{_CASTRAVETI FABIO,KENT CORE BLUE,ORBIT PASTILE WATERMELON 14G} => {PAINE CU CARTOFI FELII BACHUS 1.2 KG}",0.000136679809717934,0.741935483870968,0.000184220613098086,9.94426972932003,46
"{KENT CORE BLUE,ORBIT PASTILE WATERMELON 14G,PAINE CU CARTOFI FELII BACHUS 1.2 KG} => {_CASTRAVETI FABIO}",0.000136679809717934,0.63013698630137,0.00021690491542194,81.0372537832193,46
"{_CASTRAVETI FABIO,ORBIT PASTILE WATERMELON 14G,PAINE CU CARTOFI FELII BACHUS 1.2 KG} => {KENT CORE BLUE}",0.000136679809717934,0.807017543859649,0.000169364112041788,253.835677979997,46
"{_CASTRAVETI FABIO,KENT CORE BLUE,PAINE CU CARTOFI FELII BACHUS 1.2 KG} => {ORBIT PASTILE WATERMELON 14G}",0.000136679809717934,0.754098360655738,0.000181249312886826,350.060780101752,46
"{_PATRUNJEL FRUNZE LEGATURA,_PATRUNJEL RADACINA KG,_TELINA} => {_MORCOVI}",0.000142622410140453,0.888888888888889,0.00016045021140801,21.1943480143268,48
"{_MORCOVI,_PATRUNJEL FRUNZE LEGATURA,_TELINA} => {_PATRUNJEL RADACINA KG}",0.000142622410140453,0.727272727272727,0.000196105813943123,31.7918974128872,48
"{_MORCOVI,_PATRUNJEL FRUNZE LEGATURA,_PATRUNJEL RADACINA KG} => {_TELINA}",0.000142622410140453,0.631578947368421,0.000225818816055718,30.1588804588088,48
"{APA MINERALA NATURALA CARBOGAZIFICATA TUSNAD 2L,BERE TILTOTT CSIKI DOZA 500ML,CORN CU SUSAN RIP-ROP 150G} => {FRANZELA ALBA BACHUS 1KG}",0.000205019714576902,0.907894736842105,0.000225818816055718,37.9006074632127,69
"{BERE TILTOTT CSIKI DOZA 500ML,CORN CU SUSAN RIP-ROP 150G,FRANZELA ALBA BACHUS 1KG} => {APA MINERALA NATURALA CARBOGAZIFICATA TUSNAD 2L}",0.000205019714576902,0.663461538461538,0.000309015221970982,69.3016670247816,69
"{APA MINERALA NATURALA CARBOGAZIFICATA TUSNAD 2L,BERE TILTOTT CSIKI DOZA 500ML,FRANZELA ALBA BACHUS 1KG} => {CORN CU SUSAN RIP-ROP 150G}",0.000205019714576902,0.610619469026549,0.000335756923872317,104.689665898773,69
"{APA MINERALA NATURALA CARBOGAZIFICATA TUSNAD 2L,CORN CU SUSAN RIP-ROP 150G,FRANZELA ALBA BACHUS 1KG} => {BERE TILTOTT CSIKI DOZA 500ML}",0.000205019714576902,0.5,0.000410039429153803,166.445598417409,69
"{APA MINERALA NATURALA CARBOGAZIFICATA TUSNAD 2L,BERE TILTOTT CSIKI DOZA 500ML,CORN CU SUSAN RIP-ROP 150G} => {APA MINERALA NATURALA CARBOGAZIFICATA CONTINUT REDUS CO2 TUSNAD 2L}",0.000101024207182821,0.447368421052632,0.000225818816055718,8.35580133251159,34
"{APA MINERALA NATURALA CARBOGAZIFICATA CONTINUT REDUS CO2 TUSNAD 2L,BERE TILTOTT CSIKI DOZA 500ML,CORN CU SUSAN RIP-ROP 150G} => {APA MINERALA NATURALA CARBOGAZIFICATA TUSNAD 2L}",0.000101024207182821,0.723404255319149,0.000139651109929194,75.5629647239061,34
"{APA MINERALA NATURALA CARBOGAZIFICATA CONTINUT REDUS CO2 TUSNAD 2L,APA MINERALA NATURALA CARBOGAZIFICATA TUSNAD 2L,BERE TILTOTT CSIKI DOZA 500ML} => {CORN CU SUSAN RIP-ROP 150G}",0.000101024207182821,0.653846153846154,0.000154507610985491,112.100807241663,34
"{APA MINERALA NATURALA CARBOGAZIFICATA CONTINUT REDUS CO2 TUSNAD 2L,APA MINERALA NATURALA CARBOGAZIFICATA TUSNAD 2L,CORN CU SUSAN RIP-ROP 150G} => {BERE TILTOTT CSIKI DOZA 500ML}",0.000101024207182821,0.566666666666667,0.000178278012675567,188.638344873063,34
"{BERE TILTOTT CSIKI DOZA 500ML,CORN CU SUSAN RIP-ROP 150G,FRANZELA ALBA BACHUS 1KG} => {APA MINERALA NATURALA CARBOGAZIFICATA CONTINUT REDUS CO2 TUSNAD 2L}",0.000133708509506675,0.432692307692308,0.000309015221970982,8.08168567793825,45
"{APA MINERALA NATURALA CARBOGAZIFICATA CONTINUT REDUS CO2 TUSNAD 2L,BERE TILTOTT CSIKI DOZA 500ML,CORN CU SUSAN RIP-ROP 150G} => {FRANZELA ALBA BACHUS 1KG}",0.000133708509506675,0.957446808510638,0.000139651109929194,39.9691882590773,45
"{APA MINERALA NATURALA CARBOGAZIFICATA CONTINUT REDUS CO2 TUSNAD 2L,BERE TILTOTT CSIKI DOZA 500ML,FRANZELA ALBA BACHUS 1KG} => {CORN CU SUSAN RIP-ROP 150G}",0.000133708509506675,0.642857142857143,0.000207991014788161,110.216760061131,45
"{APA MINERALA NATURALA CARBOGAZIFICATA CONTINUT REDUS CO2 TUSNAD 2L,CORN CU SUSAN RIP-ROP 150G,FRANZELA ALBA BACHUS 1KG} => {BERE TILTOTT CSIKI DOZA 500ML}",0.000133708509506675,0.535714285714286,0.000249589217745793,178.334569732938,45
"{APA MINERALA NATURALA CARBOGAZIFICATA TUSNAD 2L,BERE TILTOTT CSIKI DOZA 500ML,FRANZELA ALBA BACHUS 1KG} => {APA MINERALA NATURALA CARBOGAZIFICATA CONTINUT REDUS CO2 TUSNAD 2L}",0.000139651109929194,0.415929203539823,0.000335756923872317,7.76858989061202,47
"{APA MINERALA NATURALA CARBOGAZIFICATA CONTINUT REDUS CO2 TUSNAD 2L,APA MINERALA NATURALA CARBOGAZIFICATA TUSNAD 2L,BERE TILTOTT CSIKI DOZA 500ML} => {FRANZELA ALBA BACHUS 1KG}",0.000139651109929194,0.903846153846154,0.000154507610985491,37.7315969505563,47
"{APA MINERALA NATURALA CARBOGAZIFICATA CONTINUT REDUS CO2 TUSNAD 2L,BERE TILTOTT CSIKI DOZA 500ML,FRANZELA ALBA BACHUS 1KG} => {APA MINERALA NATURALA CARBOGAZIFICATA TUSNAD 2L}",0.000139651109929194,0.671428571428571,0.000207991014788161,70.133860955928,47
"{APA MINERALA NATURALA CARBOGAZIFICATA CONTINUT REDUS CO2 TUSNAD 2L,APA MINERALA NATURALA CARBOGAZIFICATA TUSNAD 2L,FRANZELA ALBA BACHUS 1KG} => {BERE TILTOTT CSIKI DOZA 500ML}",0.000139651109929194,0.385245901639344,0.000362498625773652,128.24496927243,47
"{BERE TILTOTT IGAZI SOR 6% 500ML,LD RED,PALL MALL S-LINE FLOW VIOLET/ROSE} => {SANA 3.6% PET FRISS 330G}",0.000222847515844458,0.595238095238095,0.00037438382661869,57.0575809361056,75
"{BERE TILTOTT IGAZI SOR 6% 500ML,LD RED,SANA 3.6% PET FRISS 330G} => {PALL MALL S-LINE FLOW VIOLET/ROSE}",0.000222847515844458,0.700934579439252,0.000317929122604761,66.0788894997251,75
"{LD RED,PALL MALL S-LINE FLOW VIOLET/ROSE,SANA 3.6% PET FRISS 330G} => {BERE TILTOTT IGAZI SOR 6% 500ML}",0.000222847515844458,0.882352941176471,0.000252560517957053,195.239006845342,75
"{BERE TILTOTT IGAZI SOR 6% 500ML,PALL MALL S-LINE FLOW VIOLET/ROSE,SANA 3.6% PET FRISS 330G} => {LD RED}",0.000222847515844458,0.806451612903226,0.000276330919647128,183.884627152723,75
"{BERE TILTOTT IGAZI SOR 6% 500ML,LD RED,PALL MALL S-LINE FLOW VIOLET/ROSE} => {_BANANE}",0.000210962314999421,0.563492063492063,0.00037438382661869,6.13777410979495,71
"{_BANANE,BERE TILTOTT IGAZI SOR 6% 500ML,LD RED} => {PALL MALL S-LINE FLOW VIOLET/ROSE}",0.000210962314999421,0.633928571428571,0.000332785623661058,59.76206232493,71
"{_BANANE,LD RED,PALL MALL S-LINE FLOW VIOLET/ROSE} => {BERE TILTOTT IGAZI SOR 6% 500ML}",0.000210962314999421,0.922077922077922,0.000228790116266977,204.028988105911,71
"{_BANANE,BERE TILTOTT IGAZI SOR 6% 500ML,PALL MALL S-LINE FLOW VIOLET/ROSE} => {LD RED}",0.000210962314999421,0.8875,0.000237704016900756,202.365032181572,71
"{BERE TILTOTT IGAZI SOR 6% 500ML,LD RED,SANA 3.6% PET FRISS 330G} => {_BANANE}",0.000193134513731864,0.607476635514019,0.000317929122604761,6.61687112797429,65
"{_BANANE,BERE TILTOTT IGAZI SOR 6% 500ML,LD RED} => {SANA 3.6% PET FRISS 330G}",0.000193134513731864,0.580357142857143,0.000332785623661058,55.6311414127029,65
"{_BANANE,LD RED,SANA 3.6% PET FRISS 330G} => {BERE TILTOTT IGAZI SOR 6% 500ML}",0.000193134513731864,0.878378378378378,0.000219876215633199,194.359551859552,65
"{_BANANE,BERE TILTOTT IGAZI SOR 6% 500ML,SANA 3.6% PET FRISS 330G} => {LD RED}",0.000193134513731864,0.89041095890411,0.00021690491542194,203.028780116568,65
"{LD RED,PALL MALL S-LINE FLOW VIOLET/ROSE,SANA 3.6% PET FRISS 330G} => {_BANANE}",0.000148565010562972,0.588235294117647,0.000252560517957053,6.40728697459954,50
"{_BANANE,LD RED,PALL MALL S-LINE FLOW VIOLET/ROSE} => {SANA 3.6% PET FRISS 330G}",0.000148565010562972,0.649350649350649,0.000228790116266977,62.2446337484788,50
"{_BANANE,LD RED,SANA 3.6% PET FRISS 330G} => {PALL MALL S-LINE FLOW VIOLET/ROSE}",0.000148565010562972,0.675675675675676,0.000219876215633199,63.6976682564918,50
"{_BANANE,PALL MALL S-LINE FLOW VIOLET/ROSE,SANA 3.6% PET FRISS 330G} => {LD RED}",0.000148565010562972,0.806451612903226,0.000184220613098086,183.884627152723,50
"{CORN RIP-ROP 100G,PAINE CU MULTISEMINTE DOBOI 500G,WINCHESTER SOFT} => {LAPTE DE CONSUM 1.5% GRASIME FRISS CUTIE 1L}",0.000115880708239118,0.609375,0.000190163213520604,21.3765879065041,39
"{LAPTE DE CONSUM 1.5% GRASIME FRISS CUTIE 1L,PAINE CU MULTISEMINTE DOBOI 500G,WINCHESTER SOFT} => {CORN RIP-ROP 100G}",0.000115880708239118,0.661016949152542,0.000175306712464307,40.5814004538737,39
"{CORN RIP-ROP 100G,LAPTE DE CONSUM 1.5% GRASIME FRISS CUTIE 1L,WINCHESTER SOFT} => {PAINE CU MULTISEMINTE DOBOI 500G}",0.000115880708239118,0.52,0.000222847515844458,129.252259970458,39
"{CORN RIP-ROP 100G,LAPTE DE CONSUM 1.5% GRASIME FRISS CUTIE 1L,PAINE CU MULTISEMINTE DOBOI 500G} => {WINCHESTER SOFT}",0.000115880708239118,0.609375,0.000190163213520604,158.982158430233,39
"{CORN CU LAPTE RIP-ROP 100G,CORN CU SUSAN RIP-ROP 150G,WINCHESTER SOFT} => {CORN RIP-ROP 100G}",0.00010696680760534,0.837209302325581,0.000127765909084156,51.3982674800404,36
"{CORN CU SUSAN RIP-ROP 150G,CORN RIP-ROP 100G,WINCHESTER SOFT} => {CORN CU LAPTE RIP-ROP 100G}",0.00010696680760534,0.692307692307692,0.000154507610985491,101.923985463356,36
"{CORN CU LAPTE RIP-ROP 100G,CORN RIP-ROP 100G,WINCHESTER SOFT} => {CORN CU SUSAN RIP-ROP 150G}",0.00010696680760534,0.631578947368421,0.000169364112041788,108.283132691637,36
"{CORN CU LAPTE RIP-ROP 100G,CORN CU SUSAN RIP-ROP 150G,CORN RIP-ROP 100G} => {WINCHESTER SOFT}",0.00010696680760534,0.444444444444444,0.000240675317112015,115.952799310939,36
"{CORN CU SUSAN RIP-ROP 150G,CORN RIP-ROP 100G,WINCHESTER SOFT} => {LAPTE DE CONSUM 1.5% GRASIME FRISS CUTIE 1L}",0.00010696680760534,0.692307692307692,0.000154507610985491,24.285827680762,36
"{CORN CU SUSAN RIP-ROP 150G,LAPTE DE CONSUM 1.5% GRASIME FRISS CUTIE 1L,WINCHESTER SOFT} => {CORN RIP-ROP 100G}",0.00010696680760534,0.782608695652174,0.000136679809717934,48.0462065574291,36
"{CORN RIP-ROP 100G,LAPTE DE CONSUM 1.5% GRASIME FRISS CUTIE 1L,WINCHESTER SOFT} => {CORN CU SUSAN RIP-ROP 150G}",0.00010696680760534,0.48,0.000222847515844458,82.2951808456444,36
"{CORN CU SUSAN RIP-ROP 150G,CORN RIP-ROP 100G,LAPTE DE CONSUM 1.5% GRASIME FRISS CUTIE 1L} => {WINCHESTER SOFT}",0.00010696680760534,0.486486486486487,0.000219876215633199,126.921307353866,36
"{CORN CU LAPTE RIP-ROP 100G,CORN RIP-ROP 100G,WINCHESTER SOFT} => {LAPTE DE CONSUM 1.5% GRASIME FRISS CUTIE 1L}",0.000101024207182821,0.596491228070175,0.000169364112041788,20.9246312571088,34
"{CORN CU LAPTE RIP-ROP 100G,LAPTE DE CONSUM 1.5% GRASIME FRISS CUTIE 1L,WINCHESTER SOFT} => {CORN RIP-ROP 100G}",0.000101024207182821,0.790697674418605,0.000127765909084156,48.5428081755937,34
"{CORN RIP-ROP 100G,LAPTE DE CONSUM 1.5% GRASIME FRISS CUTIE 1L,WINCHESTER SOFT} => {CORN CU LAPTE RIP-ROP 100G}",0.000101024207182821,0.453333333333333,0.000222847515844458,66.741335666375,34
"{CORN CU LAPTE RIP-ROP 100G,CORN RIP-ROP 100G,LAPTE DE CONSUM 1.5% GRASIME FRISS CUTIE 1L} => {WINCHESTER SOFT}",0.000101024207182821,0.441558441558442,0.000228790116266977,115.199859055673,34
"{BERE TILTOTT IGAZI SOR 6% 500ML,PALL MALL S-LINE FLOW VIOLET/ROSE,SANA 3.6% PET FRISS 330G} => {_BANANE}",0.000157478911196751,0.56989247311828,0.000276330919647128,6.20748985388622,53
"{_BANANE,BERE TILTOTT IGAZI SOR 6% 500ML,PALL MALL S-LINE FLOW VIOLET/ROSE} => {SANA 3.6% PET FRISS 330G}",0.000157478911196751,0.6625,0.000237704016900756,63.5050875818855,53
"{_BANANE,BERE TILTOTT IGAZI SOR 6% 500ML,SANA 3.6% PET FRISS 330G} => {PALL MALL S-LINE FLOW VIOLET/ROSE}",0.000157478911196751,0.726027397260274,0.000216904915421939,68.4444533977975,53
"{_BANANE,PALL MALL S-LINE FLOW VIOLET/ROSE,SANA 3.6% PET FRISS 330G} => {BERE TILTOTT IGAZI SOR 6% 500ML}",0.000157478911196751,0.854838709677419,0.000184220613098086,189.150908782422,53
"{_PATRUNJEL RADACINA KG,_TELINA,PULPE DE PUI SUPERIOARE REFR.VRAC SZEKELY CSURKE} => {_MORCOVI}",0.000136679809717934,0.851851851851852,0.00016045021140801,20.3112501803965,46
"{_MORCOVI,_TELINA,PULPE DE PUI SUPERIOARE REFR.VRAC SZEKELY CSURKE} => {_PATRUNJEL RADACINA KG}",0.000136679809717934,0.657142857142857,0.000207991014788161,28.7262501623587,46
"{_MORCOVI,_PATRUNJEL RADACINA KG,PULPE DE PUI SUPERIOARE REFR.VRAC SZEKELY CSURKE} => {_TELINA}",0.000136679809717934,0.582278481012658,0.000234732716689496,27.8047062457794,46
"{_PATRUNJEL RADACINA KG,_TELINA,CONSERVA MAZARE VERDE GREEN PEAS 400G} => {_MORCOVI}",0.000166392811830529,0.848484848484849,0.000196105813943123,20.2309685591301,56
"{_MORCOVI,_TELINA,CONSERVA MAZARE VERDE GREEN PEAS 400G} => {_PATRUNJEL RADACINA KG}",0.000166392811830529,0.933333333333333,0.000178278012675567,40.7996016798718,56
"{_MORCOVI,_PATRUNJEL RADACINA KG,CONSERVA MAZARE VERDE GREEN PEAS 400G} => {_TELINA}",0.000166392811830529,0.565656565656566,0.000294158720914685,27.0109838452631,56
"{CORN CU LAPTE RIP-ROP 100G,CORN CU SUSAN RIP-ROP 150G,PAINE CU MULTISEMINTE DOBOI 500G} => {CORN RIP-ROP 100G}",0.000121823308661637,0.854166666666667,0.000142622410140453,52.4393203514532,41
"{CORN CU SUSAN RIP-ROP 150G,CORN RIP-ROP 100G,PAINE CU MULTISEMINTE DOBOI 500G} => {CORN CU LAPTE RIP-ROP 100G}",0.000121823308661637,0.672131147540984,0.000181249312886826,98.9535232276293,41
"{CORN CU LAPTE RIP-ROP 100G,CORN RIP-ROP 100G,PAINE CU MULTISEMINTE DOBOI 500G} => {CORN CU SUSAN RIP-ROP 150G}",0.000121823308661637,0.661290322580645,0.000184220613098086,113.377097267185,41
"{CORN CU LAPTE RIP-ROP 100G,CORN CU SUSAN RIP-ROP 150G,CORN RIP-ROP 100G} => {PAINE CU MULTISEMINTE DOBOI 500G}",0.000121823308661637,0.506172839506173,0.000240675317112015,125.815352772763,41
"{CORN CU SUSAN RIP-ROP 150G,CORN RIP-ROP 100G,PAINE CU MULTISEMINTE DOBOI 500G} => {LAPTE DE CONSUM 1.5% GRASIME FRISS CUTIE 1L}",0.000103995507394081,0.573770491803279,0.000181249312886826,20.1275985332363,35
"{CORN CU SUSAN RIP-ROP 150G,LAPTE DE CONSUM 1.5% GRASIME FRISS CUTIE 1L,PAINE CU MULTISEMINTE DOBOI 500G} => {CORN RIP-ROP 100G}",0.000103995507394081,0.853658536585366,0.000121823308661637,52.4081250389301,35
"{CORN RIP-ROP 100G,LAPTE DE CONSUM 1.5% GRASIME FRISS CUTIE 1L,PAINE CU MULTISEMINTE DOBOI 500G} => {CORN CU SUSAN RIP-ROP 150G}",0.000103995507394081,0.546875,0.000190163213520604,93.7607854686704,35
"{CORN CU SUSAN RIP-ROP 150G,CORN RIP-ROP 100G,LAPTE DE CONSUM 1.5% GRASIME FRISS CUTIE 1L} => {PAINE CU MULTISEMINTE DOBOI 500G}",0.000103995507394081,0.472972972972973,0.000219876215633199,117.563126272506,35
"{_PATRUNJEL RADACINA KG,_TELINA,L&M RED LABEL BOX} => {_MORCOVI}",0.000103995507394081,0.897435897435897,0.000115880708239118,21.3981398221568,35
"{_MORCOVI,_TELINA,L&M RED LABEL BOX} => {_PATRUNJEL RADACINA KG}",0.000103995507394081,0.921052631578947,0.000112909408027859,40.262764815663,35
"{_MORCOVI,_PATRUNJEL RADACINA KG,L&M RED LABEL BOX} => {_TELINA}",0.000103995507394081,0.729166666666667,0.000142622410140453,34.8188463630344,35
"{_PATRUNJEL RADACINA KG,_TELINA,_VARZA NOUA} => {_MORCOVI}",0.000139651109929194,0.959183673469388,0.000145593710351713,22.8704316583169,47
"{_MORCOVI,_TELINA,_VARZA NOUA} => {_PATRUNJEL RADACINA KG}",0.000139651109929194,0.701492537313433,0.000199077114154383,30.66494582549,47
"{_MORCOVI,_PATRUNJEL RADACINA KG,_VARZA NOUA} => {_TELINA}",0.000139651109929194,0.618421052631579,0.000225818816055718,29.5305704492503,47
"{_ARDEI CAPIA GALBEN,_GULII,_TELINA} => {_MORCOVI}",0.000103995507394081,0.875,0.000118852008450378,20.8631863266029,35
"{_ARDEI CAPIA GALBEN,_GULII,_MORCOVI} => {_TELINA}",0.000103995507394081,0.760869565217391,0.000136679809717934,36.3327092483838,35
"{_ARDEI CAPIA GALBEN,_MORCOVI,_TELINA} => {_GULII}",0.000103995507394081,0.416666666666667,0.000249589217745793,45.3673298824544,35
"{_ARDEI CAPIA GALBEN,_GULII,_PATRUNJEL RADACINA KG} => {_MORCOVI}",0.000112909408027859,0.904761904761905,0.000124794608872897,21.5728185145826,38
"{_ARDEI CAPIA GALBEN,_GULII,_MORCOVI} => {_PATRUNJEL RADACINA KG}",0.000112909408027859,0.826086956521739,0.000136679809717934,36.111448691812,38
"{_ARDEI CAPIA GALBEN,_MORCOVI,_PATRUNJEL RADACINA KG} => {_GULII}",0.000112909408027859,0.365384615384615,0.000309015221970982,39.7836585123062,38
"{_ARDEI CAPIA GALBEN,_PATRUNJEL RADACINA KG,_TELINA} => {_MORCOVI}",0.000181249312886826,0.813333333333333,0.000222847515844458,19.392828433109,61
"{_ARDEI CAPIA GALBEN,_MORCOVI,_TELINA} => {_PATRUNJEL RADACINA KG}",0.000181249312886826,0.726190476190476,0.000249589217745793,31.744588041737,61
"{_ARDEI CAPIA GALBEN,_MORCOVI,_PATRUNJEL RADACINA KG} => {_TELINA}",0.000181249312886826,0.586538461538462,0.000309015221970982,28.0081269645508,61
"{_PATRUNJEL RADACINA KG,_TELINA,PULPE DE PUI INFERIOARE REFR.VRAC SZEKELY CSURKE} => {_MORCOVI}",0.000103995507394081,0.795454545454545,0.000130737209295416,18.9665330241845,35
"{_MORCOVI,_TELINA,PULPE DE PUI INFERIOARE REFR.VRAC SZEKELY CSURKE} => {_PATRUNJEL RADACINA KG}",0.000103995507394081,0.614035087719298,0.000169364112041788,26.841843210442,35
"{_MORCOVI,_PATRUNJEL RADACINA KG,PULPE DE PUI INFERIOARE REFR.VRAC SZEKELY CSURKE} => {_TELINA}",0.000103995507394081,0.546875,0.000190163213520604,26.1141347722758,35
"{_PATRUNJEL RADACINA KG,_TELINA,AMESTEC DE LEGUME HAJDU CONG.AGROSPRINT 400G} => {_MORCOVI}",0.000148565010562972,0.892857142857143,0.000166392811830529,21.2889656393907,50
"{_MORCOVI,_TELINA,AMESTEC DE LEGUME HAJDU CONG.AGROSPRINT 400G} => {_PATRUNJEL RADACINA KG}",0.000148565010562972,0.757575757575758,0.000196105813943123,33.1165598050908,50
"{_MORCOVI,_PATRUNJEL RADACINA KG,AMESTEC DE LEGUME HAJDU CONG.AGROSPRINT 400G} => {_TELINA}",0.000148565010562972,0.568181818181818,0.000261474418590831,27.1315685945723,50
"{FRANZELA ALBA COUNTRY 1KG,KINDER BUENO 43G,SZEKELYHON} => {APA MINERALA NATURALA CARBOGAZIFICATA CONTINUT REDUS CO2 TUSNAD 2L}",0.000118852008450378,0.392156862745098,0.000303072621548463,7.32457786932965,40
"{APA MINERALA NATURALA CARBOGAZIFICATA CONTINUT REDUS CO2 TUSNAD 2L,KINDER BUENO 43G,SZEKELYHON} => {FRANZELA ALBA COUNTRY 1KG}",0.000118852008450378,0.930232558139535,0.000127765909084156,41.9162616333559,40
"{APA MINERALA NATURALA CARBOGAZIFICATA CONTINUT REDUS CO2 TUSNAD 2L,FRANZELA ALBA COUNTRY 1KG,KINDER BUENO 43G} => {SZEKELYHON}",0.000118852008450378,0.784313725490196,0.000151536310774232,50.0309206320891,40
"{APA MINERALA NATURALA CARBOGAZIFICATA CONTINUT REDUS CO2 TUSNAD 2L,FRANZELA ALBA COUNTRY 1KG,SZEKELYHON} => {KINDER BUENO 43G}",0.000118852008450378,0.268456375838926,0.000442723731477657,60.8826136507534,40
"{_CONOPIDA,_GULII,_TELINA} => {_MORCOVI}",0.000115880708239118,0.722222222222222,0.00016045021140801,17.2204077616405,39
"{_CONOPIDA,_GULII,_MORCOVI} => {_TELINA}",0.000115880708239118,0.65,0.000178278012675567,31.0385144721907,39
"{_CONOPIDA,_MORCOVI,_TELINA} => {_GULII}",0.000115880708239118,0.367924528301887,0.000314957822393501,40.0602082735635,39
"{_CONOPIDA,_GULII,_PATRUNJEL RADACINA KG} => {_MORCOVI}",0.000109938107816599,0.74,0.000148565010562972,17.644294721927,37
"{_CONOPIDA,_GULII,_MORCOVI} => {_PATRUNJEL RADACINA KG}",0.000109938107816599,0.616666666666667,0.000178278012675567,26.9568796813439,37
"{_CONOPIDA,_MORCOVI,_PATRUNJEL RADACINA KG} => {_GULII}",0.000109938107816599,0.286821705426357,0.000383297727252468,31.2296038260617,37
"{_CONOPIDA,_PATRUNJEL RADACINA KG,_TELINA} => {_MORCOVI}",0.000207991014788161,0.813953488372093,0.000255531818168312,19.4076151875376,70
"{_CONOPIDA,_MORCOVI,_TELINA} => {_PATRUNJEL RADACINA KG}",0.000207991014788161,0.660377358490566,0.000314957822393501,28.8676426980225,70
"{_CONOPIDA,_MORCOVI,_PATRUNJEL RADACINA KG} => {_TELINA}",0.000207991014788161,0.542635658914729,0.000383297727252468,25.9116996190024,70
"{CORN CU LAPTE RIP-ROP 100G,CORN CU SUSAN RIP-ROP 150G,CORN RIP-ROP 100G} => {LAPTE DE CONSUM 1.5% GRASIME FRISS CUTIE 1L}",0.000127765909084156,0.530864197530864,0.000240675317112015,18.6224659445075,43
"{CORN CU LAPTE RIP-ROP 100G,CORN CU SUSAN RIP-ROP 150G,LAPTE DE CONSUM 1.5% GRASIME FRISS CUTIE 1L} => {CORN RIP-ROP 100G}",0.000127765909084156,0.811320754716981,0.000157478911196751,49.8089080558672,43
"{CORN CU SUSAN RIP-ROP 150G,CORN RIP-ROP 100G,LAPTE DE CONSUM 1.5% GRASIME FRISS CUTIE 1L} => {CORN CU LAPTE RIP-ROP 100G}",0.000127765909084156,0.581081081081081,0.000219876215633199,85.5488106216453,43
"{CORN CU LAPTE RIP-ROP 100G,CORN RIP-ROP 100G,LAPTE DE CONSUM 1.5% GRASIME FRISS CUTIE 1L} => {CORN CU SUSAN RIP-ROP 150G}",0.000127765909084156,0.558441558441558,0.000228790116266977,95.7438521743157,43
"{APA MINERALA NATURALA CARBOGAZIFICATA TUSNAD 2L,CORN CU SUSAN RIP-ROP 150G,FRANZELA ALBA BACHUS 1KG} => {APA MINERALA NATURALA CARBOGAZIFICATA CONTINUT REDUS CO2 TUSNAD 2L}",0.000169364112041788,0.41304347826087,0.000410039429153803,7.7146912558483,57
"{APA MINERALA NATURALA CARBOGAZIFICATA CONTINUT REDUS CO2 TUSNAD 2L,APA MINERALA NATURALA CARBOGAZIFICATA TUSNAD 2L,CORN CU SUSAN RIP-ROP 150G} => {FRANZELA ALBA BACHUS 1KG}",0.000169364112041788,0.95,0.000178278012675567,39.65831679484,57
"{APA MINERALA NATURALA CARBOGAZIFICATA CONTINUT REDUS CO2 TUSNAD 2L,CORN CU SUSAN RIP-ROP 150G,FRANZELA ALBA BACHUS 1KG} => {APA MINERALA NATURALA CARBOGAZIFICATA TUSNAD 2L}",0.000169364112041788,0.678571428571429,0.000249589217745793,70.8799658597145,57
"{APA MINERALA NATURALA CARBOGAZIFICATA CONTINUT REDUS CO2 TUSNAD 2L,APA MINERALA NATURALA CARBOGAZIFICATA TUSNAD 2L,FRANZELA ALBA BACHUS 1KG} => {CORN CU SUSAN RIP-ROP 150G}",0.000169364112041788,0.467213114754098,0.000362498625773652,80.1028911919695,57
"{_CARTOFI NOI,_PATRUNJEL RADACINA KG,_TELINA} => {_MORCOVI}",0.000157478911196751,0.898305084745763,0.000175306712464307,21.4188644127836,53
"{_CARTOFI NOI,_MORCOVI,_TELINA} => {_PATRUNJEL RADACINA KG}",0.000157478911196751,0.670886075949367,0.000234732716689496,29.3270192906855,53
"{_CARTOFI NOI,_MORCOVI,_PATRUNJEL RADACINA KG} => {_TELINA}",0.000157478911196751,0.495327102803738,0.000317929122604761,23.6526422289879,53
"{_PATRUNJEL RADACINA KG,_TELINA,SARE IODATA DE MASA VERITABIL 1KG} => {_MORCOVI}",0.000157478911196751,0.913793103448276,0.000172335412253048,21.7881551785213,53
"{_MORCOVI,_TELINA,SARE IODATA DE MASA VERITABIL 1KG} => {_PATRUNJEL RADACINA KG}",0.000157478911196751,0.803030303030303,0.000196105813943123,35.1035533933962,53
"{_MORCOVI,_PATRUNJEL RADACINA KG,SARE IODATA DE MASA VERITABIL 1KG} => {_TELINA}",0.000157478911196751,0.576086956521739,0.000273359619435869,27.509051288062,53
"{_PATRUNJEL RADACINA KG,_TELINA,PESMET 350G COUNTRY} => {_MORCOVI}",0.000127765909084156,0.826923076923077,0.000154507610985491,19.7168574075588,43
"{_MORCOVI,_TELINA,PESMET 350G COUNTRY} => {_PATRUNJEL RADACINA KG}",0.000127765909084156,0.781818181818182,0.000163421511619269,34.1762897188537,43
"{_MORCOVI,_PATRUNJEL RADACINA KG,PESMET 350G COUNTRY} => {_TELINA}",0.000127765909084156,0.518072289156627,0.000246617917534534,24.7387603763522,43
"{_PATRUNJEL RADACINA KG,_TELINA,CEAFA DE PORC FARA OS} => {_MORCOVI}",0.000163421511619269,0.901639344262295,0.000181249312886826,21.4983653014175,55
"{_MORCOVI,_TELINA,CEAFA DE PORC FARA OS} => {_PATRUNJEL RADACINA KG}",0.000163421511619269,0.753424657534247,0.00021690491542194,32.935099203419,55
"{_MORCOVI,_PATRUNJEL RADACINA KG,CEAFA DE PORC FARA OS} => {_TELINA}",0.000163421511619269,0.679012345679012,0.000240675317112015,32.4238992586987,55
"{_CEAPA ROSIE,_PATRUNJEL RADACINA KG,_TELINA} => {_MORCOVI}",0.000178278012675567,0.845070422535211,0.000210962314999421,20.1495562108036,60
"{_CEAPA ROSIE,_MORCOVI,_TELINA} => {_PATRUNJEL RADACINA KG}",0.000178278012675567,0.810810810810811,0.000219876215633199,35.4436694130161,60
"{_CEAPA ROSIE,_MORCOVI,_PATRUNJEL RADACINA KG} => {_TELINA}",0.000178278012675567,0.545454545454545,0.000326843023238539,26.0463058507894,60
"{_PATRUNJEL RADACINA KG,_TELINA,SPATE PORC FARA OS} => {_MORCOVI}",0.000243646617323274,0.881720430107527,0.000276330919647128,21.0234258529209,82
"{_MORCOVI,_TELINA,SPATE PORC FARA OS} => {_PATRUNJEL RADACINA KG}",0.000243646617323274,0.752293577981651,0.000323871723027279,32.8856553514039,82
"{_MORCOVI,_PATRUNJEL RADACINA KG,SPATE PORC FARA OS} => {_TELINA}",0.000243646617323274,0.589928057553957,0.000413010729365063,28.1699854645228,82
"{_GULII,_PATRUNJEL RADACINA KG,GOBE 10 OUA PROASPETE L} => {_MORCOVI}",0.000103995507394081,0.853658536585366,0.000121823308661637,20.354328123515,35
"{_GULII,_MORCOVI,GOBE 10 OUA PROASPETE L} => {_PATRUNJEL RADACINA KG}",0.000103995507394081,0.813953488372093,0.000127765909084156,35.5810479766324,35
"{_MORCOVI,_PATRUNJEL RADACINA KG,GOBE 10 OUA PROASPETE L} => {_GULII}",0.000103995507394081,0.393258426966292,0.000264445718802091,42.8186034845637,35
"{_PATRUNJEL RADACINA KG,_TELINA,GOBE 10 OUA PROASPETE L} => {_MORCOVI}",0.000163421511619269,0.901639344262295,0.000181249312886826,21.4983653014175,55
"{_MORCOVI,_TELINA,GOBE 10 OUA PROASPETE L} => {_PATRUNJEL RADACINA KG}",0.000163421511619269,0.774647887323944,0.000210962314999421,33.8628484767548,55
"{_MORCOVI,_PATRUNJEL RADACINA KG,GOBE 10 OUA PROASPETE L} => {_TELINA}",0.000163421511619269,0.617977528089888,0.000264445718802091,29.509391460164,55
"{_PATRUNJEL RADACINA KG,_TELINA,GOBE 6  L OUA PROASPETE} => {_MORCOVI}",0.00010696680760534,0.878048780487805,0.000121823308661637,20.9358803556155,36
"{_MORCOVI,_TELINA,GOBE 6  L OUA PROASPETE} => {_PATRUNJEL RADACINA KG}",0.00010696680760534,0.765957446808511,0.000139651109929194,33.4829557859131,36
"{_MORCOVI,_PATRUNJEL RADACINA KG,GOBE 6  L OUA PROASPETE} => {_TELINA}",0.00010696680760534,0.537313432835821,0.000199077114154383,25.6575550171955,36
"{_PATRUNJEL RADACINA KG,_TELINA,PALL MALL S-LINE FLOW VIOLET/ROSE} => {_MORCOVI}",0.000142622410140453,0.872727272727273,0.000163421511619269,20.8089962322481,48
"{_MORCOVI,_TELINA,PALL MALL S-LINE FLOW VIOLET/ROSE} => {_PATRUNJEL RADACINA KG}",0.000142622410140453,0.8,0.000178278012675567,34.9710871541759,48
"{_MORCOVI,_PATRUNJEL RADACINA KG,PALL MALL S-LINE FLOW VIOLET/ROSE} => {_TELINA}",0.000142622410140453,0.585365853658537,0.000243646617323275,27.9521331081642,48
"{_CIUPERCI,_PATRUNJEL RADACINA KG,_TELINA} => {_MORCOVI}",0.000184220613098086,0.815789473684211,0.000225818816055718,19.4513917631486,62
"{_CIUPERCI,_MORCOVI,_TELINA} => {_PATRUNJEL RADACINA KG}",0.000184220613098086,0.738095238095238,0.000249589217745793,32.2649911243885,62
"{_CIUPERCI,_MORCOVI,_PATRUNJEL RADACINA KG} => {_TELINA}",0.000184220613098086,0.492063492063492,0.00037438382661869,23.4967997225375,62
"{_PATRUNJEL RADACINA KG,_STRUGURI NEGRI,_TELINA} => {_MORCOVI}",0.000133708509506675,0.833333333333333,0.00016045021140801,19.8697012634313,45
"{_MORCOVI,_STRUGURI NEGRI,_TELINA} => {_PATRUNJEL RADACINA KG}",0.000133708509506675,0.714285714285714,0.000187191913309345,31.2241849590856,45
"{_MORCOVI,_PATRUNJEL RADACINA KG,_STRUGURI NEGRI} => {_TELINA}",0.000133708509506675,0.548780487804878,0.000243646617323275,26.205124788904,45
"{_PATRUNJEL RADACINA KG,_TELINA,SMANTANA 20% GRASIME FRISS 170G} => {_MORCOVI}",0.000175306712464307,0.921875,0.000190163213520604,21.9808570226709,59
"{_MORCOVI,_TELINA,SMANTANA 20% GRASIME FRISS 170G} => {_PATRUNJEL RADACINA KG}",0.000175306712464307,0.710843373493976,0.000246617917534534,31.0737069592828,59
"{_MORCOVI,_PATRUNJEL RADACINA KG,SMANTANA 20% GRASIME FRISS 170G} => {_TELINA}",0.000175306712464307,0.584158415841584,0.000300101321337204,27.8944760679246,59
"{_ARDEI IUTE,_GULII,_TELINA} => {_MORCOVI}",0.000118852008450378,0.869565217391304,0.000136679809717934,20.7336013183631,40
"{_ARDEI IUTE,_GULII,_MORCOVI} => {_TELINA}",0.000118852008450378,0.666666666666667,0.000178278012675567,31.8343738176315,40
"{_ARDEI IUTE,_MORCOVI,_TELINA} => {_GULII}",0.000118852008450378,0.333333333333333,0.000356556025351133,36.2938639059635,40
"{_ARDEI IUTE,_GULII,_PATRUNJEL RADACINA KG} => {_MORCOVI}",0.000124794608872897,0.893617021276596,0.000139651109929194,21.30708390802,42
"{_ARDEI IUTE,_GULII,_MORCOVI} => {_PATRUNJEL RADACINA KG}",0.000124794608872897,0.7,0.000178278012675567,30.5997012599039,42
"{_ARDEI IUTE,_MORCOVI,_PATRUNJEL RADACINA KG} => {_GULII}",0.000124794608872897,0.297872340425532,0.000418953329787582,32.4328145542653,42
"{_ARDEI IUTE,_PATRUNJEL RADACINA KG,_TELINA} => {_MORCOVI}",0.000246617917534534,0.922222222222222,0.00026741701901335,21.989136064864,83
"{_ARDEI IUTE,_MORCOVI,_TELINA} => {_PATRUNJEL RADACINA KG}",0.000246617917534534,0.691666666666667,0.000356556025351133,30.2354191020479,83
"{_ARDEI IUTE,_MORCOVI,_PATRUNJEL RADACINA KG} => {_TELINA}",0.000246617917534534,0.588652482269504,0.000418953329787582,28.1090747538661,83
"{_PATRUNJEL RADACINA KG,_TELINA,GRASIME VEGETALA TARTINABILA CU 70% GRASIME RAMA 250G} => {_MORCOVI}",0.000133708509506675,0.865384615384615,0.000154507610985491,20.6339205427941,45
"{_MORCOVI,_TELINA,GRASIME VEGETALA TARTINABILA CU 70% GRASIME RAMA 250G} => {_PATRUNJEL RADACINA KG}",0.000133708509506675,0.625,0.00021393361521068,27.3211618391999,45
"{_MORCOVI,_PATRUNJEL RADACINA KG,GRASIME VEGETALA TARTINABILA CU 70% GRASIME RAMA 250G} => {_TELINA}",0.000133708509506675,0.463917525773196,0.000288216120492166,22.1527859040219,45
"{_PATRUNJEL RADACINA KG,_TELINA,FAINA BANEASA TIP 000 1KG} => {_MORCOVI}",0.000130737209295416,0.862745098039216,0.000151536310774232,20.5709848374348,44
"{_MORCOVI,_TELINA,FAINA BANEASA TIP 000 1KG} => {_PATRUNJEL RADACINA KG}",0.000130737209295416,0.6875,0.000190163213520604,30.0532780231199,44
"{_MORCOVI,_PATRUNJEL RADACINA KG,FAINA BANEASA TIP 000 1KG} => {_TELINA}",0.000130737209295416,0.594594594594595,0.000219876215633199,28.3928198914011,44
"{_PATRUNJEL RADACINA KG,_TELINA,KAIZER PROMO} => {_MORCOVI}",0.000109938107816599,0.755102040816326,0.000145593710351713,18.0043823693133,37
"{_MORCOVI,_TELINA,KAIZER PROMO} => {_PATRUNJEL RADACINA KG}",0.000109938107816599,0.69811320754717,0.000157478911196751,30.5172222807667,37
"{_MORCOVI,_PATRUNJEL RADACINA KG,KAIZER PROMO} => {_TELINA}",0.000109938107816599,0.552238805970149,0.000199077114154383,26.3702648787843,37
"{_LAMAIE^2 A nu se consuma coaja,PALL MALL BLUE,SZEKELYHON} => {PAINE DE CASA PE FOI DE VARZA RIP-ROP 1KG}",0.000219876215633199,0.813186813186813,0.00027038831922461,13.9383988560459,74
"{PAINE DE CASA PE FOI DE VARZA RIP-ROP 1KG,PALL MALL BLUE,SZEKELYHON} => {_LAMAIE^2 A nu se consuma coaja}",0.000219876215633199,0.435294117647059,0.000505121035914106,16.3012730807244,74
"{_LAMAIE^2 A nu se consuma coaja,PAINE DE CASA PE FOI DE VARZA RIP-ROP 1KG,PALL MALL BLUE} => {SZEKELYHON}",0.000219876215633199,0.60655737704918,0.000362498625773652,38.6919455871935,74
"{_LAMAIE^2 A nu se consuma coaja,PAINE DE CASA PE FOI DE VARZA RIP-ROP 1KG,SZEKELYHON} => {PALL MALL BLUE}",0.000219876215633199,0.621848739495798,0.000353584725139874,51.8417287152661,74
"{LAPTE DE CONSUM 1.5% GRASIME FRISS CUTIE 1L,PALL MALL BLUE,SZEKELYHON} => {PAINE DE CASA PE FOI DE VARZA RIP-ROP 1KG}",0.000193134513731864,0.833333333333333,0.000231761416478237,14.2837195484254,65
"{PAINE DE CASA PE FOI DE VARZA RIP-ROP 1KG,PALL MALL BLUE,SZEKELYHON} => {LAPTE DE CONSUM 1.5% GRASIME FRISS CUTIE 1L}",0.000193134513731864,0.382352941176471,0.000505121035914106,13.4127610393751,65
"{LAPTE DE CONSUM 1.5% GRASIME FRISS CUTIE 1L,PAINE DE CASA PE FOI DE VARZA RIP-ROP 1KG,PALL MALL BLUE} => {SZEKELYHON}",0.000193134513731864,0.613207547169811,0.000314957822393501,39.1161561073998,65
"{LAPTE DE CONSUM 1.5% GRASIME FRISS CUTIE 1L,PAINE DE CASA PE FOI DE VARZA RIP-ROP 1KG,SZEKELYHON} => {PALL MALL BLUE}",0.000193134513731864,0.738636363636364,0.000261474418590831,61.5779747562321,65
"{_LAMAIE^2 A nu se consuma coaja,LAPTE DE CONSUM 1.5% GRASIME FRISS CUTIE 1L,PALL MALL BLUE} => {PAINE DE CASA PE FOI DE VARZA RIP-ROP 1KG}",0.000145593710351713,0.830508474576271,0.000175306712464307,14.2353001601257,49
"{_LAMAIE^2 A nu se consuma coaja,PAINE DE CASA PE FOI DE VARZA RIP-ROP 1KG,PALL MALL BLUE} => {LAPTE DE CONSUM 1.5% GRASIME FRISS CUTIE 1L}",0.000145593710351713,0.401639344262295,0.000362498625773652,14.0893189732654,49
"{LAPTE DE CONSUM 1.5% GRASIME FRISS CUTIE 1L,PAINE DE CASA PE FOI DE VARZA RIP-ROP 1KG,PALL MALL BLUE} => {_LAMAIE^2 A nu se consuma coaja}",0.000145593710351713,0.462264150943396,0.000314957822393501,17.31127036747,49
"{_LAMAIE^2 A nu se consuma coaja,LAPTE DE CONSUM 1.5% GRASIME FRISS CUTIE 1L,PAINE DE CASA PE FOI DE VARZA RIP-ROP 1KG} => {PALL MALL BLUE}",0.000145593710351713,0.526881720430108,0.000276330919647128,43.9246033331469,49
"{_GULII,_TELINA,PULPE PUI CU SPATE REFR.VRAC SZEKELY CSURKE} => {_PATRUNJEL RADACINA KG}",0.000130737209295416,0.758620689655172,0.000172335412253048,33.162237818615,44
"{_GULII,_PATRUNJEL RADACINA KG,PULPE PUI CU SPATE REFR.VRAC SZEKELY CSURKE} => {_TELINA}",0.000130737209295416,0.758620689655172,0.000172335412253048,36.2253219304082,44
"{_PATRUNJEL RADACINA KG,_TELINA,PULPE PUI CU SPATE REFR.VRAC SZEKELY CSURKE} => {_GULII}",0.000130737209295416,0.266666666666667,0.000490264534857808,29.0350911247708,44
"{_GULII,_TELINA,PULPE PUI CU SPATE REFR.VRAC SZEKELY CSURKE} => {_MORCOVI}",0.000142622410140453,0.827586206896552,0.000172335412253048,19.7326688409249,48
"{_GULII,_MORCOVI,PULPE PUI CU SPATE REFR.VRAC SZEKELY CSURKE} => {_TELINA}",0.000142622410140453,0.727272727272727,0.000196105813943123,34.7284078010525,48
"{_MORCOVI,_TELINA,PULPE PUI CU SPATE REFR.VRAC SZEKELY CSURKE} => {_GULII}",0.000142622410140453,0.248704663212435,0.000573460940773073,27.0793595982319,48
"{_GULII,_PATRUNJEL RADACINA KG,PULPE PUI CU SPATE REFR.VRAC SZEKELY CSURKE} => {_MORCOVI}",0.000145593710351713,0.844827586206897,0.000172335412253048,20.1437661084442,49
"{_GULII,_MORCOVI,PULPE PUI CU SPATE REFR.VRAC SZEKELY CSURKE} => {_PATRUNJEL RADACINA KG}",0.000145593710351713,0.742424242424242,0.000196105813943123,32.454228608989,49
"{_MORCOVI,_PATRUNJEL RADACINA KG,PULPE PUI CU SPATE REFR.VRAC SZEKELY CSURKE} => {_GULII}",0.000145593710351713,0.226851851851852,0.00064180084563204,24.6999907137807,49
"{_PATRUNJEL RADACINA KG,_TELINA,PULPE PUI CU SPATE REFR.VRAC SZEKELY CSURKE} => {_MORCOVI}",0.000421924629998841,0.860606060606061,0.000490264534857808,20.5199823956891,142
"{_MORCOVI,_TELINA,PULPE PUI CU SPATE REFR.VRAC SZEKELY CSURKE} => {_PATRUNJEL RADACINA KG}",0.000421924629998841,0.735751295336788,0.000573460940773073,32.1625283412757,142
"{_MORCOVI,_PATRUNJEL RADACINA KG,PULPE PUI CU SPATE REFR.VRAC SZEKELY CSURKE} => {_TELINA}",0.000421924629998841,0.657407407407407,0.00064180084563204,31.392229736831,142
"{_GULII,_TELINA,_VARZA ALBA} => {_PATRUNJEL RADACINA KG}",0.000101024207182821,0.85,0.000118852008450378,37.1567801013119,34
"{_GULII,_PATRUNJEL RADACINA KG,_VARZA ALBA} => {_TELINA}",0.000101024207182821,0.790697674418605,0.000127765909084156,37.7570480162606,34
"{_PATRUNJEL RADACINA KG,_TELINA,_VARZA ALBA} => {_GULII}",0.000101024207182821,0.288135593220339,0.000350613424928614,31.3726620204092,34
"{_GULII,_TELINA,_VARZA ALBA} => {_MORCOVI}",0.000101024207182821,0.85,0.000118852008450378,20.2670952887,34
"{_GULII,_MORCOVI,_VARZA ALBA} => {_TELINA}",0.000101024207182821,0.790697674418605,0.000127765909084156,37.7570480162606,34
"{_MORCOVI,_TELINA,_VARZA ALBA} => {_GULII}",0.000101024207182821,0.257575757575758,0.000392211627886247,28.04525847279,34
"{_GULII,_PATRUNJEL RADACINA KG,_VARZA ALBA} => {_MORCOVI}",0.000118852008450378,0.930232558139535,0.000127765909084156,22.1801316429001,40
"{_GULII,_MORCOVI,_VARZA ALBA} => {_PATRUNJEL RADACINA KG}",0.000118852008450378,0.930232558139535,0.000127765909084156,40.6640548304371,40
"{_MORCOVI,_PATRUNJEL RADACINA KG,_VARZA ALBA} => {_GULII}",0.000118852008450378,0.236686390532544,0.000502149735702846,25.7707909391457,40
"{_PATRUNJEL RADACINA KG,_TELINA,_VARZA ALBA} => {_MORCOVI}",0.000297130021125945,0.847457627118644,0.000350613424928615,20.2064758611166,100
"{_MORCOVI,_TELINA,_VARZA ALBA} => {_PATRUNJEL RADACINA KG}",0.000297130021125945,0.757575757575758,0.000392211627886247,33.1165598050908,100
"{_MORCOVI,_PATRUNJEL RADACINA KG,_VARZA ALBA} => {_TELINA}",0.000297130021125945,0.591715976331361,0.000502149735702846,28.255361376596,100
"{_PATRUNJEL RADACINA KG,_ROSII CHERRY VRAC,_TELINA} => {_MORCOVI}",0.000154507610985491,0.8,0.000193134513731864,19.0749132128941,52
"{_MORCOVI,_ROSII CHERRY VRAC,_TELINA} => {_PATRUNJEL RADACINA KG}",0.000154507610985491,0.8125,0.000190163213520604,35.5175103909599,52
"{_MORCOVI,_PATRUNJEL RADACINA KG,_ROSII CHERRY VRAC} => {_TELINA}",0.000154507610985491,0.525252525252525,0.000294158720914685,25.0816278563157,52
"{_PATRUNJEL RADACINA KG,_TELINA,DROJDIE PROASPATA BUDAFOK 50G} => {_MORCOVI}",0.000157478911196751,0.828125,0.000190163213520604,19.7455156305349,53
"{_MORCOVI,_TELINA,DROJDIE PROASPATA BUDAFOK 50G} => {_PATRUNJEL RADACINA KG}",0.000157478911196751,0.688311688311688,0.000228790116266977,30.0887600514825,53
"{_MORCOVI,_PATRUNJEL RADACINA KG,DROJDIE PROASPATA BUDAFOK 50G} => {_TELINA}",0.000157478911196751,0.469026548672566,0.000335756923872317,22.396749721254,53
"{_PATRUNJEL RADACINA KG,_PORTOCALE^2 A nu se consuma coaja,_TELINA} => {_MORCOVI}",0.000154507610985491,0.764705882352941,0.000202048414365642,18.2333729240899,52
"{_MORCOVI,_PORTOCALE^2 A nu se consuma coaja,_TELINA} => {_PATRUNJEL RADACINA KG}",0.000154507610985491,0.742857142857143,0.000207991014788161,32.473152357449,52
"{_MORCOVI,_PATRUNJEL RADACINA KG,_PORTOCALE^2 A nu se consuma coaja} => {_TELINA}",0.000154507610985491,0.559139784946237,0.000276330919647128,26.6997973954329,52
"{_PATRUNJEL RADACINA KG,_TELINA,FAINA BL-55 GYERMELYI 1KG} => {_MORCOVI}",0.000166392811830529,0.8,0.000207991014788161,19.0749132128941,56
"{_MORCOVI,_TELINA,FAINA BL-55 GYERMELYI 1KG} => {_PATRUNJEL RADACINA KG}",0.000166392811830529,0.756756756756757,0.000219876215633199,33.080758118815,56
"{_MORCOVI,_PATRUNJEL RADACINA KG,FAINA BL-55 GYERMELYI 1KG} => {_TELINA}",0.000166392811830529,0.533333333333333,0.000311986522182242,25.4674990541052,56
"{_PATRUNJEL RADACINA KG,_TELINA,OTET BISTRITA 1L} => {_MORCOVI}",0.000109938107816599,0.74,0.000148565010562972,17.644294721927,37
"{_MORCOVI,_TELINA,OTET BISTRITA 1L} => {_PATRUNJEL RADACINA KG}",0.000109938107816599,0.685185185185185,0.00016045021140801,29.9520885348266,37
"{_MORCOVI,_PATRUNJEL RADACINA KG,OTET BISTRITA 1L} => {_TELINA}",0.000109938107816599,0.425287356321839,0.000258503118379572,20.3081350215925,37
"{_GULII,_PATRUNJEL RADACINA KG,OUA PROASPETE M DIN GHEORGHENI 1*10} => {_MORCOVI}",0.000101024207182821,0.80952380952381,0.000124794608872897,19.3019955130476,34
"{_GULII,_MORCOVI,OUA PROASPETE M DIN GHEORGHENI 1*10} => {_PATRUNJEL RADACINA KG}",0.000101024207182821,0.80952380952381,0.000124794608872897,35.387409620297,34
"{_MORCOVI,_PATRUNJEL RADACINA KG,OUA PROASPETE M DIN GHEORGHENI 1*10} => {_GULII}",0.000101024207182821,0.320754716981132,0.000314957822393501,34.9242841359272,34
"{_PATRUNJEL RADACINA KG,_TELINA,OUA PROASPETE M DIN GHEORGHENI 1*10} => {_MORCOVI}",0.000196105813943123,0.916666666666667,0.00021393361521068,21.8566713897745,66
"{_MORCOVI,_TELINA,OUA PROASPETE M DIN GHEORGHENI 1*10} => {_PATRUNJEL RADACINA KG}",0.000196105813943123,0.814814814814815,0.000240675317112015,35.6186998792532,66
"{_MORCOVI,_PATRUNJEL RADACINA KG,OUA PROASPETE M DIN GHEORGHENI 1*10} => {_TELINA}",0.000196105813943123,0.622641509433962,0.000314957822393501,29.7321038485426,66
"{_CEAPA GALBENA,_PATRUNJEL RADACINA KG,PULPE PORC FARA OS} => {_MORCOVI}",0.000103995507394081,0.921052631578947,0.000112909408027859,21.9612487648452,35
"{_CEAPA GALBENA,_MORCOVI,PULPE PORC FARA OS} => {_PATRUNJEL RADACINA KG}",0.000103995507394081,0.486111111111111,0.00021393361521068,21.2497925415999,35
"{_MORCOVI,_PATRUNJEL RADACINA KG,PULPE PORC FARA OS} => {_CEAPA GALBENA}",0.000103995507394081,0.208333333333333,0.000499178435491587,11.3308352187029,35
"{_PATRUNJEL RADACINA KG,_TELINA,PULPE PORC FARA OS} => {_MORCOVI}",0.000285244820280907,0.857142857142857,0.000332785623661058,20.4374070138151,96
"{_MORCOVI,_TELINA,PULPE PORC FARA OS} => {_PATRUNJEL RADACINA KG}",0.000285244820280907,0.738461538461539,0.000386269027463728,32.2810035269316,96
"{_MORCOVI,_PATRUNJEL RADACINA KG,PULPE PORC FARA OS} => {_TELINA}",0.000285244820280907,0.571428571428571,0.000499178435491587,27.2866061293984,96
"{_PATRUNJEL RADACINA KG,_TELINA,BERE GOLDEN BRAU DOZA 500ML} => {_MORCOVI}",0.000148565010562972,0.833333333333333,0.000178278012675567,19.8697012634313,50
"{_MORCOVI,_TELINA,BERE GOLDEN BRAU DOZA 500ML} => {_PATRUNJEL RADACINA KG}",0.000148565010562972,0.78125,0.000190163213520604,34.1514522989999,50
"{_MORCOVI,_PATRUNJEL RADACINA KG,BERE GOLDEN BRAU DOZA 500ML} => {_TELINA}",0.000148565010562972,0.568181818181818,0.000261474418590831,27.1315685945723,50
"{_PATRUNJEL RADACINA KG,_TELINA,PARIZER CRISTUR} => {_MORCOVI}",0.000101024207182821,0.894736842105263,0.000112909408027859,21.333784514421,34
"{_MORCOVI,_TELINA,PARIZER CRISTUR} => {_PATRUNJEL RADACINA KG}",0.000101024207182821,0.723404255319149,0.000139651109929194,31.6227915755846,34
"{_MORCOVI,_PATRUNJEL RADACINA KG,PARIZER CRISTUR} => {_TELINA}",0.000101024207182821,0.53968253968254,0.000187191913309345,25.7706835666541,34
"{_PATRUNJEL RADACINA KG,_ROSII DE GRADINA ROMANIA,_TELINA} => {_MORCOVI}",0.000157478911196751,0.898305084745763,0.000175306712464307,21.4188644127836,53
"{_MORCOVI,_ROSII DE GRADINA ROMANIA,_TELINA} => {_PATRUNJEL RADACINA KG}",0.000157478911196751,0.63855421686747,0.000246617917534534,27.9136689634235,53
"{_MORCOVI,_PATRUNJEL RADACINA KG,_ROSII DE GRADINA ROMANIA} => {_TELINA}",0.000157478911196751,0.481818181818182,0.000326843023238539,23.0075701681973,53
"{_PATRUNJEL RADACINA KG,_TELINA,PALL MALL S-LINE FLOW BLUE/PURPLE} => {_MORCOVI}",0.000231761416478237,0.866666666666667,0.00026741701901335,20.6644893139686,78
"{_MORCOVI,_TELINA,PALL MALL S-LINE FLOW BLUE/PURPLE} => {_PATRUNJEL RADACINA KG}",0.000231761416478237,0.795918367346939,0.000291187420703426,34.7926632401239,78
"{_MORCOVI,_PATRUNJEL RADACINA KG,PALL MALL S-LINE FLOW BLUE/PURPLE} => {_TELINA}",0.000231761416478237,0.709090909090909,0.000326843023238539,33.8601976060262,78
"{_ARDEI GRAS ROMANIA,_GULII,_PATRUNJEL RADACINA KG} => {_MORCOVI}",0.000121823308661637,0.931818181818182,0.000130737209295416,22.2179386854732,41
"{_ARDEI GRAS ROMANIA,_GULII,_MORCOVI} => {_PATRUNJEL RADACINA KG}",0.000121823308661637,0.836734693877551,0.000145593710351713,36.5769023806431,41
"{_ARDEI GRAS ROMANIA,_MORCOVI,_PATRUNJEL RADACINA KG} => {_GULII}",0.000121823308661637,0.221621621621622,0.000549690539082997,24.1305149212623,41
"{_ARDEI GRAS ROMANIA,_CEAPA GALBENA,_TELINA} => {_MORCOVI}",0.000103995507394081,0.777777777777778,0.000133708509506675,18.5450545125359,35
"{_ARDEI GRAS ROMANIA,_CEAPA GALBENA,_MORCOVI} => {_TELINA}",0.000103995507394081,0.538461538461538,0.000193134513731864,25.7123788527024,35
"{_ARDEI GRAS ROMANIA,_MORCOVI,_TELINA} => {_CEAPA GALBENA}",0.000103995507394081,0.203488372093023,0.000511063636336625,11.0673274229191,35
"{_ARDEI GRAS ROMANIA,_PATRUNJEL RADACINA KG,_TELINA} => {_MORCOVI}",0.000344670824506096,0.87218045112782,0.000395182928097506,20.7959580140575,116
"{_ARDEI GRAS ROMANIA,_MORCOVI,_TELINA} => {_PATRUNJEL RADACINA KG}",0.000344670824506096,0.674418604651163,0.000511063636336625,29.4814397520669,116
"{_ARDEI GRAS ROMANIA,_MORCOVI,_PATRUNJEL RADACINA KG} => {_TELINA}",0.000344670824506096,0.627027027027027,0.000549690539082997,29.9415191582047,116
"{FRANZELA ALBA COUNTRY 1KG,SANA 3.6% PET FRISS 330G,SZEKELYHON} => {APA MINERALA NATURALA CARBOGAZIFICATA CONTINUT REDUS CO2 TUSNAD 2L}",0.000142622410140453,0.413793103448276,0.000344670824506096,7.72869251039612,48
"{APA MINERALA NATURALA CARBOGAZIFICATA CONTINUT REDUS CO2 TUSNAD 2L,SANA 3.6% PET FRISS 330G,SZEKELYHON} => {FRANZELA ALBA COUNTRY 1KG}",0.000142622410140453,0.857142857142857,0.000166392811830529,38.6228410764493,48
"{APA MINERALA NATURALA CARBOGAZIFICATA CONTINUT REDUS CO2 TUSNAD 2L,FRANZELA ALBA COUNTRY 1KG,SANA 3.6% PET FRISS 330G} => {SZEKELYHON}",0.000142622410140453,0.75,0.000190163213520604,47.8420678544352,48
"{APA MINERALA NATURALA CARBOGAZIFICATA CONTINUT REDUS CO2 TUSNAD 2L,FRANZELA ALBA COUNTRY 1KG,SZEKELYHON} => {SANA 3.6% PET FRISS 330G}",0.000142622410140453,0.322147651006711,0.000442723731477657,30.8800223267621,48
"{_PATRUNJEL RADACINA KG,_TELINA,SANA 3.6% PET FRISS 330G} => {_MORCOVI}",0.000127765909084156,0.934782608695652,0.000136679809717934,22.2886214172404,43
"{_MORCOVI,_TELINA,SANA 3.6% PET FRISS 330G} => {_PATRUNJEL RADACINA KG}",0.000127765909084156,0.716666666666667,0.000178278012675567,31.3282655756159,43
"{_MORCOVI,_PATRUNJEL RADACINA KG,SANA 3.6% PET FRISS 330G} => {_TELINA}",0.000127765909084156,0.651515151515151,0.000196105813943123,31.1108653217762,43
"{_CASTRAVETI FABIO,_PATRUNJEL RADACINA KG,_TELINA} => {_MORCOVI}",0.000148565010562972,0.862068965517241,0.000172335412253048,20.5548633759634,50
"{_CASTRAVETI FABIO,_MORCOVI,_TELINA} => {_PATRUNJEL RADACINA KG}",0.000148565010562972,0.806451612903226,0.000184220613098086,35.2531120505805,50
"{_CASTRAVETI FABIO,_MORCOVI,_PATRUNJEL RADACINA KG} => {_TELINA}",0.000148565010562972,0.561797752808989,0.000264445718802091,26.82671950924,50
"{_ARDEI ROSU CALIFORNIA,_GULII,_TELINA} => {_MORCOVI}",0.000101024207182821,0.80952380952381,0.000124794608872897,19.3019955130476,34
"{_ARDEI ROSU CALIFORNIA,_GULII,_MORCOVI} => {_TELINA}",0.000101024207182821,0.755555555555556,0.000133708509506675,36.0789569933157,34
"{_ARDEI ROSU CALIFORNIA,_MORCOVI,_TELINA} => {_GULII}",0.000101024207182821,0.253731343283582,0.000398154228308766,27.6266725254349,34
"{_ARDEI ROSU CALIFORNIA,_CEAPA GALBENA,_PATRUNJEL RADACINA KG} => {_MORCOVI}",0.000103995507394081,0.945945945945946,0.000109938107816599,22.5547960287599,35
"{_ARDEI ROSU CALIFORNIA,_CEAPA GALBENA,_MORCOVI} => {_PATRUNJEL RADACINA KG}",0.000103995507394081,0.472972972972973,0.000219876215633199,20.6754738242594,35
"{_ARDEI ROSU CALIFORNIA,_MORCOVI,_PATRUNJEL RADACINA KG} => {_CEAPA GALBENA}",0.000103995507394081,0.231788079470199,0.000448666331900176,12.6064921638548,35
"{_ARDEI ROSU CALIFORNIA,_PATRUNJEL RADACINA KG,_TELINA} => {_MORCOVI}",0.000288216120492166,0.915094339622642,0.000314957822393501,21.8191813873906,97
"{_ARDEI ROSU CALIFORNIA,_MORCOVI,_TELINA} => {_PATRUNJEL RADACINA KG}",0.000288216120492166,0.723880597014925,0.000398154228308766,31.6436143092823,97
"{_ARDEI ROSU CALIFORNIA,_MORCOVI,_PATRUNJEL RADACINA KG} => {_TELINA}",0.000288216120492166,0.642384105960265,0.000448666331900176,30.6748436454661,97
"{_PATRUNJEL RADACINA KG,_PORTOCALE PLASA BUC^2 A nu se consuma coaja,_TELINA} => {_MORCOVI}",0.000157478911196751,0.768115942028985,0.000205019714576902,18.3146811645541,53
"{_MORCOVI,_PORTOCALE PLASA BUC^2 A nu se consuma coaja,_TELINA} => {_PATRUNJEL RADACINA KG}",0.000157478911196751,0.815384615384615,0.000193134513731864,35.6436080609869,53
"{_MORCOVI,_PATRUNJEL RADACINA KG,_PORTOCALE PLASA BUC^2 A nu se consuma coaja} => {_TELINA}",0.000157478911196751,0.504761904761905,0.000311986522182242,24.1031687476353,53
"{_MORCOVI,_PATRUNJEL RADACINA KG,_PORTOCALE PLASA BUC^2 A nu se consuma coaja} => {_BANANE}",0.000112909408027859,0.361904761904762,0.000311986522182242,3.94200703389648,38
"{_BANANE,_PATRUNJEL RADACINA KG,_PORTOCALE PLASA BUC^2 A nu se consuma coaja} => {_MORCOVI}",0.000112909408027859,0.703703703703704,0.00016045021140801,16.7788588446754,38
"{_BANANE,_MORCOVI,_PORTOCALE PLASA BUC^2 A nu se consuma coaja} => {_PATRUNJEL RADACINA KG}",0.000112909408027859,0.622950819672131,0.000181249312886826,27.2315842593992,38
"{_MANDARINE^2 A nu se consuma coaja,_PATRUNJEL RADACINA KG,_TELINA} => {_MORCOVI}",0.00016045021140801,0.830769230769231,0.000193134513731864,19.8085637210823,54
"{_MANDARINE^2 A nu se consuma coaja,_MORCOVI,_TELINA} => {_PATRUNJEL RADACINA KG}",0.00016045021140801,0.75,0.00021393361521068,32.7853942070399,54
"{_MANDARINE^2 A nu se consuma coaja,_MORCOVI,_PATRUNJEL RADACINA KG} => {_TELINA}",0.00016045021140801,0.529411764705882,0.000303072621548463,25.2802380316485,54
"{_MANDARINE^2 A nu se consuma coaja,_MORCOVI,_PATRUNJEL RADACINA KG} => {_BANANE}",0.000101024207182821,0.333333333333333,0.000303072621548463,3.63079595227307,34
"{_BANANE,_MANDARINE^2 A nu se consuma coaja,_PATRUNJEL RADACINA KG} => {_MORCOVI}",0.000101024207182821,0.80952380952381,0.000124794608872897,19.3019955130476,34
"{_BANANE,_MANDARINE^2 A nu se consuma coaja,_MORCOVI} => {_PATRUNJEL RADACINA KG}",0.000101024207182821,0.447368421052632,0.000225818816055718,19.556200053322,34
"{_PATRUNJEL RADACINA KG,_TELINA,UNT 65% GRASIME FRISS 180G} => {_MORCOVI}",0.000184220613098086,0.849315068493151,0.00021690491542194,20.2507640273876,62
"{_MORCOVI,_TELINA,UNT 65% GRASIME FRISS 180G} => {_PATRUNJEL RADACINA KG}",0.000184220613098086,0.696629213483146,0.000264445718802091,30.4523511735801,62
"{_MORCOVI,_PATRUNJEL RADACINA KG,UNT 65% GRASIME FRISS 180G} => {_TELINA}",0.000184220613098086,0.584905660377358,0.000314957822393501,27.9301581607521,62
"{_PATRUNJEL RADACINA KG,_TELINA,DANONE ACTIVIA NATUR 125G} => {_MORCOVI}",0.000109938107816599,0.725490196078431,0.000151536310774232,17.298328158752,37
"{_MORCOVI,_TELINA,DANONE ACTIVIA NATUR 125G} => {_PATRUNJEL RADACINA KG}",0.000109938107816599,0.578125,0.000190163213520604,25.2720747012599,37
"{_MORCOVI,_PATRUNJEL RADACINA KG,DANONE ACTIVIA NATUR 125G} => {_TELINA}",0.000109938107816599,0.425287356321839,0.000258503118379572,20.3081350215925,37
"{_GULII,_TELINA,PASTE ATA PAIANJENULUI CU 8 OUA GYERMELYI 250G} => {_PATRUNJEL RADACINA KG}",0.000401125528520025,0.833333333333333,0.00048135063422403,36.4282157855999,135
"{_GULII,_PATRUNJEL RADACINA KG,PASTE ATA PAIANJENULUI CU 8 OUA GYERMELYI 250G} => {_TELINA}",0.000401125528520025,0.833333333333333,0.00048135063422403,39.7929672720394,135
"{_PATRUNJEL RADACINA KG,_TELINA,PASTE ATA PAIANJENULUI CU 8 OUA GYERMELYI 250G} => {_GULII}",0.000401125528520025,0.333333333333333,0.00120337658556008,36.2938639059635,135
"{_GULII,_PATRUNJEL RADACINA KG,_TELINA} => {PASTE ATA PAIANJENULUI CU 8 OUA GYERMELYI 250G}",0.000401125528520025,0.137614678899083,0.00291484550724552,12.7098334323609,135
"{_GULII,_TELINA,PASTE ATA PAIANJENULUI CU 8 OUA GYERMELYI 250G} => {_MORCOVI}",0.000404096828731284,0.839506172839506,0.00048135063422403,20.0168842357531,136
"{_GULII,_MORCOVI,PASTE ATA PAIANJENULUI CU 8 OUA GYERMELYI 250G} => {_TELINA}",0.000404096828731284,0.81437125748503,0.000496207135280327,38.8874985556696,136
"{_MORCOVI,_TELINA,PASTE ATA PAIANJENULUI CU 8 OUA GYERMELYI 250G} => {_GULII}",0.000404096828731284,0.308390022675737,0.00131034339316542,33.5779965388506,136
"{_GULII,_MORCOVI,_TELINA} => {PASTE ATA PAIANJENULUI CU 8 OUA GYERMELYI 250G}",0.000404096828731284,0.128544423440454,0.00314363562351249,11.8721216635991,136
"{_GULII,_PATRUNJEL RADACINA KG,PASTE ATA PAIANJENULUI CU 8 OUA GYERMELYI 250G} => {_MORCOVI}",0.000424895930210101,0.882716049382716,0.00048135063422403,21.047165042005,143
"{_GULII,_MORCOVI,PASTE ATA PAIANJENULUI CU 8 OUA GYERMELYI 250G} => {_PATRUNJEL RADACINA KG}",0.000424895930210101,0.856287425149701,0.000496207135280327,37.4316277174188,143
"{_MORCOVI,_PATRUNJEL RADACINA KG,PASTE ATA PAIANJENULUI CU 8 OUA GYERMELYI 250G} => {_GULII}",0.000424895930210101,0.277131782945736,0.00153319090900987,30.1745496427488,143
"{_GULII,_MORCOVI,_PATRUNJEL RADACINA KG} => {PASTE ATA PAIANJENULUI CU 8 OUA GYERMELYI 250G}",0.000424895930210101,0.118672199170124,0.00358041675456763,10.9603415607308,143
"{_ARDEI ALB BIANCA,_TELINA,PASTE ATA PAIANJENULUI CU 8 OUA GYERMELYI 250G} => {_PATRUNJEL RADACINA KG}",0.000154507610985491,0.825396825396825,0.000187191913309345,36.0812803971656,52
"{_ARDEI ALB BIANCA,_PATRUNJEL RADACINA KG,PASTE ATA PAIANJENULUI CU 8 OUA GYERMELYI 250G} => {_TELINA}",0.000154507610985491,0.712328767123288,0.00021690491542194,34.0148103804829,52
"{_PATRUNJEL RADACINA KG,_TELINA,PASTE ATA PAIANJENULUI CU 8 OUA GYERMELYI 250G} => {_ARDEI ALB BIANCA}",0.000154507610985491,0.128395061728395,0.00120337658556008,12.7505881410081,52
"{_ARDEI ALB BIANCA,_PATRUNJEL RADACINA KG,_TELINA} => {PASTE ATA PAIANJENULUI CU 8 OUA GYERMELYI 250G}",0.000154507610985491,0.14207650273224,0.00108749587732096,13.1219191064884,52
"{_ARDEI ALB BIANCA,_TELINA,PASTE ATA PAIANJENULUI CU 8 OUA GYERMELYI 250G} => {_MORCOVI}",0.000166392811830529,0.888888888888889,0.000187191913309345,21.1943480143268,56
"{_ARDEI ALB BIANCA,_MORCOVI,PASTE ATA PAIANJENULUI CU 8 OUA GYERMELYI 250G} => {_TELINA}",0.000166392811830529,0.674698795180723,0.000246617917534534,32.2179204901331,56
"{_MORCOVI,_TELINA,PASTE ATA PAIANJENULUI CU 8 OUA GYERMELYI 250G} => {_ARDEI ALB BIANCA}",0.000166392811830529,0.126984126984127,0.00131034339316542,12.6104717878102,56
"{_ARDEI ALB BIANCA,_MORCOVI,_TELINA} => {PASTE ATA PAIANJENULUI CU 8 OUA GYERMELYI 250G}",0.000166392811830529,0.12962962962963,0.00128360169126408,11.9723492702362,56
"{_ARDEI ALB BIANCA,_PATRUNJEL RADACINA KG,PASTE ATA PAIANJENULUI CU 8 OUA GYERMELYI 250G} => {_MORCOVI}",0.000196105813943123,0.904109589041096,0.00021690491542194,21.5572649323803,66
"{_ARDEI ALB BIANCA,_MORCOVI,PASTE ATA PAIANJENULUI CU 8 OUA GYERMELYI 250G} => {_PATRUNJEL RADACINA KG}",0.000196105813943123,0.795180722891566,0.000246617917534534,34.7604179544519,66
"{_MORCOVI,_PATRUNJEL RADACINA KG,PASTE ATA PAIANJENULUI CU 8 OUA GYERMELYI 250G} => {_ARDEI ALB BIANCA}",0.000196105813943123,0.127906976744186,0.00153319090900987,12.7021176583612,66
"{_ARDEI ALB BIANCA,_MORCOVI,_PATRUNJEL RADACINA KG} => {PASTE ATA PAIANJENULUI CU 8 OUA GYERMELYI 250G}",0.000196105813943123,0.1375,0.00142622410140453,12.6992419045005,66
"{_TELINA,_USTUROI,PASTE ATA PAIANJENULUI CU 8 OUA GYERMELYI 250G} => {_PATRUNJEL RADACINA KG}",0.00010696680760534,0.878048780487805,0.000121823308661637,38.3829005350711,36
"{_PATRUNJEL RADACINA KG,_USTUROI,PASTE ATA PAIANJENULUI CU 8 OUA GYERMELYI 250G} => {_TELINA}",0.00010696680760534,0.782608695652174,0.000136679809717934,37.3707866554804,36
"{_PATRUNJEL RADACINA KG,_TELINA,_USTUROI} => {PASTE ATA PAIANJENULUI CU 8 OUA GYERMELYI 250G}",0.00010696680760534,0.16289592760181,0.000656657346688337,15.0447621081701,36
"{_TELINA,_USTUROI,PASTE ATA PAIANJENULUI CU 8 OUA GYERMELYI 250G} => {_MORCOVI}",0.000112909408027859,0.926829268292683,0.000121823308661637,22.0989848198163,38
"{_MORCOVI,_USTUROI,PASTE ATA PAIANJENULUI CU 8 OUA GYERMELYI 250G} => {_TELINA}",0.000112909408027859,0.745098039215686,0.000151536310774232,35.5795942667646,38
"{_MORCOVI,_TELINA,_USTUROI} => {PASTE ATA PAIANJENULUI CU 8 OUA GYERMELYI 250G}",0.000112909408027859,0.145593869731801,0.000775509355138715,13.4467765202653,38
"{_PATRUNJEL RADACINA KG,_USTUROI,PASTE ATA PAIANJENULUI CU 8 OUA GYERMELYI 250G} => {_MORCOVI}",0.000124794608872897,0.91304347826087,0.000136679809717934,21.7702813842813,42
"{_MORCOVI,_USTUROI,PASTE ATA PAIANJENULUI CU 8 OUA GYERMELYI 250G} => {_PATRUNJEL RADACINA KG}",0.000124794608872897,0.823529411764706,0.000151536310774232,35.9996485410634,42
"{_MORCOVI,_PATRUNJEL RADACINA KG,_USTUROI} => {PASTE ATA PAIANJENULUI CU 8 OUA GYERMELYI 250G}",0.000124794608872897,0.135483870967742,0.000921103065490428,12.5130360114727,42
"{_CEAPA GALBENA,_TELINA,PASTE ATA PAIANJENULUI CU 8 OUA GYERMELYI 250G} => {_PATRUNJEL RADACINA KG}",0.000115880708239118,0.709090909090909,0.000163421511619269,30.997099977565,39
"{_CEAPA GALBENA,_PATRUNJEL RADACINA KG,PASTE ATA PAIANJENULUI CU 8 OUA GYERMELYI 250G} => {_TELINA}",0.000115880708239118,0.735849056603774,0.000157478911196751,35.137940911914,39
"{_CEAPA GALBENA,_TELINA,PASTE ATA PAIANJENULUI CU 8 OUA GYERMELYI 250G} => {_MORCOVI}",0.000139651109929194,0.854545454545454,0.000163421511619269,20.3754754774096,47
"{_CEAPA GALBENA,_MORCOVI,PASTE ATA PAIANJENULUI CU 8 OUA GYERMELYI 250G} => {_TELINA}",0.000139651109929194,0.681159420289855,0.000205019714576902,32.5264254223626,47
"{_MORCOVI,_TELINA,PASTE ATA PAIANJENULUI CU 8 OUA GYERMELYI 250G} => {_CEAPA GALBENA}",0.000139651109929194,0.106575963718821,0.00131034339316542,5.79645447922759,47
"{_CEAPA GALBENA,_PATRUNJEL RADACINA KG,PASTE ATA PAIANJENULUI CU 8 OUA GYERMELYI 250G} => {_MORCOVI}",0.000145593710351713,0.924528301886792,0.000157478911196751,22.0441214016936,49
"{_CEAPA GALBENA,_MORCOVI,PASTE ATA PAIANJENULUI CU 8 OUA GYERMELYI 250G} => {_PATRUNJEL RADACINA KG}",0.000145593710351713,0.710144927536232,0.000205019714576902,31.0431751912068,49
"{_ARDEI ROSU CAPIA,_PATRUNJEL RADACINA KG,PASTE ATA PAIANJENULUI CU 8 OUA GYERMELYI 250G} => {_MORCOVI}",0.000103995507394081,0.875,0.000118852008450378,20.8631863266029,35
"{_ARDEI ROSU CAPIA,_MORCOVI,PASTE ATA PAIANJENULUI CU 8 OUA GYERMELYI 250G} => {_PATRUNJEL RADACINA KG}",0.000103995507394081,0.760869565217391,0.000136679809717934,33.2605448477216,35
"{_PATRUNJEL RADACINA KG,_TELINA,PASTE ATA PAIANJENULUI CU 8 OUA GYERMELYI 250G} => {_MORCOVI}",0.00106075417541962,0.881481481481482,0.00120337658556008,21.0177284475407,357
"{_MORCOVI,_TELINA,PASTE ATA PAIANJENULUI CU 8 OUA GYERMELYI 250G} => {_PATRUNJEL RADACINA KG}",0.00106075417541962,0.80952380952381,0.00131034339316542,35.387409620297,357
"{_MORCOVI,_PATRUNJEL RADACINA KG,PASTE ATA PAIANJENULUI CU 8 OUA GYERMELYI 250G} => {_TELINA}",0.00106075417541962,0.691860465116279,0.00153319090900987,33.037417014228,357
"{_MORCOVI,_PATRUNJEL RADACINA KG,_TELINA} => {PASTE ATA PAIANJENULUI CU 8 OUA GYERMELYI 250G}",0.00106075417541962,0.111947318908749,0.00947547637370637,10.3392442427816,357
"{_PATRUNJEL RADACINA KG,_TELINA,PASTE ATA PAIANJENULUI CU 8 OUA GYERMELYI 250G} => {_BANANE}",0.000142622410140453,0.118518518518519,0.00120337658556008,1.29094967191931,48
"{_BANANE,_TELINA,PASTE ATA PAIANJENULUI CU 8 OUA GYERMELYI 250G} => {_PATRUNJEL RADACINA KG}",0.000142622410140453,0.716417910447761,0.000199077114154383,31.3173914813515,48
"{_BANANE,_PATRUNJEL RADACINA KG,PASTE ATA PAIANJENULUI CU 8 OUA GYERMELYI 250G} => {_TELINA}",0.000142622410140453,0.727272727272727,0.000196105813943123,34.7284078010525,48
"{_TELINA,PAINE CU CARTOFI FELII BACHUS 1.2 KG,PASTE ATA PAIANJENULUI CU 8 OUA GYERMELYI 250G} => {_MORCOVI}",0.000103995507394081,0.813953488372093,0.000127765909084156,19.4076151875376,35
"{_MORCOVI,PAINE CU CARTOFI FELII BACHUS 1.2 KG,PASTE ATA PAIANJENULUI CU 8 OUA GYERMELYI 250G} => {_TELINA}",0.000103995507394081,0.448717948717949,0.000231761416478237,21.426982377252,35
"{_MORCOVI,_TELINA,PAINE CU CARTOFI FELII BACHUS 1.2 KG} => {PASTE ATA PAIANJENULUI CU 8 OUA GYERMELYI 250G}",0.000103995507394081,0.102040816326531,0.00101915597246199,9.42429825936961,35
"{_MORCOVI,_TELINA,PASTE ATA PAIANJENULUI CU 8 OUA GYERMELYI 250G} => {_BANANE}",0.000139651109929194,0.106575963718821,0.00131034339316542,1.16086673303969,47
"{_BANANE,_TELINA,PASTE ATA PAIANJENULUI CU 8 OUA GYERMELYI 250G} => {_MORCOVI}",0.000139651109929194,0.701492537313433,0.000199077114154383,16.7261365859332,47
"{_BANANE,_MORCOVI,PASTE ATA PAIANJENULUI CU 8 OUA GYERMELYI 250G} => {_TELINA}",0.000139651109929194,0.573170731707317,0.000243646617323275,27.3697970017441,47
"{_PATRUNJEL RADACINA KG,CARNE TOCATA PORC VRAC,PASTE ATA PAIANJENULUI CU 8 OUA GYERMELYI 250G} => {_MORCOVI}",0.000101024207182821,0.80952380952381,0.000124794608872897,19.3019955130476,34
"{_MORCOVI,CARNE TOCATA PORC VRAC,PASTE ATA PAIANJENULUI CU 8 OUA GYERMELYI 250G} => {_PATRUNJEL RADACINA KG}",0.000101024207182821,0.523076923076923,0.000193134513731864,22.8657108315765,34
"{_PATRUNJEL RADACINA KG,APA MINERALA NATURALA CARBOGAZIFICATA CONTINUT REDUS CO2 TUSNAD 2L,PASTE ATA PAIANJENULUI CU 8 OUA GYERMELYI 250G} => {_MORCOVI}",0.00010696680760534,0.857142857142857,0.000124794608872897,20.4374070138151,36
"{_MORCOVI,APA MINERALA NATURALA CARBOGAZIFICATA CONTINUT REDUS CO2 TUSNAD 2L,PASTE ATA PAIANJENULUI CU 8 OUA GYERMELYI 250G} => {_PATRUNJEL RADACINA KG}",0.00010696680760534,0.705882352941177,0.000151536310774232,30.8568416066258,36
"{_MORCOVI,_PATRUNJEL RADACINA KG,APA MINERALA NATURALA CARBOGAZIFICATA CONTINUT REDUS CO2 TUSNAD 2L} => {PASTE ATA PAIANJENULUI CU 8 OUA GYERMELYI 250G}",0.00010696680760534,0.120401337792642,0.000888418763166574,11.1200415582127,36
"{_PATRUNJEL RADACINA KG,PAINE DE CASA PE FOI DE VARZA RIP-ROP 1KG,PASTE ATA PAIANJENULUI CU 8 OUA GYERMELYI 250G} => {_MORCOVI}",0.00010696680760534,0.947368421052632,0.000112909408027859,22.5887130152693,36
"{_MORCOVI,PAINE DE CASA PE FOI DE VARZA RIP-ROP 1KG,PASTE ATA PAIANJENULUI CU 8 OUA GYERMELYI 250G} => {_PATRUNJEL RADACINA KG}",0.00010696680760534,0.692307692307692,0.000154507610985491,30.2634408064983,36
"{_PATRUNJEL RADACINA KG,PAINE CU CARTOFI FELII BACHUS 1.2 KG,PASTE ATA PAIANJENULUI CU 8 OUA GYERMELYI 250G} => {_MORCOVI}",0.000142622410140453,0.842105263157895,0.000169364112041788,20.0788560135727,48
"{_MORCOVI,PAINE CU CARTOFI FELII BACHUS 1.2 KG,PASTE ATA PAIANJENULUI CU 8 OUA GYERMELYI 250G} => {_PATRUNJEL RADACINA KG}",0.000142622410140453,0.615384615384615,0.000231761416478237,26.900836272443,48
"{_MORCOVI,_PATRUNJEL RADACINA KG,PAINE CU CARTOFI FELII BACHUS 1.2 KG} => {PASTE ATA PAIANJENULUI CU 8 OUA GYERMELYI 250G}",0.000142622410140453,0.110344827586207,0.00129251559189786,10.1912411522011,48
"{_MORCOVI,_PATRUNJEL RADACINA KG,PASTE ATA PAIANJENULUI CU 8 OUA GYERMELYI 250G} => {_BANANE}",0.000172335412253048,0.112403100775194,0.00153319090900987,1.22433816995255,58
"{_BANANE,_PATRUNJEL RADACINA KG,PASTE ATA PAIANJENULUI CU 8 OUA GYERMELYI 250G} => {_MORCOVI}",0.000172335412253048,0.878787878787879,0.000196105813943123,20.9535031505276,58
"{_BANANE,_MORCOVI,PASTE ATA PAIANJENULUI CU 8 OUA GYERMELYI 250G} => {_PATRUNJEL RADACINA KG}",0.000172335412253048,0.707317073170732,0.000243646617323274,30.9195587643628,58
"{_ARDEI ALB BIANCA,_GULII,_TELINA} => {_PATRUNJEL RADACINA KG}",0.000424895930210101,0.794444444444444,0.0005348340380267,34.7282323822719,143
"{_ARDEI ALB BIANCA,_GULII,_PATRUNJEL RADACINA KG} => {_TELINA}",0.000424895930210101,0.790055248618785,0.00053780533823796,37.7263711816682,143
"{_GULII,_PATRUNJEL RADACINA KG,_TELINA} => {_ARDEI ALB BIANCA}",0.000424895930210101,0.145769622833843,0.00291484550724552,14.4760117655941,143
"{_ARDEI ALB BIANCA,_PATRUNJEL RADACINA KG,_TELINA} => {_GULII}",0.000424895930210101,0.390710382513661,0.00108749587732096,42.5411683487933,143
"{_ARDEI ALB BIANCA,_GULII,_TELINA} => {_MORCOVI}",0.000457580232533955,0.855555555555556,0.0005348340380267,20.3995599637895,154
"{_ARDEI ALB BIANCA,_GULII,_MORCOVI} => {_TELINA}",0.000457580232533955,0.762376237623762,0.000600202642674408,36.4046552072914,154
"{_GULII,_MORCOVI,_TELINA} => {_ARDEI ALB BIANCA}",0.000457580232533955,0.145557655954631,0.00314363562351249,14.4549618720859,154
"{_ARDEI ALB BIANCA,_MORCOVI,_TELINA} => {_GULII}",0.000457580232533955,0.356481481481481,0.00128360169126408,38.8142711216555,154
"{_ARDEI ALB BIANCA,_GULII,_PATRUNJEL RADACINA KG} => {_MORCOVI}",0.000475408033801511,0.883977900552486,0.00053780533823796,21.0772521689437,160
"{_ARDEI ALB BIANCA,_GULII,_MORCOVI} => {_PATRUNJEL RADACINA KG}",0.000475408033801511,0.792079207920792,0.000600202642674408,34.6248387665108,160
"{_GULII,_MORCOVI,_PATRUNJEL RADACINA KG} => {_ARDEI ALB BIANCA}",0.000475408033801511,0.132780082987552,0.00358041675456763,13.1860534876688,160
"{_ARDEI ALB BIANCA,_MORCOVI,_PATRUNJEL RADACINA KG} => {_GULII}",0.000475408033801511,0.333333333333333,0.00142622410140453,36.2938639059635,160
"{_ARDEI ALB BIANCA,_GULII,_MORCOVI} => {_BANANE}",0.000109938107816599,0.183168316831683,0.000600202642674408,1.99514035001144,37
"{_ARDEI ALB BIANCA,_BANANE,_GULII} => {_MORCOVI}",0.000109938107816599,0.711538461538462,0.000154507610985491,16.9656680018529,37
"{_BANANE,_GULII,_MORCOVI} => {_ARDEI ALB BIANCA}",0.000109938107816599,0.150406504065041,0.000730939851969823,14.936488687696,37
"{_ARDEI ALB BIANCA,_BANANE,_MORCOVI} => {_GULII}",0.000109938107816599,0.296,0.000371412526407431,32.2289511484956,37
"{_GULII,_TELINA,_USTUROI} => {_PATRUNJEL RADACINA KG}",0.000210962314999421,0.816091954022989,0.000258503118379572,35.6745285624495,71
"{_GULII,_PATRUNJEL RADACINA KG,_USTUROI} => {_TELINA}",0.000210962314999421,0.788888888888889,0.00026741701901335,37.6706756841972,71
"{_PATRUNJEL RADACINA KG,_TELINA,_USTUROI} => {_GULII}",0.000210962314999421,0.321266968325792,0.000656657346688337,34.9800588776934,71
"{_GULII,_TELINA,_USTUROI} => {_MORCOVI}",0.00021393361521068,0.827586206896552,0.000258503118379572,19.7326688409249,72
"{_GULII,_MORCOVI,_USTUROI} => {_TELINA}",0.00021393361521068,0.757894736842105,0.000282273520069647,36.1906565505705,72
"{_MORCOVI,_TELINA,_USTUROI} => {_GULII}",0.00021393361521068,0.275862068965517,0.000775509355138715,30.036301163556,72
"{_GULII,_PATRUNJEL RADACINA KG,_USTUROI} => {_MORCOVI}",0.000231761416478237,0.866666666666667,0.00026741701901335,20.6644893139686,78
"{_GULII,_MORCOVI,_USTUROI} => {_PATRUNJEL RADACINA KG}",0.000231761416478237,0.821052631578947,0.000282273520069647,35.891378921391,78
"{_MORCOVI,_PATRUNJEL RADACINA KG,_USTUROI} => {_GULII}",0.000231761416478237,0.251612903225806,0.000921103065490428,27.3960133999854,78
"{_GULII,_MERE GOLDEN,_TELINA} => {_PATRUNJEL RADACINA KG}",0.00010696680760534,0.72,0.000148565010562972,31.4739784387583,36
"{_GULII,_MERE GOLDEN,_PATRUNJEL RADACINA KG} => {_TELINA}",0.00010696680760534,0.837209302325581,0.000127765909084156,39.9780508407465,36
"{_MERE GOLDEN,_PATRUNJEL RADACINA KG,_TELINA} => {_GULII}",0.00010696680760534,0.404494382022472,0.000264445718802091,44.0419921555513,36
"{_GULII,_MERE GOLDEN,_TELINA} => {_MORCOVI}",0.000101024207182821,0.68,0.000148565010562972,16.21367623096,34
"{_GULII,_MERE GOLDEN,_MORCOVI} => {_TELINA}",0.000101024207182821,0.755555555555556,0.000133708509506675,36.0789569933157,34
"{_MERE GOLDEN,_MORCOVI,_TELINA} => {_GULII}",0.000101024207182821,0.361702127659574,0.000279302219858388,39.3827033873222,34
"{_GULII,_MERE GOLDEN,_PATRUNJEL RADACINA KG} => {_MORCOVI}",0.000103995507394081,0.813953488372093,0.000127765909084156,19.4076151875376,35
"{_GULII,_MERE GOLDEN,_MORCOVI} => {_PATRUNJEL RADACINA KG}",0.000103995507394081,0.777777777777778,0.000133708509506675,33.9996680665599,35
"{_MERE GOLDEN,_MORCOVI,_PATRUNJEL RADACINA KG} => {_GULII}",0.000103995507394081,0.267175572519084,0.000389240327674987,29.0905016040166,35
"{_GULII,_PATRUNJEL RADACINA KG,ELAN ULEI RAFINAT DE FLOAREA SOARELUI 1L} => {_MORCOVI}",0.00010696680760534,0.9,0.000118852008450378,21.4592773645058,36
"{_GULII,_MORCOVI,ELAN ULEI RAFINAT DE FLOAREA SOARELUI 1L} => {_PATRUNJEL RADACINA KG}",0.00010696680760534,0.782608695652174,0.000136679809717934,34.2108461290851,36
"{_MORCOVI,_PATRUNJEL RADACINA KG,ELAN ULEI RAFINAT DE FLOAREA SOARELUI 1L} => {_GULII}",0.00010696680760534,0.241610738255034,0.000442723731477657,26.3069617573427,36
"{_CLEMENTINA^2 A nu se consuma coaja,_GULII,_PATRUNJEL RADACINA KG} => {_MORCOVI}",0.000127765909084156,0.843137254901961,0.000151536310774232,20.1034624547658,43
"{_CLEMENTINA^2 A nu se consuma coaja,_GULII,_MORCOVI} => {_PATRUNJEL RADACINA KG}",0.000127765909084156,0.728813559322034,0.000175306712464307,31.859253127745,43
"{_CLEMENTINA^2 A nu se consuma coaja,_MORCOVI,_PATRUNJEL RADACINA KG} => {_GULII}",0.000127765909084156,0.241573033707865,0.000528891437604181,26.302856426232,43
"{_GULII,_PATRUNJEL RADACINA KG,OUA PROASPETE} => {_MORCOVI}",0.000112909408027859,0.844444444444444,0.000133708509506675,20.1346306136104,38
"{_GULII,_MORCOVI,OUA PROASPETE} => {_PATRUNJEL RADACINA KG}",0.000112909408027859,0.730769230769231,0.000154507610985491,31.944743073526,38
"{_MORCOVI,_PATRUNJEL RADACINA KG,OUA PROASPETE} => {_GULII}",0.000112909408027859,0.202127659574468,0.000558604439716776,22.00798130468,38
"{_GULII,_TELINA,COTLET PORC FARA OS} => {_PATRUNJEL RADACINA KG}",0.000139651109929194,0.770491803278688,0.000181249312886826,33.6811700050464,47
"{_GULII,_PATRUNJEL RADACINA KG,COTLET PORC FARA OS} => {_TELINA}",0.000139651109929194,0.691176470588235,0.000202048414365642,33.0047552079856,47
"{_PATRUNJEL RADACINA KG,_TELINA,COTLET PORC FARA OS} => {_GULII}",0.000139651109929194,0.29559748427673,0.000472436733590252,32.1851245958545,47
"{_GULII,_TELINA,COTLET PORC FARA OS} => {_MORCOVI}",0.000139651109929194,0.770491803278688,0.000181249312886826,18.3713303484841,47
"{_GULII,_MORCOVI,COTLET PORC FARA OS} => {_TELINA}",0.000139651109929194,0.661971830985915,0.000210962314999421,31.6101880865214,47
"{_MORCOVI,_TELINA,COTLET PORC FARA OS} => {_GULII}",0.000139651109929194,0.264044943820225,0.000528891437604181,28.7496337682071,47
"{_GULII,_PATRUNJEL RADACINA KG,COTLET PORC FARA OS} => {_MORCOVI}",0.000181249312886826,0.897058823529412,0.000202048414365642,21.3891490071055,61
"{_GULII,_MORCOVI,COTLET PORC FARA OS} => {_PATRUNJEL RADACINA KG}",0.000181249312886826,0.859154929577465,0.000210962314999421,37.5569774014917,61
"{_MORCOVI,_PATRUNJEL RADACINA KG,COTLET PORC FARA OS} => {_GULII}",0.000181249312886826,0.242063492063492,0.00074876765323738,26.356258312664,61
"{_CARTOFI ALBI,_GULII,_TELINA} => {_PATRUNJEL RADACINA KG}",0.000169364112041788,0.838235294117647,0.000202048414365642,36.6424994078681,57
"{_CARTOFI ALBI,_GULII,_PATRUNJEL RADACINA KG} => {_TELINA}",0.000169364112041788,0.77027027027027,0.000219876215633199,36.7816075865877,57
"{_CARTOFI ALBI,_PATRUNJEL RADACINA KG,_TELINA} => {_GULII}",0.000169364112041788,0.234567901234568,0.000722025951336045,25.5401264523447,57
"{_CARTOFI ALBI,_GULII,_TELINA} => {_MORCOVI}",0.000163421511619269,0.808823529411765,0.000202048414365642,19.2852982850951,55
"{_CARTOFI ALBI,_GULII,_MORCOVI} => {_TELINA}",0.000163421511619269,0.632183908045977,0.000258503118379572,30.1877682753402,55
"{_CARTOFI ALBI,_MORCOVI,_TELINA} => {_GULII}",0.000163421511619269,0.201465201465201,0.000811164957673829,21.9358518112967,55
"{_CARTOFI ALBI,_GULII,_PATRUNJEL RADACINA KG} => {_MORCOVI}",0.000196105813943123,0.891891891891892,0.000219876215633199,21.2659505414022,66
"{_CARTOFI ALBI,_GULII,_MORCOVI} => {_PATRUNJEL RADACINA KG}",0.000196105813943123,0.758620689655172,0.000258503118379572,33.162237818615,66
"{_CARTOFI ALBI,_MORCOVI,_PATRUNJEL RADACINA KG} => {_GULII}",0.000196105813943123,0.183333333333333,0.0010696680760534,19.96162514828,66
"{_GULII,_PATRUNJEL RADACINA KG,PIEPT DE PUI FARA OS REFR.VRAC SZEKELY CSURKE} => {_MORCOVI}",0.000142622410140453,0.842105263157895,0.000169364112041788,20.0788560135727,48
"{_GULII,_MORCOVI,PIEPT DE PUI FARA OS REFR.VRAC SZEKELY CSURKE} => {_PATRUNJEL RADACINA KG}",0.000142622410140453,0.716417910447761,0.000199077114154383,31.3173914813515,48
"{_MORCOVI,_PATRUNJEL RADACINA KG,PIEPT DE PUI FARA OS REFR.VRAC SZEKELY CSURKE} => {_GULII}",0.000142622410140453,0.212389380530973,0.000671513847744635,23.1252938161892,48
"{_GULII,_PATRUNJEL RADACINA KG,_ROSII VRAC} => {_MORCOVI}",0.000103995507394081,0.813953488372093,0.000127765909084156,19.4076151875376,35
"{_GULII,_MORCOVI,_ROSII VRAC} => {_PATRUNJEL RADACINA KG}",0.000103995507394081,0.7,0.000148565010562972,30.5997012599039,35
"{_MORCOVI,_PATRUNJEL RADACINA KG,_ROSII VRAC} => {_GULII}",0.000103995507394081,0.208333333333333,0.000499178435491587,22.6836649412272,35
"{_GULII,_PATRUNJEL RADACINA KG,FRANZELA ALBA COUNTRY 1KG} => {_MORCOVI}",0.000109938107816599,0.902439024390244,0.000121823308661637,21.5174325877159,37
"{_GULII,_MORCOVI,FRANZELA ALBA COUNTRY 1KG} => {_PATRUNJEL RADACINA KG}",0.000109938107816599,0.770833333333333,0.000142622410140453,33.6960996016799,37
"{_MORCOVI,_PATRUNJEL RADACINA KG,FRANZELA ALBA COUNTRY 1KG} => {_GULII}",0.000109938107816599,0.226993865030675,0.00048432193443529,24.7154533347359,37
"{_GULII,_MERE ROSII,_TELINA} => {_PATRUNJEL RADACINA KG}",0.000101024207182821,0.666666666666667,0.000151536310774232,29.1425726284799,34
"{_GULII,_MERE ROSII,_PATRUNJEL RADACINA KG} => {_TELINA}",0.000101024207182821,0.596491228070175,0.000169364112041788,28.4833870999861,34
"{_MERE ROSII,_PATRUNJEL RADACINA KG,_TELINA} => {_GULII}",0.000101024207182821,0.28099173553719,0.000359527325562393,30.5948274248618,34
"{_GULII,_MERE ROSII,_TELINA} => {_MORCOVI}",0.000118852008450378,0.784313725490196,0.000151536310774232,18.7008953067589,40
"{_GULII,_MERE ROSII,_MORCOVI} => {_TELINA}",0.000118852008450378,0.597014925373134,0.000199077114154383,28.5083944635506,40
"{_MERE ROSII,_MORCOVI,_TELINA} => {_GULII}",0.000118852008450378,0.27027027027027,0.000439752431266398,29.4274572210515,40
"{_GULII,_MERE ROSII,_PATRUNJEL RADACINA KG} => {_MORCOVI}",0.000142622410140453,0.842105263157895,0.000169364112041788,20.0788560135727,48
"{_GULII,_MERE ROSII,_MORCOVI} => {_PATRUNJEL RADACINA KG}",0.000142622410140453,0.716417910447761,0.000199077114154383,31.3173914813515,48
"{_MERE ROSII,_MORCOVI,_PATRUNJEL RADACINA KG} => {_GULII}",0.000142622410140453,0.24,0.000594260042251889,26.1315820122938,48
"{_CEAPA GALBENA,_GULII,_TELINA} => {_PATRUNJEL RADACINA KG}",0.000380326427041209,0.810126582278481,0.000469465433378992,35.4137591434692,128
"{_CEAPA GALBENA,_GULII,_PATRUNJEL RADACINA KG} => {_TELINA}",0.000380326427041209,0.790123456790123,0.00048135063422403,37.729628228304,128
"{_GULII,_PATRUNJEL RADACINA KG,_TELINA} => {_CEAPA GALBENA}",0.000380326427041209,0.130479102956167,0.00291484550724552,7.09649863238638,128
"{_CEAPA GALBENA,_PATRUNJEL RADACINA KG,_TELINA} => {_GULII}",0.000380326427041209,0.320802005012531,0.00118554878429252,34.9294329320551,128
"{_CEAPA GALBENA,_GULII,_TELINA} => {_MORCOVI}",0.000404096828731284,0.860759493670886,0.000469465433378992,20.5236407986835,136
"{_CEAPA GALBENA,_GULII,_MORCOVI} => {_TELINA}",0.000404096828731284,0.747252747252747,0.000540776638449219,35.6824849384441,136
"{_GULII,_MORCOVI,_TELINA} => {_CEAPA GALBENA}",0.000404096828731284,0.128544423440454,0.00314363562351249,6.99127526537734,136
"{_CEAPA GALBENA,_MORCOVI,_TELINA} => {_GULII}",0.000404096828731284,0.279260780287474,0.00144702320288335,30.4063582620803,136
"{_CEAPA GALBENA,_GULII,_PATRUNJEL RADACINA KG} => {_MORCOVI}",0.000436781131055138,0.907407407407407,0.00048135063422403,21.6358969312919,147
"{_CEAPA GALBENA,_GULII,_MORCOVI} => {_PATRUNJEL RADACINA KG}",0.000436781131055138,0.807692307692308,0.000540776638449219,35.3073476075814,147
"{_GULII,_MORCOVI,_PATRUNJEL RADACINA KG} => {_CEAPA GALBENA}",0.000436781131055138,0.121991701244813,0.00358041675456763,6.6348857513002,147
"{_CEAPA GALBENA,_MORCOVI,_PATRUNJEL RADACINA KG} => {_GULII}",0.000436781131055138,0.259717314487633,0.00168175591957285,28.2784345981094,147
"{_GULII,_TELINA,LAPTE DE CONSUM 3.5% GRASIME FRISS CUTIE 1L} => {_PATRUNJEL RADACINA KG}",0.000145593710351713,0.765625,0.000190163213520604,33.4684232530199,49
"{_GULII,_PATRUNJEL RADACINA KG,LAPTE DE CONSUM 3.5% GRASIME FRISS CUTIE 1L} => {_TELINA}",0.000145593710351713,0.753846153846154,0.000193134513731864,35.9973303937833,49
"{_PATRUNJEL RADACINA KG,_TELINA,LAPTE DE CONSUM 3.5% GRASIME FRISS CUTIE 1L} => {_GULII}",0.000145593710351713,0.345070422535211,0.000421924629998841,37.5718168603989,49
"{_GULII,_TELINA,LAPTE DE CONSUM 3.5% GRASIME FRISS CUTIE 1L} => {_MORCOVI}",0.00016045021140801,0.84375,0.000190163213520604,20.1180725292242,54
"{_GULII,_MORCOVI,LAPTE DE CONSUM 3.5% GRASIME FRISS CUTIE 1L} => {_TELINA}",0.00016045021140801,0.72972972972973,0.000219876215633199,34.8457335030831,54
"{_MORCOVI,_TELINA,LAPTE DE CONSUM 3.5% GRASIME FRISS CUTIE 1L} => {_GULII}",0.00016045021140801,0.339622641509434,0.000472436733590252,36.9786537909817,54
"{_GULII,_PATRUNJEL RADACINA KG,LAPTE DE CONSUM 3.5% GRASIME FRISS CUTIE 1L} => {_MORCOVI}",0.000181249312886826,0.938461538461538,0.000193134513731864,22.3763404997411,61
"{_GULII,_MORCOVI,LAPTE DE CONSUM 3.5% GRASIME FRISS CUTIE 1L} => {_PATRUNJEL RADACINA KG}",0.000181249312886826,0.824324324324324,0.000219876215633199,36.0343972365663,61
"{_MORCOVI,_PATRUNJEL RADACINA KG,LAPTE DE CONSUM 3.5% GRASIME FRISS CUTIE 1L} => {_GULII}",0.000181249312886826,0.267543859649123,0.000677456448167153,29.1306012929444,61
"{_ARDEI ROSU CAPIA,_GULII,_TELINA} => {_PATRUNJEL RADACINA KG}",0.000234732716689496,0.738317757009346,0.000317929122604761,32.2747182848118,79
"{_ARDEI ROSU CAPIA,_GULII,_PATRUNJEL RADACINA KG} => {_TELINA}",0.000234732716689496,0.652892561983471,0.000359527325562393,31.1766388213994,79
"{_ARDEI ROSU CAPIA,_PATRUNJEL RADACINA KG,_TELINA} => {_GULII}",0.000234732716689496,0.282142857142857,0.000831964059152645,30.7201633775477,79
"{_ARDEI ROSU CAPIA,_GULII,_TELINA} => {_MORCOVI}",0.000261474418590831,0.822429906542056,0.000317929122604761,19.6097238637229,88
"{_ARDEI ROSU CAPIA,_GULII,_MORCOVI} => {_TELINA}",0.000261474418590831,0.63768115942029,0.000410039429153803,30.4502706081692,88
"{_ARDEI ROSU CAPIA,_MORCOVI,_TELINA} => {_GULII}",0.000261474418590831,0.255072463768116,0.00102509857288451,27.7726958584765,88
"{_ARDEI ROSU CAPIA,_GULII,_PATRUNJEL RADACINA KG} => {_MORCOVI}",0.000309015221970982,0.859504132231405,0.000359527325562393,20.4937084105474,104
"{_ARDEI ROSU CAPIA,_GULII,_MORCOVI} => {_PATRUNJEL RADACINA KG}",0.000309015221970982,0.753623188405797,0.000410039429153803,32.9437777539338,104
"{_ARDEI ROSU CAPIA,_MORCOVI,_PATRUNJEL RADACINA KG} => {_GULII}",0.000309015221970982,0.244705882352941,0.00126280258978526,26.6439659733191,104
"{_ARDEI ROSU CAPIA,_GULII,_PATRUNJEL RADACINA KG} => {_BANANE}",0.00010696680760534,0.297520661157025,0.000359527325562393,3.2407104367396,36
"{_ARDEI ROSU CAPIA,_BANANE,_GULII} => {_PATRUNJEL RADACINA KG}",0.00010696680760534,0.705882352941177,0.000151536310774232,30.8568416066258,36
"{_BANANE,_GULII,_PATRUNJEL RADACINA KG} => {_ARDEI ROSU CAPIA}",0.00010696680760534,0.165898617511521,0.0006447721458433,8.90489273035962,36
"{_ARDEI ROSU CAPIA,_BANANE,_PATRUNJEL RADACINA KG} => {_GULII}",0.00010696680760534,0.363636363636364,0.000294158720914685,39.593306079233,36
"{_ARDEI ROSU CAPIA,_GULII,_MORCOVI} => {_BANANE}",0.000103995507394081,0.253623188405797,0.000410039429153803,2.76256213759908,35
"{_ARDEI ROSU CAPIA,_BANANE,_GULII} => {_MORCOVI}",0.000103995507394081,0.686274509803922,0.000151536310774232,16.363283393414,35
"{_BANANE,_GULII,_MORCOVI} => {_ARDEI ROSU CAPIA}",0.000103995507394081,0.142276422764228,0.000730939851969823,7.63693092672553,35
"{_ARDEI ROSU CAPIA,_BANANE,_MORCOVI} => {_GULII}",0.000103995507394081,0.269230769230769,0.000386269027463728,29.3142746932783,35
"{_GULII,_TELINA,SMANTANA 20% GRASIME FRISS 300G} => {_PATRUNJEL RADACINA KG}",0.000172335412253048,0.69047619047619,0.000249589217745793,30.1833787937827,58
"{_GULII,_PATRUNJEL RADACINA KG,SMANTANA 20% GRASIME FRISS 300G} => {_TELINA}",0.000172335412253048,0.666666666666667,0.000258503118379572,31.8343738176315,58
"{_PATRUNJEL RADACINA KG,_TELINA,SMANTANA 20% GRASIME FRISS 300G} => {_GULII}",0.000172335412253048,0.294416243654822,0.000585346141618111,32.0565092367394,58
"{_GULII,_TELINA,SMANTANA 20% GRASIME FRISS 300G} => {_MORCOVI}",0.000169364112041788,0.678571428571429,0.000249589217745793,16.1796138859369,57
"{_GULII,_MORCOVI,SMANTANA 20% GRASIME FRISS 300G} => {_TELINA}",0.000169364112041788,0.612903225806452,0.000276330919647128,29.2670856065322,57
"{_MORCOVI,_TELINA,SMANTANA 20% GRASIME FRISS 300G} => {_GULII}",0.000169364112041788,0.239495798319328,0.000707169450279748,26.0766837307553,57
"{_GULII,_PATRUNJEL RADACINA KG,SMANTANA 20% GRASIME FRISS 300G} => {_MORCOVI}",0.00021690491542194,0.839080459770115,0.000258503118379572,20.0067336859378,73
"{_GULII,_MORCOVI,SMANTANA 20% GRASIME FRISS 300G} => {_PATRUNJEL RADACINA KG}",0.00021690491542194,0.78494623655914,0.000276330919647128,34.313029062565,73
"{_MORCOVI,_PATRUNJEL RADACINA KG,SMANTANA 20% GRASIME FRISS 300G} => {_GULII}",0.00021690491542194,0.215976331360947,0.00100429947140569,23.5158467319705,73
"{_GULII,_LAMAIE^2 A nu se consuma coaja,_TELINA} => {_PATRUNJEL RADACINA KG}",0.000184220613098086,0.704545454545455,0.000261474418590831,30.7984006187344,62
"{_GULII,_LAMAIE^2 A nu se consuma coaja,_PATRUNJEL RADACINA KG} => {_TELINA}",0.000184220613098086,0.704545454545455,0.000261474418590831,33.6431450572696,62
"{_LAMAIE^2 A nu se consuma coaja,_PATRUNJEL RADACINA KG,_TELINA} => {_GULII}",0.000184220613098086,0.300970873786408,0.000612087843519446,32.7701877985884,62
"{_GULII,_LAMAIE^2 A nu se consuma coaja,_TELINA} => {_MORCOVI}",0.000178278012675567,0.681818181818182,0.000261474418590831,16.2570283064438,60
"{_GULII,_LAMAIE^2 A nu se consuma coaja,_MORCOVI} => {_TELINA}",0.000178278012675567,0.659340659340659,0.00027038831922461,31.4845455339212,60
"{_LAMAIE^2 A nu se consuma coaja,_MORCOVI,_TELINA} => {_GULII}",0.000178278012675567,0.247933884297521,0.000719054651124786,26.9954359631134,60
"{_GULII,_TELINA,LAPTE DE CONSUM 1.5% GRASIME FRISS CUTIE 1L} => {_PATRUNJEL RADACINA KG}",0.000166392811830529,0.717948717948718,0.000231761416478237,31.3843089845168,56
"{_GULII,_PATRUNJEL RADACINA KG,LAPTE DE CONSUM 1.5% GRASIME FRISS CUTIE 1L} => {_TELINA}",0.000166392811830529,0.727272727272727,0.000228790116266977,34.7284078010525,56
"{_PATRUNJEL RADACINA KG,_TELINA,LAPTE DE CONSUM 1.5% GRASIME FRISS CUTIE 1L} => {_GULII}",0.000166392811830529,0.325581395348837,0.000511063636336625,35.4498205593132,56
"{_GULII,_TELINA,CARNE TOCATA PORC VRAC} => {_PATRUNJEL RADACINA KG}",0.000196105813943123,0.702127659574468,0.000279302219858388,30.6927094704203,66
"{_GULII,_PATRUNJEL RADACINA KG,CARNE TOCATA PORC VRAC} => {_TELINA}",0.000196105813943123,0.66,0.000297130021125944,31.5160300794552,66
"{_PATRUNJEL RADACINA KG,_TELINA,CARNE TOCATA PORC VRAC} => {_GULII}",0.000196105813943123,0.256809338521401,0.000763624154293677,27.9618095462287,66
"{_GULII,_TELINA,APA MINERALA NATURALA CARBOGAZIFICATA CONTINUT REDUS CO2 TUSNAD 2L} => {_PATRUNJEL RADACINA KG}",0.000109938107816599,0.74,0.000148565010562972,32.3482556176127,37
"{_GULII,_PATRUNJEL RADACINA KG,APA MINERALA NATURALA CARBOGAZIFICATA CONTINUT REDUS CO2 TUSNAD 2L} => {_TELINA}",0.000109938107816599,0.770833333333333,0.000142622410140453,36.8084947266364,37
"{_PATRUNJEL RADACINA KG,_TELINA,APA MINERALA NATURALA CARBOGAZIFICATA CONTINUT REDUS CO2 TUSNAD 2L} => {_GULII}",0.000109938107816599,0.186868686868687,0.00058831744182937,20.3465600684947,37
"{_GULII,_TELINA,PAINE DE CASA PE FOI DE VARZA RIP-ROP 1KG} => {_PATRUNJEL RADACINA KG}",0.000193134513731864,0.619047619047619,0.000311986522182242,27.0609602978742,65
"{_GULII,_PATRUNJEL RADACINA KG,PAINE DE CASA PE FOI DE VARZA RIP-ROP 1KG} => {_TELINA}",0.000193134513731864,0.656565656565657,0.000294158720914685,31.3520348203946,65
"{_PATRUNJEL RADACINA KG,_TELINA,PAINE DE CASA PE FOI DE VARZA RIP-ROP 1KG} => {_GULII}",0.000193134513731864,0.256916996047431,0.00075173895344864,27.9735314690233,65
"{_GULII,_PATRUNJEL RADACINA KG,_TELINA} => {_MORCOVI}",0.00255828948189438,0.877675840978593,0.00291484550724552,20.9269881196506,861
"{_GULII,_MORCOVI,_TELINA} => {_PATRUNJEL RADACINA KG}",0.00255828948189438,0.813799621928166,0.00314363562351249,35.5743218806066,861
"{_GULII,_MORCOVI,_PATRUNJEL RADACINA KG} => {_TELINA}",0.00255828948189438,0.714522821576764,0.00358041675456763,34.1195799049552,861
"{_MORCOVI,_PATRUNJEL RADACINA KG,_TELINA} => {_GULII}",0.00255828948189438,0.269990592662277,0.00947547637370637,29.3970054779253,861
"{_GULII,_TELINA,PAINE CU CARTOFI FELII BACHUS 1.2 KG} => {_PATRUNJEL RADACINA KG}",0.000202048414365642,0.647619047619048,0.000311986522182242,28.3099276962376,68
"{_GULII,_PATRUNJEL RADACINA KG,PAINE CU CARTOFI FELII BACHUS 1.2 KG} => {_TELINA}",0.000202048414365642,0.673267326732673,0.000300101321337204,32.149565637608,68
"{_PATRUNJEL RADACINA KG,_TELINA,PAINE CU CARTOFI FELII BACHUS 1.2 KG} => {_GULII}",0.000202048414365642,0.232081911262799,0.000870590961899017,25.2694479072238,68
"{_GULII,_PATRUNJEL RADACINA KG,_TELINA} => {_BANANE}",0.000442723731477657,0.151885830784913,0.00291484550724552,1.65439937886449,149
"{_BANANE,_GULII,_TELINA} => {_PATRUNJEL RADACINA KG}",0.000442723731477657,0.680365296803653,0.000650714746265819,29.7413926139966,149
"{_BANANE,_GULII,_PATRUNJEL RADACINA KG} => {_TELINA}",0.000442723731477657,0.686635944700461,0.0006447721458433,32.7879380103255,149
"{_BANANE,_PATRUNJEL RADACINA KG,_TELINA} => {_GULII}",0.000442723731477657,0.307216494845361,0.00144108060246083,33.450220960754,149
"{_GULII,_TELINA,LAPTE DE CONSUM 1.5% GRASIME FRISS CUTIE 1L} => {_MORCOVI}",0.000172335412253048,0.743589743589744,0.000231761416478237,17.7298872812157,58
"{_GULII,_MORCOVI,LAPTE DE CONSUM 1.5% GRASIME FRISS CUTIE 1L} => {_TELINA}",0.000172335412253048,0.623655913978495,0.000276330919647128,29.780543248752,58
"{_MORCOVI,_TELINA,LAPTE DE CONSUM 1.5% GRASIME FRISS CUTIE 1L} => {_GULII}",0.000172335412253048,0.291457286432161,0.00059128874204063,31.7343332645108,58
"{_GULII,_TELINA,CARNE TOCATA PORC VRAC} => {_MORCOVI}",0.000193134513731864,0.691489361702128,0.000279302219858388,16.4876244526345,65
"{_GULII,_MORCOVI,CARNE TOCATA PORC VRAC} => {_TELINA}",0.000193134513731864,0.537190082644628,0.000359527325562393,25.6516648530502,65
"{_MORCOVI,_TELINA,CARNE TOCATA PORC VRAC} => {_GULII}",0.000193134513731864,0.202492211838006,0.000953787367814282,22.0476743353984,65
"{_GULII,_TELINA,APA MINERALA NATURALA CARBOGAZIFICATA CONTINUT REDUS CO2 TUSNAD 2L} => {_MORCOVI}",0.000118852008450378,0.8,0.000148565010562972,19.0749132128941,40
"{_GULII,_MORCOVI,APA MINERALA NATURALA CARBOGAZIFICATA CONTINUT REDUS CO2 TUSNAD 2L} => {_TELINA}",0.000118852008450378,0.784313725490196,0.000151536310774232,37.4522044913311,40
"{_MORCOVI,_TELINA,APA MINERALA NATURALA CARBOGAZIFICATA CONTINUT REDUS CO2 TUSNAD 2L} => {_GULII}",0.000118852008450378,0.184331797235023,0.0006447721458433,20.0703394871688,40
"{_GULII,_TELINA,PAINE DE CASA PE FOI DE VARZA RIP-ROP 1KG} => {_MORCOVI}",0.000246617917534534,0.79047619047619,0.000311986522182242,18.8478309127406,83
"{_GULII,_MORCOVI,PAINE DE CASA PE FOI DE VARZA RIP-ROP 1KG} => {_TELINA}",0.000246617917534534,0.62406015037594,0.000395182928097506,29.7998461676325,83
"{_MORCOVI,_TELINA,PAINE DE CASA PE FOI DE VARZA RIP-ROP 1KG} => {_GULII}",0.000246617917534534,0.254601226993865,0.000968643868870579,27.72138684842,83
"{_GULII,_TELINA,PAINE CU CARTOFI FELII BACHUS 1.2 KG} => {_MORCOVI}",0.000222847515844458,0.714285714285714,0.000311986522182242,17.0311725115126,75
"{_GULII,_MORCOVI,PAINE CU CARTOFI FELII BACHUS 1.2 KG} => {_TELINA}",0.000222847515844458,0.646551724137931,0.000344670824506096,30.8738539179616,75
"{_MORCOVI,_TELINA,PAINE CU CARTOFI FELII BACHUS 1.2 KG} => {_GULII}",0.000222847515844458,0.21865889212828,0.00101915597246199,23.8079282181977,75
"{_GULII,_MORCOVI,_TELINA} => {_BANANE}",0.000496207135280327,0.157844990548204,0.00314363562351249,1.719308858307,167
"{_BANANE,_GULII,_TELINA} => {_MORCOVI}",0.000496207135280327,0.762557077625571,0.000650714746265819,18.1821375944824,167
"{_BANANE,_GULII,_MORCOVI} => {_TELINA}",0.000496207135280327,0.678861788617886,0.000730939851969824,32.4167099240516,167
"{_BANANE,_MORCOVI,_TELINA} => {_GULII}",0.000496207135280327,0.288927335640138,0.00171741152210796,31.4588681953075,167
"{_GULII,_LAMAIE^2 A nu se consuma coaja,_PATRUNJEL RADACINA KG} => {_MORCOVI}",0.000219876215633199,0.840909090909091,0.000261474418590831,20.0503349112807,74
"{_GULII,_LAMAIE^2 A nu se consuma coaja,_MORCOVI} => {_PATRUNJEL RADACINA KG}",0.000219876215633199,0.813186813186813,0.00027038831922461,35.5475336457282,74
"{_LAMAIE^2 A nu se consuma coaja,_MORCOVI,_PATRUNJEL RADACINA KG} => {_GULII}",0.000219876215633199,0.237179487179487,0.000927045665912947,25.8244800869356,74
"{_GULII,_PATRUNJEL RADACINA KG,LAPTE DE CONSUM 1.5% GRASIME FRISS CUTIE 1L} => {_MORCOVI}",0.000202048414365642,0.883116883116883,0.000228790116266977,21.0567223778701,68
"{_GULII,_MORCOVI,LAPTE DE CONSUM 1.5% GRASIME FRISS CUTIE 1L} => {_PATRUNJEL RADACINA KG}",0.000202048414365642,0.731182795698925,0.000276330919647128,31.9628215925263,68
"{_MORCOVI,_PATRUNJEL RADACINA KG,LAPTE DE CONSUM 1.5% GRASIME FRISS CUTIE 1L} => {_GULII}",0.000202048414365642,0.236111111111111,0.00085573446084272,25.7081536000575,68
"{_GULII,_PATRUNJEL RADACINA KG,CARNE TOCATA PORC VRAC} => {_MORCOVI}",0.000240675317112015,0.81,0.000297130021125944,19.3133496280553,81
"{_GULII,_MORCOVI,CARNE TOCATA PORC VRAC} => {_PATRUNJEL RADACINA KG}",0.000240675317112015,0.669421487603306,0.000359527325562393,29.2629964823166,81
"{_MORCOVI,_PATRUNJEL RADACINA KG,CARNE TOCATA PORC VRAC} => {_GULII}",0.000240675317112015,0.196125907990315,0.00122714698725015,21.354501039102,81
"{_GULII,_PATRUNJEL RADACINA KG,APA MINERALA NATURALA CARBOGAZIFICATA CONTINUT REDUS CO2 TUSNAD 2L} => {_MORCOVI}",0.000121823308661637,0.854166666666667,0.000142622410140453,20.3664437950171,41
"{_GULII,_MORCOVI,APA MINERALA NATURALA CARBOGAZIFICATA CONTINUT REDUS CO2 TUSNAD 2L} => {_PATRUNJEL RADACINA KG}",0.000121823308661637,0.803921568627451,0.000151536310774232,35.1425140519905,41
"{_MORCOVI,_PATRUNJEL RADACINA KG,APA MINERALA NATURALA CARBOGAZIFICATA CONTINUT REDUS CO2 TUSNAD 2L} => {_GULII}",0.000121823308661637,0.137123745819398,0.000888418763166574,14.9302517071355,41
"{_GULII,_PATRUNJEL RADACINA KG,PAINE DE CASA PE FOI DE VARZA RIP-ROP 1KG} => {_MORCOVI}",0.000261474418590831,0.888888888888889,0.000294158720914685,21.1943480143268,88
"{_GULII,_MORCOVI,PAINE DE CASA PE FOI DE VARZA RIP-ROP 1KG} => {_PATRUNJEL RADACINA KG}",0.000261474418590831,0.661654135338346,0.000395182928097506,28.9234555410477,88
"{_MORCOVI,_PATRUNJEL RADACINA KG,PAINE DE CASA PE FOI DE VARZA RIP-ROP 1KG} => {_GULII}",0.000261474418590831,0.211538461538462,0.00123606088788393,23.0326444018615,88
"{_GULII,_PATRUNJEL RADACINA KG,PAINE CU CARTOFI FELII BACHUS 1.2 KG} => {_MORCOVI}",0.000249589217745793,0.831683168316832,0.000300101321337204,19.8303553203354,84
"{_GULII,_MORCOVI,PAINE CU CARTOFI FELII BACHUS 1.2 KG} => {_PATRUNJEL RADACINA KG}",0.000249589217745793,0.724137931034483,0.000344670824506096,31.6548633723144,84
"{_MORCOVI,_PATRUNJEL RADACINA KG,PAINE CU CARTOFI FELII BACHUS 1.2 KG} => {_GULII}",0.000249589217745793,0.193103448275862,0.00129251559189786,21.0254108144892,84
"{_GULII,_MORCOVI,_PATRUNJEL RADACINA KG} => {_BANANE}",0.000552661839294257,0.154356846473029,0.00358041675456763,1.68131464013973,186
"{_BANANE,_GULII,_PATRUNJEL RADACINA KG} => {_MORCOVI}",0.000552661839294257,0.857142857142857,0.0006447721458433,20.4374070138151,186
"{_BANANE,_GULII,_MORCOVI} => {_PATRUNJEL RADACINA KG}",0.000552661839294257,0.75609756097561,0.000730939851969823,33.0519421274223,186
"{_BANANE,_MORCOVI,_PATRUNJEL RADACINA KG} => {_GULII}",0.000552661839294257,0.25,0.00221064735717703,27.2203979294727,186
"{_ARDEI ALB BIANCA,_CEAPA GALBENA,_TELINA} => {_PATRUNJEL RADACINA KG}",0.000130737209295416,0.676923076923077,0.000193134513731864,29.5909198996873,44
"{_ARDEI ALB BIANCA,_CEAPA GALBENA,_PATRUNJEL RADACINA KG} => {_TELINA}",0.000130737209295416,0.745762711864407,0.000175306712464307,35.6113334231132,44
"{_ARDEI ALB BIANCA,_PATRUNJEL RADACINA KG,_TELINA} => {_CEAPA GALBENA}",0.000130737209295416,0.120218579234973,0.00108749587732096,6.53844917538264,44
"{_CEAPA GALBENA,_PATRUNJEL RADACINA KG,_TELINA} => {_ARDEI ALB BIANCA}",0.000130737209295416,0.110275689223058,0.00118554878429252,10.951199184151,44
"{_ARDEI ALB BIANCA,_CEAPA GALBENA,_TELINA} => {_MORCOVI}",0.000151536310774232,0.784615384615385,0.000193134513731864,18.7080879588,51
"{_ARDEI ALB BIANCA,_CEAPA GALBENA,_MORCOVI} => {_TELINA}",0.000151536310774232,0.542553191489362,0.000279302219858388,25.907761670732,51
"{_ARDEI ALB BIANCA,_MORCOVI,_TELINA} => {_CEAPA GALBENA}",0.000151536310774232,0.118055555555556,0.00128360169126408,6.42080662393162,51
"{_CEAPA GALBENA,_MORCOVI,_TELINA} => {_ARDEI ALB BIANCA}",0.000151536310774232,0.104722792607803,0.00144702320288335,10.399755096056,51
"{_ARDEI ALB BIANCA,_CEAPA GALBENA,_PATRUNJEL RADACINA KG} => {_MORCOVI}",0.000151536310774232,0.864406779661017,0.000175306712464307,20.6106053783389,51
"{_ARDEI ALB BIANCA,_CEAPA GALBENA,_MORCOVI} => {_PATRUNJEL RADACINA KG}",0.000151536310774232,0.542553191489362,0.000279302219858388,23.7170936816884,51
"{_ARDEI ALB BIANCA,_MORCOVI,_PATRUNJEL RADACINA KG} => {_CEAPA GALBENA}",0.000151536310774232,0.10625,0.00142622410140453,5.77872596153846,51
"{_ARDEI ALB BIANCA,_ARDEI ROSU CAPIA,_TELINA} => {_PATRUNJEL RADACINA KG}",0.000136679809717934,0.613333333333333,0.000222847515844458,26.8111668182015,46
"{_ARDEI ALB BIANCA,_ARDEI ROSU CAPIA,_PATRUNJEL RADACINA KG} => {_TELINA}",0.000136679809717934,0.676470588235294,0.000202048414365642,32.3025263737731,46
"{_ARDEI ALB BIANCA,_PATRUNJEL RADACINA KG,_TELINA} => {_ARDEI ROSU CAPIA}",0.000136679809717934,0.12568306010929,0.00108749587732096,6.74625373667651,46
"{_ARDEI ROSU CAPIA,_PATRUNJEL RADACINA KG,_TELINA} => {_ARDEI ALB BIANCA}",0.000136679809717934,0.164285714285714,0.000831964059152645,16.3147978754795,46
"{_ARDEI ALB BIANCA,_ARDEI ROSU CAPIA,_TELINA} => {_MORCOVI}",0.000175306712464307,0.786666666666667,0.000222847515844458,18.7569979926792,59
"{_ARDEI ALB BIANCA,_ARDEI ROSU CAPIA,_MORCOVI} => {_TELINA}",0.000175306712464307,0.59,0.000297130021125945,28.1734208286039,59
"{_ARDEI ALB BIANCA,_MORCOVI,_TELINA} => {_ARDEI ROSU CAPIA}",0.000175306712464307,0.136574074074074,0.00128360169126408,7.33084758402741,59
"{_ARDEI ROSU CAPIA,_MORCOVI,_TELINA} => {_ARDEI ALB BIANCA}",0.000175306712464307,0.171014492753623,0.00102509857288451,16.9830158098879,59
"{_ARDEI ALB BIANCA,_ARDEI ROSU CAPIA,_PATRUNJEL RADACINA KG} => {_MORCOVI}",0.000175306712464307,0.867647058823529,0.000202048414365642,20.687865433102,59
"{_ARDEI ALB BIANCA,_ARDEI ROSU CAPIA,_MORCOVI} => {_PATRUNJEL RADACINA KG}",0.000175306712464307,0.59,0.000297130021125945,25.7911767762047,59
"{_ARDEI ALB BIANCA,_MORCOVI,_PATRUNJEL RADACINA KG} => {_ARDEI ROSU CAPIA}",0.000175306712464307,0.122916666666667,0.00142622410140453,6.59776282562467,59
"{_ARDEI ROSU CAPIA,_MORCOVI,_PATRUNJEL RADACINA KG} => {_ARDEI ALB BIANCA}",0.000175306712464307,0.138823529411765,0.00126280258978526,13.786212833909,59
"{_ARDEI ALB BIANCA,_PATRUNJEL RADACINA KG,_TELINA} => {_MORCOVI}",0.000956758668025541,0.879781420765027,0.00108749587732096,20.9771928092619,322
"{_ARDEI ALB BIANCA,_MORCOVI,_TELINA} => {_PATRUNJEL RADACINA KG}",0.000956758668025541,0.74537037037037,0.00128360169126408,32.5830152304532,322
"{_ARDEI ALB BIANCA,_MORCOVI,_PATRUNJEL RADACINA KG} => {_TELINA}",0.000956758668025541,0.670833333333333,0.00142622410140453,32.0333386539917,322
"{_MORCOVI,_PATRUNJEL RADACINA KG,_TELINA} => {_ARDEI ALB BIANCA}",0.000956758668025541,0.100972091564754,0.00947547637370637,10.027282482264,322
"{_ARDEI ALB BIANCA,_PATRUNJEL RADACINA KG,_TELINA} => {_BANANE}",0.000136679809717934,0.12568306010929,0.00108749587732096,1.36898863774231,46
"{_ARDEI ALB BIANCA,_BANANE,_TELINA} => {_PATRUNJEL RADACINA KG}",0.000136679809717934,0.575,0.000237704016900756,25.1354688920639,46
"{_ARDEI ALB BIANCA,_BANANE,_PATRUNJEL RADACINA KG} => {_TELINA}",0.000136679809717934,0.55421686746988,0.000246617917534534,26.4647204026093,46
"{_ARDEI ALB BIANCA,_TELINA,CARNE TOCATA PORC VRAC} => {_MORCOVI}",0.000130737209295416,0.709677419354839,0.000184220613098086,16.9212939791802,44
"{_ARDEI ALB BIANCA,_MORCOVI,_TELINA} => {CARNE TOCATA PORC VRAC}",0.000130737209295416,0.101851851851852,0.00128360169126408,3.40978278089091,44
"{_ARDEI ALB BIANCA,_MORCOVI,CARNE TOCATA PORC VRAC} => {_TELINA}",0.000130737209295416,0.448979591836735,0.000291187420703426,21.4394762445273,44
"{_MORCOVI,_TELINA,CARNE TOCATA PORC VRAC} => {_ARDEI ALB BIANCA}",0.000130737209295416,0.137071651090343,0.000953787367814282,13.6122382382438,44
"{_ARDEI ALB BIANCA,_MORCOVI,_TELINA} => {_BANANE}",0.000154507610985491,0.12037037037037,0.00128360169126408,1.31112076054305,52
"{_ARDEI ALB BIANCA,_BANANE,_TELINA} => {_MORCOVI}",0.000154507610985491,0.65,0.000237704016900756,15.4983669854764,52
"{_ARDEI ALB BIANCA,_BANANE,_MORCOVI} => {_TELINA}",0.000154507610985491,0.416,0.000371412526407431,19.864649262202,52
"{_ARDEI ALB BIANCA,_PATRUNJEL RADACINA KG,CARNE TOCATA PORC VRAC} => {_MORCOVI}",0.000130737209295416,0.785714285714286,0.000166392811830529,18.7342897626638,44
"{_ARDEI ALB BIANCA,_MORCOVI,CARNE TOCATA PORC VRAC} => {_PATRUNJEL RADACINA KG}",0.000130737209295416,0.448979591836735,0.000291187420703426,19.6266305457109,44
"{_MORCOVI,_PATRUNJEL RADACINA KG,CARNE TOCATA PORC VRAC} => {_ARDEI ALB BIANCA}",0.000130737209295416,0.106537530266344,0.00122714698725015,10.5799720931628,44
"{_ARDEI ALB BIANCA,_PATRUNJEL RADACINA KG,PAINE DE CASA PE FOI DE VARZA RIP-ROP 1KG} => {_MORCOVI}",0.000115880708239118,0.847826086956522,0.000136679809717934,20.2152612854041,39
"{_ARDEI ALB BIANCA,_MORCOVI,PAINE DE CASA PE FOI DE VARZA RIP-ROP 1KG} => {_PATRUNJEL RADACINA KG}",0.000115880708239118,0.527027027027027,0.000219876215633199,23.0383851184605,39
"{_ARDEI ALB BIANCA,_MORCOVI,_PATRUNJEL RADACINA KG} => {_BANANE}",0.000193134513731864,0.135416666666667,0.00142622410140453,1.47501085561093,65
"{_ARDEI ALB BIANCA,_BANANE,_PATRUNJEL RADACINA KG} => {_MORCOVI}",0.000193134513731864,0.783132530120482,0.000246617917534534,18.6727313078029,65
"{_ARDEI ALB BIANCA,_BANANE,_MORCOVI} => {_PATRUNJEL RADACINA KG}",0.000193134513731864,0.52,0.000371412526407431,22.7312066502143,65
"{_PATRUNJEL RADACINA KG,_TELINA,SZEKELYHON} => {_MORCOVI}",0.000101024207182821,0.894736842105263,0.000112909408027859,21.333784514421,34
"{_MORCOVI,_TELINA,SZEKELYHON} => {_PATRUNJEL RADACINA KG}",0.000101024207182821,0.739130434782609,0.000136679809717934,32.3102435663581,34
"{_MORCOVI,_PATRUNJEL RADACINA KG,SZEKELYHON} => {_TELINA}",0.000101024207182821,0.5,0.000202048414365642,23.8757803632236,34
"{_LAMAIE^2 A nu se consuma coaja,LAPTE DE CONSUM 1.5% GRASIME FRISS CUTIE 1L,SZEKELYHON} => {PAINE DE CASA PE FOI DE VARZA RIP-ROP 1KG}",0.000118852008450378,0.784313725490196,0.000151536310774232,13.4435007514592,40
"{_LAMAIE^2 A nu se consuma coaja,PAINE DE CASA PE FOI DE VARZA RIP-ROP 1KG,SZEKELYHON} => {LAPTE DE CONSUM 1.5% GRASIME FRISS CUTIE 1L}",0.000118852008450378,0.336134453781513,0.000353584725139874,11.7914382763737,40
"{LAPTE DE CONSUM 1.5% GRASIME FRISS CUTIE 1L,PAINE DE CASA PE FOI DE VARZA RIP-ROP 1KG,SZEKELYHON} => {_LAMAIE^2 A nu se consuma coaja}",0.000118852008450378,0.454545454545455,0.000261474418590831,17.0222139049334,40
"{_LAMAIE^2 A nu se consuma coaja,LAPTE DE CONSUM 1.5% GRASIME FRISS CUTIE 1L,PAINE DE CASA PE FOI DE VARZA RIP-ROP 1KG} => {SZEKELYHON}",0.000118852008450378,0.43010752688172,0.000276330919647128,27.4363113143714,40
"{_CEAPA GALBENA,_TELINA,_USTUROI} => {_PATRUNJEL RADACINA KG}",0.000130737209295416,0.628571428571429,0.000207991014788161,27.4772827639953,44
"{_CEAPA GALBENA,_PATRUNJEL RADACINA KG,_USTUROI} => {_TELINA}",0.000130737209295416,0.602739726027397,0.000216904915421939,28.7817626296394,44
"{_PATRUNJEL RADACINA KG,_TELINA,_USTUROI} => {_CEAPA GALBENA}",0.000130737209295416,0.199095022624434,0.000656657346688337,10.8283818922626,44
"{_CEAPA GALBENA,_PATRUNJEL RADACINA KG,_TELINA} => {_USTUROI}",0.000130737209295416,0.110275689223058,0.00118554878429252,9.54322808822003,44
"{_CEAPA GALBENA,_TELINA,_USTUROI} => {_MORCOVI}",0.000154507610985491,0.742857142857143,0.000207991014788161,17.7124194119731,52
"{_CEAPA GALBENA,_MORCOVI,_USTUROI} => {_TELINA}",0.000154507610985491,0.337662337662338,0.000457580232533955,16.1239036219172,52
"{_MORCOVI,_TELINA,_USTUROI} => {_CEAPA GALBENA}",0.000154507610985491,0.199233716475096,0.000775509355138715,10.8359251746676,52
"{_CEAPA GALBENA,_MORCOVI,_TELINA} => {_USTUROI}",0.000154507610985491,0.106776180698152,0.00144702320288335,9.24038157431348,52
"{_CEAPA GALBENA,_PATRUNJEL RADACINA KG,_USTUROI} => {_MORCOVI}",0.000190163213520604,0.876712328767123,0.00021690491542194,20.9040144798839,64
"{_CEAPA GALBENA,_MORCOVI,_USTUROI} => {_PATRUNJEL RADACINA KG}",0.000190163213520604,0.415584415584416,0.000457580232533955,18.1667985216498,64
"{_MORCOVI,_PATRUNJEL RADACINA KG,_USTUROI} => {_CEAPA GALBENA}",0.000190163213520604,0.206451612903226,0.000921103065490428,11.228492190921,64
"{_CEAPA GALBENA,_MORCOVI,_PATRUNJEL RADACINA KG} => {_USTUROI}",0.000190163213520604,0.113074204946996,0.00168175591957285,9.78541087619607,64
"{_ARDEI ROSU CAPIA,_PATRUNJEL RADACINA KG,_USTUROI} => {_MORCOVI}",0.000101024207182821,0.85,0.000118852008450378,20.2670952887,34
"{_ARDEI ROSU CAPIA,_MORCOVI,_USTUROI} => {_PATRUNJEL RADACINA KG}",0.000101024207182821,0.566666666666667,0.000178278012675567,24.7711867342079,34
"{_MORCOVI,_PATRUNJEL RADACINA KG,_USTUROI} => {_ARDEI ROSU CAPIA}",0.000101024207182821,0.109677419354839,0.000921103065490428,5.88712352729331,34
"{_PATRUNJEL RADACINA KG,_TELINA,_USTUROI} => {_MORCOVI}",0.000570489640561813,0.868778280542986,0.000656657346688337,20.714837878256,192
"{_MORCOVI,_TELINA,_USTUROI} => {_PATRUNJEL RADACINA KG}",0.000570489640561813,0.735632183908046,0.000775509355138715,32.1573215210813,192
"{_MORCOVI,_PATRUNJEL RADACINA KG,_USTUROI} => {_TELINA}",0.000570489640561813,0.619354838709677,0.000921103065490428,29.5751601918641,192
"{_PATRUNJEL RADACINA KG,_USTUROI,CARNE TOCATA PORC VRAC} => {_MORCOVI}",0.000101024207182821,0.739130434782609,0.000136679809717934,17.6235611206087,34
"{_MORCOVI,_PATRUNJEL RADACINA KG,_USTUROI} => {CARNE TOCATA PORC VRAC}",0.000101024207182821,0.109677419354839,0.000921103065490428,3.67176609132886,34
"{_MORCOVI,_USTUROI,CARNE TOCATA PORC VRAC} => {_PATRUNJEL RADACINA KG}",0.000101024207182821,0.409638554216867,0.000246617917534534,17.9068819765358,34
"{_MORCOVI,_PATRUNJEL RADACINA KG,_USTUROI} => {_BANANE}",0.000127765909084156,0.138709677419355,0.000921103065490428,1.51087960594589,43
"{_BANANE,_PATRUNJEL RADACINA KG,_USTUROI} => {_MORCOVI}",0.000127765909084156,0.826923076923077,0.000154507610985491,19.7168574075588,43
"{_BANANE,_MORCOVI,_USTUROI} => {_PATRUNJEL RADACINA KG}",0.000127765909084156,0.43,0.000297130021125945,18.7969593453695,43
"{_CASTRAVETI CORNISON,_PATRUNJEL RADACINA KG,_TELINA} => {_MORCOVI}",0.000228790116266977,0.83695652173913,0.000273359619435869,19.9560912689245,77
"{_CASTRAVETI CORNISON,_MORCOVI,_TELINA} => {_PATRUNJEL RADACINA KG}",0.000228790116266977,0.693693693693694,0.000329814323449798,30.3240282755804,77
"{_CASTRAVETI CORNISON,_MORCOVI,_PATRUNJEL RADACINA KG} => {_TELINA}",0.000228790116266977,0.516778523489933,0.000442723731477657,24.6769810465533,77
"{_MERE GOLDEN,_PATRUNJEL RADACINA KG,_TELINA} => {_MORCOVI}",0.000225818816055718,0.853932584269663,0.000264445718802091,20.3608624182577,76
"{_MERE GOLDEN,_MORCOVI,_TELINA} => {_PATRUNJEL RADACINA KG}",0.000225818816055718,0.808510638297872,0.000279302219858388,35.3431199962416,76
"{_MERE GOLDEN,_MORCOVI,_PATRUNJEL RADACINA KG} => {_TELINA}",0.000225818816055718,0.580152671755725,0.000389240327674987,27.7031955359541,76
"{_PATRUNJEL RADACINA KG,_TELINA,ELAN ULEI RAFINAT DE FLOAREA SOARELUI 1L} => {_MORCOVI}",0.000228790116266977,0.810526315789474,0.000282273520069647,19.3258989130637,77
"{_MORCOVI,_TELINA,ELAN ULEI RAFINAT DE FLOAREA SOARELUI 1L} => {_PATRUNJEL RADACINA KG}",0.000228790116266977,0.733333333333333,0.000311986522182242,32.0568298913279,77
"{_MORCOVI,_PATRUNJEL RADACINA KG,ELAN ULEI RAFINAT DE FLOAREA SOARELUI 1L} => {_TELINA}",0.000228790116266977,0.516778523489933,0.000442723731477657,24.6769810465533,77
"{_CLEMENTINA^2 A nu se consuma coaja,_PATRUNJEL RADACINA KG,_TELINA} => {_MORCOVI}",0.000258503118379572,0.776785714285714,0.000332785623661058,18.5214001062699,87
"{_CLEMENTINA^2 A nu se consuma coaja,_MORCOVI,_TELINA} => {_PATRUNJEL RADACINA KG}",0.000258503118379572,0.73109243697479,0.000353584725139874,31.9588716640053,87
"{_CLEMENTINA^2 A nu se consuma coaja,_MORCOVI,_PATRUNJEL RADACINA KG} => {_TELINA}",0.000258503118379572,0.48876404494382,0.000528891437604181,23.3392459730388,87
"{_CLEMENTINA^2 A nu se consuma coaja,_MORCOVI,_TELINA} => {_BANANE}",0.000103995507394081,0.294117647058824,0.000353584725139874,3.20364348729977,35
"{_BANANE,_CLEMENTINA^2 A nu se consuma coaja,_TELINA} => {_MORCOVI}",0.000103995507394081,0.625,0.000166392811830529,14.9022759475735,35
"{_BANANE,_CLEMENTINA^2 A nu se consuma coaja,_MORCOVI} => {_TELINA}",0.000103995507394081,0.336538461538462,0.000309015221970982,16.070236782939,35
"{_CLEMENTINA^2 A nu se consuma coaja,_MORCOVI,_PATRUNJEL RADACINA KG} => {_BANANE}",0.000142622410140453,0.269662921348315,0.000528891437604181,2.93727312992878,48
"{_BANANE,_CLEMENTINA^2 A nu se consuma coaja,_PATRUNJEL RADACINA KG} => {_MORCOVI}",0.000142622410140453,0.75,0.000190163213520604,17.8827311370882,48
"{_BANANE,_CLEMENTINA^2 A nu se consuma coaja,_MORCOVI} => {_PATRUNJEL RADACINA KG}",0.000142622410140453,0.461538461538462,0.000309015221970982,20.1756272043322,48
"{_PATRUNJEL RADACINA KG,_TELINA,OUA PROASPETE} => {_MORCOVI}",0.000246617917534534,0.775700934579439,0.000317929122604761,18.4955350078295,83
"{_MORCOVI,_TELINA,OUA PROASPETE} => {_PATRUNJEL RADACINA KG}",0.000246617917534534,0.638461538461538,0.000386269027463728,27.9096176326596,83
"{_MORCOVI,_PATRUNJEL RADACINA KG,OUA PROASPETE} => {_TELINA}",0.000246617917534534,0.441489361702128,0.000558604439716776,21.0818060653996,83
"{_MORCOVI,_PATRUNJEL RADACINA KG,OUA PROASPETE} => {_BANANE}",0.000101024207182821,0.180851063829787,0.000558604439716776,1.96989993155241,34
"{_BANANE,_PATRUNJEL RADACINA KG,OUA PROASPETE} => {_MORCOVI}",0.000101024207182821,0.871794871794872,0.000115880708239118,20.7867643986666,34
"{_BANANE,_MORCOVI,OUA PROASPETE} => {_PATRUNJEL RADACINA KG}",0.000101024207182821,0.5,0.000202048414365642,21.8569294713599,34
"{_PATRUNJEL RADACINA KG,_TELINA,APA MINERALA NATURALA CARBOGAZOASA PERLA HARGHITEI  2L} => {_MORCOVI}",0.000133708509506675,0.76271186440678,0.000175306712464307,18.185828275005,45
"{_MORCOVI,_TELINA,APA MINERALA NATURALA CARBOGAZOASA PERLA HARGHITEI  2L} => {_PATRUNJEL RADACINA KG}",0.000133708509506675,0.775862068965517,0.000172335412253048,33.9159250417654,45
"{_MORCOVI,_PATRUNJEL RADACINA KG,APA MINERALA NATURALA CARBOGAZOASA PERLA HARGHITEI  2L} => {_TELINA}",0.000133708509506675,0.5625,0.000237704016900756,26.8602529086266,45
"{_CEAPA GALBENA,_PATRUNJEL RADACINA KG,COTLET PORC FARA OS} => {_MORCOVI}",0.000118852008450378,1,0.000118852008450378,23.8436415161176,40
"{_CEAPA GALBENA,_MORCOVI,COTLET PORC FARA OS} => {_PATRUNJEL RADACINA KG}",0.000118852008450378,0.606060606060606,0.000196105813943123,26.4932478440726,40
"{_MORCOVI,_PATRUNJEL RADACINA KG,COTLET PORC FARA OS} => {_CEAPA GALBENA}",0.000118852008450378,0.158730158730159,0.00074876765323738,8.6330173094879,40
"{_PATRUNJEL RADACINA KG,_TELINA,COTLET PORC FARA OS} => {_MORCOVI}",0.000389240327674987,0.823899371069182,0.000472436733590252,19.6447612491283,131
"{_MORCOVI,_TELINA,COTLET PORC FARA OS} => {_PATRUNJEL RADACINA KG}",0.000389240327674987,0.735955056179775,0.000528891437604181,32.1714355140241,131
"{_MORCOVI,_PATRUNJEL RADACINA KG,COTLET PORC FARA OS} => {_TELINA}",0.000389240327674987,0.51984126984127,0.00074876765323738,24.8232319649388,131
"{_PATRUNJEL RADACINA KG,CARNE TOCATA PORC VRAC,COTLET PORC FARA OS} => {_MORCOVI}",0.000115880708239118,0.78,0.000148565010562972,18.5980403825717,39
"{_MORCOVI,_PATRUNJEL RADACINA KG,COTLET PORC FARA OS} => {CARNE TOCATA PORC VRAC}",0.000115880708239118,0.154761904761905,0.00074876765323738,5.18109851122385,39
"{_MORCOVI,CARNE TOCATA PORC VRAC,COTLET PORC FARA OS} => {_PATRUNJEL RADACINA KG}",0.000115880708239118,0.410526315789474,0.000282273520069647,17.9456894606955,39
"{_MORCOVI,_PATRUNJEL RADACINA KG,COTLET PORC FARA OS} => {_BANANE}",0.000109938107816599,0.146825396825397,0.00074876765323738,1.59927916945361,37
"{_BANANE,_PATRUNJEL RADACINA KG,COTLET PORC FARA OS} => {_MORCOVI}",0.000109938107816599,0.804347826086957,0.000136679809717934,19.1785812194859,37
"{_BANANE,_MORCOVI,COTLET PORC FARA OS} => {_PATRUNJEL RADACINA KG}",0.000109938107816599,0.569230769230769,0.000193134513731864,24.8832735520098,37
"{_CARTOFI ALBI,_CEAPA GALBENA,_TELINA} => {_PATRUNJEL RADACINA KG}",0.000133708509506675,0.76271186440678,0.000175306712464307,33.3410788546168,45
"{_CARTOFI ALBI,_CEAPA GALBENA,_PATRUNJEL RADACINA KG} => {_TELINA}",0.000133708509506675,0.584415584415584,0.000228790116266977,27.9067562687029,45
"{_CARTOFI ALBI,_PATRUNJEL RADACINA KG,_TELINA} => {_CEAPA GALBENA}",0.000133708509506675,0.185185185185185,0.000722025951336045,10.0718535277359,45
"{_CEAPA GALBENA,_PATRUNJEL RADACINA KG,_TELINA} => {_CARTOFI ALBI}",0.000133708509506675,0.112781954887218,0.00118554878429252,6.62081026742681,45
"{_CARTOFI ALBI,_CEAPA GALBENA,_TELINA} => {_MORCOVI}",0.000136679809717934,0.779661016949153,0.000175306712464307,18.5899577922273,46
"{_CARTOFI ALBI,_CEAPA GALBENA,_MORCOVI} => {_TELINA}",0.000136679809717934,0.330935251798561,0.000413010729365063,15.8026747727811,46
"{_CARTOFI ALBI,_MORCOVI,_TELINA} => {_CEAPA GALBENA}",0.000136679809717934,0.168498168498169,0.000811164957673828,9.16427991314869,46
"{_CARTOFI ALBI,_CEAPA GALBENA,_PATRUNJEL RADACINA KG} => {_MORCOVI}",0.000193134513731864,0.844155844155844,0.000228790116266977,20.1277493317876,65
"{_CARTOFI ALBI,_CEAPA GALBENA,_MORCOVI} => {_PATRUNJEL RADACINA KG}",0.000193134513731864,0.467625899280576,0.000413010729365063,20.4417325991136,65
"{_CARTOFI ALBI,_MORCOVI,_PATRUNJEL RADACINA KG} => {_CEAPA GALBENA}",0.000193134513731864,0.180555555555556,0.0010696680760534,9.82005718954248,65
"{_CEAPA GALBENA,_MORCOVI,_PATRUNJEL RADACINA KG} => {_CARTOFI ALBI}",0.000193134513731864,0.114840989399293,0.00168175591957285,6.74168489539514,65
"{_CARTOFI ALBI,_PATRUNJEL RADACINA KG,_TELINA} => {_MORCOVI}",0.000621001744153224,0.860082304526749,0.000722025951336045,20.5074941434921,209
"{_CARTOFI ALBI,_MORCOVI,_TELINA} => {_PATRUNJEL RADACINA KG}",0.000621001744153224,0.765567765567766,0.000811164957673829,33.4659213151225,209
"{_CARTOFI ALBI,_MORCOVI,_PATRUNJEL RADACINA KG} => {_TELINA}",0.000621001744153224,0.580555555555556,0.0010696680760534,27.7224338661874,209
"{_CARTOFI ALBI,_MORCOVI,_TELINA} => {_BANANE}",0.000115880708239118,0.142857142857143,0.000811164957673829,1.55605540811703,39
"{_BANANE,_CARTOFI ALBI,_TELINA} => {_MORCOVI}",0.000115880708239118,0.795918367346939,0.000145593710351713,18.977592227114,39
"{_BANANE,_CARTOFI ALBI,_MORCOVI} => {_TELINA}",0.000115880708239118,0.469879518072289,0.000246617917534534,22.4374803413427,39
"{_CARTOFI ALBI,_MORCOVI,_PATRUNJEL RADACINA KG} => {_BANANE}",0.000118852008450378,0.111111111111111,0.0010696680760534,1.21026531742436,40
"{_BANANE,_CARTOFI ALBI,_PATRUNJEL RADACINA KG} => {_MORCOVI}",0.000118852008450378,0.8,0.000148565010562972,19.0749132128941,40
"{_BANANE,_CARTOFI ALBI,_MORCOVI} => {_PATRUNJEL RADACINA KG}",0.000118852008450378,0.481927710843373,0.000246617917534534,21.0669199723951,40
"{_CEAPA GALBENA,_PATRUNJEL RADACINA KG,PIEPT DE PUI FARA OS REFR.VRAC SZEKELY CSURKE} => {_MORCOVI}",0.000101024207182821,0.894736842105263,0.000112909408027859,21.333784514421,34
"{_CEAPA GALBENA,_MORCOVI,PIEPT DE PUI FARA OS REFR.VRAC SZEKELY CSURKE} => {_PATRUNJEL RADACINA KG}",0.000101024207182821,0.492753623188406,0.000205019714576902,21.5401623775721,34
"{_MORCOVI,_PATRUNJEL RADACINA KG,PIEPT DE PUI FARA OS REFR.VRAC SZEKELY CSURKE} => {_CEAPA GALBENA}",0.000101024207182821,0.150442477876106,0.000671513847744634,8.18226684819605,34
"{_PATRUNJEL RADACINA KG,PIEPT DE PUI FARA OS REFR.VRAC SZEKELY CSURKE,SMANTANA 20% GRASIME FRISS 300G} => {_MORCOVI}",0.00010696680760534,0.878048780487805,0.000121823308661637,20.9358803556155,36
"{_MORCOVI,PIEPT DE PUI FARA OS REFR.VRAC SZEKELY CSURKE,SMANTANA 20% GRASIME FRISS 300G} => {_PATRUNJEL RADACINA KG}",0.00010696680760534,0.571428571428571,0.000187191913309345,24.9793479672685,36
"{_MORCOVI,_PATRUNJEL RADACINA KG,PIEPT DE PUI FARA OS REFR.VRAC SZEKELY CSURKE} => {SMANTANA 20% GRASIME FRISS 300G}",0.00010696680760534,0.15929203539823,0.000671513847744635,6.77666696869935,36
"{_MORCOVI,_PATRUNJEL RADACINA KG,SMANTANA 20% GRASIME FRISS 300G} => {PIEPT DE PUI FARA OS REFR.VRAC SZEKELY CSURKE}",0.00010696680760534,0.106508875739645,0.00100429947140569,7.28426776200056,36
"{_PATRUNJEL RADACINA KG,_TELINA,PIEPT DE PUI FARA OS REFR.VRAC SZEKELY CSURKE} => {_MORCOVI}",0.000326843023238539,0.814814814814815,0.000401125528520025,19.4281523464662,110
"{_MORCOVI,_TELINA,PIEPT DE PUI FARA OS REFR.VRAC SZEKELY CSURKE} => {_PATRUNJEL RADACINA KG}",0.000326843023238539,0.658682634730539,0.000496207135280327,28.7935597826298,110
"{_MORCOVI,_PATRUNJEL RADACINA KG,PIEPT DE PUI FARA OS REFR.VRAC SZEKELY CSURKE} => {_TELINA}",0.000326843023238539,0.486725663716814,0.000671513847744635,23.2419100880938,110
"{_ARDEI ROSU CAPIA,_PATRUNJEL RADACINA KG,_ROSII VRAC} => {_MORCOVI}",0.000118852008450378,0.833333333333333,0.000142622410140453,19.8697012634313,40
"{_ARDEI ROSU CAPIA,_MORCOVI,_ROSII VRAC} => {_PATRUNJEL RADACINA KG}",0.000118852008450378,0.454545454545455,0.000261474418590831,19.8699358830545,40
"{_MORCOVI,_PATRUNJEL RADACINA KG,_ROSII VRAC} => {_ARDEI ROSU CAPIA}",0.000118852008450378,0.238095238095238,0.000499178435491587,12.7801701222754,40
"{_PATRUNJEL RADACINA KG,_ROSII VRAC,_TELINA} => {_MORCOVI}",0.000297130021125945,0.87719298245614,0.000338728224083577,20.9154750141383,100
"{_MORCOVI,_ROSII VRAC,_TELINA} => {_PATRUNJEL RADACINA KG}",0.000297130021125945,0.657894736842105,0.000451637632111436,28.7591177254736,100
"{_MORCOVI,_PATRUNJEL RADACINA KG,_ROSII VRAC} => {_TELINA}",0.000297130021125945,0.595238095238095,0.000499178435491587,28.4235480514567,100
"{_PATRUNJEL RADACINA KG,_TELINA,FRANZELA ALBA COUNTRY 1KG} => {_MORCOVI}",0.000249589217745793,0.823529411764706,0.000303072621548463,19.6359400720969,84
"{_MORCOVI,_TELINA,FRANZELA ALBA COUNTRY 1KG} => {_PATRUNJEL RADACINA KG}",0.000249589217745793,0.756756756756757,0.000329814323449798,33.080758118815,84
"{_MORCOVI,_PATRUNJEL RADACINA KG,FRANZELA ALBA COUNTRY 1KG} => {_TELINA}",0.000249589217745793,0.515337423312883,0.00048432193443529,24.608166263936,84
"{_PATRUNJEL RADACINA KG,_TELINA,FRANZELA ALBA BACHUS 1KG} => {_MORCOVI}",0.000261474418590831,0.846153846153846,0.000309015221970982,20.1753889751764,88
"{_MORCOVI,_TELINA,FRANZELA ALBA BACHUS 1KG} => {_PATRUNJEL RADACINA KG}",0.000261474418590831,0.6875,0.000380326427041209,30.0532780231199,88
"{_MORCOVI,_PATRUNJEL RADACINA KG,FRANZELA ALBA BACHUS 1KG} => {_TELINA}",0.000261474418590831,0.536585365853659,0.000487293234646549,25.6227886824839,88
"{_MERE ROSII,_PATRUNJEL RADACINA KG,_TELINA} => {_MORCOVI}",0.000311986522182242,0.867768595041322,0.000359527325562393,20.6907632991103,105
"{_MERE ROSII,_MORCOVI,_TELINA} => {_PATRUNJEL RADACINA KG}",0.000311986522182242,0.709459459459459,0.000439752431266398,31.0132107363891,105
"{_MERE ROSII,_MORCOVI,_PATRUNJEL RADACINA KG} => {_TELINA}",0.000311986522182242,0.525,0.000594260042251889,25.0695693813848,105
"{_MERE ROSII,_MORCOVI,_PATRUNJEL RADACINA KG} => {_BANANE}",0.000145593710351713,0.245,0.000594260042251889,2.66863502492071,49
"{_BANANE,_MERE ROSII,_PATRUNJEL RADACINA KG} => {_MORCOVI}",0.000145593710351713,0.777777777777778,0.000187191913309345,18.5450545125359,49
"{_BANANE,_MERE ROSII,_MORCOVI} => {_PATRUNJEL RADACINA KG}",0.000145593710351713,0.462264150943396,0.000314957822393501,20.2073498886158,49
"{_ARDEI ROSU CAPIA,_CEAPA GALBENA,_TELINA} => {_PATRUNJEL RADACINA KG}",0.000145593710351713,0.6125,0.000237704016900756,26.7747386024159,49
"{_ARDEI ROSU CAPIA,_CEAPA GALBENA,_PATRUNJEL RADACINA KG} => {_TELINA}",0.000145593710351713,0.628205128205128,0.000231761416478237,29.9977753281527,49
"{_CEAPA GALBENA,_PATRUNJEL RADACINA KG,_TELINA} => {_ARDEI ROSU CAPIA}",0.000145593710351713,0.12280701754386,0.00118554878429252,6.59187722096309,49
"{_ARDEI ROSU CAPIA,_PATRUNJEL RADACINA KG,_TELINA} => {_CEAPA GALBENA}",0.000145593710351713,0.175,0.000831964059152645,9.51790158371041,49
"{_ARDEI ROSU CAPIA,_CEAPA GALBENA,_TELINA} => {_MORCOVI}",0.000175306712464307,0.7375,0.000237704016900756,17.5846856181367,59
"{_ARDEI ROSU CAPIA,_CEAPA GALBENA,_MORCOVI} => {_TELINA}",0.000175306712464307,0.412587412587413,0.000424895930210101,19.7016928871356,59
"{_CEAPA GALBENA,_MORCOVI,_TELINA} => {_ARDEI ROSU CAPIA}",0.000175306712464307,0.121149897330595,0.00144702320288335,6.50292845236107,59
"{_ARDEI ROSU CAPIA,_MORCOVI,_TELINA} => {_CEAPA GALBENA}",0.000175306712464307,0.171014492753623,0.00102509857288451,9.30113777952653,59
"{_ARDEI ROSU CAPIA,_CEAPA GALBENA,_PATRUNJEL RADACINA KG} => {_MORCOVI}",0.000210962314999421,0.91025641025641,0.000231761416478237,21.7038275339019,71
"{_ARDEI ROSU CAPIA,_CEAPA GALBENA,_MORCOVI} => {_PATRUNJEL RADACINA KG}",0.000210962314999421,0.496503496503497,0.000424895930210101,21.704083810721,71
"{_CEAPA GALBENA,_MORCOVI,_PATRUNJEL RADACINA KG} => {_ARDEI ROSU CAPIA}",0.000210962314999421,0.125441696113074,0.00168175591957285,6.73329811035781,71
"{_ARDEI ROSU CAPIA,_MORCOVI,_PATRUNJEL RADACINA KG} => {_CEAPA GALBENA}",0.000210962314999421,0.167058823529412,0.00126280258978526,9.0859968059622,71
"{_CEAPA GALBENA,_LAMAIE^2 A nu se consuma coaja,_TELINA} => {_MORCOVI}",0.000115880708239118,0.78,0.000148565010562972,18.5980403825717,39
"{_CEAPA GALBENA,_LAMAIE^2 A nu se consuma coaja,_MORCOVI} => {_TELINA}",0.000115880708239118,0.410526315789474,0.000282273520069647,19.6032722982257,39
"{_LAMAIE^2 A nu se consuma coaja,_MORCOVI,_TELINA} => {_CEAPA GALBENA}",0.000115880708239118,0.161157024793388,0.000719054651124786,8.76500972289742,39
"{_CEAPA GALBENA,_TELINA,CARNE TOCATA PORC VRAC} => {_PATRUNJEL RADACINA KG}",0.000112909408027859,0.513513513513513,0.000219876215633199,22.4476572949102,38
"{_CEAPA GALBENA,_PATRUNJEL RADACINA KG,CARNE TOCATA PORC VRAC} => {_TELINA}",0.000112909408027859,0.59375,0.000190163213520604,28.352489181328,38
"{_PATRUNJEL RADACINA KG,_TELINA,CARNE TOCATA PORC VRAC} => {_CEAPA GALBENA}",0.000112909408027859,0.147859922178988,0.000763624154293677,8.04180678556966,38
"{_CEAPA GALBENA,_PATRUNJEL RADACINA KG,_TELINA} => {_MORCOVI}",0.00105184027478584,0.887218045112782,0.00118554878429252,21.1545090142998,354
"{_CEAPA GALBENA,_MORCOVI,_TELINA} => {_PATRUNJEL RADACINA KG}",0.00105184027478584,0.726899383983573,0.00144702320288335,31.7755771370078,354
"{_CEAPA GALBENA,_MORCOVI,_PATRUNJEL RADACINA KG} => {_TELINA}",0.00105184027478584,0.625441696113074,0.00168175591957285,29.8658171327956,354
"{_MORCOVI,_PATRUNJEL RADACINA KG,_TELINA} => {_CEAPA GALBENA}",0.00105184027478584,0.111006585136406,0.00947547637370637,6.03742715698335,354
"{_CEAPA GALBENA,_TELINA,PAINE CU CARTOFI FELII BACHUS 1.2 KG} => {_PATRUNJEL RADACINA KG}",0.00010696680760534,0.580645161290323,0.000184220613098086,25.382240676418,36
"{_CEAPA GALBENA,_PATRUNJEL RADACINA KG,PAINE CU CARTOFI FELII BACHUS 1.2 KG} => {_TELINA}",0.00010696680760534,0.642857142857143,0.000166392811830529,30.6974318955732,36
"{_PATRUNJEL RADACINA KG,_TELINA,PAINE CU CARTOFI FELII BACHUS 1.2 KG} => {_CEAPA GALBENA}",0.00010696680760534,0.122866894197952,0.000870590961899017,6.68248575355582,36
"{_CEAPA GALBENA,_PATRUNJEL RADACINA KG,_TELINA} => {_BANANE}",0.000166392811830529,0.140350877192982,0.00118554878429252,1.52875619043077,56
"{_BANANE,_CEAPA GALBENA,_TELINA} => {_PATRUNJEL RADACINA KG}",0.000166392811830529,0.595744680851064,0.000279302219858388,26.042298944599,56
"{_BANANE,_CEAPA GALBENA,_PATRUNJEL RADACINA KG} => {_TELINA}",0.000166392811830529,0.595744680851064,0.000279302219858388,28.4477383051175,56
"{_BANANE,_PATRUNJEL RADACINA KG,_TELINA} => {_CEAPA GALBENA}",0.000166392811830529,0.115463917525773,0.00144108060246083,6.27985259131408,56
"{_CEAPA GALBENA,_TELINA,CARNE TOCATA PORC VRAC} => {_MORCOVI}",0.000166392811830529,0.756756756756757,0.000219876215633199,18.0438368230079,56
"{_CEAPA GALBENA,_MORCOVI,_TELINA} => {CARNE TOCATA PORC VRAC}",0.000166392811830529,0.114989733059548,0.00144702320288335,3.84961102460859,56
"{_CEAPA GALBENA,_MORCOVI,CARNE TOCATA PORC VRAC} => {_TELINA}",0.000166392811830529,0.478632478632479,0.000347642124717355,22.8554478690688,56
"{_MORCOVI,_TELINA,CARNE TOCATA PORC VRAC} => {_CEAPA GALBENA}",0.000166392811830529,0.174454828660436,0.000953787367814282,9.48825079996053,56
"{_CEAPA GALBENA,_TELINA,PAINE DE CASA PE FOI DE VARZA RIP-ROP 1KG} => {_MORCOVI}",0.000115880708239118,0.65,0.000178278012675567,15.4983669854764,39
"{_CEAPA GALBENA,_MORCOVI,PAINE DE CASA PE FOI DE VARZA RIP-ROP 1KG} => {_TELINA}",0.000115880708239118,0.354545454545455,0.000326843023238539,16.9300988030131,39
"{_MORCOVI,_TELINA,PAINE DE CASA PE FOI DE VARZA RIP-ROP 1KG} => {_CEAPA GALBENA}",0.000115880708239118,0.119631901840491,0.000968643868870579,6.50654095994226,39
"{_CEAPA GALBENA,_TELINA,PAINE CU CARTOFI FELII BACHUS 1.2 KG} => {_MORCOVI}",0.000124794608872897,0.67741935483871,0.000184220613098086,16.1521442528539,42
"{_CEAPA GALBENA,_MORCOVI,PAINE CU CARTOFI FELII BACHUS 1.2 KG} => {_TELINA}",0.000124794608872897,0.381818181818182,0.000326843023238539,18.2324140955526,42
"{_MORCOVI,_TELINA,PAINE CU CARTOFI FELII BACHUS 1.2 KG} => {_CEAPA GALBENA}",0.000124794608872897,0.122448979591837,0.00101915597246199,6.65975621017638,42
"{_CEAPA GALBENA,_MORCOVI,_TELINA} => {_BANANE}",0.000205019714576902,0.141683778234086,0.00144702320288335,1.54327466554523,69
"{_BANANE,_CEAPA GALBENA,_TELINA} => {_MORCOVI}",0.000205019714576902,0.734042553191489,0.000279302219858388,17.5022474958736,69
"{_BANANE,_CEAPA GALBENA,_MORCOVI} => {_TELINA}",0.000205019714576902,0.405882352941176,0.000505121035914106,19.3815158242639,69
"{_BANANE,_MORCOVI,_TELINA} => {_CEAPA GALBENA}",0.000205019714576902,0.119377162629758,0.00171741152210796,6.49268620144358,69
"{_CEAPA GALBENA,_LAMAIE^2 A nu se consuma coaja,_PATRUNJEL RADACINA KG} => {_MORCOVI}",0.000130737209295416,0.846153846153846,0.000154507610985491,20.1753889751764,44
"{_CEAPA GALBENA,_LAMAIE^2 A nu se consuma coaja,_MORCOVI} => {_PATRUNJEL RADACINA KG}",0.000130737209295416,0.463157894736842,0.000282273520069647,20.2464188787334,44
"{_LAMAIE^2 A nu se consuma coaja,_MORCOVI,_PATRUNJEL RADACINA KG} => {_CEAPA GALBENA}",0.000130737209295416,0.141025641025641,0.000927045665912947,7.67010384035271,44
"{_CEAPA GALBENA,_PATRUNJEL RADACINA KG,CARNE TOCATA PORC VRAC} => {_MORCOVI}",0.000157478911196751,0.828125,0.000190163213520604,19.7455156305349,53
"{_CEAPA GALBENA,_MORCOVI,CARNE TOCATA PORC VRAC} => {_PATRUNJEL RADACINA KG}",0.000157478911196751,0.452991452991453,0.000347642124717355,19.8020044783261,53
"{_MORCOVI,_PATRUNJEL RADACINA KG,CARNE TOCATA PORC VRAC} => {_CEAPA GALBENA}",0.000157478911196751,0.128329297820823,0.00122714698725015,6.97957501123005,53
"{_CEAPA GALBENA,_PATRUNJEL RADACINA KG,PAINE DE CASA PE FOI DE VARZA RIP-ROP 1KG} => {_MORCOVI}",0.000124794608872897,0.75,0.000166392811830529,17.8827311370882,42
"{_CEAPA GALBENA,_MORCOVI,PAINE DE CASA PE FOI DE VARZA RIP-ROP 1KG} => {_PATRUNJEL RADACINA KG}",0.000124794608872897,0.381818181818182,0.000326843023238539,16.6907461417658,42
"{_MORCOVI,_PATRUNJEL RADACINA KG,PAINE DE CASA PE FOI DE VARZA RIP-ROP 1KG} => {_CEAPA GALBENA}",0.000124794608872897,0.100961538461538,0.00123606088788393,5.49109706752524,42
"{_CEAPA GALBENA,_PATRUNJEL RADACINA KG,PAINE CU CARTOFI FELII BACHUS 1.2 KG} => {_MORCOVI}",0.000133708509506675,0.803571428571429,0.000166392811830529,19.1600690754516,45
"{_CEAPA GALBENA,_MORCOVI,PAINE CU CARTOFI FELII BACHUS 1.2 KG} => {_PATRUNJEL RADACINA KG}",0.000133708509506675,0.409090909090909,0.000326843023238539,17.882942294749,45
"{_MORCOVI,_PATRUNJEL RADACINA KG,PAINE CU CARTOFI FELII BACHUS 1.2 KG} => {_CEAPA GALBENA}",0.000133708509506675,0.103448275862069,0.00129251559189786,5.6263457637697,45
"{_CEAPA GALBENA,_MORCOVI,_PATRUNJEL RADACINA KG} => {_BANANE}",0.000222847515844458,0.132508833922261,0.00168175591957285,1.44333761353611,75
"{_BANANE,_CEAPA GALBENA,_PATRUNJEL RADACINA KG} => {_MORCOVI}",0.000222847515844458,0.797872340425532,0.000279302219858388,19.0241820607321,75
"{_BANANE,_CEAPA GALBENA,_MORCOVI} => {_PATRUNJEL RADACINA KG}",0.000222847515844458,0.441176470588235,0.000505121035914106,19.2855260041411,75
"{_BANANE,_MORCOVI,_PATRUNJEL RADACINA KG} => {_CEAPA GALBENA}",0.000222847515844458,0.100806451612903,0.00221064735717703,5.48266220259816,75
"{_PATRUNJEL RADACINA KG,_TELINA,LAPTE DE CONSUM 3.5% GRASIME FRISS CUTIE 1L} => {_MORCOVI}",0.000359527325562393,0.852112676056338,0.000421924629998841,20.317469179227,121
"{_MORCOVI,_TELINA,LAPTE DE CONSUM 3.5% GRASIME FRISS CUTIE 1L} => {_PATRUNJEL RADACINA KG}",0.000359527325562393,0.761006289308176,0.000472436733590252,33.2665215853403,121
"{_MORCOVI,_PATRUNJEL RADACINA KG,LAPTE DE CONSUM 3.5% GRASIME FRISS CUTIE 1L} => {_TELINA}",0.000359527325562393,0.530701754385965,0.000677456448167153,25.3418370521935,121
"{_MORCOVI,_TELINA,LAPTE DE CONSUM 3.5% GRASIME FRISS CUTIE 1L} => {_BANANE}",0.00010696680760534,0.226415094339623,0.000472436733590252,2.46620102418548,36
"{_BANANE,_TELINA,LAPTE DE CONSUM 3.5% GRASIME FRISS CUTIE 1L} => {_MORCOVI}",0.00010696680760534,0.782608695652174,0.000136679809717934,18.6602411865268,36
"{_BANANE,_MORCOVI,LAPTE DE CONSUM 3.5% GRASIME FRISS CUTIE 1L} => {_TELINA}",0.00010696680760534,0.395604395604396,0.00027038831922461,18.8907273203527,36
"{_MORCOVI,_PATRUNJEL RADACINA KG,LAPTE DE CONSUM 3.5% GRASIME FRISS CUTIE 1L} => {_BANANE}",0.000148565010562972,0.219298245614035,0.000677456448167154,2.38868154754807,50
"{_BANANE,_PATRUNJEL RADACINA KG,LAPTE DE CONSUM 3.5% GRASIME FRISS CUTIE 1L} => {_MORCOVI}",0.000148565010562972,0.847457627118644,0.000175306712464307,20.2064758611166,50
"{_BANANE,_MORCOVI,LAPTE DE CONSUM 3.5% GRASIME FRISS CUTIE 1L} => {_PATRUNJEL RADACINA KG}",0.000148565010562972,0.549450549450549,0.00027038831922461,24.0186038146812,50
"{_ARDEI ROSU CAPIA,_PATRUNJEL RADACINA KG,SMANTANA 20% GRASIME FRISS 300G} => {_MORCOVI}",0.000124794608872897,0.823529411764706,0.000151536310774232,19.6359400720969,42
"{_ARDEI ROSU CAPIA,_MORCOVI,SMANTANA 20% GRASIME FRISS 300G} => {_PATRUNJEL RADACINA KG}",0.000124794608872897,0.6,0.000207991014788161,26.2283153656319,42
"{_MORCOVI,_PATRUNJEL RADACINA KG,SMANTANA 20% GRASIME FRISS 300G} => {_ARDEI ROSU CAPIA}",0.000124794608872897,0.124260355029586,0.00100429947140569,6.66988760227627,42
"{_ARDEI ROSU CAPIA,_PATRUNJEL RADACINA KG,_TELINA} => {_MORCOVI}",0.000727968551758564,0.875,0.000831964059152645,20.8631863266029,245
"{_ARDEI ROSU CAPIA,_MORCOVI,_TELINA} => {_PATRUNJEL RADACINA KG}",0.000727968551758564,0.710144927536232,0.00102509857288451,31.0431751912068,245
"{_ARDEI ROSU CAPIA,_MORCOVI,_PATRUNJEL RADACINA KG} => {_TELINA}",0.000727968551758564,0.576470588235294,0.00126280258978526,27.5273703011284,245
"{_ARDEI ROSU CAPIA,_PATRUNJEL RADACINA KG,_TELINA} => {_BANANE}",0.000157478911196751,0.189285714285714,0.000831964059152645,2.06177341575507,53
"{_ARDEI ROSU CAPIA,_BANANE,_TELINA} => {_PATRUNJEL RADACINA KG}",0.000157478911196751,0.67948717948718,0.000231761416478237,29.7030067174891,53
"{_ARDEI ROSU CAPIA,_BANANE,_PATRUNJEL RADACINA KG} => {_TELINA}",0.000157478911196751,0.535353535353535,0.000294158720914685,25.5639668535526,53
"{_BANANE,_PATRUNJEL RADACINA KG,_TELINA} => {_ARDEI ROSU CAPIA}",0.000157478911196751,0.109278350515464,0.00144108060246083,5.86570282313093,53
"{_ARDEI ROSU CAPIA,_MORCOVI,_TELINA} => {_BANANE}",0.000154507610985491,0.150724637681159,0.00102509857288451,1.64175121320174,52
"{_ARDEI ROSU CAPIA,_BANANE,_TELINA} => {_MORCOVI}",0.000154507610985491,0.666666666666667,0.000231761416478237,15.8957610107451,52
"{_ARDEI ROSU CAPIA,_BANANE,_MORCOVI} => {_TELINA}",0.000154507610985491,0.4,0.000386269027463728,19.1006242905789,52
"{_ARDEI ROSU CAPIA,_PATRUNJEL RADACINA KG,CARNE TOCATA PORC VRAC} => {_MORCOVI}",0.000133708509506675,0.849056603773585,0.000157478911196751,20.2446012872697,45
"{_ARDEI ROSU CAPIA,_MORCOVI,_PATRUNJEL RADACINA KG} => {CARNE TOCATA PORC VRAC}",0.000133708509506675,0.105882352941176,0.00126280258978526,3.54471536152509,45
"{_ARDEI ROSU CAPIA,_MORCOVI,CARNE TOCATA PORC VRAC} => {_PATRUNJEL RADACINA KG}",0.000133708509506675,0.548780487804878,0.000243646617323275,23.9893128344194,45
"{_MORCOVI,_PATRUNJEL RADACINA KG,CARNE TOCATA PORC VRAC} => {_ARDEI ROSU CAPIA}",0.000133708509506675,0.108958837772397,0.00122714698725015,5.84855242883789,45
"{_ARDEI ROSU CAPIA,_PATRUNJEL RADACINA KG,PAINE DE CASA PE FOI DE VARZA RIP-ROP 1KG} => {_MORCOVI}",0.000112909408027859,0.826086956521739,0.000136679809717934,19.696921252445,38
"{_ARDEI ROSU CAPIA,_MORCOVI,PAINE DE CASA PE FOI DE VARZA RIP-ROP 1KG} => {_PATRUNJEL RADACINA KG}",0.000112909408027859,0.520547945205479,0.00021690491542194,22.755159449635,38
"{_ARDEI ROSU CAPIA,_PATRUNJEL RADACINA KG,PAINE CU CARTOFI FELII BACHUS 1.2 KG} => {_MORCOVI}",0.000101024207182821,0.871794871794872,0.000115880708239118,20.7867643986666,34
"{_ARDEI ROSU CAPIA,_MORCOVI,PAINE CU CARTOFI FELII BACHUS 1.2 KG} => {_PATRUNJEL RADACINA KG}",0.000101024207182821,0.507462686567164,0.000199077114154383,22.1831522992907,34
"{_ARDEI ROSU CAPIA,_MORCOVI,_PATRUNJEL RADACINA KG} => {_BANANE}",0.000231761416478237,0.183529411764706,0.00126280258978526,1.99907353607506,78
"{_ARDEI ROSU CAPIA,_BANANE,_PATRUNJEL RADACINA KG} => {_MORCOVI}",0.000231761416478237,0.787878787878788,0.000294158720914685,18.7858993763351,78
"{_ARDEI ROSU CAPIA,_BANANE,_MORCOVI} => {_PATRUNJEL RADACINA KG}",0.000231761416478237,0.6,0.000386269027463728,26.2283153656319,78
"{_BANANE,_MORCOVI,_PATRUNJEL RADACINA KG} => {_ARDEI ROSU CAPIA}",0.000231761416478237,0.104838709677419,0.00221064735717703,5.62739748932448,78
"{_PATRUNJEL RADACINA KG,_TELINA,FRANZELA RIP-ROP 1KG} => {_MORCOVI}",0.00026741701901335,0.79646017699115,0.000335756923872317,18.9905109420406,90
"{_MORCOVI,_TELINA,FRANZELA RIP-ROP 1KG} => {_PATRUNJEL RADACINA KG}",0.00026741701901335,0.703125,0.000380326427041209,30.7363070690999,90
"{_MORCOVI,_PATRUNJEL RADACINA KG,FRANZELA RIP-ROP 1KG} => {_TELINA}",0.00026741701901335,0.508474576271186,0.000525920137392922,24.2804546066681,90
"{_PATRUNJEL RADACINA KG,_TELINA,SMANTANA 20% GRASIME FRISS 300G} => {_MORCOVI}",0.000499178435491587,0.852791878172589,0.000585346141618111,20.3336638310038,168
"{_MORCOVI,_TELINA,SMANTANA 20% GRASIME FRISS 300G} => {_PATRUNJEL RADACINA KG}",0.000499178435491587,0.705882352941177,0.000707169450279748,30.8568416066258,168
"{_MORCOVI,_PATRUNJEL RADACINA KG,SMANTANA 20% GRASIME FRISS 300G} => {_TELINA}",0.000499178435491587,0.497041420118343,0.00100429947140569,23.7345035563406,168
"{_MORCOVI,_TELINA,SMANTANA 20% GRASIME FRISS 300G} => {_BANANE}",0.000109938107816599,0.15546218487395,0.000707169450279748,1.69335441471559,37
"{_BANANE,_TELINA,SMANTANA 20% GRASIME FRISS 300G} => {_MORCOVI}",0.000109938107816599,0.616666666666667,0.000178278012675567,14.7035789349392,37
"{_BANANE,_MORCOVI,SMANTANA 20% GRASIME FRISS 300G} => {_TELINA}",0.000109938107816599,0.362745098039216,0.000303072621548463,17.3216445772407,37
"{_MORCOVI,_PATRUNJEL RADACINA KG,SMANTANA 20% GRASIME FRISS 300G} => {_BANANE}",0.000148565010562972,0.14792899408284,0.00100429947140569,1.61129997881941,50
"{_BANANE,_PATRUNJEL RADACINA KG,SMANTANA 20% GRASIME FRISS 300G} => {_MORCOVI}",0.000148565010562972,0.746268656716418,0.000199077114154383,17.7937623254609,50
"{_BANANE,_MORCOVI,SMANTANA 20% GRASIME FRISS 300G} => {_PATRUNJEL RADACINA KG}",0.000148565010562972,0.490196078431373,0.000303072621548463,21.4283622268234,50
"{_LAMAIE^2 A nu se consuma coaja,_PATRUNJEL RADACINA KG,_TELINA} => {_MORCOVI}",0.000505121035914106,0.825242718446602,0.000612087843519446,19.6767915424272,170
"{_LAMAIE^2 A nu se consuma coaja,_MORCOVI,_TELINA} => {_PATRUNJEL RADACINA KG}",0.000505121035914106,0.702479338842975,0.000719054651124786,30.7080827283569,170
"{_LAMAIE^2 A nu se consuma coaja,_MORCOVI,_PATRUNJEL RADACINA KG} => {_TELINA}",0.000505121035914106,0.544871794871795,0.000927045665912947,26.0184786009488,170
"{_LAMAIE^2 A nu se consuma coaja,_PATRUNJEL RADACINA KG,_TELINA} => {_BANANE}",0.000136679809717934,0.223300970873786,0.000612087843519446,2.43228078356157,46
"{_BANANE,_LAMAIE^2 A nu se consuma coaja,_TELINA} => {_PATRUNJEL RADACINA KG}",0.000136679809717934,0.511111111111111,0.00026741701901335,22.3426390151679,46
"{_BANANE,_LAMAIE^2 A nu se consuma coaja,_PATRUNJEL RADACINA KG} => {_TELINA}",0.000136679809717934,0.534883720930233,0.000255531818168312,25.541532481588,46
"{_LAMAIE^2 A nu se consuma coaja,_MORCOVI,_TELINA} => {_BANANE}",0.000178278012675567,0.247933884297521,0.000719054651124786,2.70059203061633,60
"{_BANANE,_LAMAIE^2 A nu se consuma coaja,_TELINA} => {_MORCOVI}",0.000178278012675567,0.666666666666667,0.00026741701901335,15.8957610107451,60
"{_BANANE,_MORCOVI,_TELINA} => {_LAMAIE^2 A nu se consuma coaja}",0.000178278012675567,0.103806228373702,0.00171741152210796,3.88742601289136,60
"{_BANANE,_LAMAIE^2 A nu se consuma coaja,_MORCOVI} => {_TELINA}",0.000178278012675567,0.41958041958042,0.000424895930210101,20.0356198852226,60
"{_PATRUNJEL RADACINA KG,_TELINA,LAPTE DE CONSUM 1.5% GRASIME FRISS CUTIE 1L} => {_MORCOVI}",0.000442723731477657,0.866279069767442,0.000511063636336625,20.6552475924507,149
"{_MORCOVI,_TELINA,LAPTE DE CONSUM 1.5% GRASIME FRISS CUTIE 1L} => {_PATRUNJEL RADACINA KG}",0.000442723731477657,0.748743718592965,0.00059128874204063,32.7304772988204,149
"{_MORCOVI,_PATRUNJEL RADACINA KG,LAPTE DE CONSUM 1.5% GRASIME FRISS CUTIE 1L} => {_TELINA}",0.000442723731477657,0.517361111111111,0.00085573446084272,24.7048005147244,149
"{_PATRUNJEL RADACINA KG,_TELINA,CARNE TOCATA PORC VRAC} => {_MORCOVI}",0.000606145243096927,0.793774319066148,0.000763624154293677,18.9264703085136,204
"{_MORCOVI,_TELINA,CARNE TOCATA PORC VRAC} => {_PATRUNJEL RADACINA KG}",0.000606145243096927,0.635514018691589,0.000953787367814282,27.7807701692051,204
"{_MORCOVI,_PATRUNJEL RADACINA KG,CARNE TOCATA PORC VRAC} => {_TELINA}",0.000606145243096927,0.493946731234867,0.00122714698725015,23.5867273321918,204
"{_PATRUNJEL RADACINA KG,_TELINA,CARNE TOCATA PORC VRAC} => {_BANANE}",0.000109938107816599,0.143968871595331,0.000763624154293677,1.56816478872494,37
"{_BANANE,_TELINA,CARNE TOCATA PORC VRAC} => {_PATRUNJEL RADACINA KG}",0.000109938107816599,0.44578313253012,0.000246617917534534,19.4869009744655,37
"{_BANANE,_PATRUNJEL RADACINA KG,CARNE TOCATA PORC VRAC} => {_TELINA}",0.000109938107816599,0.44578313253012,0.000246617917534534,21.2868403238379,37
"{_PATRUNJEL RADACINA KG,_TELINA,APA MINERALA NATURALA CARBOGAZIFICATA CONTINUT REDUS CO2 TUSNAD 2L} => {_MORCOVI}",0.000502149735702846,0.853535353535353,0.00058831744182937,20.3513909910297,169
"{_MORCOVI,_TELINA,APA MINERALA NATURALA CARBOGAZIFICATA CONTINUT REDUS CO2 TUSNAD 2L} => {_PATRUNJEL RADACINA KG}",0.000502149735702846,0.778801843317972,0.0006447721458433,34.044433923132,169
"{_MORCOVI,_PATRUNJEL RADACINA KG,APA MINERALA NATURALA CARBOGAZIFICATA CONTINUT REDUS CO2 TUSNAD 2L} => {_TELINA}",0.000502149735702846,0.565217391304348,0.000888418763166574,26.9900125845136,169
"{_PATRUNJEL RADACINA KG,_TELINA,PAINE DE CASA PE FOI DE VARZA RIP-ROP 1KG} => {_MORCOVI}",0.0006447721458433,0.857707509881423,0.00075173895344864,20.4508703912945,217
"{_MORCOVI,_TELINA,PAINE DE CASA PE FOI DE VARZA RIP-ROP 1KG} => {_PATRUNJEL RADACINA KG}",0.0006447721458433,0.665644171779141,0.000968643868870579,29.0978754311969,217
"{_MORCOVI,_PATRUNJEL RADACINA KG,PAINE DE CASA PE FOI DE VARZA RIP-ROP 1KG} => {_TELINA}",0.0006447721458433,0.521634615384615,0.00123606088788393,24.9088670135554,217
"{_PATRUNJEL RADACINA KG,_TELINA,PAINE DE CASA PE FOI DE VARZA RIP-ROP 1KG} => {_BANANE}",0.000103995507394081,0.138339920948617,0.00075173895344864,1.50685207505404,35
"{_BANANE,_TELINA,PAINE DE CASA PE FOI DE VARZA RIP-ROP 1KG} => {_PATRUNJEL RADACINA KG}",0.000103995507394081,0.486111111111111,0.00021393361521068,21.2497925415999,35
"{_BANANE,_PATRUNJEL RADACINA KG,PAINE DE CASA PE FOI DE VARZA RIP-ROP 1KG} => {_TELINA}",0.000103995507394081,0.388888888888889,0.00026741701901335,18.5700513936184,35
"{_PATRUNJEL RADACINA KG,_TELINA,PAINE CU CARTOFI FELII BACHUS 1.2 KG} => {_MORCOVI}",0.000716083350913526,0.822525597269625,0.000870590961899017,19.6120054791275,241
"{_MORCOVI,_TELINA,PAINE CU CARTOFI FELII BACHUS 1.2 KG} => {_PATRUNJEL RADACINA KG}",0.000716083350913526,0.702623906705539,0.00101915597246199,30.7144023475087,241
"{_MORCOVI,_PATRUNJEL RADACINA KG,PAINE CU CARTOFI FELII BACHUS 1.2 KG} => {_TELINA}",0.000716083350913526,0.554022988505747,0.00129251559189786,26.45546237948,241
"{_MORCOVI,_PATRUNJEL RADACINA KG,_TELINA} => {_BANANE}",0.00120634788577133,0.127312637190342,0.00947547637370637,1.38673862335171,406
"{_BANANE,_PATRUNJEL RADACINA KG,_TELINA} => {_MORCOVI}",0.00120634788577133,0.837113402061856,0.00144108060246083,19.9598318671005,406
"{_BANANE,_MORCOVI,_TELINA} => {_PATRUNJEL RADACINA KG}",0.00120634788577133,0.70242214532872,0.00171741152210796,30.7055825791423,406
"{_BANANE,_MORCOVI,_PATRUNJEL RADACINA KG} => {_TELINA}",0.00120634788577133,0.545698924731183,0.00221064735717703,26.057975342658,406
"{_PATRUNJEL RADACINA KG,_TELINA,PAINE CU CARTOFI FELII BACHUS 1.2 KG} => {_BANANE}",0.000109938107816599,0.126279863481229,0.000870590961899017,1.37548925154372,37
"{_BANANE,_TELINA,PAINE CU CARTOFI FELII BACHUS 1.2 KG} => {_PATRUNJEL RADACINA KG}",0.000109938107816599,0.578125,0.000190163213520604,25.2720747012599,37
"{_BANANE,_PATRUNJEL RADACINA KG,PAINE CU CARTOFI FELII BACHUS 1.2 KG} => {_TELINA}",0.000109938107816599,0.536231884057971,0.000205019714576902,25.6059093750514,37
"{_MORCOVI,_TELINA,LAPTE DE CONSUM 1.5% GRASIME FRISS CUTIE 1L} => {_BANANE}",0.000121823308661637,0.206030150753769,0.000591288742040629,2.24416031220898,41
"{_BANANE,_TELINA,LAPTE DE CONSUM 1.5% GRASIME FRISS CUTIE 1L} => {_MORCOVI}",0.000121823308661637,0.773584905660377,0.000157478911196751,18.4450811728457,41
"{_BANANE,_MORCOVI,LAPTE DE CONSUM 1.5% GRASIME FRISS CUTIE 1L} => {_TELINA}",0.000121823308661637,0.353448275862069,0.000344670824506096,16.8777068084857,41
"{_MORCOVI,_TELINA,CARNE TOCATA PORC VRAC} => {_BANANE}",0.000151536310774232,0.158878504672897,0.000953787367814282,1.73056629500866,51
"{_BANANE,_TELINA,CARNE TOCATA PORC VRAC} => {_MORCOVI}",0.000151536310774232,0.614457831325301,0.000246617917534534,14.6509122568915,51
"{_BANANE,_MORCOVI,CARNE TOCATA PORC VRAC} => {_TELINA}",0.000151536310774232,0.333333333333333,0.000454608932322695,15.9171869088157,51
"{_MORCOVI,_TELINA,PAINE DE CASA PE FOI DE VARZA RIP-ROP 1KG} => {_BANANE}",0.000139651109929194,0.144171779141104,0.000968643868870579,1.57037493641259,47
"{_BANANE,_TELINA,PAINE DE CASA PE FOI DE VARZA RIP-ROP 1KG} => {_MORCOVI}",0.000139651109929194,0.652777777777778,0.00021393361521068,15.5645993230212,47
"{_BANANE,_MORCOVI,PAINE DE CASA PE FOI DE VARZA RIP-ROP 1KG} => {_TELINA}",0.000139651109929194,0.358778625954198,0.000389240327674987,17.1322393446032,47
"{_MORCOVI,_TELINA,PAINE CU CARTOFI FELII BACHUS 1.2 KG} => {_BANANE}",0.000127765909084156,0.12536443148688,0.00101915597246199,1.36551801120474,43
"{_BANANE,_TELINA,PAINE CU CARTOFI FELII BACHUS 1.2 KG} => {_MORCOVI}",0.000127765909084156,0.671875,0.000190163213520604,16.0199466436415,43
"{_BANANE,_MORCOVI,PAINE CU CARTOFI FELII BACHUS 1.2 KG} => {_TELINA}",0.000127765909084156,0.302816901408451,0.000421924629998841,14.4599796566002,43
"{_LAMAIE^2 A nu se consuma coaja,_MORCOVI,_PATRUNJEL RADACINA KG} => {_BANANE}",0.00021690491542194,0.233974358974359,0.000927045665912947,2.54853946649937,73
"{_BANANE,_LAMAIE^2 A nu se consuma coaja,_PATRUNJEL RADACINA KG} => {_MORCOVI}",0.00021690491542194,0.848837209302326,0.000255531818168312,20.2393701241463,73
"{_BANANE,_LAMAIE^2 A nu se consuma coaja,_MORCOVI} => {_PATRUNJEL RADACINA KG}",0.00021690491542194,0.510489510489511,0.000424895930210101,22.3154664532766,73
"{_MORCOVI,_PATRUNJEL RADACINA KG,LAPTE DE CONSUM 1.5% GRASIME FRISS CUTIE 1L} => {_BANANE}",0.000151536310774232,0.177083333333333,0.00085573446084272,1.92886034964507,51
"{_BANANE,_PATRUNJEL RADACINA KG,LAPTE DE CONSUM 1.5% GRASIME FRISS CUTIE 1L} => {_MORCOVI}",0.000151536310774232,0.879310344827586,0.000172335412253048,20.9659606434827,51
"{_BANANE,_MORCOVI,LAPTE DE CONSUM 1.5% GRASIME FRISS CUTIE 1L} => {_PATRUNJEL RADACINA KG}",0.000151536310774232,0.439655172413793,0.000344670824506096,19.2190241903337,51
"{_PATRUNJEL RADACINA KG,CARNE TOCATA PORC VRAC,PAINE DE CASA PE FOI DE VARZA RIP-ROP 1KG} => {_MORCOVI}",0.000103995507394081,0.813953488372093,0.000127765909084156,19.4076151875376,35
"{_MORCOVI,CARNE TOCATA PORC VRAC,PAINE DE CASA PE FOI DE VARZA RIP-ROP 1KG} => {_PATRUNJEL RADACINA KG}",0.000103995507394081,0.376344086021505,0.000276330919647128,16.4514522902709,35
"{_MORCOVI,_PATRUNJEL RADACINA KG,CARNE TOCATA PORC VRAC} => {_BANANE}",0.000184220613098086,0.150121065375303,0.00122714698725015,1.63517686954671,62
"{_BANANE,_PATRUNJEL RADACINA KG,CARNE TOCATA PORC VRAC} => {_MORCOVI}",0.000184220613098086,0.746987951807229,0.000246617917534534,17.8109129397505,62
"{_BANANE,_MORCOVI,CARNE TOCATA PORC VRAC} => {_PATRUNJEL RADACINA KG}",0.000184220613098086,0.405228758169935,0.000454608932322695,17.714112774174,62
"{_MORCOVI,_PATRUNJEL RADACINA KG,APA MINERALA NATURALA CARBOGAZIFICATA CONTINUT REDUS CO2 TUSNAD 2L} => {_BANANE}",0.000133708509506675,0.150501672240803,0.000888418763166574,1.6393225871467,45
"{_BANANE,_PATRUNJEL RADACINA KG,APA MINERALA NATURALA CARBOGAZIFICATA CONTINUT REDUS CO2 TUSNAD 2L} => {_MORCOVI}",0.000133708509506675,0.833333333333333,0.00016045021140801,19.8697012634313,45
"{_BANANE,_MORCOVI,APA MINERALA NATURALA CARBOGAZIFICATA CONTINUT REDUS CO2 TUSNAD 2L} => {_PATRUNJEL RADACINA KG}",0.000133708509506675,0.517241379310345,0.000258503118379572,22.6106166945103,45
"{_MORCOVI,_PATRUNJEL RADACINA KG,PAINE DE CASA PE FOI DE VARZA RIP-ROP 1KG} => {_BANANE}",0.000199077114154383,0.161057692307692,0.00123606088788393,1.75430285193963,67
"{_BANANE,_PATRUNJEL RADACINA KG,PAINE DE CASA PE FOI DE VARZA RIP-ROP 1KG} => {_MORCOVI}",0.000199077114154383,0.744444444444444,0.00026741701901335,17.7502664619987,67
"{_BANANE,_MORCOVI,PAINE DE CASA PE FOI DE VARZA RIP-ROP 1KG} => {_PATRUNJEL RADACINA KG}",0.000199077114154383,0.511450381679389,0.000389240327674987,22.357469840933,67
"{_MORCOVI,_PATRUNJEL RADACINA KG,PAINE CU CARTOFI FELII BACHUS 1.2 KG} => {_BANANE}",0.000178278012675567,0.137931034482759,0.00129251559189786,1.50239832507851,60
"{_BANANE,_PATRUNJEL RADACINA KG,PAINE CU CARTOFI FELII BACHUS 1.2 KG} => {_MORCOVI}",0.000178278012675567,0.869565217391304,0.000205019714576902,20.7336013183631,60
"{_BANANE,_MORCOVI,PAINE CU CARTOFI FELII BACHUS 1.2 KG} => {_PATRUNJEL RADACINA KG}",0.000178278012675567,0.422535211267606,0.000421924629998841,18.4706446236844,60
"{BERE TILTOTT IGAZI SOR 6% 500ML,LD RED,PALL MALL S-LINE FLOW VIOLET/ROSE,SANA 3.6% PET FRISS 330G} => {_BANANE}",0.000136679809717934,0.613333333333333,0.000222847515844458,6.68066455218245,46
"{_BANANE,BERE TILTOTT IGAZI SOR 6% 500ML,LD RED,PALL MALL S-LINE FLOW VIOLET/ROSE} => {SANA 3.6% PET FRISS 330G}",0.000136679809717934,0.647887323943662,0.000210962314999421,62.1043641512991,46
"{_BANANE,BERE TILTOTT IGAZI SOR 6% 500ML,LD RED,SANA 3.6% PET FRISS 330G} => {PALL MALL S-LINE FLOW VIOLET/ROSE}",0.000136679809717934,0.707692307692308,0.000193134513731864,66.7159577677225,46
"{_BANANE,LD RED,PALL MALL S-LINE FLOW VIOLET/ROSE,SANA 3.6% PET FRISS 330G} => {BERE TILTOTT IGAZI SOR 6% 500ML}",0.000136679809717934,0.92,0.000148565010562972,203.569204470743,46
"{_BANANE,BERE TILTOTT IGAZI SOR 6% 500ML,PALL MALL S-LINE FLOW VIOLET/ROSE,SANA 3.6% PET FRISS 330G} => {LD RED}",0.000136679809717934,0.867924528301887,0.000157478911196751,197.901493071535,46
"{_GULII,_PATRUNJEL RADACINA KG,_TELINA,PULPE PUI CU SPATE REFR.VRAC SZEKELY CSURKE} => {_MORCOVI}",0.000115880708239118,0.886363636363636,0.000130737209295416,21.134136798377,39
"{_GULII,_MORCOVI,_TELINA,PULPE PUI CU SPATE REFR.VRAC SZEKELY CSURKE} => {_PATRUNJEL RADACINA KG}",0.000115880708239118,0.8125,0.000142622410140453,35.5175103909599,39
"{_GULII,_MORCOVI,_PATRUNJEL RADACINA KG,PULPE PUI CU SPATE REFR.VRAC SZEKELY CSURKE} => {_TELINA}",0.000115880708239118,0.795918367346939,0.000145593710351713,38.0063442516621,39
"{_MORCOVI,_PATRUNJEL RADACINA KG,_TELINA,PULPE PUI CU SPATE REFR.VRAC SZEKELY CSURKE} => {_GULII}",0.000115880708239118,0.274647887323944,0.000421924629998841,29.9040991337869,39
"{_GULII,_PATRUNJEL RADACINA KG,_TELINA,PASTE ATA PAIANJENULUI CU 8 OUA GYERMELYI 250G} => {_MORCOVI}",0.000359527325562393,0.896296296296296,0.000401125528520025,21.3709675811128,121
"{_GULII,_MORCOVI,_TELINA,PASTE ATA PAIANJENULUI CU 8 OUA GYERMELYI 250G} => {_PATRUNJEL RADACINA KG}",0.000359527325562393,0.889705882352941,0.000404096828731285,38.8924774416846,121
"{_GULII,_MORCOVI,_PATRUNJEL RADACINA KG,PASTE ATA PAIANJENULUI CU 8 OUA GYERMELYI 250G} => {_TELINA}",0.000359527325562393,0.846153846153846,0.000424895930210101,40.4051667685323,121
"{_MORCOVI,_PATRUNJEL RADACINA KG,_TELINA,PASTE ATA PAIANJENULUI CU 8 OUA GYERMELYI 250G} => {_GULII}",0.000359527325562393,0.338935574229692,0.00106075417541962,36.9038448119461,121
"{_GULII,_MORCOVI,_PATRUNJEL RADACINA KG,_TELINA} => {PASTE ATA PAIANJENULUI CU 8 OUA GYERMELYI 250G}",0.000359527325562393,0.140534262485482,0.00255828948189438,12.9794806921725,121
"{_ARDEI ALB BIANCA,_PATRUNJEL RADACINA KG,_TELINA,PASTE ATA PAIANJENULUI CU 8 OUA GYERMELYI 250G} => {_MORCOVI}",0.000145593710351713,0.942307692307692,0.000154507610985491,22.4680468132647,49
"{_ARDEI ALB BIANCA,_MORCOVI,_TELINA,PASTE ATA PAIANJENULUI CU 8 OUA GYERMELYI 250G} => {_PATRUNJEL RADACINA KG}",0.000145593710351713,0.875,0.000166392811830529,38.2496265748799,49
"{_ARDEI ALB BIANCA,_MORCOVI,_PATRUNJEL RADACINA KG,PASTE ATA PAIANJENULUI CU 8 OUA GYERMELYI 250G} => {_TELINA}",0.000145593710351713,0.742424242424242,0.000196105813943123,35.4519162969078,49
"{_MORCOVI,_PATRUNJEL RADACINA KG,_TELINA,PASTE ATA PAIANJENULUI CU 8 OUA GYERMELYI 250G} => {_ARDEI ALB BIANCA}",0.000145593710351713,0.137254901960784,0.00106075417541962,13.6304364177067,49
"{_ARDEI ALB BIANCA,_MORCOVI,_PATRUNJEL RADACINA KG,_TELINA} => {PASTE ATA PAIANJENULUI CU 8 OUA GYERMELYI 250G}",0.000145593710351713,0.152173913043478,0.000956758668025541,14.0544969694077,49
"{_PATRUNJEL RADACINA KG,_TELINA,_USTUROI,PASTE ATA PAIANJENULUI CU 8 OUA GYERMELYI 250G} => {_MORCOVI}",0.000101024207182821,0.944444444444444,0.00010696680760534,22.5189947652222,34
"{_MORCOVI,_TELINA,_USTUROI,PASTE ATA PAIANJENULUI CU 8 OUA GYERMELYI 250G} => {_PATRUNJEL RADACINA KG}",0.000101024207182821,0.894736842105263,0.000112909408027859,39.1124001066441,34
"{_MORCOVI,_PATRUNJEL RADACINA KG,_USTUROI,PASTE ATA PAIANJENULUI CU 8 OUA GYERMELYI 250G} => {_TELINA}",0.000101024207182821,0.80952380952381,0.000124794608872897,38.6560253499811,34
"{_MORCOVI,_PATRUNJEL RADACINA KG,_TELINA,_USTUROI} => {PASTE ATA PAIANJENULUI CU 8 OUA GYERMELYI 250G}",0.000101024207182821,0.177083333333333,0.000570489640561813,16.3550842709477,34
"{_CEAPA GALBENA,_PATRUNJEL RADACINA KG,_TELINA,PASTE ATA PAIANJENULUI CU 8 OUA GYERMELYI 250G} => {_MORCOVI}",0.000103995507394081,0.897435897435897,0.000115880708239118,21.3981398221568,35
"{_CEAPA GALBENA,_MORCOVI,_TELINA,PASTE ATA PAIANJENULUI CU 8 OUA GYERMELYI 250G} => {_PATRUNJEL RADACINA KG}",0.000103995507394081,0.74468085106383,0.000139651109929194,32.5528736807488,35
"{_CEAPA GALBENA,_MORCOVI,_PATRUNJEL RADACINA KG,PASTE ATA PAIANJENULUI CU 8 OUA GYERMELYI 250G} => {_TELINA}",0.000103995507394081,0.714285714285714,0.000145593710351713,34.108257661748,35
"{_MORCOVI,_PATRUNJEL RADACINA KG,_TELINA,PASTE ATA PAIANJENULUI CU 8 OUA GYERMELYI 250G} => {_BANANE}",0.000121823308661637,0.11484593837535,0.00106075417541962,1.25094650456467,41
"{_BANANE,_PATRUNJEL RADACINA KG,_TELINA,PASTE ATA PAIANJENULUI CU 8 OUA GYERMELYI 250G} => {_MORCOVI}",0.000121823308661637,0.854166666666667,0.000142622410140453,20.3664437950171,41
"{_BANANE,_MORCOVI,_TELINA,PASTE ATA PAIANJENULUI CU 8 OUA GYERMELYI 250G} => {_PATRUNJEL RADACINA KG}",0.000121823308661637,0.872340425531915,0.000139651109929194,38.1333663117343,41
"{_BANANE,_MORCOVI,_PATRUNJEL RADACINA KG,PASTE ATA PAIANJENULUI CU 8 OUA GYERMELYI 250G} => {_TELINA}",0.000121823308661637,0.706896551724138,0.000172335412253048,33.7554136169713,41
"{_BANANE,_MORCOVI,_PATRUNJEL RADACINA KG,_TELINA} => {PASTE ATA PAIANJENULUI CU 8 OUA GYERMELYI 250G}",0.000121823308661637,0.100985221674877,0.00120634788577133,9.32680551875544,41
"{_ARDEI ALB BIANCA,_GULII,_PATRUNJEL RADACINA KG,_TELINA} => {_MORCOVI}",0.000389240327674987,0.916083916083916,0.000424895930210101,21.8427764937861,131
"{_ARDEI ALB BIANCA,_GULII,_MORCOVI,_TELINA} => {_PATRUNJEL RADACINA KG}",0.000389240327674987,0.850649350649351,0.000457580232533955,37.1851657240019,131
"{_ARDEI ALB BIANCA,_GULII,_MORCOVI,_PATRUNJEL RADACINA KG} => {_TELINA}",0.000389240327674987,0.81875,0.000475408033801511,39.0965903447787,131
"{_GULII,_MORCOVI,_PATRUNJEL RADACINA KG,_TELINA} => {_ARDEI ALB BIANCA}",0.000389240327674987,0.152148664343786,0.00255828948189438,15.1094982091751,131
"{_ARDEI ALB BIANCA,_MORCOVI,_PATRUNJEL RADACINA KG,_TELINA} => {_GULII}",0.000389240327674987,0.406832298136646,0.000956758668025541,44.2965481833654,131
"{_GULII,_PATRUNJEL RADACINA KG,_TELINA,_USTUROI} => {_MORCOVI}",0.000187191913309345,0.887323943661972,0.000210962314999421,21.1570340213438,63
"{_GULII,_MORCOVI,_TELINA,_USTUROI} => {_PATRUNJEL RADACINA KG}",0.000187191913309345,0.875,0.00021393361521068,38.2496265748799,63
"{_GULII,_MORCOVI,_PATRUNJEL RADACINA KG,_USTUROI} => {_TELINA}",0.000187191913309345,0.807692307692308,0.000231761416478237,38.5685682790535,63
"{_MORCOVI,_PATRUNJEL RADACINA KG,_TELINA,_USTUROI} => {_GULII}",0.000187191913309345,0.328125,0.000570489640561813,35.7267722824329,63
"{_GULII,_PATRUNJEL RADACINA KG,_TELINA,COTLET PORC FARA OS} => {_MORCOVI}",0.000124794608872897,0.893617021276596,0.000139651109929194,21.30708390802,42
"{_GULII,_MORCOVI,_TELINA,COTLET PORC FARA OS} => {_PATRUNJEL RADACINA KG}",0.000124794608872897,0.893617021276596,0.000139651109929194,39.0634484168986,42
"{_GULII,_MORCOVI,_PATRUNJEL RADACINA KG,COTLET PORC FARA OS} => {_TELINA}",0.000124794608872897,0.688524590163934,0.000181249312886826,32.8781237788653,42
"{_MORCOVI,_PATRUNJEL RADACINA KG,_TELINA,COTLET PORC FARA OS} => {_GULII}",0.000124794608872897,0.320610687022901,0.000389240327674987,34.9086019248199,42
"{_CARTOFI ALBI,_GULII,_PATRUNJEL RADACINA KG,_TELINA} => {_MORCOVI}",0.000145593710351713,0.859649122807018,0.000169364112041788,20.4971655138555,49
"{_CARTOFI ALBI,_GULII,_MORCOVI,_TELINA} => {_PATRUNJEL RADACINA KG}",0.000145593710351713,0.890909090909091,0.000163421511619269,38.9450743307868,49
"{_CARTOFI ALBI,_GULII,_MORCOVI,_PATRUNJEL RADACINA KG} => {_TELINA}",0.000145593710351713,0.742424242424242,0.000196105813943123,35.4519162969078,49
"{_CARTOFI ALBI,_MORCOVI,_PATRUNJEL RADACINA KG,_TELINA} => {_GULII}",0.000145593710351713,0.23444976076555,0.000621001744153224,25.5272631300318,49
"{_CEAPA GALBENA,_GULII,_PATRUNJEL RADACINA KG,_TELINA} => {_MORCOVI}",0.000347642124717355,0.9140625,0.000380326427041209,21.7945785733262,117
"{_CEAPA GALBENA,_GULII,_MORCOVI,_TELINA} => {_PATRUNJEL RADACINA KG}",0.000347642124717355,0.860294117647059,0.000404096828731284,37.6067757080752,117
"{_CEAPA GALBENA,_GULII,_MORCOVI,_PATRUNJEL RADACINA KG} => {_TELINA}",0.000347642124717355,0.795918367346939,0.000436781131055138,38.0063442516621,117
"{_GULII,_MORCOVI,_PATRUNJEL RADACINA KG,_TELINA} => {_CEAPA GALBENA}",0.000347642124717355,0.13588850174216,0.00255828948189438,7.39070506251281,117
"{_CEAPA GALBENA,_MORCOVI,_PATRUNJEL RADACINA KG,_TELINA} => {_GULII}",0.000347642124717355,0.330508474576271,0.00105184027478584,35.9862887881164,117
"{_GULII,_PATRUNJEL RADACINA KG,_TELINA,LAPTE DE CONSUM 3.5% GRASIME FRISS CUTIE 1L} => {_MORCOVI}",0.000139651109929194,0.959183673469388,0.000145593710351713,22.8704316583169,47
"{_GULII,_MORCOVI,_TELINA,LAPTE DE CONSUM 3.5% GRASIME FRISS CUTIE 1L} => {_PATRUNJEL RADACINA KG}",0.000139651109929194,0.87037037037037,0.00016045021140801,38.0472475982932,47
"{_GULII,_MORCOVI,_PATRUNJEL RADACINA KG,LAPTE DE CONSUM 3.5% GRASIME FRISS CUTIE 1L} => {_TELINA}",0.000139651109929194,0.770491803278688,0.000181249312886826,36.7921861334921,47
"{_MORCOVI,_PATRUNJEL RADACINA KG,_TELINA,LAPTE DE CONSUM 3.5% GRASIME FRISS CUTIE 1L} => {_GULII}",0.000139651109929194,0.388429752066116,0.000359527325562393,42.2928496755443,47
"{_ARDEI ROSU CAPIA,_GULII,_PATRUNJEL RADACINA KG,_TELINA} => {_MORCOVI}",0.000207991014788161,0.886075949367089,0.000234732716689496,21.1272772927624,70
"{_ARDEI ROSU CAPIA,_GULII,_MORCOVI,_TELINA} => {_PATRUNJEL RADACINA KG}",0.000207991014788161,0.795454545454545,0.000261474418590831,34.7723877953453,70
"{_ARDEI ROSU CAPIA,_GULII,_MORCOVI,_PATRUNJEL RADACINA KG} => {_TELINA}",0.000207991014788161,0.673076923076923,0.000309015221970982,32.1404735658779,70
"{_ARDEI ROSU CAPIA,_MORCOVI,_PATRUNJEL RADACINA KG,_TELINA} => {_GULII}",0.000207991014788161,0.285714285714286,0.000727968551758564,31.1090262051116,70
"{_GULII,_PATRUNJEL RADACINA KG,_TELINA,SMANTANA 20% GRASIME FRISS 300G} => {_MORCOVI}",0.000145593710351713,0.844827586206897,0.000172335412253048,20.1437661084442,49
"{_GULII,_MORCOVI,_TELINA,SMANTANA 20% GRASIME FRISS 300G} => {_PATRUNJEL RADACINA KG}",0.000145593710351713,0.859649122807018,0.000169364112041788,37.5785804946188,49
"{_GULII,_MORCOVI,_PATRUNJEL RADACINA KG,SMANTANA 20% GRASIME FRISS 300G} => {_TELINA}",0.000145593710351713,0.671232876712329,0.000216904915421939,32.0524174739166,49
"{_MORCOVI,_PATRUNJEL RADACINA KG,_TELINA,SMANTANA 20% GRASIME FRISS 300G} => {_GULII}",0.000145593710351713,0.291666666666667,0.000499178435491587,31.7571309177181,49
"{_GULII,_LAMAIE^2 A nu se consuma coaja,_PATRUNJEL RADACINA KG,_TELINA} => {_MORCOVI}",0.000154507610985491,0.838709677419355,0.000184220613098086,19.9978928844857,52
"{_GULII,_LAMAIE^2 A nu se consuma coaja,_MORCOVI,_TELINA} => {_PATRUNJEL RADACINA KG}",0.000154507610985491,0.866666666666667,0.000178278012675567,37.8853444170239,52
"{_GULII,_LAMAIE^2 A nu se consuma coaja,_MORCOVI,_PATRUNJEL RADACINA KG} => {_TELINA}",0.000154507610985491,0.702702702702703,0.000219876215633199,33.5551507807467,52
"{_LAMAIE^2 A nu se consuma coaja,_MORCOVI,_PATRUNJEL RADACINA KG,_TELINA} => {_GULII}",0.000154507610985491,0.305882352941176,0.000505121035914106,33.3049574666489,52
"{_GULII,_PATRUNJEL RADACINA KG,_TELINA,LAPTE DE CONSUM 1.5% GRASIME FRISS CUTIE 1L} => {_MORCOVI}",0.000145593710351713,0.875,0.000166392811830529,20.8631863266029,49
"{_GULII,_MORCOVI,_TELINA,LAPTE DE CONSUM 1.5% GRASIME FRISS CUTIE 1L} => {_PATRUNJEL RADACINA KG}",0.000145593710351713,0.844827586206897,0.000172335412253048,36.9306739343668,49
"{_GULII,_MORCOVI,_PATRUNJEL RADACINA KG,LAPTE DE CONSUM 1.5% GRASIME FRISS CUTIE 1L} => {_TELINA}",0.000145593710351713,0.720588235294118,0.000202048414365642,34.4092128764105,49
"{_MORCOVI,_PATRUNJEL RADACINA KG,_TELINA,LAPTE DE CONSUM 1.5% GRASIME FRISS CUTIE 1L} => {_GULII}",0.000145593710351713,0.328859060402685,0.000442723731477657,35.8066979474942,49
"{_GULII,_PATRUNJEL RADACINA KG,_TELINA,CARNE TOCATA PORC VRAC} => {_MORCOVI}",0.000166392811830529,0.848484848484849,0.000196105813943123,20.2309685591301,56
"{_GULII,_MORCOVI,_TELINA,CARNE TOCATA PORC VRAC} => {_PATRUNJEL RADACINA KG}",0.000166392811830529,0.861538461538462,0.000193134513731864,37.6611707814202,56
"{_GULII,_MORCOVI,_PATRUNJEL RADACINA KG,CARNE TOCATA PORC VRAC} => {_TELINA}",0.000166392811830529,0.691358024691358,0.000240675317112015,33.013424699766,56
"{_MORCOVI,_PATRUNJEL RADACINA KG,_TELINA,CARNE TOCATA PORC VRAC} => {_GULII}",0.000166392811830529,0.274509803921569,0.000606145243096927,29.8890643931465,56
"{_GULII,_PATRUNJEL RADACINA KG,_TELINA,PAINE DE CASA PE FOI DE VARZA RIP-ROP 1KG} => {_MORCOVI}",0.000175306712464307,0.907692307692308,0.000193134513731864,21.6426899915529,59
"{_GULII,_MORCOVI,_TELINA,PAINE DE CASA PE FOI DE VARZA RIP-ROP 1KG} => {_PATRUNJEL RADACINA KG}",0.000175306712464307,0.710843373493976,0.000246617917534534,31.0737069592828,59
"{_GULII,_MORCOVI,_PATRUNJEL RADACINA KG,PAINE DE CASA PE FOI DE VARZA RIP-ROP 1KG} => {_TELINA}",0.000175306712464307,0.670454545454545,0.000261474418590831,32.0152509415953,59
"{_MORCOVI,_PATRUNJEL RADACINA KG,_TELINA,PAINE DE CASA PE FOI DE VARZA RIP-ROP 1KG} => {_GULII}",0.000175306712464307,0.271889400921659,0.0006447721458433,29.603750743574,59
"{_GULII,_PATRUNJEL RADACINA KG,_TELINA,PAINE CU CARTOFI FELII BACHUS 1.2 KG} => {_MORCOVI}",0.000169364112041788,0.838235294117647,0.000202048414365642,19.9865818590986,57
"{_GULII,_MORCOVI,_TELINA,PAINE CU CARTOFI FELII BACHUS 1.2 KG} => {_PATRUNJEL RADACINA KG}",0.000169364112041788,0.76,0.000222847515844458,33.2225327964671,57
"{_GULII,_MORCOVI,_PATRUNJEL RADACINA KG,PAINE CU CARTOFI FELII BACHUS 1.2 KG} => {_TELINA}",0.000169364112041788,0.678571428571429,0.000249589217745793,32.4028447786606,57
"{_MORCOVI,_PATRUNJEL RADACINA KG,_TELINA,PAINE CU CARTOFI FELII BACHUS 1.2 KG} => {_GULII}",0.000169364112041788,0.236514522821577,0.000716083350913526,25.7520777092106,57
"{_GULII,_MORCOVI,_PATRUNJEL RADACINA KG,_TELINA} => {_BANANE}",0.000383297727252468,0.149825783972125,0.00255828948189438,1.6319605499764,129
"{_BANANE,_GULII,_PATRUNJEL RADACINA KG,_TELINA} => {_MORCOVI}",0.000383297727252468,0.865771812080537,0.000442723731477657,20.6431527220079,129
"{_BANANE,_GULII,_MORCOVI,_TELINA} => {_PATRUNJEL RADACINA KG}",0.000383297727252468,0.772455089820359,0.000496207135280327,33.7669928359932,129
"{_BANANE,_GULII,_MORCOVI,_PATRUNJEL RADACINA KG} => {_TELINA}",0.000383297727252468,0.693548387096774,0.000552661839294257,33.1180179231811,129
"{_BANANE,_MORCOVI,_PATRUNJEL RADACINA KG,_TELINA} => {_GULII}",0.000383297727252468,0.317733990147783,0.00120634788577133,34.5953825901672,129
"{_ARDEI ALB BIANCA,_CEAPA GALBENA,_PATRUNJEL RADACINA KG,_TELINA} => {_MORCOVI}",0.000115880708239118,0.886363636363636,0.000130737209295416,21.134136798377,39
"{_ARDEI ALB BIANCA,_CEAPA GALBENA,_MORCOVI,_TELINA} => {_PATRUNJEL RADACINA KG}",0.000115880708239118,0.764705882352941,0.000151536310774232,33.4282450738446,39
"{_ARDEI ALB BIANCA,_CEAPA GALBENA,_MORCOVI,_PATRUNJEL RADACINA KG} => {_TELINA}",0.000115880708239118,0.764705882352941,0.000151536310774232,36.5158993790479,39
"{_ARDEI ALB BIANCA,_MORCOVI,_PATRUNJEL RADACINA KG,_TELINA} => {_CEAPA GALBENA}",0.000115880708239118,0.12111801242236,0.000956758668025541,6.58736755571794,39
"{_CEAPA GALBENA,_MORCOVI,_PATRUNJEL RADACINA KG,_TELINA} => {_ARDEI ALB BIANCA}",0.000115880708239118,0.110169491525424,0.00105184027478584,10.9406529599752,39
"{_ARDEI ALB BIANCA,_ARDEI ROSU CAPIA,_PATRUNJEL RADACINA KG,_TELINA} => {_MORCOVI}",0.000121823308661637,0.891304347826087,0.000136679809717934,21.2519413513222,41
"{_ARDEI ALB BIANCA,_ARDEI ROSU CAPIA,_MORCOVI,_TELINA} => {_PATRUNJEL RADACINA KG}",0.000121823308661637,0.694915254237288,0.000175306712464307,30.3774274008731,41
"{_ARDEI ALB BIANCA,_ARDEI ROSU CAPIA,_MORCOVI,_PATRUNJEL RADACINA KG} => {_TELINA}",0.000121823308661637,0.694915254237288,0.000175306712464307,33.1832879624464,41
"{_ARDEI ALB BIANCA,_MORCOVI,_PATRUNJEL RADACINA KG,_TELINA} => {_ARDEI ROSU CAPIA}",0.000121823308661637,0.127329192546584,0.000956758668025541,6.83461271756466,41
"{_ARDEI ROSU CAPIA,_MORCOVI,_PATRUNJEL RADACINA KG,_TELINA} => {_ARDEI ALB BIANCA}",0.000121823308661637,0.16734693877551,0.000727968551758564,16.6188003203642,41
"{_ARDEI ALB BIANCA,_MORCOVI,_PATRUNJEL RADACINA KG,_TELINA} => {_BANANE}",0.00010696680760534,0.111801242236025,0.000956758668025541,1.21778249330898,36
"{_ARDEI ALB BIANCA,_BANANE,_PATRUNJEL RADACINA KG,_TELINA} => {_MORCOVI}",0.00010696680760534,0.782608695652174,0.000136679809717934,18.6602411865268,36
"{_ARDEI ALB BIANCA,_BANANE,_MORCOVI,_TELINA} => {_PATRUNJEL RADACINA KG}",0.00010696680760534,0.692307692307692,0.000154507610985491,30.2634408064983,36
"{_ARDEI ALB BIANCA,_BANANE,_MORCOVI,_PATRUNJEL RADACINA KG} => {_TELINA}",0.00010696680760534,0.553846153846154,0.000193134513731864,26.4470182484938,36
"{_CEAPA GALBENA,_PATRUNJEL RADACINA KG,_TELINA,_USTUROI} => {_MORCOVI}",0.000112909408027859,0.863636363636364,0.000130737209295416,20.5922358548288,38
"{_CEAPA GALBENA,_MORCOVI,_TELINA,_USTUROI} => {_PATRUNJEL RADACINA KG}",0.000112909408027859,0.730769230769231,0.000154507610985491,31.944743073526,38
"{_CEAPA GALBENA,_MORCOVI,_PATRUNJEL RADACINA KG,_USTUROI} => {_TELINA}",0.000112909408027859,0.59375,0.000190163213520604,28.352489181328,38
"{_MORCOVI,_PATRUNJEL RADACINA KG,_TELINA,_USTUROI} => {_CEAPA GALBENA}",0.000112909408027859,0.197916666666667,0.000570489640561813,10.7642934577677,38
"{_CEAPA GALBENA,_MORCOVI,_PATRUNJEL RADACINA KG,_TELINA} => {_USTUROI}",0.000112909408027859,0.107344632768362,0.00105184027478584,9.28957526153006,38
"{_CARTOFI ALBI,_CEAPA GALBENA,_PATRUNJEL RADACINA KG,_TELINA} => {_MORCOVI}",0.000115880708239118,0.866666666666667,0.000133708509506675,20.6644893139686,39
"{_CARTOFI ALBI,_CEAPA GALBENA,_MORCOVI,_TELINA} => {_PATRUNJEL RADACINA KG}",0.000115880708239118,0.847826086956522,0.000136679809717934,37.0617499731755,39
"{_CARTOFI ALBI,_CEAPA GALBENA,_MORCOVI,_PATRUNJEL RADACINA KG} => {_TELINA}",0.000115880708239118,0.6,0.000193134513731864,28.6509364358683,39
"{_CARTOFI ALBI,_MORCOVI,_PATRUNJEL RADACINA KG,_TELINA} => {_CEAPA GALBENA}",0.000115880708239118,0.186602870813397,0.000621001744153224,10.1489586265128,39
"{_CEAPA GALBENA,_MORCOVI,_PATRUNJEL RADACINA KG,_TELINA} => {_CARTOFI ALBI}",0.000115880708239118,0.110169491525424,0.00105184027478584,6.46744686575195,39
"{_ARDEI ROSU CAPIA,_CEAPA GALBENA,_PATRUNJEL RADACINA KG,_TELINA} => {_MORCOVI}",0.000133708509506675,0.918367346938776,0.000145593710351713,21.8972218005162,45
"{_ARDEI ROSU CAPIA,_CEAPA GALBENA,_MORCOVI,_TELINA} => {_PATRUNJEL RADACINA KG}",0.000133708509506675,0.76271186440678,0.000175306712464307,33.3410788546168,45
"{_ARDEI ROSU CAPIA,_CEAPA GALBENA,_MORCOVI,_PATRUNJEL RADACINA KG} => {_TELINA}",0.000133708509506675,0.633802816901408,0.000210962314999421,30.2650736998609,45
"{_CEAPA GALBENA,_MORCOVI,_PATRUNJEL RADACINA KG,_TELINA} => {_ARDEI ROSU CAPIA}",0.000133708509506675,0.127118644067797,0.00105184027478584,6.82331116697754,45
"{_ARDEI ROSU CAPIA,_MORCOVI,_PATRUNJEL RADACINA KG,_TELINA} => {_CEAPA GALBENA}",0.000133708509506675,0.183673469387755,0.000727968551758564,9.98963431526457,45
"{_CEAPA GALBENA,_PATRUNJEL RADACINA KG,_TELINA,CARNE TOCATA PORC VRAC} => {_MORCOVI}",0.000103995507394081,0.921052631578947,0.000112909408027859,21.9612487648452,35
"{_CEAPA GALBENA,_MORCOVI,_TELINA,CARNE TOCATA PORC VRAC} => {_PATRUNJEL RADACINA KG}",0.000103995507394081,0.625,0.000166392811830529,27.3211618391999,35
"{_CEAPA GALBENA,_MORCOVI,_PATRUNJEL RADACINA KG,CARNE TOCATA PORC VRAC} => {_TELINA}",0.000103995507394081,0.660377358490566,0.000157478911196751,31.5340495363331,35
"{_MORCOVI,_PATRUNJEL RADACINA KG,_TELINA,CARNE TOCATA PORC VRAC} => {_CEAPA GALBENA}",0.000103995507394081,0.17156862745098,0.000606145243096927,9.33127606246118,35
"{_CEAPA GALBENA,_MORCOVI,_PATRUNJEL RADACINA KG,_TELINA} => {_BANANE}",0.000136679809717934,0.129943502824859,0.00105184027478584,1.41539503224204,46
"{_BANANE,_CEAPA GALBENA,_PATRUNJEL RADACINA KG,_TELINA} => {_MORCOVI}",0.000136679809717934,0.821428571428571,0.000166392811830529,19.5858483882395,46
"{_BANANE,_CEAPA GALBENA,_MORCOVI,_TELINA} => {_PATRUNJEL RADACINA KG}",0.000136679809717934,0.666666666666667,0.000205019714576902,29.1425726284799,46
"{_BANANE,_CEAPA GALBENA,_MORCOVI,_PATRUNJEL RADACINA KG} => {_TELINA}",0.000136679809717934,0.613333333333333,0.000222847515844458,29.287623912221,46
"{_BANANE,_MORCOVI,_PATRUNJEL RADACINA KG,_TELINA} => {_CEAPA GALBENA}",0.000136679809717934,0.113300492610837,0.00120634788577133,6.16218821746205,46
"{_ARDEI ROSU CAPIA,_MORCOVI,_PATRUNJEL RADACINA KG,_TELINA} => {_BANANE}",0.000121823308661637,0.16734693877551,0.000727968551758564,1.82280776379424,41
"{_ARDEI ROSU CAPIA,_BANANE,_PATRUNJEL RADACINA KG,_TELINA} => {_MORCOVI}",0.000121823308661637,0.773584905660377,0.000157478911196751,18.4450811728457,41
"{_ARDEI ROSU CAPIA,_BANANE,_MORCOVI,_TELINA} => {_PATRUNJEL RADACINA KG}",0.000121823308661637,0.788461538461538,0.000154507610985491,34.4666964740676,41
"{_ARDEI ROSU CAPIA,_BANANE,_MORCOVI,_PATRUNJEL RADACINA KG} => {_TELINA}",0.000121823308661637,0.525641025641026,0.000231761416478237,25.1001793562094,41
"{_BANANE,_MORCOVI,_PATRUNJEL RADACINA KG,_TELINA} => {_ARDEI ROSU CAPIA}",0.000121823308661637,0.100985221674877,0.00120634788577133,5.42055491393059,41
"{_LAMAIE^2 A nu se consuma coaja,_MORCOVI,_PATRUNJEL RADACINA KG,_TELINA} => {_BANANE}",0.000127765909084156,0.252941176470588,0.000505121035914106,2.7551333990778,43
"{_BANANE,_LAMAIE^2 A nu se consuma coaja,_PATRUNJEL RADACINA KG,_TELINA} => {_MORCOVI}",0.000127765909084156,0.934782608695652,0.000136679809717934,22.2886214172404,43
"{_BANANE,_LAMAIE^2 A nu se consuma coaja,_MORCOVI,_TELINA} => {_PATRUNJEL RADACINA KG}",0.000127765909084156,0.716666666666667,0.000178278012675567,31.3282655756159,43
"{_BANANE,_MORCOVI,_PATRUNJEL RADACINA KG,_TELINA} => {_LAMAIE^2 A nu se consuma coaja}",0.000127765909084156,0.105911330049261,0.00120634788577133,3.96625969311995,43
"{_BANANE,_LAMAIE^2 A nu se consuma coaja,_MORCOVI,_PATRUNJEL RADACINA KG} => {_TELINA}",0.000127765909084156,0.589041095890411,0.000216904915421939,28.127631660784,43
