"rules","support","confidence","coverage","lift","count"
"{CAMEL BLUE} => {KINDER OUA CIOCOLATA 20G}",0.000107942712643546,0.496688741721854,0.000217324661455672,139.380369427297,75
"{CAMEL BLUE} => {BERE GOLDEN BRAU DOZA 500ML}",0.000115138893486449,0.529801324503311,0.000217324661455672,58.3010528479758,80
"{BORCAN 720ML} => {CAPACE FILET MARE}",0.000115138893486449,0.476190476190476,0.000241791676321543,844.039115646258,80
"{CAPACE FILET MARE} => {BORCAN 720ML}",0.000115138893486449,0.204081632653061,0.000564180578083599,844.039115646258,80
"{GIANA FRUNZE DE VARZA IN RULOURI 1600G} => {CARNE TOCATA PORC VRAC}",0.000100746531800643,0.534351145038168,0.00018853993808406,10.9111623750964,70
"{BERE CIUCAS BRASOV 500ML STICLA} => {PAINE CU CARTOFI FELII BACHUS 1.2 KG}",0.000102185767969223,0.360406091370558,0.00028352952521038,5.88021503694763,71
"{MAZARE KLEINE RHEINL KERTIMAG 250G} => {SEMINTE LEGUME GARDENSEED KERTIMAG}",0.000112260421149288,0.619047619047619,0.000181343757241157,239.622469823584,78
"{BERE TILTOTT BARNA SOR 7% 500ML} => {STICLA BERE 500ML CSIKI}",0.000128092019003674,0.532934131736527,0.000240352440152962,303.267455261467,89
"{BERE GOLDEN BRAU STICLA 500ML} => {LD RED}",0.000238913203984381,0.614814814814815,0.000388593765516765,210.537863935893,166
"{BERE GOLDEN BRAU STICLA 500ML} => {PAINE CU CARTOFI FELII BACHUS 1.2 KG}",0.000158315978543867,0.407407407407407,0.000388593765516765,6.64706624155739,110
"{BEIGLI CU MAC HARMOPAN 350G} => {BEIGLI CU NUCA HARMOPAN 350G}",0.000107942712643546,0.460122699386503,0.00023459549547864,1925.89899475201,75
"{BEIGLI CU NUCA HARMOPAN 350G} => {BEIGLI CU MAC HARMOPAN 350G}",0.000107942712643546,0.451807228915663,0.000238913203984381,1925.89899475201,75
"{DR.OETKER VOPSEA PT.OUA VERDE 10 OUA CARMIN 5ML} => {DR.OETKER VOPSEA PT.OUA ROSU 10 OUA CARMIN 5ML}",0.000177026048735415,0.897810218978102,0.000197175355095544,1220.76362363764,123
"{DR.OETKER VOPSEA PT.OUA ROSU 10 OUA CARMIN 5ML} => {DR.OETKER VOPSEA PT.OUA VERDE 10 OUA CARMIN 5ML}",0.000177026048735415,0.240704500978474,0.000735449682144692,1220.76362363764,123
"{BAUT.RAC.ALOE VERA ORIGINAL FARMER 500ML} => {SZEKELYHON}",0.000103625004137804,0.306382978723404,0.000338220499616444,29.5911699465867,72
"{MIX DE SUC DE FRUCTE CU BERE FARA ALCOOL MAR&PERE DOZA FRESH 500ML} => {MIX DE SUC DE FRUCTE CU BERE FARA ALCOOL ZMEURA&COACAZE DOZA FRESH 500ML}",0.000102185767969223,0.31981981981982,0.000319510429424896,813.974243474243,71
"{MIX DE SUC DE FRUCTE CU BERE FARA ALCOOL ZMEURA&COACAZE DOZA FRESH 500ML} => {MIX DE SUC DE FRUCTE CU BERE FARA ALCOOL MAR&PERE DOZA FRESH 500ML}",0.000102185767969223,0.26007326007326,0.000392911474022507,813.974243474244,71
"{BATON CIOC.LAPTE CU GUST CAPSUNI SI IAURT ROSHEN TIDBIT 50G} => {BATON CIOC.LAPTE CU GUST DE BROWNIE CU VISINE ROSHEN TIDBIT 50G}",0.000106503476474965,0.52112676056338,0.000204371535938447,1448.3425915493,74
"{BATON CIOC.LAPTE CU GUST DE BROWNIE CU VISINE ROSHEN TIDBIT 50G} => {BATON CIOC.LAPTE CU GUST CAPSUNI SI IAURT ROSHEN TIDBIT 50G}",0.000106503476474965,0.296,0.000359809042145153,1448.3425915493,74
"{VIN BECIUL DOMNESC CABERNET SAUVIGNON SEC 750ML} => {BERE DARK DOZA SILVA 500ML}",0.000135288199846577,0.391666666666667,0.000345416680459347,687.209827441077,94
"{BERE DARK DOZA SILVA 500ML} => {VIN BECIUL DOMNESC CABERNET SAUVIGNON SEC 750ML}",0.000135288199846577,0.237373737373737,0.000569937522757922,687.209827441078,94
"{VIN BECIUL DOMNESC CABERNET SAUVIGNON SEC 750ML} => {BERE NEUMARKT 2.5L PET}",0.000122335074329352,0.354166666666667,0.000345416680459347,354.071372901679,85
"{BERE NEUMARKT 2.5L PET} => {VIN BECIUL DOMNESC CABERNET SAUVIGNON SEC 750ML}",0.000122335074329352,0.122302158273381,0.00100026913716352,354.071372901679,85
"{DAVIDOFF GOLD} => {GOBE PAINE CU SECARA SI CARTOFI KG}",0.000106503476474965,0.296,0.000359809042145153,50.7939362805631,74
"{BORCAN 370ML} => {CAPACE FILET MIC}",0.000198614591264124,0.524714828897338,0.000378519112336701,845.890219050224,138
"{CAPACE FILET MIC} => {BORCAN 370ML}",0.000198614591264124,0.320185614849188,0.000620310788658243,845.890219050224,138
"{BERE 6% SZEKELY SOR 500ML} => {STICLA BERE 500ML CSIKI}",0.000143923616858061,0.4149377593361,0.000346855916627927,236.121334461583,100
"{BERE TILTOTT CSIKI AFINE 500ML} => {BERE TILTOTT CSIKI VADMALNA CU VITAMINE STICLA 500ML}",0.000112260421149288,0.354545454545455,0.000316631957087734,543.803070439494,78
"{BERE TILTOTT CSIKI VADMALNA CU VITAMINE STICLA 500ML} => {BERE TILTOTT CSIKI AFINE 500ML}",0.000112260421149288,0.172185430463576,0.000651973984367017,543.803070439494,78
"{BERE TILTOTT CSIKI AFINE 500ML} => {STICLA BERE 500ML CSIKI}",0.000208689244444189,0.659090909090909,0.000316631957087734,375.057274216365,145
"{STICLA BERE 500ML CSIKI} => {BERE TILTOTT CSIKI AFINE 500ML}",0.000208689244444189,0.118755118755119,0.00175730736183693,375.057274216365,145
"{CERBONA TERCI DE OVAZ CU SFECLA&MERE 50G} => {CERBONA TERCI DE OVAZ CU PRUNE 50G}",0.000112260421149288,0.376811594202899,0.000297921886896186,788.595163261743,78
"{CERBONA TERCI DE OVAZ CU PRUNE 50G} => {CERBONA TERCI DE OVAZ CU SFECLA&MERE 50G}",0.000112260421149288,0.234939759036145,0.000477826407968763,788.595163261743,78
"{WINSTON XSTYLE BLUE} => {BERE TUBORG DE LUXE DOZA 500ML}",0.000174147576398254,0.530701754385965,0.000328145846436379,1216.95867349893,121
"{BERE TUBORG DE LUXE DOZA 500ML} => {WINSTON XSTYLE BLUE}",0.000174147576398254,0.399339933993399,0.000436088559079925,1216.95867349893,121
"{WINSTON XSTYLE BLUE} => {ZUZU LAPTE 3.5% INTEGRAL 1L}",0.000129531255172255,0.394736842105263,0.000328145846436379,358.052597224131,90
"{ZUZU LAPTE 3.5% INTEGRAL 1L} => {WINSTON XSTYLE BLUE}",0.000129531255172255,0.117493472584856,0.00110245490513275,358.052597224131,90
"{WINSTON XSTYLE BLUE} => {7DAYS CROISSANT SUPER MAX COCOA 110G}",0.000113699657317868,0.346491228070175,0.000328145846436379,169.778991289931,79
"{WINSTON XSTYLE BLUE} => {APA MINERALA NATURALA CARBOGAZIFICATA CONTINUT REDUS CO2 TUSNAD 2L}",0.000110821184980707,0.337719298245614,0.000328145846436379,8.42253261923653,77
"{HRANA COMPLETA PENTRU CAINI ADULTI CU PASARE RENO 300G} => {HRANA COMPLETA PENTRU CAINI ADULTI CU VITA RENO 300G}",0.000119456601992191,0.350210970464135,0.000341098971953605,872.154605810384,83
"{HRANA COMPLETA PENTRU CAINI ADULTI CU VITA RENO 300G} => {HRANA COMPLETA PENTRU CAINI ADULTI CU PASARE RENO 300G}",0.000119456601992191,0.297491039426523,0.00040154689103399,872.154605810384,83
"{CERBONA BATON CEREALE CU FRUCTE 20G} => {CERBONA BATON CEREALE CU FRUCTE ROSII 20G}",0.000106503476474965,0.362745098039216,0.000293604178390445,826.36068788171,74
"{CERBONA BATON CEREALE CU FRUCTE ROSII 20G} => {CERBONA BATON CEREALE CU FRUCTE 20G}",0.000106503476474965,0.242622950819672,0.000438967031417086,826.36068788171,74
"{_ARPAGIC ROSU} => {_ARPAGIC ALB}",0.000179904521072576,0.527426160337553,0.000341098971953605,872.529887482419,125
"{_ARPAGIC ALB} => {_ARPAGIC ROSU}",0.000179904521072576,0.297619047619048,0.000604479190803857,872.529887482419,125
"{NUTLINE SEMINTE FL.SOARELUI 40G} => {PAINE CU CARTOFI FELII BACHUS 1.2 KG}",0.000102185767969223,0.224683544303797,0.000454798629271473,3.66583026037558,71
"{HRANA INTEGRALA PT.PISICI CU CARNE DE VITA PDC 415G} => {HRANA INTEGRALA PT.PISICI CU CARNE DE VANAT/FICAT PDC 415G}",0.000112260421149288,0.317073170731707,0.00035405209747083,953.708056171471,78
"{HRANA INTEGRALA PT.PISICI CU CARNE DE VANAT/FICAT PDC 415G} => {HRANA INTEGRALA PT.PISICI CU CARNE DE VITA PDC 415G}",0.000112260421149288,0.337662337662338,0.000332463554942121,953.708056171471,78
"{HRANA INTEGRALA PT.PISICI CU CARNE DE VITA PDC 415G} => {HRANA INTEGRALA PT.PISICI ADULTI CU CARNE PASARE PDC 415G}",0.000126652782835094,0.357723577235772,0.00035405209747083,757.777414237557,88
"{HRANA INTEGRALA PT.PISICI ADULTI CU CARNE PASARE PDC 415G} => {HRANA INTEGRALA PT.PISICI CU CARNE DE VITA PDC 415G}",0.000126652782835094,0.268292682926829,0.00047206946329444,757.777414237557,88
"{CERBONA BATON CEREALE MERISOR FARA GLUTEN 35G} => {CERBONA BATON CEREALE FARA GLUTEN FRUCTE 35G}",0.000103625004137804,0.32579185520362,0.000318071193256315,508.684081549647,72
"{CERBONA BATON CEREALE FARA GLUTEN FRUCTE 35G} => {CERBONA BATON CEREALE MERISOR FARA GLUTEN 35G}",0.000103625004137804,0.161797752808989,0.000640460095018372,508.684081549647,72
"{BAUT.RAC.ALOE VERA GUST DE ANANAS FARMER 500ML} => {DANONE ACTIVIA DE BAUT FIBRE 320G}",0.000136727436015158,0.3125,0.000437527795248506,254.846317488263,95
"{DANONE ACTIVIA DE BAUT FIBRE 320G} => {BAUT.RAC.ALOE VERA GUST DE ANANAS FARMER 500ML}",0.000136727436015158,0.11150234741784,0.00122622921563068,254.846317488263,95
"{BAUT.RAC.ALOE VERA GUST DE ANANAS FARMER 500ML} => {CROASAN CU GEM BACHUS 100G}",0.000109381948812126,0.25,0.000437527795248506,171.643527667984,76
"{BAUT.RAC.ALOE VERA GUST DE ANANAS FARMER 500ML} => {SZEKELYHON}",0.000174147576398254,0.398026315789474,0.000437527795248506,38.4422933767906,121
"{HRANA INTEGRALA PT.PISICI ADULTI CU PESTE PDC 415G} => {HRANA INTEGRALA PT.PISICI CU CARNE DE VANAT/FICAT PDC 415G}",0.000105064240306385,0.324444444444444,0.000323828137930637,975.87973063973,73
"{HRANA INTEGRALA PT.PISICI CU CARNE DE VANAT/FICAT PDC 415G} => {HRANA INTEGRALA PT.PISICI ADULTI CU PESTE PDC 415G}",0.000105064240306385,0.316017316017316,0.000332463554942121,975.879730639731,73
"{HRANA INTEGRALA PT.PISICI ADULTI CU PESTE PDC 415G} => {HRANA INTEGRALA PT.PISICI ADULTI CU CARNE PASARE PDC 415G}",0.000103625004137804,0.32,0.000323828137930637,677.866341463415,72
"{HRANA INTEGRALA PT.PISICI ADULTI CU CARNE PASARE PDC 415G} => {HRANA INTEGRALA PT.PISICI ADULTI CU PESTE PDC 415G}",0.000103625004137804,0.219512195121951,0.00047206946329444,677.866341463415,72
"{CAMEL COMPACT BLUE} => {KINDER OUA CIOCOLATA 20G}",0.000128092019003674,0.28343949044586,0.000451920156934312,79.5385471224391,89
"{HRANA INTEGRALA PT.PISICI CU CARNE DE VANAT/FICAT PDC 415G} => {HRANA INTEGRALA PT.PISICI ADULTI CU CARNE PASARE PDC 415G}",0.000113699657317868,0.341991341991342,0.000332463554942121,724.451311899483,79
"{HRANA INTEGRALA PT.PISICI ADULTI CU CARNE PASARE PDC 415G} => {HRANA INTEGRALA PT.PISICI CU CARNE DE VANAT/FICAT PDC 415G}",0.000113699657317868,0.240853658536585,0.00047206946329444,724.451311899483,79
"{TERCI DE OREZ CU BANANE SI INULINA FIT REGGELI 60G} => {TERCI DE OREZ CAPSUNI,VANILIE SI INULINA FIT REGGELI 60G}",0.000112260421149288,0.380487804878049,0.000295043414559025,793.897517029224,78
"{TERCI DE OREZ CAPSUNI,VANILIE SI INULINA FIT REGGELI 60G} => {TERCI DE OREZ CU BANANE SI INULINA FIT REGGELI 60G}",0.000112260421149288,0.234234234234234,0.000479265644137343,793.897517029224,78
"{BERE CIUCAS BRASOV 1L PET} => {MARLBORO RED 100 S 10MG}",0.000174147576398254,0.295121951219512,0.000590086829118051,232.752063896348,121
"{MARLBORO RED 100 S 10MG} => {BERE CIUCAS BRASOV 1L PET}",0.000174147576398254,0.137343927355278,0.00126796706451952,232.752063896348,121
"{NAPOLITANE CU CREMA DE PORTOCALE DIABETTE WELLNESS 26G} => {NAPOLITANE CU CREMA DE CACAO DIABETTE WELLNESS 26G}",0.000112260421149288,0.315789473684211,0.000355491333639411,564.047896089839,78
"{NAPOLITANE CU CREMA DE CACAO DIABETTE WELLNESS 26G} => {NAPOLITANE CU CREMA DE PORTOCALE DIABETTE WELLNESS 26G}",0.000112260421149288,0.200514138817481,0.000559862869577858,564.047896089839,78
"{CERBONA TERCI DE OVAZ CU MANGO 50G} => {CERBONA TERCI DE OVAZ CU CAISE 50G}",0.000107942712643546,0.326086956521739,0.000331024318773541,757.757379671368,75
"{CERBONA TERCI DE OVAZ CU CAISE 50G} => {CERBONA TERCI DE OVAZ CU MANGO 50G}",0.000107942712643546,0.250836120401338,0.000430331614405603,757.757379671368,75
"{CERBONA TERCI DE OVAZ CU MANGO 50G} => {CERBONA TERCI DE OVAZ CU PRUNE 50G}",0.000129531255172255,0.391304347826087,0.000331024318773541,818.925746464117,90
"{CERBONA TERCI DE OVAZ CU PRUNE 50G} => {CERBONA TERCI DE OVAZ CU MANGO 50G}",0.000129531255172255,0.271084337349398,0.000477826407968763,818.925746464117,90
"{BAUTURA SPIRTOASA 21% AMIGO AROMIGO 500ML PET} => {ELAN PATE CU FICAT DE GASCA 110G}",0.000123774310497933,0.231182795698925,0.000535395854711987,256.595546051049,86
"{ELAN PATE CU FICAT DE GASCA 110G} => {BAUTURA SPIRTOASA 21% AMIGO AROMIGO 500ML PET}",0.000123774310497933,0.137380191693291,0.000900961841531462,256.59554605105,86
"{CHEFIR FARA LACTOZA MIZO 150G} => {IAURT FARA LACTOZA NATUR MIZO 150G}",0.000129531255172255,0.37037037037037,0.000349734388965089,735.251851851852,90
"{IAURT FARA LACTOZA NATUR MIZO 150G} => {CHEFIR FARA LACTOZA MIZO 150G}",0.000129531255172255,0.257142857142857,0.000503732659003214,735.251851851852,90
"{CIOCOLATA AFRICANA ARAHIDE&STAFIDE 90G} => {CIOCOLATA AFRICANA ARAHIDE 90G}",0.000152559033869545,0.373239436619718,0.000408743071876893,762.740037282519,106
"{CIOCOLATA AFRICANA ARAHIDE 90G} => {CIOCOLATA AFRICANA ARAHIDE&STAFIDE 90G}",0.000152559033869545,0.311764705882353,0.000489340297317408,762.740037282519,106
"{CIOCOLATA AFRICANA ARAHIDE&STAFIDE 90G} => {PAINE DE CASA CU CARTOFI DOBOI KG}",0.000125213546666513,0.306338028169014,0.000408743071876894,9.14569004280485,87
"{ELAN BAZA PENTRU SOS BOLOGNESE 370ML/360G} => {CARNE TOCATA PORC VRAC}",0.000129531255172255,0.428571428571429,0.000302239595401928,8.75119757839363,90
"{DAVIDOFF ROSE SUPERSLIMS} => {BERE BUCEGI DOZA 500ML}",0.000105064240306385,0.179361179361179,0.000585769120612309,24.5900708594079,73
"{BERE TILTOTT CSIKI GOLD STICLA 500ML} => {STICLA BERE 500ML CSIKI}",0.000286407997547542,0.67003367003367,0.000427453142068441,381.284278769127,199
"{STICLA BERE 500ML CSIKI} => {BERE TILTOTT CSIKI GOLD STICLA 500ML}",0.000286407997547542,0.162981162981163,0.00175730736183693,381.284278769127,199
"{BERE TILTOTT CSIKI GOLD STICLA 500ML} => {BERE TILTOTT IGAZI SOR 6% 500ML}",0.000135288199846577,0.316498316498317,0.000427453142068441,115.740602516392,94
"{BERE TILTOTT CSIKI KREM SOR 4.5% 500ML} => {STICLA BERE 500ML CSIKI}",0.00023459549547864,0.534426229508197,0.000438967031417086,304.116537103422,163
"{STICLA BERE 500ML CSIKI} => {BERE TILTOTT CSIKI KREM SOR 4.5% 500ML}",0.00023459549547864,0.133497133497133,0.00175730736183693,304.116537103422,163
"{BERE TILTOTT CSIKI KREM SOR 4.5% 500ML} => {BERE TILTOTT IGAZI SOR 6% 500ML}",0.000151119797700964,0.344262295081967,0.000438967031417086,125.893641069888,105
"{BERE TUBORG DE LUXE DOZA 500ML} => {ZUZU LAPTE 3.5% INTEGRAL 1L}",0.000119456601992191,0.273927392739274,0.000436088559079925,248.4703832002,83
"{ZUZU LAPTE 3.5% INTEGRAL 1L} => {BERE TUBORG DE LUXE DOZA 500ML}",0.000119456601992191,0.108355091383812,0.00110245490513275,248.4703832002,83
"{BERE TUBORG DE LUXE DOZA 500ML} => {7DAYS CROISSANT SUPER MAX COCOA 110G}",0.000112260421149288,0.257425742574257,0.000436088559079925,126.137343071402,78
"{BLIKK} => {KISKEGYED}",0.000100746531800643,0.207715133531157,0.000485022588811666,148.328031936469,70
"{BLIKK} => {MEGLEPETES}",0.000129531255172255,0.267062314540059,0.000485022588811666,189.732482569041,90
"{LUMANARI AMFORA STICLA ROTUNDA CU CAPAC LA 2} => {LUMANARI AMFORA STICLA ROTUNDA CU CAPAC LA 72}",0.000109381948812126,0.192893401015228,0.000567059050420761,167.113270124182,76
"{MACAROANE CU 4 OUA GYERMELYI 500G} => {CARNE TOCATA PORC VRAC}",0.000119456601992191,0.32421875,0.000368444459156636,6.62037212636289,83
"{CIOCOLATA AFRICANA ARAHIDE 90G} => {PAINE DE CASA CU CARTOFI DOBOI KG}",0.000126652782835094,0.258823529411765,0.000489340297317408,7.72714961290665,88
"{LUCKY STRIKE RED} => {APA MINERALA NATURALA CARBOGAZIFICATA CONTINUT REDUS CO2 TUSNAD 2L}",0.000119456601992191,0.18609865470852,0.000641899331186952,4.64119757982739,83
"{CERBONA TERCI DE OVAZ CU FRUCTE DE PADURE 55G} => {CERBONA TERCI DE OVAZ CU CIOCOLATA 55G}",0.000102185767969223,0.268939393939394,0.000379958348505281,587.618198494378,71
"{CERBONA TERCI DE OVAZ CU CIOCOLATA 55G} => {CERBONA TERCI DE OVAZ CU FRUCTE DE PADURE 55G}",0.000102185767969223,0.223270440251572,0.000457677101608634,587.618198494378,71
"{CERBONA TERCI DE OVAZ CU FRUCTE DE PADURE 55G} => {CERBONA TERCI DE OVAZ CU PRUNE 50G}",0.000100746531800643,0.265151515151515,0.000379958348505281,554.911806316174,70
"{CERBONA TERCI DE OVAZ CU PRUNE 50G} => {CERBONA TERCI DE OVAZ CU FRUCTE DE PADURE 55G}",0.000100746531800643,0.210843373493976,0.000477826407968763,554.911806316174,70
"{CIDRU DIN MERE 4.5% RED BERRIES STRONGBOW DOZA 330ML} => {ENERGIZANT HELL 250ML}",0.000105064240306385,0.233226837060703,0.000450480920765731,11.9974115894468,73
"{MARAR FRUNZE ECOM 20G} => {CIMBRU ECOM 20G}",0.000156876742375287,0.454166666666667,0.000345416680459347,828.24384295713,109
"{CIMBRU ECOM 20G} => {MARAR FRUNZE ECOM 20G}",0.000156876742375287,0.286089238845144,0.000548348980229213,828.24384295713,109
"{MAGAZIN BEST} => {MAGAZIN HOT}",0.000115138893486449,0.262295081967213,0.000438967031417086,495.233784746971,80
"{MAGAZIN HOT} => {MAGAZIN BEST}",0.000115138893486449,0.217391304347826,0.000529638910037665,495.233784746971,80
"{MAGAZIN BEST} => {STORY}",0.00014248438068948,0.324590163934426,0.000438967031417086,305.595481807277,99
"{STORY} => {MAGAZIN BEST}",0.00014248438068948,0.134146341463415,0.00106215629241249,305.595481807277,99
"{MAGAZIN BEST} => {KISKEGYED}",0.000100746531800643,0.229508196721311,0.000438967031417086,163.890317254393,70
"{MOGYI SEMINTE DOVLEAC 50G} => {WINSTON SUPERSLIMS SILVER}",0.000174147576398254,0.335180055401662,0.000519564256857601,40.1668609578812,121
"{MOGYI SEMINTE DOVLEAC 50G} => {PAINE DE CASA CU CARTOFI DOBOI KG}",0.000107942712643546,0.207756232686981,0.000519564256857601,6.20254076835556,75
"{REAL SUC DE ROSII CONDIMENTAT 100% 1L} => {CARNE TOCATA PORC VRAC}",0.000112260421149288,0.273684210526316,0.000410182308045474,5.58848406760576,78
"{REAL PATEU DE GASCA 48G} => {REAL PATEU DE RATA 48G}",0.000149680561532384,0.362369337979094,0.000413060780382635,567.069655020875,104
"{REAL PATEU DE RATA 48G} => {REAL PATEU DE GASCA 48G}",0.000149680561532384,0.234234234234234,0.000639020858849791,567.069655020875,104
"{VIN ALB DD GRASA DE COTNARI 750ML} => {APA MINERALA NATURALA CARBOGAZIFICATA CONTINUT REDUS CO2 TUSNAD 2L}",0.000103625004137804,0.176470588235294,0.000587208356780889,4.40107892403192,72
"{VIN ALB DD GRASA DE COTNARI 750ML} => {PAINE CU CARTOFI FELII BACHUS 1.2 KG}",0.000105064240306385,0.178921568627451,0.000587208356780889,2.9191995459246,73
"{REVISTA KRONIKA} => {SZEKELYHON}",0.000289286469884703,0.501246882793017,0.000577133703600825,48.4115721954497,201
"{REAL HRANA PENTRU PISICI VITA 415G} => {REAL HRANA PENTRU PISICI PASARE 415G}",0.000169829867892512,0.372239747634069,0.000456237865440054,512.152506480932,118
"{REAL HRANA PENTRU PISICI PASARE 415G} => {REAL HRANA PENTRU PISICI VITA 415G}",0.000169829867892512,0.233663366336634,0.000726814265133208,512.152506480932,118
"{CERBONA TERCI DE OVAZ CU CAISE 50G} => {CERBONA TERCI DE OVAZ CU PRUNE 50G}",0.000138166672183739,0.321070234113712,0.000430331614405603,671.93907402184,96
"{CERBONA TERCI DE OVAZ CU PRUNE 50G} => {CERBONA TERCI DE OVAZ CU CAISE 50G}",0.000138166672183739,0.289156626506024,0.000477826407968763,671.93907402184,96
"{BERE CIUCAS BRASOV 2.5L PET} => {CHESTERFIELD BLUE CROWN RCB 100}",0.000187100701915479,0.193164933135215,0.000968605941454751,36.2151933854502,130
"{SIO SUC DE CAISE 25% 1L} => {_BANANE}",0.000110821184980707,0.231927710843373,0.000477826407968763,3.0123635583553,77
"{BERE HARGHITA 500ML STICLA} => {STICLA BERE 500ML AMIGO}",0.000223081606129995,0.34675615212528,0.000643338567355533,587.635810552736,155
"{STICLA BERE 500ML AMIGO} => {BERE HARGHITA 500ML STICLA}",0.000223081606129995,0.378048780487805,0.00059008682911805,587.635810552736,155
"{BERE HARGHITA 500ML STICLA} => {BERE CIUC BLONDA 500ML STICLA}",0.000123774310497933,0.192393736017897,0.000643338567355533,212.862530101597,86
"{BERE CIUC BLONDA 500ML STICLA} => {BERE HARGHITA 500ML STICLA}",0.000123774310497933,0.136942675159236,0.000903840313868624,212.862530101597,86
"{SEMINTE FASOLE CHEROKEE/MAXIDOR/SCUBA KERTIMAG 50G} => {SEMINTE LEGUME GARDENSEED KERTIMAG}",0.000218763897624253,0.481012658227848,0.000454798629271473,186.191558830789,152
"{ZUZU IAURT CU BANANE 2.6% GRASIME 125G} => {_BANANE}",0.000105064240306385,0.300411522633745,0.000349734388965088,3.90185683289504,73
"{CIOLAN FATA CU OS FARMER} => {CARNE TOCATA PORC VRAC}",0.000184222229578318,0.373177842565598,0.000493658005823149,7.62009040839717,128
"{CERBONA TERCI DE OVAZ CU CIOCOLATA 55G} => {CERBONA TERCI DE OVAZ CU PRUNE 50G}",0.000105064240306385,0.229559748427673,0.000457677101608634,480.42499242252,73
"{CERBONA TERCI DE OVAZ CU PRUNE 50G} => {CERBONA TERCI DE OVAZ CU CIOCOLATA 55G}",0.000105064240306385,0.219879518072289,0.000477826407968763,480.42499242252,73
"{PAINE SEMIALBA FELIATA PANIPROD 500G} => {_BANANE}",0.000105064240306385,0.17016317016317,0.000617432316321082,2.21014268156992,73
"{SOS MILANEZE CU CIUPERCI DAWTONA 360G} => {CARNE TOCATA PORC VRAC}",0.000125213546666513,0.29,0.000431770850574183,5.92164369471302,87
"{ZUZU DIVIN IAURT NATURAL 2% GRASIME 150G} => {_BANANE}",0.000105064240306385,0.190600522193211,0.000551227452566374,2.47559062765926,73
"{JOGO-BELLA IAURT CLASSIC 400G} => {JOGO-BELLA IAURT STANDARD 400G}",0.000120895838160771,0.265822784810127,0.000454798629271473,415.984519329456,84
"{JOGO-BELLA IAURT STANDARD 400G} => {JOGO-BELLA IAURT CLASSIC 400G}",0.000120895838160771,0.189189189189189,0.000639020858849791,415.984519329456,84
"{HRANA PENTRU PISICI CU SOMON KITEKAT 100G} => {HRANA PENTRU PISICI CU CU PUI KITEKAT 100G}",0.000156876742375287,0.33030303030303,0.000474947935631602,623.638150527009,109
"{HRANA PENTRU PISICI CU CU PUI KITEKAT 100G} => {HRANA PENTRU PISICI CU SOMON KITEKAT 100G}",0.000156876742375287,0.296195652173913,0.000529638910037665,623.638150527009,109
"{ENERGIZANT HELL MULTIVITAMIN 250ML} => {WINCHESTER 100 SOFT}",0.000223081606129995,0.236641221374046,0.0009426996904203,56.212443400535,155
"{ENERGIZANT HELL MULTIVITAMIN 250ML} => {GOBE LAPTE 1.5% 1L}",0.000166951395555351,0.177099236641221,0.0009426996904203,34.2188131002216,116
"{ENERGIZANT HELL MULTIVITAMIN 250ML} => {ENERGIZANT HELL 250ML}",0.000343977444290766,0.364885496183206,0.0009426996904203,18.7700589516208,239
"{ELAN CARNACIOR CU FASOLE BOABE 300G} => {ELAN COSTITA CU FASOLE BOABE 300G}",0.000106503476474965,0.238709677419355,0.000446163212259989,295.648105341843,74
"{ELAN COSTITA CU FASOLE BOABE 300G} => {ELAN CARNACIOR CU FASOLE BOABE 300G}",0.000106503476474965,0.131907308377897,0.000807411490573723,295.648105341843,74
"{NAPOLITANE GLAZURAT CU CREMA DE CACAO BALATON 30G} => {NAPOLITANE GLAZURAT CU CREMA DE LAPTE BALATON 30G}",0.00016407292321819,0.341317365269461,0.000480704880305924,591.400854152045,114
"{NAPOLITANE GLAZURAT CU CREMA DE LAPTE BALATON 30G} => {NAPOLITANE GLAZURAT CU CREMA DE CACAO BALATON 30G}",0.00016407292321819,0.28428927680798,0.000577133703600825,591.400854152045,114
"{HOHES C MULTIVITAMIN 100% 1L} => {_BANANE}",0.000107942712643546,0.195822454308094,0.000551227452566374,2.54341502841704,75
"{AIRWAVES DROPS MENTHOL 33.5G} => {_BANANE}",0.00014248438068948,0.197211155378486,0.000722496556627467,2.56145199555084,99
"{BERE FARA ALCOOL CU GUST DE LAMAIE ALBRAU DOZA 500ML} => {FRANZELA RIP-ROP 1KG}",0.000113699657317868,0.246105919003115,0.000461994810114376,10.3962543713711,79
"{CAPACE FILET MARE} => {CAPACE FILET MIC}",0.000182782993409738,0.323979591836735,0.000564180578083599,522.285921445144,127
"{CAPACE FILET MIC} => {CAPACE FILET MARE}",0.000182782993409738,0.294663573085847,0.000620310788658243,522.285921445144,127
"{DANONE IAURT DELICIOS CAPSUNI 400G} => {_BANANE}",0.000103625004137804,0.227848101265823,0.000454798629271473,2.95937606850753,72
"{PUFULETI LUPENI 40G} => {_BANANE}",0.000128092019003674,0.220843672456576,0.000580012175937986,2.86839993626639,89
"{MARLBORO MICRO TOUCH} => {ENERGIZANT HELL 250ML}",0.000107942712643546,0.129087779690189,0.000836196213945335,6.64039886502403,75
"{NEO CLASSIC TOBACCO} => {LAPTE DE CONSUM 1.5% GRASIME FRISS CUTIE 1L}",0.00021300695294993,0.190967741935484,0.00111540803064997,8.81640330082521,148
"{NEO CLASSIC TOBACCO} => {PAINE CU CARTOFI FELII BACHUS 1.2 KG}",0.000125213546666513,0.112258064516129,0.00111540803064997,1.8315493960608,87
"{SZOBI BAUTURA CU GUST DE PIERSICI 12% 1L} => {_BANANE}",0.000100746531800643,0.170316301703163,0.000591526065286631,2.21213161109038,70
"{MAGAZIN HOT} => {STORY}",0.000146802089195222,0.277173913043478,0.000529638910037665,260.953981088724,102
"{STORY} => {MAGAZIN HOT}",0.000146802089195222,0.138211382113821,0.00106215629241249,260.953981088724,102
"{WINSTON PLUS RED} => {PAINE CU CARTOFI FELII BACHUS 1.2 KG}",0.000175586812566835,0.22550831792976,0.00077862676720211,3.67928687610318,122
"{CIOCOLATA CALDA HOT BIANCO LA FESTA 25G} => {CIOCOLATA CALDA HOT CLASSICO LA FESTA 25G}",0.000152559033869545,0.348684210526316,0.000437527795248506,291.540700804357,106
"{CIOCOLATA CALDA HOT CLASSICO LA FESTA 25G} => {CIOCOLATA CALDA HOT BIANCO LA FESTA 25G}",0.000152559033869545,0.127557160048135,0.00119600525609049,291.540700804357,106
"{TERCI DE OREZ CU SEMINTE CHIA SI INULINA FIT REGGELI 60G} => {TERCI DE OREZ CAPSUNI,VANILIE SI INULINA FIT REGGELI 60G}",0.000130970491340836,0.283489096573209,0.000461994810114376,591.507236208171,91
"{TERCI DE OREZ CAPSUNI,VANILIE SI INULINA FIT REGGELI 60G} => {TERCI DE OREZ CU SEMINTE CHIA SI INULINA FIT REGGELI 60G}",0.000130970491340836,0.273273273273273,0.000479265644137343,591.507236208171,91
"{BOMBOANE UMPLUTE CU FLORI DE TEI &VITAMINA C DR.TOROK 75G} => {BOMBOANE UMPLUTE CU MACESE&VITAMINA C DR.TOROK 75G}",0.000130970491340836,0.263768115942029,0.000496536478160311,410.918197179437,91
"{BOMBOANE UMPLUTE CU MACESE&VITAMINA C DR.TOROK 75G} => {BOMBOANE UMPLUTE CU FLORI DE TEI &VITAMINA C DR.TOROK 75G}",0.000130970491340836,0.204035874439462,0.000641899331186952,410.918197179437,91
"{DANONE ACTIVIA CLASIC CU FULGI DE PORUMB 168G} => {_BANANE}",0.000102185767969223,0.208211143695015,0.000490779533485988,2.70432394399784,71
"{APA DE MASA CARBOGAZOASA IZVORUL ASCUNS 2.5L} => {PAINE DE CASA CU CARTOFI DOBOI KG}",0.000146802089195222,0.20523138832998,0.000715300375784563,6.12716180207615,102
"{CAPPUCCINO MOCHACCINO LA FESTA 22G} => {CAPPUCCINO IRISH CREAM LA FESTA 22G}",0.00011801736582361,0.201970443349754,0.000584329884443728,346.497999148574,82
"{CAPPUCCINO IRISH CREAM LA FESTA 22G} => {CAPPUCCINO MOCHACCINO LA FESTA 22G}",0.00011801736582361,0.202469135802469,0.000582890648275147,346.497999148574,82
"{CAPPUCCINO MOCHACCINO LA FESTA 22G} => {CAPPUCCINO LATTE MACCHIATO LA FESTA 22G}",0.000120895838160771,0.206896551724138,0.000584329884443728,328.206424185168,84
"{CAPPUCCINO LATTE MACCHIATO LA FESTA 22G} => {CAPPUCCINO MOCHACCINO LA FESTA 22G}",0.000120895838160771,0.191780821917808,0.000630385441838308,328.206424185168,84
"{CAPPUCCINO MOCHACCINO LA FESTA 22G} => {_BANANE}",0.000126652782835094,0.216748768472906,0.000584329884443728,2.81521379697104,88
"{MOGYI SEMINTE FL.SOARELUI PRAJITE NESARATE 200G} => {PAINE DE CASA CU CARTOFI DOBOI KG}",0.000151119797700964,0.252403846153846,0.000598722246129534,7.53549063540121,105
"{VIN ALB DD SELECTIONAT COTNARI 1L} => {L&M RED 100}",0.000198614591264124,0.293617021276596,0.000676440999232887,66.6913773796193,138
"{VIN ALB DD SELECTIONAT COTNARI 1L} => {APA MINERALA NATURALA DECARBOGAZIFICATA PARTIAL PERLA HARGHITEI 2L}",0.000103625004137804,0.153191489361702,0.000676440999232887,15.9245120134459,72
"{MATE PORC JASZBEL 10M} => {MATE PORC 10M CASA MONCEANU}",0.000120895838160771,0.218181818181818,0.000554105924903535,177.929065300896,84
"{ZUZU IAURT NATURAL 3% 140G} => {_BANANE}",0.000126652782835094,0.219451371571072,0.000577133703600825,2.85031621339212,88
"{BERE DARK DOZA SILVA 500ML} => {BERE NEUMARKT 2.5L PET}",0.000215885425287092,0.378787878787879,0.000569937522757922,378.685960322651,150
"{BERE NEUMARKT 2.5L PET} => {BERE DARK DOZA SILVA 500ML}",0.000215885425287092,0.215827338129496,0.00100026913716352,378.685960322651,150
"{BERE DARK DOZA SILVA 500ML} => {BERE HEINEKEN DOZA 500ML}",0.000100746531800643,0.176767676767677,0.000569937522757922,115.000449249045,70
"{BERE DARK DOZA SILVA 500ML} => {PALL MALL S-LINE FLOW BLUE/PURPLE}",0.000148241325363803,0.26010101010101,0.000569937522757922,22.9051410812818,103
"{BOMBOANE SKITTLES CRAZY SOURS 38G} => {BOMBOANE SKITTLES FRUITS 38G}",0.000102185767969223,0.157427937915743,0.000649095512029855,153.627777846982,71
"{BOMBOANE CIOCOLATA MERCI ALBASTRU 250G} => {BOMBOANE CIOCOLATA MERCI ROSU 250G}",0.000123774310497933,0.15034965034965,0.00082324308842811,95.9273568488444,86
"{BOMBOANE GUMATE YUMMI GUMI FIZZY WORMS ROSHEN 100G} => {PAINE CU CARTOFI FELII BACHUS 1.2 KG}",0.000110821184980707,0.205333333333333,0.000539713563217729,3.35012138574492,77
"{STICLA BERE 500ML AMIGO} => {BERE CIUC BLONDA 500ML STICLA}",0.000153998270038125,0.260975609756098,0.00059008682911805,288.740838123349,107
"{BERE CIUC BLONDA 500ML STICLA} => {STICLA BERE 500ML AMIGO}",0.000153998270038125,0.170382165605096,0.000903840313868624,288.740838123349,107
"{PAINE ROGANA COUNTRY 500G} => {PAINE DE CASA CU CARTOFI DOBOI KG}",0.000109381948812126,0.150197628458498,0.000728253501301789,4.4841346118736,76
"{BISCUITI CACAO 3 VITAMIN BELVITA JO REGGELT 50G} => {_BANANE}",0.000102185767969223,0.166666666666667,0.00061311460781534,2.16472879085273,71
"{BERE TILTOTT CSIKI VADMALNA CU VITAMINE STICLA 500ML} => {STICLA BERE 500ML CSIKI}",0.000379958348505281,0.582781456953642,0.000651973984367017,331.633196110017,264
"{STICLA BERE 500ML CSIKI} => {BERE TILTOTT CSIKI VADMALNA CU VITAMINE STICLA 500ML}",0.000379958348505281,0.216216216216216,0.00175730736183693,331.633196110017,264
"{BERE TILTOTT CSIKI VADMALNA CU VITAMINE STICLA 500ML} => {BERE TILTOTT IGAZI SOR 6% 500ML}",0.000129531255172255,0.198675496688742,0.000651973984367017,72.6538515162077,90
"{RULOURI FARA GLUTEN CU CREMA DE ALUNE ALASKA 18G} => {RULOURI FARA GLUTEN CU CREMA DE CACAO ALASKA 18G}",0.000223081606129995,0.455882352941176,0.000489340297317408,827.03129319613,155
"{RULOURI FARA GLUTEN CU CREMA DE CACAO ALASKA 18G} => {RULOURI FARA GLUTEN CU CREMA DE ALUNE ALASKA 18G}",0.000223081606129995,0.404699738903394,0.000551227452566374,827.03129319613,155
"{SOS BOLOGNESE DAWTONA 360G} => {CARNE TOCATA PORC VRAC}",0.000195736118926963,0.380952380952381,0.000513807312183278,7.77884229190545,136
"{MOGYI ALUNE PRAJITE SI NESARATE 150G} => {_BANANE}",0.000136727436015158,0.328719723183391,0.000415939252719797,4.26953429337735,95
"{CERBONA BATON CEREALE ZMEURA FARA GLUTEN 35G} => {CERBONA BATON CEREALE FARA GLUTEN VISINE&CIOCOLATA 35G}",0.000102185767969223,0.188829787234043,0.00054115279938631,319.224795516902,71
"{CERBONA BATON CEREALE FARA GLUTEN VISINE&CIOCOLATA 35G} => {CERBONA BATON CEREALE ZMEURA FARA GLUTEN 35G}",0.000102185767969223,0.172749391727494,0.000591526065286631,319.224795516902,71
"{CERBONA BATON CEREALE ZMEURA FARA GLUTEN 35G} => {CERBONA BATON CEREALE FARA GLUTEN FRUCTE 35G}",0.000112260421149288,0.207446808510638,0.00054115279938631,323.902785082477,78
"{CERBONA BATON CEREALE FARA GLUTEN FRUCTE 35G} => {CERBONA BATON CEREALE ZMEURA FARA GLUTEN 35G}",0.000112260421149288,0.175280898876404,0.000640460095018372,323.902785082477,78
"{MAGGI BAZA PENTRU SPAGHETE BOLOGNESE 50G} => {CARNE TOCATA PORC VRAC}",0.000241791676321543,0.449197860962567,0.000538274327049148,9.17237821050883,168
"{VIN ROZE DEMIDULCE RECAS SW 750ML} => {BAUTURA SPIRTOASA 21% SANIUS AMIGO 500ML PET}",0.000103625004137804,0.13926499032882,0.000744085099156176,64.2944356978993,72
"{BERE NEUMARKT 2.5L PET} => {MARLBORO RED 100 S 10MG}",0.000135288199846577,0.135251798561151,0.00100026913716352,106.668226916764,94
"{MARLBORO RED 100 S 10MG} => {BERE NEUMARKT 2.5L PET}",0.000135288199846577,0.106696935300795,0.00126796706451952,106.668226916764,94
"{BERE NEUMARKT 2.5L PET} => {CHESTERFIELD BLACK CROWN RCB 100}",0.000215885425287092,0.215827338129496,0.00100026913716352,117.247568637818,150
"{CHESTERFIELD BLACK CROWN RCB 100} => {BERE NEUMARKT 2.5L PET}",0.000215885425287092,0.117279124315872,0.0018407830596146,117.247568637818,150
"{BERE NEUMARKT 2.5L PET} => {PALL MALL S-LINE FLOW BLUE/PURPLE}",0.000139605908352319,0.139568345323741,0.00100026913716352,12.2907351989131,97
"{BERE NEUMARKT 2.5L PET} => {PAINE CU CARTOFI FELII BACHUS 1.2 KG}",0.00011801736582361,0.117985611510791,0.00100026913716352,1.92499733928163,82
"{PUFULETI CU SURPRIZE AROMA CASCAVAL GUSTO 30G} => {_BANANE}",0.000106503476474965,0.175355450236967,0.000607357663141018,2.27758195056543,74
"{PASTA DE TOMATE 23-25% UNIVER 70G} => {CARNE TOCATA PORC VRAC}",0.000135288199846577,0.258953168044077,0.000522442729194762,5.28768411991094,94
"{IAURT FARA LACTOZA NATUR MIZO 150G} => {_ARDEI ROSU CAPIA}",0.000103625004137804,0.205714285714286,0.000503732659003214,8.97425503861368,72
"{IAURT FARA LACTOZA NATUR MIZO 150G} => {_BANANE}",0.000119456601992191,0.237142857142857,0.000503732659003214,3.08009982241331,83
"{CAPPUCCINO IRISH CREAM LA FESTA 22G} => {CAPPUCCINO LATTE MACCHIATO LA FESTA 22G}",0.0001410451445209,0.241975308641975,0.000582890648275147,383.852945487344,98
"{CAPPUCCINO LATTE MACCHIATO LA FESTA 22G} => {CAPPUCCINO IRISH CREAM LA FESTA 22G}",0.0001410451445209,0.223744292237443,0.000630385441838308,383.852945487344,98
"{ZUZU IAURT CU FRUCTE DE PADURE 2.6% GRASIME 125G} => {ZUZU IAURT CU PIERSICI&CAISE 2.6% GRASIME 125G}",0.000100746531800643,0.205278592375367,0.000490779533485988,427.036630551214,70
"{ZUZU IAURT CU PIERSICI&CAISE 2.6% GRASIME 125G} => {ZUZU IAURT CU FRUCTE DE PADURE 2.6% GRASIME 125G}",0.000100746531800643,0.209580838323353,0.000480704880305924,427.036630551214,70
"{ZUZU IAURT CU FRUCTE DE PADURE 2.6% GRASIME 125G} => {ZUZU IAURT CU VISINE 2.6% GRASIME 125G}",0.000106503476474965,0.217008797653959,0.000490779533485988,413.097352669425,74
"{ZUZU IAURT CU VISINE 2.6% GRASIME 125G} => {ZUZU IAURT CU FRUCTE DE PADURE 2.6% GRASIME 125G}",0.000106503476474965,0.202739726027397,0.000525321201531923,413.097352669425,74
"{ZUZU IAURT CU FRUCTE DE PADURE 2.6% GRASIME 125G} => {_BANANE}",0.000123774310497933,0.252199413489736,0.000490779533485988,3.27565998850442,86
"{COSTITA AFUMATA BERTIS} => {CARNE TOCATA PORC VRAC}",0.000107942712643546,0.202702702702703,0.000532517382374826,4.13907993572672,75
"{PRAF DE COPT THYMOS 12G} => {DR.OETKER ZAHAR VANILINAT 8G}",0.000110821184980707,0.25,0.000443284739922828,47.6290786948177,77
"{PRAJITURA GYORI DORMI CU CR.LAPTE 30G} => {_BANANE}",0.000112260421149288,0.206349206349206,0.000544031271723471,2.68014040772242,78
"{DANONE IAURT DELICIOS VISINE 125G} => {DANONE IAURT DELICIOS CAISE 125G}",0.000130970491340836,0.2782874617737,0.00047063022712586,139.608480994491,91
"{DANONE IAURT DELICIOS VISINE 125G} => {DANONE IAURT DELICIOS CAPSUNI 125G}",0.00014248438068948,0.302752293577982,0.00047063022712586,108.375182564553,99
"{DANONE IAURT DELICIOS VISINE 125G} => {_BANANE}",0.000100746531800643,0.214067278287462,0.00047063022712586,2.78038560293011,70
"{BISCUITI FRAGEZI CU MIERE GYORI EDES 180G} => {_BANANE}",0.000105064240306385,0.179802955665025,0.000584329884443728,2.33534780885097,73
"{TON BUCATI IN ULEI VEGETAL FRANZ JOSEF 80G} => {_BANANE}",0.000189979174252641,0.25531914893617,0.000744085099156176,3.31618027534886,132
"{COMPOT DE VISINE FARA SAMBURI SZATMARI IZEK BIRO 680G} => {_BANANE}",0.000102185767969223,0.183937823834197,0.000555545161072116,2.3890530178841,71
"{AMESTEC DE LEGUME MIXT PRIMAVARA CONG.AGROSPRINT 400G} => {CARNE TOCATA PORC VRAC}",0.000102185767969223,0.198324022346369,0.000515246548351859,4.04966964288793,71
"{APA MINERALA NATURALA NECARBOGAZOASA AQUA CARPATICA 2L} => {APA MINERALA NATURALA CARBOGAZIFICATA CONTINUT REDUS CO2 TUSNAD 2L}",0.000106503476474965,0.123333333333333,0.000863541701148366,3.07586515912898,74
"{APA MINERALA NATURALA NECARBOGAZOASA AQUA CARPATICA 2L} => {_BANANE}",0.000138166672183739,0.16,0.000863541701148366,2.07813963921862,96
"{CAPPUCCINO JACOBS BAILEYS 13.5G} => {CAPPUCCINO JACOBS VANILIE 15G}",0.000113699657317868,0.215846994535519,0.000526760437700504,319.092123008952,79
"{CAPPUCCINO JACOBS VANILIE 15G} => {CAPPUCCINO JACOBS BAILEYS 13.5G}",0.000113699657317868,0.168085106382979,0.000676440999232887,319.092123008952,79
"{ZUZU IAURT CU PIERSICI&CAISE 2.6% GRASIME 125G} => {ZUZU IAURT CU VISINE 2.6% GRASIME 125G}",0.000107942712643546,0.224550898203593,0.000480704880305924,427.454474612419,75
"{ZUZU IAURT CU VISINE 2.6% GRASIME 125G} => {ZUZU IAURT CU PIERSICI&CAISE 2.6% GRASIME 125G}",0.000107942712643546,0.205479452054795,0.000525321201531923,427.454474612419,75
"{ZUZU IAURT CU PIERSICI&CAISE 2.6% GRASIME 125G} => {ZUZU IAURT CU CAPSUNI 2.6% GRASIME 125G}",0.000113699657317868,0.236526946107784,0.000480704880305924,493.519510528493,79
"{ZUZU IAURT CU CAPSUNI 2.6% GRASIME 125G} => {ZUZU IAURT CU PIERSICI&CAISE 2.6% GRASIME 125G}",0.000113699657317868,0.237237237237237,0.000479265644137343,493.519510528493,79
"{ZUZU IAURT CU PIERSICI&CAISE 2.6% GRASIME 125G} => {_BANANE}",0.000125213546666513,0.260479041916168,0.000480704880305924,3.38319888869798,87
"{_PIERSICI PARAGUAYO} => {_BANANE}",0.000168390631723931,0.275943396226415,0.000610236135478179,3.58405568674202,117
"{MARGARINA MATINAL 1KG} => {CARNE TOCATA PORC VRAC}",0.000113699657317868,0.228323699421965,0.000497975714328891,4.66224687943321,79
"{ZUZU IAURT CU VISINE 2.6% GRASIME 125G} => {ZUZU IAURT CU CAPSUNI 2.6% GRASIME 125G}",0.000100746531800643,0.191780821917808,0.000525321201531923,400.155580237772,70
"{ZUZU IAURT CU CAPSUNI 2.6% GRASIME 125G} => {ZUZU IAURT CU VISINE 2.6% GRASIME 125G}",0.000100746531800643,0.21021021021021,0.000479265644137343,400.155580237772,70
"{ZUZU IAURT CU VISINE 2.6% GRASIME 125G} => {_BANANE}",0.000126652782835094,0.241095890410959,0.000525321201531923,3.13144329197326,88
"{ZUZU IAURT CU CAPSUNI 2.6% GRASIME 125G} => {_BANANE}",0.000120895838160771,0.252252252252252,0.000479265644137343,3.27634627804737,84
"{ELAN PATE DE PASARE 100G} => {ELAN PATE DE PORC 100G}",0.000145362853026642,0.277472527472527,0.000523881965363342,472.528233408748,101
"{ELAN PATE DE PORC 100G} => {ELAN PATE DE PASARE 100G}",0.000145362853026642,0.247549019607843,0.000587208356780889,472.528233408748,101
"{BAUTURA RACORITOARE GUST DE PORTOCALE CIAO 2L} => {_BANANE}",0.000109381948812126,0.162393162393162,0.000673562526895726,2.10922292442061,76
"{PULPE PUI INTREGI REFR.VRAC SZEKELY CSURKE} => {CARNE TOCATA PORC VRAC}",0.00011801736582361,0.194312796208531,0.000607357663141018,3.96776256713898,82
"{ENERGIZANT HELL APPLE STRONG 250ML} => {ENERGIZANT HELL RED GRAPE 250ML}",0.000123774310497933,0.105911330049261,0.00116865976888746,63.4384215219976,86
"{ENERGIZANT HELL APPLE STRONG 250ML} => {ENERGIZANT HELL 250ML}",0.00021300695294993,0.182266009852217,0.00116865976888746,9.37593789171898,148
"{CIOCOLATA AMARUIE 80% CACAO KANDIA 80G} => {_BANANE}",0.000102185767969223,0.166666666666667,0.00061311460781534,2.16472879085273,71
"{RULADA DE PUI CRISTUR} => {PARIZER CRISTUR}",0.000126652782835094,0.220551378446115,0.000574255231263664,12.5536139028656,88
"{CHIPS DIN OREZ BRUN CU CHIA&QUINOA FARA GLUTEN RICE UP 60G} => {_BANANE}",0.000106503476474965,0.174528301886792,0.000610236135478179,2.26683863947786,74
"{BAUTURA SPIRTOASA 21% LEMON AMIGO 500ML PET} => {PAINE ALBA SECUIASCA CU CARTOFI FEL.HARMOPAN 500G}",0.000129531255172255,0.125698324022346,0.00103049309670372,25.6646575400936,90
"{BAUTURA SPIRTOASA 21% LEMON AMIGO 500ML PET} => {PALL MALL EXTRA CUT BLUE}",0.000113699657317868,0.110335195530726,0.00103049309670372,15.2866058249832,79
"{PIEPT ARDELENESC BENEDEK} => {CARNE TOCATA PORC VRAC}",0.000116578129655029,0.2,0.000582890648275147,4.08389220325036,81
"{SANA 3.6% PROBIOTIC LACTIS 175G} => {BRANZOAICA PANIPROD 120G}",0.000107942712643546,0.131348511383538,0.000821803852259529,15.0053688326093,75
"{SANA 3.6% PROBIOTIC LACTIS 175G} => {_MERE ROSII}",0.000123774310497933,0.15061295971979,0.000821803852259529,7.10971141937539,86
"{SANA 3.6% PROBIOTIC LACTIS 175G} => {_BANANE}",0.000162633687049609,0.197898423817863,0.000821803852259529,2.57037849421742,113
"{DANONE ACTIVIA CLASIC CU FULGI DE CEREALE 168G} => {_BANANE}",0.000126652782835094,0.202764976958525,0.000624628497163985,2.63358710039226,88
"{KUBETI CU GUST DE PUI 35G} => {L&M RED KS 23 S}",0.000158315978543867,0.272277227722772,0.000581451412106567,126.205308489488,110
"{KUBETI CU GUST DE PUI 35G} => {L&M RED LABEL BOX}",0.000105064240306385,0.180693069306931,0.000581451412106567,39.1358770462458,73
"{KUBETI CU GUST DE PUI 35G} => {PAINE ALBA SECUIASCA CU CARTOFI FEL.HARMOPAN 500G}",0.000241791676321543,0.415841584158416,0.000581451412106567,84.9051244824747,168
"{WINSTON BLUE} => {PAINE CU CARTOFI FELII BACHUS 1.2 KG}",0.000155437506206706,0.174757281553398,0.000889447952182817,2.85125701094165,108
"{AMESTEC DE LEGUME CIORBA VACUTA CONG.AGROSPRINT 400G} => {CARNE TOCATA PORC VRAC}",0.000113699657317868,0.240853658536585,0.00047206946329444,4.91810189110943,79
"{KENT SWITCH AZURE 94 S} => {APA MINERALA NATURALA CARBOGAZIFICATA CONTINUT REDUS CO2 TUSNAD 2L}",0.000106503476474965,0.128919860627178,0.000826121560765271,3.21519006180729,74
"{USTUROI GRANULAT LUCULLUS 15G} => {CARNE TOCATA PORC VRAC}",0.000100746531800643,0.190217391304348,0.000529638910037665,3.88413660635225,70
"{PUFULETI CU SURPRIZE GUSTO 30G} => {_BANANE}",0.000107942712643546,0.168161434977578,0.000641899331186952,2.18414339884244,75
"{PASTE FRUNZULITA CU 8 OUA GYERMELYI 250G} => {_MORCOVI}",0.000106503476474965,0.203296703296703,0.000523881965363342,5.91413466369504,74
"{HRANA COMPLETA PENTRU PISICI ADULTE STERILIZATE PREVITAL 100G} => {HRANA COMPLETA PENTRU PISICI ADULTE CU VITA PREVITAL 100G}",0.000120895838160771,0.180645161290323,0.000669244818389984,293.945214172396,84
"{HRANA COMPLETA PENTRU PISICI ADULTE CU VITA PREVITAL 100G} => {HRANA COMPLETA PENTRU PISICI ADULTE STERILIZATE PREVITAL 100G}",0.000120895838160771,0.19672131147541,0.000614553843983921,293.945214172396,84
"{HRANA COMPLETA PENTRU PISICI ADULTE STERILIZATE PREVITAL 100G} => {HRANA COMPLETA PENTRU PISICI ADULTE STERILIZATE CU FICAT PREVITAL 100G}",0.000192857646589802,0.288172043010753,0.000669244818389984,406.137285436978,134
"{HRANA COMPLETA PENTRU PISICI ADULTE STERILIZATE CU FICAT PREVITAL 100G} => {HRANA COMPLETA PENTRU PISICI ADULTE STERILIZATE PREVITAL 100G}",0.000192857646589802,0.271805273833671,0.000709543431110241,406.137285436978,134
"{HRANA COMPLETA PENTRU PISICI ADULTE STERILIZATE PREVITAL 100G} => {HRANA COMPLETA PENTRU PISICI ADULTE CU PUI PREVITAL 100G}",0.00014248438068948,0.212903225806452,0.000669244818389984,288.358536125259,99
"{HRANA COMPLETA PENTRU PISICI ADULTE CU PUI PREVITAL 100G} => {HRANA COMPLETA PENTRU PISICI ADULTE STERILIZATE PREVITAL 100G}",0.00014248438068948,0.192982456140351,0.000738328154481853,288.358536125259,99
"{CAPPUCCINO CLASSIC LA FESTA 12.5G PLIC} => {_BANANE}",0.000102185767969223,0.190860215053763,0.000535395854711987,2.47896361533135,71
"{PRAJITURA ALBINITA MARIEN 300G} => {BRANZOAICA PANIPROD 120G}",0.000257623274175929,0.309153713298791,0.000833317741608174,35.3179906277989,179
"{PRAJITURA ALBINITA MARIEN 300G} => {APA MINERALA NATURALA CARBOGAZOASA PERLA HARGHITEI  2L}",0.000181343757241157,0.217616580310881,0.000833317741608174,13.4737862248747,126
"{PRAJITURA ALBINITA MARIEN 300G} => {PAINE CU CARTOFI FELII BACHUS 1.2 KG}",0.000100746531800643,0.120898100172712,0.000833317741608174,1.97251612443766,70
"{NAPOLITANE CU CREMA CU AROMA DE COCOS SOPHIA TECSA 100G} => {_BANANE}",0.000120895838160771,0.168,0.000719618084290305,2.18204662117955,84
"{BATON BANANE SPUMANTE INV.CU CIOC.CHOCO 20G} => {_BANANE}",0.000110821184980707,0.188264058679707,0.00058864759294947,2.44524376864049,77
"{SARATELE DIN ALUAT DE PATISERIE CU CASCAVAL GRIESSON 125G} => {_BANANE}",0.000100746531800643,0.159817351598174,0.000630385441838308,2.0757673336944,70
"{GOBE TURTA DULCE CU VANILIE 180G} => {_BANANE}",0.000102185767969223,0.169047619047619,0.000604479190803857,2.19565348786491,71
"{_LAMAIE VERDE^2 A nu se consuma coaja} => {_LAMAIE^2 A nu se consuma coaja}",0.000125213546666513,0.207142857142857,0.000604479190803857,10.4917298440006,87
"{_LAMAIE VERDE^2 A nu se consuma coaja} => {_BANANE}",0.000129531255172255,0.214285714285714,0.000604479190803857,2.78322273109636,90
"{BISCUITI PICNIC VANILIE ROSTAR 70G} => {_BANANE}",0.000113699657317868,0.188995215311005,0.000601600718466695,2.45474030350285,79
"{REAL PATEU DE RATA 105G} => {REAL PATEU DE GASCA 105G}",0.000151119797700964,0.282258064516129,0.000535395854711987,481.858900689546,105
"{REAL PATEU DE GASCA 105G} => {REAL PATEU DE RATA 105G}",0.000151119797700964,0.257985257985258,0.000585769120612309,481.858900689546,105
"{SERVETELE UMEDE PAMPERS BABY FRESH 52BUC} => {_BANANE}",0.00011801736582361,0.220430107526882,0.000535395854711987,2.86302840080522,82
"{GOBE PUFULETI 120G} => {_BANANE}",0.000125213546666513,0.177189409368635,0.00070666495877308,2.30140209536685,87
"{CERBONA BATON CEREALE FARA GLUTEN VISINE&CIOCOLATA 35G} => {CERBONA BATON CEREALE FARA GLUTEN FRUCTE 35G}",0.000136727436015158,0.231143552311436,0.000591526065286631,360.902348341945,95
"{CERBONA BATON CEREALE FARA GLUTEN FRUCTE 35G} => {CERBONA BATON CEREALE FARA GLUTEN VISINE&CIOCOLATA 35G}",0.000136727436015158,0.213483146067416,0.000640460095018372,360.902348341945,95
"{CERBONA BATON CEREALE FARA GLUTEN VISINE&CIOCOLATA 35G} => {_BANANE}",0.000112260421149288,0.18978102189781,0.000591526065286631,2.46494665235785,78
"{AMESTEC DE CONDIMENTE PENTRU GYROS MARCO POLO 30G} => {PIEPT DE PUI FARA OS REFR.VRAC SZEKELY CSURKE}",0.000115138893486449,0.220994475138122,0.000521003493026181,12.4827115075314,80
"{CONSERVA MAZARE VERDE HOME GARDEN 212ML} => {_MORCOVI}",0.000116578129655029,0.2025,0.000575694467432244,5.89095764947245,81
"{CONSERVA MAZARE VERDE HOME GARDEN 212ML} => {_BANANE}",0.000112260421149288,0.195,0.000575694467432244,2.53273268529769,78
"{DANONE CREMOSSO IAURT CU CAPSUNI 125G} => {DANONE CREMOSSO IAURT CU PIERSICI 125G}",0.000153998270038125,0.287634408602151,0.000535395854711987,517.751622653073,107
"{DANONE CREMOSSO IAURT CU PIERSICI 125G} => {DANONE CREMOSSO IAURT CU CAPSUNI 125G}",0.000153998270038125,0.27720207253886,0.000555545161072116,517.751622653073,107
"{DANONE CREMOSSO IAURT CU CAPSUNI 125G} => {_BANANE}",0.000128092019003674,0.239247311827957,0.000535395854711987,3.10743326428859,89
"{HRANA COMPLETA PENTRU PISICI ADULTE CU VITA PREVITAL 100G} => {HRANA COMPLETA PENTRU PISICI ADULTE STERILIZATE CU FICAT PREVITAL 100G}",0.000133848963677997,0.217798594847775,0.000614553843983921,306.955973797094,93
"{HRANA COMPLETA PENTRU PISICI ADULTE STERILIZATE CU FICAT PREVITAL 100G} => {HRANA COMPLETA PENTRU PISICI ADULTE CU VITA PREVITAL 100G}",0.000133848963677997,0.188640973630832,0.000709543431110241,306.955973797094,93
"{HRANA COMPLETA PENTRU PISICI ADULTE CU VITA PREVITAL 100G} => {HRANA COMPLETA PENTRU PISICI ADULTE CU PUI PREVITAL 100G}",0.000159755214712448,0.259953161592506,0.000614553843983921,352.083501102483,111
"{HRANA COMPLETA PENTRU PISICI ADULTE CU PUI PREVITAL 100G} => {HRANA COMPLETA PENTRU PISICI ADULTE CU VITA PREVITAL 100G}",0.000159755214712448,0.216374269005848,0.000738328154481853,352.083501102483,111
"{DROPSURI CU EXTRACT DE PLANTE MACESE VERBENA 60G} => {DROPSURI CU EXTRACT DE PLANTE SALVIE VERBENA 60G}",0.000105064240306385,0.196765498652291,0.000533956618543407,314.287876816309,73
"{DROPSURI CU EXTRACT DE PLANTE SALVIE VERBENA 60G} => {DROPSURI CU EXTRACT DE PLANTE MACESE VERBENA 60G}",0.000105064240306385,0.167816091954023,0.000626067733332566,314.287876816309,73
"{DROPSURI CU EXTRACT DE PLANTE MACESE VERBENA 60G} => {DROPSURI CU GUST DE TEI VERBENA 60G}",0.000132409727509416,0.247978436657682,0.000533956618543407,372.940782487952,92
"{DROPSURI CU GUST DE TEI VERBENA 60G} => {DROPSURI CU EXTRACT DE PLANTE MACESE VERBENA 60G}",0.000132409727509416,0.199134199134199,0.000664927109884242,372.940782487952,92
"{GOBE LAPTE BATUT 2% 750ML} => {PAINE CU CARTOFI FELII BACHUS 1.2 KG}",0.000100746531800643,0.145530145530146,0.000692272597087274,2.37440090654762,70
"{BOMBOANE CIOCOLATA FERRERO ROCHER T4 50G} => {BOMBOANE RAFFAELLO T4 40G}",0.000100746531800643,0.159817351598174,0.000630385441838308,200.801398763077,70
"{BOMBOANE RAFFAELLO T4 40G} => {BOMBOANE CIOCOLATA FERRERO ROCHER T4 50G}",0.000100746531800643,0.126582278481013,0.000795897601225078,200.801398763077,70
"{BERE CIUC 0% ALC.GUST DE LAMAIE&LIME NATUR RADLER DOZA 330ML} => {BERE CIUC RADLER ZMEURA&LAMAIE FARA ALC.DOZA 330ML}",0.000223081606129995,0.341409691629956,0.000653413220535597,351.430951215533,155
"{BERE CIUC RADLER ZMEURA&LAMAIE FARA ALC.DOZA 330ML} => {BERE CIUC 0% ALC.GUST DE LAMAIE&LIME NATUR RADLER DOZA 330ML}",0.000223081606129995,0.22962962962963,0.000971484413791912,351.430951215533,155
"{ELAN PATE CU FICAT DE PORC 156G} => {ELAN PATE CU FICAT DE PASARE 156G}",0.000149680561532384,0.241860465116279,0.000618871552489663,308.911388508892,104
"{ELAN PATE CU FICAT DE PASARE 156G} => {ELAN PATE CU FICAT DE PORC 156G}",0.000149680561532384,0.191176470588235,0.000782944475707852,308.911388508892,104
"{CERBONA BATON CEREALE FARA GLUTEN FRUCTE 35G} => {_BANANE}",0.000112260421149288,0.175280898876404,0.000640460095018372,2.27661364970579,78
"{SPATE RATA REFR.VRAC} => {_TELINA}",0.000103625004137804,0.152866242038217,0.000677880235401468,8.93300691583678,72
"{SPATE RATA REFR.VRAC} => {_PATRUNJEL RADACINA KG}",0.000120895838160771,0.178343949044586,0.000677880235401468,8.80270613536378,84
"{SPATE RATA REFR.VRAC} => {_MORCOVI}",0.0001410451445209,0.208067940552017,0.000677880235401468,6.05293543706115,98
"{SPATE RATA REFR.VRAC} => {CARNE TOCATA PORC VRAC}",0.000105064240306385,0.154989384288747,0.000677880235401468,3.16479969041695,73
"{BISCUITI PETIT BEURRE ROSTAR 460G} => {_BANANE}",0.000109381948812126,0.167032967032967,0.000654852456704178,2.16948643654691,76
"{NAPOLITANE DIETETIC CU CREMA DE ALUNE ELA 40G} => {NAPOLITANE DIETETIC CU CREMA DE CACAO ELA 40G}",0.000128092019003674,0.207459207459207,0.000617432316321082,346.503255558544,89
"{NAPOLITANE DIETETIC CU CREMA DE CACAO ELA 40G} => {NAPOLITANE DIETETIC CU CREMA DE ALUNE ELA 40G}",0.000128092019003674,0.213942307692308,0.000598722246129534,346.503255558544,89
"{NAPOLITANE DIETETIC CU CREMA DE ALUNE ELA 40G} => {NAPOLITANE DIETETIC CU CREMA DE VANILIE ELA 40G}",0.000112260421149288,0.181818181818182,0.000617432316321082,308.874416537008,78
"{NAPOLITANE DIETETIC CU CREMA DE VANILIE ELA 40G} => {NAPOLITANE DIETETIC CU CREMA DE ALUNE ELA 40G}",0.000112260421149288,0.190709046454768,0.00058864759294947,308.874416537008,78
"{GOBE SANA 3.6% 150G} => {NESCAFE BRASERO 1.8G}",0.000116578129655029,0.140869565217391,0.000827560796933851,57.1050205469027,81
"{GOBE SANA 3.6% 150G} => {BAUTURA SPIRTOASA 21% SECUIANA AMIGO 500ML PET}",0.000135288199846577,0.163478260869565,0.000827560796933851,48.6036888616026,94
"{GOBE SANA 3.6% 150G} => {L&M RED 100}",0.000110821184980707,0.133913043478261,0.000827560796933851,30.4166470997911,77
"{GOBE SANA 3.6% 150G} => {CORN CU CASCAVAL PANOS 80G}",0.000149680561532384,0.180869565217391,0.000827560796933851,8.34354834798774,104
"{REAL PATEU DE RATA 48G} => {REAL PATEU DE PORC 48G}",0.000115138893486449,0.18018018018018,0.000639020858849791,234.880922197995,80
"{REAL PATEU DE PORC 48G} => {REAL PATEU DE RATA 48G}",0.000115138893486449,0.150093808630394,0.000767112877853466,234.880922197995,80
"{REAL PATEU DE RATA 48G} => {REAL PATEU DE PUI 48G}",0.000133848963677997,0.209459459459459,0.000639020858849791,271.015186974684,93
"{REAL PATEU DE PUI 48G} => {REAL PATEU DE RATA 48G}",0.000133848963677997,0.173184357541899,0.000772869822527788,271.015186974684,93
"{_STRUGURI ROZE} => {_BANANE}",0.000208689244444189,0.300829875518672,0.000693711833255854,3.90729055610347,145
"{KNORR BAZA PT.SPAGHETTI BOLOGNESE RAFINERIA 59G} => {CARNE TOCATA PORC VRAC}",0.000237473967815801,0.421994884910486,0.000562741341915019,8.61690810148733,165
"{DANONE ACTIVIA MULTICEREALE 125G} => {_BANANE}",0.000129531255172255,0.221130221130221,0.000585769120612309,2.87212173724932,90
"{PICK CARNATI TARANESC MIVES FELIAT 70G} => {_BANANE}",0.000106503476474965,0.229813664596273,0.000463434046282957,2.98490553769755,74
"{HARTIE IGIENICA 3STRAT ALB VOLARE REGINA 4ROLE} => {_BANANE}",0.000112260421149288,0.169197396963124,0.000663487873715662,2.19759885926047,78
"{HRANA COMPLETA PENTRU PISICI ADULTE STERILIZATE CU FICAT PREVITAL 100G} => {HRANA COMPLETA PENTRU PISICI ADULTE CU PUI PREVITAL 100G}",0.000148241325363803,0.208924949290061,0.000709543431110241,282.970313432895,103
"{HRANA COMPLETA PENTRU PISICI ADULTE CU PUI PREVITAL 100G} => {HRANA COMPLETA PENTRU PISICI ADULTE STERILIZATE CU FICAT PREVITAL 100G}",0.000148241325363803,0.200779727095517,0.000738328154481853,282.970313432895,103
"{BATON CIOCOLATA CU UMPL.CU GUST DE CIOC.FONDANT ROSHEN 43G} => {BATON CIOCOLATA CU LAPTE UMPL.DE CR.DE ZAHAR ARS ROSHEN 43G}",0.000155437506206706,0.256532066508314,0.000605918426972437,404.176450627757,108
"{BATON CIOCOLATA CU LAPTE UMPL.DE CR.DE ZAHAR ARS ROSHEN 43G} => {BATON CIOCOLATA CU UMPL.CU GUST DE CIOC.FONDANT ROSHEN 43G}",0.000155437506206706,0.244897959183673,0.000634703150344049,404.176450627757,108
"{BATON CIOCOLATA CU UMPL.CU GUST DE CIOC.FONDANT ROSHEN 43G} => {BATON CIOCOLATA LAPTE UMPL.DE CREMA CARAMEL ROSHEN 40G}",0.000171269104061093,0.282660332541568,0.000605918426972437,325.159062308285,119
"{BATON CIOCOLATA LAPTE UMPL.DE CREMA CARAMEL ROSHEN 40G} => {BATON CIOCOLATA CU UMPL.CU GUST DE CIOC.FONDANT ROSHEN 43G}",0.000171269104061093,0.197019867549669,0.000869298645822689,325.159062308285,119
"{LAPTE UHT 1.5% GRASIME MLEKOVITA 1L} => {_BANANE}",0.000125213546666513,0.198630136986301,0.000630385441838308,2.57988225759161,87
"{DANONE CREMOSSO IAURT CU PIERSICI 125G} => {_BANANE}",0.000148241325363803,0.266839378238342,0.000555545161072116,3.46580930763468,103
"{PICK SALAM DANEZ FELII 70G} => {_BANANE}",0.00011801736582361,0.246246246246246,0.000479265644137343,3.19833803333196,82
"{7DAYS CROISSANT DOUBLE CREMA DE CACAO&COCONUT 80G} => {7DAYS CROISSANT DOUBLE CREMA DE VANILIE&VISINE 80G}",0.000119456601992191,0.137873754152824,0.000866420173485528,123.449067969312,83
"{7DAYS CROISSANT DOUBLE CREMA DE VANILIE&VISINE 80G} => {7DAYS CROISSANT DOUBLE CREMA DE CACAO&COCONUT 80G}",0.000119456601992191,0.106958762886598,0.00111684726681855,123.449067969312,83
"{7DAYS CROISSANT DOUBLE CREMA DE CACAO&COCONUT 80G} => {_BANANE}",0.000103625004137804,0.119601328903654,0.000866420173485528,1.55342664061192,72
"{_CARTOFI NOI ALBI} => {_MORCOVI}",0.000110821184980707,0.153081510934394,0.000723935792796047,4.45331702632971,77
"{REAL LAPTE UHT PT.CAFEA 6% GRASIME 10*7.5G} => {_BANANE}",0.0001410451445209,0.202479338842975,0.000696590305593016,2.62987712607728,98
"{BISCUITI CU FR.DE PADURE BELVITA JO REGGELT 50G} => {BISCUITI CU MIERE BELVITA JO REGGELT 50G}",0.000151119797700964,0.2,0.000755598988504821,260.229588014981,105
"{BISCUITI CU MIERE BELVITA JO REGGELT 50G} => {BISCUITI CU FR.DE PADURE BELVITA JO REGGELT 50G}",0.000151119797700964,0.196629213483146,0.000768552114022046,260.229588014981,105
"{BISCUITI CU FR.DE PADURE BELVITA JO REGGELT 50G} => {_BANANE}",0.000145362853026642,0.192380952380952,0.000755598988504821,2.49871551858429,101
"{BATON CIOCOLATA CU LAPTE UMPL.DE CR.DE ZAHAR ARS ROSHEN 43G} => {BATON CIOCOLATA LAPTE UMPL.DE CREMA CARAMEL ROSHEN 40G}",0.000181343757241157,0.285714285714286,0.000634703150344049,328.672185430464,126
"{BATON CIOCOLATA LAPTE UMPL.DE CREMA CARAMEL ROSHEN 40G} => {BATON CIOCOLATA CU LAPTE UMPL.DE CR.DE ZAHAR ARS ROSHEN 43G}",0.000181343757241157,0.208609271523179,0.000869298645822689,328.672185430464,126
"{CAPPUCCINO JACOBS ICED ORIGINAL 17.8G} => {CAPPUCCINO JACOBS ICED SALT CARAMEL 17.8G}",0.000112260421149288,0.172949002217295,0.000649095512029856,262.373832047173,78
"{CAPPUCCINO JACOBS ICED SALT CARAMEL 17.8G} => {CAPPUCCINO JACOBS ICED ORIGINAL 17.8G}",0.000112260421149288,0.170305676855895,0.00065917016520992,262.373832047173,78
"{_PRAZ} => {_MORCOVI}",0.000107942712643546,0.173611111111111,0.000621750024826824,5.05054668164648,75
"{PASTE SPAGHETE DIN FAINA DE GRAU DUR BALOGH 400G} => {CARNE TOCATA PORC VRAC}",0.000166951395555351,0.295165394402036,0.00056561981425218,6.02711826433895,116
"{DROPSURI CU GUST DE FRUCTE BIM BOM ROSHEN 200G} => {_BANANE}",0.000113699657317868,0.186761229314421,0.000608796899309598,2.42572446067185,79
"{RONDELE DE OREZ CU SARE DE HIMALAYA FARA GLUTEN RICE UP 120G} => {RONDELE DE OREZ CU CHIA&QUINOA FARA GLUTEN RICE UP 120G}",0.000122335074329352,0.185589519650655,0.00065917016520992,279.11257774249,85
"{RONDELE DE OREZ CU CHIA&QUINOA FARA GLUTEN RICE UP 120G} => {RONDELE DE OREZ CU SARE DE HIMALAYA FARA GLUTEN RICE UP 120G}",0.000122335074329352,0.183982683982684,0.000664927109884242,279.11257774249,85
"{RONDELE DE OREZ CU SARE DE HIMALAYA FARA GLUTEN RICE UP 120G} => {RONDELE DE OREZ SUPER SEMINTE FARA GLUTEN RICE UP 120G}",0.00011801736582361,0.179039301310044,0.00065917016520992,257.022384423833,82
"{RONDELE DE OREZ SUPER SEMINTE FARA GLUTEN RICE UP 120G} => {RONDELE DE OREZ CU SARE DE HIMALAYA FARA GLUTEN RICE UP 120G}",0.00011801736582361,0.169421487603306,0.000696590305593016,257.022384423833,82
"{RONDELE DE OREZ CU SARE DE HIMALAYA FARA GLUTEN RICE UP 120G} => {_BANANE}",0.000113699657317868,0.172489082969432,0.00065917016520992,2.24035250407029,79
"{ELAN SLANINA AFUMATA CU BOIA} => {CARNE TOCATA PORC VRAC}",0.000100746531800643,0.160919540229885,0.000626067733332566,3.2858902784773,70
"{BISCUITI CU MARSHMALLOW CU AROMA DE COCOS ARSLAN 36G} => {PAINE CU CARTOFI FELII BACHUS 1.2 KG}",0.000105064240306385,0.140926640926641,0.000745524335324756,2.29929230644254,73
"{REAL SOS DE ROSII PASSATA 500G} => {CARNE TOCATA PORC VRAC}",0.000172708340229673,0.297766749379653,0.000580012175937986,6.08023653089384,120
"{BERE CIUC BLONDA 500ML STICLA} => {BERE CIUC PREMIUM DOZA 500ML}",0.000106503476474965,0.117834394904459,0.000903840313868624,30.6639960399819,74
"{ELAN MAIONEZA CU CONTINUT REDUS DE GRASIMI 15% 600G} => {CARNE TOCATA PORC VRAC}",0.000112260421149288,0.171052631578947,0.000656291692872759,3.4928025422536,78
"{CORN CU MAC PANOS 80G} => {CORN CU CASCAVAL PANOS 80G}",0.000126652782835094,0.132930513595166,0.000952774343600364,6.13211053927753,88
"{CORN CU MAC PANOS 80G} => {_BANANE}",0.000130970491340836,0.137462235649547,0.000952774343600364,1.78541075499334,91
"{CAPPUCCINO JACOBS ORIGINAL 14.4G} => {CAPPUCCINO JACOBS VANILIE 15G}",0.000103625004137804,0.175609756097561,0.000590086829118051,259.608386092372,72
"{CAPPUCCINO JACOBS VANILIE 15G} => {CAPPUCCINO JACOBS ORIGINAL 14.4G}",0.000103625004137804,0.153191489361702,0.000676440999232887,259.608386092372,72
"{RONDELE DE OREZ CU CHIA&QUINOA FARA GLUTEN RICE UP 120G} => {RONDELE DE OREZ SUPER SEMINTE FARA GLUTEN RICE UP 120G}",0.000130970491340836,0.196969696969697,0.000664927109884242,282.762615827698,91
"{RONDELE DE OREZ SUPER SEMINTE FARA GLUTEN RICE UP 120G} => {RONDELE DE OREZ CU CHIA&QUINOA FARA GLUTEN RICE UP 120G}",0.000130970491340836,0.18801652892562,0.000696590305593016,282.762615827698,91
"{RONDELE DE OREZ CU CHIA&QUINOA FARA GLUTEN RICE UP 120G} => {_BANANE}",0.000146802089195222,0.220779220779221,0.000664927109884242,2.86756281385686,102
"{CONSERVA HRANA COMPLETA PT.PISICI ADULTE CU PESTE RENO 415G} => {CONSERVA HRANA COMPLETA PT.PISICI ADULTE CU PASARE RENO 415G}",0.000184222229578318,0.257028112449799,0.000716739611953144,253.673968601679,128
"{CONSERVA HRANA COMPLETA PT.PISICI ADULTE CU PASARE RENO 415G} => {CONSERVA HRANA COMPLETA PT.PISICI ADULTE CU PESTE RENO 415G}",0.000184222229578318,0.181818181818182,0.00101322226268075,253.673968601679,128
"{CONSERVA HRANA COMPLETA PT.PISICI ADULTE CU PESTE RENO 415G} => {CONSERVA HRANA COMPLETA PT.PISICI ADULTE CU VITA RENO 415G}",0.000145362853026642,0.20281124497992,0.000716739611953144,173.541735909154,101
"{CONSERVA HRANA COMPLETA PT.PISICI ADULTE CU VITA RENO 415G} => {CONSERVA HRANA COMPLETA PT.PISICI ADULTE CU PESTE RENO 415G}",0.000145362853026642,0.124384236453202,0.00116865976888746,173.541735909154,101
"{DROPSURI CU EXTRACT DE PLANTE SALVIE VERBENA 60G} => {DROPSURI CU GUST DE TEI VERBENA 60G}",0.000148241325363803,0.236781609195402,0.000626067733332566,356.101602229188,103
"{DROPSURI CU GUST DE TEI VERBENA 60G} => {DROPSURI CU EXTRACT DE PLANTE SALVIE VERBENA 60G}",0.000148241325363803,0.222943722943723,0.000664927109884242,356.101602229188,103
"{CORN GRAU INTREGI COUNTRY 100G} => {DANONE ACTIVIA NATUR 125G}",0.000112260421149288,0.113868613138686,0.000985876775477718,8.97124307752919,78
"{CORN GRAU INTREGI COUNTRY 100G} => {CORN CU CASCAVAL PANOS 80G}",0.000123774310497933,0.125547445255474,0.000985876775477718,5.79152815564281,86
"{CORN GRAU INTREGI COUNTRY 100G} => {_BANANE}",0.000130970491340836,0.132846715328467,0.000985876775477718,1.7254626566505,91
"{NAPOLITANE CU CR.DE LAPTE SI ALUNE KNOPPERS 25G} => {_BANANE}",0.000129531255172255,0.170777988614801,0.000758477460841982,2.21812817279027,90
"{7DAYS CROISSANT DOUBLE CREMA DE HAZELNUT&CACAO 80G} => {_BANANE}",0.000100746531800643,0.110410094637224,0.000912475730880107,1.43404746397184,70
"{HALVA TECSA CU CACAO 200G} => {HALVA TECSA CU VANILIE 200G}",0.000105064240306385,0.139579349904398,0.000752720516167659,121.683245727885,73
"{REAL GEM DE CAISE 500G} => {CARNE TOCATA PORC VRAC}",0.000105064240306385,0.172985781990521,0.000607357663141018,3.53227643172128,73
"{ELAN CIOLAN AFUMAT FARA OS} => {CARNE TOCATA PORC VRAC}",0.000122335074329352,0.185589519650655,0.00065917016520992,3.78963796153145,85
"{GIANA PASTA DE TOMATE 140G} => {CARNE TOCATA PORC VRAC}",0.000178465284903996,0.292452830188679,0.000610236135478179,5.97172916513024,124
"{ELAN CUB CU GUST LEGUME 60G} => {ELAN CUB CU GUST GAINA 60G}",0.000139605908352319,0.25,0.000558423633409277,329.607685009488,97
"{ELAN CUB CU GUST GAINA 60G} => {ELAN CUB CU GUST LEGUME 60G}",0.000139605908352319,0.184060721062619,0.000758477460841982,329.607685009488,97
"{MAGGI FIDELICIOS PRODUSE INSTANT CU FIDEA CU GUST DE VITA 59.2G} => {MAGGI FIDELICIOS PRODUSE INSTANT CU FIDEA CU GUST DE PUI 59.2G}",0.000220203133792833,0.336263736263736,0.000654852456704178,169.059634865858,153
"{MAGGI FIDELICIOS PRODUSE INSTANT CU FIDEA CU GUST DE PUI 59.2G} => {MAGGI FIDELICIOS PRODUSE INSTANT CU FIDEA CU GUST DE VITA 59.2G}",0.000220203133792833,0.110709117221418,0.0019890243849784,169.059634865858,153
"{CAFEA LA FESTA 3IN1 CLASSICO 15.6G} => {_BANANE}",0.0001410451445209,0.196392785571142,0.000718178848121725,2.55082270344971,98
"{BISCUITI CACAO CU BUC.DE CIOC.BELVITA JO REGGELT 50G} => {BISCUITI CU MIERE BELVITA JO REGGELT 50G}",0.000100746531800643,0.118043844856661,0.000853467047968302,153.592505573766,70
"{BISCUITI CU MIERE BELVITA JO REGGELT 50G} => {BISCUITI CACAO CU BUC.DE CIOC.BELVITA JO REGGELT 50G}",0.000100746531800643,0.131086142322097,0.000768552114022046,153.592505573766,70
"{BISCUITI CACAO CU BUC.DE CIOC.BELVITA JO REGGELT 50G} => {_BANANE}",0.000130970491340836,0.153456998313659,0.000853467047968302,1.9931566944445,91
"{GOBE SANA DIN CRISTUR 900G} => {_BANANE}",0.000107942712643546,0.139925373134328,0.000771430586359208,1.81740290276815,75
"{CAFEA JACOBS KRONUNG INSTANT 1.8G} => {_BANANE}",0.000115138893486449,0.142095914742451,0.000810289962910884,1.84559470623323,80
"{APA MINERALA NATURALA CARBOGAZOASA AQUARIA 2L} => {_MERE ROSII}",0.000151119797700964,0.134099616858238,0.00112692191999862,6.33019614702919,105
"{APA MINERALA NATURALA CARBOGAZOASA AQUARIA 2L} => {_BANANE}",0.000122335074329352,0.108556832694764,0.00112692191999862,1.40997660706883,85
"{IAURT IN STIL GRECESC 10% MULLER 140G} => {_BANANE}",0.000138166672183739,0.178438661710037,0.000774309058696369,2.31762785042969,96
"{SEMINTE FLORI GARDENSEED KERTIMAG} => {SEMINTE LEGUME GARDENSEED KERTIMAG}",0.000240352440152962,0.346473029045643,0.000693711833255854,134.113629376206,167
"{BISCUITI CU MIERE BELVITA JO REGGELT 50G} => {_BANANE}",0.0001410451445209,0.183520599250936,0.000768552114022046,2.38363394947828,98
"{APA MINERALA PLATA AQUATIQUE 2L} => {APA MINERALA NATURALA CARBOGAZIFICATA CONTINUT REDUS CO2 TUSNAD 2L}",0.00014248438068948,0.156398104265403,0.000911036494711527,3.90048226916573,99
"{APA MINERALA PLATA AQUATIQUE 2L} => {_BANANE}",0.000174147576398254,0.191153238546603,0.000911036494711527,2.48276951367943,121
"{CAPPUCCINO JACOBS ICED SALT CARAMEL 17.8G} => {CAPPUCCINO JACOBS VANILIE 15G}",0.000122335074329352,0.185589519650655,0.00065917016520992,274.361725355384,85
"{CAPPUCCINO JACOBS VANILIE 15G} => {CAPPUCCINO JACOBS ICED SALT CARAMEL 17.8G}",0.000122335074329352,0.180851063829787,0.000676440999232887,274.361725355384,85
"{DANONE ACTIVIA MUSLI NUCI-OVAZ 125G} => {_BANANE}",0.000161194450881028,0.258660508083141,0.000623189260995404,3.35957909342502,112
"{PASTE MELCISORI CU 8 OUA GYERMELYI 250G} => {_MORCOVI}",0.000115138893486449,0.193236714975845,0.000595843773792373,5.62147804565869,80
"{PROSOP DE HARTIE OOOPS SENSITIVE 2ROLE} => {_BANANE}",0.000113699657317868,0.168803418803419,0.000673562526895726,2.19248172406879,79
"{CAPPUCCINO CREAMY LA FESTA 12.5G PLIC} => {_BANANE}",0.000112260421149288,0.180974477958237,0.000620310788658243,2.35056397707442,78
"{NAPOLITANE CU CREMA DE CACAO SI LAPTE ROSHEN 72G} => {NAPOLITANE CU CREMA DE ALUNE ROSHEN 72G}",0.000126652782835094,0.166666666666667,0.000759916697010563,173.097409068261,88
"{NAPOLITANE CU CREMA DE ALUNE ROSHEN 72G} => {NAPOLITANE CU CREMA DE CACAO SI LAPTE ROSHEN 72G}",0.000126652782835094,0.131539611360239,0.000962848996780429,173.097409068261,88
"{NAPOLITANE CU CREMA DE CACAO SI LAPTE ROSHEN 72G} => {NAPOLITANE CU CREMA DE CIOCOLATA ROSHEN 72G}",0.00018853993808406,0.248106060606061,0.000759916697010563,154.74624442359,131
"{NAPOLITANE CU CREMA DE CIOCOLATA ROSHEN 72G} => {NAPOLITANE CU CREMA DE CACAO SI LAPTE ROSHEN 72G}",0.00018853993808406,0.117594254937163,0.0016033090917988,154.74624442359,131
"{NAPOLITANE CU CREMA DE CACAO SI LAPTE ROSHEN 72G} => {NAPOLITANE CU CREMA DE LAPTE ROSHEN 72G}",0.000122335074329352,0.160984848484848,0.000759916697010563,106.325442519299,85
"{NAPOLITANE CU CREMA DE CACAO SI LAPTE ROSHEN 72G} => {_BANANE}",0.000106503476474965,0.140151515151515,0.000759916697010563,1.8203401195807,74
"{ZUZU IAURT NATURAL DE BAUT 2% 320G} => {_BANANE}",0.000158315978543867,0.168453292496172,0.000939821218083139,2.18793415308239,110
"{NAPOLITANE CU CREMA DE CACAO FARA ZAHAR LOVE FREE U&U 180G} => {NAPOLITANE CU CREMA DE LAMAIE FARA ZAHAR,CU INDULCITOR LOVE FREE U&U 180G}",0.000135288199846577,0.184313725490196,0.000734010445976112,211.675326527305,94
"{NAPOLITANE CU CREMA DE LAMAIE FARA ZAHAR,CU INDULCITOR LOVE FREE U&U 180G} => {NAPOLITANE CU CREMA DE CACAO FARA ZAHAR LOVE FREE U&U 180G}",0.000135288199846577,0.155371900826446,0.00087073788199127,211.675326527305,94
"{BISCUITI PETIT BEURRE ROSU CROCO 100G} => {_BANANE}",0.000146802089195222,0.188191881918819,0.000780066003370691,2.44430630996655,102
"{FOIETAJ CU BRANZA BACHUS 100G} => {_BANANE}",0.000128092019003674,0.140157480314961,0.000913914967048688,1.82041759734702,89
"{DRAJEURI CU GUST DE MENTA TIC TAC 18G} => {_BANANE}",0.000103625004137804,0.107302533532042,0.00096572746911759,1.39368530200951,72
"{SEMINTE DE DOVLEAC PRAJITE SI SARATE SNACK 500G} => {_BANANE}",0.000100746531800643,0.117252931323283,0.000859223992642625,1.52292477748433,70
"{ELAN SUNCA DE CURCAN 110G} => {ELAN SUNCA DE PORC 110G}",0.000135288199846577,0.210762331838565,0.000641899331186952,217.270635121289,94
"{ELAN SUNCA DE PORC 110G} => {ELAN SUNCA DE CURCAN 110G}",0.000135288199846577,0.13946587537092,0.000970045177623332,217.270635121289,94
"{BAUTURA SPIRTOASA 37.5% ALEXANDRION 5* 500ML} => {BAUTURA SPIRTOASA 21% SANIUS AMIGO 500ML PET}",0.000130970491340836,0.158813263525305,0.00082468232459669,73.3192824384107,91
"{BAUTURA SPIRTOASA 37.5% ALEXANDRION 5* 500ML} => {WINCHESTER 100 SOFT}",0.000123774310497933,0.150087260034904,0.00082468232459669,35.6521638997032,86
"{SMANTANA 20% GRASIME KERESZTURI 145G} => {_BANANE}",0.000103625004137804,0.124352331606218,0.000833317741608174,1.61513443462587,72
"{COTLET PORC CU OS} => {CARNE TOCATA PORC VRAC}",0.000178465284903996,0.241715399610136,0.000738328154481853,4.93569817936691,124
"{KINDER CIOCOLATA MAXI 21G} => {_BANANE}",0.000120895838160771,0.156424581005587,0.000772869822527788,2.03170076459921,84
"{DR.OETKER BUDINCA CARAMEL 40G} => {DR.OETKER BUDINCA FRISCA 40G}",0.000106503476474965,0.18925831202046,0.000562741341915019,193.097115344893,74
"{DR.OETKER BUDINCA FRISCA 40G} => {DR.OETKER BUDINCA CARAMEL 40G}",0.000106503476474965,0.108663729809104,0.000980119830803396,193.097115344893,74
"{DR.OETKER BUDINCA CARAMEL 40G} => {DR.OETKER BUDINCA VANILIE 40G}",0.000139605908352319,0.248081841432225,0.000562741341915019,71.8509747774275,97
"{DANONE ACTIVIA MUSLI 125G} => {_BANANE}",0.000182782993409738,0.275488069414317,0.000663487873715662,3.57814173238564,127
"{SMANTANA FARA LACTOZA 20% MIZO 150G} => {LAPTE UHT 1.5% GRASIME FARA LACTOZA MIZO 1L}",0.000102185767969223,0.123478260869565,0.000827560796933851,80.2565957619881,71
"{KINDER PINGUI CIRESE 30G} => {KINDER PINGUI 30G}",0.000113699657317868,0.146025878003697,0.000778626767202111,64.748358885375,79
"{PAINE DE CASA LOVETEI} => {_BANANE}",0.000116578129655029,0.144642857142857,0.000805972254405142,1.87867534349005,81
"{RONDELE DE OREZ SUPER SEMINTE FARA GLUTEN RICE UP 120G} => {_BANANE}",0.000136727436015158,0.196280991735537,0.000696590305593016,2.54937068344226,95
"{SLANINA ARDELENEASCA BENEDEK} => {PAINE CU CARTOFI FELII BACHUS 1.2 KG}",0.000116578129655029,0.173447537473233,0.000672123290727145,2.82988784704808,81
"{APA PLATA PERLA MOLDOVEI ALCALINIA 6.2L} => {APA MINERALA NATURALA CARBOGAZOASA PERLA HARGHITEI  2L}",0.000102185767969223,0.102898550724638,0.000993072956320621,6.3709900841773,71
"{PATE DE PUI INTEGRAL SIBIU 120G} => {_BANANE}",0.000128092019003674,0.208920187793427,0.00061311460781534,2.71353327304074,89
"{MAGHIRAN MACINAT MARCO POLO 5G} => {BUSUIOC MACINAT MARCO POLO 5G}",0.000146802089195222,0.232876712328767,0.000630385441838308,330.215851272016,102
"{BUSUIOC MACINAT MARCO POLO 5G} => {MAGHIRAN MACINAT MARCO POLO 5G}",0.000146802089195222,0.208163265306122,0.000705225722604499,330.215851272016,102
"{MAGHIRAN MACINAT MARCO POLO 5G} => {OREGANO MACINAT MARCO POLO 7G}",0.000130970491340836,0.207762557077626,0.000630385441838308,198.83763852724,91
"{OREGANO MACINAT MARCO POLO 7G} => {MAGHIRAN MACINAT MARCO POLO 5G}",0.000130970491340836,0.12534435261708,0.00104488545838952,198.83763852724,91
"{GOBE BAUTURA SPIRTOASA 30% KOMENYES 500ML} => {DANONE ACTIVIA DE BAUT FIBRE 320G}",0.000187100701915479,0.18705035971223,0.00100026913716352,152.541105144054,130
"{DANONE ACTIVIA DE BAUT FIBRE 320G} => {GOBE BAUTURA SPIRTOASA 30% KOMENYES 500ML}",0.000187100701915479,0.152582159624413,0.00122622921563068,152.541105144054,130
"{GOBE BAUTURA SPIRTOASA 30% KOMENYES 500ML} => {CROASAN CU GEM BACHUS 100G}",0.000136727436015158,0.136690647482014,0.00100026913716352,93.8482597321352,95
"{GOBE BAUTURA SPIRTOASA 30% KOMENYES 500ML} => {SZEKELYHON}",0.000210128480612769,0.210071942446043,0.00100026913716352,20.2892294338007,146
"{IAURT CU DIFERITE AROME SZIVECSKE ZOTT 315G} => {_BANANE}",0.00016407292321819,0.202846975088968,0.000808850726742303,2.63465212267485,114
"{BISCUITI COCONITOS ROSTAR 100G} => {_BANANE}",0.000156876742375287,0.205660377358491,0.000762795169347724,2.67119364003337,109
"{PEPSI TWIST LEMON 2L} => {KENT CORE BLUE}",0.000105064240306385,0.12457337883959,0.000843392394788238,22.6881266242916,73
"{PASTA ARDEI DULCE UNIVER 160G} => {CREMA GULAS DULCE UNIVER 160G}",0.000116578129655029,0.196601941747573,0.000592965301455212,165.577678729038,81
"{CONSERVA MAZARE VERDE BOABE EKO 200G} => {CONSERVA PORUMB DULCE BOABE DELIKAT NOVA 170G}",0.000126652782835094,0.195555555555556,0.000647656275861275,141.831463697518,88
"{CONSERVA MAZARE VERDE BOABE EKO 200G} => {_TELINA}",0.000112260421149288,0.173333333333333,0.000647656275861275,10.1290372862349,78
"{CONSERVA MAZARE VERDE BOABE EKO 200G} => {_PATRUNJEL RADACINA KG}",0.000100746531800643,0.155555555555556,0.000647656275861275,7.67791590695619,70
"{CONSERVA MAZARE VERDE BOABE EKO 200G} => {_MORCOVI}",0.000148241325363803,0.228888888888889,0.000647656275861275,6.65864074508271,103
"{APA PLATA IZVORUL ALB KID 330ML} => {_BANANE}",0.000100746531800643,0.110935023771791,0.000908158022374365,1.44086543923636,70
"{ALCOOL SANITAR MONA 200ML} => {_BANANE}",0.000107942712643546,0.147058823529412,0.000734010445976112,1.91005481545829,75
"{APA MINERALA NATURALA CARBOGAZOASA PERLA HARGHITEI STICLA 1L} => {LAPTE DE CONSUM 3.5% GRASIME FRISS CUTIE 1L}",0.000100746531800643,0.143149284253579,0.000703786486435919,8.4865173754336,70
"{APA MINERALA NATURALA CARBOGAZOASA PERLA HARGHITEI STICLA 1L} => {PAINE DE CASA CU CARTOFI DOBOI KG}",0.000148241325363803,0.210633946830266,0.000703786486435919,6.2884546254878,103
"{KNORR DELIKAT CU GUST DE LEGUME 400G} => {CARNE TOCATA PORC VRAC}",0.000107942712643546,0.201072386058981,0.000536835090880568,4.1057897485761,75
"{BOIA DE ARDEI ECOM 250G} => {CARNE TOCATA PORC VRAC}",0.000139605908352319,0.213186813186813,0.000654852456704178,4.35315982104709,97
"{HARTIE IGIENICA ZEWA DELUXE MUSETEL 4ROLE} => {_BANANE}",0.000125213546666513,0.190371991247265,0.000657730929041339,2.47262238254951,87
"{MARGARINA DELMA SANDVIS 250G} => {_BANANE}",0.000120895838160771,0.168336673346693,0.000718178848121725,2.18641946009975,84
"{PATEU PORC GYULAI 500G} => {CARNE TOCATA PORC VRAC}",0.000143923616858061,0.194174757281553,0.000741206626819015,3.96494388665083,100
"{PATE DE SOMON HAME 100G} => {_BANANE}",0.000102185767969223,0.147916666666667,0.000690833360918693,1.9211968018818,71
"{CASTRAVETI IN OTET 6-9CM KATO/PURE LAND 680G/720ML} => {_BANANE}",0.000100746531800643,0.132575757575758,0.000759916697010563,1.72194335636012,70
"{PARIZER PASARE CAROLI} => {_BANANE}",0.000103625004137804,0.137667304015296,0.00075272051616766,1.78807425936592,72
"{PASTE SPAGHETE CSALADI BALOGH 1KG} => {CARNE TOCATA PORC VRAC}",0.000205810772107027,0.318485523385301,0.000646217039692694,6.5033027290067,143
"{HARTIE IGIENICA 3STRAT LAVANDA VOLARE REGINA 4ROLE} => {_BANANE}",0.000135288199846577,0.175700934579439,0.000769991350190627,2.28206922998306,94
"{REAL PATEU DE PORC 48G} => {REAL PATEU DE PUI 48G}",0.000143923616858061,0.187617260787992,0.000767112877853466,242.754025735358,100
"{REAL PATEU DE PUI 48G} => {REAL PATEU DE PORC 48G}",0.000143923616858061,0.186219739292365,0.000772869822527788,242.754025735358,100
"{BAUTURA ENERGIZANTA MONSTER ENERGY 500ML} => {KENT CORE BLUE}",0.000146802089195222,0.111842105263158,0.00131258338574552,20.3694229840657,102
"{7DAYS BAKE ROLLS SIMPLE 80G} => {_BANANE}",0.000122335074329352,0.140961857379768,0.000867859409654108,1.83086514649236,85
"{KENT SWITCH PINK 94 S} => {PAINE CU CARTOFI FELII BACHUS 1.2 KG}",0.000168390631723931,0.133561643835616,0.00126077088367661,2.17912850322538,117
"{ZUZU IAURT DE BAUT CU VISINE 320G} => {ZUZU IAURT DE BAUT CU CAPSUNI 320G}",0.000207250008275608,0.248704663212435,0.000833317741608174,243.042522026191,144
"{ZUZU IAURT DE BAUT CU CAPSUNI 320G} => {ZUZU IAURT DE BAUT CU VISINE 320G}",0.000207250008275608,0.20253164556962,0.00102329691586081,243.042522026191,144
"{ZUZU IAURT DE BAUT CU VISINE 320G} => {ZUZU IAURT DE BAUT CU PIERSICA SI FRUCTUL PASIUNII 320G}",0.000218763897624253,0.262521588946459,0.000833317741608174,256.544884360979,152
"{ZUZU IAURT DE BAUT CU PIERSICA SI FRUCTUL PASIUNII 320G} => {ZUZU IAURT DE BAUT CU VISINE 320G}",0.000218763897624253,0.213783403656821,0.00102329691586081,256.544884360979,152
"{ZUZU IAURT DE BAUT CU VISINE 320G} => {_BANANE}",0.000155437506206706,0.186528497409326,0.000833317741608174,2.4227016519388,108
"{HARTIE IGIENICA VELUETTE 4 STRAT 6 ROLE} => {_BANANE}",0.000128092019003674,0.172815533980583,0.000741206626819015,2.24459257148613,89
"{ZUZU LAPTE 1.5% SEMIDEGRESAT 1L} => {PAINE CU CARTOFI FELII BACHUS 1.2 KG}",0.000146802089195222,0.171140939597315,0.000857784756474044,2.79225448890315,102
"{ZUZU LAPTE 1.5% SEMIDEGRESAT 1L} => {_BANANE}",0.0001410451445209,0.164429530201342,0.000857784756474044,2.1356720285594,98
"{ENERGIZANT HELL RED GRAPE 250ML} => {ENERGIZANT HELL 250ML}",0.000269137163524574,0.161206896551724,0.00166951395555351,8.29263695963523,187
"{ZUZU LAPTE DE CONSUM INTEGRAL 3.5% GRASIME 500ML} => {_BANANE}",0.00016407292321819,0.201058201058201,0.000816046907585206,2.61141885880647,114
"{KINDER BOMBOANE DE CIOCOLATA LAPTE SCHOKO-BONS 125G} => {_BANANE}",0.000105064240306385,0.144268774703557,0.000728253501301789,1.87381662133102,73
"{_SFECLA ROSIE} => {_MORCOVI}",0.000189979174252641,0.243542435424354,0.000780066003370691,7.08492924905802,132
"{_SFECLA ROSIE} => {_BANANE}",0.000152559033869545,0.195571955719557,0.000780066003370691,2.540161459377,106
"{RAHAT CU AROMA DE FRUCTE FELEACUL 100G} => {PAINE DE CASA CU CARTOFI DOBOI KG}",0.000103625004137804,0.117647058823529,0.000880812535171334,3.51234073313939,72
"{RAHAT CU AROMA DE FRUCTE FELEACUL 100G} => {_BANANE}",0.000151119797700964,0.17156862745098,0.000880812535171334,2.22839728470134,105
"{REAL CASCAVAL FELII 100G} => {_BANANE}",0.000103625004137804,0.158940397350993,0.000651973984367017,2.06437712505161,72
"{DR.OETKER BUDINCA LAMAIE 40G} => {DR.OETKER BUDINCA VANILIE 40G}",0.000112260421149288,0.188405797101449,0.000595843773792373,54.5672351402456,78
"{BOMBOANE RAFFAELLO T4 40G} => {_BANANE}",0.000120895838160771,0.151898734177215,0.000795897601225078,1.97291737900502,84
"{REAL DETERGENT DUO CAPSULE WHITE 15*24G 360G} => {CARNE TOCATA PORC VRAC}",0.000125213546666513,0.170923379174853,0.000732571209807531,3.49016327782693,87
"{CIOCOLATA HEIDI DARK EXTREME 85% 80G} => {_BANANE}",0.000103625004137804,0.134579439252336,0.000769991350190627,1.74796792083809,72
"{SUNCA DE PUI CRIS-TIM} => {_BANANE}",0.000112260421149288,0.145251396648045,0.000772869822527788,1.88657928141355,78
"{BERE URSUS DOZA 500ML} => {BERE BECK S DOZA 500ML}",0.00016407292321819,0.132097334878331,0.00124206081348507,75.5415189619902,114
"{BERE URSUS DOZA 500ML} => {WINCHESTER SOFT}",0.000126652782835094,0.101969872537659,0.00124206081348507,35.9644634758927,88
"{7DAYS CROISSANT DOUBLE CREMA DE VANILIE&VISINE 80G} => {_BANANE}",0.000129531255172255,0.115979381443299,0.00111684726681855,1.5063834369336,90
"{BISCUITI CU UMPL.DE CREMA DE CACAO ESMERALDA ROSHEN 170G} => {_BANANE}",0.000107942712643546,0.128205128205128,0.000841953158619657,1.66517599296364,75
"{DESERT LIEGEOIS VANILIE 175G} => {DESERT LIEGEOIS CIOCOLATA 175G}",0.000205810772107027,0.272380952380952,0.000755598988504821,234.2250330033,143
"{DESERT LIEGEOIS CIOCOLATA 175G} => {DESERT LIEGEOIS VANILIE 175G}",0.000205810772107027,0.176980198019802,0.00116290282421313,234.2250330033,143
"{BRANZA CIOCOLATA AMARA FITT POTTYOS 38G} => {_BANANE}",0.000120895838160771,0.128834355828221,0.000938381981914558,1.67334863587389,84
"{PRAJITURA SOMLOI MARIEN 200G} => {_BANANE}",0.00011801736582361,0.131832797427653,0.00089520489685714,1.71229351302177,82
"{BISCUITI CU SARE TUC GYORI 100G} => {_BANANE}",0.000178465284903996,0.21602787456446,0.000826121560765271,2.80585055817845,124
"{ELAN PASTE SPIRALE FARA OUA 400G} => {CARNE TOCATA PORC VRAC}",0.000100746531800643,0.138613861386139,0.000726814265133208,2.83042033888639,70
"{HARTIE IGIENICA ZEWA DELUXE MUSETEL 8ROLE} => {_BANANE}",0.000102185767969223,0.142,0.000719618084290306,1.84434892980652,71
"{SALAM VARA EXTRA GASTRO FELIAT FOX 100G} => {_BANANE}",0.000106503476474965,0.147410358565737,0.000722496556627467,1.91462068354305,74
"{BISCUITI CU SEMINTE KORPOVIT 174G} => {_BANANE}",0.000129531255172255,0.142630744849445,0.000908158022374366,1.85254127901818,90
"{BISCUITI CU CACAO CU CR.DE VANILIE OREO 66G} => {_BANANE}",0.000109381948812126,0.12624584717608,0.000866420173485528,1.63972812064592,76
"{MOGYI SEMINTE DOVLEAC PRAJITE SI SARATE 150G} => {GOBE PAINE ALBA DE CASA CU CARTOFI KG}",0.000116578129655029,0.128164556962025,0.000909597258542946,20.845131160219,81
"{LAPTE UHT PT.CAFEA 10% GRASIME MILRAM 10*14G} => {PAINE CU CARTOFI FELII BACHUS 1.2 KG}",0.000100746531800643,0.115511551155116,0.00087217711815985,1.88463174265579,70
"{LAPTE UHT PT.CAFEA 10% GRASIME MILRAM 10*14G} => {_BANANE}",0.000126652782835094,0.145214521452145,0.00087217711815985,1.88610033262416,88
"{NAPOLITANE CU CREMA DE VANILIE ALFERS 170G} => {_BANANE}",0.000153998270038125,0.172025723472669,0.00089520489685714,2.23433421821134,107
"{FANTA PORTOCALE 1.25L} => {_BANANE}",0.000116578129655029,0.100997506234414,0.00115426740720165,1.31179325729978,81
"{CAFEA DONCAFE SELECTED 250G+20% GRATIS 300G} => {_BANANE}",0.000113699657317868,0.137630662020906,0.000826121560765271,1.78759833948466,79
"{ULEI RAFINAT DE FLOAREA SOARELUI MARISOL 1L} => {CARNE TOCATA PORC VRAC}",0.000119456601992191,0.174736842105263,0.00068363718007579,3.56803213547137,83
"{CAPPUCCINO JACOBS VANILIE 15G} => {_BANANE}",0.000102185767969223,0.151063829787234,0.000676440999232887,1.96207332958141,71
"{MUSCHIULETI PORC} => {CARNE TOCATA PORC VRAC}",0.000106503476474965,0.142581888246628,0.000746963571493337,2.91144530867559,74
"{MUSCHIULETI PORC} => {_BANANE}",0.000103625004137804,0.138728323699422,0.000746963571493337,1.80185517851325,72
"{DR.OETKER BUDINCA CIOCOLATA NEAGRA 50G} => {DR.OETKER BUDINCA VANILIE 40G}",0.000128092019003674,0.20554272517321,0.000623189260995405,59.5305366843575,89
"{BERE CIUC RADLER ZMEURA&LAMAIE FARA ALC.DOZA 330ML} => {PAINE CU CARTOFI FELII BACHUS 1.2 KG}",0.000102185767969223,0.105185185185185,0.000971484413791912,1.71615164782027,71
"{GOBE COZONAC BRUTAR 500G} => {PAINE CU CARTOFI FELII BACHUS 1.2 KG}",0.000109381948812126,0.126666666666667,0.000863541701148366,2.06663332237512,76
"{GOBE COZONAC BRUTAR 500G} => {_BANANE}",0.000120895838160771,0.14,0.000863541701148366,1.81837218431629,84
"{_RODII KG} => {_BANANE}",0.00023603473164722,0.311787072243346,0.000757038224673401,4.0496067114051,164
"{ROSII PASATE GIANA 500G} => {_MORCOVI}",0.000115138893486449,0.150943396226415,0.000762795169347724,4.39111681302396,80
"{ROSII PASATE GIANA 500G} => {CARNE TOCATA PORC VRAC}",0.000247548620995865,0.324528301886792,0.000762795169347724,6.62669300904775,172
"{ELAN PATE CU FICAT DE RATA 110G} => {ELAN PATE CU FICAT DE GASCA 110G}",0.000316631957087734,0.420650095602294,0.00075272051616766,466.890023763126,220
"{ELAN PATE CU FICAT DE GASCA 110G} => {ELAN PATE CU FICAT DE RATA 110G}",0.000316631957087734,0.351437699680511,0.000900961841531462,466.890023763126,220
"{ELAN PATE CU FICAT DE RATA 110G} => {PAINE CU CARTOFI FELII BACHUS 1.2 KG}",0.000155437506206706,0.206500956022945,0.00075272051616766,3.36917176436318,108
"{BERE BERGENBIER 2.5L PET} => {PALL MALL EXTRA CUT BLUE}",0.000248987857164446,0.129685157421289,0.00191994104888653,17.9674842040595,173
"{REAL DETERGENT DUO CAPSULE COLOR 15*24G 360G} => {CARNE TOCATA PORC VRAC}",0.000109381948812126,0.144212523719165,0.000758477460841982,2.94474200613878,76
"{REAL DETERGENT DUO CAPSULE COLOR 15*24G 360G} => {_BANANE}",0.000100746531800643,0.132827324478178,0.000758477460841982,1.7252108010591,70
"{CAPPY BAUT.RAC.SUC DE MULTIFRUCT CU PULPA 1.5L} => {_BANANE}",0.000166951395555351,0.172362555720654,0.000968605941454751,2.23870912100074,116
"{KETCHUP DULCE REGAL 450G} => {CARNE TOCATA PORC VRAC}",0.000102185767969223,0.149473684210526,0.00068363718007579,3.05217206769237,71
"{KNORR BAZA PT.SPAGHETTI BOLOGNESE RAFINERIA 89G} => {CARNE TOCATA PORC VRAC}",0.000267697927355994,0.3875,0.000690833360918693,7.91254114379757,186
"{BRANZA CIOCOLATA AMARA POTTYOS CU COCOS 51G} => {_BANANE}",0.000103625004137804,0.106983655274889,0.000968605941454751,1.38954359234529,72
"{7DAYS MINI CROISSANTE CU CREMA DE CACAO 185G} => {_BANANE}",0.000148241325363803,0.154887218045113,0.000957092052106106,2.01173292142404,103
"{SUNCA PRESATA DIN PIEPT PUI FOX} => {PAINE CU CARTOFI FELII BACHUS 1.2 KG}",0.00011801736582361,0.153271028037383,0.000769991350190627,2.50069747813221,82
"{SUNCA PRESATA DIN PIEPT PUI FOX} => {_BANANE}",0.000123774310497933,0.160747663551402,0.000769991350190627,2.08785057211216,86
"{BRANZA TOPITA FELII SMANTANA HOCHLAND 140G} => {_BANANE}",0.000110821184980707,0.16348195329087,0.000677880235401468,2.12336454644153,77
"{PASTE FUNDITE CU 8 OUA GYERMELYI 250G} => {_MORCOVI}",0.000116578129655029,0.160079051383399,0.000728253501301789,4.65688351736953,81
"{CIOCOLATA MILKA STAFIDE&ALUNE 100G} => {_BANANE}",0.000152559033869545,0.173486088379705,0.000879373299002753,2.25330198196781,106
"{KEFIR 3.5% GRASIME GORDON PET 330G} => {CORN CU CASCAVAL PANOS 80G}",0.000119456601992191,0.110372340425532,0.00108230559877262,5.09149760776026,83
"{KEFIR 3.5% GRASIME GORDON PET 330G} => {_BANANE}",0.000149680561532384,0.138297872340426,0.00108230559877262,1.79626431581397,104
"{CONSERVA HERING IN ULEI VEGETAL CLASSIC 170G} => {CONSERVA HERING IN SOS TOMAT CLASSIC 170G}",0.000128092019003674,0.165735567970205,0.000772869822527788,156.248612195498,89
"{CONSERVA HERING IN SOS TOMAT CLASSIC 170G} => {CONSERVA HERING IN ULEI VEGETAL CLASSIC 170G}",0.000128092019003674,0.120759837177748,0.00106071705624391,156.248612195498,89
"{DANONE ACTIVIA DE BAUT RODIE ZMEURA 320G} => {DANONE ACTIVIA DE BAUT CEREALE INT.FR.PADURE 320G}",0.000109381948812126,0.125205930807249,0.000873616354328431,122.012213747513,76
"{DANONE ACTIVIA DE BAUT CEREALE INT.FR.PADURE 320G} => {DANONE ACTIVIA DE BAUT RODIE ZMEURA 320G}",0.000109381948812126,0.106591865357644,0.00102617538819798,122.012213747513,76
"{DANONE ACTIVIA DE BAUT RODIE ZMEURA 320G} => {DANONE ACTIVIA DE BAUT CAPSUNI&KIWI 320G}",0.000143923616858061,0.164744645799012,0.000873616354328431,139.084716380982,100
"{DANONE ACTIVIA DE BAUT CAPSUNI&KIWI 320G} => {DANONE ACTIVIA DE BAUT RODIE ZMEURA 320G}",0.000143923616858061,0.121506682867558,0.00118449136674184,139.084716380982,100
"{DANONE ACTIVIA DE BAUT RODIE ZMEURA 320G} => {_BANANE}",0.000152559033869545,0.174629324546952,0.000873616354328431,2.26815075944371,106
"{ELAN PATE CU FICAT DE PASARE 156G} => {CARNE TOCATA PORC VRAC}",0.000132409727509416,0.169117647058824,0.000782944475707852,3.45329120127788,92
"{CAFEA LA FESTA 3IN1 MOCCA STRONG 15.6G} => {_BANANE}",0.000120895838160771,0.13125,0.000921111147891591,1.70472392279652,84
"{SUNCA PRESATA AFUMATA FELIATA FOX 80G} => {_BANANE}",0.000107942712643546,0.151515151515152,0.000712421903447402,1.96793526441157,75
"{APA MINERALA NECARBOGAZOASA PLATA DORNA IZVORUL ALB 2L} => {_BANANE}",0.00023603473164722,0.163672654690619,0.00144211464091777,2.12584144730448,164
"{CEAI DE MENTA CELMAR 1.5G*20PL} => {_BANANE}",0.000139605908352319,0.180970149253731,0.000771430586359207,2.3505077542468,97
"{TOBA CU CIOLAN FINOM} => {CARNE TOCATA PORC VRAC}",0.000102185767969223,0.122413793103448,0.000834756977776754,2.49962367612738,71
"{SNACK DIN CARTOFI POM-BAR ORIGINAL 65G} => {_BANANE}",0.000113699657317868,0.121725731895223,0.000934064273408816,1.58101917852726,79
"{OREZ CU LAPTE MULLER RISO 200G} => {_BANANE}",0.000158315978543867,0.196779964221825,0.000804533018236562,2.55585152408372,110
"{CARNATI SEMIAFUMATI PREMIA} => {CARNE TOCATA PORC VRAC}",0.000100746531800643,0.116472545757072,0.000864980937316947,2.37830660755013,70
"{ARIPI CURCAN REFR.VRAC} => {_TELINA}",0.00016407292321819,0.187192118226601,0.000876494826665592,10.9388996838839,114
"{ARIPI CURCAN REFR.VRAC} => {_PATRUNJEL RADACINA KG}",0.000175586812566835,0.200328407224959,0.000876494826665592,9.88781570002098,122
"{ARIPI CURCAN REFR.VRAC} => {_MORCOVI}",0.000181343757241157,0.206896551724138,0.000876494826665592,6.01885839026559,126
"{ARIPI CURCAN REFR.VRAC} => {CARNE TOCATA PORC VRAC}",0.000148241325363803,0.169129720853859,0.000876494826665592,3.45353774166492,103
"{BRANZA CIOCOLATA FITT POTTYOS NATUR 38G} => {_BANANE}",0.000113699657317868,0.12480252764613,0.000911036494711527,1.62098174860062,79
"{STORY} => {KISKEGYED}",0.000200053827432705,0.188346883468835,0.00106215629241249,134.4972899729,139
"{KISKEGYED} => {STORY}",0.000200053827432705,0.142857142857143,0.00140037679202893,134.4972899729,139
"{STORY} => {MEGLEPETES}",0.000120895838160771,0.113821138211382,0.00106215629241249,80.8634013333998,84
"{STORY} => {PAINE ALBA CU FAINA DE SECARA BRUTARIA SANDOR 500G}",0.000155437506206706,0.146341463414634,0.00106215629241249,19.5350530681099,108
"{STORY} => {_BANANE}",0.000120895838160771,0.113821138211382,0.00106215629241249,1.47835136936284,84
"{7DAYS CROISSANT DOUBLE CREMA DE CACAO&VANILIE 80G} => {LD RED}",0.000128092019003674,0.111111111111111,0.00115282817103307,38.0490115546794,89
"{PASTE CORNITE CU 4 OUA GYERMELYI 500G} => {_BANANE}",0.000115138893486449,0.153256704980843,0.000751281279999079,1.99055520997952,80
"{BABA SAPUN 125G} => {_BANANE}",0.000103625004137804,0.145748987854251,0.000710982667278822,1.89304218147445,72
"{IAURT 2.8% PROBIOTIC LACTIS 175G} => {_BANANE}",0.000143923616858061,0.143266475644699,0.00100458684566927,1.86079838755249,100
"{DANONE ACTIMEL IAURT DE BAUT CAPSUNI 4*100G} => {_BANANE}",0.000109381948812126,0.155737704918033,0.000702347250267338,2.02277936194435,76
"{DANONE DANONINO BANANE&ZMEURA 4*50G} => {DANONE DANONINO CAISE&CAPSUNI 4*50G}",0.000126652782835094,0.176706827309237,0.000716739611953144,232.534471218206,88
"{DANONE DANONINO CAISE&CAPSUNI 4*50G} => {DANONE DANONINO BANANE&ZMEURA 4*50G}",0.000126652782835094,0.166666666666667,0.000759916697010563,232.534471218206,88
"{DANONE DANONINO BANANE&ZMEURA 4*50G} => {_BANANE}",0.000148241325363803,0.206827309236948,0.000716739611953144,2.68635018623893,103
"{GIANA COMPOT DE ANANAS BUCATI 580ML} => {_BANANE}",0.000175586812566835,0.225925925925926,0.00077718753103353,2.93441013871147,122
"{PRAJITURA ASORTATA MARIEN 300G} => {_BANANE}",0.000113699657317868,0.108516483516484,0.00104776393072668,1.40945253690136,79
"{_CARTOFI ROSII 2.5KG} => {_MORCOVI}",0.00011801736582361,0.13781512605042,0.000856345520305463,4.00920035071473,82
"{_CARTOFI ROSII 2.5KG} => {_BANANE}",0.000129531255172255,0.151260504201681,0.000856345520305464,1.96462781018567,90
"{CIOCOLATA MILKA TRIPLE CIOCOLATA 90G} => {_BANANE}",0.000119456601992191,0.139966273187184,0.000853467047968302,1.81793412789993,83
"{PROSOP DIN HARTIE PERFEX BONI 2ROLE 2STRAT} => {_BANANE}",0.00011801736582361,0.132045088566828,0.000893765660688559,1.71505082946786,82
"{GOBE CEAI DE MUSETEL 20G 20PLIC} => {_BANANE}",0.000138166672183739,0.158154859967051,0.000873616354328431,2.05417427270374,96
"{ELAN SERVETELE ANTIBACTERIENE FAMILY 68BUC} => {_BANANE}",0.000129531255172255,0.15177065767285,0.000853467047968302,1.97125387362643,90
"{ELAN LINTE 400G} => {_MORCOVI}",0.000100746531800643,0.11986301369863,0.000840513922451077,3.48695277746551,70
"{CHIPS DIN CARTOFI CU SARE CSIKI CSIPSZ 70G} => {CHIPS DIN CARTOFI CU GUST DE CASCAVAL CSIKI CSIPSZ 70G}",0.000109381948812126,0.104683195592287,0.00104488545838952,91.0328475332458,76
"{PRODUS DE PATISERIE DIN ALUAT DE FOITAJ CU GLAZURA DE ZAHAR PIACELLI 200G} => {_BANANE}",0.000138166672183739,0.136170212765957,0.00101466149884933,1.76862948018606,96
"{SNACK DIN CARTOFI POM-BAR CASCAVAL 40G} => {_BANANE}",0.000132409727509416,0.149593495934959,0.000885130243677076,1.9429760854483,92
"{MITITEI CONGELATI CAROLI 850G} => {CARNE TOCATA PORC VRAC}",0.000126652782835094,0.158558558558559,0.000798776073562239,3.23768030527956,88
"{PRAJITURA ALBINITA GLAZUR 3*50G} => {BRANZOAICA PANIPROD 120G}",0.000218763897624253,0.194373401534527,0.00112548268383004,22.2053874121028,152
"{PRAJITURA ALBINITA GLAZUR 3*50G} => {APA MINERALA NATURALA CARBOGAZOASA PERLA HARGHITEI  2L}",0.000156876742375287,0.139386189258312,0.00112548268383004,8.63013155561714,109
"{PRAJITURA ALBINITA GLAZUR 3*50G} => {_BANANE}",0.000158315978543867,0.140664961636829,0.00112548268383004,1.82700895391662,110
"{BATON OKE RUDI CU GUST DE CAPSUNI 23G} => {BATON OKE RUDI CU GUST DE AFINE 23G}",0.000296482650727606,0.324921135646688,0.000912475730880107,316.633140283425,206
"{BATON OKE RUDI CU GUST DE AFINE 23G} => {BATON OKE RUDI CU GUST DE CAPSUNI 23G}",0.000296482650727606,0.288920056100982,0.00102617538819798,316.633140283425,206
"{BATON OKE RUDI CU GUST DE CAPSUNI 23G} => {BATON OKE RUDI NATUR 23G}",0.000185661465746899,0.203470031545741,0.000912475730880107,162.1257144821,129
"{BATON OKE RUDI NATUR 23G} => {BATON OKE RUDI CU GUST DE CAPSUNI 23G}",0.000185661465746899,0.147935779816514,0.00125501393900229,162.1257144821,129
"{BATON OKE RUDI CU GUST DE CAPSUNI 23G} => {_BANANE}",0.000116578129655029,0.127760252365931,0.000912475730880107,1.65939777973884,81
"{BERE CIUCAS PET 2.25L} => {WINSTON BLUE 100}",0.00028352952521038,0.162944582299421,0.00174003652781396,73.3264339774661,197
"{WINSTON BLUE 100} => {BERE CIUCAS PET 2.25L}",0.00028352952521038,0.12759067357513,0.00222218064428846,73.3264339774661,197
"{BATON CIOCOLATA LAPTE UMPL.DE CREMA CARAMEL ROSHEN 40G} => {_BANANE}",0.000162633687049609,0.187086092715232,0.000869298645822689,2.42994390761283,113
"{IAURT 2.8% FRISS 125G} => {_BANANE}",0.000119456601992191,0.111859838274933,0.00106791323708681,1.45287727472326,83
"{AMESTEC LEGUME MIXT TIGAIE CONG.AGROSPRINT 400G} => {CARNE TOCATA PORC VRAC}",0.000148241325363803,0.181019332161687,0.000818925379922368,3.69631719626351,103
"{SMANTANA 12% GRASIME GORDON 900G} => {CARNE TOCATA PORC VRAC}",0.000136727436015158,0.15224358974359,0.000898083369194301,3.10873204574346,95
"{NAPOLITANE JOE XXL GLAZURAT CIOCOLATA CU LAPTE 46G} => {_BANANE}",0.000192857646589802,0.185595567867036,0.0010391285137152,2.41058441529861,134
"{DANONE DANETTE CREMA CU VANILIE 125G} => {DANONE DANETTE CREMA DE CIOCOLATA 125G}",0.000166951395555351,0.205673758865248,0.000811729199079464,255.643651911341,116
"{DANONE DANETTE CREMA DE CIOCOLATA 125G} => {DANONE DANETTE CREMA CU VANILIE 125G}",0.000166951395555351,0.207513416815742,0.000804533018236561,255.643651911341,116
"{DANONE DANETTE CREMA CU VANILIE 125G} => {PAINE CU CARTOFI FELII BACHUS 1.2 KG}",0.000105064240306385,0.129432624113475,0.000811729199079465,2.11176137364758,73
"{DANONE DANETTE CREMA CU VANILIE 125G} => {_BANANE}",0.000156876742375287,0.193262411347518,0.000811729199079465,2.51016423620157,109
"{SALAM VICTORIA FELIAT FOX 125G} => {PAINE CU CARTOFI FELII BACHUS 1.2 KG}",0.000107942712643546,0.127551020408163,0.000846270867125399,2.08106201904046,75
"{SALAM VICTORIA FELIAT FOX 125G} => {_BANANE}",0.000146802089195222,0.173469387755102,0.000846270867125399,2.25308506803039,102
"{SPECIALITATE CU CARNATI BERTIS} => {PAINE CU CARTOFI FELII BACHUS 1.2 KG}",0.000103625004137804,0.143141153081511,0.000723935792796047,2.33542323759038,72
"{SPECIALITATE CU CARNATI BERTIS} => {_BANANE}",0.000129531255172255,0.178926441351889,0.000723935792796047,2.32396331423553,90
"{FOI DE DAFIN ECOM 10G} => {CARNE TOCATA PORC VRAC}",0.000103625004137804,0.127433628318584,0.000813168435248045,2.60212600561085,72
"{VARZA TOCATA KODO 650G} => {VARZA MURATA KODO}",0.000126652782835094,0.134146341463415,0.000944138926588881,117.983065761037,88
"{VARZA MURATA KODO} => {VARZA TOCATA KODO 650G}",0.000126652782835094,0.111392405063291,0.00113699657317868,117.983065761037,88
"{VARZA TOCATA KODO 650G} => {CARNE TOCATA PORC VRAC}",0.000194296882758382,0.205792682926829,0.000944138926588881,4.20217566645426,135
"{BAUTURA RACORITOARE GUST DE PIERSICI CIAO 2L} => {_BANANE}",0.000205810772107027,0.202836879432624,0.00101466149884933,2.63452099652715,143
"{CHIO STICKLETTI ORIGINAL 40G} => {_BANANE}",0.000109381948812126,0.124386252045827,0.000879373299002753,1.61557500593919,76
"{CEAI FRUCTE DE PADURE CELMAR 2G 20PL} => {_BANANE}",0.000156876742375287,0.192239858906526,0.000816046907585206,2.49688294394653,109
"{SALAM MIXT FELIAT FINONIMO 75G} => {_BANANE}",0.00011801736582361,0.143106457242583,0.00082468232459669,1.85872000889972,82
"{CHIO SNACK SARE 65G} => {_BANANE}",0.000105064240306385,0.107511045655376,0.000977241358466235,1.39639353518924,73
"{SUNCA HEGYESI NAGYKUN-HUS} => {_MORCOVI}",0.00011801736582361,0.103404791929382,0.00114131428168442,3.00816419757284,82
"{SUNCA HEGYESI NAGYKUN-HUS} => {CARNE TOCATA PORC VRAC}",0.00023459549547864,0.205548549810845,0.00114131428168442,4.19719059980964,163
"{GOBE CEAI DE MENTA 20G 20PLIC} => {_BANANE}",0.000133848963677997,0.155518394648829,0.000860663228811205,2.01993087842111,93
"{ELAN BOIA DE ARDEI DULCE 100G} => {ELAN PIPER MACINAT 50G}",0.000113699657317868,0.137870855148342,0.00082468232459669,74.4323717779215,79
"{ELAN BOIA DE ARDEI DULCE 100G} => {CARNE TOCATA PORC VRAC}",0.000192857646589802,0.233856893542757,0.00082468232459669,4.77523172107808,134
"{BUSUIOC MACINAT MARCO POLO 5G} => {OREGANO MACINAT MARCO POLO 7G}",0.000293604178390445,0.416326530612245,0.000705225722604499,398.442266824085,204
"{OREGANO MACINAT MARCO POLO 7G} => {BUSUIOC MACINAT MARCO POLO 5G}",0.000293604178390445,0.28099173553719,0.00104488545838952,398.442266824085,204
"{BUSUIOC MACINAT MARCO POLO 5G} => {CARNE TOCATA PORC VRAC}",0.000100746531800643,0.142857142857143,0.000705225722604499,2.91706585946454,70
"{NAPOLITANE CU CR.CACAO SI AROMA DE ROM ALFERS 170G} => {_BANANE}",0.000158315978543867,0.146082337317397,0.0010837448349412,1.89737184855618,110
"{BISCUITI CU MIERE MAIA 120G} => {PAINE ALBA CU FAINA DE SECARA BRUTARIA SANDOR 500G}",0.000116578129655029,0.11376404494382,0.00102473615202939,15.1863088106725,81
"{BISCUITI CU MIERE MAIA 120G} => {_BANANE}",0.000178465284903996,0.174157303370787,0.00102473615202939,2.26201997246409,124
"{NAPOLITANE CU CREMA DE ALUNE ROSHEN 72G} => {NAPOLITANE CU CREMA DE CIOCOLATA ROSHEN 72G}",0.00021300695294993,0.221225710014948,0.000962848996780429,137.980699508632,148
"{NAPOLITANE CU CREMA DE CIOCOLATA ROSHEN 72G} => {NAPOLITANE CU CREMA DE ALUNE ROSHEN 72G}",0.00021300695294993,0.132854578096948,0.0016033090917988,137.980699508632,148
"{NAPOLITANE CU CREMA DE ALUNE ROSHEN 72G} => {NAPOLITANE CU CREMA DE LAPTE ROSHEN 72G}",0.000166951395555351,0.17339312406577,0.000962848996780429,114.520719307519,116
"{NAPOLITANE CU CREMA DE LAPTE ROSHEN 72G} => {NAPOLITANE CU CREMA DE ALUNE ROSHEN 72G}",0.000166951395555351,0.110266159695817,0.0015140764493468,114.520719307519,116
"{NAPOLITANE CU CREMA DE ALUNE ROSHEN 72G} => {_BANANE}",0.000162633687049609,0.168908819133034,0.000962848996780429,2.19385070283729,113
"{BERE URSUS DOZA BLACK DOZA 500ML} => {BERE HEINEKEN DOZA 500ML}",0.000290725706053283,0.406438631790744,0.000715300375784564,264.418394260695,202
"{BERE HEINEKEN DOZA 500ML} => {BERE URSUS DOZA BLACK DOZA 500ML}",0.000290725706053283,0.189138576779026,0.00153710422804409,264.418394260695,202
"{BERE URSUS DOZA BLACK DOZA 500ML} => {KINDER BATON LAPTE 28G}",0.000107942712643546,0.150905432595573,0.000715300375784564,53.0891424496345,75
"{BERE URSUS DOZA BLACK DOZA 500ML} => {APA MINERALA NATURALA DECARBOGAZIFICATA PARTIAL PERLA HARGHITEI 2L}",0.000210128480612769,0.293762575452716,0.000715300375784564,30.5371119596092,146
"{BERE URSUS DOZA BLACK DOZA 500ML} => {APA MINERALA NATURALA CARBOGAZOASA PERLA HARGHITEI  2L}",0.00025906251034451,0.362173038229376,0.000715300375784564,22.4240362868711,180
"{BERE URSUS DOZA BLACK DOZA 500ML} => {LAPTE DE CONSUM 3.5% GRASIME FRISS CUTIE 1L}",0.000178465284903996,0.249496981891348,0.000715300375784564,14.7912752968322,124
"{BERE URSUS DOZA BLACK DOZA 500ML} => {PAINE CU CARTOFI FELII BACHUS 1.2 KG}",0.000109381948812126,0.152917505030181,0.000715300375784564,2.49492956423555,76
"{MOGYI ALUNE PRAJITE SI SARATE 150G} => {_BANANE}",0.000100746531800643,0.113085621970921,0.000890887188351398,1.46879821027164,70
"{BISCUITI CU SARE CROCO 400G} => {_BANANE}",0.000161194450881028,0.171516079632466,0.000939821218083139,2.22771477404752,112
"{PASTA DE DINTI COLGATE TRIPLE ACTION 100ML} => {_BANANE}",0.000110821184980707,0.131175468483816,0.000844831630956819,1.70375587968307,77
"{BAUTURA RACORITOARE GUST DE MULTIVITAMIN CIAO 2L} => {_BANANE}",0.000181343757241157,0.178723404255319,0.00101466149884933,2.3213261927442,126
"{DETERGENT VASE PUR 3X ACTION LEMON 1.2L} => {CARNE TOCATA PORC VRAC}",0.000103625004137804,0.108270676691729,0.000957092052106106,2.21082886190997,72
"{BATISTE DE HARTIE MUSETEL CLASSIC 3 STRATURI OOOPS 90BUC} => {APA MINERALA NATURALA CARBOGAZIFICATA CONTINUT REDUS CO2 TUSNAD 2L}",0.000103625004137804,0.12565445026178,0.00082468232459669,3.13375253229498,72
"{BATISTE DE HARTIE MUSETEL CLASSIC 3 STRATURI OOOPS 90BUC} => {_BANANE}",0.000138166672183739,0.167539267015707,0.00082468232459669,2.17606244944358,96
"{CAPPY BAUT.RAC.SUC DE PIERSICI CU PULPA 1.5L} => {_BANANE}",0.000153998270038125,0.13860103626943,0.00111109032214423,1.80020192192675,107
"{CASCAVAL DALIA CALUP GORDON} => {CARNE TOCATA PORC VRAC}",0.000126652782835094,0.134762633996937,0.000939821218083139,2.75178035134787,88
"{SMANTANA 20% GRASIME LACTIS 250G} => {_BANANE}",0.000102185767969223,0.103197674418605,0.00099019448398346,1.340369861778,71
"{CARAMELE CU LAPTE CU UMPLUTURA DE LAPTE SWEET DROP ROSHEN 150G} => {_BANANE}",0.000128092019003674,0.157522123893805,0.000813168435248045,2.04595606073514,89
"{GOBE IAURT 2.8% PROBIOTIC 150G} => {PAINE INTEGRALA FELII BACHUS 500G}",0.000254744801838768,0.176646706586826,0.00144211464091777,107.758058071741,177
"{PAINE INTEGRALA FELII BACHUS 500G} => {GOBE IAURT 2.8% PROBIOTIC 150G}",0.000254744801838768,0.155399473222125,0.00163928999601332,107.758058071741,177
"{GOBE IAURT 2.8% PROBIOTIC 150G} => {APA DE MASA CARBOGAZOASA SICULAQUA 3L}",0.000224520842298575,0.155688622754491,0.00144211464091777,53.8181487770727,156
"{GOBE IAURT 2.8% PROBIOTIC 150G} => {_BANANE}",0.000427453142068441,0.296407185628743,0.00144211464091777,3.84984701127701,297
"{CARNE DE PORC SIBIU 300G} => {PAINE CU CARTOFI FELII BACHUS 1.2 KG}",0.000125213546666513,0.146959459459459,0.000852027811799722,2.39772091545121,87
"{BRANZA DE BURDUF CALUP KERESZTURI} => {_BANANE}",0.00011801736582361,0.125766871165644,0.000938381981914558,1.63350700168641,82
"{MARGARINA DELMA SANDVIS 500G} => {CARNE TOCATA PORC VRAC}",0.000102185767969223,0.122203098106713,0.000836196213945335,2.49532139785521,71
"{MARGARINA DELMA SANDVIS 500G} => {PAINE CU CARTOFI FELII BACHUS 1.2 KG}",0.000161194450881028,0.192771084337349,0.000836196213945335,3.14516168275224,112
"{MARGARINA DELMA SANDVIS 500G} => {_BANANE}",0.000105064240306385,0.125645438898451,0.000836196213945335,1.63192979413682,73
"{PROSOP DIN HARTIE PERLA DOLCE CASA DECOR 3ROLE 3STR} => {_BANANE}",0.000102185767969223,0.121367521367521,0.000841953158619657,1.57636660667224,71
"{CIOCOLATA MILKA COLLAGE ZMEURA 93G} => {_BANANE}",0.000113699657317868,0.120243531202435,0.000945578162757461,1.56176780344626,79
"{COZONAC CU CACAO HARMOPAN 500G} => {_BANANE}",0.000159755214712448,0.153526970954357,0.00104056774988378,1.99406552518384,111
"{DANONE DANONINO CAISE&CAPSUNI 4*50G} => {_BANANE}",0.000153998270038125,0.202651515151515,0.000759916697010563,2.63211341615048,107
"{ALKA BREAKERS TOORTITZI SNACKS CU SEMINTE 180G} => {_BANANE}",0.000100746531800643,0.111287758346582,0.000905279550037204,1.44544688737384,70
"{ELAN BRANZA TOPITA CREMOASA 100G} => {ELAN BRANZA TOPITA EMMENTALER 100G}",0.000256184038007349,0.28343949044586,0.000903840313868624,287.08082022618,178
"{ELAN BRANZA TOPITA EMMENTALER 100G} => {ELAN BRANZA TOPITA CREMOASA 100G}",0.000256184038007349,0.259475218658892,0.000987316011646299,287.08082022618,178
"{ELAN BRANZA TOPITA CREMOASA 100G} => {ELAN BRANZA TOPITA CU SUNCA AFUMATA 100G}",0.000248987857164446,0.275477707006369,0.000903840313868624,269.965433058133,173
"{ELAN BRANZA TOPITA CU SUNCA AFUMATA 100G} => {ELAN BRANZA TOPITA CREMOASA 100G}",0.000248987857164446,0.244005641748942,0.00102041844352365,269.965433058133,173
"{ELAN BRANZA TOPITA CREMOASA 100G} => {CARNE TOCATA PORC VRAC}",0.000113699657317868,0.125796178343949,0.000903840313868624,2.56869015968773,79
"{ELAN BRANZA TOPITA CREMOASA 100G} => {PAINE CU CARTOFI FELII BACHUS 1.2 KG}",0.000116578129655029,0.128980891719745,0.000903840313868624,2.10439112192907,81
"{DANONE DANETTE CREMA DE CIOCOLATA 125G} => {PAINE CU CARTOFI FELII BACHUS 1.2 KG}",0.000100746531800643,0.125223613595707,0.000804533018236562,2.04308915214563,70
"{DANONE DANETTE CREMA DE CIOCOLATA 125G} => {_BANANE}",0.000177026048735415,0.220035778175313,0.000804533018236562,2.85790670420271,123
"{CARNACIORI CU FASOLE BOABE ROTINA 800G} => {COSTITA CU FASOLE BOABE ROTINA 800G}",0.000143923616858061,0.166389351081531,0.000864980937316947,161.24056372805,100
"{COSTITA CU FASOLE BOABE ROTINA 800G} => {CARNACIORI CU FASOLE BOABE ROTINA 800G}",0.000143923616858061,0.139470013947001,0.0010319323328723,161.24056372805,100
"{ELAN PATE CU FICAT DE GASCA 110G} => {BAUTURA SPIRTOASA 21% SANIUS AMIGO 500ML PET}",0.000152559033869545,0.169329073482428,0.000900961841531462,78.1741139757783,106
"{ELAN PATE CU FICAT DE GASCA 110G} => {HARTIE IGIENICA SOFFTY ECONOMAX 50M}",0.000125213546666513,0.138977635782748,0.000900961841531462,57.3417268712103,87
"{ELAN PATE CU FICAT DE GASCA 110G} => {CARNE TOCATA PORC VRAC}",0.000126652782835094,0.140575079872204,0.000900961841531462,2.87046736330696,88
"{ELAN PATE CU FICAT DE GASCA 110G} => {PAINE CU CARTOFI FELII BACHUS 1.2 KG}",0.000155437506206706,0.172523961661342,0.000900961841531462,2.81481922166444,108
"{BRANZA CIOCOLATA POTTYOS URIAS DE CARAMEL SARAT 51G} => {_BANANE}",0.000123774310497933,0.11878453038674,0.00104200698605236,1.54281775701659,86
"{SALAM DE CASA AFUMAT BERKE} => {CARNE TOCATA PORC VRAC}",0.000153998270038125,0.193140794223827,0.000797336837393658,3.94383091830134,107
"{FOIETAJ CU BRANZA RIP-ROP 100G} => {_BANANE}",0.000197175355095544,0.146524064171123,0.00134568581762287,1.9031091615839,137
"{FOIETAJ CU CREMA DE VANILIE RIP-ROP 100G} => {_BANANE}",0.000184222229578318,0.133056133056133,0.00138454519417455,1.72818265215686,128
"{_CARTOFI DULCI} => {_MORCOVI}",0.000149680561532384,0.165869218500797,0.000902401077700043,4.82532613105822,104
"{_CARTOFI DULCI} => {_BANANE}",0.000159755214712448,0.177033492822967,0.000902401077700043,2.29937699315457,111
"{PASTA DE ARDEI DULCE TUB UNIVER 70G RO} => {_BANANE}",0.000105064240306385,0.131531531531532,0.000798776073562239,1.70838055926756,73
"{ELAN SCARITA AFUMATA} => {CARNE TOCATA PORC VRAC}",0.000240352440152962,0.262578616352201,0.000915354203217269,5.36171382030511,167
"{REAL OREZ CUTIE 2*125G 250G} => {CARNE TOCATA PORC VRAC}",0.000162633687049609,0.194492254733219,0.000836196213945335,3.97142701348787,113
"{REAL OREZ CUTIE 2*125G 250G} => {_BANANE}",0.000105064240306385,0.125645438898451,0.000836196213945335,1.63192979413682,73
"{ELAN CUB CU GUST GAINA 60G} => {_MORCOVI}",0.00011801736582361,0.155597722960152,0.000758477460841982,4.5265165250005,82
"{ELAN CUB CU GUST GAINA 60G} => {CARNE TOCATA PORC VRAC}",0.000110821184980707,0.146110056925996,0.000758477460841982,2.98348861148271,77
"{BAZA PENTRU MANCARE PODRAVKA 125G} => {_MORCOVI}",0.000103625004137804,0.132110091743119,0.000784383711876433,3.84323434827968,72
"{BAZA PENTRU MANCARE PODRAVKA 125G} => {CARNE TOCATA PORC VRAC}",0.0001410451445209,0.179816513761468,0.000784383711876433,3.6717562928306,98
"{MATE PORC 10M CASA MONCEANU} => {PIPER MACINAT ECOM 100G}",0.000148241325363803,0.120892018779343,0.00122622921563068,49.7614610451016,103
"{MATE PORC 10M CASA MONCEANU} => {_USTUROI}",0.000159755214712448,0.130281690140845,0.00122622921563068,10.8956923413374,111
"{MATE PORC 10M CASA MONCEANU} => {CARNE TOCATA PORC VRAC}",0.000185661465746899,0.151408450704225,0.00122622921563068,3.09167895668601,129
"{KNORR DELIKAT CU GUST DE GAINA 75G} => {_CEAPA GALBENA}",0.000102185767969223,0.122203098106713,0.000836196213945335,6.93978759336488,71
"{KNORR DELIKAT CU GUST DE GAINA 75G} => {_MORCOVI}",0.000106503476474965,0.12736660929432,0.000836196213945335,3.70524099412219,74
"{KNORR DELIKAT CU GUST DE GAINA 75G} => {CARNE TOCATA PORC VRAC}",0.000218763897624253,0.261617900172117,0.000836196213945335,5.3420965137182,152
"{BOMBOANE NEGRO MIERE GYORI 79G} => {BOMBOANE NEGRO CLASSIC GYORI 79G}",0.000103625004137804,0.118811881188119,0.00087217711815985,76.4370737073707,72
"{BOMBOANE NEGRO MIERE GYORI 79G} => {_BANANE}",0.000162633687049609,0.186468646864686,0.00087217711815985,2.42192429075602,113
"{BERE TILTOTT CSIKI DOZA 500ML} => {APA MINERALA NATURALA CARBOGAZIFICATA CONTINUT REDUS CO2 TUSNAD 2L}",0.000148241325363803,0.105424769703173,0.00140613373670326,2.62923548139881,103
"{PROSOP DIN HARTIE PERLA MAXI DECOR 1ROLE 2STR} => {_BANANE}",0.000106503476474965,0.118022328548644,0.000902401077700043,1.53291799543638,74
"{PATE DIN FICAT DE GASCA HAME 105G} => {PATE DIN FICAT DE RATA HAME 105G}",0.000227399314635737,0.276707530647986,0.000821803852259529,237.945531549652,158
"{PATE DIN FICAT DE RATA HAME 105G} => {PATE DIN FICAT DE GASCA HAME 105G}",0.000227399314635737,0.195544554455446,0.00116290282421313,237.945531549652,158
"{PATE DIN FICAT DE GASCA HAME 105G} => {_BANANE}",0.000100746531800643,0.122591943957968,0.000821803852259529,1.59226986367451,70
"{NAPOLITANE CU CREMA DE CACAO&LAPTE ALFERS 170G} => {PAINE CU CARTOFI FELII BACHUS 1.2 KG}",0.000106503476474965,0.102777777777778,0.00103625004137804,1.67687352912016,74
"{NAPOLITANE CU CREMA DE CACAO&LAPTE ALFERS 170G} => {_BANANE}",0.000145362853026642,0.140277777777778,0.00103625004137804,1.82198006563438,101
"{PATE DE PORC OCSI 110G} => {_BANANE}",0.000109381948812126,0.128595600676819,0.000850588575631141,1.67024759497266,76
"{ZUZU IAURT DE BAUT CU CAPSUNI 320G} => {ZUZU IAURT DE BAUT CU PIERSICA SI FRUCTUL PASIUNII 320G}",0.000253305565670188,0.247538677918425,0.00102329691586081,241.903082166715,176
"{ZUZU IAURT DE BAUT CU PIERSICA SI FRUCTUL PASIUNII 320G} => {ZUZU IAURT DE BAUT CU CAPSUNI 320G}",0.000253305565670188,0.247538677918425,0.00102329691586081,241.903082166715,176
"{ZUZU IAURT DE BAUT CU CAPSUNI 320G} => {_BANANE}",0.000148241325363803,0.144866385372714,0.00102329691586081,1.88157861145849,103
"{PAINE INTEGRALA FELII  BACHUS 1KG} => {_BANANE}",0.000153998270038125,0.111691022964509,0.00137878824950023,1.4506846385464,107
"{DR.OETKER AMONIU PENTRU PRAJITURI 7G} => {DR.OETKER PRAF DE COPT 10G}",0.000159755214712448,0.204419889502762,0.000781505239539272,61.1950007260159,111
"{DR.OETKER AMONIU PENTRU PRAJITURI 7G} => {DR.OETKER ZAHAR VANILINAT 8G}",0.000169829867892512,0.21731123388582,0.000781505239539272,41.4013354400625,118
"{BOIA DE ARDEI SZEGEDI 100G} => {CARNE TOCATA PORC VRAC}",0.000100746531800643,0.127041742286751,0.000793019128887917,2.59412390406103,70
"{PULPE PORC CU OS SI SLANINA} => {CARNE TOCATA PORC VRAC}",0.000300800359233348,0.230176211453745,0.00130682644107119,4.70007417664827,209
"{SALAM BANATEAN GASTRO PREMIA} => {PARIZER CRISTUR}",0.000115138893486449,0.126182965299685,0.000912475730880107,7.18223680419183,80
"{ELAN HARTIE IGIENICA 8 ROLE 2STR 20M} => {_BANANE}",0.000107942712643546,0.110456553755523,0.000977241358466235,1.43465089231771,75
"{REAL MAZARE VERDE CONGELAT 450G} => {_PATRUNJEL RADACINA KG}",0.000103625004137804,0.116504854368932,0.000889447952182818,5.75045019383681,72
"{REAL MAZARE VERDE CONGELAT 450G} => {_MORCOVI}",0.000174147576398254,0.1957928802589,0.000889447952182818,5.69583983048597,121
"{REAL MAZARE VERDE CONGELAT 450G} => {_BANANE}",0.000115138893486449,0.129449838187702,0.000889447952182818,1.68134275017688,80
"{ARAHIDE CU COAJA PRAJITE&SARATE ESOX 200G} => {PAINE CU CARTOFI FELII BACHUS 1.2 KG}",0.000119456601992191,0.104930467762326,0.00113843580934726,1.71199579902656,83
"{ARAHIDE CU COAJA PRAJITE&SARATE ESOX 200G} => {_BANANE}",0.000143923616858061,0.126422250316056,0.00113843580934726,1.64201931038134,100
"{COZONAC IMPLETIT BACHUS 250G} => {_BANANE}",0.000155437506206706,0.127058823529412,0.00122335074329352,1.65028736055596,108
"{BRANZA CIOCOLATA POTTYOS CU CR.DE CAISE 30G} => {BRANZA CIOCOLATA POTTYOS CU CR.DE CAPSUNI 30G}",0.000225960078467156,0.24079754601227,0.000938381981914558,185.486990396256,157
"{BRANZA CIOCOLATA POTTYOS CU CR.DE CAPSUNI 30G} => {BRANZA CIOCOLATA POTTYOS CU CR.DE CAISE 30G}",0.000225960078467156,0.174057649667406,0.00129819102405971,185.486990396256,157
"{BRANZA CIOCOLATA POTTYOS CU CR.DE CAISE 30G} => {BRANZA CIOCOLATA POTTYOS NATUR 30G}",0.000109381948812126,0.116564417177914,0.000938381981914558,62.2046638960354,76
"{BRANZA CIOCOLATA POTTYOS CU CR.DE CAISE 30G} => {_BANANE}",0.000102185767969223,0.108895705521472,0.000938381981914558,1.41437801365531,71
"{BATISTE DE HARTIE 3STRAT MUSETEL PERLA 10*10BUC} => {_BANANE}",0.000113699657317868,0.123052959501558,0.000923989620228752,1.59825770539594,79
"{BISCUITI PETIT BEURRE ROSTAR 140G} => {PAINE CU CARTOFI FELII BACHUS 1.2 KG}",0.000103625004137804,0.106824925816024,0.000970045177623332,1.74290487909193,72
"{BISCUITI PETIT BEURRE ROSTAR 140G} => {_BANANE}",0.000151119797700964,0.155786350148368,0.000970045177623332,2.02341118432822,105
"{OASE CU MADUVA} => {_TELINA}",0.000191418410421221,0.188920454545455,0.00101322226268075,11.0398980474425,133
"{OASE CU MADUVA} => {_PATRUNJEL RADACINA KG}",0.000215885425287092,0.213068181818182,0.00101322226268075,10.516625887166,150
"{OASE CU MADUVA} => {_MORCOVI}",0.00023459549547864,0.231534090909091,0.00101322226268075,6.73559271088671,163
"{OASE CU MADUVA} => {CARNE TOCATA PORC VRAC}",0.000189979174252641,0.1875,0.00101322226268075,3.82864894054721,132
"{PUFULETI MEGASURPRISE GUSTO 60G} => {PAINE CU CARTOFI FELII BACHUS 1.2 KG}",0.000178465284903996,0.17816091954023,0.00100170837333211,2.90678915579077,124
"{PUFULETI MEGASURPRISE GUSTO 60G} => {_BANANE}",0.000174147576398254,0.173850574712644,0.00100170837333211,2.25803606632052,121
"{STICKS CU SARE CROCO 250G} => {_BANANE}",0.000132409727509416,0.149108589951378,0.000888008716014237,1.93667794578721,92
"{UNT 65% GRASIME ALBALACT 200G} => {_BANANE}",0.000105064240306385,0.125862068965517,0.000834756977776754,1.63474346619568,73
"{ELAN PUNGI CONG.HDPE ROLATE 300*200 150BUC/ROLA} => {ELAN PUNGI CONG.HDPE ROLATE 350*250 150BUC/ROLA}",0.000100746531800643,0.11965811965812,0.000841953158619657,89.1104148917654,70
"{SALAM GOLD GASTRO FELIAT FOX 100G} => {PAINE CU CARTOFI FELII BACHUS 1.2 KG}",0.000105064240306385,0.121869782971619,0.000862102464979786,1.98836964062978,73
"{SALAM GOLD GASTRO FELIAT FOX 100G} => {_BANANE}",0.000156876742375287,0.181969949916528,0.000862102464979786,2.36349353792602,109
"{BATON OKE RUDI CU GUST DE AFINE 23G} => {BATON OKE RUDI NATUR 23G}",0.00023459549547864,0.228611500701262,0.00102617538819798,182.158535133883,163
"{BATON OKE RUDI NATUR 23G} => {BATON OKE RUDI CU GUST DE AFINE 23G}",0.00023459549547864,0.186926605504587,0.00125501393900229,182.158535133883,163
"{BATON OKE RUDI CU GUST DE AFINE 23G} => {_BANANE}",0.000119456601992191,0.1164095371669,0.00102617538819798,1.51197045981018,83
"{MOGYI PORUMB PT.POPCORN MICRO CU CASC.100G} => {MOGYI PORUMB PT.POPCORN MICRO CU UNT 100G}",0.000257623274175929,0.303389830508475,0.00084914933946256,271.648451424078,179
"{MOGYI PORUMB PT.POPCORN MICRO CU UNT 100G} => {MOGYI PORUMB PT.POPCORN MICRO CU CASC.100G}",0.000257623274175929,0.230670103092784,0.00111684726681855,271.648451424078,179
"{MOGYI PORUMB PT.POPCORN MICRO CU CASC.100G} => {MOGYI PORUMB PT.POPCORN MICRO CU SARE 100G}",0.000197175355095544,0.232203389830508,0.00084914933946256,194.383052889524,137
"{MOGYI PORUMB PT.POPCORN MICRO CU SARE 100G} => {MOGYI PORUMB PT.POPCORN MICRO CU CASC.100G}",0.000197175355095544,0.165060240963855,0.00119456601992191,194.383052889524,137
"{MOGYI PORUMB PT.POPCORN MICRO CU CASC.100G} => {_BANANE}",0.000103625004137804,0.122033898305085,0.00084914933946256,1.58502175872607,72
"{ZMANTICA IEFTIN SI BUN 15% 850G} => {CARNE TOCATA PORC VRAC}",0.000204371535938447,0.21580547112462,0.000947017398926042,4.40663140472303,142
"{MAZARE VERDE CONG.AGROSPRINT 400G} => {_MORCOVI}",0.000128092019003674,0.152658662092624,0.000839074686282496,4.44101586771741,89
"{MAZARE VERDE CONG.AGROSPRINT 400G} => {_BANANE}",0.000113699657317868,0.135506003430532,0.000839074686282496,1.76000248175676,79
"{SALAM FELVIDEKI FELIAT FINONIMO 75G} => {_BANANE}",0.000151119797700964,0.18716577540107,0.000807411490573723,2.43097885603782,105
"{BOMBOANE NEGRO EXTRA STRONG GYORI 79G} => {_BANANE}",0.000143923616858061,0.138121546961326,0.00104200698605236,1.7939741360658,100
"{_VARZA ROSIE} => {_TELINA}",0.000113699657317868,0.124409448818898,0.000913914967048688,7.27008430296087,79
"{_VARZA ROSIE} => {_PATRUNJEL RADACINA KG}",0.00011801736582361,0.129133858267717,0.000913914967048688,6.37379295763067,82
"{_VARZA ROSIE} => {_MORCOVI}",0.000198614591264124,0.217322834645669,0.000913914967048688,6.32217093906638,138
"{_VARZA ROSIE} => {_BANANE}",0.000126652782835094,0.138582677165354,0.000913914967048688,1.79996346703975,88
"{IAURT CU DIFERITE AROME SZIVECSKE ZOTT 125G} => {_BANANE}",0.000198614591264124,0.201459854014599,0.000985876775477719,2.61663567711833,138
"{DANONE ACTIVIA DE BAUT CEREALE INT.FR.PADURE 320G} => {_BANANE}",0.000210128480612769,0.20476858345021,0.00102617538819798,2.6596106883408,146
"{PICK PATE TARTINAIL CU FICAT 150G} => {PAINE CU CARTOFI FELII BACHUS 1.2 KG}",0.000126652782835094,0.13946117274168,0.000908158022374365,2.27538242183264,88
"{LAPTE UHT 1.5% GRASIME MADETA 1L} => {FRANZELA RIP-ROP 1KG}",0.000115138893486449,0.115440115440115,0.000997390664826363,4.87653775105137,80
"{LAPTE UHT 1.5% GRASIME MADETA 1L} => {PAINE CU CARTOFI FELII BACHUS 1.2 KG}",0.000107942712643546,0.108225108225108,0.000997390664826363,1.76574959191312,75
"{BRICHETE PT.APRINDERE FOCURI FLAMEFAST 48BUC} => {PAINE CU CARTOFI FELII BACHUS 1.2 KG}",0.000105064240306385,0.121869782971619,0.000862102464979786,1.98836964062978,73
"{CIOCOLATA MILKA NOISETTE 100G} => {_BANANE}",0.000159755214712448,0.161572052401747,0.00098875524781488,2.09855804178736,111
"{CONSERVA HRANA COMPLETA PT.PISICI ADULTE CU PASARE RENO 415G} => {CONSERVA HRANA COMPLETA PT.PISICI ADULTE CU VITA RENO 415G}",0.000261940982681671,0.258522727272727,0.00101322226268075,221.212994710031,182
"{CONSERVA HRANA COMPLETA PT.PISICI ADULTE CU VITA RENO 415G} => {CONSERVA HRANA COMPLETA PT.PISICI ADULTE CU PASARE RENO 415G}",0.000261940982681671,0.224137931034483,0.00116865976888746,221.212994710031,182
"{DETERGENT VASE PUR BALSAM ALOE VERA 450ML} => {_BANANE}",0.000129531255172255,0.138036809815951,0.000938381981914558,1.79287353843631,90
"{KISKEGYED} => {MEGLEPETES}",0.000248987857164446,0.177800616649538,0.00140037679202893,126.317157317091,173
"{MEGLEPETES} => {KISKEGYED}",0.000248987857164446,0.176891615541922,0.00140757297287184,126.317157317091,173
"{MASLINE NEGRE SUPER MAMOUTH 71-90 ELITA} => {_BANANE}",0.000106503476474965,0.120521172638436,0.000883691007508495,1.56537391390653,74
"{SALAM PICANT CRUD USCAT FOX} => {CHIFLA PANOS 80G}",0.000102185767969223,0.106606606606607,0.000958531288274687,31.8450800327413,71
"{SALAM PICANT CRUD USCAT FOX} => {_CASTRAVETI CORNISON}",0.000138166672183739,0.144144144144144,0.000958531288274687,8.6309225461242,96
"{SALAM PICANT CRUD USCAT FOX} => {PARIZER CRISTUR}",0.000100746531800643,0.105105105105105,0.000958531288274687,5.98250130199012,70
"{SALAM VARA FOX} => {CARNE TOCATA PORC VRAC}",0.000143923616858061,0.15748031496063,0.000913914967048688,3.21566315216564,100
"{PASTE SPAGHETE PAMBAC 500G} => {CARNE TOCATA PORC VRAC}",0.000296482650727606,0.338815789473684,0.000875055590497011,6.91843580484847,206
"{7DAYS HOME CROISSANT CU CREMA DE CACAO 300G} => {_BANANE}",0.000148241325363803,0.131713554987212,0.00112548268383004,1.71074474775829,103
"{BRANZA DE VACA SEMIGRASA LACTIS 500G} => {_BANANE}",0.000106503476474965,0.111613876319759,0.000954213579768945,1.44968262916834,74
"{REAL CARTOFI PAI CONGELAT 1KG} => {PAINE CU CARTOFI FELII BACHUS 1.2 KG}",0.000136727436015158,0.143072289156627,0.000955652815937526,2.33429968641768,95
"{DR.OETKER PIKANT FIX DULCE ACRISOR 100G} => {OTET BISTRITA 1L}",0.000228838550804317,0.216621253405995,0.00105639934773817,30.710316862432,159
"{DR.OETKER PIKANT FIX DULCE ACRISOR 100G} => {CARNE TOCATA PORC VRAC}",0.000110821184980707,0.104904632152589,0.00105639934773817,2.14209604666402,77
"{REAL FASOLE PASTAI CONGELAT 450G} => {_MORCOVI}",0.000175586812566835,0.176811594202899,0.000993072956320621,5.1436524117777,122
"{REAL FASOLE PASTAI CONGELAT 450G} => {CARNE TOCATA PORC VRAC}",0.000100746531800643,0.101449275362319,0.000993072956320621,2.07153952338786,70
"{REAL FASOLE PASTAI CONGELAT 450G} => {_BANANE}",0.00011801736582361,0.118840579710145,0.000993072956320621,1.54354574652108,82
"{PASTA DE DINTI COLGATE WHITENING 100ML} => {_BANANE}",0.000105064240306385,0.118506493506494,0.000886569479845656,1.53920651037905,73
"{BOMBOANE NEGRO MENTOL GYORI 79G} => {BOMBOANE NEGRO CLASSIC GYORI 79G}",0.00011801736582361,0.124620060790274,0.000947017398926042,80.1737391646966,82
"{BOMBOANE NEGRO MENTOL GYORI 79G} => {_BANANE}",0.000139605908352319,0.14741641337386,0.000947017398926042,1.91469932564785,97
"{ELAN SUNCA DE PORC 110G} => {_BANANE}",0.000125213546666513,0.129080118694362,0.000970045177623332,1.67654069558624,87
"{ALCOOL SANITAR MONA 500ML} => {_BANANE}",0.000123774310497933,0.115591397849462,0.00107079170942397,1.50134416139786,86
"{PICK SALAM DE IARNA 250G} => {_BANANE}",0.000123774310497933,0.134375,0.000921111147891591,1.74531258762501,86
"{MASLINE NEGRE FARA SAMBURI GIANTS ELITA 141/160} => {_BANANE}",0.000161194450881028,0.180354267310789,0.000893765660688559,2.34250845000488,112
"{CIOCOLATA MILKA ALBA 100G} => {_BANANE}",0.000122335074329352,0.135135135135135,0.000905279550037204,1.75518550609681,85
"{MARGARINA RAMA CLASSIC 400G} => {PAINE CU CARTOFI FELII BACHUS 1.2 KG}",0.000110821184980707,0.102393617021277,0.00108230559877262,1.67060574422121,77
"{MARGARINA RAMA CLASSIC 400G} => {_BANANE}",0.000122335074329352,0.113031914893617,0.00108230559877262,1.46810064273257,85
"{BRANZA TOPITA MEDVE CU SUNCA 140G} => {_BANANE}",0.000129531255172255,0.15625,0.000829000033102432,2.02943324142443,90
"{SUC DE ROSII 22% DAWTONA 330ML} => {_MORCOVI}",0.000120895838160771,0.12280701754386,0.000984437539309138,3.57259723164888,84
"{SUC DE ROSII 22% DAWTONA 330ML} => {CARNE TOCATA PORC VRAC}",0.000185661465746899,0.18859649122807,0.000984437539309138,3.85103870043345,129
"{SUC DE ROSII 22% DAWTONA 330ML} => {PAINE CU CARTOFI FELII BACHUS 1.2 KG}",0.000102185767969223,0.103801169590643,0.000984437539309138,1.69357070508579,71
"{SUC DE ROSII 22% DAWTONA 330ML} => {_BANANE}",0.000132409727509416,0.134502923976608,0.000984437539309138,1.74697411191624,92
"{PASTE FIDEA CU 4 OUA TETOVARI BALOGH 250G} => {PULPE PUI CU SPATE REFR.VRAC SZEKELY CSURKE}",0.000106503476474965,0.109144542772861,0.000975802122297654,8.2934216095407,74
"{PASTE FIDEA CU 4 OUA TETOVARI BALOGH 250G} => {_PATRUNJEL RADACINA KG}",0.000123774310497933,0.126843657817109,0.000975802122297654,6.26075317318172,86
"{PASTE FIDEA CU 4 OUA TETOVARI BALOGH 250G} => {_MORCOVI}",0.000198614591264124,0.20353982300885,0.000975802122297654,5.92120729543828,138
"{PASTE FIDEA CU 4 OUA TETOVARI BALOGH 250G} => {CARNE TOCATA PORC VRAC}",0.000130970491340836,0.134218289085546,0.000975802122297654,2.74066512165032,91
"{CIOCOLATA MILKA CU CREMA DE VISINE 100G} => {CIOCOLATA MILKA CAPSUNI&IAURT 100G}",0.000119456601992191,0.121522693997072,0.000982998303140557,45.5915483715915,83
"{CIOCOLATA MILKA CU CREMA DE VISINE 100G} => {_BANANE}",0.000152559033869545,0.155197657393851,0.000982998303140557,2.0157650234002,106
"{OREZ CU LAPTE CU CAPSUNI MULLER RISO 200G} => {OREZ CU LAPTE CU VISINE MULLER RISO 200G}",0.000221642369961414,0.217821782178218,0.00101753997118649,207.322473891225,154
"{OREZ CU LAPTE CU VISINE MULLER RISO 200G} => {OREZ CU LAPTE CU CAPSUNI MULLER RISO 200G}",0.000221642369961414,0.210958904109589,0.00105064240306385,207.322473891225,154
"{OREZ CU LAPTE CU CAPSUNI MULLER RISO 200G} => {OREZ CU LAPTE CU CIOCOLATA MULLER RISO 200G}",0.000182782993409738,0.17963224893918,0.00101753997118649,146.83626092021,127
"{OREZ CU LAPTE CU CIOCOLATA MULLER RISO 200G} => {OREZ CU LAPTE CU CAPSUNI MULLER RISO 200G}",0.000182782993409738,0.149411764705882,0.00122335074329352,146.83626092021,127
"{OREZ CU LAPTE CU CAPSUNI MULLER RISO 200G} => {PAINE CU CARTOFI FELII BACHUS 1.2 KG}",0.000106503476474965,0.104667609618105,0.00101753997118649,1.70770713007994,74
"{OREZ CU LAPTE CU CAPSUNI MULLER RISO 200G} => {_BANANE}",0.000185661465746899,0.182461103253182,0.00101753997118649,2.3698728205375,129
"{CHIPS DIN CARTOFI CU SARE CSIKI CSIPSZ 140G} => {PAINE CU CARTOFI FELII BACHUS 1.2 KG}",0.000130970491340836,0.102593010146561,0.001276602481531,1.67385894798673,91
"{_PRUNE USCATE CU SAMBURI} => {_BANANE}",0.000192857646589802,0.177718832891247,0.00108518407110978,2.30827844541856,134
"{ZUZU IAURT DE BAUT CU PIERSICA SI FRUCTUL PASIUNII 320G} => {PAINE CU CARTOFI FELII BACHUS 1.2 KG}",0.000146802089195222,0.143459915611814,0.00102329691586081,2.34062401601445,102
"{ZUZU IAURT DE BAUT CU PIERSICA SI FRUCTUL PASIUNII 320G} => {_BANANE}",0.000174147576398254,0.170182841068917,0.00102329691586081,2.21039817462599,121
"{ELAN PIPER NEGRU BOABE 50G} => {_MORCOVI}",0.000123774310497933,0.13915857605178,0.000889447952182817,4.04828285472556,86
"{ELAN OREZ 1KG} => {CARNE TOCATA PORC VRAC}",0.000162633687049609,0.183441558441558,0.000886569479845656,3.74577775135788,113
"{IAURT 2.8% GRASIME GORDON PET 330G} => {PARIZER CRISTUR}",0.000128092019003674,0.136712749615975,0.000936942745745978,7.78158398451091,89
"{IAURT 2.8% GRASIME GORDON PET 330G} => {PAINE CU CARTOFI FELII BACHUS 1.2 KG}",0.000120895838160771,0.129032258064516,0.000936942745745978,2.10522919087448,84
"{IAURT 2.8% GRASIME GORDON PET 330G} => {_BANANE}",0.000207250008275608,0.221198156682028,0.000936942745745978,2.87300410951883,144
"{DANONE ACTIMEL IAURT DE BAUT FRUCTE DE PADURE 4*100G} => {_BANANE}",0.000191418410421221,0.225806451612903,0.00084771010329398,2.93285836180047,133
"{FOIETAJ CU CREMA CACAO RIP-ROP 100G} => {_BANANE}",0.000189979174252641,0.122790697674419,0.00154717888122416,1.59485135102824,132
"{_PERE EXTRA} => {_MERE ROSII}",0.000120895838160771,0.12,0.00100746531800643,5.66462123785583,84
"{_PERE EXTRA} => {_BANANE}",0.000287847233716122,0.285714285714286,0.00100746531800643,3.71096364146182,200
"{PESMET GUTHAUS 400G} => {COTLET PORC FARA OS}",0.000149680561532384,0.169934640522876,0.000880812535171334,9.08042739257255,104
"{PESMET GUTHAUS 400G} => {CARNE TOCATA PORC VRAC}",0.000115138893486449,0.130718954248366,0.000880812535171334,2.66921059035971,80
"{PESMET GUTHAUS 400G} => {PAINE CU CARTOFI FELII BACHUS 1.2 KG}",0.000107942712643546,0.122549019607843,0.000880812535171334,1.99945174378397,75
"{SALAM CASA FOX} => {CARNE TOCATA PORC VRAC}",0.000159755214712448,0.156338028169014,0.00102185767969223,3.19233827155486,111
"{SALAM CASA FOX} => {PAINE CU CARTOFI FELII BACHUS 1.2 KG}",0.000106503476474965,0.104225352112676,0.00102185767969223,1.70049146615002,74
"{SALAM CASA FOX} => {_BANANE}",0.000113699657317868,0.111267605633803,0.00102185767969223,1.44518513642844,79
"{CIOCOLATA MILKA CU CREMA ZMEURA 100G} => {CIOCOLATA MILKA CAPSUNI&IAURT 100G}",0.000125213546666513,0.122708039492243,0.00102041844352365,46.0362532633497,87
"{CIOCOLATA MILKA CU CREMA ZMEURA 100G} => {_BANANE}",0.000172708340229673,0.169252468265162,0.00102041844352365,2.19831414585891,120
"{DANONE ACTIVIA DE BAUT FIBRE 320G} => {CROASAN CU GEM BACHUS 100G}",0.000397229182528249,0.323943661971831,0.00122622921563068,222.41133162612,276
"{CROASAN CU GEM BACHUS 100G} => {DANONE ACTIVIA DE BAUT FIBRE 320G}",0.000397229182528249,0.272727272727273,0.00145650700260358,222.41133162612,276
"{DANONE ACTIVIA DE BAUT FIBRE 320G} => {SZEKELYHON}",0.000544031271723471,0.443661971830986,0.00122622921563068,42.8498895793443,378
"{DANONE ACTIVIA DE BAUT FIBRE 320G} => {MAGAZIN DE RECLAMA SI PUBLICITATE HETI HIRDETO}",0.000181343757241157,0.147887323943662,0.00122622921563068,12.617145777415,126
"{DANONE ACTIVIA DE BAUT FIBRE 320G} => {_BANANE}",0.000175586812566835,0.143192488262911,0.00122622921563068,1.85983741185939,122
"{CIOCOLATA AERATA AMARUIE ROSHEN 80G} => {CIOCOLATA AERATA CU LAPTE ROSHEN 80G}",0.000110821184980707,0.108757062146893,0.00101897920735507,99.5597109637272,77
"{CIOCOLATA AERATA CU LAPTE ROSHEN 80G} => {CIOCOLATA AERATA AMARUIE ROSHEN 80G}",0.000110821184980707,0.101449275362319,0.00109238025195268,99.5597109637272,77
"{CIOCOLATA AERATA AMARUIE ROSHEN 80G} => {_BANANE}",0.000162633687049609,0.159604519774011,0.00101897920735507,2.07300299463015,113
"{ELAN BRANZA TOPITA EMMENTALER 100G} => {ELAN BRANZA TOPITA CU SUNCA AFUMATA 100G}",0.000287847233716122,0.291545189504373,0.000987316011646299,285.711407270948,200
"{ELAN BRANZA TOPITA CU SUNCA AFUMATA 100G} => {ELAN BRANZA TOPITA EMMENTALER 100G}",0.000287847233716122,0.282087447108604,0.00102041844352365,285.711407270948,200
"{ELAN BRANZA TOPITA EMMENTALER 100G} => {CARNE TOCATA PORC VRAC}",0.000107942712643546,0.10932944606414,0.000987316011646299,2.23244836183511,75
"{ELAN BRANZA TOPITA EMMENTALER 100G} => {PAINE CU CARTOFI FELII BACHUS 1.2 KG}",0.000109381948812126,0.110787172011662,0.000987316011646299,1.80755101082372,76
"{ELAN BRANZA TOPITA EMMENTALER 100G} => {_BANANE}",0.000130970491340836,0.13265306122449,0.000987316011646299,1.72294740496442,91
"{SALAM REGAL ELIT} => {PARIZER CRISTUR}",0.000105064240306385,0.107828655834564,0.000974362886129074,6.13752370331622,73
"{SALAM REGAL ELIT} => {PAINE CU CARTOFI FELII BACHUS 1.2 KG}",0.000112260421149288,0.115214180206795,0.000974362886129074,1.87977997914863,78
"{SALAM REGAL ELIT} => {_BANANE}",0.000105064240306385,0.107828655834564,0.000974362886129074,1.40051877458419,73
"{CASCAVAL RUCAR SANDVIS GORDON 200G} => {_BANANE}",0.000123774310497933,0.132716049382716,0.000932625037240236,1.72376551864199,86
"{CAFEA BRAVOS CLASSIC 250G} => {CARNE TOCATA PORC VRAC}",0.000181343757241157,0.172839506172839,0.00104920316689527,3.52928955836451,126
"{CONSERVA FILE DE HERING IN ULEI VEGETAL CLASSIC 170G} => {CONSERVA FILE DE HERING IN SOS TOMAT CLASSIC 170G}",0.000152559033869545,0.166144200626959,0.00091823267555443,159.226414441682,106
"{CONSERVA FILE DE HERING IN SOS TOMAT CLASSIC 170G} => {CONSERVA FILE DE HERING IN ULEI VEGETAL CLASSIC 170G}",0.000152559033869545,0.146206896551724,0.00104344622222094,159.226414441682,106
"{CONSERVA FILE DE HERING IN ULEI VEGETAL CLASSIC 170G} => {PAINE DE CASA CU CARTOFI DOBOI KG}",0.000110821184980707,0.120689655172414,0.00091823267555443,3.60317713141023,77
"{CONSERVA FILE DE HERING IN ULEI VEGETAL CLASSIC 170G} => {_BANANE}",0.000148241325363803,0.161442006269592,0.00091823267555443,2.09686895414888,103
"{7DAYS BAKE ROLLS USTUROI 80G} => {_BANANE}",0.000125213546666513,0.113428943937419,0.00110389414130133,1.4732574039441,87
"{HALVA TECSA CU VANILIE 200G} => {_BANANE}",0.00016407292321819,0.143036386449184,0.00114707122635875,1.85780990331652,114
"{DR.OETKER BUDINCA CIOCOLATA 50G} => {DR.OETKER BUDINCA VANILIE 40G}",0.000169829867892512,0.222641509433962,0.000762795169347724,64.4827907854688,118
"{DR.OETKER BUDINCA CIOCOLATA 50G} => {_BANANE}",0.000109381948812126,0.143396226415094,0.000762795169347724,1.86248363892235,76
"{DANONE CREMOSSO IAURT CU CIOC.&STRACCIATELLA 125G} => {PAINE CU CARTOFI FELII BACHUS 1.2 KG}",0.000125213546666513,0.15,0.000834756977776754,2.44732893439158,87
"{DANONE CREMOSSO IAURT CU CIOC.&STRACCIATELLA 125G} => {_BANANE}",0.000194296882758382,0.232758620689655,0.000834756977776754,3.0231557251564,135
"{PASTA TOMATE REGAL 540G} => {CARNE TOCATA PORC VRAC}",0.00025906251034451,0.294599018003273,0.000879373299002753,6.0155531635439,180
"{PASTE TAITEI LATI GYERMELYI 250G} => {_BANANE}",0.000112260421149288,0.115898959881129,0.000968605941454751,1.50533889170739,78
"{UNT 65% GRASIME KERESZTURI 200G} => {_BANANE}",0.000138166672183739,0.128686327077748,0.00107367018176114,1.67142598328575,96
"{PRAJITURA FELII SARIKA MARIEN 300G} => {_BANANE}",0.000156876742375287,0.153089887640449,0.00102473615202939,1.98838852418214,109
"{DETERGENT VASE PUR BALSAM 3X ACTION MERE 450ML} => {_BANANE}",0.000106503476474965,0.103932584269663,0.00102473615202939,1.3499151448576,74
"{NUGAT PION 35G} => {_BANANE}",0.000136727436015158,0.115291262135922,0.00118593060291042,1.49744588687628,95
"{KINDER PINGUI COCCO 30G} => {KINDER MAXI KING 35G}",0.000120895838160771,0.112751677852349,0.00107223094559256,52.0194764565897,84
"{KINDER PINGUI COCCO 30G} => {KINDER PINGUI 30G}",0.000181343757241157,0.169127516778524,0.00107223094559255,74.9917021796019,126
"{KINDER PINGUI COCCO 30G} => {_BANANE}",0.000158315978543867,0.147651006711409,0.00107223094559256,1.91774631135946,110
"{BOIA DE ARDEI ECOM 100G} => {CARNE TOCATA PORC VRAC}",0.000200053827432705,0.232441471571906,0.000860663228811205,4.74632956732274,139
"{PAINE INTEGRALA FELII BACHUS 500G} => {_BANANE}",0.000299361123064767,0.182616330114135,0.00163928999601332,2.37188896486761,208
"{OREZ CU LAPTE CU VISINE MULLER RISO 200G} => {OREZ CU LAPTE CU CIOCOLATA MULLER RISO 200G}",0.000185661465746899,0.176712328767123,0.00105064240306385,144.449439161966,129
"{OREZ CU LAPTE CU CIOCOLATA MULLER RISO 200G} => {OREZ CU LAPTE CU VISINE MULLER RISO 200G}",0.000185661465746899,0.151764705882353,0.00122335074329352,144.449439161966,129
"{OREZ CU LAPTE CU VISINE MULLER RISO 200G} => {_BANANE}",0.000194296882758382,0.184931506849315,0.00105064240306385,2.40195934327494,135
"{DANONE ACTIVIA CAPSUNI CU FULGI DE CEREALE 168G} => {_BANANE}",0.000185661465746899,0.171314741035857,0.0010837448349412,2.22509971330679,129
"{_MERE DE VARA} => {_BANANE}",0.000248987857164446,0.200929152148664,0.00123918234114791,2.60974272346705,173
"{KETCHUP DULCE LA MINUT 480G} => {CARNE TOCATA PORC VRAC}",0.000138166672183739,0.147692307692308,0.000935503509577397,3.01579731932334,96
"{KETCHUP DULCE LA MINUT 480G} => {_BANANE}",0.000107942712643546,0.115384615384615,0.000935503509577397,1.49865839366727,75
"{NUTLINE SEMINTE FLOAREA SOARELUI 100G} => {PAINE CU CARTOFI FELII BACHUS 1.2 KG}",0.000103625004137804,0.100981767180926,0.00102617538819798,1.64757067111916,72
"{USTUROI GRANULAT MARCO POLO 20G} => {CARNE TOCATA PORC VRAC}",0.000204371535938447,0.220496894409938,0.000926868092565913,4.50242773960832,142
"{BISCUITI EUGENIA CACAO CU CR.CACAO ROSTAR FOX 30G} => {BISCUITI EUGENIA VANILIE CU CR.ROM ROSTAR FOX 30G}",0.000417378488888377,0.333333333333333,0.00125213546666513,174.400853413655,290
"{BISCUITI EUGENIA VANILIE CU CR.ROM ROSTAR FOX 30G} => {BISCUITI EUGENIA CACAO CU CR.CACAO ROSTAR FOX 30G}",0.000417378488888377,0.218373493975904,0.00191130563187505,174.400853413655,290
"{BISCUITI EUGENIA CACAO CU CR.CACAO ROSTAR FOX 30G} => {PAINE CU CARTOFI FELII BACHUS 1.2 KG}",0.000168390631723931,0.13448275862069,0.00125213546666513,2.19415697566142,117
"{BISCUITI EUGENIA CACAO CU CR.CACAO ROSTAR FOX 30G} => {_BANANE}",0.000201493063601286,0.160919540229885,0.00125213546666513,2.0900829704785,140
"{CIOCOLATA MILKA TRIPLE CARAMEL 90G} => {_BANANE}",0.000138166672183739,0.121982210927573,0.00113267886467294,1.58435042380073,96
"{DANONE ACTIVIA DE BAUT NATUR 320G} => {_BANANE}",0.000215885425287092,0.164293537787514,0.0013140226219141,2.13390570839809,150
"{CORN FITNESS COUNTRY 90G} => {_BANANE}",0.000233156259310059,0.137521222410866,0.00169542020658796,1.78617689703638,162
"{SPECIALITATE TARTINABILA NESARATA CASEROLA LURPAK 200G} => {_BANANE}",0.0001410451445209,0.147368421052632,0.000957092052106106,1.91407598349083,98
"{KEFIR CAUCAZIAN 3.3% BOMILACT 330G} => {L&M RED KS 23 S}",0.000145362853026642,0.104231166150671,0.00139461984735461,48.312988156535,101
"{KEFIR CAUCAZIAN 3.3% BOMILACT 330G} => {PAINE ALBA SECUIASCA CU CARTOFI FEL.HARMOPAN 500G}",0.000145362853026642,0.104231166150671,0.00139461984735461,21.2815660436809,101
"{KEFIR CAUCAZIAN 3.3% BOMILACT 330G} => {_BANANE}",0.000179904521072576,0.128998968008256,0.00139461984735461,1.67548668022657,125
"{BONDUELLE CONSERVA PORUMB DULCE 340G} => {_BANANE}",0.000119456601992191,0.129485179407176,0.000922550384060172,1.68180177510867,83
"{CIOCOLATA MILKA ALBA HAPPY COW LAPTE 100G} => {_BANANE}",0.00016551215938677,0.157318741450068,0.00105208163923243,2.04331445374608,115
"{PASTA DE TON PICANT HAME 45G} => {PASTA DE TON HAME 45G}",0.000185661465746899,0.162878787878788,0.00113987504551584,110.302435908796,129
"{PASTA DE TON HAME 45G} => {PASTA DE TON PICANT HAME 45G}",0.000185661465746899,0.125730994152047,0.00147665630896371,110.302435908796,129
"{PASTA DE TON PICANT HAME 45G} => {_BANANE}",0.000120895838160771,0.106060606060606,0.00113987504551584,1.3775546850881,84
"{CROASAN CU GEM BACHUS 100G} => {MELCI PIZZA RIP-ROP 120G}",0.000168390631723931,0.115612648221344,0.00145650700260358,17.3722255511714,117
"{CROASAN CU GEM BACHUS 100G} => {SZEKELYHON}",0.000529638910037665,0.363636363636364,0.00145650700260358,35.1208330174135,368
"{CROASAN CU GEM BACHUS 100G} => {_BANANE}",0.000171269104061093,0.117588932806324,0.00145650700260358,1.52728888998898,119
"{VARZA MURATA KODO} => {CARNE TOCATA PORC VRAC}",0.000477826407968763,0.420253164556962,0.00113699657317868,8.58134311062734,332
"{CHIO STICKLETTI ORIGINAL 250G} => {_BANANE}",0.000148241325363803,0.128911138923655,0.00114994969869591,1.6743459233379,103
"{MAGGI CUB GAINA 120G} => {_MORCOVI}",0.000123774310497933,0.14878892733564,0.000831878505439593,4.32844083775155,86
"{MAGGI CUB GAINA 120G} => {CARNE TOCATA PORC VRAC}",0.00016407292321819,0.197231833910035,0.000831878505439593,4.0273677436898,114
"{GUSA FIARTA SI AFUMATA ELIT} => {CARNE TOCATA PORC VRAC}",0.000136727436015158,0.111764705882353,0.00122335074329352,2.28217505475755,95
"{NAPOLITANE CU CREMA DE CACAO ALFERS 170G} => {_BANANE}",0.000181343757241157,0.140625,0.00128955560704823,1.82648991728199,126
"{_RIDICHI NEGRU KG} => {_BANANE}",0.000168390631723931,0.144266337854501,0.00116722053271888,1.87378497062715,117
"{CASCAVAL ANALOG JAVOR 40% GRASIME MLEKOVITA} => {CARNE TOCATA PORC VRAC}",0.000179904521072576,0.156641604010025,0.00114851046252733,3.19853712660586,125
"{PAINE SIMPLA FELIATA PANOS 1KG} => {_BANANE}",0.000277772580536058,0.181732580037665,0.00152846881103261,2.36041048946088,193
"{REAL OREZ CAL B 1KG} => {CARNE TOCATA PORC VRAC}",0.00018853993808406,0.19969512195122,0.000944138926588881,4.07766675781858,131
"{BRANZA DE BURDUF II FRISS 300G} => {PAINE CU CARTOFI FELII BACHUS 1.2 KG}",0.000110821184980707,0.11,0.00100746531800643,1.7947078852205,77
"{BRANZA DE BURDUF II FRISS 300G} => {_BANANE}",0.000161194450881028,0.16,0.00100746531800643,2.07813963921862,112
"{CHIO GOLD FISCHLI SESAM 100G} => {_BANANE}",0.000175586812566835,0.159268929503916,0.00110245490513275,2.06864422311253,122
"{RAHAT SIMPLU 400G} => {PAINE CU CARTOFI FELII BACHUS 1.2 KG}",0.000109381948812126,0.1,0.00109381948812126,1.63155262292772,76
"{RAHAT SIMPLU 400G} => {_BANANE}",0.000112260421149288,0.102631578947368,0.00109381948812126,1.33301720278826,78
"{BOIA DE ARDEI DULCE MACINAT PREMIUM THYMOS BIGPACK 100G} => {CARNE TOCATA PORC VRAC}",0.0001410451445209,0.149162861491629,0.000945578162757461,3.04582523530088,98
"{PERLE COAPTE PT.SUPA GUTHAUS 200G} => {_BANANE}",0.000122335074329352,0.116438356164384,0.00105064240306385,1.51234477169163,85
"{FULGI DE PORUMB CU ADAOS DE MULTIVI.FORTZA 150G} => {LAPTE DE CONSUM 1.5% GRASIME FRISS CUTIE 1L}",0.000155437506206706,0.144578313253012,0.00107510941792972,6.67474362566545,108
"{FULGI DE PORUMB CU ADAOS DE MULTIVI.FORTZA 150G} => {_BANANE}",0.000128092019003674,0.119143239625167,0.00107510941792972,1.54747680631239,89
"{GIANA PASTA DE TOMATE 70G} => {_MORCOVI}",0.000123774310497933,0.120111731843575,0.00103049309670372,3.49418827405084,86
"{GIANA PASTA DE TOMATE 70G} => {CARNE TOCATA PORC VRAC}",0.000248987857164446,0.241620111731844,0.00103049309670372,4.93375245225078,173
"{GIANA PASTA DE TOMATE 70G} => {_BANANE}",0.000112260421149288,0.108938547486034,0.00103049309670372,1.41493446106016,78
"{COSTITA CU FASOLE BOABE ROTINA 800G} => {CARNE TOCATA PORC VRAC}",0.000130970491340836,0.126917712691771,0.0010319323328723,2.59159128658147,91
"{BATON CIOCOLATA SPORT XL 42G} => {BATON CIOCOLATA SPORT XXL 51G}",0.0001410451445209,0.109988776655443,0.00128235942620532,66.2806867947082,98
"{BATON CIOCOLATA SPORT XL 42G} => {_BANANE}",0.000156876742375287,0.122334455667789,0.00128235942620532,1.58892550978416,109
"{CIOCOLATA CALDA HOT CLASSICO LA FESTA 25G} => {_BANANE}",0.000132409727509416,0.110709987966306,0.00119600525609049,1.43794259031373,92
"{HARTIE IGIENICA 3STRAT CARESSE MUSETEL PERLA 4ROLE} => {_BANANE}",0.000179904521072576,0.156838143036386,0.00114707122635875,2.03707226240846,125
"{ELAN SERVETELE ANTIBACTERIENE 15BUC} => {_BANANE}",0.000148241325363803,0.125609756097561,0.0011801736582361,1.63146633261828,103
"{PAINE CU FULGI DE CARTOFI COUNTRY 500G} => {_BANANE}",0.000240352440152962,0.141886151231946,0.00169398097041938,1.84287021957046,167
"{ELAN PASTE PATRATE INCRETITE FARA OUA 400G} => {CARNE TOCATA PORC VRAC}",0.000139605908352319,0.125161290322581,0.00111540803064997,2.55572608848571,97
"{ELAN BRANZA TOPITA CU SUNCA AFUMATA 100G} => {CARNE TOCATA PORC VRAC}",0.000135288199846577,0.132581100141044,0.00102041844352365,2.70723460582182,94
"{ELAN BRANZA TOPITA CU SUNCA AFUMATA 100G} => {_BANANE}",0.000126652782835094,0.124118476727786,0.00102041844352365,1.61209704029653,88
"{MEGLEPETES} => {NOK LAPJA}",0.000178465284903996,0.12678936605317,0.00140757297287184,48.0605017978729,124
"{MEGLEPETES} => {SZEKELYHON}",0.000155437506206706,0.110429447852761,0.00140757297287184,10.6655290451655,108
"{GOBE BRANZA DE BURDUF DIN CRISTUR 300G} => {_BANANE}",0.000130970491340836,0.12482853223594,0.00104920316689527,1.62131950590616,91
"{BOIA DE ARDEI ECOM 50G} => {ELAN PIPER MACINAT 50G}",0.000105064240306385,0.10354609929078,0.00101466149884933,55.9014575652874,73
"{BOIA DE ARDEI ECOM 50G} => {CARNE TOCATA PORC VRAC}",0.000224520842298575,0.221276595744681,0.00101466149884933,4.51834882061742,156
"{CIOCOLATA AERATA CU LAPTE ROSHEN 80G} => {_BANANE}",0.000146802089195222,0.134387351778656,0.00109238025195268,1.74547301713026,102
"{PARIZER CU PIEPT PUI FOX 500G} => {CARNE TOCATA PORC VRAC}",0.000130970491340836,0.161061946902655,0.000813168435248045,3.28879814598038,91
"{PARIZER CU PIEPT PUI FOX 500G} => {PAINE CU CARTOFI FELII BACHUS 1.2 KG}",0.000120895838160771,0.148672566371681,0.000813168435248045,2.42567115621113,84
"{PARIZER CU PIEPT PUI FOX 500G} => {_BANANE}",0.000123774310497933,0.152212389380531,0.000813168435248045,1.97699124969913,86
"{BONDUELLE MAZARE VERDE BOABE 800G} => {PAINE CU CARTOFI FELII BACHUS 1.2 KG}",0.000110821184980707,0.107093184979138,0.00103481080520946,1.74728166850396,77
"{BONDUELLE MAZARE VERDE BOABE 800G} => {_BANANE}",0.000123774310497933,0.119610570236439,0.00103481080520946,1.5535466704868,86
"{PALL MALL EXTRA CUT BALANCE BLUE} => {PALL MALL S-LINE FLOW VIOLET/ROSE}",0.000254744801838768,0.133182844243792,0.00191274486804363,17.4961564676805,177
"{PALL MALL EXTRA CUT BALANCE BLUE} => {PAINE CU CARTOFI FELII BACHUS 1.2 KG}",0.000197175355095544,0.103085026335591,0.00191274486804363,1.68188645102406,137
"{BOUNTY CIOCOLATA CU LAPTE 57G} => {_BANANE}",0.000155437506206706,0.116129032258065,0.00133848963677997,1.50832715749738,108
"{POLONEZ CAROLI KG} => {_BANANE}",0.000135288199846577,0.112709832134293,0.00120032296459623,1.46391731179969,94
"{PASTA JUMARI BERTIS} => {CARNE TOCATA PORC VRAC}",0.000109381948812126,0.112094395280236,0.000975802122297654,2.2889071345651,76
"{PIPER NEGRU MACINAT MARCO POLO 20G} => {CARNE TOCATA PORC VRAC}",0.00018853993808406,0.201538461538462,0.000935503509577397,4.11530675865998,131
"{STAR SNACKS PIZZA 90G} => {_BANANE}",0.000130970491340836,0.102247191011236,0.00128092019003674,1.32802462899504,91
"{SCORTISOARA MACINATA ECOM 50G} => {_BANANE}",0.000110821184980707,0.110157367668097,0.00100602608183785,1.43076495189408,77
"{BATON MARS CIOCOLATA CLASIC 51G} => {_BANANE}",0.000201493063601286,0.145530145530146,0.00138454519417455,1.89019977579656,140
"{MALAI EXTRA BOROMIR 1KG} => {_BANANE}",0.000115138893486449,0.102827763496144,0.00111972573915572,1.33556532083459,80
"{KNORR DELIKAT CU GUST DE LEGUME 200G} => {_MORCOVI}",0.000102185767969223,0.119327731092437,0.000856345520305463,3.47138079147251,71
"{KNORR DELIKAT CU GUST DE LEGUME 200G} => {CARNE TOCATA PORC VRAC}",0.000184222229578318,0.215126050420168,0.000856345520305463,4.39275800013484,128
"{PRAJITURA JERBO MADARAS 450G} => {_BANANE}",0.000171269104061093,0.14200477326969,0.00120607990927055,1.84441092681247,119
"{ZUZU LAPTE 3.5% INTEGRAL 1L} => {PAINE DE CASA CU CARTOFI DOBOI KG}",0.000151119797700964,0.137075718015666,0.00110245490513275,4.09238133724139,105
"{ZUZU LAPTE 3.5% INTEGRAL 1L} => {APA MINERALA NATURALA CARBOGAZIFICATA CONTINUT REDUS CO2 TUSNAD 2L}",0.000123774310497933,0.112271540469974,0.00110245490513275,2.79999015967566,86
"{ZUZU LAPTE 3.5% INTEGRAL 1L} => {PAINE CU CARTOFI FELII BACHUS 1.2 KG}",0.000115138893486449,0.10443864229765,0.00110245490513275,1.70397140775741,80
"{SOS MAIONEZ UNIVER 420G} => {_BANANE}",0.000100746531800643,0.100286532951289,0.00100458684566927,1.30255887128674,70
"{CAFEA EDUSCHO DUPLA 250G} => {CARNE TOCATA PORC VRAC}",0.000152559033869545,0.125443786982249,0.00121615456245062,2.56149451801502,106
"{DETERGENT VASE FAIRY LEMON 400ML} => {CARNE TOCATA PORC VRAC}",0.000105064240306385,0.104285714285714,0.00100746531800643,2.12945807740912,73
"{DETERGENT VASE FAIRY LEMON 400ML} => {_BANANE}",0.000145362853026642,0.144285714285714,0.00100746531800643,1.87403663893822,101
"{CONSERVA HERING IN SOS TOMAT CLASSIC 170G} => {CARNE TOCATA PORC VRAC}",0.000120895838160771,0.113975576662144,0.00106071705624391,2.32731984445746,84
"{CONSERVA HERING IN SOS TOMAT CLASSIC 170G} => {_BANANE}",0.000106503476474965,0.100407055630936,0.00106071705624391,1.30412426477423,74
"{CAPPY BAUT.RAC.SUC DE GRAPEFRUIT CU PULPA 1.5L} => {_BANANE}",0.000145362853026642,0.104231166150671,0.00139461984735461,1.35379323762307,101
"{SARE DE LAMAIE ECOM 100G} => {BICARBONAT DE SODIU ECOM 150G}",0.000149680561532384,0.136304062909568,0.00109813719662701,47.5192347528276,104
"{SARE DE LAMAIE ECOM 100G} => {CARNE TOCATA PORC VRAC}",0.000133848963677997,0.121887287024902,0.00109813719662701,2.48887270578167,93
"{SARE DE LAMAIE ECOM 100G} => {_BANANE}",0.000119456601992191,0.108781127129751,0.00109813719662701,1.4128898267951,83
"{CIOLAN AFUMAT FARA OS ELIT} => {_MORCOVI}",0.00014248438068948,0.116470588235294,0.00122335074329352,3.38826322322598,99
"{CIOLAN AFUMAT FARA OS ELIT} => {CARNE TOCATA PORC VRAC}",0.000309435776244831,0.252941176470588,0.00122335074329352,5.16492249234604,215
"{ULEI RAFINAT DE FLOAREA SOARELUI BUNICA 1.8L} => {CARNE TOCATA PORC VRAC}",0.000109381948812126,0.108882521489971,0.00100458684566927,2.22332240291567,76
"{ULEI RAFINAT DE FLOAREA SOARELUI BUNICA 1.8L} => {_BANANE}",0.000128092019003674,0.127507163323782,0.00100458684566927,1.65611056492171,89
"{CIOCOLATA MILKA OREO BROWNIE 100G} => {_BANANE}",0.000158315978543867,0.130177514792899,0.00121615456245062,1.69079408516308,110
"{PATE DE PORC INTEGRAL SIBIU 120G} => {PAINE CU CARTOFI FELII BACHUS 1.2 KG}",0.000120895838160771,0.116343490304709,0.0010391285137152,1.89820526767214,84
"{PATE DE PORC INTEGRAL SIBIU 120G} => {_BANANE}",0.000153998270038125,0.14819944598338,0.0010391285137152,1.92486964505187,107
"{MARLBORO TOUCH 6} => {_BANANE}",0.000299361123064767,0.131979695431472,0.00226823620168304,1.71420147905089,208
"{PASTE CUS-CUS GYERMELYI 500G} => {_MORCOVI}",0.000123774310497933,0.118620689655172,0.00104344622222094,3.45081214375227,86
"{PASTE CUS-CUS GYERMELYI 500G} => {_BANANE}",0.00011801736582361,0.113103448275862,0.00104344622222094,1.46902974496489,82
"{MUSTAR CU HREAN LA MINUT 290G} => {PAINE CU CARTOFI FELII BACHUS 1.2 KG}",0.000130970491340836,0.109638554216867,0.00119456601992191,1.78881070706533,91
"{TELEMEA DE VACA COVALACT DE TARA VRAC} => {_BANANE}",0.000153998270038125,0.139322916666667,0.00110533337746991,1.80957797360345,107
"{KINDER DELICE PRAJITURA DE CACAO CU UMPLUTURA DE LAPTE 39G} => {_BANANE}",0.000181343757241157,0.15989847715736,0.00113411810084152,2.07682102269627,126
"{CONSERVA FILE DE HERING IN SOS TOMAT CLASSIC 170G} => {_BANANE}",0.000135288199846577,0.129655172413793,0.00104344622222094,1.68400970764267,94
"{MARGARINA MATINAL 500G} => {CARNE TOCATA PORC VRAC}",0.000171269104061093,0.14930991217064,0.00114707122635875,3.04882793090836,119
"{DR.OETKER DROJDIE USCATA 7G} => {DR.OETKER PRAF DE COPT 10G}",0.000138166672183739,0.142433234421365,0.000970045177623332,42.6387173235725,96
"{DR.OETKER DROJDIE USCATA 7G} => {DR.OETKER ZAHAR VANILINAT 8G}",0.000152559033869545,0.15727002967359,0.000970045177623332,29.962506478639,106
"{DR.OETKER DROJDIE USCATA 7G} => {CARNE TOCATA PORC VRAC}",0.000107942712643546,0.111275964391691,0.000970045177623332,2.27219521694197,75
"{DR.OETKER DROJDIE USCATA 7G} => {_BANANE}",0.000116578129655029,0.120178041543027,0.000970045177623332,1.56091719933891,81
"{PARIZER TARANESC DE PORC CRIS-TIM KG} => {PAINE CU CARTOFI FELII BACHUS 1.2 KG}",0.000128092019003674,0.101830663615561,0.00125789241133945,1.66142086316439,89
"{PARIZER TARANESC DE PORC CRIS-TIM KG} => {_BANANE}",0.000149680561532384,0.118993135011442,0.00125789241133945,1.54552719163856,104
"{BISCUITI CU CEREALE INTEGRALE KORPOVIT 174G} => {_BANANE}",0.00021156771678135,0.161184210526316,0.00131258338574552,2.0935206069431,147
"{ORBIT PROFESSIONAL WHITE SPEARMINT 12BUC 16.8G} => {_BANANE}",0.000191418410421221,0.108218063466233,0.00176882125118557,1.40557654605409,133
"{PASTA DE TON CU LEGUME HAME 100G} => {PASTA DE TON PICANT HAME 100G}",0.000143923616858061,0.129366106080207,0.00111252955831281,110.696123477718,100
"{PASTA DE TON PICANT HAME 100G} => {PASTA DE TON CU LEGUME HAME 100G}",0.000143923616858061,0.123152709359606,0.00116865976888746,110.696123477718,100
"{PASTA DE TON CU LEGUME HAME 100G} => {PAINE CU CARTOFI FELII BACHUS 1.2 KG}",0.000177026048735415,0.159120310478655,0.00111252955831281,2.59613159922523,123
"{PASTA DE TON CU LEGUME HAME 100G} => {_BANANE}",0.000119456601992191,0.107373868046572,0.00111252955831281,1.39461182127381,83
"{FAINA ALBA DE GRAU BL 55 KUNSAGI 1KG} => {CARNE TOCATA PORC VRAC}",0.000149680561532384,0.125755743651753,0.00119024831141617,2.56786450506673,104
"{DRAJEURI FRANTUZESTI BONBONETTI 70G} => {DRAJEURI CU ARAHIDE PRAJITE DUNAKAVICS BONBONETTI 70G}",0.000177026048735415,0.170124481327801,0.00104056774988378,148.312046731259,123
"{DRAJEURI CU ARAHIDE PRAJITE DUNAKAVICS BONBONETTI 70G} => {DRAJEURI FRANTUZESTI BONBONETTI 70G}",0.000177026048735415,0.154328732747804,0.00114707122635875,148.312046731259,123
"{DRAJEURI FRANTUZESTI BONBONETTI 70G} => {_BANANE}",0.000143923616858061,0.138312586445367,0.00104056774988378,1.79645542809355,100
"{DOMESTOS PINE FRESH 750ML} => {_BANANE}",0.000135288199846577,0.116480793060719,0.00116146358804455,1.51289595791938,94
"{BATISTE DE HARTIE SENSITIVE CLASSIC 3 STRATURI OOOPS 90BUC} => {_BANANE}",0.000208689244444189,0.19053876478318,0.00109525872428984,2.47478849939799,145
"{CREMA PATISERIE CU ZAHAR 25% MEGGLE 200ML} => {_BANANE}",0.0001410451445209,0.115839243498818,0.0012175937986192,1.50456327307495,98
"{PASTA DE TON PICANT HAME 100G} => {PASTA DE TON HAME 100G}",0.00014248438068948,0.12192118226601,0.00116865976888746,86.7066759608937,99
"{PASTA DE TON HAME 100G} => {PASTA DE TON PICANT HAME 100G}",0.00014248438068948,0.101330603889458,0.00140613373670326,86.7066759608937,99
"{PASTA DE TON PICANT HAME 100G} => {PAINE CU CARTOFI FELII BACHUS 1.2 KG}",0.000149680561532384,0.12807881773399,0.00116865976888746,2.08967331015373,104
"{OASE AFUMAT BERKE} => {CARNE TOCATA PORC VRAC}",0.000388593765516765,0.297029702970297,0.00130826567723978,6.06518644047083,270
"{BOIA DE ARDEI DULCE CAL II THYMOS 50G} => {CARNE TOCATA PORC VRAC}",0.0001410451445209,0.133514986376022,0.00105639934773817,2.72630405939057,98
"{BOIA DE ARDEI DULCE CAL II THYMOS 50G} => {_BANANE}",0.000106503476474965,0.100817438692098,0.00105639934773817,1.30945447294089,74
"{SOS CU PASTA DE TOMATE REGAL 380G} => {_MORCOVI}",0.000135288199846577,0.13782991202346,0.000981559066971977,4.00963049165787,94
"{SOS CU PASTA DE TOMATE REGAL 380G} => {CARNE TOCATA PORC VRAC}",0.000303678831570509,0.309384164222874,0.000981559066971977,6.31745788039462,211
"{SOS CU PASTA DE TOMATE REGAL 380G} => {PAINE CU CARTOFI FELII BACHUS 1.2 KG}",0.000106503476474965,0.108504398826979,0.000981559066971977,1.77030636505354,74
"{SPATE PUI REFR.VRAC SZEKELY CSURKE} => {_TELINA}",0.000149680561532384,0.108786610878661,0.00137590977716306,6.35713637211397,104
"{SPATE PUI REFR.VRAC SZEKELY CSURKE} => {_PATRUNJEL RADACINA KG}",0.000202932299769866,0.147489539748954,0.00137590977716306,7.27979325009519,141
"{SPATE PUI REFR.VRAC SZEKELY CSURKE} => {_MORCOVI}",0.000261940982681671,0.190376569037657,0.00137590977716306,5.53827311433434,182
"{SPATE PUI REFR.VRAC SZEKELY CSURKE} => {CARNE TOCATA PORC VRAC}",0.000166951395555351,0.121338912133891,0.00137590977716306,2.47767518607239,116
"{SALAM SARBESC GASTRO FELIAT FOX 100G} => {_BANANE}",0.000151119797700964,0.144230769230769,0.00104776393072668,1.87332299208409,105
"{JUMARI DE PORC AMBALAT BENEDEK 200G} => {CARNE TOCATA PORC VRAC}",0.000102185767969223,0.1,0.00102185767969223,2.04194610162518,71
"{JUMARI DE PORC AMBALAT BENEDEK 200G} => {PAINE CU CARTOFI FELII BACHUS 1.2 KG}",0.000106503476474965,0.104225352112676,0.00102185767969223,1.70049146615002,74
"{JUMARI DE PORC AMBALAT BENEDEK 200G} => {_BANANE}",0.000155437506206706,0.152112676056338,0.00102185767969223,1.97569613587686,108
"{BREF PB WC POWER AKTIV 4IN1 LEMON 50G} => {PAINE CU CARTOFI FELII BACHUS 1.2 KG}",0.000100746531800643,0.101156069364162,0.000995951428657783,1.65041450296157,70
"{BREF PB WC POWER AKTIV 4IN1 LEMON 50G} => {_BANANE}",0.000156876742375287,0.157514450867052,0.000995951428657783,2.04585640060359,109
"{REAL OREZ CAL B 500G} => {ELAN ULEI RAFINAT DE FLOAREA SOARELUI 1L}",0.000113699657317868,0.105614973262032,0.0010765486540983,10.7709755492606,79
"{REAL OREZ CAL B 500G} => {CARNE TOCATA PORC VRAC}",0.000307996540076251,0.286096256684492,0.0010765486540983,5.84193136026455,214
"{REAL OREZ CAL B 500G} => {PAINE CU CARTOFI FELII BACHUS 1.2 KG}",0.000136727436015158,0.127005347593583,0.0010765486540983,2.07215907992157,95
"{REAL OREZ CAL B 500G} => {_BANANE}",0.000109381948812126,0.101604278074866,0.0010765486540983,1.31967423613482,76
"{BATON CIOCOLATA SPORT 31G} => {_BANANE}",0.000162633687049609,0.120985010706638,0.00134424658145429,1.57139841562971,113
"{CARNATI FIERT AFUMAT CURCAN KINGA} => {CARNE TOCATA PORC VRAC}",0.000174147576398254,0.144047619047619,0.00120895838160771,2.94137474162675,121
"{KETCHUP DULCE TOMI 1KG} => {CARNE TOCATA PORC VRAC}",0.000120895838160771,0.125,0.00096716670528617,2.55243262703148,84
"{KETCHUP DULCE TOMI 1KG} => {_BANANE}",0.000103625004137804,0.107142857142857,0.000967166705286171,1.39161136554818,72
"{SANA 3.6% PROBIOTIC LACTIS 500G} => {PAINE CU CARTOFI FELII BACHUS 1.2 KG}",0.000175586812566835,0.10912343470483,0.00160906603647312,1.78040626115548,122
"{SANA 3.6% PROBIOTIC LACTIS 500G} => {_BANANE}",0.000267697927355994,0.166368515205725,0.00160906603647312,2.16085628854351,186
"{BATON OKE RUDI NATUR 23G} => {PAINE CU CARTOFI FELII BACHUS 1.2 KG}",0.000139605908352319,0.111238532110092,0.00125501393900229,1.8149151883485,97
"{BATON OKE RUDI NATUR 23G} => {_BANANE}",0.000145362853026642,0.115825688073394,0.00125501393900229,1.50438721015683,101
"{SALAM VICTORIA GROS CAMPOFRIO} => {CARNE TOCATA PORC VRAC}",0.000161194450881028,0.122941822173436,0.00131114414957694,2.51040574513743,112
"{SALAM VICTORIA GROS CAMPOFRIO} => {PAINE CU CARTOFI FELII BACHUS 1.2 KG}",0.000133848963677997,0.102085620197585,0.00131114414957694,1.66558061396573,93
"{ELAN CREMWURSTI PUI} => {PAINE CU CARTOFI FELII BACHUS 1.2 KG}",0.00014248438068948,0.115654205607477,0.001231986160305,1.88695922511501,99
"{ELAN CREMWURSTI PUI} => {_BANANE}",0.000185661465746899,0.150700934579439,0.001231986160305,1.95735991135515,129
"{MOGYI PORUMB PT.POPCORN MICRO CU UNT 100G} => {MOGYI PORUMB PT.POPCORN MICRO CU SARE 100G}",0.000286407997547542,0.256443298969072,0.00111684726681855,214.674864923612,199
"{MOGYI PORUMB PT.POPCORN MICRO CU SARE 100G} => {MOGYI PORUMB PT.POPCORN MICRO CU UNT 100G}",0.000286407997547542,0.239759036144578,0.00119456601992191,214.674864923612,199
"{MOGYI PORUMB PT.POPCORN MICRO CU UNT 100G} => {_BANANE}",0.000138166672183739,0.123711340206186,0.00111684726681855,1.60680899939584,96
"{COZONAC BACHUS 500G} => {APA MINERALA NATURALA CARBOGAZIFICATA CONTINUT REDUS CO2 TUSNAD 2L}",0.000153998270038125,0.100943396226415,0.00152559033869545,2.51747250402958,107
"{COZONAC BACHUS 500G} => {PAINE CU CARTOFI FELII BACHUS 1.2 KG}",0.000238913203984381,0.156603773584906,0.00152559033869545,2.55507297552832,166
"{COZONAC BACHUS 500G} => {_BANANE}",0.000194296882758382,0.127358490566038,0.00152559033869545,1.65417954772708,135
"{PRODUS ALIMENTAR PE BAZA CASC.KASCHA 145G} => {CARNE TOCATA PORC VRAC}",0.000153998270038125,0.131288343558282,0.0011729774773932,2.68083721317662,107
"{BREF PB WC POWER AKTIV 4IN1 OCEAN 50G} => {_BANANE}",0.000136727436015158,0.132867132867133,0.00102905386053514,1.72572784725322,95
"{DANONE ACTIVIA MUSLI PIERSICI 125G} => {DANONE ACTIVIA FIBRE MUSLI CAPSUNI 125G}",0.000338220499616444,0.303225806451613,0.00111540803064997,197.455700335581,235
"{DANONE ACTIVIA FIBRE MUSLI CAPSUNI 125G} => {DANONE ACTIVIA MUSLI PIERSICI 125G}",0.000338220499616444,0.220243673851921,0.00153566499187551,197.455700335581,235
"{DANONE ACTIVIA MUSLI PIERSICI 125G} => {DANONE ACTIVIA NATUR 125G}",0.000135288199846577,0.121290322580645,0.00111540803064997,9.55596925991902,94
"{DANONE ACTIVIA MUSLI PIERSICI 125G} => {_BANANE}",0.000253305565670188,0.227096774193548,0.00111540803064997,2.94961755243933,176
"{DANONE ACTIVIA DE BAUT CAPSUNI&KIWI 320G} => {BISCUITI MEGA SANDVIS CU CREMA DE CACAO FEINY 500G}",0.000120895838160771,0.102065613608748,0.00118449136674184,73.9483995707355,84
"{DANONE ACTIVIA DE BAUT CAPSUNI&KIWI 320G} => {IAURT 2.8% PROBIOTIC LACTIS 500G}",0.000153998270038125,0.130012150668287,0.00118449136674184,62.6885027357976,107
"{DANONE ACTIVIA DE BAUT CAPSUNI&KIWI 320G} => {_BANANE}",0.00023459549547864,0.198055893074119,0.00118449136674184,2.57242376361357,163
"{PATE DE PORC ARDEALUL 100G} => {_BANANE}",0.000158315978543867,0.138888888888889,0.00113987504551584,1.80394065904394,110
"{BREF PB WC POWER AKTIV 4IN1 PINE FRESHNESS 50G} => {_BANANE}",0.000152559033869545,0.140957446808511,0.00108230559877262,1.83080786034885,106
"{PAINE CU SEMINTE COUNTRY 500G} => {_BANANE}",0.00023603473164722,0.141501294219154,0.00166807471938493,1.83787155323476,164
"{SUNCA PRAGA EXTRA FELIAT FOX 125G} => {PAINE CU CARTOFI FELII BACHUS 1.2 KG}",0.000143923616858061,0.143266475644699,0.00100458684566927,2.3374679411572,100
"{SUNCA PRAGA EXTRA FELIAT FOX 125G} => {_BANANE}",0.0001410451445209,0.140401146131805,0.00100458684566927,1.82358241980144,98
"{ELAN BICARBONAT DE SODIU 150G} => {CARNE TOCATA PORC VRAC}",0.0001410451445209,0.120987654320988,0.00116578129655029,2.47050269085516,98
"{ELAN BICARBONAT DE SODIU 150G} => {_BANANE}",0.000125213546666513,0.107407407407407,0.00116578129655029,1.39504744299398,87
"{GOBE CIOLAN AFUMAT FARA OS UDVARHELYI} => {_MORCOVI}",0.0001410451445209,0.110112359550562,0.00128092019003674,3.2032950459054,98
"{GOBE CIOLAN AFUMAT FARA OS UDVARHELYI} => {CARNE TOCATA PORC VRAC}",0.000335342027279282,0.261797752808989,0.00128092019003674,5.34576900762547,233
"{DESERT LIEGEOIS CIOCOLATA 175G} => {CARNE TOCATA PORC VRAC}",0.000123774310497933,0.106435643564356,0.00116290282421313,2.17335847450205,86
"{DESERT LIEGEOIS CIOCOLATA 175G} => {_BANANE}",0.000179904521072576,0.15470297029703,0.00116290282421313,2.00933984299449,125
"{KENT 100 S} => {PAINE CU CARTOFI FELII BACHUS 1.2 KG}",0.000555545161072116,0.295785440613027,0.0018782031999977,4.82589511456016,386
"{PASTE SPIRALE CU 4 OUA GYERMELYI 500G} => {PAINE CU CARTOFI FELII BACHUS 1.2 KG}",0.000120895838160771,0.110526315789474,0.00109381948812126,1.80329500428854,84
"{PASTE SPIRALE CU 4 OUA GYERMELYI 500G} => {_BANANE}",0.000129531255172255,0.118421052631579,0.00109381948812126,1.53809677244799,90
"{PATE DIN FICAT DE RATA HAME 105G} => {LD RED}",0.000207250008275608,0.178217821782178,0.00116290282421313,61.029107642159,144
"{PATE DIN FICAT DE RATA HAME 105G} => {FRANZELA ALBA COUNTRY 1KG}",0.000182782993409738,0.157178217821782,0.00116290282421313,11.8474147384906,127
"{PATE DIN FICAT DE RATA HAME 105G} => {_BANANE}",0.000129531255172255,0.111386138613861,0.00116290282421313,1.44672468695603,90
"{CHIPS DIN CARTOFI CU SARE CSIKI CSIPSZ 100G} => {_BANANE}",0.000151119797700964,0.102140077821012,0.00147953478130087,1.32663340295449,105
"{TURTA DULCE CU GLAZ.DE CACAO END-IBO 180G} => {PAINE DE CASA CU CARTOFI DOBOI KG}",0.000175586812566835,0.124362895005097,0.00141189068137758,3.71284132544908,122
"{TURTA DULCE CU GLAZ.DE CACAO END-IBO 180G} => {_BANANE}",0.000205810772107027,0.145769622833843,0.00141189068137758,1.89331019628098,143
"{MOGYI ALUNE PRAJITE SI SARATE 300G} => {_BANANE}",0.000120895838160771,0.106734434561626,0.00113267886467294,1.38630662082563,84
"{SUNCA DE PASARE VRAC KINGA} => {CARNE TOCATA PORC VRAC}",0.000138166672183739,0.109464082098062,0.0012622101198452,2.23519755708115,96
"{SUNCA DE PASARE VRAC KINGA} => {_BANANE}",0.000136727436015158,0.108323831242873,0.0012622101198452,1.40695029736152,95
"{SALAM DANEZ FELIAT KAISER 75G} => {PAINE CU CARTOFI FELII BACHUS 1.2 KG}",0.000130970491340836,0.121820615796519,0.00107510941792972,1.98756745229482,91
"{SALAM DANEZ FELIAT KAISER 75G} => {_BANANE}",0.000208689244444189,0.194109772423025,0.00107510941792972,2.52117007769996,145
"{COMPOT DE VISINE FARA SAMBURI KATO/ERVOLGYE 680G} => {_BANANE}",0.00018853993808406,0.147522522522523,0.00127804171769958,1.91607751082235,131
"{SMANTANA 36% GRASIME VRAC LACTIS} => {CARNE TOCATA PORC VRAC}",0.000151119797700964,0.102040816326531,0.00148097401746945,2.0836184710461,105
"{DR.OETKER BUDINCA CAPSUNI 40G} => {DR.OETKER BUDINCA FRISCA 40G}",0.000135288199846577,0.133903133903134,0.00101034379034359,136.61914563383,94
"{DR.OETKER BUDINCA FRISCA 40G} => {DR.OETKER BUDINCA CAPSUNI 40G}",0.000135288199846577,0.138032305433186,0.000980119830803396,136.61914563383,94
"{DR.OETKER BUDINCA CAPSUNI 40G} => {DR.OETKER BUDINCA VANILIE 40G}",0.000279211816704639,0.276353276353276,0.00101034379034359,80.0391200512084,194
"{DR.OETKER BUDINCA CAPSUNI 40G} => {CARNE TOCATA PORC VRAC}",0.000107942712643546,0.106837606837607,0.00101034379034359,2.18156634789015,75
"{DR.OETKER BUDINCA CAPSUNI 40G} => {_BANANE}",0.000143923616858061,0.142450142450142,0.00101034379034359,1.85019554773737,100
"{NESCAFE 3IN1 STRONG 14G} => {_BANANE}",0.000189979174252641,0.110924369747899,0.00171269104061093,1.44072706080282,132
"{BRANZA CIOCOLATA POTTYOS CU CR.DE CAPSUNI 30G} => {_BANANE}",0.000158315978543867,0.121951219512195,0.00129819102405971,1.5839478957459,110
"{CAFEA JACOBS 3IN1 CARAMEL 16.9G} => {_BANANE}",0.000169829867892512,0.121025641025641,0.0014032552643661,1.57192613735767,118
"{DR.OETKER BUDINCA FRISCA 40G} => {DR.OETKER BUDINCA VANILIE 40G}",0.000218763897624253,0.223201174743025,0.000980119830803396,64.6448844629952,152
"{DR.OETKER BUDINCA FRISCA 40G} => {CARNE TOCATA PORC VRAC}",0.000109381948812126,0.111600587371512,0.000980119830803396,2.2788238432234,76
"{DR.OETKER BUDINCA FRISCA 40G} => {_BANANE}",0.000135288199846577,0.138032305433186,0.000980119830803396,1.79281503383398,94
"{DRAJEURI CU ARAHIDE PRAJITE DUNAKAVICS BONBONETTI 70G} => {_BANANE}",0.000169829867892512,0.148055207026349,0.00114707122635875,1.92299621571359,118
"{OREGANO MACINAT MARCO POLO 7G} => {CARNE TOCATA PORC VRAC}",0.000155437506206706,0.148760330578512,0.00104488545838952,3.03760577101266,108
"{CONSERVA HRANA COMPLETA PT.PISICI ADULTE CU VITA RENO 415G} => {PAINE CU CARTOFI FELII BACHUS 1.2 KG}",0.000166951395555351,0.142857142857143,0.00116865976888746,2.33078946132532,116
"{CIOCOLATA MILKA ALUNE MARUNTIT 100G} => {_BANANE}",0.000210128480612769,0.167048054919908,0.00125789241133945,2.16968240364644,146
"{SMANTANA 25% GRASIME GORDON 500G} => {CARNE TOCATA PORC VRAC}",0.000128092019003674,0.109336609336609,0.00117153824122462,2.23259463199805,89
"{SMANTANA 25% GRASIME GORDON 500G} => {_BANANE}",0.000138166672183739,0.117936117936118,0.00117153824122462,1.5317982598663,96
"{PREPARAT CU GRASIMI VEGETALE SUB FORMA DE SPRAY MEGGLE UHT 250G} => {CARNE TOCATA PORC VRAC}",0.000149680561532384,0.116201117318436,0.00128811637087965,2.3727641851287,104
"{PREPARAT CU GRASIMI VEGETALE SUB FORMA DE SPRAY MEGGLE UHT 250G} => {_BANANE}",0.000179904521072576,0.139664804469274,0.00128811637087965,1.81401853982072,125
"{CREMA GULAS DULCE UNIVER 70G RO} => {_MORCOVI}",0.000103625004137804,0.101408450704225,0.00102185767969223,2.95008833776398,72
"{CREMA GULAS DULCE UNIVER 70G RO} => {CARNE TOCATA PORC VRAC}",0.00011801736582361,0.115492957746479,0.00102185767969223,2.35830394835584,82
"{UNT 82% GRASIME MAGYAR 100G} => {_BANANE}",0.000162633687049609,0.1281179138322,0.0012694063006881,1.66404322017931,113
"{CAPPY BAUT.RAC.SUC DE PORTOCALE CU PULPA 1.5L} => {_BANANE}",0.000215885425287092,0.153846153846154,0.0014032552643661,1.99821119155636,150
"{MARGARINA CUB 60% GRASIME FALUSI 250G} => {DROJDIE PROASPATA BRAVO 50G}",0.000181343757241157,0.144495412844037,0.00125501393900229,20.518555341182,126
"{MARGARINA CUB 60% GRASIME FALUSI 250G} => {CARNE TOCATA PORC VRAC}",0.000158315978543867,0.126146788990826,0.00125501393900229,2.57584944012351,110
"{SMANTANA 20% GRASIME BOMILACT 450G} => {CARNE TOCATA PORC VRAC}",0.000179904521072576,0.134264232008593,0.00133992887294855,2.74160325137645,125
"{SMANTANA 20% GRASIME BOMILACT 450G} => {PAINE CU CARTOFI FELII BACHUS 1.2 KG}",0.000136727436015158,0.102040816326531,0.00133992887294855,1.66484961523237,95
"{PIPER MACINAT ECOM 250G} => {CARNE TOCATA PORC VRAC}",0.000158315978543867,0.132530120481928,0.00119456601992191,2.70619362865988,110
"{OREZ CU LAPTE CU CIOCOLATA MULLER RISO 200G} => {PAINE CU CARTOFI FELII BACHUS 1.2 KG}",0.0001410451445209,0.115294117647059,0.00122335074329352,1.88108420055196,98
"{OREZ CU LAPTE CU CIOCOLATA MULLER RISO 200G} => {_BANANE}",0.000195736118926963,0.16,0.00122335074329352,2.07813963921862,136
"{_CEAPA DE APA} => {_CEAPA GALBENA}",0.000152559033869545,0.113006396588486,0.00135000352612861,6.41751642279001,106
"{_CEAPA DE APA} => {_ARDEI ROSU CAPIA}",0.000145362853026642,0.107675906183369,0.00135000352612861,4.69734535084982,101
"{_CEAPA DE APA} => {_MORCOVI}",0.000148241325363803,0.109808102345416,0.00135000352612861,3.19444385425077,103
"{_CEAPA DE APA} => {_BANANE}",0.000143923616858061,0.106609808102345,0.00135000352612861,1.38468792591859,100
"{ULEI VENUSZ 1L} => {_BANANE}",0.000130970491340836,0.106060606060606,0.00123486463264216,1.3775546850881,91
"{7DAYS CROISSANT CU CREMA DE CACAO 85G} => {_BANANE}",0.000198614591264124,0.107981220657277,0.00183934382344602,1.40250034336937,138
"{KNORR DELIKAT LEGUME GUSTUL DE ACASA 75G} => {_MORCOVI}",0.000175586812566835,0.153266331658291,0.00114563199019017,4.45869367352589,122
"{KNORR DELIKAT LEGUME GUSTUL DE ACASA 75G} => {CARNE TOCATA PORC VRAC}",0.000256184038007349,0.223618090452261,0.00114563199019017,4.56616088051862,178
"{KNORR DELIKAT LEGUME GUSTUL DE ACASA 75G} => {_BANANE}",0.000119456601992191,0.10427135678392,0.00114563199019017,1.35431524854857,83
"{MOGYI PORUMB PT.POPCORN MICRO CU SARE 100G} => {PAINE CU CARTOFI FELII BACHUS 1.2 KG}",0.000122335074329352,0.102409638554217,0.00119456601992191,1.67086714396213,85
"{MOGYI PORUMB PT.POPCORN MICRO CU SARE 100G} => {_BANANE}",0.000159755214712448,0.133734939759036,0.00119456601992191,1.73699924663604,111
"{APA MINERALA NATURALA PLATA PERLA HARGHITEI PET 1L} => {_BANANE}",0.000287847233716122,0.115473441108545,0.00249275704398162,1.49981209527903,200
"{BISCUITI CU COCOS GYORI EDES 180G} => {_BANANE}",0.000220203133792833,0.16259298618491,0.00135432123463436,2.11181831031116,153
"{LAPTE 3.5% COVALACT CUTIE 1L} => {APA MINERALA NATURALA CARBOGAZIFICATA CONTINUT REDUS CO2 TUSNAD 2L}",0.000230277786972898,0.160642570281124,0.00143347922390629,4.00633690541059,160
"{LAPTE 3.5% COVALACT CUTIE 1L} => {PAINE CU CARTOFI FELII BACHUS 1.2 KG}",0.000146802089195222,0.102409638554217,0.00143347922390629,1.67086714396213,102
"{LAPTE 3.5% COVALACT CUTIE 1L} => {_BANANE}",0.000197175355095544,0.137550200803213,0.00143347922390629,1.78655327919773,137
"{ELAN CONSERVA MAZARE VERDE BOABE 420G} => {COTLET PORC FARA OS}",0.000132409727509416,0.100108813928183,0.00132265803892558,5.3492967262849,92
"{ELAN CONSERVA MAZARE VERDE BOABE 420G} => {_MORCOVI}",0.00018853993808406,0.142546245919478,0.00132265803892558,4.14683406322434,131
"{ELAN CONSERVA MAZARE VERDE BOABE 420G} => {CARNE TOCATA PORC VRAC}",0.000156876742375287,0.11860718171926,0.00132265803892558,2.42189472336392,109
"{ELAN CONSERVA MAZARE VERDE BOABE 420G} => {_BANANE}",0.000135288199846577,0.102285092491839,0.00132265803892558,1.32851690755271,94
"{SANA 3.6% PROBIOTIC LACTIS 900G} => {_BANANE}",0.00016407292321819,0.105751391465677,0.0015514965897299,1.37353849067093,114
"{NAPOLITANE CU CREMA DE FRUCTE DE PADURE&FRISCA ALFERS 170G} => {_BANANE}",0.000207250008275608,0.142433234421365,0.001455067766435,1.84997593995723,144
"{GIANA TON MARUNTIT IN ULEI VEGETAL 170G} => {CORN CU CASCAVAL PANOS 80G}",0.000151119797700964,0.118912797281993,0.00127084553685668,5.48547054958794,105
"{GIANA TON MARUNTIT IN ULEI VEGETAL 170G} => {PAINE CU CARTOFI FELII BACHUS 1.2 KG}",0.000151119797700964,0.118912797281993,0.00127084553685668,1.94012486305109,105
"{GIANA TON MARUNTIT IN ULEI VEGETAL 170G} => {_BANANE}",0.000149680561532384,0.117780294450736,0.00127084553685668,1.52977436635572,104
"{DANONE IAURT DELICIOS FRUCTE DE PADURE 125G} => {DANONE IAURT DELICIOS CAISE 125G}",0.000254744801838768,0.197324414715719,0.00129099484321681,98.9917462540599,177
"{DANONE IAURT DELICIOS CAISE 125G} => {DANONE IAURT DELICIOS FRUCTE DE PADURE 125G}",0.000254744801838768,0.127797833935018,0.00199334209348415,98.9917462540599,177
"{DANONE IAURT DELICIOS FRUCTE DE PADURE 125G} => {DANONE IAURT DELICIOS CAPSUNI 125G}",0.000341098971953605,0.264214046822742,0.00129099484321681,94.5797807908553,237
"{DANONE IAURT DELICIOS CAPSUNI 125G} => {DANONE IAURT DELICIOS FRUCTE DE PADURE 125G}",0.000341098971953605,0.12210200927357,0.00279355740321497,94.5797807908553,237
"{DANONE IAURT DELICIOS FRUCTE DE PADURE 125G} => {_BANANE}",0.000231717023141478,0.179487179487179,0.00129099484321681,2.33124639014909,161
"{SUNCA PRAGA PREMIA ELIT} => {PAINE CU CARTOFI FELII BACHUS 1.2 KG}",0.000155437506206706,0.115631691648822,0.00134424658145429,1.88659189803206,108
"{SUNCA PRAGA PREMIA ELIT} => {_BANANE}",0.000171269104061093,0.127408993576017,0.00134424658145429,1.65483549964545,119
"{ELAN GALUSTE CU PRUNE CONG.800G} => {CARNE TOCATA PORC VRAC}",0.0001410451445209,0.105037513397642,0.00134280734528571,2.14480941006718,98
"{ELAN GALUSTE CU PRUNE CONG.800G} => {_BANANE}",0.000172708340229673,0.128617363344051,0.00134280734528571,1.67053025660661,120
"{CORN CU TARATA SI MAC HARMOPAN 100G} => {_BANANE}",0.00021156771678135,0.10880829015544,0.00194440806375241,1.41324263029764,147
"{BERE HEINEKEN DOZA 500ML} => {APA MINERALA NATURALA DECARBOGAZIFICATA PARTIAL PERLA HARGHITEI 2L}",0.000256184038007349,0.166666666666667,0.00153710422804409,17.3252792738879,178
"{BERE HEINEKEN DOZA 500ML} => {APA MINERALA NATURALA CARBOGAZOASA PERLA HARGHITEI  2L}",0.000297921886896186,0.193820224719101,0.00153710422804409,12.0004287825479,207
"{BERE HEINEKEN DOZA 500ML} => {LAPTE DE CONSUM 3.5% GRASIME FRISS CUTIE 1L}",0.00016551215938677,0.107677902621723,0.00153710422804409,6.38361830668149,115
"{BERE HEINEKEN DOZA 500ML} => {PAINE CU CARTOFI FELII BACHUS 1.2 KG}",0.000179904521072576,0.117041198501873,0.00153710422804409,1.90958874406335,125
"{BISCUITI CU CACAO GYORI EDES 180G} => {_BANANE}",0.000207250008275608,0.144288577154309,0.00143635769624345,1.87407382294264,144
"{GOBE GRIS 500G} => {_MORCOVI}",0.000132409727509416,0.107351225204201,0.00123342539647358,3.12297047554037,92
"{GOBE GRIS 500G} => {_BANANE}",0.000133848963677997,0.108518086347725,0.00123342539647358,1.40947335507097,93
"{_FASOLE ALB MARE KG} => {_CEAPA GALBENA}",0.000153998270038125,0.102588686481304,0.00150112332382958,5.82590543687243,107
"{_FASOLE ALB MARE KG} => {_MORCOVI}",0.000231717023141478,0.154362416107383,0.00150112332382958,4.49058002942634,161
"{_FASOLE ALB MARE KG} => {_BANANE}",0.000162633687049609,0.108341323106424,0.00150112332382958,1.40717748820532,113
"{L&M RED KS 23 S} => {PAINE ALBA SECUIASCA CU CARTOFI FEL.HARMOPAN 500G}",0.000407303835708313,0.188792528352235,0.00215741501670234,38.5470182198064,283
"{UNT 80% GRASIME FRISS 200G} => {LAPTE DE CONSUM 3.5% GRASIME FRISS CUTIE 1L}",0.000162633687049609,0.130184331797235,0.00124925699432797,7.71789813387647,113
"{UNT 80% GRASIME FRISS 200G} => {_BANANE}",0.000189979174252641,0.152073732718894,0.00124925699432797,1.97519032529419,132
"{PIPER MACINAT ECOM 50G} => {COTLET PORC FARA OS}",0.0001410451445209,0.126614987080103,0.00111396879448139,6.76564938999368,98
"{PIPER MACINAT ECOM 50G} => {CARNE TOCATA PORC VRAC}",0.00025906251034451,0.232558139534884,0.00111396879448139,4.7487118642446,180
"{RULADA PUI PETRY} => {PAINE CU CARTOFI FELII BACHUS 1.2 KG}",0.000146802089195222,0.117511520737327,0.00124925699432797,1.91726229883212,102
"{RULADA PUI PETRY} => {_BANANE}",0.000201493063601286,0.161290322580645,0.00124925699432797,2.09489882985748,140
"{GILLETTE RASOARE 2 2BUC} => {_BANANE}",0.000148241325363803,0.118119266055046,0.00125501393900229,1.53417705590251,103
"{ELAN CASTRAVETI IN OTET 870G} => {CARNE TOCATA PORC VRAC}",0.000145362853026642,0.104771784232365,0.00138742366651171,2.13938336373593,101
"{BRANZA TOPITA CU SMANTANA HOCHLAND 140G} => {_BANANE}",0.000202932299769866,0.174289245982695,0.00116434206038171,2.26373369228851,141
"{BISCUITI PETIT BEURRE ROSTAR 300G} => {_BANANE}",0.000208689244444189,0.141325536062378,0.00147665630896371,1.83558874078155,145
"{BONDUELLE MAZARE VERDE 545G} => {_MORCOVI}",0.000129531255172255,0.109356014580802,0.00118449136674184,3.18129210178072,90
"{BONDUELLE MAZARE VERDE 545G} => {PAINE CU CARTOFI FELII BACHUS 1.2 KG}",0.000125213546666513,0.105710814094775,0.00118449136674184,1.72472756008155,87
"{BONDUELLE MAZARE VERDE 545G} => {_BANANE}",0.000152559033869545,0.128797083839611,0.00118449136674184,1.67286453339287,106
"{_POMELO^2 A nu se consuma coaja} => {PAINE CU CARTOFI FELII BACHUS 1.2 KG}",0.000136727436015158,0.100529100529101,0.00136007817930868,1.64018517648819,95
"{_POMELO^2 A nu se consuma coaja} => {_BANANE}",0.000299361123064767,0.22010582010582,0.00136007817930868,2.85881643490392,208
"{BRANZA APERITIV HARLAU GORDON 300G} => {_BANANE}",0.00011801736582361,0.1025,0.00115138893486449,1.33130820637443,82
"{ELAN CONSERVA SUNCA 300G} => {ELAN CONSERVA CARNE PRESATA 300G}",0.000155437506206706,0.117009750812568,0.0013284149835999,83.9008214564836,108
"{ELAN CONSERVA CARNE PRESATA 300G} => {ELAN CONSERVA SUNCA 300G}",0.000155437506206706,0.111455108359133,0.00139461984735461,83.9008214564836,108
"{ELAN CONSERVA SUNCA 300G} => {CARNE TOCATA PORC VRAC}",0.000185661465746899,0.1397616468039,0.0013284149835999,2.8538574984794,129
"{ELAN CONSERVA SUNCA 300G} => {_BANANE}",0.00014248438068948,0.107258938244854,0.0013284149835999,1.39311907016958,99
"{ELAN CARNATI POLONEZ DE PUI} => {_BANANE}",0.000166951395555351,0.115653040877368,0.00144355387708635,1.50214480402143,116
"{SARATELE ELEKES 120G} => {PAINE CU CARTOFI FELII BACHUS 1.2 KG}",0.000151119797700964,0.105210420841683,0.00143635769624345,1.71656338083578,105
"{SARATELE ELEKES 120G} => {_BANANE}",0.000263380218850252,0.183366733466934,0.00143635769624345,2.38163548332294,183
"{ELAN SACI MENAJERI 30L 20BUC} => {_BANANE}",0.000133848963677997,0.104966139954853,0.00127516324536242,1.36333935134969,93
"{HARTIE IGIENICA ALB CU TUB 10+2ROLE GYEMANT} => {CARNE TOCATA PORC VRAC}",0.000145362853026642,0.113483146067416,0.00128092019003674,2.3172646771252,101
"{HARTIE IGIENICA ALB CU TUB 10+2ROLE GYEMANT} => {_BANANE}",0.000169829867892512,0.132584269662921,0.00128092019003674,1.72205391452105,118
"{MASLINE NEGRE FARA SAMBURI COLOSAL ELITA 121/140} => {_BANANE}",0.000149680561532384,0.128872366790582,0.00116146358804455,1.67384233642144,104
"{MAC MACINAT BACKMIT 200G} => {DROJDIE PROASPATA BRAVO 50G}",0.000146802089195222,0.111842105263158,0.00131258338574552,15.8817389503802,102
"{MAC MACINAT BACKMIT 200G} => {CARNE TOCATA PORC VRAC}",0.000132409727509416,0.100877192982456,0.00131258338574552,2.05985790953417,92
"{KETCHUP DULCE TOMI 500G} => {CARNE TOCATA PORC VRAC}",0.000129531255172255,0.106888361045131,0.00121183685394487,2.18260272145209,90
"{KETCHUP DULCE TOMI 500G} => {PAINE CU CARTOFI FELII BACHUS 1.2 KG}",0.000162633687049609,0.134204275534442,0.00121183685394487,2.18961337756333,113
"{KETCHUP DULCE TOMI 500G} => {_BANANE}",0.000138166672183739,0.114014251781473,0.00121183685394487,1.48085960039331,96
"{NAPOLITANE CU CREMA DE CIOCOLATA ROSHEN 72G} => {NAPOLITANE CU CREMA DE LAPTE ROSHEN 72G}",0.000218763897624253,0.136445242369838,0.0016033090917988,90.1178024588541,152
"{NAPOLITANE CU CREMA DE LAPTE ROSHEN 72G} => {NAPOLITANE CU CREMA DE CIOCOLATA ROSHEN 72G}",0.000218763897624253,0.144486692015209,0.0015140764493468,90.1178024588541,152
"{NAPOLITANE CU CREMA DE CIOCOLATA ROSHEN 72G} => {_BANANE}",0.000250427093333026,0.156193895870736,0.0016033090917988,2.02870454008101,174
"{BISCUITI MEGA SANDVIS CU CREMA DE CACAO FEINY 500G} => {_BANANE}",0.000238913203984381,0.173096976016684,0.00138022748566881,2.24824804555716,166
"{MUSCHI FILE AFUMAT CRIS-TIM} => {_BANANE}",0.00021300695294993,0.149043303121853,0.00142916151540055,1.93582997610999,148
"{CREMA GULAS DULCE UNIVER 160G} => {_MORCOVI}",0.000146802089195222,0.123636363636364,0.001187369839079,3.59672386230417,102
"{CREMA GULAS DULCE UNIVER 160G} => {CARNE TOCATA PORC VRAC}",0.000132409727509416,0.111515151515152,0.001187369839079,2.27707928908505,92
"{NAPOLITANE CU CREMA DE LAPTE ROSHEN 72G} => {_BANANE}",0.000228838550804317,0.151140684410646,0.0015140764493468,1.96307154607747,159
"{_PEPENE GALBEN} => {_BANANE}",0.000257623274175929,0.163470319634703,0.00157596360459577,2.12321344417884,179
"{PATE DE PORC CU FICAT OCSI 500G} => {CARNE TOCATA PORC VRAC}",0.000256184038007349,0.194111232279171,0.00131977956658842,3.96364674034113,178
"{CARNATI DE CURCAN PROMO} => {CARNE TOCATA PORC VRAC}",0.000270576399693155,0.176691729323308,0.00153134728336977,3.60794987881141,188
"{PAINE INTEGRALA RIP-ROP 500G} => {_BANANE}",0.000243230912490123,0.115595075239398,0.00210416327846485,1.50139192470907,169
"{UNT DE MASA 65% GRASIME COVALACT 180G} => {PAINE DE CASA CU CARTOFI DOBOI KG}",0.000184222229578318,0.132368148914168,0.00139174137501745,3.95183735021267,128
"{UNT DE MASA 65% GRASIME COVALACT 180G} => {_BANANE}",0.000207250008275608,0.148914167528438,0.00139174137501745,1.93415271488806,144
"{MARGARINA NATUR BORDS EVE 500G} => {PAINE CU CARTOFI FELII BACHUS 1.2 KG}",0.000185661465746899,0.122507122507123,0.00151551568551538,1.99876817053824,129
"{CASCAVAL CIUC FRISS 400G} => {CARNE TOCATA PORC VRAC}",0.000119456601992191,0.107373868046572,0.00111252955831281,2.19251651274114,83
"{CASCAVAL CIUC FRISS 400G} => {PAINE CU CARTOFI FELII BACHUS 1.2 KG}",0.000148241325363803,0.133247089262613,0.00111252955831281,2.17399637983901,103
"{CASCAVAL CIUC FRISS 400G} => {_BANANE}",0.000195736118926963,0.175937904269082,0.00111252955831281,2.28514708064143,136
"{DROPSURI CU GUST DE MENTHOL EUCALYPTUS BIM BOM ROSHEN 200G} => {_BANANE}",0.000240352440152962,0.154772937905468,0.00155293582589848,2.01024860837297,167
"{SALAM DE VARA GASTRO CAROLI} => {PAINE CU CARTOFI FELII BACHUS 1.2 KG}",0.000171269104061093,0.11598440545809,0.00147665630896371,1.89234660943859,119
"{SALAM DE VARA GASTRO CAROLI} => {_BANANE}",0.000172708340229673,0.116959064327485,0.00147665630896371,1.51910792340542,120
"{ULEI RAZA SOARELUI 1L} => {CARNE TOCATA PORC VRAC}",0.000238913203984381,0.178686759956943,0.00133705040061139,3.64868732906114,166
"{ULEI RAZA SOARELUI 1L} => {_BANANE}",0.00014248438068948,0.106566200215285,0.00133705040061139,1.38412153042682,99
"{ELAN PUNGI CONG.HDPE ROLATE 350*250 150BUC/ROLA} => {CARNE TOCATA PORC VRAC}",0.00014248438068948,0.106109324758842,0.00134280734528571,2.16669522037399,99
"{SUNCA PRESATA PIEPT PUI CAROLI} => {PAINE CU CARTOFI FELII BACHUS 1.2 KG}",0.000155437506206706,0.111570247933884,0.00139318061118603,1.82032730657225,108
"{SUNCA PRESATA PIEPT PUI CAROLI} => {_BANANE}",0.000184222229578318,0.132231404958678,0.00139318061118603,1.71747077621373,128
"{ULEI RAFINAT DE FLOAREA SOARELUI OLPO 1L} => {CARNE TOCATA PORC VRAC}",0.000225960078467156,0.158746208291203,0.00142340457072622,3.24151201168001,157
"{ULEI RAFINAT DE FLOAREA SOARELUI OLPO 1L} => {_BANANE}",0.000149680561532384,0.1051567239636,0.00142340457072622,1.36581472749454,104
"{KINDER CIOCOLATA COUNTRY 23.5G} => {PAINE CU CARTOFI FELII BACHUS 1.2 KG}",0.000162633687049609,0.113340020060181,0.00143491846007487,1.84920207011868,113
"{KINDER CIOCOLATA COUNTRY 23.5G} => {_BANANE}",0.000207250008275608,0.144433299899699,0.00143491846007487,1.87595353590447,144
"{ELAN CONSERVA CARNE PRESATA 300G} => {CARNE TOCATA PORC VRAC}",0.000210128480612769,0.150670794633643,0.00139461984735461,3.07661641730935,146
"{SALAM ALPESI KRASNO} => {_BANANE}",0.000175586812566835,0.115749525616698,0.00151695492168396,1.50339798378007,122
"{CIOCOLATA MILKA DESERT 100G} => {_BANANE}",0.000223081606129995,0.15625,0.00142772227923197,2.02943324142443,155
"{LD RED} => {PAINE CU CARTOFI FELII BACHUS 1.2 KG}",0.000336781263447863,0.115327747658945,0.00292021018605006,1.88163289189299,234
"{LAPTE UHT PT.CAFEA 10% GRASIME MEGGLE 10*10G} => {_BANANE}",0.000302239595401928,0.195530726256983,0.00154573964505558,2.53962595574901,210
"{BRANZA TOPITA CU SMANTANA ALBALACT 125G} => {CARNE TOCATA PORC VRAC}",0.000149680561532384,0.109820485744456,0.00136295665164584,2.24247512744476,104
"{BRANZA TOPITA CU SMANTANA ALBALACT 125G} => {PAINE CU CARTOFI FELII BACHUS 1.2 KG}",0.000179904521072576,0.131995776135164,0.00136295665164584,2.15358054768707,125
"{BRANZA TOPITA CU SMANTANA ALBALACT 125G} => {_BANANE}",0.000171269104061093,0.125659978880676,0.00136295665164584,1.63211864484567,119
"{_GOGOSARI} => {_ARDEI ROSU CAPIA}",0.000156876742375287,0.102636534839925,0.00152846881103261,4.47750352745229,109
"{_GOGOSARI} => {PAINE CU CARTOFI FELII BACHUS 1.2 KG}",0.000197175355095544,0.129001883239171,0.00152846881103261,2.10473360961486,137
"{_GOGOSARI} => {_BANANE}",0.000189979174252641,0.124293785310734,0.00152846881103261,1.61437401351729,132
"{BRANZA TOPITA MEDVE CU SMANTANA 140G} => {_BANANE}",0.000243230912490123,0.19226393629124,0.00126508859218236,2.49719566999393,169
"{SLANINA ARDELENEASCA ELIT} => {CARNE TOCATA PORC VRAC}",0.000174147576398254,0.126173096976017,0.00138022748566881,2.57638663500153,121
"{SLANINA ARDELENEASCA ELIT} => {PAINE CU CARTOFI FELII BACHUS 1.2 KG}",0.000177026048735415,0.128258602711157,0.00138022748566881,2.09260659666434,123
"{SLANINA ARDELENEASCA ELIT} => {_BANANE}",0.000152559033869545,0.110531803962461,0.00138022748566881,1.43562827005457,106
"{CASCAVAL TRAPPIST} => {CARNE TOCATA PORC VRAC}",0.000148241325363803,0.102081268582755,0.00145218929409784,2.0844444843151,103
"{CASCAVAL TRAPPIST} => {_BANANE}",0.000152559033869545,0.105054509415263,0.00145218929409784,1.36448712684077,106
"{PAINE GERMINA RIP-ROP 300G} => {_BANANE}",0.000220203133792833,0.111030478955007,0.00198326744030408,1.44210524673643,153
"{PAINE MULTICEREALE RIP-ROP 500G} => {_BANANE}",0.000315192720919154,0.161266568483063,0.00195448271693247,2.09459030278386,219
"{PIEPT PORC FARA OS} => {CARNE TOCATA PORC VRAC}",0.000397229182528249,0.245333333333333,0.00161914068965319,5.00957443598711,276
"{BOMBOANE NEGRO CLASSIC GYORI 79G} => {PAINE CU CARTOFI FELII BACHUS 1.2 KG}",0.000161194450881028,0.103703703703704,0.00155437506206706,1.69198049785097,112
"{BOMBOANE NEGRO CLASSIC GYORI 79G} => {_BANANE}",0.00023603473164722,0.151851851851852,0.00155437506206706,1.97230845388804,164
"{PESMET BACHUS 500G} => {_MORCOVI}",0.000155437506206706,0.109867751780264,0.00141476915371474,3.19617912484094,108
"{PESMET BACHUS 500G} => {CARNE TOCATA PORC VRAC}",0.000161194450881028,0.113936927772126,0.00141476915371474,2.32653065495443,112
"{PASTE SPAGHETE CU 4 OUA GYERMELYI 500G} => {CARNE TOCATA PORC VRAC}",0.000382836820842443,0.290076335877863,0.00131977956658842,5.92320243219518,266
"{PASTE SPAGHETE CU 4 OUA GYERMELYI 500G} => {_BANANE}",0.000146802089195222,0.11123227917121,0.00131977956658842,1.44472630316452,102
"{IAURT 2.8% PROBIOTIC LACTIS 900G} => {_BANANE}",0.000214446189118511,0.128006872852234,0.00167527090022783,1.66260097854153,149
"{COMPOT DE VISINE FARA SAMBURI REGE 700G} => {_BANANE}",0.000230277786972898,0.15609756097561,0.00147521707279513,2.02745330655475,160
"{GOBE PESMET 400G} => {CARNE TOCATA PORC VRAC}",0.000146802089195222,0.101796407185629,0.00144211464091777,2.07862776812144,102
"{APA MINERALA NATURALA PLATA PERLA HARGHITEI 5L ROZ} => {_BANANE}",0.000230277786972898,0.108695652173913,0.00211855564015066,1.4117796462083,160
"{STICLA BERE 500ML CSIKI} => {BERE TILTOTT IGAZI SOR 6% 500ML}",0.000808850726742303,0.46027846027846,0.00175730736183693,168.319714642873,562
"{BERE TILTOTT IGAZI SOR 6% 500ML} => {STICLA BERE 500ML CSIKI}",0.000808850726742303,0.295789473684211,0.00273454872030316,168.319714642873,562
"{SALAM VICTORIA GASTRO CRIS-TIM} => {_BANANE}",0.000210128480612769,0.132126696832579,0.00159035596628158,1.71611078804252,146
"{PASTA DE TON HAME 45G} => {PAINE CU CARTOFI FELII BACHUS 1.2 KG}",0.000178465284903996,0.120857699805068,0.00147665630896371,1.9718569711797,124
"{PASTA DE TON HAME 45G} => {_BANANE}",0.000200053827432705,0.135477582846004,0.00147665630896371,1.75963334461128,139
"{SALAM CU SUNCA PRIMO 650G} => {CARNE TOCATA PORC VRAC}",0.000279211816704639,0.195959595959596,0.0014248438068948,4.00138933045742,194
"{SALAM CASA GASTRO FOX} => {PAINE CU CARTOFI FELII BACHUS 1.2 KG}",0.000192857646589802,0.123161764705882,0.0015658889514157,2.00944900250289,134
"{SALAM CASA GASTRO FOX} => {_BANANE}",0.000210128480612769,0.134191176470588,0.0015658889514157,1.74292501910569,146
"{BISCUITI KORPOVIT 174G} => {_BANANE}",0.000274894108198897,0.159966499162479,0.00171844798528525,2.07770451785362,191
"{_AVOCADO} => {_LAMAIE^2 A nu se consuma coaja}",0.000143923616858061,0.100704934541793,0.00142916151540055,5.10067777254603,100
"{_AVOCADO} => {_BANANE}",0.00047063022712586,0.329305135951662,0.00142916151540055,4.2771378526214,327
"{BISCUITI PETIT BEURRE ROSTAR 100G} => {_BANANE}",0.000335342027279282,0.201731601731602,0.00166231777471061,2.62016523775941,233
"{COZONAC IMPLETIT DULCE HARMOPAN 200G} => {_BANANE}",0.000231717023141478,0.10196326789107,0.00227255391018878,1.32433692967938,161
"{COZONAC IMPLETIT CU CACAO HARMOPAN 200G} => {_BANANE}",0.000237473967815801,0.101726263871763,0.00233444106543775,1.32125863313453,165
"{CIOCOLATA MILKA BUBBLY WHITE 95G} => {CIOCOLATA MILKA LAPTE BUBBLY 90G}",0.000159755214712448,0.102777777777778,0.00155437506206706,62.9729595336077,111
"{CIOCOLATA MILKA BUBBLY WHITE 95G} => {_BANANE}",0.000195736118926963,0.125925925925926,0.00155437506206706,1.63557286419984,136
"{BAUTURA SPIRTOASA 21% SANIUS AMIGO 500ML PET} => {WINCHESTER 100 SOFT}",0.000220203133792833,0.101661129568106,0.00216605043371382,24.1488801431127,153
"{BAUTURA SPIRTOASA 21% SANIUS AMIGO 500ML PET} => {PALL MALL BLUE}",0.000392911474022507,0.181395348837209,0.00216605043371382,25.5650804283221,273
"{BAUTURA SPIRTOASA 21% SANIUS AMIGO 500ML PET} => {APA MINERALA NATURALA CARBOGAZIFICATA CONTINUT REDUS CO2 TUSNAD 2L}",0.000296482650727606,0.13687707641196,0.00216605043371382,3.41363862501878,206
"{BAUTURA SPIRTOASA 21% SANIUS AMIGO 500ML PET} => {_BANANE}",0.000221642369961414,0.102325581395349,0.00216605043371382,1.32904279252354,154
"{APA MINERALA NATURALA PLATA BORSEC 2L} => {BERE BLONDA 4.5% ALC.ALBRAU DOZA 500ML}",0.000246109384827284,0.103198551599276,0.00238481433133807,33.2115309089151,171
"{CONSERVA PORUMB DULCE BOABE DELIKAT NOVA 170G} => {_MORCOVI}",0.000166951395555351,0.121085594989562,0.00137878824950023,3.52251907182558,116
"{CONSERVA PORUMB DULCE BOABE DELIKAT NOVA 170G} => {CARNE TOCATA PORC VRAC}",0.000171269104061093,0.124217118997912,0.00137878824950023,2.53644661892898,119
"{CONSERVA PORUMB DULCE BOABE DELIKAT NOVA 170G} => {_BANANE}",0.000169829867892512,0.123173277661795,0.00137878824950023,1.59982044250911,118
"{LAPTE UHT 1.5% GRASIME FARA LACTOZA MIZO 1L} => {_BANANE}",0.000274894108198897,0.17867165575304,0.00153854346421267,2.3206540639076,191
"{SALAM BANATEAN PORT.BENEDEK} => {PAINE CU CARTOFI FELII BACHUS 1.2 KG}",0.00016407292321819,0.115618661257606,0.00141908686222048,1.8863793003424,114
"{SALAM BANATEAN PORT.BENEDEK} => {_BANANE}",0.000215885425287092,0.152129817444219,0.00141908686222048,1.97591877461202,150
"{PASTA DE TON HAME 100G} => {PAINE CU CARTOFI FELII BACHUS 1.2 KG}",0.000218763897624253,0.155578300921187,0.00140613373670326,2.53834184938602,152
"{PASTA DE TON HAME 100G} => {_BANANE}",0.000174147576398254,0.123848515864893,0.00140613373670326,1.60859068798268,121
"{GRASIME VEGETALA TARTINABILA CU 70% GRASIME CU GUST DE UNT RAMA 250G} => {DROJDIE PROASPATA BRAVO 50G}",0.000149680561532384,0.106122448979592,0.001410451445209,15.0695395754868,104
"{BRANZA CIOCOLATA POTTYOS ORIAS NATUR 5*51G} => {_BANANE}",0.000177026048735415,0.115928369462771,0.00152702957486403,1.50572087431603,123
"{CREMWURSTI DE PORC CLASIC CAROLI} => {CARNE TOCATA PORC VRAC}",0.000218763897624253,0.12624584717608,0.00173284034697106,2.57787215487564,152
"{CREMWURSTI DE PORC CLASIC CAROLI} => {_BANANE}",0.000185661465746899,0.107142857142857,0.00173284034697106,1.39161136554818,129
"{CAFEA MACINATA SI PRAJITA AUSLESE MELITTA 500G} => {CARNE TOCATA PORC VRAC}",0.000202932299769866,0.100142045454545,0.0020264445253615,2.04484659324681,141
"{POGACELE CU CASCAVAL BRUTARIA MADARAS 250G} => {_BANANE}",0.000247548620995865,0.131800766283525,0.0018782031999977,1.71187748058239,172
"{PAINE CU MAIA NATURALA RIP-ROP 800G} => {_BANANE}",0.000223081606129995,0.108391608391608,0.00205810772107027,1.40783061223289,155
"{BATON CIOCOLATA SPORT XXL 51G} => {_BANANE}",0.000257623274175929,0.155247181266262,0.00165943930237344,2.01640825791486,179
"{PULPE PUI REFR.GALBEN VRAC} => {_TELINA}",0.00023603473164722,0.163836163836164,0.00144067540474919,9.57405353267422,164
"{PULPE PUI REFR.GALBEN VRAC} => {_PATRUNJEL RADACINA KG}",0.000231717023141478,0.160839160839161,0.00144067540474919,7.93870425944021,161
"{PULPE PUI REFR.GALBEN VRAC} => {_MORCOVI}",0.000307996540076251,0.213786213786214,0.00144067540474919,6.21928657508962,214
"{PULPE PUI REFR.GALBEN VRAC} => {CARNE TOCATA PORC VRAC}",0.000267697927355994,0.185814185814186,0.00144067540474919,3.79422552349934,186
"{PULPE PUI REFR.GALBEN VRAC} => {_BANANE}",0.00016407292321819,0.113886113886114,0.00144067540474919,1.47919529764562,114
"{KENT CORE SILVER} => {PAINE CU CARTOFI FELII BACHUS 1.2 KG}",0.000322388901762057,0.153529814941741,0.00209984556995911,2.50491972265805,224
"{KENT CORE SILVER} => {_BANANE}",0.000398668418696829,0.189856065798492,0.00209984556995911,2.46592135051215,277
"{SALAM CU SUNCA GASTRO CAROLI} => {CARNE TOCATA PORC VRAC}",0.000171269104061093,0.103030303030303,0.00166231777471061,2.10382325621988,119
"{SALAM CU SUNCA GASTRO CAROLI} => {PAINE CU CARTOFI FELII BACHUS 1.2 KG}",0.00018853993808406,0.113419913419913,0.00166231777471061,1.85050557232495,131
"{SALAM CU SUNCA GASTRO CAROLI} => {_BANANE}",0.000172708340229673,0.103896103896104,0.00166231777471061,1.34944132416793,120
"{ELAN FAINA ALBA DE GRAU TIP 550 1KG} => {ELAN ULEI RAFINAT DE FLOAREA SOARELUI 1L}",0.000202932299769866,0.128181818181818,0.00158315978543867,13.0724194387735,141
"{ELAN FAINA ALBA DE GRAU TIP 550 1KG} => {_MORCOVI}",0.00016407292321819,0.103636363636364,0.00158315978543867,3.01490088457849,114
"{ELAN FAINA ALBA DE GRAU TIP 550 1KG} => {CARNE TOCATA PORC VRAC}",0.000218763897624253,0.138181818181818,0.00158315978543867,2.82159824951843,152
"{REAL PATE 120G} => {CARNE TOCATA PORC VRAC}",0.000153998270038125,0.102687140115163,0.001499684087661,2.09681605445196,107
"{REAL PATE 120G} => {PAINE CU CARTOFI FELII BACHUS 1.2 KG}",0.000159755214712448,0.106525911708253,0.001499684087661,1.73802630657368,111
"{REAL PATE 120G} => {_BANANE}",0.000151119797700964,0.100767754318618,0.001499684087661,1.30880915377852,105
"{ELAN HREAN RAS CU MERE 160G} => {CARNE TOCATA PORC VRAC}",0.000187100701915479,0.120481927710843,0.00155293582589848,2.46017602605443,130
"{CORN HOT-DOG PANOS 80G} => {CORN CU CASCAVAL PANOS 80G}",0.00030511806773909,0.12856276531231,0.00237330044198943,5.93062545843463,212
"{CORN HOT-DOG PANOS 80G} => {CREMWURSTI DE PUI CRISTUR}",0.000276333344367477,0.116434202546998,0.00237330044198943,7.77510788796612,192
"{CORN HOT-DOG PANOS 80G} => {_BANANE}",0.000295043414559025,0.124317768344451,0.00237330044198943,1.61468551409876,205
"{CIOCOLATA MILKA LAPTE BUBBLY 90G} => {_BANANE}",0.000251866329501607,0.154320987654321,0.00163209381517041,2.00437851004882,175
"{PAINE CU FULGI DE CARTOFI BRUT.DIOSZEGI 1KG} => {_BANANE}",0.000276333344367477,0.121750158528852,0.00226967543785162,1.58133644074974,192
"{ELAN CARNATI DE PORC AFUMATI} => {CARNE TOCATA PORC VRAC}",0.000210128480612769,0.122895622895623,0.00170981256827377,2.50946238078515,146
"{ELAN CARNATI DE PORC AFUMATI} => {PAINE CU CARTOFI FELII BACHUS 1.2 KG}",0.000195736118926963,0.114478114478114,0.00170981256827377,1.86777067944588,136
"{FAINA BL-55 GYERMELYI 2KG} => {CARNE TOCATA PORC VRAC}",0.000195736118926963,0.129400570884872,0.00151263721317822,2.64228991266436,136
"{SMANTANA 12% GRASIME KERESZTURI 350G} => {LAPTE DE CONSUM 1.5% GRASIME FRISS CUTIE 1L}",0.000168390631723931,0.102631578947368,0.0016407292321819,4.73818971848225,117
"{SMANTANA 12% GRASIME KERESZTURI 350G} => {CARNE TOCATA PORC VRAC}",0.000175586812566835,0.107017543859649,0.0016407292321819,2.18524056489712,122
"{SMANTANA 12% GRASIME KERESZTURI 350G} => {_BANANE}",0.000177026048735415,0.107894736842105,0.0016407292321819,1.4013770593415,123
"{DETERGENT VASE PUR BALSAM 3X ACTION LEMON 450ML} => {CARNE TOCATA PORC VRAC}",0.000169829867892512,0.105357142857143,0.00161194450881028,2.1513360713551,118
"{DETERGENT VASE PUR BALSAM 3X ACTION LEMON 450ML} => {_BANANE}",0.000197175355095544,0.122321428571429,0.00161194450881028,1.58875630900084,137
"{GOBE BATON CU NUCA&CACAO 50G} => {PAINE CU CARTOFI FELII BACHUS 1.2 KG}",0.000263380218850252,0.137078651685393,0.00192138028505512,2.23651033704699,183
"{HALVA CU CACAO TECSA 30G} => {HALVA DE FLOAREA SOARELUI CLASSIC TECSA 30G}",0.000277772580536058,0.123480486244402,0.00224952613149149,54.612251488817,193
"{HALVA DE FLOAREA SOARELUI CLASSIC TECSA 30G} => {HALVA CU CACAO TECSA 30G}",0.000277772580536058,0.122851686823679,0.00226104002084014,54.612251488817,193
"{MARGARINA OLIVE BORDS EVE 500G} => {CARNE TOCATA PORC VRAC}",0.000184222229578318,0.106224066390041,0.00173427958313964,2.1690381826392,128
"{MARGARINA OLIVE BORDS EVE 500G} => {PAINE CU CARTOFI FELII BACHUS 1.2 KG}",0.000174147576398254,0.100414937759336,0.00173427958313964,1.63832255082369,121
"{BONDUELLE MAZARE VERDE BOABE 200G} => {BONDUELLE GOLD PORUMB BOABE 170G}",0.000237473967815801,0.167342799188641,0.00141908686222048,93.0175618661258,165
"{BONDUELLE GOLD PORUMB BOABE 170G} => {BONDUELLE MAZARE VERDE BOABE 200G}",0.000237473967815801,0.132,0.00179904521072576,93.0175618661258,165
"{BONDUELLE MAZARE VERDE BOABE 200G} => {_TELINA}",0.000195736118926963,0.137931034482759,0.00141908686222048,8.06024187233549,136
"{BONDUELLE MAZARE VERDE BOABE 200G} => {_PATRUNJEL RADACINA KG}",0.000214446189118511,0.151115618661258,0.00141908686222048,7.45876936484225,149
"{BONDUELLE MAZARE VERDE BOABE 200G} => {_MORCOVI}",0.000253305565670188,0.178498985801217,0.00141908686222048,5.19274057199385,176
"{BONDUELLE MAZARE VERDE BOABE 200G} => {_BANANE}",0.000187100701915479,0.13184584178499,0.00141908686222048,1.71246293799709,130
"{HALVA DE FLOAREA SOARELUI CLASSIC TECSA 30G} => {_BANANE}",0.000257623274175929,0.113940165499682,0.00226104002084014,1.47989734015011,179
"{SUNCA DE PUI SISSI GASTRO CAROLI} => {PAINE CU CARTOFI FELII BACHUS 1.2 KG}",0.00023459549547864,0.164646464646465,0.0014248438068948,2.68629371249716,163
"{SUNCA DE PUI SISSI GASTRO CAROLI} => {_BANANE}",0.000264819455018832,0.185858585858586,0.0014248438068948,2.41400059101153,184
"{DR.OETKER CONSERVANT 7G} => {OTET BISTRITA 1L}",0.00018853993808406,0.107289107289107,0.00175730736183693,15.2103379928314,131
"{UNT MARKAZOTT 82% MEGGLE 200G} => {_BANANE}",0.000215885425287092,0.132042253521127,0.00163497228750757,1.71501400683755,150
"{CASCAVAL MAASDAMER 45% FN} => {_BANANE}",0.000218763897624253,0.139194139194139,0.00157164589609003,1.80790536378909,152
"{TURTA DULCE CU GLAZ.DE VANILIE END-IBO 180G} => {_BANANE}",0.000316631957087734,0.17309205350118,0.00182926917026596,2.24818411009095,220
"{DANONE ACTIVIA FIBRE MUSLI CAPSUNI 125G} => {DANONE ACTIVIA NATUR 125G}",0.000174147576398254,0.11340206185567,0.00153566499187551,8.93448540697627,121
"{DANONE ACTIVIA FIBRE MUSLI CAPSUNI 125G} => {_BANANE}",0.000346855916627927,0.225866916588566,0.00153566499187551,2.9336437034424,241
"{BRANZA CIOCOLATA LAPTE POTTYOS ORIAS NATUR 51G} => {_BANANE}",0.000221642369961414,0.114158636026686,0.00194152959141524,1.48273491678867,154
"{PROSOP DIN HARTIE ONDA CASA 2ROLA 2STRAT} => {_BANANE}",0.000240352440152962,0.15607476635514,0.00153998270038125,2.02715724152751,167
"{SLANINA SECUIASCA BERTIS} => {CARNE TOCATA PORC VRAC}",0.000221642369961414,0.135444151275286,0.00163641152367615,2.76569656684501,154
"{BRANZA PULISZKA KERESZTURI 300G} => {_BANANE}",0.000202932299769866,0.122715404699739,0.00165368235769912,1.59387341780801,141
"{LAVETE UNIVERSALE 3BUC CLEANEX ART.303} => {CARNE TOCATA PORC VRAC}",0.00016407292321819,0.126385809312639,0.00129819102405971,2.58073010626686,114
"{CORN CU CIOCOLATA PANIPROD 100G} => {_BANANE}",0.000287847233716122,0.114678899082569,0.00251002787800459,1.48949228728399,200
"{CHEFIR 3.3% FRISS 900G} => {SANA 3.6% FRISS 900G}",0.000331024318773541,0.19150707743547,0.00172852263846531,33.2737201785875,230
"{CHEFIR 3.3% FRISS 900G} => {LAPTE DE CONSUM 3.5% GRASIME FRISS CUTIE 1L}",0.000187100701915479,0.108243130724396,0.00172852263846531,6.41712750750939,130
"{CHEFIR 3.3% FRISS 900G} => {_BANANE}",0.000240352440152962,0.139050791007494,0.00172852263846531,1.8060435041086,167
"{MARLBORO TOUCH 4} => {PAINE DE CASA CU CARTOFI DOBOI KG}",0.000358369805976572,0.122841637888505,0.0029173317137129,3.66742435209152,249
"{MARLBORO TOUCH 4} => {APA MINERALA NATURALA CARBOGAZIFICATA CONTINUT REDUS CO2 TUSNAD 2L}",0.000297921886896186,0.102121361618155,0.0029173317137129,2.54685030976292,207
"{MARGARINA UNIREA 250G} => {DROJDIE PROASPATA BRAVO 50G}",0.000269137163524574,0.178435114503817,0.00150831950467248,25.3380415315227,187
"{MARGARINA UNIREA 250G} => {_LAMAIE^2 A nu se consuma coaja}",0.00016551215938677,0.109732824427481,0.00150831950467248,5.55793796026617,115
"{MARGARINA UNIREA 250G} => {_MORCOVI}",0.000168390631723931,0.111641221374046,0.00150831950467248,3.24777139283893,117
"{MARGARINA UNIREA 250G} => {CARNE TOCATA PORC VRAC}",0.000171269104061093,0.113549618320611,0.00150831950467248,2.31862200470798,119
"{MARGARINA UNIREA 250G} => {_BANANE}",0.000171269104061093,0.113549618320611,0.00150831950467248,1.47482476781379,119
"{SALAM GASTRO BENEDEK AMB.} => {PARIZER CRISTUR}",0.000187100701915479,0.108604845446951,0.00172276569379099,6.18170381580504,130
"{SALAM GASTRO BENEDEK AMB.} => {PAINE CU CARTOFI FELII BACHUS 1.2 KG}",0.000192857646589802,0.111946532999165,0.00172276569379099,1.82646659542452,134
"{SALAM GASTRO BENEDEK AMB.} => {_BANANE}",0.00025906251034451,0.150375939849624,0.00172276569379099,1.95313875866412,180
"{LEGUME MIXT CONGELAT HAJDU 1KG} => {COTLET PORC FARA OS}",0.000159755214712448,0.10521327014218,0.00151839415785254,5.6220524392293,111
"{LEGUME MIXT CONGELAT HAJDU 1KG} => {CARNE TOCATA PORC VRAC}",0.000378519112336701,0.249289099526066,0.00151839415785254,5.09034904954903,263
"{LEGUME MIXT CONGELAT HAJDU 1KG} => {_BANANE}",0.000152559033869545,0.100473933649289,0.00151839415785254,1.30499290140506,106
"{SALAM PORC GASTRO FOX} => {CARNE TOCATA PORC VRAC}",0.00021300695294993,0.112121212121212,0.00189979174252641,2.28945472000399,148
"{SALAM PORC GASTRO FOX} => {PAINE CU CARTOFI FELII BACHUS 1.2 KG}",0.000220203133792833,0.115909090909091,0.00189979174252641,1.89111781293895,153
"{NESCAFE 3IN1 ORIGINAL 16.5G} => {NESCAFE BRASERO 1.8G}",0.000264819455018832,0.125768967874231,0.00210560251463343,50.9836136963816,184
"{NESCAFE BRASERO 1.8G} => {NESCAFE 3IN1 ORIGINAL 16.5G}",0.000264819455018832,0.107351225204201,0.00246685079294717,50.9836136963816,184
"{NESCAFE 3IN1 ORIGINAL 16.5G} => {L&M RED LABEL BOX}",0.000218763897624253,0.103896103896104,0.00210560251463343,22.5026071185672,152
"{NESCAFE 3IN1 ORIGINAL 16.5G} => {APA MINERALA NATURALA CARBOGAZIFICATA CONTINUT REDUS CO2 TUSNAD 2L}",0.000284968761378961,0.135338345864662,0.00210560251463343,3.37526353572373,198
"{SMANTANA ZOTT 20% 330G} => {CARNE TOCATA PORC VRAC}",0.000204371535938447,0.105576208178439,0.00193577264674092,2.15580926714331,142
"{SMANTANA ZOTT 20% 330G} => {_BANANE}",0.00023459549547864,0.121189591078067,0.00193577264674092,1.57405558175016,163
"{ELAN FOI DE DAFIN 15G} => {CARNE TOCATA PORC VRAC}",0.000191418410421221,0.123034227567068,0.00155581429823564,2.51229261347039,133
"{SUNCULITA EXTRA CAROLI} => {_BANANE}",0.000184222229578318,0.114695340501792,0.00160618756413596,1.48970583456532,128
"{LAPTE UHT PT.CAFEA 6% GRASIME 10*7.5G MEGGLE} => {_BANANE}",0.000332463554942121,0.176201372997712,0.00188683861700918,2.28856911069556,231
"{COMPLETA LAPTE CONDENSAT UHT 10*10G} => {PAINE CU CARTOFI FELII BACHUS 1.2 KG}",0.000269137163524574,0.15252854812398,0.00176450354267983,2.48858352763038,187
"{COMPLETA LAPTE CONDENSAT UHT 10*10G} => {_BANANE}",0.000289286469884703,0.16394779771615,0.00176450354267983,2.12941510747829,201
"{PACHET ZAHAR VANILIAT THYMOS 6*8G} => {DR.OETKER PRAF DE COPT 10G}",0.000152559033869545,0.1,0.00152559033869545,29.9359327875916,106
"{PACHET ZAHAR VANILIAT THYMOS 6*8G} => {CARNE TOCATA PORC VRAC}",0.000166951395555351,0.109433962264151,0.00152559033869545,2.2345825263068,116
"{PACHET ZAHAR VANILIAT THYMOS 6*8G} => {_BANANE}",0.000174147576398254,0.114150943396226,0.00152559033869545,1.48263500203687,121
"{LAPTE DE CONSUM 3.5% LACTIS 1L} => {SZEKELYHON}",0.000247548620995865,0.10969387755102,0.0022567223123344,10.5944859803805,172
"{_ROSII ROZE VRAC} => {_CASTRAVETI CORNISON}",0.000221642369961414,0.12876254180602,0.00172132645762241,7.70991795586575,154
"{_ROSII ROZE VRAC} => {_BANANE}",0.000267697927355994,0.155518394648829,0.00172132645762241,2.01993087842111,186
"{SLANINA AFUMATA BENEDEK} => {CARNE TOCATA PORC VRAC}",0.000202932299769866,0.122395833333333,0.00165800006620486,2.49925694730165,141
"{SLANINA AFUMATA BENEDEK} => {_BANANE}",0.000192857646589802,0.116319444444444,0.00165800006620486,1.5108003019493,134
"{PARIZER PIEPT PUI MIC BERTIS} => {PAINE CU CARTOFI FELII BACHUS 1.2 KG}",0.000208689244444189,0.11328125,0.00184222229578318,1.84824320566031,145
"{PARIZER PIEPT PUI MIC BERTIS} => {_BANANE}",0.000241791676321543,0.13125,0.00184222229578318,1.70472392279652,168
"{BISCUITI EUGENIA VANILIE CU CR.ROM ROSTAR FOX 30G} => {PAINE CU CARTOFI FELII BACHUS 1.2 KG}",0.000405864599539732,0.212349397590361,0.00191130563187505,3.46459216615676,282
"{BISCUITI EUGENIA VANILIE CU CR.ROM ROSTAR FOX 30G} => {_BANANE}",0.00044760244842857,0.234186746987952,0.00191130563187505,3.04170476184578,311
"{_PERE} => {_MERE ROSII}",0.000191418410421221,0.101294744859101,0.00188971708934634,4.78163635843378,133
"{_PERE} => {_BANANE}",0.000580012175937986,0.306930693069307,0.00188971708934634,3.98653024850106,403
"{BRANZA CIOCOLATA POTTYOS NATUR 30G} => {_BANANE}",0.00023459549547864,0.125192012288786,0.00187388549149196,1.62604052031795,163
"{NESCAFE BRASERO 1.8G} => {L&M RED LABEL BOX}",0.000266258691187413,0.107934655775963,0.00246685079294717,23.3773073515162,185
"{NESCAFE BRASERO 1.8G} => {APA MINERALA NATURALA CARBOGAZIFICATA CONTINUT REDUS CO2 TUSNAD 2L}",0.000253305565670188,0.102683780630105,0.00246685079294717,2.56087672903608,176
"{CARNATI PROASPETI} => {SANGERETE VRAC}",0.000767112877853466,0.430533117932149,0.0017817743767028,166.65181463498,533
"{SANGERETE VRAC} => {CARNATI PROASPETI}",0.000767112877853466,0.296935933147632,0.0025834289226022,166.65181463498,533
"{CARNATI PROASPETI} => {CALTABOS VRAC}",0.00094126045425172,0.52827140549273,0.0017817743767028,133.424151241229,654
"{CALTABOS VRAC} => {CARNATI PROASPETI}",0.00094126045425172,0.23773173391494,0.00395933869976526,133.424151241229,654
"{CARNATI PROASPETI} => {CARNE TOCATA PORC VRAC}",0.00035261286130225,0.197899838449111,0.0017817743767028,4.04100803633416,245
"{KINDER BUENO WHITE 39G} => {KINDER BUENO 43G}",0.000310875012413412,0.145161290322581,0.00214158341884795,43.0289895959485,216
"{KINDER BUENO WHITE 39G} => {_BANANE}",0.000293604178390445,0.137096774193548,0.00214158341884795,1.78066400537886,204
"{UNT 82% GRASIME GORDON 200G} => {_BANANE}",0.000201493063601286,0.112179487179487,0.0017961667383886,1.45702899384318,140
"{HARTIE IGIENICA NATUR 10+2 ROLE GYEMANT} => {CARNE TOCATA PORC VRAC}",0.000260501746513091,0.12666200139958,0.00205666848490169,2.58636979981916,181
"{PREPARAT ALIMENTAR DIN LAPTE DEGRESAT SI GRASIMI VEGETALE AKADIA} => {_CASTRAVETI CORNISON}",0.000202932299769866,0.115479115479115,0.00175730736183693,6.91454590342905,141
"{PREPARAT ALIMENTAR DIN LAPTE DEGRESAT SI GRASIMI VEGETALE AKADIA} => {_ARDEI ROSU CAPIA}",0.000184222229578318,0.104832104832105,0.00175730736183693,4.57328494096247,128
"{PREPARAT ALIMENTAR DIN LAPTE DEGRESAT SI GRASIMI VEGETALE AKADIA} => {_BANANE}",0.00018853993808406,0.107289107289107,0.00175730736183693,1.39351091696171,131
"{_STRUGURI SASLA} => {PAINE CU CARTOFI FELII BACHUS 1.2 KG}",0.000266258691187413,0.115914786967419,0.00229702092505466,1.891210747128,185
"{_STRUGURI SASLA} => {_BANANE}",0.000388593765516765,0.169172932330827,0.00229702092505466,2.19728110349713,270
"{IAURT 2.8% PROBIOTIC LACTIS 500G} => {_MERE ROSII}",0.00030655730390767,0.147814018043026,0.00207393931892466,6.97758688216107,213
"{IAURT 2.8% PROBIOTIC LACTIS 500G} => {_BANANE}",0.000326706610267799,0.157529493407356,0.00207393931892466,2.04605177872409,227
"{HARTIE IGIENICA PERFEX COTTON LIKE 10ROLE 3STRAT 200FOI/ROLA} => {_BANANE}",0.000189979174252641,0.104928457869634,0.00181055910007441,1.36284992238105,132
"{SUNCA PRAGA FOX} => {PAINE CU CARTOFI FELII BACHUS 1.2 KG}",0.000171269104061093,0.101796407185629,0.00168246708107073,1.66086195148331,119
"{SUNCA PRAGA FOX} => {_BANANE}",0.000217324661455672,0.129170230966638,0.00168246708107073,1.67771110736747,151
"{CREMA DE UNT NATUR MIZO 200G} => {PAINE CU CARTOFI FELII BACHUS 1.2 KG}",0.00016551215938677,0.101321585903084,0.00163353305133899,1.65311499239373,115
"{CREMA DE UNT NATUR MIZO 200G} => {_BANANE}",0.000220203133792833,0.134801762114537,0.00163353305133899,1.75085553304212,153
"{SPECIALITATE TARTINABILA SARAT CAS.LURPAK 200G} => {PAINE CU CARTOFI FELII BACHUS 1.2 KG}",0.000191418410421221,0.103421461897356,0.00185085771279467,1.68737557425651,133
"{SPECIALITATE TARTINABILA SARAT CAS.LURPAK 200G} => {_BANANE}",0.000218763897624253,0.118195956454121,0.00185085771279467,1.53517313939167,152
"{ELAN COMPOT DE PIERSICI DEPELATE JUMATATI 700G} => {_BANANE}",0.000441845503754248,0.234530175706646,0.00188396014467202,3.04616534205556,307
"{GOBE SMANTANA 20% 150G} => {_BANANE}",0.000269137163524574,0.104004449388209,0.00258774663110794,1.35084855580465,187
"{PAINE ALBA FEL.CU FULGI DE CARTOFI PANIPROD 500G} => {_BANANE}",0.000384276057011023,0.135739705134723,0.00283097754359806,1.76303788660197,267
"{SANA 3.6% GRASIME GORDON PET 330G} => {CORN CU CASCAVAL PANOS 80G}",0.000247548620995865,0.104053236539625,0.00237905738666375,4.79999611205726,172
"{SANA 3.6% GRASIME GORDON PET 330G} => {_BANANE}",0.000331024318773541,0.139140955837871,0.00237905738666375,1.80721459853404,230
"{WINCHESTER 100 SOFT} => {GOBE LAPTE 1.5% 1L}",0.000508050367508956,0.120683760683761,0.00420976579309829,23.3183108487113,353
"{WINCHESTER 100 SOFT} => {ENERGIZANT HELL 250ML}",0.000571376758926503,0.135726495726496,0.00420976579309829,6.98190076813605,397
"{BOUNTY CIOCOLATA TRIO 85G} => {_BANANE}",0.000316631957087734,0.150375939849624,0.00210560251463343,1.95313875866412,220
"{MAGGI FIDELICIOS PRODUSE INSTANT CU FIDEA CU GUST DE PUI 59.2G} => {PAINE CU CARTOFI FELII BACHUS 1.2 KG}",0.00021300695294993,0.107091172214182,0.0019890243849784,1.74724882918454,148
"{_VARZA PROASPATA} => {_TELINA}",0.00023603473164722,0.115330520393812,0.00204659383172163,6.7395411998642,164
"{_VARZA PROASPATA} => {_PATRUNJEL RADACINA KG}",0.000250427093333026,0.122362869198312,0.00204659383172163,6.03959027039049,174
"{_VARZA PROASPATA} => {_MORCOVI}",0.000375640639999539,0.183544303797468,0.00204659383172163,5.33951466900144,261
"{_VARZA PROASPATA} => {_BANANE}",0.000246109384827284,0.120253164556962,0.00204659383172163,1.56189292504564,171
"{CARNATI DE PORC CASA AFUMAT BERKE} => {CARNE TOCATA PORC VRAC}",0.00023603473164722,0.115737473535639,0.00203939765087873,2.36329682898045,164
"{PARIZER TARANESC FOX} => {_BANANE}",0.000228838550804317,0.107359891964889,0.00213150876566788,1.3944302947154,159
"{SMANTANA 12% GRASIME KERESZTURI 145G} => {_BANANE}",0.000272015635861735,0.113786875376279,0.00239057127601239,1.47790635088922,189
"{APA MINERALA NATURALA DECARBOGAZIFICATA PARTIAL PERLA HARGHITEI 5L} => {PAINE CU CARTOFI FELII BACHUS 1.2 KG}",0.00030655730390767,0.103097773475315,0.00297346192428754,1.68209442731658,213
"{APA MINERALA NATURALA DECARBOGAZIFICATA PARTIAL PERLA HARGHITEI 5L} => {_BANANE}",0.000300800359233348,0.101161665053243,0.00297346192428754,1.31392541322813,209
"{SMANTANA 15% GRASIME KERESZTURI VRAC} => {_MORCOVI}",0.000250427093333026,0.104379124175165,0.00239920669302388,3.03650864199962,174
"{SMANTANA 15% GRASIME KERESZTURI VRAC} => {CARNE TOCATA PORC VRAC}",0.000303678831570509,0.126574685062987,0.00239920669302388,2.58458684728802,211
"{FANTA PORTOCALE 2L} => {COCA COLA 2L PET}",0.00032958508260496,0.134310850439883,0.00245389766742994,22.8280149037882,229
"{PATE PORC BUCEGI 200G} => {PAINE CU CARTOFI FELII BACHUS 1.2 KG}",0.000264819455018832,0.155274261603376,0.00170549485976802,2.53338128792153,184
"{PATE PORC BUCEGI 200G} => {_BANANE}",0.000191418410421221,0.112236286919831,0.00170549485976802,1.4577667300426,133
"{CREMA SANDVIS GORDON 125G} => {_BANANE}",0.000240352440152962,0.130570758405004,0.0018407830596146,1.69590167977673,167
"{CIOCOLATA MILKA LAPTE 100G} => {_BANANE}",0.000318071193256315,0.143973941368078,0.00220922751877124,1.86998721607213,221
"{NOK LAPJA} => {_BANANE}",0.000287847233716122,0.10911074740862,0.00263811989700826,1.41717105784139,200
"{BOMBOANE CIOCOLATA TOFFIFEE ASORTATE 125G} => {_BANANE}",0.00028352952521038,0.11747167561121,0.00241359905470968,1.5257659098318,197
"{PARIZER PIEPT PUI GALINIA} => {_BANANE}",0.000241791676321543,0.11016393442623,0.00219483515708543,1.43085024339643,168
"{ELAN PIPER MACINAT 50G} => {CARNE TOCATA PORC VRAC}",0.000437527795248506,0.236208236208236,0.00185229694896325,4.82324487097168,304
"{NAPOLITANE ECONOMIC CU AROMA DE LAMAIE JOE 115G} => {NAPOLITANE ECONOMIC CU CREMA DE CACAO JOE 115G}",0.000299361123064767,0.134020618556701,0.00223369453363711,54.2653077163386,208
"{NAPOLITANE ECONOMIC CU CREMA DE CACAO JOE 115G} => {NAPOLITANE ECONOMIC CU AROMA DE LAMAIE JOE 115G}",0.000299361123064767,0.121212121212121,0.00246972926528433,54.2653077163386,208
"{NAPOLITANE ECONOMIC CU AROMA DE LAMAIE JOE 115G} => {_BANANE}",0.000397229182528249,0.177835051546392,0.00223369453363711,2.30978793663152,276
"{OASE GARF} => {_MORCOVI}",0.000261940982681671,0.10781990521327,0.00242943065256407,3.13660491546424,182
"{OASE GARF} => {CARNE TOCATA PORC VRAC}",0.000499414950497472,0.205568720379147,0.00242943065256407,4.19760247194276,347
"{BISCUITI EREDETI GYORI EDES 180G} => {_BANANE}",0.000438967031417086,0.200922266139657,0.00218476050390537,2.60965328541534,305
"{SALAM DE CASA AFUMAT GASTRO BERKE} => {CARNE TOCATA PORC VRAC}",0.000241791676321543,0.114832535885167,0.00210560251463343,2.34481848990451,168
"{SALAM DE CASA AFUMAT GASTRO BERKE} => {PAINE CU CARTOFI FELII BACHUS 1.2 KG}",0.000274894108198897,0.130553656869446,0.00210560251463343,2.13005161298151,191
"{SALAM DE VARA PORT.BENEDEK} => {PAINE CU CARTOFI FELII BACHUS 1.2 KG}",0.000221642369961414,0.124696356275304,0.00177745666819705,2.03448667150501,154
"{SALAM DE VARA PORT.BENEDEK} => {_BANANE}",0.000189979174252641,0.106882591093117,0.00177745666819705,1.38823093308126,132
"{_PRUNE} => {_BANANE}",0.000421696197394119,0.175239234449761,0.00240640287386678,2.27607249660233,293
"{KINDER MAXI KING 35G} => {KINDER PINGUI 30G}",0.000247548620995865,0.114209827357238,0.0021674896698824,50.6410164489881,172
"{KINDER PINGUI 30G} => {KINDER MAXI KING 35G}",0.000247548620995865,0.109763880025526,0.00225528307616582,50.6410164489881,172
"{KINDER MAXI KING 35G} => {_BANANE}",0.000218763897624253,0.100929614873838,0.0021674896698824,1.31091145900245,152
"{CIOCOLATA MILKA CU BISCUITI OREO 100G} => {_BANANE}",0.000289286469884703,0.138812154696133,0.00208401397210472,1.80294400674613,201
"{PATE PUI BUCEGI 120G} => {PATE PORC BUCEGI 120G}",0.000300800359233348,0.16936790923825,0.00177601743202847,19.9659017851299,209
"{PATE PUI BUCEGI 120G} => {PAINE CU CARTOFI FELII BACHUS 1.2 KG}",0.000225960078467156,0.127228525121556,0.00177601743202847,2.075800338733,157
"{PATE PUI BUCEGI 120G} => {_BANANE}",0.000358369805976572,0.201782820097245,0.00177601743202847,2.62083048098377,249
"{BRANZA TOPITA NATUR FALUSI 140G} => {_BANANE}",0.000244670148658704,0.12937595129376,0.00189115632551492,1.68038307965737,170
"{BATON LAPTE END-IBO 40G} => {PAINE CU CARTOFI FELII BACHUS 1.2 KG}",0.000270576399693155,0.11706102117061,0.00231141328674046,1.90991216133507,188
"{BATON LAPTE END-IBO 40G} => {_BANANE}",0.000374201403830959,0.161892901618929,0.00231141328674046,2.1027253510151,260
"{NAPOLITANE ECONOMIC CU CREMA DE CACAO JOE 115G} => {_BANANE}",0.000355491333639411,0.143939393939394,0.00246972926528433,1.86953850119099,247
"{PARIZER CU PIEPT PUI CAROLI} => {PAINE CU CARTOFI FELII BACHUS 1.2 KG}",0.000237473967815801,0.101977750309023,0.00232868412076343,1.66382065996956,165
"{PARIZER CU PIEPT PUI CAROLI} => {_BANANE}",0.000253305565670188,0.108776266996292,0.00232868412076343,1.41282670157014,176
"{BRANZA CIOCOLATA AMARA POTTYOS ORIAS NATUR 51G} => {_BANANE}",0.000263380218850252,0.110440555220278,0.00238481433133807,1.43444309737857,183
"{ELAN UNT 60% GRASIME 200G} => {_BANANE}",0.000228838550804317,0.104467805519054,0.00219051744857969,1.3568667979458,159
"{CARNATI SECUIESTI LA METRU BENEDEK} => {CARNE TOCATA PORC VRAC}",0.000202932299769866,0.102173913043478,0.00198614591264124,2.08633623426921,141
"{CARNATI SECUIESTI LA METRU BENEDEK} => {PAINE CU CARTOFI FELII BACHUS 1.2 KG}",0.000223081606129995,0.11231884057971,0.00198614591264124,1.83254098952027,155
"{CARNATI SECUIESTI LA METRU BENEDEK} => {_BANANE}",0.000227399314635737,0.114492753623188,0.00198614591264124,1.48707456067274,158
"{ZAHAR PUDRA KORONAS 500G} => {GRASIME VEGETALA TARTINABILA CU 70% GRASIME RAMA 250G}",0.000238913203984381,0.126044039483675,0.00189547403402066,25.7050299987586,166
"{ZAHAR PUDRA KORONAS 500G} => {DR.OETKER ZAHAR VANILINAT 8G}",0.000214446189118511,0.113135914958238,0.00189547403402066,21.5542375870245,149
"{ZAHAR PUDRA KORONAS 500G} => {_LAMAIE^2 A nu se consuma coaja}",0.000218763897624253,0.115413819286257,0.00189547403402066,5.84567881759308,152
"{BONDUELLE GOLD PORUMB BOABE 170G} => {_BANANE}",0.000243230912490123,0.1352,0.00179904521072576,1.75602799513973,169
"{KETCHUP DULCE UNIVER 470G} => {_BANANE}",0.00023459549547864,0.133825944170772,0.00175298965333118,1.73818124585712,163
"{HARTIE IGIENICA SOFFTY ECONOMAX 50M} => {_BANANE}",0.0002820902890418,0.116389548693587,0.00242367370788975,1.51171084206818,196
"{CHIPS DE CARTOFI SARATI LIZA SNACK 50G} => {_BANANE}",0.00030511806773909,0.125518058022499,0.00243086988873265,1.63027532383935,212
"{_FASOLE COLORATE KG} => {_MORCOVI}",0.00028352952521038,0.125318066157761,0.00226247925700872,3.64564652073657,197
"{_FASOLE COLORATE KG} => {CARNE TOCATA PORC VRAC}",0.000243230912490123,0.107506361323155,0.00226247925700872,2.19522195403725,169
"{_FASOLE COLORATE KG} => {PAINE CU CARTOFI FELII BACHUS 1.2 KG}",0.000240352440152962,0.106234096692112,0.00226247925700872,1.73326519102373,167
"{_FASOLE COLORATE KG} => {_BANANE}",0.000266258691187413,0.117684478371501,0.00226247925700872,1.52852987140364,185
"{ELAN OASE AFUMATE} => {CARNE TOCATA PORC VRAC}",0.000610236135478179,0.26044226044226,0.00234307648244923,5.31809058408524,424
"{KINDER OUA CIOCOLATA JOY 20G} => {_BANANE}",0.000267697927355994,0.12,0.00223081606129995,1.55860472941396,186
"{POGACELE CU JUMARI BRUTARIA MADARAS 300G} => {_BANANE}",0.00032958508260496,0.126309983452841,0.00260933517363665,1.64056114651497,229
"{KINDER PINGUI 30G} => {_BANANE}",0.000279211816704639,0.123803446075303,0.00225528307616582,1.60800530475595,194
"{PARIZER TARANESC DE PUI CRIS-TIM KG} => {_BANANE}",0.000243230912490123,0.108611825192802,0.00223945147831143,1.41069087013153,169
"{BOMBOANE DE POM ASORTAT GLORIA VRAC} => {CARNE TOCATA PORC VRAC}",0.000263380218850252,0.101497504159734,0.00259494281195084,2.07252432943654,183
"{ULEI RAFINAT DE FLOAREA SOARELUI BUNICA 1L} => {_BANANE}",0.000267697927355994,0.141660319878142,0.00188971708934634,1.83993703776972,186
"{GOBE BATON LAPTE 100G} => {_BANANE}",0.000292164942221864,0.107180570221753,0.00272591330329168,1.39210119707425,203
"{SLANINA LUCRU} => {SPATE PORC FARA OS}",0.000333902791110702,0.125337655321448,0.00266402614804271,12.5412200902738,232
"{SLANINA LUCRU} => {PULPE PORC FARA OS}",0.000446163212259989,0.167477039438142,0.00266402614804271,11.9704993522409,310
"{SLANINA LUCRU} => {CARNE TOCATA PORC VRAC}",0.000726814265133208,0.272825499729876,0.00266402614804271,5.57094965597361,505
"{FRANZELA NEAGRA REFORM AMB.HARMOPAN 400G} => {_BANANE}",0.000385715293179604,0.137295081967213,0.00280938900106935,1.78323970066147,268
"{PAINE SEMIALBA BATUTA FELIATA HARMOPAN 1KG} => {_BANANE}",0.000343977444290766,0.115850702859913,0.0029691442157818,1.50471211152827,239
"{CAFEA JACOBS 3IN1 INTENSE 17.5G} => {_BANANE}",0.000295043414559025,0.115819209039548,0.00254744801838768,1.5043030580502,205
"{DANONE IAURT DELICIOS CAISE 125G} => {DANONE IAURT DELICIOS CAPSUNI 125G}",0.000732571209807531,0.367509025270758,0.00199334209348415,131.555923944076,509
"{DANONE IAURT DELICIOS CAPSUNI 125G} => {DANONE IAURT DELICIOS CAISE 125G}",0.000732571209807531,0.262235960844925,0.00279355740321497,131.555923944076,509
"{DANONE IAURT DELICIOS CAISE 125G} => {DANONE IAURT DELICIOS BISCUITI 125G}",0.000309435776244831,0.155234657039711,0.00199334209348415,41.8545043700942,215
"{DANONE IAURT DELICIOS CAISE 125G} => {PAINE CU CARTOFI FELII BACHUS 1.2 KG}",0.000205810772107027,0.103249097472924,0.00199334209348415,1.6845633579687,143
"{DANONE IAURT DELICIOS CAISE 125G} => {_BANANE}",0.000451920156934312,0.226714801444043,0.00199334209348415,2.94465634799028,314
"{SALAM SECUIESC BERTIS} => {_BANANE}",0.000272015635861735,0.118198874296435,0.0023013386335604,1.53521103741526,189
"{FAINA BANEASA TIP 000 1KG} => {_BANANE}",0.000218763897624253,0.105628908964559,0.0020710608465875,1.37194764229165,152
"{FOIETAJ CU GEM RIP-ROP 100G} => {_BANANE}",0.00049509724199173,0.147956989247312,0.00334622409194992,1.92172052658926,344
"{_CLEMENTINA PLASA^2 A nu se consuma coaja-A heja nem eheto} => {_PORTOCALE PLASA BUC^2 A nu se consuma coaja}",0.000224520842298575,0.100580270793037,0.00223225529746853,13.9657233594169,156
"{_CLEMENTINA PLASA^2 A nu se consuma coaja-A heja nem eheto} => {PAINE CU CARTOFI FELII BACHUS 1.2 KG}",0.00023603473164722,0.105738233397808,0.00223225529746853,1.72517492043937,164
"{_CLEMENTINA PLASA^2 A nu se consuma coaja-A heja nem eheto} => {_BANANE}",0.000536835090880568,0.240490006447453,0.00223225529746853,3.12357384521496,373
"{SMANTANA 12% GRASIME KERESZTURI 750G} => {CARNE TOCATA PORC VRAC}",0.000338220499616444,0.13536866359447,0.00249851398865594,2.76415514908939,235
"{CHEFIR 3.3% FRISS 330G} => {SANA 3.6% PET FRISS 330G}",0.000325267374099218,0.104051565377532,0.00312602095815709,7.71984840306026,226
"{CHEFIR 3.3% FRISS 330G} => {_BANANE}",0.000385715293179604,0.123388581952118,0.00312602095815709,1.60261689488544,268
"{CAFEA JACOBS 3IN1 CLASSIC 15.2G} => {PAINE CU CARTOFI FELII BACHUS 1.2 KG}",0.000266258691187413,0.106017191977077,0.00251146711417317,1.72972627645632,185
"{CAFEA JACOBS 3IN1 CLASSIC 15.2G} => {_BANANE}",0.000421696197394119,0.167908309455587,0.00251146711417317,2.18085571021152,293
"{LEGUME MIXT CONGELAT HAJDU 600G} => {CARNE TOCATA PORC VRAC}",0.000536835090880568,0.238949391415759,0.00224664765915433,4.87921778287119,373
"{CREMWURSTI PASARE CAROLI} => {CARNE TOCATA PORC VRAC}",0.00035261286130225,0.139521640091116,0.00252729871202755,2.84895669076406,245
"{CREMWURSTI PASARE CAROLI} => {_BANANE}",0.000284968761378961,0.112756264236902,0.00252729871202755,1.46452038925572,198
"{CORN CU SUSAN RIP-ROP 150G} => {_BANANE}",0.000368444459156636,0.103059581320451,0.00357506264275424,1.33857625714565,256
"{7DAYS CROISSANT CACAO 65G} => {_BANANE}",0.000384276057011023,0.118246235606732,0.00324979526865502,1.53582618376708,267
"{CARNATI CABANOS BERTIS} => {_BANANE}",0.000254744801838768,0.104919976289271,0.00242799141639549,1.36273976045382,177
"{COVRIG CU SALAM RIP-ROP 100G} => {MELCI PIZZA RIP-ROP 120G}",0.000434649322911344,0.120175089534421,0.00361680049164308,18.057788599628,302
"{GOBE SALAM DE BISCUITI CU STAFIDE DIN REMETEA 65G} => {PAINE CU CARTOFI FELII BACHUS 1.2 KG}",0.000358369805976572,0.126075949367089,0.00284249143294671,2.05699545877976,249
"{GOBE SALAM DE BISCUITI CU STAFIDE DIN REMETEA 65G} => {_BANANE}",0.000355491333639411,0.125063291139241,0.00284249143294671,1.62436864204746,247
"{SEMINTE LEGUME GARDENSEED KERTIMAG} => {CARNE TOCATA PORC VRAC}",0.000295043414559025,0.114206128133705,0.0025834289226022,2.33202758124324,205
"{SEMINTE LEGUME GARDENSEED KERTIMAG} => {_BANANE}",0.000264819455018832,0.102506963788301,0.0025834289226022,1.3313986546526,184
"{MARGARINA CU SARE BORDS EVE 250G} => {_BANANE}",0.000241791676321543,0.102251978088862,0.00236466502497794,1.32808680534361,168
"{SALAM CU LEGUME KINGA} => {_MERE ROSII}",0.000345416680459347,0.127523910733262,0.00270864246926871,6.01978877561725,240
"{SALAM CU LEGUME KINGA} => {_BANANE}",0.000562741341915019,0.207757704569607,0.00270864246926871,2.69843450761982,391
"{BRANZA TOPITA MEDVE NATUR 140G} => {_BANANE}",0.000404425363371152,0.184625492772668,0.00219051744857969,2.39798471838219,281
"{PAINE CU MULTISEMINTE DOBOI 500G} => {_BANANE}",0.000437527795248506,0.134751773049645,0.00324691679631786,1.75020625643412,304
"{AMESTEC DE LEGUME HAJDU CONG.AGROSPRINT 400G} => {_MORCOVI}",0.000287847233716122,0.126823081800888,0.00226967543785162,3.68942915488696,200
"{AMESTEC DE LEGUME HAJDU CONG.AGROSPRINT 400G} => {CARNE TOCATA PORC VRAC}",0.00049365800582315,0.217501585288523,0.00226967543785162,4.44126514177195,343
"{SALAM VICTORIA CAROLI} => {_BANANE}",0.000293604178390445,0.115059221658206,0.00255176572689342,1.49443205865975,204
"{FRISCA PENTRU GATIT UHT 10% MEGGLE 200ML} => {_MORCOVI}",0.000251866329501607,0.106902871105681,0.00235602960796646,3.10992733970657,175
"{FRISCA PENTRU GATIT UHT 10% MEGGLE 200ML} => {_BANANE}",0.000244670148658704,0.103848503359805,0.00235602960796646,1.34882307065961,170
"{PARIZER PIEPT PUI FOX} => {PAINE CU CARTOFI FELII BACHUS 1.2 KG}",0.000286407997547542,0.113779302458548,0.00251722405884749,1.8563691936113,199
"{PARIZER PIEPT PUI FOX} => {_BANANE}",0.000307996540076251,0.122355631789594,0.00251722405884749,1.58920055314746,214
"{ELAN HREAN RAS 160G} => {CARNE TOCATA PORC VRAC}",0.000312314248581993,0.131754705525197,0.00237042196965227,2.6903600731795,217
"{ELAN HREAN RAS 160G} => {_BANANE}",0.000251866329501607,0.106253794778385,0.00237042196965227,1.38006389216476,175
"{SALAM DE PORC CRIS-TIM} => {PAINE CU CARTOFI FELII BACHUS 1.2 KG}",0.000277772580536058,0.106512141280353,0.00260789593746807,1.73780163479608,193
"{SALAM DE PORC CRIS-TIM} => {_BANANE}",0.000264819455018832,0.101545253863135,0.00260789593746807,1.31890760767186,184
"{SUNCA PRAGA CRIS-TIM} => {_BANANE}",0.000289286469884703,0.109002169197397,0.00265395149486265,1.41576080356203,201
"{GRASIME VEGETALA TARTINABILA CU 72% GRASIME RAMA 500G} => {DROJDIE PROASPATA BRAVO 50G}",0.000346855916627927,0.141100702576112,0.00245821537593568,20.0365016266128,241
"{GRASIME VEGETALA TARTINABILA CU 72% GRASIME RAMA 500G} => {_MORCOVI}",0.000251866329501607,0.102459016393443,0.00245821537593568,2.98065050064382,175
"{_MARAR FRUNZA LEGATURA} => {_PATRUNJEL FRUNZE LEGATURA}",0.000251866329501607,0.104353011329756,0.00241359905470968,23.9056474978772,175
"{_MARAR FRUNZA LEGATURA} => {_VARZA ALBA}",0.000266258691187413,0.110316040548599,0.00241359905470968,12.7684522874718,185
"{_MARAR FRUNZA LEGATURA} => {_MORCOVI}",0.00030655730390767,0.12701252236136,0.00241359905470968,3.69494019843675,213
"{_MARAR FRUNZA LEGATURA} => {CARNE TOCATA PORC VRAC}",0.000274894108198897,0.113893858079905,0.00241359905470968,2.32565119505313,191
"{_MARAR FRUNZA LEGATURA} => {_BANANE}",0.000303678831570509,0.125819916517591,0.00241359905470968,1.63419597448989,211
"{SMANTANA 20% GRASIME FRISS 900G} => {CARNE TOCATA PORC VRAC}",0.000266258691187413,0.103699551569507,0.00256759732474781,2.11748895067634,185
"{_ARDEI CAPIA GALBEN} => {_CEAPA GALBENA}",0.00023603473164722,0.102180685358255,0.00230997405057188,5.80273547493466,164
"{_ARDEI CAPIA GALBEN} => {_ROSII VRAC}",0.000300800359233348,0.130218068535826,0.00230997405057188,6.74397785134038,209
"{_ARDEI CAPIA GALBEN} => {_ARDEI ROSU CAPIA}",0.000342538208122185,0.148286604361371,0.00230997405057188,6.46898100308514,238
"{_ARDEI CAPIA GALBEN} => {_MORCOVI}",0.000310875012413412,0.134579439252336,0.00230997405057188,3.91507050432229,216
"{_ARDEI CAPIA GALBEN} => {CARNE TOCATA PORC VRAC}",0.000313753484750573,0.13582554517134,0.00230997405057188,2.77348442463732,218
"{_ARDEI CAPIA GALBEN} => {PAINE CU CARTOFI FELII BACHUS 1.2 KG}",0.000231717023141478,0.100311526479751,0.00230997405057188,1.63663534137921,161
"{_ARDEI CAPIA GALBEN} => {_BANANE}",0.000372762167662378,0.161370716510903,0.00230997405057188,2.09594301619012,259
"{BRANZA GOUDA CALUP MLEKOVITA} => {CARNE TOCATA PORC VRAC}",0.000351173625133669,0.136618141097424,0.00257047579708497,2.78966880625165,244
"{PIEPT PORC FASONAT CU OS} => {CARNE TOCATA PORC VRAC}",0.000654852456704178,0.247551686615887,0.00264531607785116,5.05487201436048,455
"{CHIPS DE CARTOFI SARATI LIZA SNACK 45G} => {_BANANE}",0.000358369805976572,0.124812030075188,0.00287127615631832,1.62110516969122,249
"{HARTIE IGIENICA NATUR FARA TUB 60G} => {_BANANE}",0.00035405209747083,0.112999540652274,0.00313321713899999,1.46768015401866,246
"{CAFEA TCHIBO FAMILY 250G} => {CARNE TOCATA PORC VRAC}",0.000451920156934312,0.175910364145658,0.00256903656091639,3.59199482302693,314
"{CABANOS PREMIUM BENEDEK} => {PAINE CU CARTOFI FELII BACHUS 1.2 KG}",0.000274894108198897,0.111046511627907,0.00247548620995865,1.81178227313485,191
"{CABANOS PREMIUM BENEDEK} => {_BANANE}",0.000312314248581993,0.126162790697674,0.00247548620995865,1.6386493521455,217
"{SANGERETE VRAC} => {CALTABOS VRAC}",0.00216173272520808,0.836768802228412,0.0025834289226022,211.3405459043,1502
"{CALTABOS VRAC} => {SANGERETE VRAC}",0.00216173272520808,0.545983278807706,0.00395933869976526,211.3405459043,1502
"{SANGERETE VRAC} => {CARNE TOCATA PORC VRAC}",0.000440406267585667,0.170473537604457,0.0025834289226022,3.48097775541674,306
"{CIOCOLATA MILKA CAPSUNI&IAURT 100G} => {_BANANE}",0.000430331614405603,0.161447084233261,0.00266546538421129,2.0969349086338,299
"{CHIFLA PANOS 80G} => {PAINE CU CARTOFI FELII BACHUS 1.2 KG}",0.000378519112336701,0.113069647463457,0.0033476633281185,1.84479079892516,263
"{CHIFLA PANOS 80G} => {_BANANE}",0.00040154689103399,0.119948409286328,0.0033476633281185,1.55793464999461,279
"{COASTE INTREGI AFUMATE ELIT} => {CARNE TOCATA PORC VRAC}",0.000686515652412951,0.254943880277926,0.00269281087141432,5.20581662466708,477
"{MAGGI CUB GAINA 60G} => {_TELINA}",0.000248987857164446,0.121745249824068,0.00204515459555305,7.11439716282673,173
"{MAGGI CUB GAINA 60G} => {_PATRUNJEL RADACINA KG}",0.000280651052873219,0.137227304714989,0.00204515459555305,6.77326953689962,195
"{MAGGI CUB GAINA 60G} => {_MORCOVI}",0.000411621544214055,0.201266713581985,0.00204515459555305,5.85507993066653,286
"{MAGGI CUB GAINA 60G} => {CARNE TOCATA PORC VRAC}",0.000338220499616444,0.165376495425756,0.00204515459555305,3.37689890135058,235
"{MAGGI CUB GAINA 60G} => {PAINE CU CARTOFI FELII BACHUS 1.2 KG}",0.000218763897624253,0.106966924700915,0.00204515459555305,1.7452216656229,152
"{MAGGI CUB GAINA 60G} => {_BANANE}",0.000221642369961414,0.108374384236453,0.00204515459555305,1.40760689848552,154
"{CREMWURSTI PORC FOX} => {CARNE TOCATA PORC VRAC}",0.000322388901762057,0.115762273901809,0.00278492198620348,2.36380323909065,224
"{CREMWURSTI PORC FOX} => {_BANANE}",0.00028352952521038,0.101808785529716,0.00278492198620348,1.32233045518756,197
"{FRANZELA CU SEMINTE RIP-ROP 300G} => {APA MINERALA NATURALA CARBOGAZIFICATA CONTINUT REDUS CO2 TUSNAD 2L}",0.000336781263447863,0.103815439219166,0.0032440383239807,2.58909966870733,234
"{FRANZELA CU SEMINTE RIP-ROP 300G} => {_BANANE}",0.000372762167662378,0.114906832298137,0.0032440383239807,1.49245276884877,259
"{SERVETELE LINDY 1STR 28*28CM 55BUC} => {_BANANE}",0.000302239595401928,0.129950495049505,0.00232580564842627,1.68784546811537,210
"{_GHIMBIR} => {_LAMAIE^2 A nu se consuma coaja}",0.000893765660688559,0.307730426164519,0.00290437858819567,15.5864630846077,621
"{_GHIMBIR} => {_BANANE}",0.000450480920765731,0.155104063429138,0.00290437858819567,2.01454939009981,313
"{KINDER BATON LAPTE 28G} => {_BANANE}",0.00035405209747083,0.124556962025316,0.00284249143294671,1.61779225078411,246
"{NAPOLITANE CU CREMA DE LAMAIE ALFERS 170G} => {_BANANE}",0.000500854186666053,0.172362555720654,0.00290581782436425,2.23870912100074,348
"{APA MINERALA NATURALA CARBO.TIVA HARGHITA 2.5L} => {_BANANE}",0.000421696197394119,0.103387438249824,0.00407879530175745,1.34283458515141,293
"{CARNATI CU CASCAVAL BERTIS} => {PAINE CU CARTOFI FELII BACHUS 1.2 KG}",0.000339659735785024,0.131917272219117,0.00257479350559071,2.15229971498571,236
"{CORN CU SUSAN PANOS 80G} => {CORN CU CASCAVAL PANOS 80G}",0.000657730929041339,0.159067177166725,0.0041349255123321,7.33779993153256,457
"{CORN CU SUSAN PANOS 80G} => {_BANANE}",0.000453359393102892,0.109641489731987,0.0041349255123321,1.4240645369689,315
"{L&M RED LABEL BOX} => {APA MINERALA NATURALA CARBOGAZIFICATA CONTINUT REDUS CO2 TUSNAD 2L}",0.000485022588811666,0.105049875311721,0.0046170696288066,2.61988582250404,337
"{ELAN PARIZER GROS DE PUI} => {PAINE CU CARTOFI FELII BACHUS 1.2 KG}",0.000457677101608634,0.155577299412916,0.00294179872857877,2.53832550925154,318
"{HARTIE IGIENICA SUPERIOR 3STRAT PAPERNET 10ROLE} => {_BANANE}",0.000356930569807992,0.124748490945674,0.00286120150313825,1.62027989979319,248
"{BERE CIUC PREMIUM DOZA 500ML} => {PAINE CU CARTOFI FELII BACHUS 1.2 KG}",0.000433210086742764,0.112734082397004,0.00384276057011023,1.83931587828181,301
"{CREMWURSTI PIEPT PUI BENEDEK} => {_BANANE}",0.000388593765516765,0.135542168674699,0.00286695844781258,1.76047220942842,270
"{KINDER CIOCOLATA T8 100G} => {_BANANE}",0.000497975714328891,0.178442496132027,0.0027906789308778,2.31767765333175,346
"{CARNATI TARANESC HAJDU} => {CARNE TOCATA PORC VRAC}",0.000349734388965088,0.123225152129817,0.00283817372444096,2.5161911901365,243
"{KINDER CIOCOLATA T4 50G} => {_BANANE}",0.000519564256857601,0.192944949225013,0.00269281087141432,2.50604091982202,361
"{COTLET DE PORC CU OS SI SLANINA} => {COTLET PORC FARA OS}",0.000320949665593476,0.107625482625483,0.00298209734129903,5.75094858566942,223
"{COTLET DE PORC CU OS SI SLANINA} => {CARNE TOCATA PORC VRAC}",0.00077718753103353,0.260617760617761,0.00298209734129903,5.32167420307721,540
"{BATON CIOCOLATA ROM 30G} => {_BANANE}",0.000381397584673862,0.121225983531564,0.00314617026451722,1.5745282605013,265
"{PAINE ALBA CU CARTOFI FELII BRUTARIA SANDOR 500G} => {_BANANE}",0.000598722246129534,0.143547273982057,0.00417090641654661,1.8644455010243,416
"{PIPER MACINAT ECOM 100G} => {CARNE TOCATA PORC VRAC}",0.000440406267585667,0.181279620853081,0.00242943065256407,3.70163215105039,306
"{CORN CU LAPTE RIP-ROP 100G} => {_BANANE}",0.000627506969501146,0.145770645269141,0.00430475538022461,1.89332347605173,436
"{TURTA MARUNTA CU CASCAVAL BACHUS 250G} => {_BANANE}",0.000402986127202571,0.102790014684288,0.00392047932321358,1.33507502519551,280
"{FRANZELA ALBA AMB.HARMOPAN 300G} => {_BANANE}",0.000461994810114376,0.108813559322034,0.0042457466973128,1.41331106819741,321
"{CAFEA JACOBS KRONUNG 250G} => {_BANANE}",0.000359809042145153,0.105485232067511,0.00341098971953605,1.37008151319793,250
"{RULADA DE PRIMAVARA CU CASCAVAL KINGA} => {PAINE CU CARTOFI FELII BACHUS 1.2 KG}",0.000297921886896186,0.100145137880987,0.00297490116045612,1.63392062383183,207
"{RULADA DE PRIMAVARA CU CASCAVAL KINGA} => {_BANANE}",0.000323828137930637,0.108853410740203,0.00297490116045612,1.41382867327101,225
"{CONSERVA MAZARE VERDE GREEN PEAS 400G} => {_TELINA}",0.000293604178390445,0.101391650099404,0.00289574317118419,5.92499887136391,204
"{CONSERVA MAZARE VERDE GREEN PEAS 400G} => {_PATRUNJEL RADACINA KG}",0.000346855916627927,0.119781312127237,0.00289574317118419,5.91216969688582,241
"{CONSERVA MAZARE VERDE GREEN PEAS 400G} => {_MORCOVI}",0.000502293422834633,0.173459244532803,0.00289574317118419,5.04612870840607,349
"{CONSERVA MAZARE VERDE GREEN PEAS 400G} => {CARNE TOCATA PORC VRAC}",0.000451920156934312,0.156063618290258,0.00289574317118419,3.18673496973313,314
"{CONSERVA MAZARE VERDE GREEN PEAS 400G} => {_BANANE}",0.000297921886896186,0.102882703777336,0.00289574317118419,1.33627890568543,207
"{CORN UMPLUT CU FRUCTE DE PADURE PANIPROD 120G} => {BRANZOAICA PANIPROD 120G}",0.000555545161072116,0.132101300479124,0.00420544808459255,15.091368117363,386
"{CORN UMPLUT CU FRUCTE DE PADURE PANIPROD 120G} => {_BANANE}",0.000539713563217729,0.128336755646817,0.00420544808459255,1.66688561923978,375
"{SLANINA AFUMATA MAESTRO} => {CARNE TOCATA PORC VRAC}",0.000443284739922828,0.149951314508277,0.00295619109026457,3.06192502093747,308
"{TURTA DULCE MARIEN 250G} => {_BANANE}",0.000497975714328891,0.152021089630931,0.00327570151968947,1.97450657724528,346
"{CONSERVA SUNCA DE PORC HAME 105G} => {PAINE CU CARTOFI FELII BACHUS 1.2 KG}",0.000290725706053283,0.111725663716814,0.00260213899279374,1.82286299685509,202
"{CONSERVA SUNCA DE PORC HAME 105G} => {_BANANE}",0.000368444459156636,0.141592920353982,0.00260213899279374,1.8390616276271,256
"{MUSCHI FILE ELIT} => {CARNE TOCATA PORC VRAC}",0.000346855916627927,0.109595270577535,0.00316488033470876,2.23787635512355,241
"{MUSCHI FILE ELIT} => {_BANANE}",0.000358369805976572,0.113233287858117,0.00316488033470876,1.47071614985629,249
"{CORN CU CASCAVAL PANIPROD 100G} => {_BANANE}",0.000538274327049148,0.115147783251232,0.00467463907554982,1.49558232964086,374
"{_DOVLECEI KG} => {_MORCOVI}",0.00035261286130225,0.118129218900675,0.00298497581363619,3.43651469485994,245
"{_DOVLECEI KG} => {_BANANE}",0.000437527795248506,0.146576663452266,0.00298497581363619,1.90379234065351,304
"{TOMATO JUICE 100% EKO 1L} => {_MORCOVI}",0.000392911474022507,0.129691211401425,0.00302959213486219,3.77286634012135,273
"{TOMATO JUICE 100% EKO 1L} => {CARNE TOCATA PORC VRAC}",0.000746963571493337,0.246555819477435,0.00302959213486219,5.03453694414949,519
"{DANONE IAURT DELICIOS CAPSUNI 125G} => {DANONE IAURT DELICIOS BISCUITI 125G}",0.000307996540076251,0.110252447192169,0.00279355740321497,29.7263615021081,214
"{DANONE IAURT DELICIOS CAPSUNI 125G} => {PAINE CU CARTOFI FELII BACHUS 1.2 KG}",0.0002820902890418,0.100978876867594,0.00279355740321497,1.64752351413619,196
"{DANONE IAURT DELICIOS CAPSUNI 125G} => {_BANANE}",0.00054115279938631,0.193714580113344,0.00279355740321497,2.51603717267581,376
"{_GRAPEFRUIT ROSU^2 A nu se consuma coaja} => {_LAMAIE^2 A nu se consuma coaja}",0.000532517382374826,0.162637362637363,0.00327426228352089,8.23753855125775,370
"{_GRAPEFRUIT ROSU^2 A nu se consuma coaja} => {_BANANE}",0.000810289962910884,0.247472527472527,0.00327426228352089,3.21426543098924,563
"{PREPARAT ALIMENTAR CU GRASIME VEGETALA GOLDI} => {CARNE TOCATA PORC VRAC}",0.000418817725056958,0.14327917282127,0.00292308865838722,2.92568348386473,291
"{KINDER BUENO 43G} => {_BANANE}",0.000741206626819015,0.219709897610921,0.00337356957915295,2.853674045962,515
"{GOBE CARNATI AFUMATI UDVARHELYI} => {CARNE TOCATA PORC VRAC}",0.00040154689103399,0.133110687022901,0.00301663900934496,2.71804848451062,279
"{GOBE CARNATI AFUMATI UDVARHELYI} => {PAINE CU CARTOFI FELII BACHUS 1.2 KG}",0.00035261286130225,0.116889312977099,0.00301663900934496,1.90711065180006,245
"{BICARBONAT DE SODIU ECOM 150G} => {CARNE TOCATA PORC VRAC}",0.000290725706053283,0.101354741595585,0.00286839768398116,2.06960919482331,202
"{PESMET 350G COUNTRY} => {CARNE TOCATA PORC VRAC}",0.000338220499616444,0.119228817858955,0.00283673448827238,2.43458819828471,235
"{PESMET 350G COUNTRY} => {_BANANE}",0.000335342027279282,0.118214104515474,0.00283673448827238,1.53540885317712,233
"{BRANZA DE VACA VRAC KERESZTURI} => {_BANANE}",0.000434649322911344,0.12588578574406,0.00345272756842489,1.63505150855571,302
"{BRANZA DE VACA VRAC LACTIS} => {_BANANE}",0.000391472237853926,0.111521115211152,0.00351029701516811,1.44847781331351,272
"{MUSTAR DULCE LA MINUT 290G} => {CARNE TOCATA PORC VRAC}",0.000371322931493798,0.131632653061224,0.002820902890418,2.68786782764947,258
"{MUSTAR DULCE LA MINUT 290G} => {PAINE CU CARTOFI FELII BACHUS 1.2 KG}",0.000297921886896186,0.105612244897959,0.002820902890418,1.7231193517655,207
"{MUSTAR DULCE LA MINUT 290G} => {_BANANE}",0.00028352952521038,0.100510204081633,0.002820902890418,1.30546399529996,197
"{BATON LAPTE END-IBO 100G} => {PAINE CU CARTOFI FELII BACHUS 1.2 KG}",0.000459116337777215,0.124366471734893,0.00369164077240927,2.02910443163331,319
"{BATON LAPTE END-IBO 100G} => {_BANANE}",0.000449041684597151,0.121637426900585,0.00369164077240927,1.57987224034164,312
"{CREMINOS CU UNT LACTO FOOD 60% 200G} => {CARNE TOCATA PORC VRAC}",0.000320949665593476,0.109153206069506,0.00294035949241019,2.22884963613517,223
"{CREMINOS CU UNT LACTO FOOD 60% 200G} => {PAINE CU CARTOFI FELII BACHUS 1.2 KG}",0.000316631957087734,0.107684777288302,0.00294035949241019,1.75693380834116,220
"{CREMINOS CU UNT LACTO FOOD 60% 200G} => {_BANANE}",0.000331024318773541,0.112579539892315,0.00294035949241019,1.46222502759509,230
"{BAZA PENTRU MANCARE PODRAVKA ROSU 75G} => {_MORCOVI}",0.000356930569807992,0.134126554894538,0.00266114767570555,3.9018955780413,248
"{BAZA PENTRU MANCARE PODRAVKA ROSU 75G} => {CARNE TOCATA PORC VRAC}",0.000460555573945795,0.173066522444565,0.00266114767570555,3.53392510827505,320
"{BAZA PENTRU MANCARE PODRAVKA ROSU 75G} => {_BANANE}",0.000290725706053283,0.109248242293131,0.00266114767570555,1.41895689265198,202
"{SALAM VRAC} => {CARNE TOCATA PORC VRAC}",0.000528199673869084,0.108902077151335,0.00485022588811666,2.22372171898054,367
"{CASCAVAL DALIA CALUP KERESZTURI} => {CARNE TOCATA PORC VRAC}",0.000325267374099218,0.107875894988067,0.00301519977317638,2.2027676323021,226
"{CASCAVAL DALIA CALUP KERESZTURI} => {PAINE CU CARTOFI FELII BACHUS 1.2 KG}",0.000316631957087734,0.105011933174224,0.00301519977317638,1.71332495009116,220
"{CASCAVAL DALIA CALUP KERESZTURI} => {_BANANE}",0.000332463554942121,0.110262529832936,0.00301519977317638,1.43213083728968,231
"{SALAM DIN CASA CAROLISTILOR GASTRO CAROLI} => {CARNE TOCATA PORC VRAC}",0.000405864599539732,0.121499353726842,0.0033404671472756,2.48095131692504,282
"{SALAM DIN CASA CAROLISTILOR GASTRO CAROLI} => {PAINE CU CARTOFI FELII BACHUS 1.2 KG}",0.000394350710191087,0.118052563550194,0.0033404671472756,1.9260896970366,274
"{SALAM DIN CASA CAROLISTILOR GASTRO CAROLI} => {_BANANE}",0.000382836820842443,0.114605773373546,0.0033404671472756,1.48854250331795,266
"{TOBA DE CASA BENEDEK} => {CARNE TOCATA PORC VRAC}",0.000333902791110702,0.102518780380027,0.00325699144949792,2.09337823940363,232
"{TOBA DE CASA BENEDEK} => {_BANANE}",0.000378519112336701,0.116217410517013,0.00325699144949792,1.50947504726717,263
"{BATON LAPTE END-IBO 80G} => {PAINE CU CARTOFI FELII BACHUS 1.2 KG}",0.000434649322911344,0.119273301737757,0.00364414597884611,1.94600668295487,302
"{BATON LAPTE END-IBO 80G} => {_BANANE}",0.00049365800582315,0.135466034755134,0.00364414597884611,1.75948335370257,343
"{SUNCA DE PORC SISSI GASTRO CAROLI} => {PAINE CU CARTOFI FELII BACHUS 1.2 KG}",0.000420256961225538,0.136257582827811,0.00308428310926825,2.22311416656507,292
"{SUNCA DE PORC SISSI GASTRO CAROLI} => {_BANANE}",0.000437527795248506,0.141857209519365,0.00308428310926825,1.84249431381959,304
"{MARGARINA CU SARE BORDS EVE 500G} => {PAINE CU CARTOFI FELII BACHUS 1.2 KG}",0.000390033001685346,0.118911803422554,0.00328001922819521,1.94010864771133,271
"{MARGARINA CU SARE BORDS EVE 500G} => {_BANANE}",0.00035261286130225,0.107503290917069,0.00328001922819521,1.39629281375757,245
"{FICAT DE PUI REFRIGERAT VRAC SZEKELY CSURKE} => {CARNE TOCATA PORC VRAC}",0.00049365800582315,0.128416323474354,0.00384419980627881,2.62219211103496,343
"{FICAT DE PUI REFRIGERAT VRAC SZEKELY CSURKE} => {_BANANE}",0.000391472237853926,0.101834518906776,0.00384419980627881,1.32266468988081,272
"{MITITEI SZUPER} => {CARNE TOCATA PORC VRAC}",0.000656291692872759,0.168017686072218,0.00390608696152778,3.43083059079249,456
"{PAINE NEAGRA CU FAINA DE SECARA FEL.HARMOPAN 500G} => {_BANANE}",0.00051812502068902,0.113888010123379,0.00454942552888331,1.47921992668203,360
"{FASOLE BOABE CONG.AGROSPRINT 400G} => {_MORCOVI}",0.00040154689103399,0.110890302066773,0.00362111820014882,3.22592628746946,279
"{FASOLE BOABE CONG.AGROSPRINT 400G} => {CARNE TOCATA PORC VRAC}",0.000420256961225538,0.116057233704293,0.00362111820014882,2.36982615927883,292
"{LAPTE DE CONSUM 1.5% CUTIE KERESZTURI 1L} => {_BANANE}",0.000497975714328891,0.127346337872654,0.00391040467003352,1.65402170401556,346
"{KINDER OUA CIOCOLATA 20G} => {_BANANE}",0.000413060780382635,0.115912762520194,0.00356354875340559,1.50551816552843,287
"{ELAN BATISTE DE HARTIE 3STR 50BUC} => {_BANANE}",0.00058864759294947,0.16373098478783,0.00359521194911437,2.12659906034932,409
"{PUFULETI GUSTO 45G} => {PAINE CU CARTOFI FELII BACHUS 1.2 KG}",0.000411621544214055,0.101131541725601,0.00407015988474597,1.65001432163129,286
"{PUFULETI GUSTO 45G} => {_BANANE}",0.000758477460841982,0.186350777934936,0.00407015988474597,2.42039336516136,527
"{_CONOPIDA} => {_GULII}",0.000384276057011023,0.114102564102564,0.00336781263447863,14.0741957876433,267
"{_CONOPIDA} => {_TELINA}",0.000526760437700504,0.156410256410256,0.00336781263447863,9.14010761035992,366
"{_CONOPIDA} => {_PATRUNJEL RADACINA KG}",0.000574255231263664,0.170512820512821,0.00336781263447863,8.41617705185582,399
"{_CONOPIDA} => {_MORCOVI}",0.000931185801071655,0.276495726495727,0.00336781263447863,8.04357834590836,647
"{_CONOPIDA} => {_BANANE}",0.00042457466973128,0.126068376068376,0.00336781263447863,1.63742305974758,295
"{ZAHAR CRISTAL KORONAS 1KG} => {_BANANE}",0.00035405209747083,0.100408163265306,0.0035261286130225,1.3041386511423,246
"{_ROSII CIORCHINE} => {_CASTRAVETI CORNISON}",0.000637581622681211,0.173998428908091,0.00366429528520624,10.4185083061804,443
"{_ROSII CIORCHINE} => {_ARDEI ROSU CAPIA}",0.000503732659003214,0.137470542026709,0.00366429528520624,5.99713189660347,350
"{_ROSII CIORCHINE} => {PAINE CU CARTOFI FELII BACHUS 1.2 KG}",0.000417378488888377,0.113904163393559,0.00366429528520624,1.85840636547148,290
"{_ROSII CIORCHINE} => {_BANANE}",0.000567059050420761,0.154752553024352,0.00366429528520624,2.00998384193867,394
"{_VINETE} => {_MORCOVI}",0.000367005222988056,0.102905569007264,0.00356642722574275,2.99364122921806,255
"{_VINETE} => {_BANANE}",0.000446163212259989,0.125100887812752,0.00356642722574275,1.62485696165701,310
"{SARE IODATA DE MASA VERITABIL 1KG} => {CARNE TOCATA PORC VRAC}",0.000362687514482314,0.10426148117501,0.00347863381945934,2.12896325034979,252
"{PAINE ALBA SECUIASCA CU CARTOFI FEL.HARMOPAN 500G} => {_BANANE}",0.000539713563217729,0.110196885101381,0.00489772068167982,1.4312782190475,375
"{POLONEZ CRISTUR} => {PARIZER CRISTUR}",0.000667805582221403,0.174043510877719,0.00383700362543591,9.90642204665199,464
"{POLONEZ CRISTUR} => {PAINE CU CARTOFI FELII BACHUS 1.2 KG}",0.000443284739922828,0.115528882220555,0.00383700362543591,1.88491450810855,308
"{POLONEZ CRISTUR} => {_BANANE}",0.000469190990957279,0.122280570142536,0.00383700362543591,1.5882256244966,326
"{SLANINA AFUMATA ELIT} => {CARNE TOCATA PORC VRAC}",0.000880812535171334,0.201713909030982,0.00436664253547357,4.1188893018939,612
"{KENT CORE BLUE 94 S} => {PAINE CU CARTOFI FELII BACHUS 1.2 KG}",0.000649095512029856,0.113060917523189,0.00574111307646806,1.84464836535574,451
"{BRANZA TRAPIST CALUP KERESZTURI} => {CARNE TOCATA PORC VRAC}",0.00035261286130225,0.104166666666667,0.0033850834685016,2.1270271891929,245
"{BRANZA TRAPIST CALUP KERESZTURI} => {PAINE CU CARTOFI FELII BACHUS 1.2 KG}",0.000346855916627927,0.102465986394558,0.0033850834685016,1.67178648862917,241
"{BRANZA TRAPIST CALUP KERESZTURI} => {_BANANE}",0.000365565986819475,0.107993197278912,0.0033850834685016,1.40265590019539,254
"{_KIWI KG} => {_LAMAIE^2 A nu se consuma coaja}",0.000407303835708313,0.105478941483414,0.00386147064030178,5.34247993650061,283
"{_KIWI KG} => {_BANANE}",0.00167958860873357,0.43496086470369,0.00386147064030178,5.64943384030965,1167
"{_CAISE} => {_BANANE}",0.00105208163923243,0.237646293888166,0.00442709045455396,3.08663864651497,731
"{CALTABOS VRAC} => {CARNE TOCATA PORC VRAC}",0.00068363718007579,0.172664485641585,0.00395933869976526,3.52571573344951,475
"{SUNCA PRAGA CAROLI} => {PAINE CU CARTOFI FELII BACHUS 1.2 KG}",0.000387154529348184,0.100148920327625,0.00386578834880752,1.63398233643916,269
"{SUNCA PRAGA CAROLI} => {_BANANE}",0.000413060780382635,0.106850335070737,0.00386578834880752,1.38781197983931,287
"{ULEI KUNSAGI EDEN 1L} => {_BANANE}",0.0004231354335627,0.113382182799846,0.00373193938512952,1.47265005285932,294
"{ARIPI PUI REFRIGERAT VRAC SZEKELY CSURKE} => {PULPE DE PUI INFERIOARE REFR.VRAC SZEKELY CSURKE}",0.00042457466973128,0.102217602217602,0.00415363558252364,19.7010038417805,295
"{ARIPI PUI REFRIGERAT VRAC SZEKELY CSURKE} => {_MORCOVI}",0.00047206946329444,0.113652113652114,0.00415363558252364,3.30627055949448,328
"{ARIPI PUI REFRIGERAT VRAC SZEKELY CSURKE} => {CARNE TOCATA PORC VRAC}",0.000631824678006888,0.152113652113652,0.00415363558252364,3.10607878937441,439
"{_CARTOFI NOI} => {_ROSII DE GRADINA ROMANIA}",0.000457677101608634,0.102514506769826,0.00446451059493706,10.1856731005667,318
"{_CARTOFI NOI} => {_CEAPA GALBENA}",0.000460555573945795,0.103159252095422,0.00446451059493706,5.85830726817954,320
"{_CARTOFI NOI} => {_MORCOVI}",0.000580012175937986,0.129916183107672,0.00446451059493706,3.779411025523,403
"{_CARTOFI NOI} => {PAINE CU CARTOFI FELII BACHUS 1.2 KG}",0.000489340297317408,0.109606705351386,0.00446451059493706,1.7882910760652,340
"{_CARTOFI NOI} => {_BANANE}",0.000567059050420761,0.127014829142489,0.00446451059493706,1.64971594505991,394
"{KAIZER PROMO} => {CARNE TOCATA PORC VRAC}",0.000643338567355533,0.143776133805082,0.00447458524811712,2.93583115930028,447
"{KAIZER PROMO} => {PAINE CU CARTOFI FELII BACHUS 1.2 KG}",0.000489340297317408,0.10935992280476,0.00447458524811712,1.7842646889528,340
"{CROISSANT FITTNES DIOSZEGI 100G} => {_BANANE}",0.00105208163923243,0.153313758389262,0.00686227805179235,1.99129624091444,731
"{_PEPENE VERDE} => {PAINE CU CARTOFI FELII BACHUS 1.2 KG}",0.000538274327049148,0.101409978308026,0.00530790298972529,1.65455716099503,374
"{_PEPENE VERDE} => {_BANANE}",0.000687954888581532,0.129609544468547,0.00530790298972529,1.68341707488222,478
"{DR.OETKER BUDINCA VANILIE 40G} => {DR.OETKER ZAHAR VANILINAT 8G}",0.000379958348505281,0.110045852438516,0.00345272756842489,20.9655302633295,264
"{DR.OETKER BUDINCA VANILIE 40G} => {_BANANE}",0.000483583352643085,0.14005835764902,0.00345272756842489,1.8191301552143,336
"{CARNE DE PORC IN SUC PROPRIU HAME 125G} => {PAINE CU CARTOFI FELII BACHUS 1.2 KG}",0.000483583352643085,0.123985239852399,0.00390033001685346,2.02288443285504,336
"{CARNE DE PORC IN SUC PROPRIU HAME 125G} => {_BANANE}",0.000418817725056958,0.107380073800738,0.00390033001685346,1.39469242392209,291
"{_CAPSUNI KG} => {_RIDICHI ROSU LEGATURA}",0.000451920156934312,0.102580855929435,0.00440550191202525,10.7083101338489,314
"{_CAPSUNI KG} => {_BANANE}",0.00110533337746991,0.250898399215942,0.00440550191202525,3.25876193016967,768
"{MELCI PIZZA RIP-ROP 120G} => {_BANANE}",0.000666366346052823,0.100129757785467,0.00665502804351675,1.30052261699586,463
"{DR.OETKER PRAF DE COPT 10G} => {DR.OETKER ZAHAR VANILINAT 8G}",0.00134568581762287,0.402843601895735,0.0033404671472756,76.748278465583,935
"{DR.OETKER ZAHAR VANILINAT 8G} => {DR.OETKER PRAF DE COPT 10G}",0.00134568581762287,0.256375102824239,0.00524889430681349,76.748278465583,935
"{DR.OETKER PRAF DE COPT 10G} => {CARNE TOCATA PORC VRAC}",0.00035405209747083,0.105988797931926,0.0033404671472756,2.16423412753035,246
"{DR.OETKER PRAF DE COPT 10G} => {_BANANE}",0.000391472237853926,0.117190866006032,0.0033404671472756,1.52211865000933,272
"{_CARTOFI ROSII} => {_MORCOVI}",0.00068363718007579,0.131179232256283,0.00521147416643039,3.81615457635591,475
"{_CARTOFI ROSII} => {_BANANE}",0.000575694467432244,0.110466721900028,0.00521147416643039,1.43478295996867,400
"{DANONE IAURT DELICIOS BISCUITI 125G} => {PAINE CU CARTOFI FELII BACHUS 1.2 KG}",0.000441845503754248,0.119130772215755,0.00370891160643223,1.9436812388002,307
"{DANONE IAURT DELICIOS BISCUITI 125G} => {_BANANE}",0.000876494826665592,0.236321303841676,0.00370891160643223,3.06942918190759,609
"{SALAM POTCOAVA CRIS-TIM} => {PAINE CU CARTOFI FELII BACHUS 1.2 KG}",0.000639020858849791,0.145573770491803,0.00438967031417086,2.3751126707538,444
"{SALAM POTCOAVA CRIS-TIM} => {_BANANE}",0.000708104194941661,0.161311475409836,0.00438967031417086,2.09517357068762,492
"{MUSCHI FILE AFUMAT FOX} => {PAINE CU CARTOFI FELII BACHUS 1.2 KG}",0.000509489603677536,0.116947472745292,0.00435656788229351,1.9080595590235,354
"{MUSCHI FILE AFUMAT FOX} => {_BANANE}",0.000580012175937986,0.133135117277833,0.00435656788229351,1.72920852866927,403
"{PAINE TRADITIONALA CU CARTOFI FEL.BOCSKOR 0.6KG} => {_BANANE}",0.000618871552489663,0.103689414034242,0.00596851239110379,1.34675675919943,430
"{_VARZA NOUA} => {_ROSII DE GRADINA ROMANIA}",0.000525321201531923,0.108276475823198,0.00485166512428524,10.7581728866214,365
"{_VARZA NOUA} => {_MORCOVI}",0.000710982667278822,0.146544052210027,0.00485166512428524,4.26313484124122,494
"{_VARZA NOUA} => {CARNE TOCATA PORC VRAC}",0.00065917016520992,0.135864728567191,0.00485166512428524,2.77428452846138,458
"{_VARZA NOUA} => {_BANANE}",0.000641899331186952,0.132304954019579,0.00485166512428524,1.71842605883177,446
"{SMANTANA 20% GRASIME FRISS 170G} => {PAINE CU CARTOFI FELII BACHUS 1.2 KG}",0.00049365800582315,0.10082304526749,0.00489628144551124,1.64498103957733,343
"{SMANTANA 20% GRASIME FRISS 170G} => {_BANANE}",0.000639020858849791,0.130511463844797,0.00489628144551124,1.695131539927,444
"{PARIZER SECUIESC MAXI BENEDEK} => {PAINE CU CARTOFI FELII BACHUS 1.2 KG}",0.000555545161072116,0.121460037759597,0.00457389254374918,1.98168443187571,386
"{PARIZER SECUIESC MAXI BENEDEK} => {_BANANE}",0.000490779533485988,0.107300188797986,0.00457389254374918,1.3936548477296,341
"{_SALATA VERDE BUC} => {_BANANE}",0.000608796899309598,0.125184965966262,0.00486317901363388,1.62594900005452,423
"{CAFEA AMAROY EXTRA 500G} => {CARNE TOCATA PORC VRAC}",0.000597283009960953,0.11928715148031,0.00500710263049194,2.43577933939192,415
"{CAFEA AMAROY EXTRA 500G} => {_BANANE}",0.000502293422834633,0.100316182811153,0.00500710263049195,1.30294397471849,349
"{ELAN BATISTE DE HARTIE 3STR 100BUC} => {_BANANE}",0.000531078146206245,0.115060804490178,0.00461563039263802,1.49445261707139,369
"{_PATRUNJEL FRUNZE LEGATURA} => {_CEAPA GALBENA}",0.000525321201531923,0.120342894823607,0.00436520329930499,6.83414857221699,365
"{_PATRUNJEL FRUNZE LEGATURA} => {_TELINA}",0.000650534748198436,0.149027365644576,0.00436520329930499,8.70867544201892,452
"{_PATRUNJEL FRUNZE LEGATURA} => {_PATRUNJEL RADACINA KG}",0.00075272051616766,0.172436531486977,0.00436520329930499,8.51112763742706,523
"{_PATRUNJEL FRUNZE LEGATURA} => {_ARDEI ROSU CAPIA}",0.000440406267585667,0.100890207715134,0.00436520329930499,4.40132026704182,306
"{_PATRUNJEL FRUNZE LEGATURA} => {_MORCOVI}",0.00108662330727836,0.248928453676228,0.00436520329930499,7.24161470792753,755
"{_PATRUNJEL FRUNZE LEGATURA} => {CARNE TOCATA PORC VRAC}",0.000469190990957279,0.107484338938345,0.00436520329930499,2.19477226880913,326
"{_PATRUNJEL FRUNZE LEGATURA} => {_BANANE}",0.000631824678006888,0.144741180349489,0.00436520329930499,1.87995240194728,439
"{_STRUGURI NEGRI} => {_BANANE}",0.0013586389431401,0.242611153945001,0.00560006793194716,3.15112409956049,944
"{CASCAVAL TRAPPIST 40% AMMERLAND} => {CARNE TOCATA PORC VRAC}",0.000485022588811666,0.103374233128834,0.00469190990957279,2.11084612345916,337
"{CASCAVAL TRAPPIST 40% AMMERLAND} => {_BANANE}",0.000568498286589341,0.121165644171779,0.00469190990957279,1.5737445504052,395
"{_PIERSICI} => {_BANANE}",0.00128523789854249,0.218979892103973,0.00586920509547173,2.84419246233176,893
"{_ROSII PRUNISOR} => {_ARDEI GRAS ROMANIA}",0.000582890648275147,0.110595303113053,0.0052704828493422,12.2830969216576,405
"{_ROSII PRUNISOR} => {_CASTRAVETI CORNISON}",0.000649095512029856,0.123156744948116,0.0052704828493422,7.37425951634222,451
"{_ROSII PRUNISOR} => {PAINE CU CARTOFI FELII BACHUS 1.2 KG}",0.000581451412106567,0.110322228290552,0.0052704828493422,1.7999652093468,404
"{_ROSII PRUNISOR} => {_BANANE}",0.00077718753103353,0.147460404150737,0.0052704828493422,1.91527069425528,540
"{COVRIGI RIP-ROP 100G} => {CORN CU CASCAVAL PANOS 80G}",0.000860663228811205,0.10767014764134,0.00799351768029671,4.96684492717581,598
"{COVRIGI RIP-ROP 100G} => {_BANANE}",0.00080021530973082,0.10010803024847,0.00799351768029671,1.30024041164651,556
"{PULPE DE PUI INFERIOARE REFR.VRAC SZEKELY CSURKE} => {PULPE DE PUI SUPERIOARE REFR.VRAC SZEKELY CSURKE}",0.000533956618543407,0.102912621359223,0.0051884463877331,16.5597561798208,371
"{PULPE DE PUI INFERIOARE REFR.VRAC SZEKELY CSURKE} => {_MORCOVI}",0.000581451412106567,0.112066574202497,0.0051884463877331,3.26014539530059,404
"{PULPE DE PUI INFERIOARE REFR.VRAC SZEKELY CSURKE} => {CARNE TOCATA PORC VRAC}",0.000765673641684885,0.147572815533981,0.0051884463877331,3.01335735385463,532
"{PULPE DE PUI INFERIOARE REFR.VRAC SZEKELY CSURKE} => {_BANANE}",0.000528199673869084,0.101803051317614,0.0051884463877331,1.32225597710339,367
"{GRASIME VEGETALA TARTINABILA CU 70% GRASIME RAMA 250G} => {DROJDIE PROASPATA BRAVO 50G}",0.000680758707738629,0.138831816847667,0.00490347762635414,19.7143166072712,473
"{GRASIME VEGETALA TARTINABILA CU 70% GRASIME RAMA 250G} => {CARNE TOCATA PORC VRAC}",0.000539713563217729,0.110067508071617,0.00490347762635414,2.24751919022437,375
"{FRANZELA GRAHAM FELIATA HARMOPAN 400G} => {_BANANE}",0.000726814265133208,0.100317838696861,0.0072451148726348,1.30296548197929,505
"{SANA 3.6% FRISS 900G} => {_BANANE}",0.000804533018236562,0.139784946236559,0.00575550543815386,1.81557898587648,559
"{_CIUPERCI} => {_MORCOVI}",0.000592965301455212,0.1140642303433,0.00519852104091317,3.3182595075163,412
"{_CIUPERCI} => {_BANANE}",0.000690833360918693,0.132890365448505,0.00519852104091317,1.72602960067992,480
"{GOBE 20 OUA PROASPETE M DIN GHEORGHENI} => {PAINE CU CARTOFI FELII BACHUS 1.2 KG}",0.000689394124750113,0.128936742934051,0.00534676236627697,2.10367081125809,479
"{GOBE 20 OUA PROASPETE M DIN GHEORGHENI} => {_BANANE}",0.000653413220535597,0.122207267833109,0.00534676236627697,1.58727354677869,454
"{BRANZA TOPITA CU SMANTANA GORDON 125G} => {PAINE CU CARTOFI FELII BACHUS 1.2 KG}",0.000578572939769406,0.129052969502408,0.0044832206651286,2.10556710888265,402
"{BRANZA TOPITA CU SMANTANA GORDON 125G} => {_BANANE}",0.000532517382374826,0.118780096308186,0.0044832206651286,1.54276016555154,370
"{_PORTOCALE^2 A nu se consuma coaja} => {_LAMAIE^2 A nu se consuma coaja}",0.000725375028964628,0.12241923730872,0.00592533530604638,6.20050135093918,504
"{_PORTOCALE^2 A nu se consuma coaja} => {_BANANE}",0.00213870494651079,0.360942433811027,0.00592533530604637,4.68805486986712,1486
"{_NECTARINE} => {_BANANE}",0.00182063375325447,0.292756306410553,0.00621893948443682,3.80242803114376,1265
"{CREMA DE UNT CU SMANTANA GORDON 125G} => {PAINE CU CARTOFI FELII BACHUS 1.2 KG}",0.000546909744060632,0.119309262166405,0.00458396719692925,1.94659339627169,380
"{CREMA DE UNT CU SMANTANA GORDON 125G} => {_BANANE}",0.00072969273747037,0.159183673469388,0.00458396719692925,2.0675368859573,507
"{SALAM DE PORC GASTRO CAROLI} => {CARNE TOCATA PORC VRAC}",0.00070666495877308,0.112023728040155,0.00630817212688882,2.28746414761114,491
"{SALAM DE PORC GASTRO CAROLI} => {PAINE CU CARTOFI FELII BACHUS 1.2 KG}",0.000673562526895726,0.106776180698152,0.00630817212688882,1.74210957684274,468
"{BRANZOAICA PANIPROD 120G} => {_BANANE}",0.00101322226268075,0.11575139756659,0.00875343437730727,1.50342229736303,704
"{MUSTAR DE MASA LA MINUT 300G} => {CARNE TOCATA PORC VRAC}",0.000607357663141018,0.114611624117328,0.00529926757271381,2.34030759067307,422
"{MUSTAR DE MASA LA MINUT 300G} => {PAINE CU CARTOFI FELII BACHUS 1.2 KG}",0.000592965301455212,0.111895708853884,0.00529926757271381,1.82563737274911,412
"{MUSTAR DE MASA LA MINUT 300G} => {_BANANE}",0.000533956618543407,0.100760456273764,0.00529926757271381,1.30871436405165,371
"{PULPE DE PUI SUPERIOARE REFR.VRAC SZEKELY CSURKE} => {_MORCOVI}",0.000748402807661918,0.120426123205188,0.00621462177593108,3.50333427996006,520
"{PULPE DE PUI SUPERIOARE REFR.VRAC SZEKELY CSURKE} => {CARNE TOCATA PORC VRAC}",0.000985876775477718,0.158638258452987,0.00621462177593108,3.23930773416686,685
"{PULPE DE PUI SUPERIOARE REFR.VRAC SZEKELY CSURKE} => {_BANANE}",0.000685076416244371,0.110236220472441,0.00621462177593108,1.43178912150889,476
"{MERKUR SACOSA ECO RECICLABILA} => {CARNE TOCATA PORC VRAC}",0.00080021530973082,0.161863173216885,0.0049437762390744,3.305158755469,556
"{MERKUR SACOSA ECO RECICLABILA} => {_BANANE}",0.000662048637547081,0.13391557496361,0.0049437762390744,1.73934540400394,460
"{SZEKELYHON} => {MAGAZIN DE RECLAMA SI PUBLICITATE HETI HIRDETO}",0.00112548268383004,0.108701695857659,0.0103538649967689,9.27398715667335,782
"{DR.OETKER ZAHAR VANILINAT 8G} => {_LAMAIE^2 A nu se consuma coaja}",0.000581451412106567,0.110775980257746,0.00524889430681349,5.61077352171055,404
"{DR.OETKER ZAHAR VANILINAT 8G} => {CARNE TOCATA PORC VRAC}",0.000525321201531923,0.100082259391281,0.00524889430681349,2.04362579405865,365
"{DR.OETKER ZAHAR VANILINAT 8G} => {_BANANE}",0.000677880235401468,0.129147244310392,0.00524889430681349,1.67741254810798,471
"{_STRUGURI ALBI} => {_BANANE}",0.00185085771279467,0.246643651706943,0.0075041773829793,3.20349968358643,1286
"{_ROSII CHERRY CASEROLA 500G} => {_CASTRAVETI FABIO}",0.000710982667278822,0.127352410415055,0.00558279709792419,15.9176309296125,494
"{_ROSII CHERRY CASEROLA 500G} => {_RIDICHI ROSU LEGATURA}",0.000584329884443728,0.104666151069863,0.00558279709792419,10.9259919506167,406
"{_ROSII CHERRY CASEROLA 500G} => {_CASTRAVETI CORNISON}",0.000643338567355533,0.11523588553751,0.00558279709792419,6.89998201809494,447
"{_ROSII CHERRY CASEROLA 500G} => {_ARDEI ROSU CAPIA}",0.000925428856397333,0.165764372260892,0.00558279709792419,7.23144602145458,643
"{_ROSII CHERRY CASEROLA 500G} => {PAINE CU CARTOFI FELII BACHUS 1.2 KG}",0.000643338567355533,0.11523588553751,0.00558279709792419,1.88013411304123,447
"{_ROSII CHERRY CASEROLA 500G} => {_BANANE}",0.00114563199019017,0.205207527713328,0.00558279709792419,2.6653118600445,796
"{APA MINERALA NATURALA DECARBOGAZIFICATA PARTIAL PERLA HARGHITEI 2L} => {_BANANE}",0.00120320143693339,0.125074805505685,0.0096198545507928,1.62451819493077,836
"{FAINA BL-55 GYERMELYI 1KG} => {_BANANE}",0.000649095512029856,0.108439528732868,0.00598578322512676,1.40845301948725,451
"{_PORTOCALE PLASA BUC^2 A nu se consuma coaja} => {_BANANE}",0.0019890243849784,0.276179056754596,0.00720193778757738,3.58711653352335,1382
"{_MANDARINE^2 A nu se consuma coaja} => {_BANANE}",0.00251002787800459,0.310099573257468,0.00809426421209736,4.02768884556951,1744
"{DROJDIE PROASPATA BRAVO 50G} => {CARNE TOCATA PORC VRAC}",0.000712421903447402,0.10116492949111,0.00704218257286493,2.06573333395558,495
"{DROJDIE PROASPATA BRAVO 50G} => {_BANANE}",0.00077862676720211,0.11056611485796,0.00704218257286493,1.43607391275454,541
"{_CLEMENTINA^2 A nu se consuma coaja} => {_BANANE}",0.00239201051218098,0.279280793144009,0.00856489443922322,3.62740304190613,1662
"{_VARZA ALBA} => {_MORCOVI}",0.00125213546666513,0.144927536231884,0.00863973471998941,4.21610853424402,870
"{_VARZA ALBA} => {CARNE TOCATA PORC VRAC}",0.00111252955831281,0.128768948858904,0.00863973471998941,2.62939253132811,773
"{_VARZA ALBA} => {_BANANE}",0.000951335107431784,0.110111610861236,0.00863973471998941,1.43017064543094,661
"{GOBE 6  L OUA PROASPETE} => {_BANANE}",0.00138742366651171,0.163500678426052,0.00848573644995128,2.12360775547696,964
"{CORN RIP-ROP 100G} => {_BANANE}",0.00149536637915525,0.125467938654752,0.011918314712016,1.62962435480931,1039
"{_CEAPA ROSIE} => {_CEAPA GALBENA}",0.00137878824950023,0.173550724637681,0.00794458365056497,9.85576621476756,958
"{_CEAPA ROSIE} => {_MORCOVI}",0.0011283611561672,0.142028985507246,0.00794458365056497,4.13178636355913,784
"{_CEAPA ROSIE} => {PAINE CU CARTOFI FELII BACHUS 1.2 KG}",0.000821803852259529,0.103442028985507,0.00794458365056497,1.6877111371227,571
"{_CEAPA ROSIE} => {_BANANE}",0.00116434206038171,0.146557971014493,0.00794458365056497,1.90354955630419,809
"{GOBE 10 OUA PROASPETE L} => {_BANANE}",0.00109813719662701,0.124105400130124,0.00884842396443359,1.61192719657186,763
"{_CEAPA VERDE LEGATURA} => {_ROSII DE GRADINA ROMANIA}",0.000958531288274687,0.123630963430481,0.00775316524014375,12.2837695687148,666
"{_CEAPA VERDE LEGATURA} => {_RIDICHI ROSU LEGATURA}",0.00215453654436517,0.277891219602747,0.00775316524014375,29.0087788410222,1497
"{_RIDICHI ROSU LEGATURA} => {_CEAPA VERDE LEGATURA}",0.00215453654436517,0.224909855769231,0.00957955593807255,29.0087788410222,1497
"{_CEAPA VERDE LEGATURA} => {_CASTRAVETI CORNISON}",0.000972923649960493,0.12548728420271,0.00775316524014375,7.51380527393465,676
"{_CEAPA VERDE LEGATURA} => {PAINE CU CARTOFI FELII BACHUS 1.2 KG}",0.000899522605362882,0.11602004826434,0.00775316524014375,1.89292814057885,625
"{_CEAPA VERDE LEGATURA} => {_BANANE}",0.00133273269210565,0.171895303508446,0.00775316524014375,2.23264027510261,926
"{CEAFA DE PORC FARA OS} => {COTLET PORC FARA OS}",0.00107079170942397,0.119422150882825,0.00896644133025721,6.38130146284306,744
"{CEAFA DE PORC FARA OS} => {CARNE TOCATA PORC VRAC}",0.0017961667383886,0.200321027287319,0.00896644133025721,4.09044740742893,1248
"{SPATE PORC FARA OS} => {CARNE TOCATA PORC VRAC}",0.00192138028505512,0.192252304147465,0.00999405595462376,3.92568842982375,1335
"{_ARDEI GRAS ROMANIA} => {_CEAPA GALBENA}",0.000985876775477718,0.109494884910486,0.0090038614706403,6.21810130521532,685
"{_ARDEI GRAS ROMANIA} => {_ROSII VRAC}",0.00147521707279513,0.163842710997442,0.0090038614706403,8.48539397408065,1025
"{_ARDEI GRAS ROMANIA} => {_ARDEI ROSU CAPIA}",0.00099019448398346,0.10997442455243,0.0090038614706403,4.79761787194998,688
"{_ARDEI GRAS ROMANIA} => {_MORCOVI}",0.00121327609011346,0.134750639386189,0.0090038614706403,3.92005091290556,843
"{_ARDEI GRAS ROMANIA} => {CARNE TOCATA PORC VRAC}",0.00138166672183739,0.153452685421995,0.0090038614706403,3.13342112781358,960
"{_ARDEI GRAS ROMANIA} => {PAINE CU CARTOFI FELII BACHUS 1.2 KG}",0.000922550384060172,0.102461636828644,0.0090038614706403,1.67171552317243,641
"{_ARDEI GRAS ROMANIA} => {_BANANE}",0.00101178302651217,0.112372122762148,0.0090038614706403,1.45953101659476,703
"{UNT 65% GRASIME FRISS 180G} => {LAPTE DE CONSUM 1.5% GRASIME FRISS CUTIE 1L}",0.000896644133025721,0.106732910741819,0.00840082151600503,4.92753580805686,623
"{UNT 65% GRASIME FRISS 180G} => {_BANANE}",0.00114563199019017,0.136371423676546,0.00840082151600503,1.77124288249317,796
"{APA MINERALA NATURALA PLATA PERLA HARGHITEI 2L ROZ} => {_BANANE}",0.00206818237425034,0.15328,0.0134928390804432,1.99085777437144,1437
"{_GULII} => {_TELINA}",0.00336205568980431,0.414699094620983,0.00810721733761458,24.2336687999066,2336
"{_TELINA} => {_GULII}",0.00336205568980431,0.196467619848612,0.0171125180444235,24.2336687999066,2336
"{_GULII} => {_PATRUNJEL RADACINA KG}",0.00363407132566604,0.448251375821055,0.00810721733761458,22.1248052275594,2525
"{_PATRUNJEL RADACINA KG} => {_GULII}",0.00363407132566604,0.179370604532216,0.0202601275451093,22.1248052275594,2525
"{_GULII} => {_MORCOVI}",0.00435081093761919,0.536658973903781,0.00810721733761458,15.6120261109951,3023
"{_MORCOVI} => {_GULII}",0.00435081093761919,0.126570088762351,0.0343747166503793,15.6120261109951,3023
"{_GULII} => {CARNE TOCATA PORC VRAC}",0.00108086636260404,0.13332149831351,0.00810721733761458,2.72235313744099,751
"{_GULII} => {_BANANE}",0.00116290282421313,0.143440440262737,0.00810721733761458,1.86305790485603,808
"{_CASTRAVETI FABIO} => {_ROSII CHERRY VRAC}",0.000839074686282496,0.104874977513941,0.00800071386113962,10.800133059344,583
"{_CASTRAVETI FABIO} => {_ROSII VRAC}",0.00129963026022829,0.162439287641662,0.00800071386113962,8.4127108500422,903
"{_CASTRAVETI FABIO} => {_ARDEI ROSU CAPIA}",0.00139605908352319,0.174491815074654,0.00800071386113962,7.61217941278743,970
"{_CASTRAVETI FABIO} => {PAINE CU CARTOFI FELII BACHUS 1.2 KG}",0.000964288232949009,0.120525274329915,0.00800071386113962,1.96643327462057,670
"{_CASTRAVETI FABIO} => {_BANANE}",0.00142772227923197,0.178449361395935,0.00800071386113962,2.31776682193838,992
"{_ROSII DE GRADINA ROMANIA} => {_CASTRAVETI CORNISON}",0.0019746320232926,0.196196196196196,0.0100645785268842,11.7476445766691,1372
"{_CASTRAVETI CORNISON} => {_ROSII DE GRADINA ROMANIA}",0.0019746320232926,0.118235091347811,0.0167008965002094,11.747644576669,1372
"{_ROSII DE GRADINA ROMANIA} => {PAINE CU CARTOFI FELII BACHUS 1.2 KG}",0.00110965108597565,0.11025311025311,0.0100645785268842,1.79883751219401,771
"{_ROSII DE GRADINA ROMANIA} => {_BANANE}",0.00162489763432751,0.161447161447161,0.0100645785268842,2.09693591151671,1129
"{_ROSII CHERRY VRAC} => {_CASTRAVETI CORNISON}",0.00160618756413596,0.165406847487772,0.00971052642941338,9.90406996927969,1116
"{_ROSII CHERRY VRAC} => {_ARDEI ROSU CAPIA}",0.00162489763432751,0.167333629761375,0.00971052642941338,7.29990464590887,1129
"{_ROSII CHERRY VRAC} => {PAINE CU CARTOFI FELII BACHUS 1.2 KG}",0.000972923649960493,0.10019267822736,0.00971052642941338,1.63469626960003,676
"{_ROSII CHERRY VRAC} => {_BANANE}",0.00157452436842719,0.162146139024752,0.00971052642941338,2.10601449283493,1094
"{_ARDEI ROSU CALIFORNIA} => {_ROSII VRAC}",0.00107510941792972,0.119539126260202,0.00899378681746024,6.19091673630214,747
"{_ARDEI ROSU CALIFORNIA} => {_MORCOVI}",0.00102041844352365,0.113458153304529,0.00899378681746024,3.30062803014485,709
"{_ARDEI ROSU CALIFORNIA} => {_BANANE}",0.00153710422804409,0.170907345175228,0.00899378681746024,2.21980830401413,1068
"{PASTE ATA PAIANJENULUI CU 8 OUA GYERMELYI 250G} => {_TELINA}",0.00130250873256545,0.146987169075849,0.00886137708995082,8.58945297788878,905
"{PASTE ATA PAIANJENULUI CU 8 OUA GYERMELYI 250G} => {_PATRUNJEL RADACINA KG}",0.00151983339402113,0.171512100048725,0.00886137708995082,8.46549952199721,1056
"{PASTE ATA PAIANJENULUI CU 8 OUA GYERMELYI 250G} => {_MORCOVI}",0.0020264445253615,0.228682800064967,0.00886137708995082,6.6526453844222,1408
"{PASTE ATA PAIANJENULUI CU 8 OUA GYERMELYI 250G} => {CARNE TOCATA PORC VRAC}",0.00100314760950069,0.113204482702615,0.00886137708995082,2.311574521411,697
"{_RIDICHI ROSU LEGATURA} => {_ARDEI ROSU CAPIA}",0.000980119830803396,0.102313701923077,0.00957955593807255,4.46341998959495,681
"{_RIDICHI ROSU LEGATURA} => {_BANANE}",0.00180480215540009,0.188401442307692,0.00957955593807255,2.44702815840984,1254
"{PATE PORC BUCEGI 120G} => {PAINE CU CARTOFI FELII BACHUS 1.2 KG}",0.00119600525609049,0.140990838140482,0.00848285797761412,2.30033971776881,831
"{PATE PORC BUCEGI 120G} => {_BANANE}",0.0012175937986192,0.143535799117747,0.00848285797761412,1.86429646120944,846
"{_ARDEI IUTE} => {_CASTRAVETI CORNISON}",0.00116434206038171,0.102198079838302,0.0113929935104841,6.11931699816359,809
"{_ARDEI IUTE} => {_ARDEI ROSU CAPIA}",0.00136007817930868,0.119378473976756,0.0113929935104841,5.20786812577458,945
"{_ARDEI IUTE} => {_MORCOVI}",0.00114131428168442,0.100176856998484,0.0113929935104841,2.91425986190285,793
"{_ARDEI IUTE} => {_BANANE}",0.00136727436015158,0.120010106114199,0.0113929935104841,1.55873599139219,950
"{_MERE GOLDEN} => {_BANANE}",0.00336781263447863,0.286589099816289,0.0117513633164607,3.72232605310132,2340
"{SANA 3.6% PET FRISS 330G} => {CORN CU CASCAVAL PANOS 80G}",0.00215597578053376,0.159957287773625,0.0134784467187574,7.37886090757242,1498
"{SANA 3.6% PET FRISS 330G} => {PAINE CU CARTOFI FELII BACHUS 1.2 KG}",0.00139318061118603,0.103363587827015,0.0134784467187574,1.68643132834387,968
"{SANA 3.6% PET FRISS 330G} => {_BANANE}",0.00181343757241157,0.134543513080619,0.0134784467187574,1.74750129832852,1260
"{ELAN ULEI RAFINAT DE FLOAREA SOARELUI 1L} => {CARNE TOCATA PORC VRAC}",0.0015961129109559,0.162777043886687,0.0098055160165397,3.32381950198492,1109
"{_ARDEI ALB BIANCA} => {_CEAPA GALBENA}",0.00106791323708681,0.106334193178561,0.0100429899843555,6.03860888965882,742
"{_ARDEI ALB BIANCA} => {_ROSII VRAC}",0.00145218929409784,0.144597305818286,0.0100429899843555,7.48867679245086,1009
"{_ARDEI ALB BIANCA} => {_TELINA}",0.00121903303478778,0.121381484666093,0.0100429899843555,7.09313990793123,847
"{_ARDEI ALB BIANCA} => {_PATRUNJEL RADACINA KG}",0.00129963026022829,0.129406706792777,0.0100429899843555,6.38726022354266,903
"{_ARDEI ALB BIANCA} => {_ARDEI ROSU CAPIA}",0.0015961129109559,0.158928059615936,0.0100429899843555,6.93321290173461,1109
"{_ARDEI ALB BIANCA} => {_MORCOVI}",0.0019300157020666,0.192175408426483,0.0100429899843555,5.5906034188172,1341
"{_ARDEI ALB BIANCA} => {CARNE TOCATA PORC VRAC}",0.0016853455534079,0.167813126970479,0.0100429899843555,3.426653604189,1171
"{_ARDEI ALB BIANCA} => {_BANANE}",0.00142916151540055,0.142304385210662,0.0100429899843555,1.8483023983807,993
"{OUA PROASPETE M DIN GHEORGHENI 1*10} => {PAINE CU CARTOFI FELII BACHUS 1.2 KG}",0.00131977956658842,0.118567364882338,0.0111310525278024,1.93448895167406,917
"{OUA PROASPETE M DIN GHEORGHENI 1*10} => {_BANANE}",0.00152846881103261,0.137315748642358,0.0111310525278024,1.78350812714166,1062
"{OUA PROASPETE} => {_BANANE}",0.00161482298114745,0.107183798242262,0.0150659242127018,1.39214312380785,1122
"{PULPE PUI CU SPATE REFR.VRAC SZEKELY CSURKE} => {_MORCOVI}",0.00147665630896371,0.112204724409449,0.0131603755255011,3.26416434353971,1026
"{PULPE PUI CU SPATE REFR.VRAC SZEKELY CSURKE} => {CARNE TOCATA PORC VRAC}",0.00288710775417271,0.219378827646544,0.0131603755255011,4.47959741891963,2006
"{_CARTOFI ALBI} => {_CEAPA GALBENA}",0.00152990804720119,0.111041470803301,0.0137778078418222,6.30593031902362,1063
"{_CARTOFI ALBI} => {_MORCOVI}",0.00186668931064905,0.135485218844667,0.0137778078418222,3.94142067330095,1297
"{_CARTOFI ALBI} => {PAINE CU CARTOFI FELII BACHUS 1.2 KG}",0.00141189068137758,0.102475712942651,0.0137778078418222,1.67194518237971,981
"{_CARTOFI ALBI} => {_BANANE}",0.00169398097041938,0.122949963438838,0.0137778078418222,1.59691995414206,1177
"{DANONE ACTIVIA NATUR 125G} => {_BANANE}",0.0030511806773909,0.240390066901009,0.0126926237707124,3.12227579313377,2120
"{_USTUROI} => {_CEAPA GALBENA}",0.00159035596628158,0.133004333172845,0.0119571740885677,7.55317856516749,1105
"{_USTUROI} => {_PATRUNJEL RADACINA KG}",0.00128955560704823,0.10784785748676,0.0119571740885677,5.32315787482759,896
"{_USTUROI} => {_MORCOVI}",0.00226679696551446,0.189576311988445,0.0119571740885677,5.51499271736842,1575
"{_USTUROI} => {CARNE TOCATA PORC VRAC}",0.00177457819585989,0.148411169956668,0.0119571740885677,3.03047609930651,1233
"{_USTUROI} => {_BANANE}",0.00176450354267983,0.147568608570053,0.0119571740885677,1.91667609358602,1226
"{PULPE PORC FARA OS} => {COTLET PORC FARA OS}",0.0016925417342508,0.120975208311902,0.0139908147947721,6.4642888112603,1176
"{PULPE PORC FARA OS} => {CARNE TOCATA PORC VRAC}",0.00353764250237114,0.252854644583891,0.0139908147947721,5.16315555785896,2458
"{CORN CU CASCAVAL PANOS 80G} => {_BANANE}",0.0024870000993073,0.114725800026557,0.0216777751711612,1.4901014542266,1728
"{SMANTANA 20% GRASIME FRISS 300G} => {_BANANE}",0.0016925417342508,0.114776498145618,0.0147464137832769,1.49075994029444,1176
"{CREMWURSTI DE PUI CRISTUR} => {PARIZER CRISTUR}",0.00191562334038079,0.127919269581932,0.0149752523340813,7.28106590120675,1331
"{PARIZER CRISTUR} => {CREMWURSTI DE PUI CRISTUR}",0.00191562334038079,0.109035799131646,0.0175687559098635,7.28106590120675,1331
"{CREMWURSTI DE PUI CRISTUR} => {PAINE CU CARTOFI FELII BACHUS 1.2 KG}",0.00157020665992145,0.10485343584815,0.0149752523340813,1.71073898281033,1091
"{CREMWURSTI DE PUI CRISTUR} => {_BANANE}",0.00199478132965273,0.13320518981259,0.0149752523340813,1.7301186568699,1386
"{LAPTE DE CONSUM 3.5% GRASIME FRISS CUTIE 1L} => {PAINE CU CARTOFI FELII BACHUS 1.2 KG}",0.00207969626359898,0.123293515358362,0.0168678478957648,2.01159858372915,1445
"{LAPTE DE CONSUM 3.5% GRASIME FRISS CUTIE 1L} => {_BANANE}",0.0020638646657446,0.122354948805461,0.0168678478957648,1.58919168229495,1434
"{_CASTRAVETI CORNISON} => {_ROSII VRAC}",0.0027906789308778,0.16709755256808,0.0167008965002094,8.6539618211453,1939
"{_ROSII VRAC} => {_CASTRAVETI CORNISON}",0.0027906789308778,0.144528920691711,0.0193087924376775,8.6539618211453,1939
"{_CASTRAVETI CORNISON} => {_ARDEI ROSU CAPIA}",0.00237042196965227,0.141933815925543,0.0167008965002094,6.19184155488631,1647
"{_ARDEI ROSU CAPIA} => {_CASTRAVETI CORNISON}",0.00237042196965227,0.103409304953852,0.0229227144569834,6.19184155488631,1647
"{_CASTRAVETI CORNISON} => {PAINE CU CARTOFI FELII BACHUS 1.2 KG}",0.00169110249808222,0.101258186832127,0.0167008965002094,1.65208060318862,1175
"{_CASTRAVETI CORNISON} => {_BANANE}",0.00254313030988194,0.152275077559462,0.0167008965002094,1.9778054671338,1767
"{PARIZER CRISTUR} => {PAINE CU CARTOFI FELII BACHUS 1.2 KG}",0.00222793758896279,0.126812484639961,0.0175687559098635,2.06901241934309,1548
"{PARIZER CRISTUR} => {_BANANE}",0.00221786293578272,0.126239043171951,0.0175687559098635,1.63963974770413,1541
"{PIEPT DE PUI FARA OS REFR.VRAC SZEKELY CSURKE} => {_MORCOVI}",0.00194440806375241,0.109828469230144,0.0177040441097101,3.19503635032674,1351
"{PIEPT DE PUI FARA OS REFR.VRAC SZEKELY CSURKE} => {CARNE TOCATA PORC VRAC}",0.00302959213486219,0.171124298837493,0.0177040441097101,3.49426594904561,2105
"{PIEPT DE PUI FARA OS REFR.VRAC SZEKELY CSURKE} => {_BANANE}",0.00195448271693247,0.110397528656207,0.0177040441097101,1.43388425232648,1358
"{COTLET PORC FARA OS} => {CARNE TOCATA PORC VRAC}",0.00508338214742672,0.271629623932939,0.0187143879000537,5.54653051675777,3532
"{CARNE TOCATA PORC VRAC} => {COTLET PORC FARA OS}",0.00508338214742672,0.10379992359009,0.0489728891082924,5.54653051675778,3532
"{_CEAPA GALBENA} => {_TELINA}",0.00189835250635783,0.107805476093175,0.0176090545225838,6.29980204043124,1319
"{_TELINA} => {_CEAPA GALBENA}",0.00189835250635783,0.110933557611438,0.0171125180444235,6.29980204043124,1319
"{_CEAPA GALBENA} => {_PATRUNJEL RADACINA KG}",0.00219771362942259,0.124805884756845,0.0176090545225838,6.16017270764778,1527
"{_PATRUNJEL RADACINA KG} => {_CEAPA GALBENA}",0.00219771362942259,0.108474817077502,0.0202601275451093,6.16017270764778,1527
"{_CEAPA GALBENA} => {_MORCOVI}",0.00379958348505281,0.215774417654271,0.0176090545225838,6.27712570983155,2640
"{_MORCOVI} => {_CEAPA GALBENA}",0.00379958348505281,0.110534248869536,0.0343747166503793,6.27712570983155,2640
"{_CEAPA GALBENA} => {CARNE TOCATA PORC VRAC}",0.0019372118829095,0.110012259910094,0.0176090545225838,2.24639105254392,1346
"{_CEAPA GALBENA} => {_BANANE}",0.00223945147831143,0.127176134041684,0.0176090545225838,1.65181103321627,1556
"{_ROSII VRAC} => {_ARDEI ROSU CAPIA}",0.00282665983509232,0.1463923673226,0.0193087924376775,6.38634519473332,1964
"{_ARDEI ROSU CAPIA} => {_ROSII VRAC}",0.00282665983509232,0.123312613800465,0.0229227144569834,6.38634519473332,1964
"{_ROSII VRAC} => {_BANANE}",0.00269281087141432,0.139460345855695,0.0193087924376775,1.81136295513661,1871
"{_MERE ROSII} => {_BANANE}",0.00553674154052961,0.261362864325022,0.021184117165338,3.39467830358466,3847
"{_TELINA} => {_PATRUNJEL RADACINA KG}",0.00988611324198022,0.57771236333053,0.0171125180444235,28.5147446403904,6869
"{_PATRUNJEL RADACINA KG} => {_TELINA}",0.00988611324198022,0.487959082190808,0.0202601275451093,28.5147446403904,6869
"{_TELINA} => {_MORCOVI}",0.0110303059960018,0.64457527333894,0.0171125180444235,18.7514352451201,7664
"{_MORCOVI} => {_TELINA}",0.0110303059960018,0.320884273990956,0.0343747166503793,18.7514352451201,7664
"{_TELINA} => {CARNE TOCATA PORC VRAC}",0.00207681779126182,0.121362489486964,0.0171125180444235,2.47815662291433,1443
"{_TELINA} => {_BANANE}",0.00225528307616582,0.131791421362489,0.0171125180444235,1.71175610526471,1567
"{_LAMAIE^2 A nu se consuma coaja} => {_BANANE}",0.00417954183355809,0.211692666569471,0.0197434417605888,2.74954326081192,2904
"{LAPTE DE CONSUM 1.5% GRASIME FRISS CUTIE 1L} => {PAINE CU CARTOFI FELII BACHUS 1.2 KG}",0.00233300182926917,0.107707641196013,0.0216605043371382,1.75730684502714,1621
"{LAPTE DE CONSUM 1.5% GRASIME FRISS CUTIE 1L} => {_BANANE}",0.00294323796474735,0.135880398671096,0.0216605043371382,1.76486526669521,2045
"{_PATRUNJEL RADACINA KG} => {_MORCOVI}",0.0154199763101727,0.761099666122043,0.0202601275451093,22.1412637044572,10714
"{_MORCOVI} => {_PATRUNJEL RADACINA KG}",0.0154199763101727,0.448584826662201,0.0343747166503793,22.1412637044572,10714
"{_PATRUNJEL RADACINA KG} => {CARNE TOCATA PORC VRAC}",0.00237761815049517,0.117354549975137,0.0202601275451093,2.39631665829708,1652
"{_PATRUNJEL RADACINA KG} => {_BANANE}",0.00249851398865594,0.123321730482347,0.0202601275451093,1.6017486030775,1736
"{_ARDEI ROSU CAPIA} => {_MORCOVI}",0.00263811989700826,0.115087587116218,0.0229227144569834,3.34803013176104,1833
"{_ARDEI ROSU CAPIA} => {PAINE CU CARTOFI FELII BACHUS 1.2 KG}",0.0023459549547864,0.102341935078797,0.0229227144569834,1.6697625261331,1630
"{_ARDEI ROSU CAPIA} => {_BANANE}",0.00357218417041708,0.155836001758021,0.0229227144569834,2.02405607794179,2482
"{_MORCOVI} => {CARNE TOCATA PORC VRAC}",0.00416946718037803,0.121294590520851,0.0343747166503793,2.47677016262274,2897
"{_MORCOVI} => {_BANANE}",0.00431483003340467,0.125523362920784,0.0343747166503793,1.63034422583566,2998
"{PAINE CU CARTOFI FELII BACHUS 1.2 KG} => {_BANANE}",0.0063614238651263,0.103789977927018,0.0612913114751739,1.34806292052351,4420
"{BERE GOLDEN BRAU STICLA 500ML,LD RED} => {PAINE CU CARTOFI FELII BACHUS 1.2 KG}",0.000139605908352319,0.58433734939759,0.000238913203984381,9.53377135084272,97
"{BERE GOLDEN BRAU STICLA 500ML,PAINE CU CARTOFI FELII BACHUS 1.2 KG} => {LD RED}",0.000139605908352319,0.881818181818182,0.000158315978543867,301.970791702137,97
"{LD RED,PAINE CU CARTOFI FELII BACHUS 1.2 KG} => {BERE GOLDEN BRAU STICLA 500ML}",0.000139605908352319,0.414529914529915,0.000336781263447863,1066.74360557138,97
"{BERE DARK DOZA SILVA 500ML,VIN BECIUL DOMNESC CABERNET SAUVIGNON SEC 750ML} => {BERE NEUMARKT 2.5L PET}",0.000112260421149288,0.829787234042553,0.000135288199846577,829.563967549365,78
"{BERE NEUMARKT 2.5L PET,VIN BECIUL DOMNESC CABERNET SAUVIGNON SEC 750ML} => {BERE DARK DOZA SILVA 500ML}",0.000112260421149288,0.917647058823529,0.000122335074329352,1610.08360071301,78
"{BERE DARK DOZA SILVA 500ML,BERE NEUMARKT 2.5L PET} => {VIN BECIUL DOMNESC CABERNET SAUVIGNON SEC 750ML}",0.000112260421149288,0.52,0.000215885425287092,1505.42816666667,78
"{BERE TUBORG DE LUXE DOZA 500ML,WINSTON XSTYLE BLUE} => {ZUZU LAPTE 3.5% INTEGRAL 1L}",0.000100746531800643,0.578512396694215,0.000174147576398254,524.749260945558,70
"{WINSTON XSTYLE BLUE,ZUZU LAPTE 3.5% INTEGRAL 1L} => {BERE TUBORG DE LUXE DOZA 500ML}",0.000100746531800643,0.777777777777778,0.000129531255172255,1783.53171983865,70
"{BERE TUBORG DE LUXE DOZA 500ML,ZUZU LAPTE 3.5% INTEGRAL 1L} => {WINSTON XSTYLE BLUE}",0.000100746531800643,0.843373493975904,0.000119456601992191,2570.11783978017,70
"{BAUT.RAC.ALOE VERA GUST DE ANANAS FARMER 500ML,DANONE ACTIVIA DE BAUT FIBRE 320G} => {SZEKELYHON}",0.000129531255172255,0.947368421052632,0.000136727436015158,91.4990123348404,90
"{BAUT.RAC.ALOE VERA GUST DE ANANAS FARMER 500ML,SZEKELYHON} => {DANONE ACTIVIA DE BAUT FIBRE 320G}",0.000129531255172255,0.743801652892562,0.000174147576398254,606.576358980328,90
"{DANONE ACTIVIA DE BAUT FIBRE 320G,SZEKELYHON} => {BAUT.RAC.ALOE VERA GUST DE ANANAS FARMER 500ML}",0.000129531255172255,0.238095238095238,0.000544031271723471,544.183114035088,90
"{BAUT.RAC.ALOE VERA GUST DE ANANAS FARMER 500ML,CROASAN CU GEM BACHUS 100G} => {SZEKELYHON}",0.000106503476474965,0.973684210526316,0.000109381948812126,94.0406515663638,74
"{BAUT.RAC.ALOE VERA GUST DE ANANAS FARMER 500ML,SZEKELYHON} => {CROASAN CU GEM BACHUS 100G}",0.000106503476474965,0.611570247933884,0.000174147576398254,419.888299088622,74
"{CROASAN CU GEM BACHUS 100G,SZEKELYHON} => {BAUT.RAC.ALOE VERA GUST DE ANANAS FARMER 500ML}",0.000106503476474965,0.201086956521739,0.000529638910037665,459.598130005721,74
"{CIOCOLATA AFRICANA ARAHIDE 90G,CIOCOLATA AFRICANA ARAHIDE&STAFIDE 90G} => {PAINE DE CASA CU CARTOFI DOBOI KG}",0.000103625004137804,0.679245283018868,0.000152559033869545,20.2787974403897,72
"{CIOCOLATA AFRICANA ARAHIDE&STAFIDE 90G,PAINE DE CASA CU CARTOFI DOBOI KG} => {CIOCOLATA AFRICANA ARAHIDE 90G}",0.000103625004137804,0.827586206896552,0.000125213546666513,1691.22839756592,72
"{CIOCOLATA AFRICANA ARAHIDE 90G,PAINE DE CASA CU CARTOFI DOBOI KG} => {CIOCOLATA AFRICANA ARAHIDE&STAFIDE 90G}",0.000103625004137804,0.818181818181818,0.000126652782835094,2001.70198463508,72
"{ENERGIZANT HELL MULTIVITAMIN 250ML,WINCHESTER 100 SOFT} => {GOBE LAPTE 1.5% 1L}",0.000135288199846577,0.606451612903226,0.000223081606129995,117.177548530625,94
"{ENERGIZANT HELL MULTIVITAMIN 250ML,GOBE LAPTE 1.5% 1L} => {WINCHESTER 100 SOFT}",0.000135288199846577,0.810344827586207,0.000166951395555351,192.491665193044,94
"{GOBE LAPTE 1.5% 1L,WINCHESTER 100 SOFT} => {ENERGIZANT HELL MULTIVITAMIN 250ML}",0.000135288199846577,0.26628895184136,0.000508050367508956,282.474848085116,94
"{ENERGIZANT HELL MULTIVITAMIN 250ML,WINCHESTER 100 SOFT} => {ENERGIZANT HELL 250ML}",0.000189979174252641,0.851612903225806,0.000223081606129995,43.8077823446385,132
"{ENERGIZANT HELL 250ML,ENERGIZANT HELL MULTIVITAMIN 250ML} => {WINCHESTER 100 SOFT}",0.000189979174252641,0.552301255230126,0.000343977444290766,131.195245145371,132
"{ENERGIZANT HELL 250ML,WINCHESTER 100 SOFT} => {ENERGIZANT HELL MULTIVITAMIN 250ML}",0.000189979174252641,0.332493702770781,0.000571376758926503,352.703736035534,132
"{ENERGIZANT HELL MULTIVITAMIN 250ML,GOBE LAPTE 1.5% 1L} => {ENERGIZANT HELL 250ML}",0.000133848963677997,0.801724137931034,0.000166951395555351,41.2414565372233,93
"{ENERGIZANT HELL 250ML,ENERGIZANT HELL MULTIVITAMIN 250ML} => {GOBE LAPTE 1.5% 1L}",0.000133848963677997,0.389121338912134,0.000343977444290766,75.1853628625018,93
"{ENERGIZANT HELL 250ML,GOBE LAPTE 1.5% 1L} => {ENERGIZANT HELL MULTIVITAMIN 250ML}",0.000133848963677997,0.300970873786408,0.000444723976091409,319.264848439932,93
"{BERE DARK DOZA SILVA 500ML,BERE NEUMARKT 2.5L PET} => {PALL MALL S-LINE FLOW BLUE/PURPLE}",0.000123774310497933,0.573333333333333,0.000215885425287092,50.489157583439,86
"{BERE DARK DOZA SILVA 500ML,PALL MALL S-LINE FLOW BLUE/PURPLE} => {BERE NEUMARKT 2.5L PET}",0.000123774310497933,0.83495145631068,0.000148241325363803,834.726800307327,86
"{BERE NEUMARKT 2.5L PET,PALL MALL S-LINE FLOW BLUE/PURPLE} => {BERE DARK DOZA SILVA 500ML}",0.000123774310497933,0.88659793814433,0.000139605908352319,1555.60548786837,86
"{KUBETI CU GUST DE PUI 35G,L&M RED KS 23 S} => {PAINE ALBA SECUIASCA CU CARTOFI FEL.HARMOPAN 500G}",0.000133848963677997,0.845454545454545,0.000158315978543867,172.62204204846,93
"{KUBETI CU GUST DE PUI 35G,PAINE ALBA SECUIASCA CU CARTOFI FEL.HARMOPAN 500G} => {L&M RED KS 23 S}",0.000133848963677997,0.553571428571429,0.000241791676321543,256.590143428953,93
"{L&M RED KS 23 S,PAINE ALBA SECUIASCA CU CARTOFI FEL.HARMOPAN 500G} => {KUBETI CU GUST DE PUI 35G}",0.000133848963677997,0.328621908127208,0.000407303835708313,565.175182800966,93
"{BRANZOAICA PANIPROD 120G,PRAJITURA ALBINITA MARIEN 300G} => {APA MINERALA NATURALA CARBOGAZOASA PERLA HARGHITEI  2L}",0.000143923616858061,0.558659217877095,0.000257623274175929,34.5895283506361,100
"{APA MINERALA NATURALA CARBOGAZOASA PERLA HARGHITEI  2L,PRAJITURA ALBINITA MARIEN 300G} => {BRANZOAICA PANIPROD 120G}",0.000143923616858061,0.793650793650794,0.000181343757241157,90.6673608827506,100
"{APA MINERALA NATURALA CARBOGAZOASA PERLA HARGHITEI  2L,BRANZOAICA PANIPROD 120G} => {PRAJITURA ALBINITA MARIEN 300G}",0.000143923616858061,0.298507462686567,0.000482144116474505,358.215657463975,100
"{GOBE SANA 3.6% 150G,NESCAFE BRASERO 1.8G} => {BAUTURA SPIRTOASA 21% SECUIANA AMIGO 500ML PET}",0.000113699657317868,0.975308641975309,0.000116578129655029,289.968816198883,79
"{BAUTURA SPIRTOASA 21% SECUIANA AMIGO 500ML PET,GOBE SANA 3.6% 150G} => {NESCAFE BRASERO 1.8G}",0.000113699657317868,0.840425531914894,0.000135288199846577,340.687622582487,79
"{BAUTURA SPIRTOASA 21% SECUIANA AMIGO 500ML PET,NESCAFE BRASERO 1.8G} => {GOBE SANA 3.6% 150G}",0.000113699657317868,0.519736842105263,0.000218763897624253,628.034633867277,79
"{GOBE SANA 3.6% 150G,NESCAFE BRASERO 1.8G} => {CORN CU CASCAVAL PANOS 80G}",0.000110821184980707,0.950617283950617,0.000116578129655029,43.852160862673,77
"{CORN CU CASCAVAL PANOS 80G,GOBE SANA 3.6% 150G} => {NESCAFE BRASERO 1.8G}",0.000110821184980707,0.740384615384615,0.000149680561532384,300.133521452293,77
"{CORN CU CASCAVAL PANOS 80G,NESCAFE BRASERO 1.8G} => {GOBE SANA 3.6% 150G}",0.000110821184980707,0.620967741935484,0.000178465284903996,750.359060308555,77
"{BAUTURA SPIRTOASA 21% SECUIANA AMIGO 500ML PET,GOBE SANA 3.6% 150G} => {L&M RED 100}",0.000107942712643546,0.797872340425532,0.000135288199846577,181.226568966357,75
"{GOBE SANA 3.6% 150G,L&M RED 100} => {BAUTURA SPIRTOASA 21% SECUIANA AMIGO 500ML PET}",0.000107942712643546,0.974025974025974,0.000110821184980707,289.587466448827,75
"{BAUTURA SPIRTOASA 21% SECUIANA AMIGO 500ML PET,L&M RED 100} => {GOBE SANA 3.6% 150G}",0.000107942712643546,0.347222222222222,0.000310875012413412,419.57306763285,75
"{BAUTURA SPIRTOASA 21% SECUIANA AMIGO 500ML PET,GOBE SANA 3.6% 150G} => {CORN CU CASCAVAL PANOS 80G}",0.000125213546666513,0.925531914893617,0.000135288199846577,42.69496789158,87
"{CORN CU CASCAVAL PANOS 80G,GOBE SANA 3.6% 150G} => {BAUTURA SPIRTOASA 21% SECUIANA AMIGO 500ML PET}",0.000125213546666513,0.836538461538462,0.000149680561532384,248.711081761627,87
"{BAUTURA SPIRTOASA 21% SECUIANA AMIGO 500ML PET,CORN CU CASCAVAL PANOS 80G} => {GOBE SANA 3.6% 150G}",0.000125213546666513,0.612676056338028,0.000204371535938447,740.339632578077,87
"{GOBE SANA 3.6% 150G,L&M RED 100} => {CORN CU CASCAVAL PANOS 80G}",0.000105064240306385,0.948051948051948,0.000110821184980707,43.7338214169312,73
"{CORN CU CASCAVAL PANOS 80G,GOBE SANA 3.6% 150G} => {L&M RED 100}",0.000105064240306385,0.701923076923077,0.000149680561532384,159.432912339377,73
"{CORN CU CASCAVAL PANOS 80G,L&M RED 100} => {GOBE SANA 3.6% 150G}",0.000105064240306385,0.328828828828829,0.000319510429424896,397.347034860948,73
"{DANONE ACTIVIA DE BAUT FIBRE 320G,GOBE BAUTURA SPIRTOASA 30% KOMENYES 500ML} => {CROASAN CU GEM BACHUS 100G}",0.000106503476474965,0.569230769230769,0.000187100701915479,390.819109151718,74
"{CROASAN CU GEM BACHUS 100G,GOBE BAUTURA SPIRTOASA 30% KOMENYES 500ML} => {DANONE ACTIVIA DE BAUT FIBRE 320G}",0.000106503476474965,0.778947368421053,0.000136727436015158,635.237978749691,74
"{CROASAN CU GEM BACHUS 100G,DANONE ACTIVIA DE BAUT FIBRE 320G} => {GOBE BAUTURA SPIRTOASA 30% KOMENYES 500ML}",0.000106503476474965,0.268115942028986,0.000397229182528249,268.043801480555,74
"{DANONE ACTIVIA DE BAUT FIBRE 320G,GOBE BAUTURA SPIRTOASA 30% KOMENYES 500ML} => {SZEKELYHON}",0.000161194450881028,0.861538461538462,0.000187100701915479,83.209358225872,112
"{GOBE BAUTURA SPIRTOASA 30% KOMENYES 500ML,SZEKELYHON} => {DANONE ACTIVIA DE BAUT FIBRE 320G}",0.000161194450881028,0.767123287671233,0.000210128480612769,625.59534375201,112
"{DANONE ACTIVIA DE BAUT FIBRE 320G,SZEKELYHON} => {GOBE BAUTURA SPIRTOASA 30% KOMENYES 500ML}",0.000161194450881028,0.296296296296296,0.000544031271723471,296.21657340794,112
"{CROASAN CU GEM BACHUS 100G,GOBE BAUTURA SPIRTOASA 30% KOMENYES 500ML} => {SZEKELYHON}",0.000129531255172255,0.947368421052632,0.000136727436015158,91.4990123348404,90
"{GOBE BAUTURA SPIRTOASA 30% KOMENYES 500ML,SZEKELYHON} => {CROASAN CU GEM BACHUS 100G}",0.000129531255172255,0.616438356164384,0.000210128480612769,423.230616167632,90
"{CROASAN CU GEM BACHUS 100G,SZEKELYHON} => {GOBE BAUTURA SPIRTOASA 30% KOMENYES 500ML}",0.000129531255172255,0.244565217391304,0.000529638910037665,244.499413512668,90
"{BERE BECK S DOZA 500ML,BERE URSUS DOZA 500ML} => {WINCHESTER SOFT}",0.000115138893486449,0.701754385964912,0.00016407292321819,247.506634606822,80
"{BERE URSUS DOZA 500ML,WINCHESTER SOFT} => {BERE BECK S DOZA 500ML}",0.000115138893486449,0.909090909090909,0.000126652782835094,519.875046763936,80
"{BERE BECK S DOZA 500ML,WINCHESTER SOFT} => {BERE URSUS DOZA 500ML}",0.000115138893486449,0.727272727272727,0.000158315978543867,585.537132624039,80
"{_TELINA,ARIPI CURCAN REFR.VRAC} => {_PATRUNJEL RADACINA KG}",0.000113699657317868,0.692982456140351,0.00016407292321819,34.2042494351244,79
"{_PATRUNJEL RADACINA KG,ARIPI CURCAN REFR.VRAC} => {_TELINA}",0.000113699657317868,0.647540983606557,0.000175586812566835,37.8401928883619,79
"{_TELINA,ARIPI CURCAN REFR.VRAC} => {_MORCOVI}",0.000102185767969223,0.62280701754386,0.00016407292321819,18.1181716747907,71
"{_MORCOVI,ARIPI CURCAN REFR.VRAC} => {_TELINA}",0.000102185767969223,0.563492063492063,0.000181343757241157,32.9286468554341,71
"{_PATRUNJEL RADACINA KG,ARIPI CURCAN REFR.VRAC} => {_MORCOVI}",0.000130970491340836,0.745901639344262,0.000175586812566835,21.699135644687,91
"{_MORCOVI,ARIPI CURCAN REFR.VRAC} => {_PATRUNJEL RADACINA KG}",0.000130970491340836,0.722222222222222,0.000181343757241157,35.647466710868,91
"{BRANZOAICA PANIPROD 120G,PRAJITURA ALBINITA GLAZUR 3*50G} => {APA MINERALA NATURALA CARBOGAZOASA PERLA HARGHITEI  2L}",0.000110821184980707,0.506578947368421,0.000218763897624253,31.3649650826853,77
"{APA MINERALA NATURALA CARBOGAZOASA PERLA HARGHITEI  2L,PRAJITURA ALBINITA GLAZUR 3*50G} => {BRANZOAICA PANIPROD 120G}",0.000110821184980707,0.706422018348624,0.000156876742375287,80.702269292151,77
"{APA MINERALA NATURALA CARBOGAZOASA PERLA HARGHITEI  2L,BRANZOAICA PANIPROD 120G} => {PRAJITURA ALBINITA GLAZUR 3*50G}",0.000110821184980707,0.229850746268657,0.000482144116474505,204.224151620415,77
"{BERE HEINEKEN DOZA 500ML,BERE URSUS DOZA BLACK DOZA 500ML} => {APA MINERALA NATURALA DECARBOGAZIFICATA PARTIAL PERLA HARGHITEI 2L}",0.000143923616858061,0.495049504950495,0.000290725706053283,51.4612255660036,100
"{APA MINERALA NATURALA DECARBOGAZIFICATA PARTIAL PERLA HARGHITEI 2L,BERE URSUS DOZA BLACK DOZA 500ML} => {BERE HEINEKEN DOZA 500ML}",0.000143923616858061,0.684931506849315,0.000210128480612769,445.598609614694,100
"{APA MINERALA NATURALA DECARBOGAZIFICATA PARTIAL PERLA HARGHITEI 2L,BERE HEINEKEN DOZA 500ML} => {BERE URSUS DOZA BLACK DOZA 500ML}",0.000143923616858061,0.561797752808989,0.000256184038007349,785.401171071372,100
"{BERE HEINEKEN DOZA 500ML,BERE URSUS DOZA BLACK DOZA 500ML} => {APA MINERALA NATURALA CARBOGAZOASA PERLA HARGHITEI  2L}",0.000162633687049609,0.559405940594059,0.000290725706053283,34.6357618786295,113
"{APA MINERALA NATURALA CARBOGAZOASA PERLA HARGHITEI  2L,BERE URSUS DOZA BLACK DOZA 500ML} => {BERE HEINEKEN DOZA 500ML}",0.000162633687049609,0.627777777777778,0.00025906251034451,408.415881190179,113
"{APA MINERALA NATURALA CARBOGAZOASA PERLA HARGHITEI  2L,BERE HEINEKEN DOZA 500ML} => {BERE URSUS DOZA BLACK DOZA 500ML}",0.000162633687049609,0.545893719806763,0.000297921886896186,763.167108933796,113
"{APA MINERALA NATURALA DECARBOGAZIFICATA PARTIAL PERLA HARGHITEI 2L,BERE URSUS DOZA BLACK DOZA 500ML} => {APA MINERALA NATURALA CARBOGAZOASA PERLA HARGHITEI  2L}",0.00016551215938677,0.787671232876712,0.000210128480612769,48.7688658286194,115
"{APA MINERALA NATURALA CARBOGAZOASA PERLA HARGHITEI  2L,BERE URSUS DOZA BLACK DOZA 500ML} => {APA MINERALA NATURALA DECARBOGAZIFICATA PARTIAL PERLA HARGHITEI 2L}",0.00016551215938677,0.638888888888889,0.00025906251034451,66.4135705499036,115
"{APA MINERALA NATURALA CARBOGAZOASA PERLA HARGHITEI  2L,APA MINERALA NATURALA DECARBOGAZIFICATA PARTIAL PERLA HARGHITEI 2L} => {BERE URSUS DOZA BLACK DOZA 500ML}",0.00016551215938677,0.245202558635394,0.000675001763064307,342.796630529445,115
"{GOBE IAURT 2.8% PROBIOTIC 150G,PAINE INTEGRALA FELII BACHUS 500G} => {_BANANE}",0.000125213546666513,0.491525423728814,0.000254744801838768,6.3841154170911,87
"{_BANANE,GOBE IAURT 2.8% PROBIOTIC 150G} => {PAINE INTEGRALA FELII BACHUS 500G}",0.000125213546666513,0.292929292929293,0.000427453142068441,178.692783852573,87
"{_BANANE,PAINE INTEGRALA FELII BACHUS 500G} => {GOBE IAURT 2.8% PROBIOTIC 150G}",0.000125213546666513,0.418269230769231,0.000299361123064767,290.03882139567,87
"{APA DE MASA CARBOGAZOASA SICULAQUA 3L,GOBE IAURT 2.8% PROBIOTIC 150G} => {_BANANE}",0.000125213546666513,0.557692307692308,0.000224520842298575,7.24351556939182,87
"{_BANANE,GOBE IAURT 2.8% PROBIOTIC 150G} => {APA DE MASA CARBOGAZOASA SICULAQUA 3L}",0.000125213546666513,0.292929292929293,0.000427453142068441,101.259244183125,87
"{_BANANE,APA DE MASA CARBOGAZOASA SICULAQUA 3L} => {GOBE IAURT 2.8% PROBIOTIC 150G}",0.000125213546666513,0.494318181818182,0.000253305565670188,342.773152558519,87
"{ELAN BRANZA TOPITA CREMOASA 100G,ELAN BRANZA TOPITA EMMENTALER 100G} => {ELAN BRANZA TOPITA CU SUNCA AFUMATA 100G}",0.000105064240306385,0.410112359550562,0.000256184038007349,401.906063295352,73
"{ELAN BRANZA TOPITA CREMOASA 100G,ELAN BRANZA TOPITA CU SUNCA AFUMATA 100G} => {ELAN BRANZA TOPITA EMMENTALER 100G}",0.000105064240306385,0.421965317919075,0.000248987857164446,427.38628052377,73
"{ELAN BRANZA TOPITA CU SUNCA AFUMATA 100G,ELAN BRANZA TOPITA EMMENTALER 100G} => {ELAN BRANZA TOPITA CREMOASA 100G}",0.000105064240306385,0.365,0.000287847233716122,403.832396496815,73
"{_TELINA,OASE CU MADUVA} => {_PATRUNJEL RADACINA KG}",0.000132409727509416,0.691729323308271,0.000191418410421221,34.1423972661639,92
"{_PATRUNJEL RADACINA KG,OASE CU MADUVA} => {_TELINA}",0.000132409727509416,0.613333333333333,0.000215885425287092,35.8412088589851,92
"{_TELINA,OASE CU MADUVA} => {_MORCOVI}",0.000139605908352319,0.729323308270677,0.000191418410421221,21.2168529471392,97
"{_MORCOVI,OASE CU MADUVA} => {_TELINA}",0.000139605908352319,0.595092024539877,0.00023459549547864,34.7752459921468,97
"{_PATRUNJEL RADACINA KG,OASE CU MADUVA} => {_MORCOVI}",0.000171269104061093,0.793333333333333,0.000215885425287092,23.0789781164517,119
"{_MORCOVI,OASE CU MADUVA} => {_PATRUNJEL RADACINA KG}",0.000171269104061093,0.730061349693252,0.00023459549547864,36.0343906062668,119
"{_PATRUNJEL RADACINA KG,PASTE FIDEA CU 4 OUA TETOVARI BALOGH 250G} => {_MORCOVI}",0.000102185767969223,0.825581395348837,0.000123774310497933,24.0171112898389,71
"{_MORCOVI,PASTE FIDEA CU 4 OUA TETOVARI BALOGH 250G} => {_PATRUNJEL RADACINA KG}",0.000102185767969223,0.514492753623188,0.000198614591264124,25.3943491953675,71
"{CROASAN CU GEM BACHUS 100G,DANONE ACTIVIA DE BAUT FIBRE 320G} => {SZEKELYHON}",0.000388593765516765,0.978260869565217,0.000397229182528249,94.4826757805418,270
"{DANONE ACTIVIA DE BAUT FIBRE 320G,SZEKELYHON} => {CROASAN CU GEM BACHUS 100G}",0.000388593765516765,0.714285714285714,0.000544031271723471,490.410079051383,270
"{CROASAN CU GEM BACHUS 100G,SZEKELYHON} => {DANONE ACTIVIA DE BAUT FIBRE 320G}",0.000388593765516765,0.733695652173913,0.000529638910037665,598.334832363748,270
"{CROASAN CU GEM BACHUS 100G,DANONE ACTIVIA DE BAUT FIBRE 320G} => {MAGAZIN DE RECLAMA SI PUBLICITATE HETI HIRDETO}",0.000105064240306385,0.264492753623188,0.000397229182528249,22.5654473997039,73
"{DANONE ACTIVIA DE BAUT FIBRE 320G,MAGAZIN DE RECLAMA SI PUBLICITATE HETI HIRDETO} => {CROASAN CU GEM BACHUS 100G}",0.000105064240306385,0.579365079365079,0.000181343757241157,397.777064119455,73
"{CROASAN CU GEM BACHUS 100G,MAGAZIN DE RECLAMA SI PUBLICITATE HETI HIRDETO} => {DANONE ACTIVIA DE BAUT FIBRE 320G}",0.000105064240306385,0.752577319587629,0.000139605908352319,613.732987270703,73
"{DANONE ACTIVIA DE BAUT FIBRE 320G,MELCI PIZZA RIP-ROP 120G} => {SZEKELYHON}",0.000106503476474965,0.91358024691358,0.000116578129655029,88.2356730746129,74
"{DANONE ACTIVIA DE BAUT FIBRE 320G,SZEKELYHON} => {MELCI PIZZA RIP-ROP 120G}",0.000106503476474965,0.195767195767196,0.000544031271723471,29.4164343842112,74
"{MELCI PIZZA RIP-ROP 120G,SZEKELYHON} => {DANONE ACTIVIA DE BAUT FIBRE 320G}",0.000106503476474965,0.637931034482759,0.000166951395555351,520.237999838109,74
"{DANONE ACTIVIA DE BAUT FIBRE 320G,SZEKELYHON} => {MAGAZIN DE RECLAMA SI PUBLICITATE HETI HIRDETO}",0.00016407292321819,0.301587301587302,0.000544031271723471,25.7302035581751,114
"{DANONE ACTIVIA DE BAUT FIBRE 320G,MAGAZIN DE RECLAMA SI PUBLICITATE HETI HIRDETO} => {SZEKELYHON}",0.00016407292321819,0.904761904761905,0.000181343757241157,87.3839773885645,114
"{MAGAZIN DE RECLAMA SI PUBLICITATE HETI HIRDETO,SZEKELYHON} => {DANONE ACTIVIA DE BAUT FIBRE 320G}",0.00016407292321819,0.145780051150895,0.00112548268383004,118.88482943698,114
"{KEFIR CAUCAZIAN 3.3% BOMILACT 330G,L&M RED KS 23 S} => {PAINE ALBA SECUIASCA CU CARTOFI FEL.HARMOPAN 500G}",0.000125213546666513,0.861386138613861,0.000145362853026642,175.874900713698,87
"{KEFIR CAUCAZIAN 3.3% BOMILACT 330G,PAINE ALBA SECUIASCA CU CARTOFI FEL.HARMOPAN 500G} => {L&M RED KS 23 S}",0.000125213546666513,0.861386138613861,0.000145362853026642,399.267703221289,87
"{L&M RED KS 23 S,PAINE ALBA SECUIASCA CU CARTOFI FEL.HARMOPAN 500G} => {KEFIR CAUCAZIAN 3.3% BOMILACT 330G}",0.000125213546666513,0.307420494699647,0.000407303835708313,220.433184916146,87
"{CROASAN CU GEM BACHUS 100G,MELCI PIZZA RIP-ROP 120G} => {SZEKELYHON}",0.000130970491340836,0.777777777777778,0.000168390631723931,75.1195595094678,91
"{CROASAN CU GEM BACHUS 100G,SZEKELYHON} => {MELCI PIZZA RIP-ROP 120G}",0.000130970491340836,0.247282608695652,0.000529638910037665,37.1572602066722,91
"{MELCI PIZZA RIP-ROP 120G,SZEKELYHON} => {CROASAN CU GEM BACHUS 100G}",0.000130970491340836,0.78448275862069,0.000166951395555351,538.605552337468,91
"{CROASAN CU GEM BACHUS 100G,SZEKELYHON} => {MAGAZIN DE RECLAMA SI PUBLICITATE HETI HIRDETO}",0.000128092019003674,0.241847826086957,0.000529638910037665,20.6334741634279,89
"{CROASAN CU GEM BACHUS 100G,MAGAZIN DE RECLAMA SI PUBLICITATE HETI HIRDETO} => {SZEKELYHON}",0.000128092019003674,0.917525773195876,0.000139605908352319,88.6167410413603,89
"{MAGAZIN DE RECLAMA SI PUBLICITATE HETI HIRDETO,SZEKELYHON} => {CROASAN CU GEM BACHUS 100G}",0.000128092019003674,0.11381074168798,0.00112548268383004,78.1395087593381,89
"{MARLBORO TOUCH 6,PAINE SIMPLA FELIATA PANOS 1KG} => {_BANANE}",0.000107942712643546,0.9375,0.000115138893486449,12.1765994485466,75
"{_BANANE,PAINE SIMPLA FELIATA PANOS 1KG} => {MARLBORO TOUCH 6}",0.000107942712643546,0.38860103626943,0.000277772580536058,171.323002419715,75
"{_BANANE,MARLBORO TOUCH 6} => {PAINE SIMPLA FELIATA PANOS 1KG}",0.000107942712643546,0.360576923076923,0.000299361123064767,235.90728215993,75
"{CORN CU CASCAVAL PANOS 80G,PAINE SIMPLA FELIATA PANOS 1KG} => {_BANANE}",0.000102185767969223,0.771739130434783,0.000132409727509416,10.0236354880789,71
"{_BANANE,PAINE SIMPLA FELIATA PANOS 1KG} => {CORN CU CASCAVAL PANOS 80G}",0.000102185767969223,0.367875647668394,0.000277772580536058,16.9701754337684,71
"{PALL MALL EXTRA CUT BALANCE BLUE,PALL MALL S-LINE FLOW VIOLET/ROSE} => {DANONE ACTIVIA NATUR 125G}",0.00011801736582361,0.463276836158192,0.000254744801838768,36.4996902553103,82
"{DANONE ACTIVIA NATUR 125G,PALL MALL EXTRA CUT BALANCE BLUE} => {PALL MALL S-LINE FLOW VIOLET/ROSE}",0.00011801736582361,0.854166666666667,0.000138166672183739,112.211401808786,82
"{DANONE ACTIVIA NATUR 125G,PALL MALL S-LINE FLOW VIOLET/ROSE} => {PALL MALL EXTRA CUT BALANCE BLUE}",0.00011801736582361,0.420512820512821,0.000280651052873219,219.847836237001,82
"{CORN CU CASCAVAL PANOS 80G,MARLBORO TOUCH 6} => {_BANANE}",0.000130970491340836,0.78448275862069,0.000166951395555351,10.1891544810827,91
"{_BANANE,MARLBORO TOUCH 6} => {CORN CU CASCAVAL PANOS 80G}",0.000130970491340836,0.4375,0.000299361123064767,20.1819603970256,91
"{_TELINA,SPATE PUI REFR.VRAC SZEKELY CSURKE} => {_PATRUNJEL RADACINA KG}",0.000116578129655029,0.778846153846154,0.000149680561532384,38.4423124737023,81
"{_PATRUNJEL RADACINA KG,SPATE PUI REFR.VRAC SZEKELY CSURKE} => {_TELINA}",0.000116578129655029,0.574468085106383,0.000202932299769866,33.5700499257377,81
"{_TELINA,SPATE PUI REFR.VRAC SZEKELY CSURKE} => {_MORCOVI}",0.000126652782835094,0.846153846153846,0.000149680561532384,24.6155875191631,88
"{_MORCOVI,SPATE PUI REFR.VRAC SZEKELY CSURKE} => {_TELINA}",0.000126652782835094,0.483516483516484,0.000261940982681671,28.2551335964288,88
"{_PATRUNJEL RADACINA KG,SPATE PUI REFR.VRAC SZEKELY CSURKE} => {_MORCOVI}",0.000175586812566835,0.865248226950355,0.000202932299769866,25.1710649938058,122
"{_MORCOVI,SPATE PUI REFR.VRAC SZEKELY CSURKE} => {_PATRUNJEL RADACINA KG}",0.000175586812566835,0.67032967032967,0.000261940982681671,33.0861525346856,122
"{BISCUITI MEGA SANDVIS CU CREMA DE CACAO FEINY 500G,DANONE ACTIVIA DE BAUT CAPSUNI&KIWI 320G} => {IAURT 2.8% PROBIOTIC LACTIS 500G}",0.000102185767969223,0.845238095238095,0.000120895838160771,407.551989359241,71
"{DANONE ACTIVIA DE BAUT CAPSUNI&KIWI 320G,IAURT 2.8% PROBIOTIC LACTIS 500G} => {BISCUITI MEGA SANDVIS CU CREMA DE CACAO FEINY 500G}",0.000102185767969223,0.663551401869159,0.000153998270038125,480.75509925643,71
"{BISCUITI MEGA SANDVIS CU CREMA DE CACAO FEINY 500G,IAURT 2.8% PROBIOTIC LACTIS 500G} => {DANONE ACTIVIA DE BAUT CAPSUNI&KIWI 320G}",0.000102185767969223,0.876543209876543,0.000116578129655029,740.016545910025,71
"{KENT 100 S,PAINE NEAGRA CU FAINA DE SECARA FEL.HARMOPAN 500G} => {PAINE CU CARTOFI FELII BACHUS 1.2 KG}",0.000100746531800643,0.921052631578947,0.000109381948812126,15.0274583690711,70
"{KENT 100 S,PAINE CU CARTOFI FELII BACHUS 1.2 KG} => {PAINE NEAGRA CU FAINA DE SECARA FEL.HARMOPAN 500G}",0.000100746531800643,0.181347150259067,0.000555545161072116,39.8615493555689,70
"{PAINE CU CARTOFI FELII BACHUS 1.2 KG,PAINE NEAGRA CU FAINA DE SECARA FEL.HARMOPAN 500G} => {KENT 100 S}",0.000100746531800643,0.426829268292683,0.00023603473164722,227.254041678348,70
"{LD RED,PATE DIN FICAT DE RATA HAME 105G} => {FRANZELA ALBA COUNTRY 1KG}",0.000156876742375287,0.756944444444444,0.000207250008275608,57.055200724428,109
"{FRANZELA ALBA COUNTRY 1KG,PATE DIN FICAT DE RATA HAME 105G} => {LD RED}",0.000156876742375287,0.858267716535433,0.000182782993409738,293.906144371185,109
"{FRANZELA ALBA COUNTRY 1KG,LD RED} => {PATE DIN FICAT DE RATA HAME 105G}",0.000156876742375287,0.545,0.000287847233716122,468.654808168317,109
"{_PATRUNJEL RADACINA KG,ELAN CONSERVA MAZARE VERDE BOABE 420G} => {_MORCOVI}",0.000103625004137804,0.818181818181818,0.000126652782835094,23.8018490887776,72
"{_MORCOVI,ELAN CONSERVA MAZARE VERDE BOABE 420G} => {_PATRUNJEL RADACINA KG}",0.000103625004137804,0.549618320610687,0.00018853993808406,27.1280780136729,72
"{COVRIGI RIP-ROP 100G,GIANA TON MARUNTIT IN ULEI VEGETAL 170G} => {CORN CU CASCAVAL PANOS 80G}",0.000100746531800643,0.843373493975904,0.000119456601992191,38.9049838978807,70
"{CORN CU CASCAVAL PANOS 80G,GIANA TON MARUNTIT IN ULEI VEGETAL 170G} => {COVRIGI RIP-ROP 100G}",0.000100746531800643,0.666666666666667,0.000151119797700964,83.4009122554315,70
"{CORN CU CASCAVAL PANOS 80G,COVRIGI RIP-ROP 100G} => {GIANA TON MARUNTIT IN ULEI VEGETAL 170G}",0.000100746531800643,0.117056856187291,0.000860663228811205,92.1094285595246,70
"{DANONE IAURT DELICIOS CAISE 125G,DANONE IAURT DELICIOS FRUCTE DE PADURE 125G} => {DANONE IAURT DELICIOS CAPSUNI 125G}",0.000123774310497933,0.485875706214689,0.000254744801838768,173.927231871276,86
"{DANONE IAURT DELICIOS CAPSUNI 125G,DANONE IAURT DELICIOS FRUCTE DE PADURE 125G} => {DANONE IAURT DELICIOS CAISE 125G}",0.000123774310497933,0.362869198312236,0.000341098971953605,182.040603817271,86
"{DANONE IAURT DELICIOS CAISE 125G,DANONE IAURT DELICIOS CAPSUNI 125G} => {DANONE IAURT DELICIOS FRUCTE DE PADURE 125G}",0.000123774310497933,0.168958742632613,0.000732571209807531,130.874839291855,86
"{APA MINERALA NATURALA DECARBOGAZIFICATA PARTIAL PERLA HARGHITEI 2L,BERE HEINEKEN DOZA 500ML} => {APA MINERALA NATURALA CARBOGAZOASA PERLA HARGHITEI  2L}",0.000200053827432705,0.780898876404494,0.000256184038007349,48.3495536456279,139
"{APA MINERALA NATURALA CARBOGAZOASA PERLA HARGHITEI  2L,BERE HEINEKEN DOZA 500ML} => {APA MINERALA NATURALA DECARBOGAZIFICATA PARTIAL PERLA HARGHITEI 2L}",0.000200053827432705,0.671497584541063,0.000297921886896186,69.8032991034903,139
"{APA MINERALA NATURALA CARBOGAZOASA PERLA HARGHITEI  2L,APA MINERALA NATURALA DECARBOGAZIFICATA PARTIAL PERLA HARGHITEI 2L} => {BERE HEINEKEN DOZA 500ML}",0.000200053827432705,0.29637526652452,0.000675001763064307,192.814033763765,139
"{L&M RED KS 23 S,PAINE ALBA SECUIASCA CU CARTOFI FEL.HARMOPAN 500G} => {_MERE GOLDEN}",0.000125213546666513,0.307420494699647,0.000407303835708313,26.1604110451617,87
"{_MERE GOLDEN,L&M RED KS 23 S} => {PAINE ALBA SECUIASCA CU CARTOFI FEL.HARMOPAN 500G}",0.000125213546666513,0.820754716981132,0.000152559033869545,167.578914830976,87
"{_MERE GOLDEN,PAINE ALBA SECUIASCA CU CARTOFI FEL.HARMOPAN 500G} => {L&M RED KS 23 S}",0.000125213546666513,0.439393939393939,0.000284968761378961,203.66685871389,87
"{DANONE ACTIVIA NATUR 125G,LD RED} => {PAINE CU CARTOFI FELII BACHUS 1.2 KG}",0.000100746531800643,0.74468085106383,0.000135288199846577,12.1498599579724,70
"{LD RED,PAINE CU CARTOFI FELII BACHUS 1.2 KG} => {DANONE ACTIVIA NATUR 125G}",0.000100746531800643,0.299145299145299,0.000336781263447863,23.5684366407804,70
"{DANONE ACTIVIA NATUR 125G,PAINE CU CARTOFI FELII BACHUS 1.2 KG} => {LD RED}",0.000100746531800643,0.111821086261981,0.000900961841531462,38.2921362291502,70
"{BAUTURA SPIRTOASA 21% SANIUS AMIGO 500ML PET,PALL MALL BLUE} => {APA MINERALA NATURALA CARBOGAZIFICATA CONTINUT REDUS CO2 TUSNAD 2L}",0.000266258691187413,0.677655677655678,0.000392911474022507,16.9003580171922,185
"{APA MINERALA NATURALA CARBOGAZIFICATA CONTINUT REDUS CO2 TUSNAD 2L,BAUTURA SPIRTOASA 21% SANIUS AMIGO 500ML PET} => {PALL MALL BLUE}",0.000266258691187413,0.898058252427185,0.000296482650727606,126.56846826444,185
"{APA MINERALA NATURALA CARBOGAZIFICATA CONTINUT REDUS CO2 TUSNAD 2L,PALL MALL BLUE} => {BAUTURA SPIRTOASA 21% SANIUS AMIGO 500ML PET}",0.000266258691187413,0.516759776536313,0.000515246548351859,238.572365856827,185
"{BAUTURA SPIRTOASA 21% SANIUS AMIGO 500ML PET,PALL MALL BLUE} => {_BANANE}",0.000103625004137804,0.263736263736264,0.000392911474022507,3.42550489981091,72
"{_BANANE,BAUTURA SPIRTOASA 21% SANIUS AMIGO 500ML PET} => {PALL MALL BLUE}",0.000103625004137804,0.467532467532468,0.000221642369961414,65.8920154895814,72
"{_BANANE,PALL MALL BLUE} => {BAUTURA SPIRTOASA 21% SANIUS AMIGO 500ML PET}",0.000103625004137804,0.154175588865096,0.000672123290727145,71.1782082565609,72
"{APA MINERALA NATURALA PLATA BORSEC 2L,BERE BLONDA 4.5% ALC.ALBRAU DOZA 500ML} => {DANONE ACTIVIA NATUR 125G}",0.000115138893486449,0.467836257309941,0.000246109384827284,36.8589084306942,80
"{APA MINERALA NATURALA PLATA BORSEC 2L,DANONE ACTIVIA NATUR 125G} => {BERE BLONDA 4.5% ALC.ALBRAU DOZA 500ML}",0.000115138893486449,0.62015503875969,0.000185661465746899,199.579334388947,80
"{BERE BLONDA 4.5% ALC.ALBRAU DOZA 500ML,DANONE ACTIVIA NATUR 125G} => {APA MINERALA NATURALA PLATA BORSEC 2L}",0.000115138893486449,0.547945205479452,0.000210128480612769,229.764304197221,80
"{APA MINERALA NATURALA PLATA BORSEC 2L,PALL MALL BLUE} => {APA MINERALA NATURALA CARBOGAZOASA PERLA HARGHITEI  2L}",0.000149680561532384,0.707482993197279,0.00021156771678135,43.8039904609144,104
"{APA MINERALA NATURALA CARBOGAZOASA PERLA HARGHITEI  2L,APA MINERALA NATURALA PLATA BORSEC 2L} => {PALL MALL BLUE}",0.000149680561532384,0.675324675324675,0.000221642369961414,95.1773557071731,104
"{APA MINERALA NATURALA CARBOGAZOASA PERLA HARGHITEI  2L,PALL MALL BLUE} => {APA MINERALA NATURALA PLATA BORSEC 2L}",0.000149680561532384,0.581005586592179,0.000257623274175929,243.627178416941,104
"{_TELINA,PULPE PUI REFR.GALBEN VRAC} => {_PATRUNJEL RADACINA KG}",0.000162633687049609,0.689024390243902,0.00023603473164722,34.0088870965786,113
"{_PATRUNJEL RADACINA KG,PULPE PUI REFR.GALBEN VRAC} => {_TELINA}",0.000162633687049609,0.701863354037267,0.000231717023141478,41.0146158628003,113
"{_TELINA,PULPE PUI REFR.GALBEN VRAC} => {_MORCOVI}",0.000185661465746899,0.786585365853659,0.00023603473164722,22.8826719898207,129
"{_MORCOVI,PULPE PUI REFR.GALBEN VRAC} => {_TELINA}",0.000185661465746899,0.602803738317757,0.000307996540076251,35.2258935098213,129
"{_PATRUNJEL RADACINA KG,PULPE PUI REFR.GALBEN VRAC} => {_MORCOVI}",0.000207250008275608,0.894409937888199,0.000231717023141478,26.0194126684774,144
"{_MORCOVI,PULPE PUI REFR.GALBEN VRAC} => {_PATRUNJEL RADACINA KG}",0.000207250008275608,0.672897196261682,0.000307996540076251,33.2128805587958,144
"{KENT CORE SILVER,PAINE CU CARTOFI FELII BACHUS 1.2 KG} => {_BANANE}",0.000136727436015158,0.424107142857143,0.000322388901762057,5.50846165529489,95
"{_BANANE,KENT CORE SILVER} => {PAINE CU CARTOFI FELII BACHUS 1.2 KG}",0.000136727436015158,0.342960288808664,0.000398668418696829,5.59557758765825,95
"{_TELINA,BONDUELLE MAZARE VERDE BOABE 200G} => {_PATRUNJEL RADACINA KG}",0.000132409727509416,0.676470588235294,0.000195736118926963,33.3892561499985,92
"{_PATRUNJEL RADACINA KG,BONDUELLE MAZARE VERDE BOABE 200G} => {_TELINA}",0.000132409727509416,0.61744966442953,0.000214446189118511,36.0817538848844,92
"{_TELINA,BONDUELLE MAZARE VERDE BOABE 200G} => {_MORCOVI}",0.000139605908352319,0.713235294117647,0.000195736118926963,20.7488341321288,97
"{_MORCOVI,BONDUELLE MAZARE VERDE BOABE 200G} => {_TELINA}",0.000139605908352319,0.551136363636364,0.000253305565670188,32.2066198677269,97
"{_PATRUNJEL RADACINA KG,BONDUELLE MAZARE VERDE BOABE 200G} => {_MORCOVI}",0.00016551215938677,0.771812080536913,0.000214446189118511,22.4529001471317,115
"{_MORCOVI,BONDUELLE MAZARE VERDE BOABE 200G} => {_PATRUNJEL RADACINA KG}",0.00016551215938677,0.653409090909091,0.000253305565670188,32.2509860539759,115
"{MARLBORO TOUCH 4,PAINE DE CASA CU CARTOFI DOBOI KG} => {APA MINERALA NATURALA CARBOGAZIFICATA CONTINUT REDUS CO2 TUSNAD 2L}",0.000113699657317868,0.317269076305221,0.000358369805976572,7.91251538818591,79
"{APA MINERALA NATURALA CARBOGAZIFICATA CONTINUT REDUS CO2 TUSNAD 2L,MARLBORO TOUCH 4} => {PAINE DE CASA CU CARTOFI DOBOI KG}",0.000113699657317868,0.381642512077295,0.000297921886896186,11.3938975956671,79
"{NESCAFE 3IN1 ORIGINAL 16.5G,NESCAFE BRASERO 1.8G} => {L&M RED LABEL BOX}",0.000185661465746899,0.701086956521739,0.000264819455018832,151.846736758647,129
"{L&M RED LABEL BOX,NESCAFE 3IN1 ORIGINAL 16.5G} => {NESCAFE BRASERO 1.8G}",0.000185661465746899,0.848684210526316,0.000218763897624253,344.035485629184,129
"{L&M RED LABEL BOX,NESCAFE BRASERO 1.8G} => {NESCAFE 3IN1 ORIGINAL 16.5G}",0.000185661465746899,0.697297297297297,0.000266258691187413,331.16283460494,129
"{NESCAFE 3IN1 ORIGINAL 16.5G,NESCAFE BRASERO 1.8G} => {ENERGIZANT HELL 250ML}",0.00011801736582361,0.445652173913043,0.000264819455018832,22.9247741106866,82
"{ENERGIZANT HELL 250ML,NESCAFE 3IN1 ORIGINAL 16.5G} => {NESCAFE BRASERO 1.8G}",0.00011801736582361,0.689075630252101,0.000171269104061093,279.334134120393,82
"{ENERGIZANT HELL 250ML,NESCAFE BRASERO 1.8G} => {NESCAFE 3IN1 ORIGINAL 16.5G}",0.00011801736582361,0.535947712418301,0.000220203133792833,254.534133908747,82
"{NESCAFE 3IN1 ORIGINAL 16.5G,NESCAFE BRASERO 1.8G} => {APA MINERALA NATURALA CARBOGAZIFICATA CONTINUT REDUS CO2 TUSNAD 2L}",0.000162633687049609,0.614130434782609,0.000264819455018832,15.3160735743937,113
"{APA MINERALA NATURALA CARBOGAZIFICATA CONTINUT REDUS CO2 TUSNAD 2L,NESCAFE 3IN1 ORIGINAL 16.5G} => {NESCAFE BRASERO 1.8G}",0.000162633687049609,0.570707070707071,0.000284968761378961,231.350462029867,113
"{APA MINERALA NATURALA CARBOGAZIFICATA CONTINUT REDUS CO2 TUSNAD 2L,NESCAFE BRASERO 1.8G} => {NESCAFE 3IN1 ORIGINAL 16.5G}",0.000162633687049609,0.642045454545455,0.000253305565670188,304.922439103958,113
"{L&M RED LABEL BOX,NESCAFE 3IN1 ORIGINAL 16.5G} => {ENERGIZANT HELL 250ML}",0.000128092019003674,0.585526315789474,0.000218763897624253,30.1200337641691,89
"{ENERGIZANT HELL 250ML,NESCAFE 3IN1 ORIGINAL 16.5G} => {L&M RED LABEL BOX}",0.000128092019003674,0.747899159663866,0.000171269104061093,161.985679184392,89
"{ENERGIZANT HELL 250ML,L&M RED LABEL BOX} => {NESCAFE 3IN1 ORIGINAL 16.5G}",0.000128092019003674,0.281645569620253,0.000454798629271473,133.7600841863,89
"{L&M RED LABEL BOX,NESCAFE 3IN1 ORIGINAL 16.5G} => {APA MINERALA NATURALA CARBOGAZIFICATA CONTINUT REDUS CO2 TUSNAD 2L}",0.000181343757241157,0.828947368421053,0.000218763897624253,20.6734891563079,126
"{APA MINERALA NATURALA CARBOGAZIFICATA CONTINUT REDUS CO2 TUSNAD 2L,NESCAFE 3IN1 ORIGINAL 16.5G} => {L&M RED LABEL BOX}",0.000181343757241157,0.636363636363636,0.000284968761378961,137.828468601224,126
"{APA MINERALA NATURALA CARBOGAZIFICATA CONTINUT REDUS CO2 TUSNAD 2L,L&M RED LABEL BOX} => {NESCAFE 3IN1 ORIGINAL 16.5G}",0.000181343757241157,0.373887240356083,0.000485022588811666,177.567816222509,126
"{ENERGIZANT HELL 250ML,NESCAFE 3IN1 ORIGINAL 16.5G} => {APA MINERALA NATURALA CARBOGAZIFICATA CONTINUT REDUS CO2 TUSNAD 2L}",0.000112260421149288,0.65546218487395,0.000171269104061093,16.3468645749757,78
"{APA MINERALA NATURALA CARBOGAZIFICATA CONTINUT REDUS CO2 TUSNAD 2L,NESCAFE 3IN1 ORIGINAL 16.5G} => {ENERGIZANT HELL 250ML}",0.000112260421149288,0.393939393939394,0.000284968761378961,20.264619243445,78
"{APA MINERALA NATURALA CARBOGAZIFICATA CONTINUT REDUS CO2 TUSNAD 2L,ENERGIZANT HELL 250ML} => {NESCAFE 3IN1 ORIGINAL 16.5G}",0.000112260421149288,0.173333333333333,0.000647656275861275,82.3200637958533,78
"{BISCUITI EUGENIA VANILIE CU CR.ROM ROSTAR FOX 30G,PAINE CU CARTOFI FELII BACHUS 1.2 KG} => {_BANANE}",0.000135288199846577,0.333333333333333,0.000405864599539732,4.32945758170546,94
"{_BANANE,BISCUITI EUGENIA VANILIE CU CR.ROM ROSTAR FOX 30G} => {PAINE CU CARTOFI FELII BACHUS 1.2 KG}",0.000135288199846577,0.302250803858521,0.00044760244842857,4.93138091817382,94
"{BAUTURA SPIRTOASA 21% SECUIANA AMIGO 500ML PET,NESCAFE BRASERO 1.8G} => {BERE NEUMARKT 500ML PET}",0.000110821184980707,0.506578947368421,0.000218763897624253,122.897220027198,77
"{BERE NEUMARKT 500ML PET,NESCAFE BRASERO 1.8G} => {BAUTURA SPIRTOASA 21% SECUIANA AMIGO 500ML PET}",0.000110821184980707,0.905882352941176,0.000122335074329352,269.327700168643,77
"{BAUTURA SPIRTOASA 21% SECUIANA AMIGO 500ML PET,BERE NEUMARKT 500ML PET} => {NESCAFE BRASERO 1.8G}",0.000110821184980707,0.658119658119658,0.000168390631723931,266.785352402038,77
"{BAUTURA SPIRTOASA 21% SECUIANA AMIGO 500ML PET,NESCAFE BRASERO 1.8G} => {HARTIE IGIENICA NATUR FARA TUB 60G}",0.000130970491340836,0.598684210526316,0.000218763897624253,191.076514638687,91
"{HARTIE IGIENICA NATUR FARA TUB 60G,NESCAFE BRASERO 1.8G} => {BAUTURA SPIRTOASA 21% SECUIANA AMIGO 500ML PET}",0.000130970491340836,0.883495145631068,0.000148241325363803,262.671764065622,91
"{BAUTURA SPIRTOASA 21% SECUIANA AMIGO 500ML PET,HARTIE IGIENICA NATUR FARA TUB 60G} => {NESCAFE BRASERO 1.8G}",0.000130970491340836,0.517045454545455,0.000253305565670188,209.597376551395,91
"{BAUTURA SPIRTOASA 21% SECUIANA AMIGO 500ML PET,NESCAFE BRASERO 1.8G} => {L&M RED 100}",0.000166951395555351,0.763157894736842,0.000218763897624253,173.341623509575,116
"{L&M RED 100,NESCAFE BRASERO 1.8G} => {BAUTURA SPIRTOASA 21% SECUIANA AMIGO 500ML PET}",0.000166951395555351,0.778523489932886,0.000214446189118511,231.462662221112,116
"{BAUTURA SPIRTOASA 21% SECUIANA AMIGO 500ML PET,L&M RED 100} => {NESCAFE BRASERO 1.8G}",0.000166951395555351,0.537037037037037,0.000310875012413412,217.701467219845,116
"{BAUTURA SPIRTOASA 21% SECUIANA AMIGO 500ML PET,NESCAFE BRASERO 1.8G} => {BATON LAPTE END-IBO 100G}",0.000120895838160771,0.552631578947368,0.000218763897624253,149.698091720529,84
"{BATON LAPTE END-IBO 100G,NESCAFE BRASERO 1.8G} => {BAUTURA SPIRTOASA 21% SECUIANA AMIGO 500ML PET}",0.000120895838160771,0.884210526315789,0.000136727436015158,262.884453753125,84
"{BATON LAPTE END-IBO 100G,BAUTURA SPIRTOASA 21% SECUIANA AMIGO 500ML PET} => {NESCAFE BRASERO 1.8G}",0.000120895838160771,0.815533980582524,0.000148241325363803,330.597206330505,84
"{BAUTURA SPIRTOASA 21% SECUIANA AMIGO 500ML PET,NESCAFE BRASERO 1.8G} => {APA MINERALA NATURALA DECARBOGAZIFICATA PARTIAL PERLA HARGHITEI 2L}",0.000110821184980707,0.506578947368421,0.000218763897624253,52.6597304245803,77
"{APA MINERALA NATURALA DECARBOGAZIFICATA PARTIAL PERLA HARGHITEI 2L,NESCAFE BRASERO 1.8G} => {BAUTURA SPIRTOASA 21% SECUIANA AMIGO 500ML PET}",0.000110821184980707,0.865168539325843,0.000128092019003674,257.223084430726,77
"{APA MINERALA NATURALA DECARBOGAZIFICATA PARTIAL PERLA HARGHITEI 2L,BAUTURA SPIRTOASA 21% SECUIANA AMIGO 500ML PET} => {NESCAFE BRASERO 1.8G}",0.000110821184980707,0.631147540983607,0.000175586812566835,255.851526483922,77
"{BAUTURA SPIRTOASA 21% SECUIANA AMIGO 500ML PET,NESCAFE BRASERO 1.8G} => {CORN CU CASCAVAL PANOS 80G}",0.000139605908352319,0.638157894736842,0.000218763897624253,29.438348248293,97
"{CORN CU CASCAVAL PANOS 80G,NESCAFE BRASERO 1.8G} => {BAUTURA SPIRTOASA 21% SECUIANA AMIGO 500ML PET}",0.000139605908352319,0.782258064516129,0.000178465284903996,232.572987839386,97
"{BAUTURA SPIRTOASA 21% SECUIANA AMIGO 500ML PET,CORN CU CASCAVAL PANOS 80G} => {NESCAFE BRASERO 1.8G}",0.000139605908352319,0.683098591549296,0.000204371535938447,276.911191184446,97
"{HARTIE IGIENICA NATUR FARA TUB 60G,NESCAFE BRASERO 1.8G} => {L&M RED 100}",0.000115138893486449,0.776699029126214,0.000148241325363803,176.417320210615,80
"{L&M RED 100,NESCAFE BRASERO 1.8G} => {HARTIE IGIENICA NATUR FARA TUB 60G}",0.000115138893486449,0.536912751677852,0.000214446189118511,171.361488163318,80
"{HARTIE IGIENICA NATUR FARA TUB 60G,L&M RED 100} => {NESCAFE BRASERO 1.8G}",0.000115138893486449,0.833333333333333,0.000138166672183739,337.812621548036,80
"{HARTIE IGIENICA NATUR FARA TUB 60G,NESCAFE BRASERO 1.8G} => {CORN CU CASCAVAL PANOS 80G}",0.000103625004137804,0.699029126213592,0.000148241325363803,32.2463500379661,72
"{CORN CU CASCAVAL PANOS 80G,NESCAFE BRASERO 1.8G} => {HARTIE IGIENICA NATUR FARA TUB 60G}",0.000103625004137804,0.580645161290323,0.000178465284903996,185.319157763717,72
"{CORN CU CASCAVAL PANOS 80G,HARTIE IGIENICA NATUR FARA TUB 60G} => {NESCAFE BRASERO 1.8G}",0.000103625004137804,0.631578947368421,0.00016407292321819,256.02640791009,72
"{L&M RED LABEL BOX,NESCAFE BRASERO 1.8G} => {ENERGIZANT HELL 250ML}",0.00016407292321819,0.616216216216216,0.000266258691187413,31.6987515982704,114
"{ENERGIZANT HELL 250ML,NESCAFE BRASERO 1.8G} => {L&M RED LABEL BOX}",0.00016407292321819,0.745098039215686,0.000220203133792833,161.378991247372,114
"{ENERGIZANT HELL 250ML,L&M RED LABEL BOX} => {NESCAFE BRASERO 1.8G}",0.00016407292321819,0.360759493670886,0.000454798629271473,146.242932366365,114
"{L&M RED LABEL BOX,NESCAFE BRASERO 1.8G} => {APA MINERALA NATURALA CARBOGAZIFICATA CONTINUT REDUS CO2 TUSNAD 2L}",0.00021300695294993,0.8,0.000266258691187413,19.9515577889447,148
"{APA MINERALA NATURALA CARBOGAZIFICATA CONTINUT REDUS CO2 TUSNAD 2L,NESCAFE BRASERO 1.8G} => {L&M RED LABEL BOX}",0.00021300695294993,0.840909090909091,0.000253305565670188,182.130476365903,148
"{APA MINERALA NATURALA CARBOGAZIFICATA CONTINUT REDUS CO2 TUSNAD 2L,L&M RED LABEL BOX} => {NESCAFE BRASERO 1.8G}",0.00021300695294993,0.439169139465875,0.000485022588811666,178.028253967155,148
"{L&M RED LABEL BOX,NESCAFE BRASERO 1.8G} => {PAINE CU CARTOFI FELII BACHUS 1.2 KG}",0.000100746531800643,0.378378378378378,0.000266258691187413,6.17344235702382,70
"{NESCAFE BRASERO 1.8G,PAINE CU CARTOFI FELII BACHUS 1.2 KG} => {L&M RED LABEL BOX}",0.000100746531800643,0.486111111111111,0.000207250008275608,105.285635737046,70
"{L&M RED LABEL BOX,PAINE CU CARTOFI FELII BACHUS 1.2 KG} => {NESCAFE BRASERO 1.8G}",0.000100746531800643,0.277777777777778,0.000362687514482314,112.604207182679,70
"{L&M RED 100,NESCAFE BRASERO 1.8G} => {BATON LAPTE END-IBO 100G}",0.000105064240306385,0.48993288590604,0.000214446189118511,132.714127974672,73
"{BATON LAPTE END-IBO 100G,NESCAFE BRASERO 1.8G} => {L&M RED 100}",0.000105064240306385,0.768421052631579,0.000136727436015158,174.537082982055,73
"{BATON LAPTE END-IBO 100G,L&M RED 100} => {NESCAFE BRASERO 1.8G}",0.000105064240306385,0.70873786407767,0.000148241325363803,287.30471502532,73
"{L&M RED 100,NESCAFE BRASERO 1.8G} => {APA MINERALA NATURALA DECARBOGAZIFICATA PARTIAL PERLA HARGHITEI 2L}",0.000102185767969223,0.476510067114094,0.000214446189118511,49.5340199374244,71
"{APA MINERALA NATURALA DECARBOGAZIFICATA PARTIAL PERLA HARGHITEI 2L,NESCAFE BRASERO 1.8G} => {L&M RED 100}",0.000102185767969223,0.797752808988764,0.000128092019003674,181.199418918571,71
"{APA MINERALA NATURALA DECARBOGAZIFICATA PARTIAL PERLA HARGHITEI 2L,L&M RED 100} => {NESCAFE BRASERO 1.8G}",0.000102185767969223,0.371727748691099,0.000274894108198897,150.689190344988,71
"{L&M RED 100,NESCAFE BRASERO 1.8G} => {CORN CU CASCAVAL PANOS 80G}",0.00011801736582361,0.550335570469799,0.000214446189118511,25.3870872875337,82
"{CORN CU CASCAVAL PANOS 80G,NESCAFE BRASERO 1.8G} => {L&M RED 100}",0.00011801736582361,0.661290322580645,0.000178465284903996,150.203698235772,82
"{CORN CU CASCAVAL PANOS 80G,L&M RED 100} => {NESCAFE BRASERO 1.8G}",0.00011801736582361,0.369369369369369,0.000319510429424896,149.733161983454,82
"{ENERGIZANT HELL 250ML,NESCAFE BRASERO 1.8G} => {APA MINERALA NATURALA CARBOGAZIFICATA CONTINUT REDUS CO2 TUSNAD 2L}",0.000145362853026642,0.660130718954248,0.000220203133792833,16.4632952343416,101
"{APA MINERALA NATURALA CARBOGAZIFICATA CONTINUT REDUS CO2 TUSNAD 2L,NESCAFE BRASERO 1.8G} => {ENERGIZANT HELL 250ML}",0.000145362853026642,0.573863636363636,0.000253305565670188,29.5200943786723,101
"{APA MINERALA NATURALA CARBOGAZIFICATA CONTINUT REDUS CO2 TUSNAD 2L,ENERGIZANT HELL 250ML} => {NESCAFE BRASERO 1.8G}",0.000145362853026642,0.224444444444444,0.000647656275861275,90.9841994036043,101
"{CARNATI PROASPETI,SANGERETE VRAC} => {CALTABOS VRAC}",0.000649095512029856,0.846153846153846,0.000767112877853466,213.710902329223,451
"{CALTABOS VRAC,CARNATI PROASPETI} => {SANGERETE VRAC}",0.000649095512029856,0.68960244648318,0.000941260454251719,266.933005375108,451
"{CALTABOS VRAC,SANGERETE VRAC} => {CARNATI PROASPETI}",0.000649095512029856,0.300266311584554,0.00216173272520808,168.520950525847,451
"{CARNATI PROASPETI,SANGERETE VRAC} => {CARNE TOCATA PORC VRAC}",0.000155437506206706,0.202626641651032,0.000767112877853466,4.13752681004727,108
"{CARNATI PROASPETI,CARNE TOCATA PORC VRAC} => {SANGERETE VRAC}",0.000155437506206706,0.440816326530612,0.00035261286130225,170.632264226025,108
"{CARNE TOCATA PORC VRAC,SANGERETE VRAC} => {CARNATI PROASPETI}",0.000155437506206706,0.352941176470588,0.000440406267585667,198.08410149197,108
"{CALTABOS VRAC,CARNATI PROASPETI} => {CARNE TOCATA PORC VRAC}",0.000194296882758382,0.206422018348624,0.00094126045425172,4.21502635656574,135
"{CARNATI PROASPETI,CARNE TOCATA PORC VRAC} => {CALTABOS VRAC}",0.000194296882758382,0.551020408163265,0.00035261286130225,139.169808381368,135
"{CALTABOS VRAC,CARNE TOCATA PORC VRAC} => {CARNATI PROASPETI}",0.000194296882758382,0.284210526315789,0.00068363718007579,159.509829096165,135
"{BAUTURA SPIRTOASA 21% SECUIANA AMIGO 500ML PET,BERE NEUMARKT 500ML PET} => {L&M RED 100}",0.000107942712643546,0.641025641025641,0.000168390631723931,145.600833186646,75
"{BAUTURA SPIRTOASA 21% SECUIANA AMIGO 500ML PET,L&M RED 100} => {BERE NEUMARKT 500ML PET}",0.000107942712643546,0.347222222222222,0.000310875012413412,84.2369112740534,75
"{BERE NEUMARKT 500ML PET,L&M RED 100} => {BAUTURA SPIRTOASA 21% SECUIANA AMIGO 500ML PET}",0.000107942712643546,0.675675675675676,0.000159755214712448,200.884999248286,75
"{BAUTURA SPIRTOASA 21% SECUIANA AMIGO 500ML PET,HARTIE IGIENICA NATUR FARA TUB 60G} => {L&M RED 100}",0.000126652782835094,0.5,0.000253305565670188,113.568649885584,88
"{BAUTURA SPIRTOASA 21% SECUIANA AMIGO 500ML PET,L&M RED 100} => {HARTIE IGIENICA NATUR FARA TUB 60G}",0.000126652782835094,0.407407407407407,0.000310875012413412,130.028462546147,88
"{HARTIE IGIENICA NATUR FARA TUB 60G,L&M RED 100} => {BAUTURA SPIRTOASA 21% SECUIANA AMIGO 500ML PET}",0.000126652782835094,0.916666666666667,0.000138166672183739,272.533982313507,88
"{BAUTURA SPIRTOASA 21% SECUIANA AMIGO 500ML PET,HARTIE IGIENICA NATUR FARA TUB 60G} => {CORN CU CASCAVAL PANOS 80G}",0.000113699657317868,0.448863636363636,0.000253305565670188,20.7061671605847,79
"{BAUTURA SPIRTOASA 21% SECUIANA AMIGO 500ML PET,CORN CU CASCAVAL PANOS 80G} => {HARTIE IGIENICA NATUR FARA TUB 60G}",0.000113699657317868,0.556338028169014,0.000204371535938447,177.561274398804,79
"{CORN CU CASCAVAL PANOS 80G,HARTIE IGIENICA NATUR FARA TUB 60G} => {BAUTURA SPIRTOASA 21% SECUIANA AMIGO 500ML PET}",0.000113699657317868,0.692982456140351,0.00016407292321819,206.030474667628,79
"{BAUTURA SPIRTOASA 21% SECUIANA AMIGO 500ML PET,L&M RED 100} => {BATON LAPTE END-IBO 100G}",0.000119456601992191,0.384259259259259,0.000310875012413412,104.089017038481,83
"{BATON LAPTE END-IBO 100G,BAUTURA SPIRTOASA 21% SECUIANA AMIGO 500ML PET} => {L&M RED 100}",0.000119456601992191,0.805825242718447,0.000148241325363803,183.032969718513,83
"{BATON LAPTE END-IBO 100G,L&M RED 100} => {BAUTURA SPIRTOASA 21% SECUIANA AMIGO 500ML PET}",0.000119456601992191,0.805825242718447,0.000148241325363803,239.579740851062,83
"{BAUTURA SPIRTOASA 21% SECUIANA AMIGO 500ML PET,L&M RED 100} => {APA MINERALA NATURALA DECARBOGAZIFICATA PARTIAL PERLA HARGHITEI 2L}",0.000146802089195222,0.472222222222222,0.000310875012413412,49.0882912760157,102
"{APA MINERALA NATURALA DECARBOGAZIFICATA PARTIAL PERLA HARGHITEI 2L,BAUTURA SPIRTOASA 21% SECUIANA AMIGO 500ML PET} => {L&M RED 100}",0.000146802089195222,0.836065573770492,0.000175586812566835,189.901676857861,102
"{APA MINERALA NATURALA DECARBOGAZIFICATA PARTIAL PERLA HARGHITEI 2L,L&M RED 100} => {BAUTURA SPIRTOASA 21% SECUIANA AMIGO 500ML PET}",0.000146802089195222,0.534031413612565,0.000274894108198897,158.772772180739,102
"{BAUTURA SPIRTOASA 21% SECUIANA AMIGO 500ML PET,L&M RED 100} => {CORN CU CASCAVAL PANOS 80G}",0.000132409727509416,0.425925925925926,0.000310875012413412,19.648046100808,92
"{BAUTURA SPIRTOASA 21% SECUIANA AMIGO 500ML PET,CORN CU CASCAVAL PANOS 80G} => {L&M RED 100}",0.000132409727509416,0.647887323943662,0.000204371535938447,147.159377316531,92
"{CORN CU CASCAVAL PANOS 80G,L&M RED 100} => {BAUTURA SPIRTOASA 21% SECUIANA AMIGO 500ML PET}",0.000132409727509416,0.414414414414414,0.000319510429424896,123.209466205615,92
"{BATON LAPTE END-IBO 100G,BAUTURA SPIRTOASA 21% SECUIANA AMIGO 500ML PET} => {CORN CU CASCAVAL PANOS 80G}",0.000106503476474965,0.718446601941748,0.000148241325363803,33.1420819834651,74
"{BAUTURA SPIRTOASA 21% SECUIANA AMIGO 500ML PET,CORN CU CASCAVAL PANOS 80G} => {BATON LAPTE END-IBO 100G}",0.000106503476474965,0.52112676056338,0.000204371535938447,141.163995277709,74
"{BATON LAPTE END-IBO 100G,CORN CU CASCAVAL PANOS 80G} => {BAUTURA SPIRTOASA 21% SECUIANA AMIGO 500ML PET}",0.000106503476474965,0.480519480519481,0.000221642369961414,142.863150114755,74
"{IAURT 2.8% PROBIOTIC LACTIS 500G,PAINE ALBA CU FAINA DE SECARA BRUTARIA SANDOR 500G} => {_MERE ROSII}",0.000100746531800643,0.518518518518518,0.000194296882758382,24.4767584351795,70
"{_MERE ROSII,IAURT 2.8% PROBIOTIC LACTIS 500G} => {PAINE ALBA CU FAINA DE SECARA BRUTARIA SANDOR 500G}",0.000100746531800643,0.328638497652582,0.00030655730390767,43.869798361092,70
"{_MERE ROSII,PAINE ALBA CU FAINA DE SECARA BRUTARIA SANDOR 500G} => {IAURT 2.8% PROBIOTIC LACTIS 500G}",0.000100746531800643,0.175879396984925,0.000572815995095083,84.8045048280961,70
"{GOBE LAPTE 1.5% 1L,WINCHESTER 100 SOFT} => {BERE BUCEGI DOZA 500ML}",0.000103625004137804,0.203966005665722,0.000508050367508956,27.9633449673673,72
"{BERE BUCEGI DOZA 500ML,WINCHESTER 100 SOFT} => {GOBE LAPTE 1.5% 1L}",0.000103625004137804,0.63716814159292,0.000162633687049609,123.112543927865,72
"{BERE BUCEGI DOZA 500ML,GOBE LAPTE 1.5% 1L} => {WINCHESTER 100 SOFT}",0.000103625004137804,0.503496503496504,0.000205810772107027,119.602022592792,72
"{GOBE LAPTE 1.5% 1L,WINCHESTER 100 SOFT} => {ENERGIZANT HELL 250ML}",0.000343977444290766,0.677053824362606,0.000508050367508956,34.8282963549904,239
"{ENERGIZANT HELL 250ML,WINCHESTER 100 SOFT} => {GOBE LAPTE 1.5% 1L}",0.000343977444290766,0.602015113350126,0.000571376758926503,116.320335637414,239
"{ENERGIZANT HELL 250ML,GOBE LAPTE 1.5% 1L} => {WINCHESTER 100 SOFT}",0.000343977444290766,0.773462783171521,0.000444723976091409,183.730597184189,239
"{BERE BUCEGI DOZA 500ML,WINCHESTER 100 SOFT} => {ENERGIZANT HELL 250ML}",0.000129531255172255,0.79646017699115,0.000162633687049609,40.970673351281,90
"{ENERGIZANT HELL 250ML,WINCHESTER 100 SOFT} => {BERE BUCEGI DOZA 500ML}",0.000129531255172255,0.226700251889169,0.000571376758926503,31.0801661633522,90
"{BERE BUCEGI DOZA 500ML,ENERGIZANT HELL 250ML} => {WINCHESTER 100 SOFT}",0.000129531255172255,0.338345864661654,0.000382836820842443,80.3716599190283,90
"{_TELINA,_VARZA PROASPATA} => {_PATRUNJEL RADACINA KG}",0.000148241325363803,0.628048780487805,0.00023603473164722,30.9992510703327,103
"{_PATRUNJEL RADACINA KG,_VARZA PROASPATA} => {_TELINA}",0.000148241325363803,0.591954022988506,0.000250427093333026,34.5918713687731,103
"{_TELINA,_VARZA PROASPATA} => {_MORCOVI}",0.00016407292321819,0.695121951219512,0.00023603473164722,20.2218961770509,114
"{_MORCOVI,_VARZA PROASPATA} => {_TELINA}",0.00016407292321819,0.436781609195402,0.000375640639999539,25.5240992623957,114
"{_PATRUNJEL RADACINA KG,_VARZA PROASPATA} => {_MORCOVI}",0.000200053827432705,0.798850574712644,0.000250427093333026,23.2394810068588,139
"{_MORCOVI,_VARZA PROASPATA} => {_PATRUNJEL RADACINA KG}",0.000200053827432705,0.532567049808429,0.000375640639999539,26.286460863717,139
"{_PATRUNJEL RADACINA KG,SMANTANA 15% GRASIME KERESZTURI VRAC} => {_MORCOVI}",0.000136727436015158,0.848214285714286,0.000161194450881028,24.6755280731871,95
"{_MORCOVI,SMANTANA 15% GRASIME KERESZTURI VRAC} => {_PATRUNJEL RADACINA KG}",0.000136727436015158,0.545977011494253,0.000250427093333026,26.9483501660408,95
"{_TELINA,OASE GARF} => {_MORCOVI}",0.000113699657317868,0.738317757009346,0.000153998270038125,21.4785117945459,79
"{_MORCOVI,OASE GARF} => {_TELINA}",0.000113699657317868,0.434065934065934,0.000261940982681671,25.3654040240668,79
"{_PATRUNJEL RADACINA KG,OASE GARF} => {_MORCOVI}",0.000146802089195222,0.836065573770492,0.000175586812566835,24.3221080852536,102
"{_MORCOVI,OASE GARF} => {_PATRUNJEL RADACINA KG}",0.000146802089195222,0.56043956043956,0.000261940982681671,27.6621931027699,102
"{ELAN OASE AFUMATE,PULPE PORC FARA OS} => {CARNE TOCATA PORC VRAC}",0.000103625004137804,0.455696202531646,0.000227399314635737,9.30507084284892,72
"{CARNE TOCATA PORC VRAC,ELAN OASE AFUMATE} => {PULPE PORC FARA OS}",0.000103625004137804,0.169811320754717,0.000610236135478179,12.1373431959209,72
"{DANONE IAURT DELICIOS CAISE 125G,DANONE IAURT DELICIOS CAPSUNI 125G} => {DANONE IAURT DELICIOS BISCUITI 125G}",0.000110821184980707,0.151277013752456,0.000732571209807531,40.7874411161758,77
"{DANONE IAURT DELICIOS BISCUITI 125G,DANONE IAURT DELICIOS CAISE 125G} => {DANONE IAURT DELICIOS CAPSUNI 125G}",0.000110821184980707,0.358139534883721,0.000309435776244831,128.201960150007,77
"{DANONE IAURT DELICIOS BISCUITI 125G,DANONE IAURT DELICIOS CAPSUNI 125G} => {DANONE IAURT DELICIOS CAISE 125G}",0.000110821184980707,0.35981308411215,0.000307996540076251,180.507442896184,77
"{DANONE IAURT DELICIOS CAISE 125G,DANONE IAURT DELICIOS CAPSUNI 125G} => {_BANANE}",0.000168390631723931,0.229862475442043,0.000732571209807531,2.98553951115641,117
"{_BANANE,DANONE IAURT DELICIOS CAISE 125G} => {DANONE IAURT DELICIOS CAPSUNI 125G}",0.000168390631723931,0.372611464968153,0.000451920156934312,133.382426485789,117
"{_BANANE,DANONE IAURT DELICIOS CAPSUNI 125G} => {DANONE IAURT DELICIOS CAISE 125G}",0.000168390631723931,0.311170212765957,0.00054115279938631,156.10477187188,117
"{BERE NEUMARKT 500ML PET,PALL MALL EXTRA CUT BLUE} => {_BANANE}",0.000151119797700964,0.369718309859155,0.000408743071876893,4.80203921914514,105
"{_BANANE,BERE NEUMARKT 500ML PET} => {PALL MALL EXTRA CUT BLUE}",0.000151119797700964,0.388888888888889,0.000388593765516765,53.8793729921347,105
"{_BANANE,PALL MALL EXTRA CUT BLUE} => {BERE NEUMARKT 500ML PET}",0.000151119797700964,0.216942148760331,0.000696590305593016,52.6306652257722,105
"{_MERE GOLDEN,SALAM CU LEGUME KINGA} => {_BANANE}",0.000179904521072576,0.714285714285714,0.000251866329501607,9.27740910365455,125
"{_BANANE,SALAM CU LEGUME KINGA} => {_MERE GOLDEN}",0.000179904521072576,0.319693094629156,0.000562741341915019,27.2047664615515,125
"{_MERE ROSII,SALAM CU LEGUME KINGA} => {_BANANE}",0.000152559033869545,0.441666666666667,0.000345416680459347,5.73653129575973,106
"{_BANANE,SALAM CU LEGUME KINGA} => {_MERE ROSII}",0.000152559033869545,0.271099744245524,0.000562741341915019,12.7973114069207,106
"{_PATRUNJEL RADACINA KG,AMESTEC DE LEGUME HAJDU CONG.AGROSPRINT 400G} => {_MORCOVI}",0.000122335074329352,0.765765765765766,0.000159755214712448,22.2770059039109,85
"{_MORCOVI,AMESTEC DE LEGUME HAJDU CONG.AGROSPRINT 400G} => {_PATRUNJEL RADACINA KG}",0.000122335074329352,0.425,0.000287847233716122,20.9771631029339,85
"{_PATRUNJEL RADACINA KG,FRISCA PENTRU GATIT UHT 10% MEGGLE 200ML} => {_MORCOVI}",0.000102185767969223,0.797752808988764,0.000128092019003674,23.2075457407432,71
"{_MORCOVI,FRISCA PENTRU GATIT UHT 10% MEGGLE 200ML} => {_PATRUNJEL RADACINA KG}",0.000102185767969223,0.405714285714286,0.000251866329501607,20.0252582226327,71
"{_PATRUNJEL RADACINA KG,GRASIME VEGETALA TARTINABILA CU 72% GRASIME RAMA 500G} => {_MORCOVI}",0.000110821184980707,0.7,0.000158315978543867,20.3638042203986,77
"{_MORCOVI,GRASIME VEGETALA TARTINABILA CU 72% GRASIME RAMA 500G} => {_PATRUNJEL RADACINA KG}",0.000110821184980707,0.44,0.000251866329501607,21.7175335653904,77
"{L&M RED LABEL BOX,WINSTON SUPERSLIMS BLUE} => {LAPTE DE CONSUM 1.5% GRASIME FRISS CUTIE 1L}",0.00011801736582361,0.539473684210526,0.000218763897624253,24.9058690330477,82
"{LAPTE DE CONSUM 1.5% GRASIME FRISS CUTIE 1L,WINSTON SUPERSLIMS BLUE} => {L&M RED LABEL BOX}",0.00011801736582361,0.5125,0.000230277786972898,111.001141677057,82
"{L&M RED LABEL BOX,LAPTE DE CONSUM 1.5% GRASIME FRISS CUTIE 1L} => {WINSTON SUPERSLIMS BLUE}",0.00011801736582361,0.725663716814159,0.000162633687049609,194.596906241141,82
"{L&M RED 100,WINSTON SUPERSLIMS BLUE} => {FRIPSY CROCANT CU AROMA DE CARNE DE PUI AFUMAT 50G}",0.000112260421149288,0.395939086294416,0.00028352952521038,45.8200573560097,78
"{FRIPSY CROCANT CU AROMA DE CARNE DE PUI AFUMAT 50G,WINSTON SUPERSLIMS BLUE} => {L&M RED 100}",0.000112260421149288,0.787878787878788,0.00014248438068948,178.956660425768,78
"{FRIPSY CROCANT CU AROMA DE CARNE DE PUI AFUMAT 50G,L&M RED 100} => {WINSTON SUPERSLIMS BLUE}",0.000112260421149288,0.557142857142857,0.000201493063601285,149.405673485141,78
"{_MARAR FRUNZA LEGATURA,_TELINA} => {_MORCOVI}",0.000100746531800643,0.686274509803922,0.000146802089195222,19.9645139415672,70
"{_MARAR FRUNZA LEGATURA,_MORCOVI} => {_TELINA}",0.000100746531800643,0.328638497652582,0.00030655730390767,19.2045669023956,70
"{_MARAR FRUNZA LEGATURA,_PATRUNJEL RADACINA KG} => {_MORCOVI}",0.000123774310497933,0.761061946902655,0.000162633687049609,22.1401664090301,86
"{_MARAR FRUNZA LEGATURA,_MORCOVI} => {_PATRUNJEL RADACINA KG}",0.000123774310497933,0.403755868544601,0.00030655730390767,19.9285946075925,86
"{_PATRUNJEL RADACINA KG,SMANTANA 20% GRASIME FRISS 900G} => {_MORCOVI}",0.000109381948812126,0.660869565217391,0.00016551215938677,19.2254549161527,76
"{_MORCOVI,SMANTANA 20% GRASIME FRISS 900G} => {_PATRUNJEL RADACINA KG}",0.000109381948812126,0.490322580645161,0.000223081606129995,24.2013570523412,76
"{_ARDEI CAPIA GALBEN,_TELINA} => {_PATRUNJEL RADACINA KG}",0.000112260421149288,0.604651162790698,0.000185661465746899,29.8443907346802,78
"{_ARDEI CAPIA GALBEN,_PATRUNJEL RADACINA KG} => {_TELINA}",0.000112260421149288,0.573529411764706,0.000195736118926963,33.5151969029832,78
"{_ARDEI CAPIA GALBEN,_TELINA} => {_MORCOVI}",0.000130970491340836,0.705426356589147,0.000185661465746899,20.5216631678435,91
"{_ARDEI CAPIA GALBEN,_MORCOVI} => {_TELINA}",0.000130970491340836,0.421296296296296,0.000310875012413412,24.6191878484877,91
"{_ARDEI CAPIA GALBEN,_PATRUNJEL RADACINA KG} => {_MORCOVI}",0.000155437506206706,0.794117647058823,0.000195736118926963,23.1017947038135,108
"{_ARDEI CAPIA GALBEN,_MORCOVI} => {_PATRUNJEL RADACINA KG}",0.000155437506206706,0.5,0.000310875012413412,24.6790154152163,108
"{COTLET PORC FARA OS,PIEPT PORC FASONAT CU OS} => {CARNE TOCATA PORC VRAC}",0.000126652782835094,0.480874316939891,0.000263380218850252,9.81919436847081,88
"{CARNE TOCATA PORC VRAC,PIEPT PORC FASONAT CU OS} => {COTLET PORC FARA OS}",0.000126652782835094,0.193406593406593,0.000654852456704178,10.3346470341164,88
"{_PATRUNJEL RADACINA KG,PIEPT PORC FASONAT CU OS} => {_MORCOVI}",0.000105064240306385,0.829545454545455,0.000126652782835094,24.1324303261217,73
"{_MORCOVI,PIEPT PORC FASONAT CU OS} => {_PATRUNJEL RADACINA KG}",0.000105064240306385,0.5,0.000210128480612769,24.6790154152163,73
"{CAFEA TCHIBO FAMILY 250G,COTLET PORC FARA OS} => {CARNE TOCATA PORC VRAC}",0.000105064240306385,0.496598639455782,0.00021156771678135,10.140276559091,73
"{CAFEA TCHIBO FAMILY 250G,CARNE TOCATA PORC VRAC} => {COTLET PORC FARA OS}",0.000105064240306385,0.232484076433121,0.000451920156934312,12.4227454124991,73
"{PULPE PUI CU SPATE REFR.VRAC SZEKELY CSURKE,SANGERETE VRAC} => {CALTABOS VRAC}",0.000107942712643546,0.833333333333333,0.000129531255172255,210.472858354538,75
"{CALTABOS VRAC,PULPE PUI CU SPATE REFR.VRAC SZEKELY CSURKE} => {SANGERETE VRAC}",0.000107942712643546,0.604838709677419,0.000178465284903996,234.122450354929,75
"{PULPE PORC FARA OS,SANGERETE VRAC} => {CALTABOS VRAC}",0.000126652782835094,0.807339449541284,0.000156876742375287,203.9076499288,88
"{CALTABOS VRAC,PULPE PORC FARA OS} => {SANGERETE VRAC}",0.000126652782835094,0.54320987654321,0.000233156259310059,210.267010557447,88
"{COTLET PORC FARA OS,SANGERETE VRAC} => {CALTABOS VRAC}",0.000146802089195222,0.82258064516129,0.000178465284903996,207.75707953706,102
"{CALTABOS VRAC,COTLET PORC FARA OS} => {SANGERETE VRAC}",0.000146802089195222,0.625766871165644,0.00023459549547864,242.223374404019,102
"{_MORCOVI,SANGERETE VRAC} => {CALTABOS VRAC}",0.000103625004137804,0.818181818181818,0.000126652782835094,206.646079111728,72
"{_MORCOVI,CALTABOS VRAC} => {SANGERETE VRAC}",0.000103625004137804,0.455696202531646,0.000227399314635737,176.392003102852,72
"{CALTABOS VRAC,SANGERETE VRAC} => {CARNE TOCATA PORC VRAC}",0.000365565986819475,0.169107856191744,0.00216173272520808,3.45309127704924,254
"{CARNE TOCATA PORC VRAC,SANGERETE VRAC} => {CALTABOS VRAC}",0.000365565986819475,0.830065359477124,0.000440406267585667,209.647474596285,254
"{CALTABOS VRAC,CARNE TOCATA PORC VRAC} => {SANGERETE VRAC}",0.000365565986819475,0.534736842105263,0.00068363718007579,206.987247617651,254
"{PAINE CU CARTOFI FELII BACHUS 1.2 KG,SANGERETE VRAC} => {CALTABOS VRAC}",0.000202932299769866,0.865030674846626,0.00023459549547864,218.478574439189,141
"{CALTABOS VRAC,PAINE CU CARTOFI FELII BACHUS 1.2 KG} => {SANGERETE VRAC}",0.000202932299769866,0.528089887640449,0.000384276057011023,204.414328190041,141
"{_BANANE,SANGERETE VRAC} => {CALTABOS VRAC}",0.000175586812566835,0.835616438356164,0.000210128480612769,211.049496322632,122
"{_BANANE,CALTABOS VRAC} => {SANGERETE VRAC}",0.000175586812566835,0.512605042016807,0.000342538208122185,198.42041618876,122
"{_TELINA,MAGGI CUB GAINA 60G} => {_PATRUNJEL RADACINA KG}",0.000181343757241157,0.728323699421965,0.000248987857164446,35.9486236106041,126
"{_PATRUNJEL RADACINA KG,MAGGI CUB GAINA 60G} => {_TELINA}",0.000181343757241157,0.646153846153846,0.000280651052873219,37.7591330788639,126
"{_TELINA,MAGGI CUB GAINA 60G} => {_MORCOVI}",0.000205810772107027,0.826589595375723,0.000248987857164446,24.0464409869282,143
"{_MORCOVI,MAGGI CUB GAINA 60G} => {_TELINA}",0.000205810772107027,0.5,0.000411621544214055,29.2183767872161,143
"{_PATRUNJEL RADACINA KG,MAGGI CUB GAINA 60G} => {_MORCOVI}",0.000248987857164446,0.887179487179487,0.000280651052873219,25.8090705503953,173
"{_MORCOVI,MAGGI CUB GAINA 60G} => {_PATRUNJEL RADACINA KG}",0.000248987857164446,0.604895104895105,0.000411621544214055,29.8564312365904,173
"{_GHIMBIR,_LAMAIE^2 A nu se consuma coaja} => {_BANANE}",0.000185661465746899,0.207729468599034,0.000893765660688559,2.6980677683092,129
"{_BANANE,_GHIMBIR} => {_LAMAIE^2 A nu se consuma coaja}",0.000185661465746899,0.412140575079872,0.000450480920765731,20.8748089658093,129
"{_GHIMBIR,_PATRUNJEL RADACINA KG} => {_MORCOVI}",0.000103625004137804,0.75,0.000138166672183739,21.8183616647128,72
"{_GHIMBIR,_MORCOVI} => {_PATRUNJEL RADACINA KG}",0.000103625004137804,0.411428571428571,0.000251866329501607,20.3073041130923,72
"{ENERGIZANT HELL 250ML,L&M RED LABEL BOX} => {APA MINERALA NATURALA CARBOGAZIFICATA CONTINUT REDUS CO2 TUSNAD 2L}",0.000267697927355994,0.588607594936709,0.000454798629271473,14.6795480567394,186
"{APA MINERALA NATURALA CARBOGAZIFICATA CONTINUT REDUS CO2 TUSNAD 2L,L&M RED LABEL BOX} => {ENERGIZANT HELL 250ML}",0.000267697927355994,0.551928783382789,0.000485022588811666,28.3917445597502,186
"{APA MINERALA NATURALA CARBOGAZIFICATA CONTINUT REDUS CO2 TUSNAD 2L,ENERGIZANT HELL 250ML} => {L&M RED LABEL BOX}",0.000267697927355994,0.413333333333333,0.000647656275861275,89.5228719866999,186
"{APA MINERALA NATURALA CARBOGAZIFICATA CONTINUT REDUS CO2 TUSNAD 2L,L&M RED LABEL BOX} => {PAINE CU CARTOFI FELII BACHUS 1.2 KG}",0.000113699657317868,0.234421364985163,0.000485022588811666,3.8247079291184,79
"{L&M RED LABEL BOX,PAINE CU CARTOFI FELII BACHUS 1.2 KG} => {APA MINERALA NATURALA CARBOGAZIFICATA CONTINUT REDUS CO2 TUSNAD 2L}",0.000113699657317868,0.313492063492063,0.000362687514482314,7.81831877642179,79
"{CORN CU CASCAVAL PANOS 80G,ELAN PARIZER GROS DE PUI} => {PAINE CU CARTOFI FELII BACHUS 1.2 KG}",0.000120895838160771,0.694214876033058,0.000174147576398254,11.3264810186718,84
"{ELAN PARIZER GROS DE PUI,PAINE CU CARTOFI FELII BACHUS 1.2 KG} => {CORN CU CASCAVAL PANOS 80G}",0.000120895838160771,0.264150943396226,0.000457677101608634,12.1853345793362,84
"{BATON LAPTE END-IBO 100G,L&M RED 100} => {CORN CU CASCAVAL PANOS 80G}",0.000102185767969223,0.689320388349515,0.000148241325363803,31.7984840652165,71
"{CORN CU CASCAVAL PANOS 80G,L&M RED 100} => {BATON LAPTE END-IBO 100G}",0.000102185767969223,0.31981981981982,0.000319510429424896,86.6335159721125,71
"{BATON LAPTE END-IBO 100G,CORN CU CASCAVAL PANOS 80G} => {L&M RED 100}",0.000102185767969223,0.461038961038961,0.000221642369961414,104.719144699694,71
"{COVRIGI RIP-ROP 100G,L&M RED 100} => {CORN CU CASCAVAL PANOS 80G}",0.000123774310497933,0.597222222222222,0.000207250008275608,27.5499776848286,86
"{CORN CU CASCAVAL PANOS 80G,L&M RED 100} => {COVRIGI RIP-ROP 100G}",0.000123774310497933,0.387387387387387,0.000319510429424896,48.4626922565345,86
"{CORN CU CASCAVAL PANOS 80G,COVRIGI RIP-ROP 100G} => {L&M RED 100}",0.000123774310497933,0.1438127090301,0.000860663228811205,32.6652304018735,86
"{COTLET DE PORC CU OS SI SLANINA,COTLET PORC FARA OS} => {CARNE TOCATA PORC VRAC}",0.000120895838160771,0.376681614349776,0.000320949665593476,7.69163553975404,84
"{CARNE TOCATA PORC VRAC,COTLET DE PORC CU OS SI SLANINA} => {COTLET PORC FARA OS}",0.000120895838160771,0.155555555555556,0.00077718753103353,8.31208353627795,84
"{PAINE ALBA CU CARTOFI FELII BRUTARIA SANDOR 500G,SZEKELYHON} => {_BANANE}",0.000122335074329352,0.402843601895735,0.000303678831570509,5.23228285940707,85
"{_BANANE,PAINE ALBA CU CARTOFI FELII BRUTARIA SANDOR 500G} => {SZEKELYHON}",0.000122335074329352,0.204326923076923,0.000598722246129534,19.7343623024529,85
"{_BANANE,SZEKELYHON} => {PAINE ALBA CU CARTOFI FELII BRUTARIA SANDOR 500G}",0.000122335074329352,0.125184094256259,0.000977241358466235,30.0136425405363,85
"{DANONE ACTIVIA NATUR 125G,PAINE ALBA CU CARTOFI FELII BRUTARIA SANDOR 500G} => {_BANANE}",0.000112260421149288,0.475609756097561,0.00023603473164722,6.177396793409,78
"{_BANANE,PAINE ALBA CU CARTOFI FELII BRUTARIA SANDOR 500G} => {DANONE ACTIVIA NATUR 125G}",0.000112260421149288,0.1875,0.000598722246129534,14.7723593944892,78
"{_GULII,CONSERVA MAZARE VERDE GREEN PEAS 400G} => {_PATRUNJEL RADACINA KG}",0.000115138893486449,0.701754385964912,0.00016407292321819,34.6372146178475,80
"{_PATRUNJEL RADACINA KG,CONSERVA MAZARE VERDE GREEN PEAS 400G} => {_GULII}",0.000115138893486449,0.33195020746888,0.000346855916627927,40.9450238775208,80
"{_GULII,CONSERVA MAZARE VERDE GREEN PEAS 400G} => {_MORCOVI}",0.000123774310497933,0.754385964912281,0.00016407292321819,21.945954422986,86
"{_MORCOVI,CONSERVA MAZARE VERDE GREEN PEAS 400G} => {_GULII}",0.000123774310497933,0.246418338108883,0.000502293422834633,30.3949342724032,86
"{_TELINA,CONSERVA MAZARE VERDE GREEN PEAS 400G} => {_PATRUNJEL RADACINA KG}",0.000208689244444189,0.71078431372549,0.000293604178390445,35.0829140706506,145
"{_PATRUNJEL RADACINA KG,CONSERVA MAZARE VERDE GREEN PEAS 400G} => {_TELINA}",0.000208689244444189,0.601659751037344,0.000346855916627927,35.1590426070236,145
"{_TELINA,CONSERVA MAZARE VERDE GREEN PEAS 400G} => {_MORCOVI}",0.000218763897624253,0.745098039215686,0.000293604178390445,21.6757579937016,152
"{_MORCOVI,CONSERVA MAZARE VERDE GREEN PEAS 400G} => {_TELINA}",0.000218763897624253,0.435530085959885,0.000502293422834633,25.4509643074891,152
"{_PATRUNJEL RADACINA KG,CONSERVA MAZARE VERDE GREEN PEAS 400G} => {_MORCOVI}",0.000286407997547542,0.825726141078838,0.000346855916627927,24.021322109421,199
"{_MORCOVI,CONSERVA MAZARE VERDE GREEN PEAS 400G} => {_PATRUNJEL RADACINA KG}",0.000286407997547542,0.570200573065903,0.000502293422834633,28.1439774649172,199
"{_DOVLECEI KG,_TELINA} => {_MORCOVI}",0.000105064240306385,0.574803149606299,0.000182782993409738,16.7216840055017,73
"{_DOVLECEI KG,_MORCOVI} => {_TELINA}",0.000105064240306385,0.297959183673469,0.00035261286130225,17.4117673915655,73
"{_DOVLECEI KG,_PATRUNJEL RADACINA KG} => {_MORCOVI}",0.000135288199846577,0.746031746031746,0.000181343757241157,21.7029205977037,94
"{_DOVLECEI KG,_MORCOVI} => {_PATRUNJEL RADACINA KG}",0.000135288199846577,0.383673469387755,0.00035261286130225,18.9373669308599,94
"{_ARDEI GRAS ROMANIA,TOMATO JUICE 100% EKO 1L} => {CARNE TOCATA PORC VRAC}",0.000133848963677997,0.55688622754491,0.000240352440152962,11.3713166138408,93
"{CARNE TOCATA PORC VRAC,TOMATO JUICE 100% EKO 1L} => {_ARDEI GRAS ROMANIA}",0.000133848963677997,0.179190751445087,0.000746963571493337,19.9015446905075,93
"{_ARDEI ALB BIANCA,TOMATO JUICE 100% EKO 1L} => {CARNE TOCATA PORC VRAC}",0.000129531255172255,0.596026490066225,0.000217324661455672,12.1705396785607,90
"{CARNE TOCATA PORC VRAC,TOMATO JUICE 100% EKO 1L} => {_ARDEI ALB BIANCA}",0.000129531255172255,0.173410404624277,0.000746963571493337,17.266810471225,90
"{_TELINA,TOMATO JUICE 100% EKO 1L} => {_PATRUNJEL RADACINA KG}",0.000103625004137804,0.503496503496504,0.000205810772107027,24.8515959425954,72
"{_PATRUNJEL RADACINA KG,TOMATO JUICE 100% EKO 1L} => {_TELINA}",0.000103625004137804,0.5625,0.000184222229578318,32.8706738856182,72
"{_TELINA,TOMATO JUICE 100% EKO 1L} => {_MORCOVI}",0.000125213546666513,0.608391608391608,0.000205810772107027,17.6988108608859,87
"{_MORCOVI,TOMATO JUICE 100% EKO 1L} => {_TELINA}",0.000125213546666513,0.318681318681319,0.000392911474022507,18.6227016885553,87
"{_PATRUNJEL RADACINA KG,TOMATO JUICE 100% EKO 1L} => {_MORCOVI}",0.000148241325363803,0.8046875,0.000184222229578318,23.4092838694314,103
"{_MORCOVI,TOMATO JUICE 100% EKO 1L} => {_PATRUNJEL RADACINA KG}",0.000148241325363803,0.377289377289377,0.000392911474022507,18.6222607162438,103
"{_MORCOVI,TOMATO JUICE 100% EKO 1L} => {CARNE TOCATA PORC VRAC}",0.000123774310497933,0.315018315018315,0.000392911474022507,6.43250420292181,86
"{CARNE TOCATA PORC VRAC,TOMATO JUICE 100% EKO 1L} => {_MORCOVI}",0.000123774310497933,0.165703275529865,0.000746963571493337,4.8204986593842,86
"{_GRAPEFRUIT ROSU^2 A nu se consuma coaja,_PORTOCALE^2 A nu se consuma coaja} => {_BANANE}",0.000109381948812126,0.356807511737089,0.00030655730390767,4.6343489606988,76
"{_BANANE,_GRAPEFRUIT ROSU^2 A nu se consuma coaja} => {_PORTOCALE^2 A nu se consuma coaja}",0.000109381948812126,0.134991119005329,0.000810289962910884,22.7820219503156,76
"{_GRAPEFRUIT ROSU^2 A nu se consuma coaja,_LAMAIE^2 A nu se consuma coaja} => {_BANANE}",0.000159755214712448,0.3,0.000532517382374826,3.89651182353491,111
"{_BANANE,_GRAPEFRUIT ROSU^2 A nu se consuma coaja} => {_LAMAIE^2 A nu se consuma coaja}",0.000159755214712448,0.197158081705151,0.000810289962910884,9.9860036611606,111
"{KINDER BUENO 43G,SANA 3.6% PET FRISS 330G} => {_BANANE}",0.000156876742375287,0.844961240310077,0.000185661465746899,10.9746715443231,109
"{_BANANE,KINDER BUENO 43G} => {SANA 3.6% PET FRISS 330G}",0.000156876742375287,0.211650485436893,0.000741206626819015,15.7028840083144,109
"{_TELINA,PESMET 350G COUNTRY} => {_MORCOVI}",0.000112260421149288,0.690265486725664,0.000162633687049609,20.0806160453994,78
"{_MORCOVI,PESMET 350G COUNTRY} => {_TELINA}",0.000112260421149288,0.40625,0.000276333344367477,23.7399311396131,78
"{_PATRUNJEL RADACINA KG,PESMET 350G COUNTRY} => {_MORCOVI}",0.00014248438068948,0.779527559055118,0.000182782993409738,22.6773522814338,99
"{_MORCOVI,PESMET 350G COUNTRY} => {_PATRUNJEL RADACINA KG}",0.00014248438068948,0.515625,0.000276333344367477,25.4502346469418,99
"{_PATRUNJEL RADACINA KG,BRANZA DE VACA VRAC KERESZTURI} => {_MORCOVI}",0.000106503476474965,0.732673267326733,0.000145362853026642,21.3143071048019,74
"{_MORCOVI,BRANZA DE VACA VRAC KERESZTURI} => {_PATRUNJEL RADACINA KG}",0.000106503476474965,0.39572192513369,0.000269137163524574,19.5320549810268,74
"{_PATRUNJEL RADACINA KG,BRANZA DE VACA VRAC LACTIS} => {_MORCOVI}",0.000145362853026642,0.7890625,0.000184222229578318,22.9547346680832,101
"{_MORCOVI,BRANZA DE VACA VRAC LACTIS} => {_PATRUNJEL RADACINA KG}",0.000145362853026642,0.485576923076923,0.000299361123064767,23.9671207397774,101
"{_PATRUNJEL RADACINA KG,MUSTAR DULCE LA MINUT 290G} => {_MORCOVI}",0.000100746531800643,0.777777777777778,0.000129531255172255,22.6264491337762,70
"{_MORCOVI,MUSTAR DULCE LA MINUT 290G} => {_PATRUNJEL RADACINA KG}",0.000100746531800643,0.479452054794521,0.000210128480612769,23.6648093022622,70
"{_TELINA,BAZA PENTRU MANCARE PODRAVKA ROSU 75G} => {_MORCOVI}",0.0001410451445209,0.742424242424242,0.000189979174252641,21.59797417315,98
"{_MORCOVI,BAZA PENTRU MANCARE PODRAVKA ROSU 75G} => {_TELINA}",0.0001410451445209,0.395161290322581,0.000356930569807992,23.0919429447353,98
"{_PATRUNJEL RADACINA KG,BAZA PENTRU MANCARE PODRAVKA ROSU 75G} => {_MORCOVI}",0.000168390631723931,0.841726618705036,0.000200053827432705,24.4867943862964,117
"{_MORCOVI,BAZA PENTRU MANCARE PODRAVKA ROSU 75G} => {_PATRUNJEL RADACINA KG}",0.000168390631723931,0.471774193548387,0.000356930569807991,23.2858451901638,117
"{_PATRUNJEL RADACINA KG,CASCAVAL DALIA CALUP KERESZTURI} => {_MORCOVI}",0.000123774310497933,0.803738317757009,0.000153998270038125,23.3816710674804,86
"{_MORCOVI,CASCAVAL DALIA CALUP KERESZTURI} => {_PATRUNJEL RADACINA KG}",0.000123774310497933,0.505882352941176,0.000244670148658704,24.9693567730424,86
"{_PATRUNJEL RADACINA KG,SUNCA DE PORC SISSI GASTRO CAROLI} => {_MORCOVI}",0.000113699657317868,0.840425531914894,0.000135288199846577,24.4489442767703,79
"{_MORCOVI,SUNCA DE PORC SISSI GASTRO CAROLI} => {_PATRUNJEL RADACINA KG}",0.000113699657317868,0.568345323741007,0.000200053827432705,28.0524060115408,79
"{_PATRUNJEL RADACINA KG,MARGARINA CU SARE BORDS EVE 500G} => {_MORCOVI}",0.000102185767969223,0.78021978021978,0.000130970491340836,22.6974897903972,71
"{_MORCOVI,MARGARINA CU SARE BORDS EVE 500G} => {_PATRUNJEL RADACINA KG}",0.000102185767969223,0.510791366906475,0.000200053827432705,25.2116560356886,71
"{_TELINA,FICAT DE PUI REFRIGERAT VRAC SZEKELY CSURKE} => {_MORCOVI}",0.000106503476474965,0.711538461538462,0.000149680561532384,20.6994713229326,74
"{_MORCOVI,FICAT DE PUI REFRIGERAT VRAC SZEKELY CSURKE} => {_TELINA}",0.000106503476474965,0.349056603773585,0.00030511806773909,20.3977347382452,74
"{_PATRUNJEL RADACINA KG,FICAT DE PUI REFRIGERAT VRAC SZEKELY CSURKE} => {_MORCOVI}",0.00014248438068948,0.818181818181818,0.000174147576398254,23.8018490887776,99
"{_MORCOVI,FICAT DE PUI REFRIGERAT VRAC SZEKELY CSURKE} => {_PATRUNJEL RADACINA KG}",0.00014248438068948,0.466981132075472,0.000305118067739089,23.0492691142115,99
"{_PATRUNJEL RADACINA KG,PAINE NEAGRA CU FAINA DE SECARA FEL.HARMOPAN 500G} => {_MORCOVI}",0.000119456601992191,0.741071428571429,0.000161194450881028,21.5586192639424,83
"{_MORCOVI,PAINE NEAGRA CU FAINA DE SECARA FEL.HARMOPAN 500G} => {_PATRUNJEL RADACINA KG}",0.000119456601992191,0.430051813471503,0.000277772580536058,21.2265106680099,83
"{_PATRUNJEL RADACINA KG,FASOLE BOABE CONG.AGROSPRINT 400G} => {_MORCOVI}",0.000119456601992191,0.805825242718447,0.000148241325363803,23.442382112248,83
"{_MORCOVI,FASOLE BOABE CONG.AGROSPRINT 400G} => {_PATRUNJEL RADACINA KG}",0.000119456601992191,0.297491039426523,0.00040154689103399,14.6835718957918,83
"{_PATRUNJEL RADACINA KG,KINDER OUA CIOCOLATA 20G} => {_MORCOVI}",0.00011801736582361,0.863157894736842,0.000136727436015158,25.1102548281607,82
"{_MORCOVI,KINDER OUA CIOCOLATA 20G} => {_PATRUNJEL RADACINA KG}",0.00011801736582361,0.577464788732394,0.000204371535938447,28.5025248457428,82
"{_PATRUNJEL RADACINA KG,PAINE ALBA FEL.TARANEASCA PANIPROD 1KG} => {_MORCOVI}",0.000112260421149288,0.772277227722772,0.000145362853026642,22.4664318131696,78
"{_MORCOVI,PAINE ALBA FEL.TARANEASCA PANIPROD 1KG} => {_PATRUNJEL RADACINA KG}",0.000112260421149288,0.4,0.000280651052873219,19.743212332173,78
"{_PATRUNJEL RADACINA KG,PUFULETI GUSTO 45G} => {_MORCOVI}",0.000106503476474965,0.804347826086957,0.000132409727509416,23.3994023650543,74
"{_MORCOVI,PUFULETI GUSTO 45G} => {_PATRUNJEL RADACINA KG}",0.000106503476474965,0.44578313253012,0.000238913203984381,22.0029775991085,74
"{_CONOPIDA,_GULII} => {_TELINA}",0.000179904521072576,0.468164794007491,0.000384276057011023,27.3580306996406,125
"{_CONOPIDA,_TELINA} => {_GULII}",0.000179904521072576,0.341530054644809,0.000526760437700504,42.1266681799971,125
"{_CONOPIDA,_GULII} => {_PATRUNJEL RADACINA KG}",0.000192857646589802,0.50187265917603,0.000384276057011023,24.7714461845617,134
"{_CONOPIDA,_PATRUNJEL RADACINA KG} => {_GULII}",0.000192857646589802,0.335839598997494,0.000574255231263664,41.4247682049078,134
"{_CONOPIDA,_GULII} => {_MORCOVI}",0.000233156259310059,0.606741573033708,0.000384276057011023,17.6508094366216,162
"{_CONOPIDA,_MORCOVI} => {_GULII}",0.000233156259310059,0.250386398763524,0.000931185801071655,30.8843821913865,162
"{_CEAPA GALBENA,_CONOPIDA} => {_MORCOVI}",0.000113699657317868,0.443820224719101,0.000256184038007349,12.9112402360473,79
"{_CONOPIDA,_MORCOVI} => {_CEAPA GALBENA}",0.000113699657317868,0.12210200927357,0.000931185801071655,6.9340468630484,79
"{_CONOPIDA,_TELINA} => {_PATRUNJEL RADACINA KG}",0.000307996540076251,0.584699453551913,0.000526760437700504,28.8596136549524,214
"{_CONOPIDA,_PATRUNJEL RADACINA KG} => {_TELINA}",0.000307996540076251,0.536340852130326,0.000574255231263664,31.3420182078409,214
"{_CONOPIDA,_TELINA} => {_MORCOVI}",0.00035405209747083,0.672131147540984,0.000526760437700504,19.5530672842235,246
"{_CONOPIDA,_MORCOVI} => {_TELINA}",0.00035405209747083,0.380216383307573,0.000931185801071655,22.2186110963066,246
"{_CONOPIDA,_PATRUNJEL RADACINA KG} => {_MORCOVI}",0.00047206946329444,0.822055137844611,0.000574255231263664,23.9145284077721,328
"{_CONOPIDA,_MORCOVI} => {_PATRUNJEL RADACINA KG}",0.00047206946329444,0.506955177743431,0.000931185801071655,25.0223092927077,328
"{_CONOPIDA,_MORCOVI} => {CARNE TOCATA PORC VRAC}",0.00011801736582361,0.126738794435858,0.000931185801071655,2.58793787222975,82
"{_CONOPIDA,CARNE TOCATA PORC VRAC} => {_MORCOVI}",0.00011801736582361,0.351931330472103,0.000335342027279282,10.2380867325119,82
"{_CONOPIDA,_MORCOVI} => {_BANANE}",0.000125213546666513,0.134466769706337,0.000931185801071655,1.74650452677763,87
"{_BANANE,_CONOPIDA} => {_MORCOVI}",0.000125213546666513,0.294915254237288,0.00042457466973128,8.57942356985316,87
"{_PATRUNJEL RADACINA KG,FRANZELA RIP-ROP 500G} => {_MORCOVI}",0.000138166672183739,0.827586206896552,0.000166951395555351,24.0754335610624,96
"{_MORCOVI,FRANZELA RIP-ROP 500G} => {_PATRUNJEL RADACINA KG}",0.000138166672183739,0.533333333333333,0.00025906251034451,26.3242831095641,96
"{_CEAPA VERDE LEGATURA,_ROSII CIORCHINE} => {_RIDICHI ROSU LEGATURA}",0.000112260421149288,0.458823529411765,0.000244670148658704,47.8961167279412,78
"{_RIDICHI ROSU LEGATURA,_ROSII CIORCHINE} => {_CEAPA VERDE LEGATURA}",0.000112260421149288,0.334763948497854,0.000335342027279282,43.1777136342379,78
"{_CASTRAVETI CORNISON,_ROSII CIORCHINE} => {_ARDEI ROSU CAPIA}",0.000110821184980707,0.173814898419865,0.000637581622681211,7.58264902466261,77
"{_ARDEI ROSU CAPIA,_ROSII CIORCHINE} => {_CASTRAVETI CORNISON}",0.000110821184980707,0.22,0.000503732659003214,13.1729455360221,77
"{_CASTRAVETI CORNISON,_ROSII CIORCHINE} => {_BANANE}",0.000115138893486449,0.18058690744921,0.000637581622681211,2.34553006683817,80
"{_BANANE,_ROSII CIORCHINE} => {_CASTRAVETI CORNISON}",0.000115138893486449,0.203045685279188,0.000567059050420761,12.1577716068501,80
"{_PATRUNJEL RADACINA KG,_ROSII CIORCHINE} => {_MORCOVI}",0.000128092019003674,0.801801801801802,0.000159755214712448,23.3253355935068,89
"{_MORCOVI,_ROSII CIORCHINE} => {_PATRUNJEL RADACINA KG}",0.000128092019003674,0.475935828877005,0.000269137163524574,23.4912553150187,89
"{_TELINA,_VINETE} => {_PATRUNJEL RADACINA KG}",0.000107942712643546,0.490196078431373,0.000220203133792833,24.1951131521729,75
"{_PATRUNJEL RADACINA KG,_VINETE} => {_TELINA}",0.000107942712643546,0.457317073170732,0.00023603473164722,26.7241251102587,75
"{_TELINA,_VINETE} => {_MORCOVI}",0.000116578129655029,0.529411764705882,0.000220203133792833,15.401196469209,81
"{_MORCOVI,_VINETE} => {_TELINA}",0.000116578129655029,0.317647058823529,0.000367005222988056,18.5622629001138,81
"{_PATRUNJEL RADACINA KG,_VINETE} => {_MORCOVI}",0.000161194450881028,0.682926829268293,0.00023603473164722,19.8671260686816,112
"{_MORCOVI,_VINETE} => {_PATRUNJEL RADACINA KG}",0.000161194450881028,0.43921568627451,0.000367005222988056,21.6788213843469,112
"{BERE BUCEGI DOZA 500ML,GOBE LAPTE 1.5% 1L} => {ENERGIZANT HELL 250ML}",0.000106503476474965,0.517482517482518,0.000205810772107027,26.6197956925728,74
"{ENERGIZANT HELL 250ML,GOBE LAPTE 1.5% 1L} => {BERE BUCEGI DOZA 500ML}",0.000106503476474965,0.239482200647249,0.000444723976091409,32.8325466216095,74
"{BERE BUCEGI DOZA 500ML,ENERGIZANT HELL 250ML} => {GOBE LAPTE 1.5% 1L}",0.000106503476474965,0.278195488721804,0.000382836820842443,53.7524588724314,74
"{_PATRUNJEL RADACINA KG,GOBE LAPTE 1.5% 1L} => {_MORCOVI}",0.000155437506206706,0.72972972972973,0.00021300695294993,21.2286762143151,108
"{_MORCOVI,GOBE LAPTE 1.5% 1L} => {_PATRUNJEL RADACINA KG}",0.000155437506206706,0.439024390243902,0.00035405209747083,21.6693793889704,108
"{_PATRUNJEL RADACINA KG,SARE IODATA DE MASA VERITABIL 1KG} => {_MORCOVI}",0.000123774310497933,0.767857142857143,0.000161194450881028,22.3378464662536,86
"{_MORCOVI,SARE IODATA DE MASA VERITABIL 1KG} => {_PATRUNJEL RADACINA KG}",0.000123774310497933,0.455026455026455,0.000272015635861735,22.4592097958582,86
"{PARIZER CRISTUR,POLONEZ CRISTUR} => {PAINE CU CARTOFI FELII BACHUS 1.2 KG}",0.000135288199846577,0.202586206896552,0.000667805582221404,3.30530057231047,94
"{PAINE CU CARTOFI FELII BACHUS 1.2 KG,POLONEZ CRISTUR} => {PARIZER CRISTUR}",0.000135288199846577,0.305194805194805,0.000443284739922828,17.3714522963724,94
"{PARIZER CRISTUR,POLONEZ CRISTUR} => {_BANANE}",0.000128092019003674,0.191810344827586,0.000667805582221403,2.49130425498999,89
"{_BANANE,POLONEZ CRISTUR} => {PARIZER CRISTUR}",0.000128092019003674,0.273006134969325,0.000469190990957279,15.5392980794988,89
"{PULPE PORC FARA OS,SLANINA AFUMATA ELIT} => {CARNE TOCATA PORC VRAC}",0.000120895838160771,0.368421052631579,0.000328145846436379,7.52295932177698,84
"{CARNE TOCATA PORC VRAC,SLANINA AFUMATA ELIT} => {PULPE PORC FARA OS}",0.000120895838160771,0.137254901960784,0.000880812535171334,9.81035800803194,84
"{_TELINA,BRANZA TRAPIST CALUP KERESZTURI} => {_MORCOVI}",0.000106503476474965,0.747474747474748,0.00014248438068948,21.7448991675252,74
"{_MORCOVI,BRANZA TRAPIST CALUP KERESZTURI} => {_TELINA}",0.000106503476474965,0.359223300970874,0.000296482650727606,20.9918435170291,74
"{_PATRUNJEL RADACINA KG,BRANZA TRAPIST CALUP KERESZTURI} => {_MORCOVI}",0.000156876742375287,0.8515625,0.000184222229578318,24.772931473476,109
"{_MORCOVI,BRANZA TRAPIST CALUP KERESZTURI} => {_PATRUNJEL RADACINA KG}",0.000156876742375287,0.529126213592233,0.000296482650727606,26.1166279636755,109
"{_KIWI KG,_PORTOCALE^2 A nu se consuma coaja} => {_BANANE}",0.000197175355095544,0.568464730290456,0.000346855916627927,7.38343180946449,137
"{_BANANE,_KIWI KG} => {_PORTOCALE^2 A nu se consuma coaja}",0.000197175355095544,0.117395029991431,0.00167958860873357,19.8123859541987,137
"{_KIWI KG,_NECTARINE} => {_BANANE}",0.000112260421149288,0.639344262295082,0.000175586812566835,8.30404159113997,78
"{_KIWI KG,_PORTOCALE PLASA BUC^2 A nu se consuma coaja} => {_BANANE}",0.000116578129655029,0.570422535211268,0.000204371535938447,7.40886050953821,81
"{_KIWI KG,_MANDARINE^2 A nu se consuma coaja} => {_BANANE}",0.000197175355095544,0.582978723404255,0.000338220499616444,7.57194496204656,137
"{_BANANE,_KIWI KG} => {_MANDARINE^2 A nu se consuma coaja}",0.000197175355095544,0.117395029991431,0.00167958860873357,14.5034838146224,137
"{_CLEMENTINA^2 A nu se consuma coaja,_KIWI KG} => {_BANANE}",0.000146802089195222,0.542553191489362,0.000270576399693155,7.04688308511633,102
"{_KIWI KG,_MERE GOLDEN} => {_BANANE}",0.000120895838160771,0.563758389261745,0.000214446189118511,7.32230409791795,84
"{_KIWI KG,_MERE ROSII} => {_BANANE}",0.000182782993409738,0.50597609561753,0.000361248278313733,6.57180612999912,127
"{_BANANE,_KIWI KG} => {_MERE ROSII}",0.000182782993409738,0.108826049700086,0.00167958860873357,5.13715293635883,127
"{_KIWI KG,_LAMAIE^2 A nu se consuma coaja} => {_BANANE}",0.000178465284903996,0.438162544169611,0.000407303835708313,5.69101844662343,124
"{_BANANE,_KIWI KG} => {_LAMAIE^2 A nu se consuma coaja}",0.000178465284903996,0.106255355612682,0.00167958860873357,5.38180510273469,124
"{_KIWI KG,_PATRUNJEL RADACINA KG} => {_MORCOVI}",0.000119456601992191,0.775700934579439,0.000153998270038125,22.5660313790799,83
"{_KIWI KG,_MORCOVI} => {_PATRUNJEL RADACINA KG}",0.000119456601992191,0.430051813471503,0.000277772580536058,21.2265106680099,83
"{_ARDEI ROSU CAPIA,_KIWI KG} => {_BANANE}",0.000116578129655029,0.47093023255814,0.000247548620995865,6.11661739740945,81
"{_KIWI KG,_MORCOVI} => {_BANANE}",0.000126652782835094,0.455958549222798,0.000277772580536058,5.92215959362819,88
"{_KIWI KG,PAINE CU CARTOFI FELII BACHUS 1.2 KG} => {_BANANE}",0.00014248438068948,0.515625,0.000276333344367477,6.69712969670063,99
"{_CAISE,_MERE ROSII} => {_BANANE}",0.000112260421149288,0.380487804878049,0.000295043414559025,4.9419174347272,78
"{_BANANE,_CAISE} => {_MERE ROSII}",0.000112260421149288,0.106703146374829,0.00105208163923243,5.03694090917413,78
"{_CAISE,_PATRUNJEL RADACINA KG} => {_MORCOVI}",0.000107942712643546,0.797872340425532,0.000135288199846577,23.2110230475668,75
"{_CAISE,_MORCOVI} => {_PATRUNJEL RADACINA KG}",0.000107942712643546,0.462962962962963,0.000233156259310059,22.8509401992744,75
"{_PATRUNJEL RADACINA KG,CALTABOS VRAC} => {_MORCOVI}",0.000116578129655029,0.778846153846154,0.000149680561532384,22.6575294210479,81
"{_MORCOVI,CALTABOS VRAC} => {_PATRUNJEL RADACINA KG}",0.000116578129655029,0.512658227848101,0.000227399314635737,25.3038006156015,81
"{_TELINA,ULEI KUNSAGI EDEN 1L} => {_PATRUNJEL RADACINA KG}",0.000115138893486449,0.655737704918033,0.000175586812566835,32.3659218560214,80
"{_PATRUNJEL RADACINA KG,ULEI KUNSAGI EDEN 1L} => {_TELINA}",0.000115138893486449,0.583941605839416,0.000197175355095544,34.1236517222962,80
"{_TELINA,ULEI KUNSAGI EDEN 1L} => {_MORCOVI}",0.000122335074329352,0.69672131147541,0.000175586812566835,20.268423404378,85
"{_MORCOVI,ULEI KUNSAGI EDEN 1L} => {_TELINA}",0.000122335074329352,0.37117903930131,0.00032958508260496,21.6904980516452,85
"{_PATRUNJEL RADACINA KG,ULEI KUNSAGI EDEN 1L} => {_MORCOVI}",0.000162633687049609,0.824817518248175,0.000197175355095544,23.9948892273727,113
"{_MORCOVI,ULEI KUNSAGI EDEN 1L} => {_PATRUNJEL RADACINA KG}",0.000162633687049609,0.493449781659389,0.00032958508260496,24.3557095364143,113
"{_TELINA,ARIPI PUI REFRIGERAT VRAC SZEKELY CSURKE} => {_PATRUNJEL RADACINA KG}",0.000191418410421221,0.678571428571429,0.0002820902890418,33.4929494920793,133
"{_PATRUNJEL RADACINA KG,ARIPI PUI REFRIGERAT VRAC SZEKELY CSURKE} => {_TELINA}",0.000191418410421221,0.585903083700441,0.000326706610267799,34.2382741207026,133
"{_TELINA,ARIPI PUI REFRIGERAT VRAC SZEKELY CSURKE} => {_MORCOVI}",0.000214446189118511,0.760204081632653,0.0002820902890418,22.1152101227361,149
"{_MORCOVI,ARIPI PUI REFRIGERAT VRAC SZEKELY CSURKE} => {_TELINA}",0.000214446189118511,0.454268292682927,0.00047206946329444,26.5459642761903,149
"{_PATRUNJEL RADACINA KG,ARIPI PUI REFRIGERAT VRAC SZEKELY CSURKE} => {_MORCOVI}",0.000272015635861735,0.832599118942731,0.000326706610267799,24.2212649317516,189
"{_MORCOVI,ARIPI PUI REFRIGERAT VRAC SZEKELY CSURKE} => {_PATRUNJEL RADACINA KG}",0.000272015635861735,0.576219512195122,0.00047206946329444,28.4410604480237,189
"{_CARTOFI NOI,_GULII} => {_MORCOVI}",0.000100746531800643,0.648148148148148,0.000155437506206706,18.8553742781468,70
"{_CARTOFI NOI,_MORCOVI} => {_GULII}",0.000100746531800643,0.173697270471464,0.000580012175937986,21.4250171468293,70
"{_CARTOFI NOI,_ROSII DE GRADINA ROMANIA} => {_CASTRAVETI CORNISON}",0.000113699657317868,0.248427672955975,0.000457677101608634,14.8751100249534,79
"{_CARTOFI NOI,_CASTRAVETI CORNISON} => {_ROSII DE GRADINA ROMANIA}",0.000113699657317868,0.365740740740741,0.000310875012413412,36.33939958477,79
"{_CARTOFI NOI,_CEAPA GALBENA} => {_MORCOVI}",0.000116578129655029,0.253125,0.000460555573945795,7.36369706184056,81
"{_CARTOFI NOI,_MORCOVI} => {_CEAPA GALBENA}",0.000116578129655029,0.200992555831266,0.000580012175937986,11.4141594356182,81
"{_CARTOFI NOI,_TELINA} => {_PATRUNJEL RADACINA KG}",0.000159755214712448,0.533653846153846,0.000299361123064767,26.3401029912405,111
"{_CARTOFI NOI,_PATRUNJEL RADACINA KG} => {_TELINA}",0.000159755214712448,0.557788944723618,0.000286407997547542,32.5953751093567,111
"{_CARTOFI NOI,_TELINA} => {_MORCOVI}",0.000220203133792833,0.735576923076923,0.000299361123064767,21.3987777865452,153
"{_CARTOFI NOI,_MORCOVI} => {_TELINA}",0.000220203133792833,0.379652605459057,0.000580012175937986,22.1856657491021,153
"{_CARTOFI NOI,_PATRUNJEL RADACINA KG} => {_MORCOVI}",0.000244670148658704,0.85427135678392,0.000286407997547542,24.8517352294886,170
"{_CARTOFI NOI,_MORCOVI} => {_PATRUNJEL RADACINA KG}",0.000244670148658704,0.421836228287841,0.000580012175937986,20.8210055612247,170
"{_PATRUNJEL RADACINA KG,KAIZER PROMO} => {_MORCOVI}",0.000120895838160771,0.756756756756757,0.000159755214712448,22.014923481512,84
"{_MORCOVI,KAIZER PROMO} => {_PATRUNJEL RADACINA KG}",0.000120895838160771,0.422110552763819,0.000286407997547542,20.8345456771675,84
"{CROISSANT FITTNES DIOSZEGI 100G,DANONE ACTIVIA NATUR 125G} => {_BANANE}",0.000132409727509416,0.431924882629108,0.00030655730390767,5.61000137347749,92
"{_BANANE,CROISSANT FITTNES DIOSZEGI 100G} => {DANONE ACTIVIA NATUR 125G}",0.000132409727509416,0.125854993160055,0.00105208163923243,9.91560101627362,92
"{_PEPENE VERDE,_TELINA} => {_MORCOVI}",0.000100746531800643,0.636363636363636,0.000158315978543867,18.5125492912714,70
"{_MORCOVI,_PEPENE VERDE} => {_TELINA}",0.000100746531800643,0.338164251207729,0.000297921886896186,19.7612210155085,70
"{_PATRUNJEL RADACINA KG,_PEPENE VERDE} => {_MORCOVI}",0.000125213546666513,0.75,0.000166951395555351,21.8183616647128,87
"{_MORCOVI,_PEPENE VERDE} => {_PATRUNJEL RADACINA KG}",0.000125213546666513,0.420289855072464,0.000297921886896187,20.7446796243847,87
"{DR.OETKER BUDINCA VANILIE 40G,DR.OETKER PRAF DE COPT 10G} => {DR.OETKER ZAHAR VANILINAT 8G}",0.00011801736582361,0.471264367816092,0.000250427093333026,89.7835506431045,82
"{DR.OETKER BUDINCA VANILIE 40G,DR.OETKER ZAHAR VANILINAT 8G} => {DR.OETKER PRAF DE COPT 10G}",0.00011801736582361,0.310606060606061,0.000379958348505281,92.9828215372162,82
"{_TELINA,DR.OETKER BUDINCA VANILIE 40G} => {_MORCOVI}",0.000100746531800643,0.578512396694215,0.000174147576398254,16.8295902647922,70
"{_MORCOVI,DR.OETKER BUDINCA VANILIE 40G} => {_TELINA}",0.000100746531800643,0.334928229665072,0.000300800359233348,19.5721184220587,70
"{_PATRUNJEL RADACINA KG,DR.OETKER BUDINCA VANILIE 40G} => {_MORCOVI}",0.000128092019003674,0.717741935483871,0.000178465284903996,20.8799375070907,89
"{_MORCOVI,DR.OETKER BUDINCA VANILIE 40G} => {_PATRUNJEL RADACINA KG}",0.000128092019003674,0.425837320574163,0.000300800359233348,21.0184915976483,89
"{_TELINA,CAFEA MACINATA DALLMAYR PRODOMO 500G} => {_MORCOVI}",0.00011801736582361,0.689075630252101,0.000171269104061093,20.0460017535736,82
"{_MORCOVI,CAFEA MACINATA DALLMAYR PRODOMO 500G} => {_TELINA}",0.00011801736582361,0.3710407239819,0.000318071193256315,21.6824153534093,82
"{_PATRUNJEL RADACINA KG,CAFEA MACINATA DALLMAYR PRODOMO 500G} => {_MORCOVI}",0.000155437506206706,0.794117647058823,0.000195736118926963,23.1017947038135,108
"{_MORCOVI,CAFEA MACINATA DALLMAYR PRODOMO 500G} => {_PATRUNJEL RADACINA KG}",0.000155437506206706,0.48868778280543,0.000318071193256315,24.1206666501662,108
"{_CAPSUNI KG,_CEAPA VERDE LEGATURA} => {_RIDICHI ROSU LEGATURA}",0.000149680561532384,0.444444444444444,0.000336781263447863,46.3950988247863,104
"{_CAPSUNI KG,_RIDICHI ROSU LEGATURA} => {_CEAPA VERDE LEGATURA}",0.000149680561532384,0.331210191082803,0.000451920156934312,42.719351493747,104
"{_CAPSUNI KG,_RIDICHI ROSU LEGATURA} => {_BANANE}",0.000133848963677997,0.296178343949045,0.000451920156934312,3.84687473024147,93
"{_BANANE,_CAPSUNI KG} => {_RIDICHI ROSU LEGATURA}",0.000133848963677997,0.12109375,0.00110533337746991,12.6408521212064,93
"{_CAPSUNI KG,_MERE ROSII} => {_BANANE}",0.000126652782835094,0.423076923076923,0.000299361123064767,5.49508077678,88
"{_BANANE,_CAPSUNI KG} => {_MERE ROSII}",0.000126652782835094,0.114583333333333,0.00110533337746991,5.40892652920262,88
"{_CAPSUNI KG,_TELINA} => {_PATRUNJEL RADACINA KG}",0.000120895838160771,0.626865671641791,0.000192857646589802,30.9408551474354,84
"{_CAPSUNI KG,_PATRUNJEL RADACINA KG} => {_TELINA}",0.000120895838160771,0.60431654676259,0.000200053827432705,35.3142971241174,84
"{_CAPSUNI KG,_TELINA} => {_MORCOVI}",0.000130970491340836,0.67910447761194,0.000192857646589802,19.7559294675509,91
"{_CAPSUNI KG,_MORCOVI} => {_TELINA}",0.000130970491340836,0.368421052631579,0.000355491333639411,21.5293302642645,91
"{_CAPSUNI KG,_PATRUNJEL RADACINA KG} => {_MORCOVI}",0.000166951395555351,0.834532374100719,0.000200053827432705,24.2775055453878,116
"{_CAPSUNI KG,_MORCOVI} => {_PATRUNJEL RADACINA KG}",0.000166951395555351,0.469635627530364,0.000355491333639411,23.1802897827133,116
"{_CAPSUNI KG,PAINE CU CARTOFI FELII BACHUS 1.2 KG} => {_BANANE}",0.000100746531800643,0.240549828178694,0.000418817725056958,3.12435083215858,70
"{DR.OETKER PRAF DE COPT 10G,GRASIME VEGETALA TARTINABILA CU 70% GRASIME RAMA 250G} => {DR.OETKER ZAHAR VANILINAT 8G}",0.000120895838160771,0.449197860962567,0.000269137163524574,85.5795210773194,84
"{DR.OETKER ZAHAR VANILINAT 8G,GRASIME VEGETALA TARTINABILA CU 70% GRASIME RAMA 250G} => {DR.OETKER PRAF DE COPT 10G}",0.000120895838160771,0.365217391304348,0.000331024318773541,109.331232789465,84
"{DR.OETKER PRAF DE COPT 10G,FAINA BL-55 GYERMELYI 1KG} => {DR.OETKER ZAHAR VANILINAT 8G}",0.000107942712643546,0.457317073170732,0.00023603473164722,87.1263634661299,75
"{DR.OETKER ZAHAR VANILINAT 8G,FAINA BL-55 GYERMELYI 1KG} => {DR.OETKER PRAF DE COPT 10G}",0.000107942712643546,0.320512820512821,0.000336781263447863,95.9485025243319,75
"{DR.OETKER PRAF DE COPT 10G,DR.OETKER ZAHAR VANILINAT 8G} => {_LAMAIE^2 A nu se consuma coaja}",0.000143923616858061,0.106951871657754,0.00134568581762287,5.41708345255424,100
"{_LAMAIE^2 A nu se consuma coaja,DR.OETKER PRAF DE COPT 10G} => {DR.OETKER ZAHAR VANILINAT 8G}",0.000143923616858061,0.490196078431373,0.000293604178390445,93.3903503819954,100
"{_LAMAIE^2 A nu se consuma coaja,DR.OETKER ZAHAR VANILINAT 8G} => {DR.OETKER PRAF DE COPT 10G}",0.000143923616858061,0.247524752475248,0.000581451412106567,74.0988435336425,100
"{_MORCOVI,DR.OETKER PRAF DE COPT 10G} => {DR.OETKER ZAHAR VANILINAT 8G}",0.000123774310497933,0.4,0.000309435776244831,76.2065259117083,86
"{_MORCOVI,DR.OETKER ZAHAR VANILINAT 8G} => {DR.OETKER PRAF DE COPT 10G}",0.000123774310497933,0.26219512195122,0.00047206946329444,78.4905554796608,86
"{DR.OETKER PRAF DE COPT 10G,DR.OETKER ZAHAR VANILINAT 8G} => {CARNE TOCATA PORC VRAC}",0.000162633687049609,0.120855614973262,0.00134568581762287,2.46780651854166,113
"{CARNE TOCATA PORC VRAC,DR.OETKER PRAF DE COPT 10G} => {DR.OETKER ZAHAR VANILINAT 8G}",0.000162633687049609,0.459349593495935,0.00035405209747083,87.5135917482015,113
"{CARNE TOCATA PORC VRAC,DR.OETKER ZAHAR VANILINAT 8G} => {DR.OETKER PRAF DE COPT 10G}",0.000162633687049609,0.30958904109589,0.000525321201531923,92.678367260215,113
"{DR.OETKER PRAF DE COPT 10G,PAINE CU CARTOFI FELII BACHUS 1.2 KG} => {DR.OETKER ZAHAR VANILINAT 8G}",0.000113699657317868,0.431693989071038,0.000263380218850252,82.2447479101769,79
"{DR.OETKER ZAHAR VANILINAT 8G,PAINE CU CARTOFI FELII BACHUS 1.2 KG} => {DR.OETKER PRAF DE COPT 10G}",0.000113699657317868,0.306201550387597,0.000371322931493798,91.6642903185943,79
"{DR.OETKER PRAF DE COPT 10G,DR.OETKER ZAHAR VANILINAT 8G} => {_BANANE}",0.000169829867892512,0.12620320855615,0.00134568581762287,1.63917431435693,118
"{_BANANE,DR.OETKER PRAF DE COPT 10G} => {DR.OETKER ZAHAR VANILINAT 8G}",0.000169829867892512,0.433823529411765,0.000391472237853926,82.6504600880659,118
"{_BANANE,DR.OETKER ZAHAR VANILINAT 8G} => {DR.OETKER PRAF DE COPT 10G}",0.000169829867892512,0.250530785562633,0.000677880235401468,74.9987275782548,118
"{_TELINA,DR.OETKER PRAF DE COPT 10G} => {_MORCOVI}",0.000120895838160771,0.694214876033058,0.000174147576398254,20.1955083177507,84
"{_MORCOVI,DR.OETKER PRAF DE COPT 10G} => {_TELINA}",0.000120895838160771,0.390697674418605,0.000309435776244831,22.8311037221038,84
"{_PATRUNJEL RADACINA KG,DR.OETKER PRAF DE COPT 10G} => {_MORCOVI}",0.000125213546666513,0.756521739130435,0.00016551215938677,22.0080865487538,87
"{_MORCOVI,DR.OETKER PRAF DE COPT 10G} => {_PATRUNJEL RADACINA KG}",0.000125213546666513,0.404651162790698,0.000309435776244831,19.9727845685937,87
"{_CARTOFI ROSII,_CEAPA GALBENA} => {_MORCOVI}",0.00011801736582361,0.25,0.00047206946329444,7.27278722157093,82
"{_CARTOFI ROSII,_MORCOVI} => {_CEAPA GALBENA}",0.00011801736582361,0.172631578947368,0.00068363718007579,9.80356888133698,82
"{_CARTOFI ROSII,_TELINA} => {_PATRUNJEL RADACINA KG}",0.000214446189118511,0.67420814479638,0.000318071193256315,33.2775863969885,149
"{_CARTOFI ROSII,_PATRUNJEL RADACINA KG} => {_TELINA}",0.000214446189118511,0.545787545787546,0.000392911474022507,31.894052317181,149
"{_CARTOFI ROSII,_TELINA} => {_MORCOVI}",0.000238913203984381,0.751131221719457,0.000318071193256315,21.8512702041769,166
"{_CARTOFI ROSII,_MORCOVI} => {_TELINA}",0.000238913203984381,0.349473684210526,0.00068363718007579,20.4221075649595,166
"{_CARTOFI ROSII,_PATRUNJEL RADACINA KG} => {_MORCOVI}",0.000333902791110702,0.84981684981685,0.000392911474022507,24.7221485040946,232
"{_CARTOFI ROSII,_MORCOVI} => {_PATRUNJEL RADACINA KG}",0.000333902791110702,0.488421052631579,0.00068363718007579,24.1075013740218,232
"{_PATRUNJEL RADACINA KG,SALAM POTCOAVA CRIS-TIM} => {_MORCOVI}",0.000135288199846577,0.810344827586207,0.000166951395555351,23.5738620285402,94
"{_MORCOVI,SALAM POTCOAVA CRIS-TIM} => {_PATRUNJEL RADACINA KG}",0.000135288199846577,0.525139664804469,0.000257623274175929,25.919859765702,94
"{PAINE CU CARTOFI FELII BACHUS 1.2 KG,SALAM POTCOAVA CRIS-TIM} => {_BANANE}",0.000115138893486449,0.18018018018018,0.000639020858849791,2.34024734146241,80
"{_BANANE,SALAM POTCOAVA CRIS-TIM} => {PAINE CU CARTOFI FELII BACHUS 1.2 KG}",0.000115138893486449,0.16260162601626,0.000708104194941661,2.65293109419142,80
"{_TELINA,DROJDIE PROASPATA BUDAFOK 50G} => {_PATRUNJEL RADACINA KG}",0.000120895838160771,0.525,0.000230277786972898,25.9129661859771,84
"{_PATRUNJEL RADACINA KG,DROJDIE PROASPATA BUDAFOK 50G} => {_TELINA}",0.000120895838160771,0.446808510638298,0.000270576399693155,26.1100388311293,84
"{_TELINA,DROJDIE PROASPATA BUDAFOK 50G} => {_MORCOVI}",0.000139605908352319,0.60625,0.000230277786972898,17.6365090123095,97
"{_MORCOVI,DROJDIE PROASPATA BUDAFOK 50G} => {_TELINA}",0.000139605908352319,0.348920863309353,0.00040010765486541,20.3898025061868,97
"{_PATRUNJEL RADACINA KG,DROJDIE PROASPATA BUDAFOK 50G} => {_MORCOVI}",0.000201493063601286,0.74468085106383,0.000270576399693155,21.6636215110623,140
"{_MORCOVI,DROJDIE PROASPATA BUDAFOK 50G} => {_PATRUNJEL RADACINA KG}",0.000201493063601286,0.503597122302158,0.00040010765486541,24.8565622887071,140
"{_PATRUNJEL RADACINA KG,BERE BUCEGI DOZA 500ML} => {_MORCOVI}",0.000107942712643546,0.797872340425532,0.000135288199846577,23.2110230475668,75
"{_MORCOVI,BERE BUCEGI DOZA 500ML} => {_PATRUNJEL RADACINA KG}",0.000107942712643546,0.352112676056338,0.00030655730390767,17.3795883205749,75
"{_PATRUNJEL RADACINA KG,MUSCHI FILE AFUMAT FOX} => {_MORCOVI}",0.000132409727509416,0.867924528301887,0.000152559033869545,25.2489216748877,92
"{_MORCOVI,MUSCHI FILE AFUMAT FOX} => {_PATRUNJEL RADACINA KG}",0.000132409727509416,0.467005076142132,0.00028352952521038,23.0504509461919,92
"{_PATRUNJEL RADACINA KG,PAINE TRADITIONALA CU CARTOFI FEL.BOCSKOR 0.6KG} => {_MORCOVI}",0.000116578129655029,0.757009345794392,0.000153998270038125,22.0222715868129,81
"{_MORCOVI,PAINE TRADITIONALA CU CARTOFI FEL.BOCSKOR 0.6KG} => {_PATRUNJEL RADACINA KG}",0.000116578129655029,0.490909090909091,0.000237473967815801,24.2303060440306,81
"{_GULII,_VARZA NOUA} => {_TELINA}",0.000100746531800643,0.472972972972973,0.00021300695294993,27.6390050689883,70
"{_TELINA,_VARZA NOUA} => {_GULII}",0.000100746531800643,0.24822695035461,0.000405864599539732,30.6180209580574,70
"{_GULII,_VARZA NOUA} => {_PATRUNJEL RADACINA KG}",0.000103625004137804,0.486486486486487,0.00021300695294993,24.0120149985888,72
"{_PATRUNJEL RADACINA KG,_VARZA NOUA} => {_GULII}",0.000103625004137804,0.262773722627737,0.000394350710191087,32.4123199964754,72
"{_GULII,_VARZA NOUA} => {_MORCOVI}",0.000132409727509416,0.621621621621622,0.00021300695294993,18.0836871455277,92
"{_MORCOVI,_VARZA NOUA} => {_GULII}",0.000132409727509416,0.186234817813765,0.000710982667278822,22.9714845499087,92
"{_ROSII DE GRADINA ROMANIA,_VARZA NOUA} => {_CASTRAVETI CORNISON}",0.000128092019003674,0.243835616438356,0.000525321201531923,14.6001513412947,89
"{_CASTRAVETI CORNISON,_VARZA NOUA} => {_ROSII DE GRADINA ROMANIA}",0.000128092019003674,0.32129963898917,0.000398668418696829,31.9238046710971,89
"{_TELINA,_VARZA NOUA} => {_PATRUNJEL RADACINA KG}",0.00021300695294993,0.524822695035461,0.000405864599539732,25.904214762071,148
"{_PATRUNJEL RADACINA KG,_VARZA NOUA} => {_TELINA}",0.00021300695294993,0.54014598540146,0.000394350710191087,31.564377843124,148
"{_TELINA,_VARZA NOUA} => {_MORCOVI}",0.000273454872030316,0.673758865248227,0.000405864599539732,19.6004194623897,190
"{_MORCOVI,_VARZA NOUA} => {_TELINA}",0.000273454872030316,0.384615384615385,0.000710982667278822,22.4756744517047,190
"{_PATRUNJEL RADACINA KG,_VARZA NOUA} => {_MORCOVI}",0.000313753484750573,0.795620437956204,0.000394350710191087,23.1455126175542,218
"{_MORCOVI,_VARZA NOUA} => {_PATRUNJEL RADACINA KG}",0.000313753484750573,0.441295546558704,0.000710982667278822,21.7814791923771,218
"{_MORCOVI,_VARZA NOUA} => {CARNE TOCATA PORC VRAC}",0.000109381948812126,0.153846153846154,0.000710982667278822,3.14145554096182,76
"{_VARZA NOUA,CARNE TOCATA PORC VRAC} => {_MORCOVI}",0.000109381948812126,0.165938864628821,0.00065917016520992,4.82735221693791,76
"{_PATRUNJEL RADACINA KG,PALL MALL EXTRA CUT BLACK} => {_MORCOVI}",0.000107942712643546,0.903614457831325,0.000119456601992191,26.2871827285696,75
"{_MORCOVI,PALL MALL EXTRA CUT BLACK} => {_PATRUNJEL RADACINA KG}",0.000107942712643546,0.496688741721854,0.000217324661455672,24.5155782270361,75
"{_TELINA,SMANTANA 20% GRASIME FRISS 170G} => {_PATRUNJEL RADACINA KG}",0.000161194450881028,0.64,0.000251866329501607,31.5891397314769,112
"{_PATRUNJEL RADACINA KG,SMANTANA 20% GRASIME FRISS 170G} => {_TELINA}",0.000161194450881028,0.541062801932367,0.000297921886896186,31.6179536248136,112
"{_TELINA,SMANTANA 20% GRASIME FRISS 170G} => {_MORCOVI}",0.000179904521072576,0.714285714285714,0.000251866329501607,20.7793920616312,125
"{_MORCOVI,SMANTANA 20% GRASIME FRISS 170G} => {_TELINA}",0.000179904521072576,0.379939209726444,0.000473508699463021,22.2024139720487,125
"{_PATRUNJEL RADACINA KG,SMANTANA 20% GRASIME FRISS 170G} => {_MORCOVI}",0.000248987857164446,0.835748792270531,0.000297921886896186,24.3128925474738,173
"{_MORCOVI,SMANTANA 20% GRASIME FRISS 170G} => {_PATRUNJEL RADACINA KG}",0.000248987857164446,0.525835866261398,0.000473508699463021,25.9542228986773,173
"{_TELINA,PARIZER SECUIESC MAXI BENEDEK} => {_MORCOVI}",0.000103625004137804,0.692307692307692,0.000149680561532384,20.1400261520426,72
"{_MORCOVI,PARIZER SECUIESC MAXI BENEDEK} => {_TELINA}",0.000103625004137804,0.4,0.00025906251034451,23.3747014297729,72
"{_PATRUNJEL RADACINA KG,PARIZER SECUIESC MAXI BENEDEK} => {_MORCOVI}",0.000120895838160771,0.756756756756757,0.000159755214712448,22.014923481512,84
"{_MORCOVI,PARIZER SECUIESC MAXI BENEDEK} => {_PATRUNJEL RADACINA KG}",0.000120895838160771,0.466666666666667,0.00025906251034451,23.0337477208686,84
"{_PATRUNJEL RADACINA KG,_SALATA VERDE BUC} => {_MORCOVI}",0.000128092019003674,0.767241379310345,0.000166951395555351,22.3199331972349,89
"{_MORCOVI,_SALATA VERDE BUC} => {_PATRUNJEL RADACINA KG}",0.000128092019003674,0.344961240310078,0.000371322931493798,17.0266075345291,89
"{CAFEA AMAROY EXTRA 500G,COTLET PORC FARA OS} => {CARNE TOCATA PORC VRAC}",0.000120895838160771,0.485549132947977,0.000248987857164446,9.91465159170608,84
"{CAFEA AMAROY EXTRA 500G,CARNE TOCATA PORC VRAC} => {COTLET PORC FARA OS}",0.000120895838160771,0.202409638554217,0.000597283009960953,10.8157231556388,84
"{_PATRUNJEL RADACINA KG,CAFEA AMAROY EXTRA 500G} => {_MORCOVI}",0.000112260421149288,0.742857142857143,0.000151119797700964,21.6105677440965,78
"{_MORCOVI,CAFEA AMAROY EXTRA 500G} => {_PATRUNJEL RADACINA KG}",0.000112260421149288,0.456140350877193,0.000246109384827284,22.5141895016008,78
"{_PATRUNJEL RADACINA KG,ELAN BATISTE DE HARTIE 3STR 100BUC} => {_MORCOVI}",0.000143923616858061,0.78125,0.000184222229578318,22.7274600674091,100
"{_MORCOVI,ELAN BATISTE DE HARTIE 3STR 100BUC} => {_PATRUNJEL RADACINA KG}",0.000143923616858061,0.462962962962963,0.000310875012413412,22.8509401992744,100
"{_PATRUNJEL RADACINA KG,COCA COLA 2L PET} => {_MORCOVI}",0.000112260421149288,0.928571428571429,0.000120895838160771,27.0132096801206,78
"{_MORCOVI,COCA COLA 2L PET} => {_PATRUNJEL RADACINA KG}",0.000112260421149288,0.506493506493506,0.000221642369961414,24.9995221089204,78
"{_GULII,_PATRUNJEL FRUNZE LEGATURA} => {_TELINA}",0.000177026048735415,0.532467532467532,0.000332463554942121,31.1156739811912,123
"{_PATRUNJEL FRUNZE LEGATURA,_TELINA} => {_GULII}",0.000177026048735415,0.27212389380531,0.000650534748198436,33.5656344801258,123
"{_GULII,_PATRUNJEL FRUNZE LEGATURA} => {_PATRUNJEL RADACINA KG}",0.000189979174252641,0.571428571428571,0.000332463554942121,28.2045890459615,132
"{_PATRUNJEL FRUNZE LEGATURA,_PATRUNJEL RADACINA KG} => {_GULII}",0.000189979174252641,0.252390057361377,0.00075272051616766,31.1315272368951,132
"{_GULII,_PATRUNJEL FRUNZE LEGATURA} => {_MORCOVI}",0.000228838550804317,0.688311688311688,0.000332463554942121,20.0237778048446,159
"{_MORCOVI,_PATRUNJEL FRUNZE LEGATURA} => {_GULII}",0.000228838550804317,0.210596026490066,0.00108662330727836,25.9763637411046,159
"{_PATRUNJEL FRUNZE LEGATURA,_USTUROI} => {_MORCOVI}",0.000116578129655029,0.393203883495146,0.000296482650727606,11.4387527174222,81
"{_MORCOVI,_PATRUNJEL FRUNZE LEGATURA} => {_USTUROI}",0.000116578129655029,0.107284768211921,0.00108662330727836,8.9724183504609,81
"{_CEAPA GALBENA,_PATRUNJEL FRUNZE LEGATURA} => {_TELINA}",0.000122335074329352,0.232876712328767,0.000525321201531923,13.6085590515801,85
"{_PATRUNJEL FRUNZE LEGATURA,_TELINA} => {_CEAPA GALBENA}",0.000122335074329352,0.188053097345133,0.000650534748198436,10.6793409665438,85
"{_CEAPA GALBENA,_PATRUNJEL FRUNZE LEGATURA} => {_PATRUNJEL RADACINA KG}",0.000133848963677997,0.254794520547945,0.000525321201531923,12.5761558006308,93
"{_PATRUNJEL FRUNZE LEGATURA,_PATRUNJEL RADACINA KG} => {_CEAPA GALBENA}",0.000133848963677997,0.177820267686424,0.000752720516167659,10.0982291501437,93
"{_CEAPA GALBENA,_PATRUNJEL FRUNZE LEGATURA} => {_MORCOVI}",0.00021300695294993,0.405479452054795,0.000525321201531923,11.7958631100548,148
"{_MORCOVI,_PATRUNJEL FRUNZE LEGATURA} => {_CEAPA GALBENA}",0.00021300695294993,0.196026490066225,0.00108662330727836,11.1321416953318,148
"{_PATRUNJEL FRUNZE LEGATURA,_TELINA} => {_PATRUNJEL RADACINA KG}",0.000457677101608634,0.70353982300885,0.000650534748198436,34.7253402745079,318
"{_PATRUNJEL FRUNZE LEGATURA,_PATRUNJEL RADACINA KG} => {_TELINA}",0.000457677101608634,0.608030592734226,0.000752720516167659,35.5313339133259,318
"{_PATRUNJEL FRUNZE LEGATURA,_TELINA} => {_MORCOVI}",0.000512368076014697,0.787610619469027,0.000650534748198436,22.9124977953916,356
"{_MORCOVI,_PATRUNJEL FRUNZE LEGATURA} => {_TELINA}",0.000512368076014697,0.471523178807947,0.00108662330727836,27.554283804633,356
"{_PATRUNJEL FRUNZE LEGATURA,_TELINA} => {_BANANE}",0.000102185767969223,0.157079646017699,0.000650534748198436,2.04020899314881,71
"{_BANANE,_PATRUNJEL FRUNZE LEGATURA} => {_TELINA}",0.000102185767969223,0.161731207289294,0.000631824678006888,9.45104670565989,71
"{_PATRUNJEL FRUNZE LEGATURA,_PATRUNJEL RADACINA KG} => {_ARDEI ROSU CAPIA}",0.000112260421149288,0.149139579349904,0.000752720516167659,6.50619190976613,78
"{_ARDEI ROSU CAPIA,_PATRUNJEL FRUNZE LEGATURA} => {_PATRUNJEL RADACINA KG}",0.000112260421149288,0.254901960784314,0.000440406267585667,12.5814588391299,78
"{_PATRUNJEL FRUNZE LEGATURA,_PATRUNJEL RADACINA KG} => {_MORCOVI}",0.000653413220535597,0.868068833652008,0.00075272051616766,25.2531196833132,454
"{_MORCOVI,_PATRUNJEL FRUNZE LEGATURA} => {_PATRUNJEL RADACINA KG}",0.000653413220535597,0.601324503311258,0.00108662330727836,29.6801933735317,454
"{_PATRUNJEL FRUNZE LEGATURA,_PATRUNJEL RADACINA KG} => {_BANANE}",0.000109381948812126,0.145315487571702,0.000752720516167659,1.88741171821959,76
"{_BANANE,_PATRUNJEL FRUNZE LEGATURA} => {_PATRUNJEL RADACINA KG}",0.000109381948812126,0.173120728929385,0.000631824678006888,8.54489827588355,76
"{_ARDEI ROSU CAPIA,_PATRUNJEL FRUNZE LEGATURA} => {_MORCOVI}",0.000155437506206706,0.352941176470588,0.000440406267585667,10.267464312806,108
"{_MORCOVI,_PATRUNJEL FRUNZE LEGATURA} => {_ARDEI ROSU CAPIA}",0.000155437506206706,0.143046357615894,0.00108662330727836,6.24037602022805,108
"{_MORCOVI,_PATRUNJEL FRUNZE LEGATURA} => {CARNE TOCATA PORC VRAC}",0.000136727436015158,0.125827814569536,0.00108662330727836,2.56933615436281,95
"{_PATRUNJEL FRUNZE LEGATURA,CARNE TOCATA PORC VRAC} => {_MORCOVI}",0.000136727436015158,0.291411042944785,0.000469190990957279,8.47748203741396,95
"{_MORCOVI,_PATRUNJEL FRUNZE LEGATURA} => {PAINE CU CARTOFI FELII BACHUS 1.2 KG}",0.000113699657317868,0.104635761589404,0.00108662330727836,1.70718751273232,79
"{_PATRUNJEL FRUNZE LEGATURA,PAINE CU CARTOFI FELII BACHUS 1.2 KG} => {_MORCOVI}",0.000113699657317868,0.274305555555556,0.000414500016551216,7.97986375700143,79
"{_MORCOVI,_PATRUNJEL FRUNZE LEGATURA} => {_BANANE}",0.000146802089195222,0.135099337748344,0.00108662330727836,1.75472055629387,102
"{_BANANE,_PATRUNJEL FRUNZE LEGATURA} => {_MORCOVI}",0.000146802089195222,0.232346241457859,0.000631824678006888,6.75921910341899,102
"{_MERE ROSII,_STRUGURI NEGRI} => {_BANANE}",0.000138166672183739,0.355555555555556,0.000388593765516765,4.61808808715249,96
"{_BANANE,_STRUGURI NEGRI} => {_MERE ROSII}",0.000138166672183739,0.101694915254237,0.0013586389431401,4.80052647275918,96
"{_STRUGURI NEGRI,_TELINA} => {_MORCOVI}",0.000107942712643546,0.630252100840336,0.000171269104061093,18.3347577014393,75
"{_MORCOVI,_STRUGURI NEGRI} => {_TELINA}",0.000107942712643546,0.320512820512821,0.000336781263447863,18.7297287097539,75
"{_LAMAIE^2 A nu se consuma coaja,_STRUGURI NEGRI} => {_BANANE}",0.000106503476474965,0.344186046511628,0.000309435776244831,4.47041666576098,74
"{_PATRUNJEL RADACINA KG,_STRUGURI NEGRI} => {_MORCOVI}",0.000146802089195222,0.796875,0.000184222229578318,23.1820092687573,102
"{_MORCOVI,_STRUGURI NEGRI} => {_PATRUNJEL RADACINA KG}",0.000146802089195222,0.435897435897436,0.000336781263447863,21.5150390799322,102
"{_STRUGURI NEGRI,PAINE CU CARTOFI FELII BACHUS 1.2 KG} => {_BANANE}",0.000110821184980707,0.254966887417219,0.000434649322911344,3.31160497143695,77
"{_TELINA,CASCAVAL TRAPPIST 40% AMMERLAND} => {_PATRUNJEL RADACINA KG}",0.000123774310497933,0.601398601398601,0.000205810772107027,29.6838507092112,86
"{_PATRUNJEL RADACINA KG,CASCAVAL TRAPPIST 40% AMMERLAND} => {_TELINA}",0.000123774310497933,0.589041095890411,0.000210128480612769,34.4216493657615,86
"{_TELINA,CASCAVAL TRAPPIST 40% AMMERLAND} => {_MORCOVI}",0.000136727436015158,0.664335664335664,0.000205810772107027,19.326287721657,95
"{_MORCOVI,CASCAVAL TRAPPIST 40% AMMERLAND} => {_TELINA}",0.000136727436015158,0.4337899543379,0.000315192720919154,25.3492766647081,95
"{_PATRUNJEL RADACINA KG,CASCAVAL TRAPPIST 40% AMMERLAND} => {_MORCOVI}",0.000161194450881028,0.767123287671233,0.000210128480612769,22.3164977757793,112
"{_MORCOVI,CASCAVAL TRAPPIST 40% AMMERLAND} => {_PATRUNJEL RADACINA KG}",0.000161194450881028,0.511415525114155,0.000315192720919154,25.2424632557464,112
"{_NECTARINE,_PIERSICI} => {_BANANE}",0.000112260421149288,0.28158844765343,0.000398668418696829,3.65737571884143,78
"{_MERE GOLDEN,_PIERSICI} => {_BANANE}",0.000110821184980707,0.34070796460177,0.000325267374099218,4.4252420414777,77
"{_MERE ROSII,_PIERSICI} => {_BANANE}",0.000103625004137804,0.276923076923077,0.000374201403830959,3.59678014480146,72
"{_PATRUNJEL RADACINA KG,_PIERSICI} => {_MORCOVI}",0.000122335074329352,0.732758620689655,0.000166951395555351,21.3167901321906,85
"{_MORCOVI,_PIERSICI} => {_PATRUNJEL RADACINA KG}",0.000122335074329352,0.44973544973545,0.000272015635861735,22.1980561935808,85
"{BERE GOLDEN BRAU DOZA 500ML,WINSTON SUPERSLIMS SILVER} => {_BANANE}",0.000110821184980707,0.291666666666667,0.000379958348505281,3.78827538399227,77
"{_BANANE,WINSTON SUPERSLIMS SILVER} => {BERE GOLDEN BRAU DOZA 500ML}",0.000110821184980707,0.169977924944812,0.000651973984367017,18.7049211220589,77
"{_BANANE,BERE GOLDEN BRAU DOZA 500ML} => {WINSTON SUPERSLIMS SILVER}",0.000110821184980707,0.158110882956879,0.000700908014098757,18.9474813590752,77
"{_TELINA,WINSTON SUPERSLIMS SILVER} => {_PATRUNJEL RADACINA KG}",0.000136727436015158,0.608974358974359,0.000224520842298575,30.0577751851994,95
"{_PATRUNJEL RADACINA KG,WINSTON SUPERSLIMS SILVER} => {_TELINA}",0.000136727436015158,0.482233502538071,0.00028352952521038,28.1801603531526,95
"{_TELINA,WINSTON SUPERSLIMS SILVER} => {_MORCOVI}",0.000161194450881028,0.717948717948718,0.000224520842298575,20.8859530465627,112
"{_MORCOVI,WINSTON SUPERSLIMS SILVER} => {_TELINA}",0.000161194450881028,0.344615384615385,0.000467751754788699,20.1382043087274,112
"{PAINE DE CASA CU CARTOFI DOBOI KG,WINSTON SUPERSLIMS SILVER} => {APA MINERALA NATURALA CARBOGAZIFICATA CONTINUT REDUS CO2 TUSNAD 2L}",0.000110821184980707,0.242138364779874,0.000457677101608634,6.0387969722828,77
"{APA MINERALA NATURALA CARBOGAZIFICATA CONTINUT REDUS CO2 TUSNAD 2L,WINSTON SUPERSLIMS SILVER} => {PAINE DE CASA CU CARTOFI DOBOI KG}",0.000110821184980707,0.267361111111111,0.000414500016551216,7.98203822861017,77
"{_PATRUNJEL RADACINA KG,WINSTON SUPERSLIMS SILVER} => {_MORCOVI}",0.00023459549547864,0.82741116751269,0.00028352952521038,24.0703414642855,163
"{_MORCOVI,WINSTON SUPERSLIMS SILVER} => {_PATRUNJEL RADACINA KG}",0.00023459549547864,0.501538461538461,0.000467751754788699,24.7549508472631,163
"{_ROSII PRUNISOR,_TELINA} => {_MORCOVI}",0.000106503476474965,0.718446601941748,0.000148241325363803,20.900437063932,74
"{_MORCOVI,_ROSII PRUNISOR} => {_TELINA}",0.000106503476474965,0.324561403508772,0.000328145846436379,18.966314756614,74
"{_PATRUNJEL RADACINA KG,_ROSII PRUNISOR} => {_MORCOVI}",0.000149680561532384,0.787878787878788,0.000189979174252641,22.9202991225266,104
"{_MORCOVI,_ROSII PRUNISOR} => {_PATRUNJEL RADACINA KG}",0.000149680561532384,0.456140350877193,0.000328145846436379,22.5141895016008,104
"{_TELINA,PALL MALL BLUE} => {_MORCOVI}",0.000122335074329352,0.86734693877551,0.0001410451445209,25.2321189319808,85
"{_MORCOVI,PALL MALL BLUE} => {_TELINA}",0.000122335074329352,0.379464285714286,0.000322388901762057,22.1746609545837,85
"{_PATRUNJEL RADACINA KG,PALL MALL BLUE} => {_MORCOVI}",0.000172708340229673,0.902255639097744,0.000191418410421221,26.2476531304815,120
"{_MORCOVI,PALL MALL BLUE} => {_PATRUNJEL RADACINA KG}",0.000172708340229673,0.535714285714286,0.000322388901762057,26.4418022305889,120
"{APA MINERALA NATURALA CARBOGAZIFICATA CONTINUT REDUS CO2 TUSNAD 2L,PALL MALL BLUE} => {_BANANE}",0.000103625004137804,0.201117318435754,0.000515246548351859,2.61218669734184,72
"{_BANANE,PALL MALL BLUE} => {APA MINERALA NATURALA CARBOGAZIFICATA CONTINUT REDUS CO2 TUSNAD 2L}",0.000103625004137804,0.154175588865096,0.000672123290727145,3.84505396360819,72
"{_GULII,PULPE DE PUI INFERIOARE REFR.VRAC SZEKELY CSURKE} => {_PATRUNJEL RADACINA KG}",0.000100746531800643,0.598290598290598,0.000168390631723931,29.5304457959853,70
"{_PATRUNJEL RADACINA KG,PULPE DE PUI INFERIOARE REFR.VRAC SZEKELY CSURKE} => {_GULII}",0.000100746531800643,0.275590551181102,0.000365565986819475,33.9932358668197,70
"{_GULII,PULPE DE PUI INFERIOARE REFR.VRAC SZEKELY CSURKE} => {_MORCOVI}",0.000106503476474965,0.632478632478632,0.000168390631723931,18.399530064829,74
"{_MORCOVI,PULPE DE PUI INFERIOARE REFR.VRAC SZEKELY CSURKE} => {_GULII}",0.000106503476474965,0.183168316831683,0.000581451412106567,22.5932412076642,74
"{COTLET PORC FARA OS,PULPE DE PUI INFERIOARE REFR.VRAC SZEKELY CSURKE} => {CARNE TOCATA PORC VRAC}",0.000103625004137804,0.284584980237154,0.000364126750650895,5.81107190976336,72
"{CARNE TOCATA PORC VRAC,PULPE DE PUI INFERIOARE REFR.VRAC SZEKELY CSURKE} => {COTLET PORC FARA OS}",0.000103625004137804,0.135338345864662,0.000765673641684885,7.23178052028479,72
"{_TELINA,PULPE DE PUI INFERIOARE REFR.VRAC SZEKELY CSURKE} => {_PATRUNJEL RADACINA KG}",0.000223081606129995,0.679824561403509,0.000328145846436379,33.5548016610397,155
"{_PATRUNJEL RADACINA KG,PULPE DE PUI INFERIOARE REFR.VRAC SZEKELY CSURKE} => {_TELINA}",0.000223081606129995,0.610236220472441,0.000365565986819475,35.660223637941,155
"{_TELINA,PULPE DE PUI INFERIOARE REFR.VRAC SZEKELY CSURKE} => {_MORCOVI}",0.000237473967815801,0.723684210526316,0.000328145846436379,21.0528051150737,165
"{_MORCOVI,PULPE DE PUI INFERIOARE REFR.VRAC SZEKELY CSURKE} => {_TELINA}",0.000237473967815801,0.408415841584158,0.000581451412106567,23.8664958905478,165
"{_PATRUNJEL RADACINA KG,PULPE DE PUI INFERIOARE REFR.VRAC SZEKELY CSURKE} => {_MORCOVI}",0.00030511806773909,0.834645669291339,0.000365565986819475,24.2808014326462,212
"{_MORCOVI,PULPE DE PUI INFERIOARE REFR.VRAC SZEKELY CSURKE} => {_PATRUNJEL RADACINA KG}",0.00030511806773909,0.524752475247525,0.000581451412106567,25.9007488516132,212
"{_TELINA,PALL MALL S-LINE FLOW VIOLET/ROSE} => {_PATRUNJEL RADACINA KG}",0.000153998270038125,0.713333333333333,0.000215885425287092,35.2087286590419,107
"{_PATRUNJEL RADACINA KG,PALL MALL S-LINE FLOW VIOLET/ROSE} => {_TELINA}",0.000153998270038125,0.629411764705882,0.000244670148658704,36.7807801909662,107
"{_TELINA,PALL MALL S-LINE FLOW VIOLET/ROSE} => {_MORCOVI}",0.000171269104061093,0.793333333333333,0.000215885425287092,23.0789781164517,119
"{_MORCOVI,PALL MALL S-LINE FLOW VIOLET/ROSE} => {_TELINA}",0.000171269104061093,0.449056603773585,0.000381397584673862,26.2414100956885,119
"{_PATRUNJEL RADACINA KG,PALL MALL S-LINE FLOW VIOLET/ROSE} => {_MORCOVI}",0.000220203133792833,0.9,0.000244670148658704,26.1820339976553,153
"{_MORCOVI,PALL MALL S-LINE FLOW VIOLET/ROSE} => {_PATRUNJEL RADACINA KG}",0.000220203133792833,0.577358490566038,0.000381397584673862,28.4972781775705,153
"{_TELINA,GRASIME VEGETALA TARTINABILA CU 70% GRASIME RAMA 250G} => {_PATRUNJEL RADACINA KG}",0.000132409727509416,0.5,0.000264819455018832,24.6790154152163,92
"{_PATRUNJEL RADACINA KG,GRASIME VEGETALA TARTINABILA CU 70% GRASIME RAMA 250G} => {_TELINA}",0.000132409727509416,0.4,0.000331024318773541,23.3747014297729,92
"{_TELINA,GRASIME VEGETALA TARTINABILA CU 70% GRASIME RAMA 250G} => {_MORCOVI}",0.000151119797700964,0.570652173913043,0.000264819455018832,16.6009273535858,105
"{_MORCOVI,GRASIME VEGETALA TARTINABILA CU 70% GRASIME RAMA 250G} => {_TELINA}",0.000151119797700964,0.315315315315315,0.000479265644137343,18.4260033793255,105
"{_PATRUNJEL RADACINA KG,GRASIME VEGETALA TARTINABILA CU 70% GRASIME RAMA 250G} => {_MORCOVI}",0.000228838550804317,0.691304347826087,0.00033102431877354,20.110837708344,159
"{_MORCOVI,GRASIME VEGETALA TARTINABILA CU 70% GRASIME RAMA 250G} => {_PATRUNJEL RADACINA KG}",0.000228838550804317,0.477477477477477,0.000479265644137343,23.5673480541705,159
"{_TELINA,FRANZELA GRAHAM FELIATA HARMOPAN 400G} => {_PATRUNJEL RADACINA KG}",0.000116578129655029,0.570422535211268,0.000204371535938447,28.1549330793313,81
"{_PATRUNJEL RADACINA KG,FRANZELA GRAHAM FELIATA HARMOPAN 400G} => {_TELINA}",0.000116578129655029,0.452513966480447,0.000257623274175929,26.4434471482068,81
"{_TELINA,FRANZELA GRAHAM FELIATA HARMOPAN 400G} => {_MORCOVI}",0.000130970491340836,0.640845070422535,0.000204371535938447,18.6429193567029,91
"{_MORCOVI,FRANZELA GRAHAM FELIATA HARMOPAN 400G} => {_TELINA}",0.000130970491340836,0.305369127516779,0.000428892378237022,17.8447804539374,91
"{_PATRUNJEL RADACINA KG,FRANZELA GRAHAM FELIATA HARMOPAN 400G} => {_MORCOVI}",0.000201493063601286,0.782122905027933,0.000257623274175929,22.7528538775403,140
"{_MORCOVI,FRANZELA GRAHAM FELIATA HARMOPAN 400G} => {_PATRUNJEL RADACINA KG}",0.000201493063601286,0.469798657718121,0.000428892378237022,23.1883366317469,140
"{_PATRUNJEL RADACINA KG,SANA 3.6% FRISS 900G} => {_MORCOVI}",0.000161194450881028,0.835820895522388,0.000192857646589802,24.3149901139088,112
"{_MORCOVI,SANA 3.6% FRISS 900G} => {_PATRUNJEL RADACINA KG}",0.000161194450881028,0.464730290456432,0.000346855916627927,22.9381720041845,112
"{_CIUPERCI,_TELINA} => {_PATRUNJEL RADACINA KG}",0.000201493063601286,0.56,0.000359809042145153,27.6404972650423,140
"{_CIUPERCI,_PATRUNJEL RADACINA KG} => {_TELINA}",0.000201493063601286,0.588235294117647,0.000342538208122185,34.3745609261366,140
"{_CIUPERCI,_TELINA} => {_MORCOVI}",0.000237473967815801,0.66,0.000359809042145153,19.2001582649472,165
"{_CIUPERCI,_MORCOVI} => {_TELINA}",0.000237473967815801,0.400485436893204,0.000592965301455212,23.403068785877,165
"{_CIUPERCI,_PATRUNJEL RADACINA KG} => {_MORCOVI}",0.000266258691187413,0.777310924369748,0.000342538208122185,22.6128678317752,185
"{_CIUPERCI,_MORCOVI} => {_PATRUNJEL RADACINA KG}",0.000266258691187413,0.449029126213592,0.000592965301455212,22.1631934554127,185
"{_TELINA,GOBE 20 OUA PROASPETE M DIN GHEORGHENI} => {_PATRUNJEL RADACINA KG}",0.000166951395555351,0.627027027027027,0.000266258691187413,30.9488193315145,116
"{_PATRUNJEL RADACINA KG,GOBE 20 OUA PROASPETE M DIN GHEORGHENI} => {_TELINA}",0.000166951395555351,0.517857142857143,0.000322388901762057,30.2618902439024,116
"{_TELINA,GOBE 20 OUA PROASPETE M DIN GHEORGHENI} => {_MORCOVI}",0.000198614591264124,0.745945945945946,0.000266258691187413,21.7004245746332,138
"{_MORCOVI,GOBE 20 OUA PROASPETE M DIN GHEORGHENI} => {_TELINA}",0.000198614591264124,0.394285714285714,0.000503732659003214,23.0407771236333,138
"{_PATRUNJEL RADACINA KG,GOBE 20 OUA PROASPETE M DIN GHEORGHENI} => {_MORCOVI}",0.000257623274175929,0.799107142857143,0.000322388901762057,23.2469448689499,179
"{_MORCOVI,GOBE 20 OUA PROASPETE M DIN GHEORGHENI} => {_PATRUNJEL RADACINA KG}",0.000257623274175929,0.511428571428571,0.000503732659003214,25.2431071961355,179
"{GOBE 20 OUA PROASPETE M DIN GHEORGHENI,PAINE CU CARTOFI FELII BACHUS 1.2 KG} => {_BANANE}",0.000107942712643546,0.156576200417537,0.000689394124750113,2.03367005403701,75
"{_BANANE,GOBE 20 OUA PROASPETE M DIN GHEORGHENI} => {PAINE CU CARTOFI FELII BACHUS 1.2 KG}",0.000107942712643546,0.165198237885463,0.000653413220535597,2.69529618325064,75
"{_TELINA,PAINE DE CASA PE FOI DE VARZA RIP-ROP 1KG} => {_PATRUNJEL RADACINA KG}",0.000129531255172255,0.692307692307692,0.000187100701915479,34.1709444210687,90
"{_PATRUNJEL RADACINA KG,PAINE DE CASA PE FOI DE VARZA RIP-ROP 1KG} => {_TELINA}",0.000129531255172255,0.608108108108108,0.00021300695294993,35.5358636601278,90
"{_TELINA,PAINE DE CASA PE FOI DE VARZA RIP-ROP 1KG} => {_MORCOVI}",0.000132409727509416,0.707692307692308,0.000187100701915479,20.5875822887546,92
"{_MORCOVI,PAINE DE CASA PE FOI DE VARZA RIP-ROP 1KG} => {_TELINA}",0.000132409727509416,0.365079365079365,0.000362687514482314,21.3340528922531,92
"{_PATRUNJEL RADACINA KG,PAINE DE CASA PE FOI DE VARZA RIP-ROP 1KG} => {_MORCOVI}",0.00016407292321819,0.77027027027027,0.00021300695294993,22.4080471151104,114
"{_MORCOVI,PAINE DE CASA PE FOI DE VARZA RIP-ROP 1KG} => {_PATRUNJEL RADACINA KG}",0.00016407292321819,0.452380952380952,0.000362687514482314,22.3286329947195,114
"{_PATRUNJEL RADACINA KG,BRANZA TOPITA CU SMANTANA GORDON 125G} => {_MORCOVI}",0.000119456601992191,0.821782178217822,0.000145362853026642,23.9065876986292,83
"{_MORCOVI,BRANZA TOPITA CU SMANTANA GORDON 125G} => {_PATRUNJEL RADACINA KG}",0.000119456601992191,0.423469387755102,0.0002820902890418,20.9016150965608,83
"{_ROSII VRAC,PAINE ALBA CU FAINA DE SECARA BRUTARIA SANDOR 500G} => {_MERE ROSII}",0.000125213546666513,0.327067669172932,0.000382836820842443,15.4392872084416,87
"{_MERE ROSII,PAINE ALBA CU FAINA DE SECARA BRUTARIA SANDOR 500G} => {_ROSII VRAC}",0.000125213546666513,0.218592964824121,0.000572815995095083,11.3209029269784,87
"{_MERE ROSII,_ROSII VRAC} => {PAINE ALBA CU FAINA DE SECARA BRUTARIA SANDOR 500G}",0.000125213546666513,0.128698224852071,0.000972923649960493,17.1798654570878,87
"{_ROSII VRAC,PAINE ALBA CU FAINA DE SECARA BRUTARIA SANDOR 500G} => {_ARDEI ROSU CAPIA}",0.000102185767969223,0.266917293233083,0.000382836820842442,11.6442271151603,71
"{_ARDEI ROSU CAPIA,PAINE ALBA CU FAINA DE SECARA BRUTARIA SANDOR 500G} => {_ROSII VRAC}",0.000102185767969223,0.180661577608142,0.00056561981425218,9.35644101987525,71
"{_MERE ROSII,PAINE ALBA CU FAINA DE SECARA BRUTARIA SANDOR 500G} => {_ARDEI ROSU CAPIA}",0.000113699657317868,0.198492462311558,0.000572815995095083,8.65920406957245,79
"{_ARDEI ROSU CAPIA,PAINE ALBA CU FAINA DE SECARA BRUTARIA SANDOR 500G} => {_MERE ROSII}",0.000113699657317868,0.201017811704835,0.00056561981425218,9.48908137808759,79
"{_TELINA,PAINE ALBA CU FAINA DE SECARA BRUTARIA SANDOR 500G} => {_MORCOVI}",0.000106503476474965,0.616666666666667,0.000172708340229673,17.9395418132083,74
"{_MORCOVI,PAINE ALBA CU FAINA DE SECARA BRUTARIA SANDOR 500G} => {_TELINA}",0.000106503476474965,0.291338582677165,0.000365565986819475,17.0248809626299,74
"{_PATRUNJEL RADACINA KG,PAINE ALBA CU FAINA DE SECARA BRUTARIA SANDOR 500G} => {_MORCOVI}",0.00018853993808406,0.823899371069182,0.000228838550804317,23.9681792710891,131
"{_MORCOVI,PAINE ALBA CU FAINA DE SECARA BRUTARIA SANDOR 500G} => {_PATRUNJEL RADACINA KG}",0.00018853993808406,0.515748031496063,0.000365565986819475,25.4563072393176,131
"{_MANDARINE^2 A nu se consuma coaja,_PORTOCALE^2 A nu se consuma coaja} => {_BANANE}",0.00011801736582361,0.424870466321244,0.000277772580536058,5.51837598497172,82
"{_CLEMENTINA^2 A nu se consuma coaja,_PORTOCALE^2 A nu se consuma coaja} => {_BANANE}",0.000100746531800643,0.378378378378378,0.000266258691187413,4.91451941707106,70
"{_MERE GOLDEN,_PORTOCALE^2 A nu se consuma coaja} => {_BANANE}",0.000172708340229673,0.476190476190476,0.000362687514482314,6.18493940243636,120
"{_PORTOCALE^2 A nu se consuma coaja,DANONE ACTIVIA NATUR 125G} => {_BANANE}",0.000126652782835094,0.546583850931677,0.000231717023141478,7.09923479236174,88
"{_MERE ROSII,_PORTOCALE^2 A nu se consuma coaja} => {_BANANE}",0.000276333344367477,0.507936507936508,0.000544031271723471,6.59726869593212,192
"{_BANANE,_PORTOCALE^2 A nu se consuma coaja} => {_MERE ROSII}",0.000276333344367477,0.129205921938089,0.00213870494651079,6.09918841222701,192
"{_PORTOCALE^2 A nu se consuma coaja,_TELINA} => {_PATRUNJEL RADACINA KG}",0.000129531255172255,0.633802816901408,0.000204371535938447,31.2832589770348,90
"{_PATRUNJEL RADACINA KG,_PORTOCALE^2 A nu se consuma coaja} => {_TELINA}",0.000129531255172255,0.548780487804878,0.00023603473164722,32.0689501323104,90
"{_PORTOCALE^2 A nu se consuma coaja,_TELINA} => {_MORCOVI}",0.000138166672183739,0.676056338028169,0.000204371535938447,19.6672555850932,96
"{_MORCOVI,_PORTOCALE^2 A nu se consuma coaja} => {_TELINA}",0.000138166672183739,0.384,0.000359809042145153,22.439713372582,96
"{_LAMAIE^2 A nu se consuma coaja,_PORTOCALE^2 A nu se consuma coaja} => {_BANANE}",0.0002820902890418,0.388888888888889,0.000725375028964628,5.05103384532303,196
"{_BANANE,_PORTOCALE^2 A nu se consuma coaja} => {_LAMAIE^2 A nu se consuma coaja}",0.0002820902890418,0.131897711978466,0.00213870494651079,6.68058353644071,196
"{_PATRUNJEL RADACINA KG,_PORTOCALE^2 A nu se consuma coaja} => {_MORCOVI}",0.000181343757241157,0.768292682926829,0.00023603473164722,22.3505168272667,126
"{_MORCOVI,_PORTOCALE^2 A nu se consuma coaja} => {_PATRUNJEL RADACINA KG}",0.000181343757241157,0.504,0.000359809042145153,24.876447538538,126
"{_ARDEI ROSU CAPIA,_PORTOCALE^2 A nu se consuma coaja} => {_BANANE}",0.00016551215938677,0.400696864111498,0.000413060780382635,5.20440022887938,115
"{_MORCOVI,_PORTOCALE^2 A nu se consuma coaja} => {_BANANE}",0.000132409727509416,0.368,0.000359809042145153,4.77972117020282,92
"{_PORTOCALE^2 A nu se consuma coaja,PAINE CU CARTOFI FELII BACHUS 1.2 KG} => {_BANANE}",0.000168390631723931,0.384868421052632,0.000437527795248506,4.99881451045597,117
"{_NECTARINE,_STRUGURI ALBI} => {_BANANE}",0.00011801736582361,0.403940886699507,0.000292164942221864,5.24653480344602,82
"{_MERE GOLDEN,_NECTARINE} => {_BANANE}",0.000132409727509416,0.375510204081633,0.00035261286130225,4.87726650020696,92
"{_MERE ROSII,_NECTARINE} => {_BANANE}",0.000171269104061093,0.417543859649123,0.000410182308045474,5.42321528655736,119
"{_NECTARINE,_PATRUNJEL RADACINA KG} => {_MORCOVI}",0.000112260421149288,0.787878787878788,0.00014248438068948,22.9202991225266,78
"{_MORCOVI,_NECTARINE} => {_PATRUNJEL RADACINA KG}",0.000112260421149288,0.450867052023121,0.000248987857164446,22.2539098541835,78
"{_NECTARINE,APA MINERALA NATURALA CARBOGAZIFICATA CONTINUT REDUS CO2 TUSNAD 2L} => {_BANANE}",0.000107942712643546,0.3125,0.000345416680459347,4.05886648284886,75
"{_NECTARINE,PAINE CU CARTOFI FELII BACHUS 1.2 KG} => {_BANANE}",0.000152559033869545,0.318318318318318,0.000479265644137343,4.13443696991692,106
"{_PATRUNJEL RADACINA KG,CREMA DE UNT CU SMANTANA GORDON 125G} => {_MORCOVI}",0.000119456601992191,0.798076923076923,0.000149680561532384,23.216974591938,83
"{_MORCOVI,CREMA DE UNT CU SMANTANA GORDON 125G} => {_PATRUNJEL RADACINA KG}",0.000119456601992191,0.485380116959064,0.000246109384827284,23.9574067773445,83
"{_TELINA,SALAM DE PORC GASTRO CAROLI} => {_PATRUNJEL RADACINA KG}",0.000116578129655029,0.637795275590551,0.000182782993409738,31.4803188761027,81
"{_PATRUNJEL RADACINA KG,SALAM DE PORC GASTRO CAROLI} => {_TELINA}",0.000116578129655029,0.52258064516129,0.000223081606129995,30.5379163840582,81
"{_TELINA,SALAM DE PORC GASTRO CAROLI} => {_MORCOVI}",0.000113699657317868,0.622047244094488,0.000182782993409738,18.0960689922552,79
"{_MORCOVI,SALAM DE PORC GASTRO CAROLI} => {_TELINA}",0.000113699657317868,0.357466063348416,0.000318071193256315,20.8891562551138,79
"{_PATRUNJEL RADACINA KG,SALAM DE PORC GASTRO CAROLI} => {_MORCOVI}",0.000156876742375287,0.703225806451613,0.000223081606129995,20.4576466361608,109
"{_MORCOVI,SALAM DE PORC GASTRO CAROLI} => {_PATRUNJEL RADACINA KG}",0.000156876742375287,0.493212669683258,0.000318071193256315,24.3440061561862,109
"{APA MINERALA NATURALA CARBOGAZOASA PERLA HARGHITEI  2L,BRANZOAICA PANIPROD 120G} => {PAINE CU CARTOFI FELII BACHUS 1.2 KG}",0.000110821184980707,0.229850746268657,0.000482144116474505,3.75013587956521,77
"{BRANZOAICA PANIPROD 120G,PAINE CU CARTOFI FELII BACHUS 1.2 KG} => {APA MINERALA NATURALA CARBOGAZOASA PERLA HARGHITEI  2L}",0.000110821184980707,0.175398633257403,0.000631824678006888,10.8598512359184,77
"{_PATRUNJEL RADACINA KG,BRANZOAICA PANIPROD 120G} => {_MORCOVI}",0.000105064240306385,0.651785714285714,0.000161194450881028,18.9611952562385,73
"{_MORCOVI,BRANZOAICA PANIPROD 120G} => {_PATRUNJEL RADACINA KG}",0.000105064240306385,0.382198952879581,0.000274894108198897,18.8645876995894,73
"{BRANZOAICA PANIPROD 120G,PAINE CU CARTOFI FELII BACHUS 1.2 KG} => {_BANANE}",0.000103625004137804,0.164009111617312,0.000631824678006888,2.13021147528104,72
"{_BANANE,BRANZOAICA PANIPROD 120G} => {PAINE CU CARTOFI FELII BACHUS 1.2 KG}",0.000103625004137804,0.102272727272727,0.00101322226268075,1.6686333643579,72
"{COTLET PORC FARA OS,MUSTAR DE MASA LA MINUT 300G} => {CARNE TOCATA PORC VRAC}",0.000115138893486449,0.386473429951691,0.000297921886896186,7.89157913671567,80
"{CARNE TOCATA PORC VRAC,MUSTAR DE MASA LA MINUT 300G} => {COTLET PORC FARA OS}",0.000115138893486449,0.18957345971564,0.000607357663141018,10.1298242148276,80
"{_TELINA,MUSTAR DE MASA LA MINUT 300G} => {_PATRUNJEL RADACINA KG}",0.000112260421149288,0.573529411764706,0.000195736118926963,28.3082823880422,78
"{_PATRUNJEL RADACINA KG,MUSTAR DE MASA LA MINUT 300G} => {_TELINA}",0.000112260421149288,0.478527607361963,0.00023459549547864,27.9635998699737,78
"{_TELINA,MUSTAR DE MASA LA MINUT 300G} => {_MORCOVI}",0.000132409727509416,0.676470588235294,0.000195736118926963,19.6793065995449,92
"{_MORCOVI,MUSTAR DE MASA LA MINUT 300G} => {_TELINA}",0.000132409727509416,0.348484848484849,0.000379958348505281,20.3643232153325,92
"{_PATRUNJEL RADACINA KG,MUSTAR DE MASA LA MINUT 300G} => {_MORCOVI}",0.000175586812566835,0.748466257668712,0.00023459549547864,21.7737433382001,122
"{_MORCOVI,MUSTAR DE MASA LA MINUT 300G} => {_PATRUNJEL RADACINA KG}",0.000175586812566835,0.462121212121212,0.000379958348505281,22.8093930352757,122
"{_GULII,PULPE DE PUI SUPERIOARE REFR.VRAC SZEKELY CSURKE} => {_MORCOVI}",0.000105064240306385,0.640350877192982,0.00016407292321819,18.6285427078834,73
"{_MORCOVI,PULPE DE PUI SUPERIOARE REFR.VRAC SZEKELY CSURKE} => {_GULII}",0.000105064240306385,0.140384615384615,0.000748402807661918,17.3160049297409,73
"{PULPE DE PUI SUPERIOARE REFR.VRAC SZEKELY CSURKE,PULPE PORC FARA OS} => {CARNE TOCATA PORC VRAC}",0.000113699657317868,0.398989898989899,0.000284968761378961,8.14715868830249,79
"{CARNE TOCATA PORC VRAC,PULPE DE PUI SUPERIOARE REFR.VRAC SZEKELY CSURKE} => {PULPE PORC FARA OS}",0.000113699657317868,0.115328467153285,0.000985876775477719,8.24315587369357,79
"{PIEPT DE PUI FARA OS REFR.VRAC SZEKELY CSURKE,PULPE DE PUI SUPERIOARE REFR.VRAC SZEKELY CSURKE} => {CARNE TOCATA PORC VRAC}",0.000103625004137804,0.18848167539267,0.000549788216397793,3.84869422295845,72
"{CARNE TOCATA PORC VRAC,PULPE DE PUI SUPERIOARE REFR.VRAC SZEKELY CSURKE} => {PIEPT DE PUI FARA OS REFR.VRAC SZEKELY CSURKE}",0.000103625004137804,0.105109489051095,0.000985876775477718,5.93703271409303,72
"{COTLET PORC FARA OS,PULPE DE PUI SUPERIOARE REFR.VRAC SZEKELY CSURKE} => {CARNE TOCATA PORC VRAC}",0.000112260421149288,0.3,0.000374201403830959,6.12583830487554,78
"{CARNE TOCATA PORC VRAC,PULPE DE PUI SUPERIOARE REFR.VRAC SZEKELY CSURKE} => {COTLET PORC FARA OS}",0.000112260421149288,0.113868613138686,0.000985876775477718,6.08454915794278,78
"{_CEAPA GALBENA,PULPE DE PUI SUPERIOARE REFR.VRAC SZEKELY CSURKE} => {_MORCOVI}",0.000105064240306385,0.28968253968254,0.000362687514482314,8.42719789166155,73
"{_MORCOVI,PULPE DE PUI SUPERIOARE REFR.VRAC SZEKELY CSURKE} => {_CEAPA GALBENA}",0.000105064240306385,0.140384615384615,0.000748402807661918,7.97229716135928,73
"{_TELINA,PULPE DE PUI SUPERIOARE REFR.VRAC SZEKELY CSURKE} => {_PATRUNJEL RADACINA KG}",0.000292164942221864,0.665573770491803,0.000438967031417086,32.8514106838617,203
"{_PATRUNJEL RADACINA KG,PULPE DE PUI SUPERIOARE REFR.VRAC SZEKELY CSURKE} => {_TELINA}",0.000292164942221864,0.636363636363636,0.000459116337777215,37.1870250019115,203
"{_TELINA,PULPE DE PUI SUPERIOARE REFR.VRAC SZEKELY CSURKE} => {_MORCOVI}",0.000300800359233348,0.685245901639344,0.000438967031417086,19.9345905483059,209
"{_MORCOVI,PULPE DE PUI SUPERIOARE REFR.VRAC SZEKELY CSURKE} => {_TELINA}",0.000300800359233348,0.401923076923077,0.000748402807661918,23.4870798020314,209
"{_PATRUNJEL RADACINA KG,PULPE DE PUI SUPERIOARE REFR.VRAC SZEKELY CSURKE} => {_MORCOVI}",0.000375640639999539,0.818181818181818,0.000459116337777215,23.8018490887776,261
"{_MORCOVI,PULPE DE PUI SUPERIOARE REFR.VRAC SZEKELY CSURKE} => {_PATRUNJEL RADACINA KG}",0.000375640639999539,0.501923076923077,0.000748402807661918,24.7739347052748,261
"{_MORCOVI,PULPE DE PUI SUPERIOARE REFR.VRAC SZEKELY CSURKE} => {CARNE TOCATA PORC VRAC}",0.000103625004137804,0.138461538461538,0.000748402807661918,2.82730998686563,72
"{CARNE TOCATA PORC VRAC,PULPE DE PUI SUPERIOARE REFR.VRAC SZEKELY CSURKE} => {_MORCOVI}",0.000103625004137804,0.105109489051095,0.000985876775477718,3.05775579534661,72
"{_MORCOVI,PULPE DE PUI SUPERIOARE REFR.VRAC SZEKELY CSURKE} => {_BANANE}",0.000110821184980707,0.148076923076923,0.000748402807661918,1.923278271873,77
"{_BANANE,PULPE DE PUI SUPERIOARE REFR.VRAC SZEKELY CSURKE} => {_MORCOVI}",0.000110821184980707,0.161764705882353,0.000685076416244371,4.70592114336942,77
"{_PATRUNJEL RADACINA KG,BERE GOLDEN BRAU DOZA 500ML} => {_MORCOVI}",0.000168390631723931,0.854014598540146,0.000197175355095544,24.8442658371912,117
"{_MORCOVI,BERE GOLDEN BRAU DOZA 500ML} => {_PATRUNJEL RADACINA KG}",0.000168390631723931,0.477551020408163,0.00035261286130225,23.5709779884107,117
"{MERKUR SACOSA ECO RECICLABILA,PULPE PUI CU SPATE REFR.VRAC SZEKELY CSURKE} => {CARNE TOCATA PORC VRAC}",0.000128092019003674,0.505681818181818,0.000253305565670188,10.325750172991,89
"{CARNE TOCATA PORC VRAC,MERKUR SACOSA ECO RECICLABILA} => {PULPE PUI CU SPATE REFR.VRAC SZEKELY CSURKE}",0.000128092019003674,0.160071942446043,0.00080021530973082,12.1631743817544,89
"{MERKUR SACOSA ECO RECICLABILA,PULPE PORC FARA OS} => {COTLET PORC FARA OS}",0.000113699657317868,0.306201550387597,0.000371322931493798,16.361825565597,79
"{COTLET PORC FARA OS,MERKUR SACOSA ECO RECICLABILA} => {PULPE PORC FARA OS}",0.000113699657317868,0.251592356687898,0.000451920156934312,17.9826808072614,79
"{MERKUR SACOSA ECO RECICLABILA,PULPE PORC FARA OS} => {CARNE TOCATA PORC VRAC}",0.00016407292321819,0.441860465116279,0.000371322931493798,9.02255254206475,114
"{CARNE TOCATA PORC VRAC,MERKUR SACOSA ECO RECICLABILA} => {PULPE PORC FARA OS}",0.00016407292321819,0.205035971223022,0.00080021530973082,14.655041484763,114
"{COTLET PORC FARA OS,MERKUR SACOSA ECO RECICLABILA} => {CARNE TOCATA PORC VRAC}",0.000207250008275608,0.45859872611465,0.000451920156934312,9.36433881000083,144
"{CARNE TOCATA PORC VRAC,MERKUR SACOSA ECO RECICLABILA} => {COTLET PORC FARA OS}",0.000207250008275608,0.258992805755396,0.00080021530973082,13.8392346647177,144
"{_TELINA,MERKUR SACOSA ECO RECICLABILA} => {_MORCOVI}",0.000103625004137804,0.75,0.000138166672183739,21.8183616647128,72
"{_MORCOVI,MERKUR SACOSA ECO RECICLABILA} => {_TELINA}",0.000103625004137804,0.4,0.00025906251034451,23.3747014297729,72
"{_PATRUNJEL RADACINA KG,MERKUR SACOSA ECO RECICLABILA} => {_MORCOVI}",0.000123774310497933,0.781818181818182,0.000158315978543867,22.7439891292764,86
"{_MORCOVI,MERKUR SACOSA ECO RECICLABILA} => {_PATRUNJEL RADACINA KG}",0.000123774310497933,0.477777777777778,0.00025906251034451,23.5821702856511,86
"{DANONE ACTIVIA NATUR 125G,SZEKELYHON} => {_BANANE}",0.000174147576398254,0.376947040498442,0.000461994810114376,4.89592866716224,121
"{_BANANE,SZEKELYHON} => {DANONE ACTIVIA NATUR 125G}",0.000174147576398254,0.17820324005891,0.000977241358466235,14.0399056395341,121
"{_TELINA,SZEKELYHON} => {_PATRUNJEL RADACINA KG}",0.00014248438068948,0.582352941176471,0.000244670148658704,28.7437944247814,99
"{_PATRUNJEL RADACINA KG,SZEKELYHON} => {_TELINA}",0.00014248438068948,0.568965517241379,0.000250427093333026,33.2484977233839,99
"{_TELINA,SZEKELYHON} => {_MORCOVI}",0.000135288199846577,0.552941176470588,0.000244670148658704,16.0856940900628,94
"{_MORCOVI,SZEKELYHON} => {_TELINA}",0.000135288199846577,0.406926406926407,0.000332463554942121,23.7794581644876,94
"{_PATRUNJEL RADACINA KG,SZEKELYHON} => {_MORCOVI}",0.000191418410421221,0.764367816091954,0.000250427093333026,22.2363379418146,133
"{_MORCOVI,SZEKELYHON} => {_PATRUNJEL RADACINA KG}",0.000191418410421221,0.575757575757576,0.000332463554942121,28.4182601750976,133
"{_TELINA,DR.OETKER ZAHAR VANILINAT 8G} => {_PATRUNJEL RADACINA KG}",0.00016551215938677,0.577889447236181,0.000286407997547542,28.5234851532651,115
"{_PATRUNJEL RADACINA KG,DR.OETKER ZAHAR VANILINAT 8G} => {_TELINA}",0.00016551215938677,0.513392857142857,0.000322388901762057,30.0010118797309,115
"{_TELINA,DR.OETKER ZAHAR VANILINAT 8G} => {_MORCOVI}",0.000171269104061093,0.597989949748744,0.000286407997547542,17.396214660642,119
"{_MORCOVI,DR.OETKER ZAHAR VANILINAT 8G} => {_TELINA}",0.000171269104061093,0.36280487804878,0.00047206946329444,21.2011392541385,119
"{_LAMAIE^2 A nu se consuma coaja,DR.OETKER ZAHAR VANILINAT 8G} => {_BANANE}",0.000128092019003674,0.22029702970297,0.000581451412106567,2.86129993642415,89
"{_BANANE,DR.OETKER ZAHAR VANILINAT 8G} => {_LAMAIE^2 A nu se consuma coaja}",0.000128092019003674,0.18895966029724,0.000677880235401468,9.57075582811679,89
"{_PATRUNJEL RADACINA KG,DR.OETKER ZAHAR VANILINAT 8G} => {_MORCOVI}",0.00023603473164722,0.732142857142857,0.000322388901762057,21.298876863172,164
"{_MORCOVI,DR.OETKER ZAHAR VANILINAT 8G} => {_PATRUNJEL RADACINA KG}",0.00023603473164722,0.5,0.00047206946329444,24.6790154152163,164
"{_MERE GOLDEN,_STRUGURI ALBI} => {_BANANE}",0.000162633687049609,0.437984496124031,0.000371322931493798,5.68870589224089,113
"{_MERE ROSII,_STRUGURI ALBI} => {_BANANE}",0.000184222229578318,0.418300653594771,0.000440406267585667,5.43304480841469,128
"{_STRUGURI ALBI,_TELINA} => {_PATRUNJEL RADACINA KG}",0.000149680561532384,0.670967741935484,0.000223081606129995,33.1176464926774,104
"{_PATRUNJEL RADACINA KG,_STRUGURI ALBI} => {_TELINA}",0.000149680561532384,0.536082474226804,0.000279211816704639,31.3269194419637,104
"{_STRUGURI ALBI,_TELINA} => {_MORCOVI}",0.000158315978543867,0.709677419354839,0.000223081606129995,20.6453314676852,110
"{_MORCOVI,_STRUGURI ALBI} => {_TELINA}",0.000158315978543867,0.39568345323741,0.00040010765486541,23.1224564503149,110
"{_LAMAIE^2 A nu se consuma coaja,_STRUGURI ALBI} => {_BANANE}",0.000102185767969223,0.314159292035398,0.000325267374099218,4.08041798629762,71
"{_PATRUNJEL RADACINA KG,_STRUGURI ALBI} => {_MORCOVI}",0.000228838550804317,0.819587628865979,0.000279211816704639,23.8427457366964,159
"{_MORCOVI,_STRUGURI ALBI} => {_PATRUNJEL RADACINA KG}",0.000228838550804317,0.571942446043165,0.00040010765486541,28.2299528850316,159
"{_ARDEI ROSU CAPIA,_STRUGURI ALBI} => {_BANANE}",0.000125213546666513,0.33206106870229,0.00037707987616812,4.31293293444704,87
"{_STRUGURI ALBI,PAINE CU CARTOFI FELII BACHUS 1.2 KG} => {_BANANE}",0.000195736118926963,0.282157676348548,0.000693711833255854,3.66476907331084,136
"{_BANANE,_STRUGURI ALBI} => {PAINE CU CARTOFI FELII BACHUS 1.2 KG}",0.000195736118926963,0.105754276827372,0.00185085771279467,1.72543667743523,136
"{_TELINA,OTET BISTRITA 1L} => {_MORCOVI}",0.000113699657317868,0.622047244094488,0.000182782993409738,18.0960689922552,79
"{_MORCOVI,OTET BISTRITA 1L} => {_TELINA}",0.000113699657317868,0.254019292604502,0.00044760244842857,14.8440628050809,79
"{_PATRUNJEL RADACINA KG,OTET BISTRITA 1L} => {_MORCOVI}",0.00016551215938677,0.705521472392638,0.00023459549547864,20.5244301958443,115
"{_MORCOVI,OTET BISTRITA 1L} => {_PATRUNJEL RADACINA KG}",0.00016551215938677,0.369774919614148,0.00044760244842857,18.2513618826359,115
"{_CEAPA VERDE LEGATURA,_ROSII CHERRY CASEROLA 500G} => {_RIDICHI ROSU LEGATURA}",0.000133848963677997,0.447115384615385,0.000299361123064767,46.6739155244545,93
"{_RIDICHI ROSU LEGATURA,_ROSII CHERRY CASEROLA 500G} => {_CEAPA VERDE LEGATURA}",0.000133848963677997,0.229064039408867,0.000584329884443728,29.5445837040641,93
"{_CASTRAVETI FABIO,_ROSII CHERRY CASEROLA 500G} => {_ARDEI ROSU CAPIA}",0.000185661465746899,0.261133603238866,0.000710982667278822,11.391914501614,129
"{_ARDEI ROSU CAPIA,_ROSII CHERRY CASEROLA 500G} => {_CASTRAVETI FABIO}",0.000185661465746899,0.200622083981337,0.000925428856397333,25.0755229424942,129
"{_ARDEI ROSU CAPIA,_CASTRAVETI FABIO} => {_ROSII CHERRY CASEROLA 500G}",0.000185661465746899,0.132989690721649,0.00139605908352319,23.8213369371955,129
"{_CASTRAVETI FABIO,_ROSII CHERRY CASEROLA 500G} => {_BANANE}",0.000159755214712448,0.224696356275304,0.000710982667278822,2.91844002977311,111
"{_BANANE,_ROSII CHERRY CASEROLA 500G} => {_CASTRAVETI FABIO}",0.000159755214712448,0.139447236180905,0.00114563199019017,17.4293492557228,111
"{_BANANE,_CASTRAVETI FABIO} => {_ROSII CHERRY CASEROLA 500G}",0.000159755214712448,0.111895161290323,0.00142772227923197,20.0428493688097,111
"{_RIDICHI ROSU LEGATURA,_ROSII CHERRY CASEROLA 500G} => {_CASTRAVETI CORNISON}",0.000107942712643546,0.184729064039409,0.000584329884443728,11.0610268159612,75
"{_CASTRAVETI CORNISON,_ROSII CHERRY CASEROLA 500G} => {_RIDICHI ROSU LEGATURA}",0.000107942712643546,0.167785234899329,0.000643338567355533,17.5149282476123,75
"{_CASTRAVETI CORNISON,_RIDICHI ROSU LEGATURA} => {_ROSII CHERRY CASEROLA 500G}",0.000107942712643546,0.113636363636364,0.000949895871263203,20.3547364597249,75
"{_RIDICHI ROSU LEGATURA,_ROSII CHERRY CASEROLA 500G} => {_ARDEI ROSU CAPIA}",0.000120895838160771,0.206896551724138,0.000584329884443728,9.02583121699651,84
"{_ARDEI ROSU CAPIA,_ROSII CHERRY CASEROLA 500G} => {_RIDICHI ROSU LEGATURA}",0.000120895838160771,0.130637636080871,0.000925428856397333,13.6371285814691,84
"{_ARDEI ROSU CAPIA,_RIDICHI ROSU LEGATURA} => {_ROSII CHERRY CASEROLA 500G}",0.000120895838160771,0.123348017621145,0.000980119830803396,22.0943042452696,84
"{_RIDICHI ROSU LEGATURA,_ROSII CHERRY CASEROLA 500G} => {_BANANE}",0.000149680561532384,0.25615763546798,0.000584329884443728,3.32707085096577,104
"{_BANANE,_ROSII CHERRY CASEROLA 500G} => {_RIDICHI ROSU LEGATURA}",0.000149680561532384,0.130653266331658,0.00114563199019017,13.6387602072864,104
"{_ARDEI ALB BIANCA,_ROSII CHERRY CASEROLA 500G} => {_ARDEI ROSU CAPIA}",0.000100746531800643,0.309734513274336,0.000325267374099218,13.5121219546482,70
"{_ARDEI ROSU CAPIA,_ROSII CHERRY CASEROLA 500G} => {_ARDEI ALB BIANCA}",0.000100746531800643,0.108864696734059,0.000925428856397333,10.839869093133,70
"{_CASTRAVETI CORNISON,_ROSII CHERRY CASEROLA 500G} => {_ARDEI ROSU CAPIA}",0.000162633687049609,0.252796420581655,0.000643338567355533,11.0282061514159,113
"{_ARDEI ROSU CAPIA,_ROSII CHERRY CASEROLA 500G} => {_CASTRAVETI CORNISON}",0.000162633687049609,0.175738724727838,0.000925428856397333,10.5227120427718,113
"{_CASTRAVETI CORNISON,_ROSII CHERRY CASEROLA 500G} => {_BANANE}",0.000156876742375287,0.243847874720358,0.000643338567355533,3.16718708997245,109
"{_BANANE,_ROSII CHERRY CASEROLA 500G} => {_CASTRAVETI CORNISON}",0.000156876742375287,0.136934673366834,0.00114563199019017,8.19924088297399,109
"{_MERE ROSII,_ROSII CHERRY CASEROLA 500G} => {_BANANE}",0.000106503476474965,0.355769230769231,0.000299361123064767,4.62086338047409,74
"{_ROSII CHERRY CASEROLA 500G,_TELINA} => {_PATRUNJEL RADACINA KG}",0.00018853993808406,0.661616161616162,0.000284968761378961,32.656070902963,131
"{_PATRUNJEL RADACINA KG,_ROSII CHERRY CASEROLA 500G} => {_TELINA}",0.00018853993808406,0.600917431192661,0.000313753484750573,35.1156638451864,131
"{_ROSII CHERRY CASEROLA 500G,_TELINA} => {_MORCOVI}",0.000205810772107027,0.722222222222222,0.000284968761378961,21.0102741956493,143
"{_MORCOVI,_ROSII CHERRY CASEROLA 500G} => {_TELINA}",0.000205810772107027,0.405099150141643,0.000508050367508956,23.6726792100391,143
"{_LAMAIE^2 A nu se consuma coaja,_ROSII CHERRY CASEROLA 500G} => {_BANANE}",0.000107942712643546,0.3125,0.000345416680459347,4.05886648284886,75
"{_PATRUNJEL RADACINA KG,_ROSII CHERRY CASEROLA 500G} => {_MORCOVI}",0.000272015635861735,0.86697247706422,0.000313753484750573,25.2212254105854,189
"{_MORCOVI,_ROSII CHERRY CASEROLA 500G} => {_PATRUNJEL RADACINA KG}",0.000272015635861735,0.535410764872521,0.000508050367508956,26.4268210395234,189
"{_ARDEI ROSU CAPIA,_ROSII CHERRY CASEROLA 500G} => {_MORCOVI}",0.000128092019003674,0.138413685847589,0.000925428856397333,4.02661314289152,89
"{_MORCOVI,_ROSII CHERRY CASEROLA 500G} => {_ARDEI ROSU CAPIA}",0.000128092019003674,0.252124645892351,0.000508050367508956,10.9989000807686,89
"{_ARDEI ROSU CAPIA,_ROSII CHERRY CASEROLA 500G} => {_BANANE}",0.000201493063601286,0.217729393468118,0.000925428856397333,2.82795051993202,140
"{_BANANE,_ROSII CHERRY CASEROLA 500G} => {_ARDEI ROSU CAPIA}",0.000201493063601286,0.175879396984925,0.00114563199019017,7.67271246670977,140
"{_MORCOVI,_ROSII CHERRY CASEROLA 500G} => {_BANANE}",0.000122335074329352,0.240793201133144,0.000508050367508956,3.12751185080706,85
"{_BANANE,_ROSII CHERRY CASEROLA 500G} => {_MORCOVI}",0.000122335074329352,0.10678391959799,0.00114563199019017,3.10646690368607,85
"{_ROSII CHERRY CASEROLA 500G,PAINE CU CARTOFI FELII BACHUS 1.2 KG} => {_BANANE}",0.000153998270038125,0.239373601789709,0.000643338567355533,3.1090735653858,107
"{_BANANE,_ROSII CHERRY CASEROLA 500G} => {PAINE CU CARTOFI FELII BACHUS 1.2 KG}",0.000153998270038125,0.134422110552764,0.00114563199019017,2.19316747051842,107
"{APA MINERALA NATURALA CARBOGAZOASA PERLA HARGHITEI  2L,APA MINERALA NATURALA DECARBOGAZIFICATA PARTIAL PERLA HARGHITEI 2L} => {LAPTE DE CONSUM 3.5% GRASIME FRISS CUTIE 1L}",0.000136727436015158,0.202558635394456,0.000675001763064307,12.0085642606082,95
"{APA MINERALA NATURALA DECARBOGAZIFICATA PARTIAL PERLA HARGHITEI 2L,LAPTE DE CONSUM 3.5% GRASIME FRISS CUTIE 1L} => {APA MINERALA NATURALA CARBOGAZOASA PERLA HARGHITEI  2L}",0.000136727436015158,0.340501792114695,0.00040154689103399,21.0822555413106,95
"{APA MINERALA NATURALA CARBOGAZOASA PERLA HARGHITEI  2L,LAPTE DE CONSUM 3.5% GRASIME FRISS CUTIE 1L} => {APA MINERALA NATURALA DECARBOGAZIFICATA PARTIAL PERLA HARGHITEI 2L}",0.000136727436015158,0.295031055900621,0.000463434046282957,30.6689726276897,95
"{APA MINERALA NATURALA CARBOGAZOASA PERLA HARGHITEI  2L,APA MINERALA NATURALA DECARBOGAZIFICATA PARTIAL PERLA HARGHITEI 2L} => {PAINE CU CARTOFI FELII BACHUS 1.2 KG}",0.000112260421149288,0.166311300639659,0.000675001763064306,2.71345638781156,78
"{APA MINERALA NATURALA DECARBOGAZIFICATA PARTIAL PERLA HARGHITEI 2L,PAINE CU CARTOFI FELII BACHUS 1.2 KG} => {APA MINERALA NATURALA CARBOGAZOASA PERLA HARGHITEI  2L}",0.000112260421149288,0.181395348837209,0.000618871552489663,11.2311394146879,78
"{_MERE ROSII,APA MINERALA NATURALA DECARBOGAZIFICATA PARTIAL PERLA HARGHITEI 2L} => {_BANANE}",0.000120895838160771,0.313432835820896,0.000385715293179604,4.07098250220065,84
"{_BANANE,APA MINERALA NATURALA DECARBOGAZIFICATA PARTIAL PERLA HARGHITEI 2L} => {_MERE ROSII}",0.000120895838160771,0.100478468899522,0.00120320143693339,4.74310390729555,84
"{_PATRUNJEL RADACINA KG,APA MINERALA NATURALA DECARBOGAZIFICATA PARTIAL PERLA HARGHITEI 2L} => {_MORCOVI}",0.000110821184980707,0.819148936170213,0.000135288199846577,23.8299836621686,77
"{_MORCOVI,APA MINERALA NATURALA DECARBOGAZIFICATA PARTIAL PERLA HARGHITEI 2L} => {_PATRUNJEL RADACINA KG}",0.000110821184980707,0.445086705202312,0.000248987857164446,21.9686033175914,77
"{COTLET PORC FARA OS,FAINA BL-55 GYERMELYI 1KG} => {CARNE TOCATA PORC VRAC}",0.000106503476474965,0.337899543378995,0.000315192720919154,6.89972655343668,74
"{CARNE TOCATA PORC VRAC,FAINA BL-55 GYERMELYI 1KG} => {COTLET PORC FARA OS}",0.000106503476474965,0.178313253012048,0.000597283009960953,9.52813706568178,74
"{_TELINA,FAINA BL-55 GYERMELYI 1KG} => {_PATRUNJEL RADACINA KG}",0.000166951395555351,0.549763033175355,0.000303678831570509,27.1352207409013,116
"{_PATRUNJEL RADACINA KG,FAINA BL-55 GYERMELYI 1KG} => {_TELINA}",0.000166951395555351,0.477366255144033,0.000349734388965088,27.8957342166014,116
"{_TELINA,FAINA BL-55 GYERMELYI 1KG} => {_MORCOVI}",0.000197175355095544,0.649289099526066,0.000303678831570509,18.8885658645539,137
"{_MORCOVI,FAINA BL-55 GYERMELYI 1KG} => {_TELINA}",0.000197175355095544,0.356770833333333,0.000552666688734955,20.8485292700449,137
"{_PATRUNJEL RADACINA KG,FAINA BL-55 GYERMELYI 1KG} => {_MORCOVI}",0.000279211816704639,0.798353909465021,0.000349734388965088,23.2250324441936,194
"{_MORCOVI,FAINA BL-55 GYERMELYI 1KG} => {_PATRUNJEL RADACINA KG}",0.000279211816704639,0.505208333333333,0.000552666688734955,24.9360884924582,194
"{_CLEMENTINA^2 A nu se consuma coaja,_PORTOCALE PLASA BUC^2 A nu se consuma coaja} => {_BANANE}",0.000119456601992191,0.415,0.000287847233716122,5.39017468922329,83
"{_GULII,_PORTOCALE PLASA BUC^2 A nu se consuma coaja} => {_MORCOVI}",0.000103625004137804,0.517985611510791,0.000200053827432705,15.0687965454131,72
"{_MORCOVI,_PORTOCALE PLASA BUC^2 A nu se consuma coaja} => {_GULII}",0.000103625004137804,0.169014084507042,0.00061311460781534,20.8473607489067,72
"{_MERE ROSII,_PORTOCALE PLASA BUC^2 A nu se consuma coaja} => {_BANANE}",0.00021300695294993,0.367245657568238,0.000580012175937986,4.76992348952164,148
"{_BANANE,_PORTOCALE PLASA BUC^2 A nu se consuma coaja} => {_MERE ROSII}",0.00021300695294993,0.107091172214182,0.0019890243849784,5.05525773759445,148
"{_PORTOCALE PLASA BUC^2 A nu se consuma coaja,_TELINA} => {_PATRUNJEL RADACINA KG}",0.000181343757241157,0.602870813397129,0.000300800359233348,29.7565161944235,126
"{_PATRUNJEL RADACINA KG,_PORTOCALE PLASA BUC^2 A nu se consuma coaja} => {_TELINA}",0.000181343757241157,0.5,0.000362687514482314,29.2183767872161,126
"{_PORTOCALE PLASA BUC^2 A nu se consuma coaja,_TELINA} => {_MORCOVI}",0.000194296882758382,0.645933014354067,0.000300800359233348,18.7909334911402,135
"{_MORCOVI,_PORTOCALE PLASA BUC^2 A nu se consuma coaja} => {_TELINA}",0.000194296882758382,0.316901408450704,0.00061311460781534,18.5186895130243,135
"{_LAMAIE^2 A nu se consuma coaja,_PORTOCALE PLASA BUC^2 A nu se consuma coaja} => {_BANANE}",0.00023603473164722,0.330645161290323,0.000713861139615983,4.29454260120783,164
"{_BANANE,_PORTOCALE PLASA BUC^2 A nu se consuma coaja} => {_LAMAIE^2 A nu se consuma coaja}",0.00023603473164722,0.118668596237337,0.0019890243849784,6.01053239229137,164
"{_PORTOCALE PLASA BUC^2 A nu se consuma coaja,LAPTE DE CONSUM 1.5% GRASIME FRISS CUTIE 1L} => {_BANANE}",0.000103625004137804,0.344497607655502,0.000300800359233348,4.47446333803052,72
"{_PATRUNJEL RADACINA KG,_PORTOCALE PLASA BUC^2 A nu se consuma coaja} => {_MORCOVI}",0.000274894108198897,0.757936507936508,0.000362687514482314,22.0492437987309,191
"{_MORCOVI,_PORTOCALE PLASA BUC^2 A nu se consuma coaja} => {_PATRUNJEL RADACINA KG}",0.000274894108198897,0.448356807511737,0.00061311460781534,22.1300091281987,191
"{_PATRUNJEL RADACINA KG,_PORTOCALE PLASA BUC^2 A nu se consuma coaja} => {_BANANE}",0.000105064240306385,0.28968253968254,0.000362687514482314,3.76250480314879,73
"{_ARDEI ROSU CAPIA,_PORTOCALE PLASA BUC^2 A nu se consuma coaja} => {_BANANE}",0.000138166672183739,0.279883381924198,0.000493658005823149,3.63522968959525,96
"{_MORCOVI,_PORTOCALE PLASA BUC^2 A nu se consuma coaja} => {_BANANE}",0.000178465284903996,0.291079812206573,0.00061311460781534,3.78065309951744,124
"{_PORTOCALE PLASA BUC^2 A nu se consuma coaja,CARNE TOCATA PORC VRAC} => {_BANANE}",0.00014248438068948,0.24812030075188,0.000574255231263664,3.22267895179579,99
"{_PORTOCALE PLASA BUC^2 A nu se consuma coaja,PAINE CU CARTOFI FELII BACHUS 1.2 KG} => {_BANANE}",0.000208689244444189,0.333333333333333,0.000626067733332566,4.32945758170546,145
"{_BANANE,_PORTOCALE PLASA BUC^2 A nu se consuma coaja} => {PAINE CU CARTOFI FELII BACHUS 1.2 KG}",0.000208689244444189,0.104920405209841,0.0019890243849784,1.71183162318755,145
"{_TELINA,PALL MALL S-LINE FLOW BLUE/PURPLE} => {_PATRUNJEL RADACINA KG}",0.000151119797700964,0.546875,0.000276333344367477,26.9926731103928,105
"{_PATRUNJEL RADACINA KG,PALL MALL S-LINE FLOW BLUE/PURPLE} => {_TELINA}",0.000151119797700964,0.538461538461538,0.000280651052873219,31.4659442323866,105
"{_TELINA,PALL MALL S-LINE FLOW BLUE/PURPLE} => {_MORCOVI}",0.000175586812566835,0.635416666666667,0.000276333344367477,18.4850008548261,122
"{_MORCOVI,PALL MALL S-LINE FLOW BLUE/PURPLE} => {_TELINA}",0.000175586812566835,0.406666666666667,0.000431770850574183,23.7642797869358,122
"{_PATRUNJEL RADACINA KG,PALL MALL S-LINE FLOW BLUE/PURPLE} => {_MORCOVI}",0.000200053827432705,0.712820512820513,0.000280651052873219,20.7367676676586,139
"{_MORCOVI,PALL MALL S-LINE FLOW BLUE/PURPLE} => {_PATRUNJEL RADACINA KG}",0.000200053827432705,0.463333333333333,0.000431770850574183,22.8692209514338,139
"{_MANDARINE^2 A nu se consuma coaja,APA MINERALA NATURALA PLATA PERLA HARGHITEI 2L ROZ} => {_BANANE}",0.000105064240306385,0.470967741935484,0.000223081606129995,6.11710458318384,73
"{_MANDARINE^2 A nu se consuma coaja,_RIDICHI ROSU LEGATURA} => {_BANANE}",0.000109381948812126,0.397905759162304,0.000274894108198897,5.1681483174285,76
"{_MANDARINE^2 A nu se consuma coaja,_MERE GOLDEN} => {_BANANE}",0.000135288199846577,0.390041493775934,0.000346855916627927,5.06600430722381,94
"{_MANDARINE^2 A nu se consuma coaja,DANONE ACTIVIA NATUR 125G} => {_BANANE}",0.000109381948812126,0.406417112299465,0.000269137163524574,5.27869694453927,76
"{_CASTRAVETI CORNISON,_MANDARINE^2 A nu se consuma coaja} => {_BANANE}",0.000100746531800643,0.395480225988701,0.000254744801838768,5.1366445884641,70
"{_MANDARINE^2 A nu se consuma coaja,_ROSII VRAC} => {_BANANE}",0.000125213546666513,0.35655737704918,0.000351173625133669,4.63110011813575,87
"{_MANDARINE^2 A nu se consuma coaja,_MERE ROSII} => {_BANANE}",0.000263380218850252,0.435714285714286,0.000604479190803857,5.65921955322927,183
"{_BANANE,_MANDARINE^2 A nu se consuma coaja} => {_MERE ROSII}",0.000263380218850252,0.10493119266055,0.00251002787800459,4.95329552048747,183
"{_MANDARINE^2 A nu se consuma coaja,_TELINA} => {_PATRUNJEL RADACINA KG}",0.0001410451445209,0.538461538461538,0.000261940982681671,26.5774012163868,98
"{_MANDARINE^2 A nu se consuma coaja,_PATRUNJEL RADACINA KG} => {_TELINA}",0.0001410451445209,0.441441441441441,0.000319510429424896,25.7964047310557,98
"{_MANDARINE^2 A nu se consuma coaja,_TELINA} => {_MORCOVI}",0.000161194450881028,0.615384615384615,0.000261940982681671,17.9022454684823,112
"{_MANDARINE^2 A nu se consuma coaja,_MORCOVI} => {_TELINA}",0.000161194450881028,0.297872340425532,0.00054115279938631,17.4066925540862,112
"{_LAMAIE^2 A nu se consuma coaja,_MANDARINE^2 A nu se consuma coaja} => {_BANANE}",0.000228838550804317,0.341935483870968,0.000669244818389984,4.44118551929785,159
"{_MANDARINE^2 A nu se consuma coaja,_PATRUNJEL RADACINA KG} => {_MORCOVI}",0.000230277786972898,0.720720720720721,0.000319510429424896,20.9665937919162,160
"{_MANDARINE^2 A nu se consuma coaja,_MORCOVI} => {_PATRUNJEL RADACINA KG}",0.000230277786972898,0.425531914893617,0.00054115279938631,21.0034173746522,160
"{_ARDEI ROSU CAPIA,_MANDARINE^2 A nu se consuma coaja} => {_BANANE}",0.000149680561532384,0.268733850129199,0.000556984397240696,3.49041541470827,104
"{_MANDARINE^2 A nu se consuma coaja,APA MINERALA NATURALA CARBOGAZIFICATA CONTINUT REDUS CO2 TUSNAD 2L} => {_BANANE}",0.000109381948812126,0.248366013071895,0.000440406267585667,3.22587035499622,76
"{_MANDARINE^2 A nu se consuma coaja,_MORCOVI} => {_BANANE}",0.000158315978543867,0.292553191489362,0.00054115279938631,3.79978989883723,110
"{_MANDARINE^2 A nu se consuma coaja,CARNE TOCATA PORC VRAC} => {_BANANE}",0.000113699657317868,0.266891891891892,0.000426013905899861,3.46649137454119,79
"{_MANDARINE^2 A nu se consuma coaja,PAINE CU CARTOFI FELII BACHUS 1.2 KG} => {_BANANE}",0.000192857646589802,0.348958333333333,0.000552666688734955,4.5324009058479,134
"{_TELINA,FRIPSY CROCANT CU AROMA DE CARNE DE PUI AFUMAT 50G} => {_PATRUNJEL RADACINA KG}",0.000130970491340836,0.67910447761194,0.000192857646589802,33.519259743055,91
"{_PATRUNJEL RADACINA KG,FRIPSY CROCANT CU AROMA DE CARNE DE PUI AFUMAT 50G} => {_TELINA}",0.000130970491340836,0.565217391304348,0.000231717023141478,33.0294694116356,91
"{_TELINA,FRIPSY CROCANT CU AROMA DE CARNE DE PUI AFUMAT 50G} => {_MORCOVI}",0.000145362853026642,0.753731343283582,0.000192857646589802,21.9269107277213,101
"{_MORCOVI,FRIPSY CROCANT CU AROMA DE CARNE DE PUI AFUMAT 50G} => {_TELINA}",0.000145362853026642,0.331147540983607,0.000438967031417086,19.3511872492382,101
"{_PATRUNJEL RADACINA KG,FRIPSY CROCANT CU AROMA DE CARNE DE PUI AFUMAT 50G} => {_MORCOVI}",0.000192857646589802,0.832298136645963,0.000231717023141478,24.2125090109442,134
"{_MORCOVI,FRIPSY CROCANT CU AROMA DE CARNE DE PUI AFUMAT 50G} => {_PATRUNJEL RADACINA KG}",0.000192857646589802,0.439344262295082,0.000438967031417086,21.6851676435343,134
"{_TELINA,DROJDIE PROASPATA BRAVO 50G} => {_PATRUNJEL RADACINA KG}",0.000179904521072576,0.536480686695279,0.000335342027279282,26.4796302738372,125
"{_PATRUNJEL RADACINA KG,DROJDIE PROASPATA BRAVO 50G} => {_TELINA}",0.000179904521072576,0.434027777777778,0.000414500016551216,25.3631742944585,125
"{_TELINA,DROJDIE PROASPATA BRAVO 50G} => {_MORCOVI}",0.00021156771678135,0.630901287553648,0.000335342027279282,18.3536432887713,147
"{_MORCOVI,DROJDIE PROASPATA BRAVO 50G} => {_TELINA}",0.00021156771678135,0.332579185520362,0.00063614238651263,19.4348479082388,147
"{_LAMAIE^2 A nu se consuma coaja,DROJDIE PROASPATA BRAVO 50G} => {_BANANE}",0.000113699657317868,0.20360824742268,0.000558423633409277,2.64453981150565,79
"{_BANANE,DROJDIE PROASPATA BRAVO 50G} => {_LAMAIE^2 A nu se consuma coaja}",0.000113699657317868,0.146025878003697,0.000778626767202111,7.39617133498926,79
"{_PATRUNJEL RADACINA KG,DROJDIE PROASPATA BRAVO 50G} => {_MORCOVI}",0.000307996540076251,0.743055555555556,0.000414500016551216,21.6163397974469,214
"{_MORCOVI,DROJDIE PROASPATA BRAVO 50G} => {_PATRUNJEL RADACINA KG}",0.000307996540076251,0.484162895927602,0.00063614238651263,23.8973271441461,214
"{_MORCOVI,DROJDIE PROASPATA BRAVO 50G} => {CARNE TOCATA PORC VRAC}",0.000102185767969223,0.160633484162896,0.00063614238651263,3.28004916776895,71
"{CARNE TOCATA PORC VRAC,DROJDIE PROASPATA BRAVO 50G} => {_MORCOVI}",0.000102185767969223,0.143434343434343,0.000712421903447402,4.17266984025483,71
"{DROJDIE PROASPATA BRAVO 50G,PAINE CU CARTOFI FELII BACHUS 1.2 KG} => {_BANANE}",0.000100746531800643,0.180878552971576,0.000556984397240696,2.34931806759211,70
"{_BANANE,DROJDIE PROASPATA BRAVO 50G} => {PAINE CU CARTOFI FELII BACHUS 1.2 KG}",0.000100746531800643,0.129390018484288,0.00077862676720211,2.11106624038707,70
"{_CLEMENTINA^2 A nu se consuma coaja,_MERE GOLDEN} => {_BANANE}",0.000125213546666513,0.390134529147982,0.000320949665593476,5.06721268531446,87
"{_CLEMENTINA^2 A nu se consuma coaja,CREMWURSTI DE PUI CRISTUR} => {_BANANE}",0.000109381948812126,0.376237623762376,0.000290725706053283,4.88671449816259,76
"{_CLEMENTINA^2 A nu se consuma coaja,_MERE ROSII} => {_BANANE}",0.000208689244444189,0.368956743002545,0.00056561981425218,4.79214770494115,145
"{_CLEMENTINA^2 A nu se consuma coaja,_TELINA} => {_PATRUNJEL RADACINA KG}",0.000166951395555351,0.508771929824561,0.000328145846436379,25.1119805979394,116
"{_CLEMENTINA^2 A nu se consuma coaja,_PATRUNJEL RADACINA KG} => {_TELINA}",0.000166951395555351,0.504347826086956,0.000331024318773541,29.4724496288441,116
"{_CLEMENTINA^2 A nu se consuma coaja,_TELINA} => {_MORCOVI}",0.000200053827432705,0.609649122807018,0.000328145846436379,17.7353933999712,139
"{_CLEMENTINA^2 A nu se consuma coaja,_MORCOVI} => {_TELINA}",0.000200053827432705,0.356410256410256,0.000561302105746438,20.8274583252464,139
"{_CLEMENTINA^2 A nu se consuma coaja,_LAMAIE^2 A nu se consuma coaja} => {_BANANE}",0.000207250008275608,0.322147651006711,0.000643338567355533,4.18417377023883,144
"{_CLEMENTINA^2 A nu se consuma coaja,LAPTE DE CONSUM 1.5% GRASIME FRISS CUTIE 1L} => {_BANANE}",0.00011801736582361,0.337448559670782,0.000349734388965088,4.38290767530676,82
"{_CLEMENTINA^2 A nu se consuma coaja,_PATRUNJEL RADACINA KG} => {_MORCOVI}",0.000251866329501607,0.760869565217391,0.00033102431877354,22.1345698047811,175
"{_CLEMENTINA^2 A nu se consuma coaja,_MORCOVI} => {_PATRUNJEL RADACINA KG}",0.000251866329501607,0.448717948717949,0.000561302105746438,22.147834346989,175
"{_ARDEI ROSU CAPIA,_CLEMENTINA^2 A nu se consuma coaja} => {_BANANE}",0.000156876742375287,0.280927835051546,0.000558423633409277,3.64879543612805,109
"{_CLEMENTINA^2 A nu se consuma coaja,APA MINERALA NATURALA CARBOGAZIFICATA CONTINUT REDUS CO2 TUSNAD 2L} => {_BANANE}",0.000103625004137804,0.24,0.000431770850574183,3.11720945882793,72
"{_CLEMENTINA^2 A nu se consuma coaja,_MORCOVI} => {_BANANE}",0.000152559033869545,0.271794871794872,0.000561302105746438,3.53017310508291,106
"{_CLEMENTINA^2 A nu se consuma coaja,CARNE TOCATA PORC VRAC} => {_BANANE}",0.00014248438068948,0.264705882352941,0.000538274327049148,3.43809866782492,99
"{_CLEMENTINA^2 A nu se consuma coaja,PAINE CU CARTOFI FELII BACHUS 1.2 KG} => {_BANANE}",0.000227399314635737,0.305019305019305,0.000745524335324756,3.96170442804708,158
"{_ARDEI GRAS ROMANIA,_VARZA ALBA} => {_MORCOVI}",0.000122335074329352,0.297202797202797,0.000411621544214055,8.64597082284656,85
"{_ARDEI GRAS ROMANIA,_MORCOVI} => {_VARZA ALBA}",0.000122335074329352,0.100830367734282,0.00121327609011346,11.6705397795369,85
"{_GULII,_VARZA ALBA} => {_TELINA}",0.00014248438068948,0.482926829268293,0.000295043414559025,28.2206761164332,99
"{_TELINA,_VARZA ALBA} => {_GULII}",0.00014248438068948,0.219026548672566,0.000650534748198436,27.0162423864427,99
"{_GULII,_VARZA ALBA} => {_PATRUNJEL RADACINA KG}",0.000179904521072576,0.609756097560976,0.000295043414559025,30.0963602624589,125
"{_PATRUNJEL RADACINA KG,_VARZA ALBA} => {_GULII}",0.000179904521072576,0.220070422535211,0.000817486143753787,27.145000975139,125
"{_GULII,_VARZA ALBA} => {_MORCOVI}",0.000194296882758382,0.658536585365854,0.000295043414559025,19.1575858519429,135
"{_MORCOVI,_VARZA ALBA} => {_GULII}",0.000194296882758382,0.155172413793103,0.00125213546666513,19.1400337910221,135
"{_USTUROI,_VARZA ALBA} => {_MORCOVI}",0.000100746531800643,0.284552845528455,0.00035405209747083,8.27796919528398,70
"{_CEAPA GALBENA,_VARZA ALBA} => {_PATRUNJEL RADACINA KG}",0.000109381948812126,0.182254196642686,0.000600161482298115,8.99570825686542,76
"{_PATRUNJEL RADACINA KG,_VARZA ALBA} => {_CEAPA GALBENA}",0.000109381948812126,0.133802816901408,0.000817486143753787,7.59852363054502,76
"{_CEAPA GALBENA,_VARZA ALBA} => {_MORCOVI}",0.000168390631723931,0.280575539568345,0.000600161482298115,8.16226479543212,117
"{_MORCOVI,_VARZA ALBA} => {_CEAPA GALBENA}",0.000168390631723931,0.13448275862069,0.00125213546666513,7.63713681777828,117
"{_CEAPA GALBENA,_VARZA ALBA} => {CARNE TOCATA PORC VRAC}",0.000106503476474965,0.177458033573141,0.000600161482298115,3.62359739856747,74
"{_TELINA,_VARZA ALBA} => {_PATRUNJEL RADACINA KG}",0.000428892378237022,0.65929203539823,0.000650534748198436,32.5413566094445,298
"{_PATRUNJEL RADACINA KG,_VARZA ALBA} => {_TELINA}",0.000428892378237022,0.524647887323944,0.000817486143753787,30.6587193048958,298
"{_TELINA,_VARZA ALBA} => {_MORCOVI}",0.000454798629271473,0.699115044247788,0.000650534748198436,20.3380598408532,316
"{_MORCOVI,_VARZA ALBA} => {_TELINA}",0.000454798629271473,0.363218390804598,0.00125213546666513,21.2253035971501,316
"{_TELINA,_VARZA ALBA} => {CARNE TOCATA PORC VRAC}",0.000103625004137804,0.15929203539823,0.000650534748198436,3.25265750701356,72
"{_PATRUNJEL RADACINA KG,_VARZA ALBA} => {_MORCOVI}",0.000651973984367017,0.797535211267606,0.000817486143753787,23.2012155730396,453
"{_MORCOVI,_VARZA ALBA} => {_PATRUNJEL RADACINA KG}",0.000651973984367017,0.520689655172414,0.00125213546666513,25.7002160530873,453
"{_PATRUNJEL RADACINA KG,_VARZA ALBA} => {CARNE TOCATA PORC VRAC}",0.000122335074329352,0.149647887323944,0.000817486143753787,3.05572920137571,85
"{_VARZA ALBA,CARNE TOCATA PORC VRAC} => {_PATRUNJEL RADACINA KG}",0.000122335074329352,0.109961190168176,0.00111252955831281,5.42746781447189,85
"{_PATRUNJEL RADACINA KG,_VARZA ALBA} => {_BANANE}",0.000106503476474965,0.130281690140845,0.000817486143753787,1.69214715341305,74
"{_BANANE,_VARZA ALBA} => {_PATRUNJEL RADACINA KG}",0.000106503476474965,0.111951588502269,0.000951335107431784,5.52570995681091,74
"{_ARDEI ROSU CAPIA,_VARZA ALBA} => {_MORCOVI}",0.000139605908352319,0.218468468468468,0.000639020858849791,6.35549874317459,97
"{_MORCOVI,_VARZA ALBA} => {_ARDEI ROSU CAPIA}",0.000139605908352319,0.111494252873563,0.00125213546666513,4.8639201558259,97
"{_MORCOVI,_VARZA ALBA} => {CARNE TOCATA PORC VRAC}",0.000162633687049609,0.129885057471264,0.00125213546666513,2.65218286762811,113
"{_VARZA ALBA,CARNE TOCATA PORC VRAC} => {_MORCOVI}",0.000162633687049609,0.146183699870634,0.00111252955831281,4.25265177768442,113
"{_MORCOVI,_VARZA ALBA} => {PAINE CU CARTOFI FELII BACHUS 1.2 KG}",0.000136727436015158,0.109195402298851,0.00125213546666513,1.78158045032338,95
"{_VARZA ALBA,PAINE CU CARTOFI FELII BACHUS 1.2 KG} => {_MORCOVI}",0.000136727436015158,0.16994633273703,0.000804533018236562,4.94393406833086,95
"{_MORCOVI,_VARZA ALBA} => {_BANANE}",0.000151119797700964,0.120689655172414,0.00125213546666513,1.56756222785887,105
"{_BANANE,_VARZA ALBA} => {_MORCOVI}",0.000151119797700964,0.158850226928896,0.000951335107431784,4.62113560220846,105
"{_VARZA ALBA,PAINE CU CARTOFI FELII BACHUS 1.2 KG} => {CARNE TOCATA PORC VRAC}",0.000100746531800643,0.125223613595707,0.000804533018236562,2.55699869613171,70
"{_VARZA ALBA,CARNE TOCATA PORC VRAC} => {_BANANE}",0.000113699657317868,0.102199223803364,0.00111252955831281,1.32740161301965,79
"{_BANANE,_VARZA ALBA} => {CARNE TOCATA PORC VRAC}",0.000113699657317868,0.119515885022693,0.000951335107431784,2.44044995504371,79
"{_GULII,GOBE 6  L OUA PROASPETE} => {_MORCOVI}",0.000115138893486449,0.64,0.000179904521072576,18.6183352872216,80
"{_MORCOVI,GOBE 6  L OUA PROASPETE} => {_GULII}",0.000115138893486449,0.150943396226415,0.000762795169347724,18.618397649967,80
"{_CEAPA GALBENA,GOBE 6  L OUA PROASPETE} => {_MORCOVI}",0.000128092019003674,0.282539682539683,0.000453359393102892,8.21940397104524,89
"{_MORCOVI,GOBE 6  L OUA PROASPETE} => {_CEAPA GALBENA}",0.000128092019003674,0.167924528301887,0.000762795169347724,9.53626034188957,89
"{_MERE ROSII,GOBE 6  L OUA PROASPETE} => {_BANANE}",0.000112260421149288,0.261744966442953,0.000428892378237022,3.39964118831905,78
"{_TELINA,GOBE 6  L OUA PROASPETE} => {_PATRUNJEL RADACINA KG}",0.000241791676321543,0.571428571428571,0.0004231354335627,28.2045890459615,168
"{_PATRUNJEL RADACINA KG,GOBE 6  L OUA PROASPETE} => {_TELINA}",0.000241791676321543,0.552631578947368,0.000437527795248506,32.2939953963968,168
"{_TELINA,GOBE 6  L OUA PROASPETE} => {_MORCOVI}",0.000290725706053283,0.687074829931973,0.0004231354335627,19.9877961735691,202
"{_MORCOVI,GOBE 6  L OUA PROASPETE} => {_TELINA}",0.000290725706053283,0.381132075471698,0.000762795169347724,22.2721211736516,202
"{_LAMAIE^2 A nu se consuma coaja,GOBE 6  L OUA PROASPETE} => {_BANANE}",0.000161194450881028,0.283544303797468,0.000568498286589341,3.68277910747603,112
"{_BANANE,GOBE 6  L OUA PROASPETE} => {_LAMAIE^2 A nu se consuma coaja}",0.000161194450881028,0.116182572614108,0.00138742366651171,5.88461596630166,112
"{GOBE 6  L OUA PROASPETE,LAPTE DE CONSUM 1.5% GRASIME FRISS CUTIE 1L} => {_BANANE}",0.000102185767969223,0.219814241486068,0.000464873282451537,2.85502930310607,71
"{_PATRUNJEL RADACINA KG,GOBE 6  L OUA PROASPETE} => {_MORCOVI}",0.000365565986819475,0.835526315789474,0.000437527795248506,24.3064204510397,254
"{_MORCOVI,GOBE 6  L OUA PROASPETE} => {_PATRUNJEL RADACINA KG}",0.000365565986819475,0.479245283018868,0.000762795169347724,23.6546034545847,254
"{_MORCOVI,GOBE 6  L OUA PROASPETE} => {_BANANE}",0.000138166672183739,0.181132075471698,0.000762795169347724,2.35261091232296,96
"{GOBE 6  L OUA PROASPETE,PAINE CU CARTOFI FELII BACHUS 1.2 KG} => {_BANANE}",0.000178465284903996,0.225045372050817,0.000793019128887917,2.9229731767594,124
"{_BANANE,GOBE 6  L OUA PROASPETE} => {PAINE CU CARTOFI FELII BACHUS 1.2 KG}",0.000178465284903996,0.128630705394191,0.00138742366651171,2.09867764774935,124
"{CORN RIP-ROP 100G,SANA 3.6% PET FRISS 330G} => {PAINE CU CARTOFI FELII BACHUS 1.2 KG}",0.000116578129655029,0.124615384615385,0.000935503509577397,2.03316557626378,81
"{CORN RIP-ROP 100G,PAINE CU CARTOFI FELII BACHUS 1.2 KG} => {SANA 3.6% PET FRISS 330G}",0.000116578129655029,0.12143928035982,0.000959970524443267,9.00988688784278,81
"{_MERE ROSII,CORN RIP-ROP 100G} => {_BANANE}",0.000109381948812126,0.351851851851852,0.000310875012413412,4.56998300291131,76
"{_PATRUNJEL RADACINA KG,CORN RIP-ROP 100G} => {_MORCOVI}",0.000112260421149288,0.709090909090909,0.000158315978543867,20.6282692102739,78
"{_MORCOVI,CORN RIP-ROP 100G} => {_PATRUNJEL RADACINA KG}",0.000112260421149288,0.469879518072289,0.000238913203984381,23.1923277396009,78
"{CORN RIP-ROP 100G,PAINE CU CARTOFI FELII BACHUS 1.2 KG} => {_BANANE}",0.000149680561532384,0.15592203898051,0.000959970524443268,2.02517356145742,104
"{_BANANE,CORN RIP-ROP 100G} => {PAINE CU CARTOFI FELII BACHUS 1.2 KG}",0.000149680561532384,0.10009624639076,0.00149536637915525,1.63312293344065,104
"{_CEAPA ROSIE,_GULII} => {_TELINA}",0.000135288199846577,0.525139664804469,0.000257623274175929,30.6874571843387,94
"{_CEAPA ROSIE,_TELINA} => {_GULII}",0.000135288199846577,0.253369272237197,0.000533956618543407,31.252310341016,94
"{_CEAPA ROSIE,_GULII} => {_PATRUNJEL RADACINA KG}",0.000151119797700964,0.58659217877095,0.000257623274175929,28.9530348446672,105
"{_CEAPA ROSIE,_PATRUNJEL RADACINA KG} => {_GULII}",0.000151119797700964,0.228260869565217,0.000662048637547081,28.1552670983876,105
"{_CEAPA ROSIE,_GULII} => {_MORCOVI}",0.000174147576398254,0.675977653631285,0.000257623274175929,19.6649665655884,121
"{_CEAPA ROSIE,_MORCOVI} => {_GULII}",0.000174147576398254,0.154336734693878,0.0011283611561672,19.0369553777485,121
"{_CARTOFI ALBI,_CEAPA ROSIE} => {_CEAPA GALBENA}",0.000136727436015158,0.282738095238095,0.000483583352643085,16.0564041002588,95
"{_CARTOFI ALBI,_CEAPA ROSIE} => {_MORCOVI}",0.000102185767969223,0.211309523809524,0.000483583352643085,6.14723681823257,71
"{_CEAPA ROSIE,_USTUROI} => {_CEAPA GALBENA}",0.000171269104061093,0.290243902439024,0.00059008682911805,16.4826511308023,119
"{_CEAPA GALBENA,_CEAPA ROSIE} => {_USTUROI}",0.000171269104061093,0.124217118997912,0.00137878824950023,10.388501336338,119
"{_CEAPA GALBENA,_USTUROI} => {_CEAPA ROSIE}",0.000171269104061093,0.107692307692308,0.00159035596628157,13.5554375696767,119
"{_CEAPA ROSIE,_USTUROI} => {_PATRUNJEL RADACINA KG}",0.000107942712643546,0.182926829268293,0.000590086829118051,9.02890807873768,75
"{_CEAPA ROSIE,_PATRUNJEL RADACINA KG} => {_USTUROI}",0.000107942712643546,0.16304347826087,0.000662048637547081,13.6356196751167,75
"{_CEAPA ROSIE,_USTUROI} => {_MORCOVI}",0.000179904521072576,0.304878048780488,0.00059008682911805,8.86925270923284,125
"{_CEAPA ROSIE,_MORCOVI} => {_USTUROI}",0.000179904521072576,0.159438775510204,0.0011283611561672,13.3341518931838,125
"{_CEAPA ROSIE,_USTUROI} => {_BANANE}",0.000125213546666513,0.21219512195122,0.000590086829118051,2.75606933859786,87
"{_BANANE,_CEAPA ROSIE} => {_USTUROI}",0.000125213546666513,0.107540173053152,0.00116434206038171,8.99377831723396,87
"{_CASTRAVETI CORNISON,_CEAPA ROSIE} => {_CEAPA GALBENA}",0.000116578129655029,0.184931506849315,0.000630385441838308,10.5020690697583,81
"{_CASTRAVETI CORNISON,_CEAPA GALBENA} => {_CEAPA ROSIE}",0.000116578129655029,0.136363636363636,0.000854906284136883,17.1643527667984,81
"{_CASTRAVETI CORNISON,_CEAPA ROSIE} => {_ROSII VRAC}",0.000151119797700964,0.23972602739726,0.000630385441838308,12.4153816542913,105
"{_CEAPA ROSIE,_ROSII VRAC} => {_CASTRAVETI CORNISON}",0.000151119797700964,0.243055555555556,0.000621750024826824,14.553443616186,105
"{_CASTRAVETI CORNISON,_CEAPA ROSIE} => {_ARDEI ROSU CAPIA}",0.000100746531800643,0.159817351598174,0.000630385441838308,6.97200813185043,70
"{_ARDEI ROSU CAPIA,_CEAPA ROSIE} => {_CASTRAVETI CORNISON}",0.000100746531800643,0.137524557956778,0.000732571209807531,8.23456141740976,70
"{_CASTRAVETI CORNISON,_CEAPA ROSIE} => {_MORCOVI}",0.000100746531800643,0.159817351598174,0.000630385441838308,4.64927036995402,70
"{_CASTRAVETI CORNISON,_CEAPA ROSIE} => {_BANANE}",0.000148241325363803,0.235159817351598,0.000630385441838308,3.05434336243604,103
"{_BANANE,_CEAPA ROSIE} => {_CASTRAVETI CORNISON}",0.000148241325363803,0.127317676143387,0.00116434206038171,7.62340369822605,103
"{_CEAPA ROSIE,_ROSII VRAC} => {_CEAPA GALBENA}",0.000113699657317868,0.18287037037037,0.000621750024826824,10.3850192601674,79
"{_CEAPA GALBENA,_CEAPA ROSIE} => {_TELINA}",0.000156876742375287,0.113778705636743,0.00137878824950023,6.64885818331223,109
"{_CEAPA ROSIE,_TELINA} => {_CEAPA GALBENA}",0.000156876742375287,0.293800539083558,0.000533956618543407,16.6846288485708,109
"{_CEAPA ROSIE,_LAMAIE^2 A nu se consuma coaja} => {_CEAPA GALBENA}",0.000113699657317868,0.243827160493827,0.000466312518620118,13.8466923468899,79
"{_CEAPA GALBENA,_LAMAIE^2 A nu se consuma coaja} => {_CEAPA ROSIE}",0.000113699657317868,0.131666666666667,0.000863541701148367,16.5731361714976,79
"{_CEAPA GALBENA,_CEAPA ROSIE} => {_PATRUNJEL RADACINA KG}",0.000207250008275608,0.150313152400835,0.00137878824950023,7.41916121041993,144
"{_CEAPA ROSIE,_PATRUNJEL RADACINA KG} => {_CEAPA GALBENA}",0.000207250008275608,0.31304347826087,0.000662048637547081,17.7774154688083,144
"{_CEAPA GALBENA,_CEAPA ROSIE} => {_ARDEI ROSU CAPIA}",0.00016551215938677,0.120041753653445,0.00137878824950023,5.23680360276329,115
"{_ARDEI ROSU CAPIA,_CEAPA ROSIE} => {_CEAPA GALBENA}",0.00016551215938677,0.225933202357564,0.000732571209807531,12.8305129652363,115
"{_CEAPA GALBENA,_CEAPA ROSIE} => {_MORCOVI}",0.000323828137930637,0.234864300626305,0.00137878824950023,6.83247233759273,225
"{_CEAPA ROSIE,_MORCOVI} => {_CEAPA GALBENA}",0.000323828137930637,0.286989795918367,0.0011283611561672,16.297853785977,225
"{_CEAPA GALBENA,_CEAPA ROSIE} => {CARNE TOCATA PORC VRAC}",0.000161194450881028,0.116910229645094,0.00137878824950023,2.38724387663904,112
"{_CEAPA ROSIE,CARNE TOCATA PORC VRAC} => {_CEAPA GALBENA}",0.000161194450881028,0.262295081967213,0.000614553843983921,14.895466513027,112
"{_CEAPA GALBENA,_CEAPA ROSIE} => {PAINE CU CARTOFI FELII BACHUS 1.2 KG}",0.000151119797700964,0.109603340292276,0.00137878824950023,1.78823617335502,105
"{_CEAPA ROSIE,PAINE CU CARTOFI FELII BACHUS 1.2 KG} => {_CEAPA GALBENA}",0.000151119797700964,0.183887915936953,0.000821803852259529,10.4428046208338,105
"{_CEAPA GALBENA,_CEAPA ROSIE} => {_BANANE}",0.000233156259310059,0.169102296450939,0.00137878824950023,2.19636365835997,162
"{_BANANE,_CEAPA ROSIE} => {_CEAPA GALBENA}",0.000233156259310059,0.200247218788628,0.00116434206038171,11.371832515585,162
"{_BANANE,_CEAPA GALBENA} => {_CEAPA ROSIE}",0.000233156259310059,0.104113110539846,0.00223945147831143,13.1049171510003,162
"{_CEAPA ROSIE,_ROSII VRAC} => {_ARDEI ROSU CAPIA}",0.000115138893486449,0.185185185185185,0.000621750024826824,8.078676089287,80
"{_ARDEI ROSU CAPIA,_CEAPA ROSIE} => {_ROSII VRAC}",0.000115138893486449,0.157170923379175,0.000732571209807531,8.13986290890389,80
"{_CEAPA ROSIE,_ROSII VRAC} => {_BANANE}",0.000115138893486449,0.185185185185185,0.000621750024826824,2.40525421205859,80
"{_CEAPA ROSIE,_MERE ROSII} => {_BANANE}",0.000139605908352319,0.342756183745583,0.000407303835708313,4.45184507518123,97
"{_BANANE,_CEAPA ROSIE} => {_MERE ROSII}",0.000139605908352319,0.119901112484549,0.00116434206038171,5.65995323518764,97
"{_CEAPA ROSIE,_TELINA} => {_PATRUNJEL RADACINA KG}",0.000339659735785024,0.636118598382749,0.000533956618543407,31.3975613907873,236
"{_CEAPA ROSIE,_PATRUNJEL RADACINA KG} => {_TELINA}",0.000339659735785024,0.51304347826087,0.000662048637547081,29.9805953121,236
"{_CEAPA ROSIE,_TELINA} => {_MORCOVI}",0.000390033001685346,0.730458221024259,0.000533956618543407,21.2498688630266,271
"{_CEAPA ROSIE,_MORCOVI} => {_TELINA}",0.000390033001685346,0.345663265306122,0.0011283611561672,20.1994390544275,271
"{_CEAPA ROSIE,_TELINA} => {_BANANE}",0.000109381948812126,0.204851752021563,0.000533956618543407,2.66069091274621,76
"{_CEAPA ROSIE,_LAMAIE^2 A nu se consuma coaja} => {_MORCOVI}",0.000119456601992191,0.256172839506173,0.000466312518620118,7.45236221469614,83
"{_CEAPA ROSIE,_MORCOVI} => {_LAMAIE^2 A nu se consuma coaja}",0.000119456601992191,0.105867346938776,0.0011283611561672,5.36215256805449,83
"{_CEAPA ROSIE,_LAMAIE^2 A nu se consuma coaja} => {_BANANE}",0.000143923616858061,0.308641975308642,0.000466312518620118,4.00875702009764,100
"{_BANANE,_CEAPA ROSIE} => {_LAMAIE^2 A nu se consuma coaja}",0.000143923616858061,0.123609394313968,0.00116434206038171,6.26078248224748,100
"{_CEAPA ROSIE,_PATRUNJEL RADACINA KG} => {_MORCOVI}",0.000538274327049148,0.81304347826087,0.000662048637547081,23.6523688771089,374
"{_CEAPA ROSIE,_MORCOVI} => {_PATRUNJEL RADACINA KG}",0.000538274327049148,0.477040816326531,0.0011283611561672,23.5457953196196,374
"{_CEAPA ROSIE,_PATRUNJEL RADACINA KG} => {_BANANE}",0.000132409727509416,0.2,0.000662048637547081,2.59767454902327,92
"{_BANANE,_CEAPA ROSIE} => {_PATRUNJEL RADACINA KG}",0.000132409727509416,0.11372064276885,0.00116434206038171,5.61302699184153,92
"{_ARDEI ROSU CAPIA,_CEAPA ROSIE} => {_MORCOVI}",0.0001410451445209,0.192534381139489,0.000732571209807531,5.60104634745737,98
"{_CEAPA ROSIE,_MORCOVI} => {_ARDEI ROSU CAPIA}",0.0001410451445209,0.125,0.0011283611561672,5.45310636026873,98
"{_ARDEI ROSU CAPIA,_CEAPA ROSIE} => {_BANANE}",0.000119456601992191,0.163064833005894,0.000732571209807531,2.1179468327007,83
"{_BANANE,_CEAPA ROSIE} => {_ARDEI ROSU CAPIA}",0.000119456601992191,0.102595797280593,0.00116434206038171,4.47572635750115,83
"{_CEAPA ROSIE,_MORCOVI} => {CARNE TOCATA PORC VRAC}",0.000122335074329352,0.108418367346939,0.0011283611561672,2.21384462548648,85
"{_CEAPA ROSIE,CARNE TOCATA PORC VRAC} => {_MORCOVI}",0.000122335074329352,0.199063231850117,0.000614553843983921,5.79097811553657,85
"{_CEAPA ROSIE,PAINE CU CARTOFI FELII BACHUS 1.2 KG} => {_MORCOVI}",0.000105064240306385,0.12784588441331,0.000821803852259529,3.71918365796622,73
"{_CEAPA ROSIE,_MORCOVI} => {_BANANE}",0.00021300695294993,0.188775510204082,0.0011283611561672,2.45188669168013,148
"{_BANANE,_CEAPA ROSIE} => {_MORCOVI}",0.00021300695294993,0.182941903584672,0.00116434206038171,5.32199015472186,148
"{_CEAPA ROSIE,PAINE CU CARTOFI FELII BACHUS 1.2 KG} => {_BANANE}",0.000148241325363803,0.180385288966725,0.000821803852259529,2.34291137083535,103
"{_BANANE,_CEAPA ROSIE} => {PAINE CU CARTOFI FELII BACHUS 1.2 KG}",0.000148241325363803,0.127317676143387,0.00116434206038171,2.07725488456805,103
"{_TELINA,MAGAZIN DE RECLAMA SI PUBLICITATE HETI HIRDETO} => {_PATRUNJEL RADACINA KG}",0.000135288199846577,0.505376344086022,0.000267697927355994,24.9443811723692,94
"{_PATRUNJEL RADACINA KG,MAGAZIN DE RECLAMA SI PUBLICITATE HETI HIRDETO} => {_TELINA}",0.000135288199846577,0.474747474747475,0.000284968761378961,27.7427011919022,94
"{_TELINA,MAGAZIN DE RECLAMA SI PUBLICITATE HETI HIRDETO} => {_MORCOVI}",0.000155437506206706,0.580645161290323,0.000267697927355994,16.891634837197,108
"{_MORCOVI,MAGAZIN DE RECLAMA SI PUBLICITATE HETI HIRDETO} => {_TELINA}",0.000155437506206706,0.31858407079646,0.000487901061148827,18.6170188378722,108
"{_PATRUNJEL RADACINA KG,MAGAZIN DE RECLAMA SI PUBLICITATE HETI HIRDETO} => {_MORCOVI}",0.000195736118926963,0.686868686868687,0.000284968761378961,19.9817992350231,136
"{_MORCOVI,MAGAZIN DE RECLAMA SI PUBLICITATE HETI HIRDETO} => {_PATRUNJEL RADACINA KG}",0.000195736118926963,0.40117994100295,0.000487901061148827,19.8014518965747,136
"{_GULII,GOBE 10 OUA PROASPETE L} => {_MORCOVI}",0.000106503476474965,0.5,0.00021300695294993,14.5455744431419,74
"{_MORCOVI,GOBE 10 OUA PROASPETE L} => {_GULII}",0.000106503476474965,0.129370629370629,0.000823243088428109,15.9574640697488,74
"{_CEAPA GALBENA,GOBE 10 OUA PROASPETE L} => {_MORCOVI}",0.000128092019003674,0.264880952380952,0.000483583352643085,7.70569122285491,89
"{_MORCOVI,GOBE 10 OUA PROASPETE L} => {_CEAPA GALBENA}",0.000128092019003674,0.155594405594406,0.000823243088428109,8.83604542168089,89
"{_MERE ROSII,GOBE 10 OUA PROASPETE L} => {_BANANE}",0.000102185767969223,0.295833333333333,0.000345416680459347,3.84239360376359,71
"{_TELINA,GOBE 10 OUA PROASPETE L} => {_PATRUNJEL RADACINA KG}",0.000303678831570509,0.661442006269592,0.000459116337777215,32.6474749379977,211
"{_PATRUNJEL RADACINA KG,GOBE 10 OUA PROASPETE L} => {_TELINA}",0.000303678831570509,0.571815718157182,0.000531078146206245,33.4150542119382,211
"{_TELINA,GOBE 10 OUA PROASPETE L} => {_MORCOVI}",0.000309435776244831,0.67398119122257,0.000459116337777215,19.6068871804106,215
"{_MORCOVI,GOBE 10 OUA PROASPETE L} => {_TELINA}",0.000309435776244831,0.375874125874126,0.000823243088428109,21.9648636687114,215
"{_LAMAIE^2 A nu se consuma coaja,GOBE 10 OUA PROASPETE L} => {_BANANE}",0.000106503476474965,0.232704402515723,0.000457677101608634,3.02245151930381,74
"{_PATRUNJEL RADACINA KG,GOBE 10 OUA PROASPETE L} => {_MORCOVI}",0.000420256961225538,0.791327913279133,0.000531078146206245,23.0206381430754,292
"{_MORCOVI,GOBE 10 OUA PROASPETE L} => {_PATRUNJEL RADACINA KG}",0.000420256961225538,0.510489510489511,0.000823243088428109,25.1967569973537,292
"{_MORCOVI,GOBE 10 OUA PROASPETE L} => {CARNE TOCATA PORC VRAC}",0.000116578129655029,0.141608391608392,0.000823243088428109,2.89156703202167,81
"{CARNE TOCATA PORC VRAC,GOBE 10 OUA PROASPETE L} => {_MORCOVI}",0.000116578129655029,0.2,0.000582890648275147,5.81822977725674,81
"{_MORCOVI,GOBE 10 OUA PROASPETE L} => {_BANANE}",0.000129531255172255,0.157342657342657,0.00082324308842811,2.04362508227355,90
"{_BANANE,GOBE 10 OUA PROASPETE L} => {_MORCOVI}",0.000129531255172255,0.117955439056356,0.00109813719662701,3.43145923953543,90
"{GOBE 10 OUA PROASPETE L,PAINE CU CARTOFI FELII BACHUS 1.2 KG} => {_BANANE}",0.000153998270038125,0.186086956521739,0.000827560796933851,2.41696675430861,107
"{_BANANE,GOBE 10 OUA PROASPETE L} => {PAINE CU CARTOFI FELII BACHUS 1.2 KG}",0.000153998270038125,0.140235910878113,0.00109813719662701,2.28802268221843,107
"{_CEAPA VERDE LEGATURA,_GULII} => {_PATRUNJEL RADACINA KG}",0.000122335074329352,0.508982035928144,0.000240352440152962,25.1223510214777,85
"{_CEAPA VERDE LEGATURA,_PATRUNJEL RADACINA KG} => {_GULII}",0.000122335074329352,0.280528052805281,0.000436088559079925,34.6022613090352,85
"{_CEAPA VERDE LEGATURA,_GULII} => {_MORCOVI}",0.000149680561532384,0.622754491017964,0.000240352440152962,18.1166436178054,104
"{_CEAPA VERDE LEGATURA,_MORCOVI} => {_GULII}",0.000149680561532384,0.204724409448819,0.00073113197363895,25.2521180724946,104
"{_CASTRAVETI FABIO,_CEAPA VERDE LEGATURA} => {_RIDICHI ROSU LEGATURA}",0.000181343757241157,0.363112391930836,0.000499414950497472,37.9049294433052,126
"{_CASTRAVETI FABIO,_RIDICHI ROSU LEGATURA} => {_CEAPA VERDE LEGATURA}",0.000181343757241157,0.264705882352941,0.000685076416244371,34.141653654222,126
"{_CASTRAVETI FABIO,_CEAPA VERDE LEGATURA} => {_BANANE}",0.000110821184980707,0.221902017291066,0.000499414950497472,2.88214611346963,77
"{_CEAPA VERDE LEGATURA,_ROSII DE GRADINA ROMANIA} => {_RIDICHI ROSU LEGATURA}",0.000112260421149288,0.117117117117117,0.000958531288274687,12.2257355011261,78
"{_RIDICHI ROSU LEGATURA,_ROSII DE GRADINA ROMANIA} => {_CEAPA VERDE LEGATURA}",0.000112260421149288,0.320987654320988,0.000349734388965088,41.4008529908536,78
"{_CEAPA VERDE LEGATURA,_ROSII DE GRADINA ROMANIA} => {_CASTRAVETI CORNISON}",0.000243230912490123,0.253753753753754,0.000958531288274687,15.1940198989061,169
"{_CASTRAVETI CORNISON,_CEAPA VERDE LEGATURA} => {_ROSII DE GRADINA ROMANIA}",0.000243230912490123,0.25,0.000972923649960493,24.8395895895896,169
"{_CASTRAVETI CORNISON,_ROSII DE GRADINA ROMANIA} => {_CEAPA VERDE LEGATURA}",0.000243230912490123,0.123177842565598,0.0019746320232926,15.8874264574959,169
"{_CEAPA VERDE LEGATURA,_ROSII DE GRADINA ROMANIA} => {PAINE CU CARTOFI FELII BACHUS 1.2 KG}",0.00014248438068948,0.148648648648649,0.000958531288274687,2.42528092597364,99
"{_CEAPA VERDE LEGATURA,PAINE CU CARTOFI FELII BACHUS 1.2 KG} => {_ROSII DE GRADINA ROMANIA}",0.00014248438068948,0.1584,0.000899522605362882,15.738363963964,99
"{_ROSII DE GRADINA ROMANIA,PAINE CU CARTOFI FELII BACHUS 1.2 KG} => {_CEAPA VERDE LEGATURA}",0.00014248438068948,0.1284046692607,0.00110965108597565,16.5615803718275,99
"{_CEAPA VERDE LEGATURA,_ROSII DE GRADINA ROMANIA} => {_BANANE}",0.000151119797700964,0.157657657657658,0.000958531288274687,2.04771642377961,105
"{_BANANE,_CEAPA VERDE LEGATURA} => {_ROSII DE GRADINA ROMANIA}",0.000151119797700964,0.113390928725702,0.00133273269210565,11.2663365309154,105
"{_CEAPA VERDE LEGATURA,_ROSII CHERRY VRAC} => {_RIDICHI ROSU LEGATURA}",0.000148241325363803,0.344481605351171,0.000430331614405603,35.9600807780743,103
"{_RIDICHI ROSU LEGATURA,_ROSII CHERRY VRAC} => {_CEAPA VERDE LEGATURA}",0.000148241325363803,0.217758985200846,0.000680758707738629,28.0864625551058,103
"{_CEAPA VERDE LEGATURA,_ROSII CHERRY VRAC} => {_CASTRAVETI CORNISON}",0.000110821184980707,0.25752508361204,0.000430331614405603,15.4198359117315,77
"{_CASTRAVETI CORNISON,_CEAPA VERDE LEGATURA} => {_ROSII CHERRY VRAC}",0.000110821184980707,0.113905325443787,0.000972923649960493,11.7300875778233,77
"{_ARDEI ALB BIANCA,_CEAPA VERDE LEGATURA} => {_RIDICHI ROSU LEGATURA}",0.000132409727509416,0.295819935691318,0.00044760244842857,30.8803390891665,92
"{_ARDEI ALB BIANCA,_RIDICHI ROSU LEGATURA} => {_CEAPA VERDE LEGATURA}",0.000132409727509416,0.25,0.000529638910037665,32.2448951178764,92
"{_CEAPA VERDE LEGATURA,_RIDICHI ROSU LEGATURA} => {_CASTRAVETI CORNISON}",0.000269137163524574,0.124916499665999,0.00215453654436517,7.4796283938669,187
"{_CASTRAVETI CORNISON,_CEAPA VERDE LEGATURA} => {_RIDICHI ROSU LEGATURA}",0.000269137163524574,0.276627218934911,0.000972923649960493,28.8768311102498,187
"{_CASTRAVETI CORNISON,_RIDICHI ROSU LEGATURA} => {_CEAPA VERDE LEGATURA}",0.000269137163524574,0.283333333333333,0.000949895871263203,36.5442144669265,187
"{_CEAPA VERDE LEGATURA,PIEPT DE PUI FARA OS REFR.VRAC SZEKELY CSURKE} => {_RIDICHI ROSU LEGATURA}",0.000103625004137804,0.358208955223881,0.000289286469884703,37.3930647244546,72
"{_RIDICHI ROSU LEGATURA,PIEPT DE PUI FARA OS REFR.VRAC SZEKELY CSURKE} => {_CEAPA VERDE LEGATURA}",0.000103625004137804,0.277992277992278,0.000372762167662378,35.8553273897621,72
"{_CEAPA VERDE LEGATURA,_ROSII VRAC} => {_RIDICHI ROSU LEGATURA}",0.000136727436015158,0.26027397260274,0.000525321201531923,27.1697325309536,95
"{_RIDICHI ROSU LEGATURA,_ROSII VRAC} => {_CEAPA VERDE LEGATURA}",0.000136727436015158,0.252659574468085,0.00054115279938631,32.5879259170027,95
"{_CEAPA VERDE LEGATURA,_MERE ROSII} => {_RIDICHI ROSU LEGATURA}",0.000145362853026642,0.34006734006734,0.000427453142068441,35.4992801613895,101
"{_MERE ROSII,_RIDICHI ROSU LEGATURA} => {_CEAPA VERDE LEGATURA}",0.000145362853026642,0.246943765281174,0.00058864759294947,31.8507032460197,101
"{_CEAPA VERDE LEGATURA,_TELINA} => {_RIDICHI ROSU LEGATURA}",0.000146802089195222,0.356643356643357,0.000411621544214055,37.2296334975121,102
"{_RIDICHI ROSU LEGATURA,_TELINA} => {_CEAPA VERDE LEGATURA}",0.000146802089195222,0.293103448275862,0.000500854186666053,37.8043597933723,102
"{_CEAPA VERDE LEGATURA,LAPTE DE CONSUM 1.5% GRASIME FRISS CUTIE 1L} => {_RIDICHI ROSU LEGATURA}",0.000102185767969223,0.314159292035398,0.000325267374099218,32.7947656515912,71
"{_RIDICHI ROSU LEGATURA,LAPTE DE CONSUM 1.5% GRASIME FRISS CUTIE 1L} => {_CEAPA VERDE LEGATURA}",0.000102185767969223,0.247386759581882,0.000413060780382635,31.9078404650763,71
"{_CEAPA VERDE LEGATURA,PAINE DE CASA CU CARTOFI DOBOI KG} => {_RIDICHI ROSU LEGATURA}",0.000109381948812126,0.288973384030418,0.000378519112336701,30.1656345971044,76
"{_RIDICHI ROSU LEGATURA,PAINE DE CASA CU CARTOFI DOBOI KG} => {_CEAPA VERDE LEGATURA}",0.000109381948812126,0.200527704485488,0.000545470507892052,25.8639791974523,76
"{_CEAPA VERDE LEGATURA,_PATRUNJEL RADACINA KG} => {_RIDICHI ROSU LEGATURA}",0.000152559033869545,0.34983498349835,0.000436088559079925,36.5189144214902,106
"{_PATRUNJEL RADACINA KG,_RIDICHI ROSU LEGATURA} => {_CEAPA VERDE LEGATURA}",0.000152559033869545,0.257281553398058,0.000592965301455212,33.1840668203388,106
"{_ARDEI ROSU CAPIA,_CEAPA VERDE LEGATURA} => {_RIDICHI ROSU LEGATURA}",0.000200053827432705,0.310961968680089,0.000643338567355533,32.4610003522414,139
"{_ARDEI ROSU CAPIA,_RIDICHI ROSU LEGATURA} => {_CEAPA VERDE LEGATURA}",0.000200053827432705,0.204111600587372,0.000980119830803396,26.3262286131267,139
"{_CEAPA VERDE LEGATURA,APA MINERALA NATURALA CARBOGAZIFICATA CONTINUT REDUS CO2 TUSNAD 2L} => {_RIDICHI ROSU LEGATURA}",0.000103625004137804,0.234527687296417,0.000441845503754248,24.4821042658482,72
"{_RIDICHI ROSU LEGATURA,APA MINERALA NATURALA CARBOGAZIFICATA CONTINUT REDUS CO2 TUSNAD 2L} => {_CEAPA VERDE LEGATURA}",0.000103625004137804,0.237623762376238,0.000436088559079925,30.6486131813478,72
"{_CEAPA VERDE LEGATURA,_RIDICHI ROSU LEGATURA} => {_MORCOVI}",0.000227399314635737,0.105544422177689,0.00215453654436517,3.07040849968793,158
"{_CEAPA VERDE LEGATURA,_MORCOVI} => {_RIDICHI ROSU LEGATURA}",0.000227399314635737,0.311023622047244,0.00073113197363895,32.467436283881,158
"{_MORCOVI,_RIDICHI ROSU LEGATURA} => {_CEAPA VERDE LEGATURA}",0.000227399314635737,0.2528,0.000899522605362882,32.6060379431966,158
"{_CEAPA VERDE LEGATURA,CARNE TOCATA PORC VRAC} => {_RIDICHI ROSU LEGATURA}",0.000158315978543867,0.308988764044944,0.000512368076014698,32.2550195481309,110
"{_RIDICHI ROSU LEGATURA,CARNE TOCATA PORC VRAC} => {_CEAPA VERDE LEGATURA}",0.000158315978543867,0.24390243902439,0.000649095512029856,31.4584342613428,110
"{_CEAPA VERDE LEGATURA,_RIDICHI ROSU LEGATURA} => {PAINE CU CARTOFI FELII BACHUS 1.2 KG}",0.000228838550804317,0.106212424849699,0.00215453654436517,1.73291160351041,159
"{_CEAPA VERDE LEGATURA,PAINE CU CARTOFI FELII BACHUS 1.2 KG} => {_RIDICHI ROSU LEGATURA}",0.000228838550804317,0.2544,0.000899522605362882,26.5565545673077,159
"{_RIDICHI ROSU LEGATURA,PAINE CU CARTOFI FELII BACHUS 1.2 KG} => {_CEAPA VERDE LEGATURA}",0.000228838550804317,0.240909090909091,0.000949895871263203,31.0723534772263,159
"{_CEAPA VERDE LEGATURA,_RIDICHI ROSU LEGATURA} => {_BANANE}",0.000434649322911344,0.201736806947228,0.00215453654436517,2.62023284504018,302
"{_BANANE,_CEAPA VERDE LEGATURA} => {_RIDICHI ROSU LEGATURA}",0.000434649322911344,0.326133909287257,0.00133273269210565,34.0447836408664,302
"{_BANANE,_RIDICHI ROSU LEGATURA} => {_CEAPA VERDE LEGATURA}",0.000434649322911344,0.240829346092504,0.00180480215540009,31.0620680242382,302
"{_CASTRAVETI CORNISON,_CEAPA VERDE LEGATURA} => {_ROSII VRAC}",0.000126652782835094,0.130177514792899,0.000972923649960493,6.74187757795161,88
"{_CEAPA VERDE LEGATURA,_ROSII VRAC} => {_CASTRAVETI CORNISON}",0.000126652782835094,0.241095890410959,0.000525321201531923,14.4361046970105,88
"{_CASTRAVETI CORNISON,_CEAPA VERDE LEGATURA} => {_ARDEI ROSU CAPIA}",0.000146802089195222,0.150887573964497,0.000972923649960493,6.58244791417053,102
"{_ARDEI ROSU CAPIA,_CEAPA VERDE LEGATURA} => {_CASTRAVETI CORNISON}",0.000146802089195222,0.228187919463087,0.000643338567355533,13.663213795752,102
"{_CASTRAVETI CORNISON,_CEAPA VERDE LEGATURA} => {PAINE CU CARTOFI FELII BACHUS 1.2 KG}",0.000139605908352319,0.143491124260355,0.000972923649960493,2.3411332015383,97
"{_CEAPA VERDE LEGATURA,PAINE CU CARTOFI FELII BACHUS 1.2 KG} => {_CASTRAVETI CORNISON}",0.000139605908352319,0.1552,0.000899522605362882,9.29291430541193,97
"{_CASTRAVETI CORNISON,_CEAPA VERDE LEGATURA} => {_BANANE}",0.000185661465746899,0.190828402366864,0.000972923649960493,2.47855042029587,129
"{_BANANE,_CEAPA VERDE LEGATURA} => {_CASTRAVETI CORNISON}",0.000185661465746899,0.139308855291577,0.00133273269210565,8.34139983382508,129
"{_CEAPA GALBENA,_CEAPA VERDE LEGATURA} => {_MORCOVI}",0.000100746531800643,0.220125786163522,0.000457677101608634,6.40371201899327,70
"{_CEAPA VERDE LEGATURA,_MORCOVI} => {_CEAPA GALBENA}",0.000100746531800643,0.137795275590551,0.00073113197363895,7.8252512316222,70
"{_CEAPA VERDE LEGATURA,_ROSII VRAC} => {_BANANE}",0.000103625004137804,0.197260273972603,0.000525321201531923,2.56208996615994,72
"{_CEAPA VERDE LEGATURA,_MERE ROSII} => {_BANANE}",0.000130970491340836,0.306397306397306,0.000427453142068441,3.97960242358784,91
"{_CEAPA VERDE LEGATURA,_TELINA} => {_PATRUNJEL RADACINA KG}",0.000248987857164446,0.604895104895105,0.000411621544214055,29.8564312365904,173
"{_CEAPA VERDE LEGATURA,_PATRUNJEL RADACINA KG} => {_TELINA}",0.000248987857164446,0.570957095709571,0.000436088559079925,33.3648791035538,173
"{_CEAPA VERDE LEGATURA,_TELINA} => {_MORCOVI}",0.000286407997547542,0.695804195804196,0.000411621544214055,20.2417434558408,199
"{_CEAPA VERDE LEGATURA,_MORCOVI} => {_TELINA}",0.000286407997547542,0.391732283464567,0.00073113197363895,22.8915629159686,199
"{_CEAPA VERDE LEGATURA,_PATRUNJEL RADACINA KG} => {_MORCOVI}",0.000362687514482314,0.831683168316832,0.000436088559079925,24.1946188757211,252
"{_CEAPA VERDE LEGATURA,_MORCOVI} => {_PATRUNJEL RADACINA KG}",0.000362687514482314,0.496062992125984,0.00073113197363895,24.484692459191,252
"{_ARDEI ROSU CAPIA,_CEAPA VERDE LEGATURA} => {_BANANE}",0.000122335074329352,0.190156599552573,0.000643338567355533,2.46982479493264,85
"{_CEAPA VERDE LEGATURA,APA MINERALA NATURALA CARBOGAZIFICATA CONTINUT REDUS CO2 TUSNAD 2L} => {_BANANE}",0.000103625004137804,0.234527687296417,0.000441845503754248,3.04613302165596,72
"{_CEAPA VERDE LEGATURA,_MORCOVI} => {_BANANE}",0.000132409727509416,0.181102362204724,0.00073113197363895,2.35222498533604,92
"{_CEAPA VERDE LEGATURA,PAINE CU CARTOFI FELII BACHUS 1.2 KG} => {_BANANE}",0.000161194450881028,0.1792,0.000899522605362882,2.32751639592485,112
"{_BANANE,_CEAPA VERDE LEGATURA} => {PAINE CU CARTOFI FELII BACHUS 1.2 KG}",0.000161194450881028,0.120950323974082,0.00133273269210565,1.97336818323871,112
"{CEAFA DE PORC FARA OS,PULPE PUI CU SPATE REFR.VRAC SZEKELY CSURKE} => {CARNE TOCATA PORC VRAC}",0.000135288199846577,0.29375,0.000460555573945795,5.99821667352397,94
"{CEAFA DE PORC FARA OS,PULPE PORC FARA OS} => {COTLET PORC FARA OS}",0.00011801736582361,0.225274725274725,0.000523881965363342,12.0375150113287,82
"{CEAFA DE PORC FARA OS,COTLET PORC FARA OS} => {PULPE PORC FARA OS}",0.00011801736582361,0.110215053763441,0.00107079170942397,7.87767227142657,82
"{CEAFA DE PORC FARA OS,PULPE PORC FARA OS} => {CARNE TOCATA PORC VRAC}",0.000189979174252641,0.362637362637363,0.000523881965363342,7.40485948940999,132
"{CARNE TOCATA PORC VRAC,CEAFA DE PORC FARA OS} => {PULPE PORC FARA OS}",0.000189979174252641,0.105769230769231,0.0017961667383886,7.55990500344219,132
"{CEAFA DE PORC FARA OS,PIEPT DE PUI FARA OS REFR.VRAC SZEKELY CSURKE} => {COTLET PORC FARA OS}",0.0001410451445209,0.21826280623608,0.000646217039692694,11.6628343604791,98
"{CEAFA DE PORC FARA OS,COTLET PORC FARA OS} => {PIEPT DE PUI FARA OS REFR.VRAC SZEKELY CSURKE}",0.0001410451445209,0.131720430107527,0.00107079170942397,7.44013228227795,98
"{CEAFA DE PORC FARA OS,PIEPT DE PUI FARA OS REFR.VRAC SZEKELY CSURKE} => {CARNE TOCATA PORC VRAC}",0.000169829867892512,0.262806236080178,0.000646217039692694,5.36636169246707,118
"{CEAFA DE PORC FARA OS,COTLET PORC FARA OS} => {CARNE TOCATA PORC VRAC}",0.000335342027279282,0.313172043010753,0.00107079170942397,6.394804323638,233
"{CARNE TOCATA PORC VRAC,CEAFA DE PORC FARA OS} => {COTLET PORC FARA OS}",0.000335342027279282,0.186698717948718,0.0017961667383886,9.97621289810833,233
"{_CEAPA GALBENA,CEAFA DE PORC FARA OS} => {_MORCOVI}",0.000116578129655029,0.303370786516854,0.000384276057011023,8.82540471831079,81
"{_MORCOVI,CEAFA DE PORC FARA OS} => {_CEAPA GALBENA}",0.000116578129655029,0.16875,0.000690833360918693,9.58313802615448,81
"{_TELINA,CEAFA DE PORC FARA OS} => {_PATRUNJEL RADACINA KG}",0.000208689244444189,0.557692307692308,0.000374201403830959,27.526594116972,145
"{_PATRUNJEL RADACINA KG,CEAFA DE PORC FARA OS} => {_TELINA}",0.000208689244444189,0.491525423728814,0.00042457466973128,28.7231500620091,145
"{_TELINA,CEAFA DE PORC FARA OS} => {_MORCOVI}",0.000243230912490123,0.65,0.000374201403830959,18.9092467760844,169
"{_MORCOVI,CEAFA DE PORC FARA OS} => {_TELINA}",0.000243230912490123,0.352083333333333,0.000690833360918693,20.5746069876647,169
"{_PATRUNJEL RADACINA KG,CEAFA DE PORC FARA OS} => {_MORCOVI}",0.000319510429424896,0.752542372881356,0.00042457466973128,21.8923222127288,222
"{_MORCOVI,CEAFA DE PORC FARA OS} => {_PATRUNJEL RADACINA KG}",0.000319510429424896,0.4625,0.000690833360918693,22.8280892590751,222
"{_MORCOVI,CEAFA DE PORC FARA OS} => {CARNE TOCATA PORC VRAC}",0.000166951395555351,0.241666666666667,0.000690833360918693,4.93470307892752,116
"{CEAFA DE PORC FARA OS,PAINE CU CARTOFI FELII BACHUS 1.2 KG} => {CARNE TOCATA PORC VRAC}",0.000126652782835094,0.176352705410822,0.000718178848121725,3.60102719324681,88
"{_BANANE,CEAFA DE PORC FARA OS} => {CARNE TOCATA PORC VRAC}",0.000148241325363803,0.200779727095517,0.000738328154481853,4.09981381028058,103
"{_GULII,SPATE PORC FARA OS} => {_TELINA}",0.000107942712643546,0.477707006369427,0.000225960078467156,27.9156466119899,75
"{_TELINA,SPATE PORC FARA OS} => {_GULII}",0.000107942712643546,0.225225225225225,0.000479265644137343,27.7808298268089,75
"{_GULII,SPATE PORC FARA OS} => {_PATRUNJEL RADACINA KG}",0.00011801736582361,0.522292993630573,0.000225960078467156,25.7793536821368,82
"{_PATRUNJEL RADACINA KG,SPATE PORC FARA OS} => {_GULII}",0.00011801736582361,0.226519337016575,0.000521003493026181,27.9404544843773,82
"{_GULII,SPATE PORC FARA OS} => {_MORCOVI}",0.000135288199846577,0.598726114649682,0.000225960078467156,17.4176305433801,94
"{_MORCOVI,SPATE PORC FARA OS} => {_GULII}",0.000135288199846577,0.154098360655738,0.000877934062834173,19.0075526828147,94
"{PULPE PUI CU SPATE REFR.VRAC SZEKELY CSURKE,SPATE PORC FARA OS} => {CARNE TOCATA PORC VRAC}",0.000200053827432705,0.307522123893805,0.000650534748198436,6.27943602048451,139
"{CARNE TOCATA PORC VRAC,SPATE PORC FARA OS} => {PULPE PUI CU SPATE REFR.VRAC SZEKELY CSURKE}",0.000200053827432705,0.104119850187266,0.00192138028505512,7.91161695846072,139
"{PULPE PORC FARA OS,SPATE PORC FARA OS} => {CARNE TOCATA PORC VRAC}",0.000109381948812126,0.256756756756757,0.000426013905899861,5.24283458525384,76
"{PIEPT DE PUI FARA OS REFR.VRAC SZEKELY CSURKE,SPATE PORC FARA OS} => {CARNE TOCATA PORC VRAC}",0.000159755214712448,0.284615384615385,0.000561302105746438,5.81169275077936,111
"{COTLET PORC FARA OS,SPATE PORC FARA OS} => {CARNE TOCATA PORC VRAC}",0.000264819455018832,0.323943661971831,0.000817486143753787,6.61475497709565,184
"{CARNE TOCATA PORC VRAC,SPATE PORC FARA OS} => {COTLET PORC FARA OS}",0.000264819455018832,0.137827715355805,0.00192138028505512,7.36479953776152,184
"{_CEAPA GALBENA,SPATE PORC FARA OS} => {_MORCOVI}",0.000138166672183739,0.236453201970443,0.000584329884443728,6.87869530316068,96
"{_MORCOVI,SPATE PORC FARA OS} => {_CEAPA GALBENA}",0.000138166672183739,0.157377049180328,0.000877934062834172,8.9372799078162,96
"{_TELINA,SPATE PORC FARA OS} => {_PATRUNJEL RADACINA KG}",0.000280651052873219,0.585585585585586,0.000479265644137343,28.9033513871903,195
"{_PATRUNJEL RADACINA KG,SPATE PORC FARA OS} => {_TELINA}",0.000280651052873219,0.538674033149171,0.000521003493026181,31.4783617320837,195
"{_TELINA,SPATE PORC FARA OS} => {_MORCOVI}",0.000318071193256315,0.663663663663664,0.000479265644137343,19.3067384500562,221
"{_MORCOVI,SPATE PORC FARA OS} => {_TELINA}",0.000318071193256315,0.362295081967213,0.000877934062834173,21.1713484261468,221
"{_PATRUNJEL RADACINA KG,SPATE PORC FARA OS} => {_MORCOVI}",0.000398668418696829,0.765193370165746,0.000521003493026181,22.2603542582889,277
"{_MORCOVI,SPATE PORC FARA OS} => {_PATRUNJEL RADACINA KG}",0.000398668418696829,0.454098360655738,0.000877934062834173,22.4134008852948,277
"{_MORCOVI,SPATE PORC FARA OS} => {CARNE TOCATA PORC VRAC}",0.00014248438068948,0.162295081967213,0.000877934062834173,3.3139780993589,99
"{_MORCOVI,SPATE PORC FARA OS} => {_BANANE}",0.000102185767969223,0.116393442622951,0.000877934062834173,1.5117614178742,71
"{_BANANE,SPATE PORC FARA OS} => {_MORCOVI}",0.000102185767969223,0.140039447731755,0.00072969273747037,4.07390842391744,71
"{PAINE CU CARTOFI FELII BACHUS 1.2 KG,SPATE PORC FARA OS} => {CARNE TOCATA PORC VRAC}",0.000103625004137804,0.166281755196305,0.000623189260995405,3.39538381794487,72
"{_BANANE,SPATE PORC FARA OS} => {CARNE TOCATA PORC VRAC}",0.000128092019003674,0.175542406311637,0.00072969273747037,3.58448132237951,89
"{_ARDEI GRAS ROMANIA,_GULII} => {_TELINA}",0.000130970491340836,0.565217391304348,0.000231717023141478,33.0294694116356,91
"{_ARDEI GRAS ROMANIA,_TELINA} => {_GULII}",0.000130970491340836,0.182364729458918,0.000718178848121725,22.4941212088654,91
"{_ARDEI GRAS ROMANIA,_GULII} => {_PATRUNJEL RADACINA KG}",0.000149680561532384,0.645962732919255,0.000231717023141478,31.8834484867391,104
"{_ARDEI GRAS ROMANIA,_PATRUNJEL RADACINA KG} => {_GULII}",0.000149680561532384,0.187725631768953,0.000797336837393658,23.1553718065474,104
"{_ARDEI GRAS ROMANIA,_GULII} => {_MORCOVI}",0.000159755214712448,0.68944099378882,0.000231717023141478,20.056630598618,111
"{_ARDEI GRAS ROMANIA,_MORCOVI} => {_GULII}",0.000159755214712448,0.131672597864769,0.00121327609011346,16.2414047115593,111
"{_ARDEI GRAS ROMANIA,_ROSII DE GRADINA ROMANIA} => {_CASTRAVETI CORNISON}",0.000129531255172255,0.218978102189781,0.000591526065286631,13.1117573351248,90
"{_ARDEI GRAS ROMANIA,_CASTRAVETI CORNISON} => {_ROSII DE GRADINA ROMANIA}",0.000129531255172255,0.164835164835165,0.000785822948045014,16.3777513777514,90
"{_ARDEI GRAS ROMANIA,_ROSII DE GRADINA ROMANIA} => {_CEAPA GALBENA}",0.000100746531800643,0.170316301703163,0.000591526065286631,9.67208668044788,70
"{_ARDEI GRAS ROMANIA,_CEAPA GALBENA} => {_ROSII DE GRADINA ROMANIA}",0.000100746531800643,0.102189781021898,0.000985876775477718,10.1534088833359,70
"{_CEAPA GALBENA,_ROSII DE GRADINA ROMANIA} => {_ARDEI GRAS ROMANIA}",0.000100746531800643,0.159453302961276,0.000631824678006888,17.7094353884963,70
"{_ARDEI GRAS ROMANIA,_CARTOFI ALBI} => {_CEAPA GALBENA}",0.000115138893486449,0.247678018575851,0.000464873282451537,14.0653785958924,80
"{_ARDEI GRAS ROMANIA,_CEAPA GALBENA} => {_CARTOFI ALBI}",0.000115138893486449,0.116788321167883,0.000985876775477718,8.47655320125566,80
"{_ARDEI GRAS ROMANIA,_CARTOFI ALBI} => {_MORCOVI}",0.000105064240306385,0.226006191950464,0.000464873282451537,6.57477977925297,73
"{_ARDEI GRAS ROMANIA,_USTUROI} => {_MORCOVI}",0.00011801736582361,0.316602316602317,0.000372762167662378,9.21032513002032,82
"{_ARDEI GRAS ROMANIA,_CASTRAVETI CORNISON} => {_ROSII VRAC}",0.000191418410421221,0.243589743589744,0.000785822948045014,12.6154830435913,133
"{_ARDEI GRAS ROMANIA,_ROSII VRAC} => {_CASTRAVETI CORNISON}",0.000191418410421221,0.129756097560976,0.00147521707279513,7.7694091188068,133
"{_ARDEI GRAS ROMANIA,COTLET PORC FARA OS} => {CARNE TOCATA PORC VRAC}",0.000122335074329352,0.352697095435685,0.000346855916627927,7.2018845907942,85
"{_ARDEI GRAS ROMANIA,_CEAPA GALBENA} => {_ROSII VRAC}",0.000223081606129995,0.226277372262774,0.000985876775477718,11.7188774488681,155
"{_ARDEI GRAS ROMANIA,_ROSII VRAC} => {_CEAPA GALBENA}",0.000223081606129995,0.151219512195122,0.00147521707279513,8.58759974882135,155
"{_CEAPA GALBENA,_ROSII VRAC} => {_ARDEI GRAS ROMANIA}",0.000223081606129995,0.184085510688836,0.00121183685394487,20.4451735834786,155
"{_ARDEI GRAS ROMANIA,_CEAPA GALBENA} => {_TELINA}",0.000106503476474965,0.108029197080292,0.000985876775477718,6.3128755686248,74
"{_ARDEI GRAS ROMANIA,_TELINA} => {_CEAPA GALBENA}",0.000106503476474965,0.148296593186373,0.000718178848121725,8.42161020037623,74
"{_ARDEI GRAS ROMANIA,_CEAPA GALBENA} => {_PATRUNJEL RADACINA KG}",0.000123774310497933,0.125547445255474,0.000985876775477718,6.19677467360176,86
"{_ARDEI GRAS ROMANIA,_PATRUNJEL RADACINA KG} => {_CEAPA GALBENA}",0.000123774310497933,0.155234657039711,0.000797336837393658,8.8156156732107,86
"{_ARDEI GRAS ROMANIA,_CEAPA GALBENA} => {_ARDEI ROSU CAPIA}",0.0001410451445209,0.143065693430657,0.000985876775477719,6.24121954226377,98
"{_ARDEI GRAS ROMANIA,_ARDEI ROSU CAPIA} => {_CEAPA GALBENA}",0.0001410451445209,0.142441860465116,0.00099019448398346,8.08912598245597,98
"{_ARDEI GRAS ROMANIA,_CEAPA GALBENA} => {_MORCOVI}",0.000201493063601286,0.204379562043796,0.000985876775477718,5.94563626872952,140
"{_ARDEI GRAS ROMANIA,_MORCOVI} => {_CEAPA GALBENA}",0.000201493063601286,0.166073546856465,0.00121327609011346,9.43114501936911,140
"{_ARDEI GRAS ROMANIA,_CEAPA GALBENA} => {CARNE TOCATA PORC VRAC}",0.000113699657317868,0.115328467153285,0.000985876775477719,2.35494513910057,79
"{_ARDEI GRAS ROMANIA,_CEAPA GALBENA} => {PAINE CU CARTOFI FELII BACHUS 1.2 KG}",0.000151119797700964,0.153284671532847,0.000985876775477718,2.50092007894031,105
"{_ARDEI GRAS ROMANIA,PAINE CU CARTOFI FELII BACHUS 1.2 KG} => {_CEAPA GALBENA}",0.000151119797700964,0.16380655226209,0.000922550384060172,9.30240474024355,105
"{_ARDEI GRAS ROMANIA,_CEAPA GALBENA} => {_BANANE}",0.000103625004137804,0.105109489051095,0.000985876775477718,1.36520122284435,72
"{_ARDEI GRAS ROMANIA,_BANANE} => {_CEAPA GALBENA}",0.000103625004137804,0.102418207681366,0.00101178302651217,5.81622412208522,72
"{_ARDEI GRAS ROMANIA,_PATRUNJEL RADACINA KG} => {_ROSII VRAC}",0.000100746531800643,0.126353790613718,0.000797336837393658,6.5438473701319,70
"{_PATRUNJEL RADACINA KG,_ROSII VRAC} => {_ARDEI GRAS ROMANIA}",0.000100746531800643,0.121107266435986,0.000831878505439593,13.4505919300171,70
"{_ARDEI GRAS ROMANIA,_ROSII VRAC} => {_ARDEI ROSU CAPIA}",0.000168390631723931,0.114146341463415,0.00147521707279513,4.97961712508442,117
"{_ARDEI GRAS ROMANIA,_ARDEI ROSU CAPIA} => {_ROSII VRAC}",0.000168390631723931,0.170058139534884,0.00099019448398346,8.8072902582477,117
"{_ARDEI GRAS ROMANIA,_ROSII VRAC} => {_MORCOVI}",0.000153998270038125,0.104390243902439,0.00147521707279513,3.03683212764132,107
"{_ARDEI GRAS ROMANIA,_MORCOVI} => {_ROSII VRAC}",0.000153998270038125,0.126927639383155,0.00121327609011346,6.57356692775256,107
"{_MORCOVI,_ROSII VRAC} => {_ARDEI GRAS ROMANIA}",0.000153998270038125,0.114438502673797,0.00134568581762287,12.7099359588057,107
"{_ARDEI GRAS ROMANIA,CARNE TOCATA PORC VRAC} => {_ROSII VRAC}",0.000139605908352319,0.101041666666667,0.00138166672183739,5.23293556512125,97
"{_ROSII VRAC,CARNE TOCATA PORC VRAC} => {_ARDEI GRAS ROMANIA}",0.000139605908352319,0.109111361079865,0.00127948095386816,12.1182851863786,97
"{_ARDEI GRAS ROMANIA,PAINE CU CARTOFI FELII BACHUS 1.2 KG} => {_ROSII VRAC}",0.000143923616858061,0.15600624024961,0.000922550384060172,8.07954411199704,100
"{_ARDEI GRAS ROMANIA,_ROSII VRAC} => {_BANANE}",0.000174147576398254,0.118048780487805,0.00147521707279513,1.53326156308203,121
"{_ARDEI GRAS ROMANIA,_BANANE} => {_ROSII VRAC}",0.000174147576398254,0.172119487908962,0.00101178302651217,8.91404723855764,121
"{_ARDEI GRAS ROMANIA,_TELINA} => {_PATRUNJEL RADACINA KG}",0.000463434046282957,0.645290581162325,0.000718178848121725,31.8502723995978,322
"{_ARDEI GRAS ROMANIA,_PATRUNJEL RADACINA KG} => {_TELINA}",0.000463434046282957,0.581227436823105,0.000797336837393658,33.9650444963307,322
"{_ARDEI GRAS ROMANIA,_TELINA} => {_MORCOVI}",0.000526760437700504,0.733466933867735,0.000718178848121725,21.3373957763123,366
"{_ARDEI GRAS ROMANIA,_MORCOVI} => {_TELINA}",0.000526760437700504,0.434163701067616,0.00121327609011346,25.3711172102517,366
"{_ARDEI GRAS ROMANIA,_TELINA} => {CARNE TOCATA PORC VRAC}",0.000113699657317868,0.158316633266533,0.000718178848121725,3.2327403212102,79
"{_ARDEI GRAS ROMANIA,_PATRUNJEL RADACINA KG} => {_ARDEI ROSU CAPIA}",0.000100746531800643,0.126353790613718,0.000797336837393658,5.51216527391785,70
"{_ARDEI GRAS ROMANIA,_ARDEI ROSU CAPIA} => {_PATRUNJEL RADACINA KG}",0.000100746531800643,0.101744186046512,0.00099019448398346,5.02189267170099,70
"{_ARDEI GRAS ROMANIA,_PATRUNJEL RADACINA KG} => {_MORCOVI}",0.000646217039692694,0.810469314079422,0.000797336837393658,23.5774834836487,449
"{_ARDEI GRAS ROMANIA,_MORCOVI} => {_PATRUNJEL RADACINA KG}",0.000646217039692694,0.532621589561091,0.00121327609011346,26.2891528385104,449
"{_ARDEI GRAS ROMANIA,_PATRUNJEL RADACINA KG} => {CARNE TOCATA PORC VRAC}",0.00011801736582361,0.148014440433213,0.000797336837393658,3.02237509626832,82
"{_ARDEI GRAS ROMANIA,_ARDEI ROSU CAPIA} => {_MORCOVI}",0.00016551215938677,0.167151162790698,0.00099019448398346,4.86261936325963,115
"{_ARDEI GRAS ROMANIA,_MORCOVI} => {_ARDEI ROSU CAPIA}",0.00016551215938677,0.136417556346382,0.00121327609011346,5.95119555331818,115
"{_ARDEI GRAS ROMANIA,_ARDEI ROSU CAPIA} => {CARNE TOCATA PORC VRAC}",0.000110821184980707,0.111918604651163,0.00099019448398346,2.28531758466772,77
"{_ARDEI GRAS ROMANIA,_ARDEI ROSU CAPIA} => {PAINE CU CARTOFI FELII BACHUS 1.2 KG}",0.000105064240306385,0.106104651162791,0.00099019448398346,1.73115321909482,73
"{_ARDEI GRAS ROMANIA,PAINE CU CARTOFI FELII BACHUS 1.2 KG} => {_ARDEI ROSU CAPIA}",0.000105064240306385,0.113884555382215,0.000922550384060172,4.96819674632907,73
"{_ARDEI GRAS ROMANIA,_ARDEI ROSU CAPIA} => {_BANANE}",0.000132409727509416,0.133720930232558,0.000990194483983461,1.73681728568417,92
"{_ARDEI GRAS ROMANIA,_BANANE} => {_ARDEI ROSU CAPIA}",0.000132409727509416,0.130867709815078,0.00101178302651217,5.70908432597124,92
"{_ARDEI GRAS ROMANIA,_MORCOVI} => {CARNE TOCATA PORC VRAC}",0.000231717023141478,0.190984578884935,0.00121327609011346,3.89980216324619,161
"{_ARDEI GRAS ROMANIA,CARNE TOCATA PORC VRAC} => {_MORCOVI}",0.000231717023141478,0.167708333333333,0.00138166672183739,4.8788280944705,161
"{_ARDEI GRAS ROMANIA,PAINE CU CARTOFI FELII BACHUS 1.2 KG} => {_MORCOVI}",0.000106503476474965,0.115444617784711,0.000922550384060172,3.35841656409515,74
"{_ARDEI GRAS ROMANIA,_MORCOVI} => {_BANANE}",0.000136727436015158,0.112692763938316,0.00121327609011346,1.46369562370825,95
"{_ARDEI GRAS ROMANIA,_BANANE} => {_MORCOVI}",0.000136727436015158,0.135135135135135,0.00101178302651217,3.93123633598428,95
"{_ARDEI GRAS ROMANIA,CARNE TOCATA PORC VRAC} => {PAINE CU CARTOFI FELII BACHUS 1.2 KG}",0.000145362853026642,0.105208333333333,0.00138166672183739,1.71652932203854,101
"{_ARDEI GRAS ROMANIA,PAINE CU CARTOFI FELII BACHUS 1.2 KG} => {CARNE TOCATA PORC VRAC}",0.000145362853026642,0.157566302652106,0.000922550384060172,3.21741897447961,101
"{_ARDEI GRAS ROMANIA,CARNE TOCATA PORC VRAC} => {_BANANE}",0.000156876742375287,0.113541666666667,0.00138166672183739,1.47472148876842,109
"{_ARDEI GRAS ROMANIA,_BANANE} => {CARNE TOCATA PORC VRAC}",0.000156876742375287,0.155049786628734,0.00101178302651217,3.16603307364359,109
"{_ARDEI GRAS ROMANIA,PAINE CU CARTOFI FELII BACHUS 1.2 KG} => {_BANANE}",0.000110821184980707,0.1201248049922,0.000922550384060172,1.5602257431731,77
"{_ARDEI GRAS ROMANIA,_BANANE} => {PAINE CU CARTOFI FELII BACHUS 1.2 KG}",0.000110821184980707,0.109530583214794,0.00101178302651217,1.787049103349,77
"{SMANTANA 20% GRASIME FRISS 300G,UNT 65% GRASIME FRISS 180G} => {LAPTE DE CONSUM 1.5% GRASIME FRISS CUTIE 1L}",0.000100746531800643,0.14957264957265,0.000673562526895726,6.9053170343868,70
"{LAPTE DE CONSUM 1.5% GRASIME FRISS CUTIE 1L,UNT 65% GRASIME FRISS 180G} => {SMANTANA 20% GRASIME FRISS 300G}",0.000100746531800643,0.112359550561798,0.000896644133025721,7.61944919036642,70
"{_MERE ROSII,UNT 65% GRASIME FRISS 180G} => {_BANANE}",0.000109381948812126,0.361904761904762,0.000302239595401928,4.70055394585164,76
"{_TELINA,UNT 65% GRASIME FRISS 180G} => {_PATRUNJEL RADACINA KG}",0.000224520842298575,0.624,0.000359809042145153,30.79941123819,156
"{_PATRUNJEL RADACINA KG,UNT 65% GRASIME FRISS 180G} => {_TELINA}",0.000224520842298575,0.541666666666667,0.000414500016551216,31.6532415194842,156
"{_TELINA,UNT 65% GRASIME FRISS 180G} => {_MORCOVI}",0.000241791676321543,0.672,0.000359809042145153,19.5492520515826,168
"{_MORCOVI,UNT 65% GRASIME FRISS 180G} => {_TELINA}",0.000241791676321543,0.371681415929204,0.000650534748198436,21.7198553108509,168
"{_LAMAIE^2 A nu se consuma coaja,UNT 65% GRASIME FRISS 180G} => {_BANANE}",0.000119456601992191,0.211195928753181,0.00056561981425218,2.74309144489735,83
"{_BANANE,UNT 65% GRASIME FRISS 180G} => {_LAMAIE^2 A nu se consuma coaja}",0.000119456601992191,0.10427135678392,0.00114563199019017,5.28131609717929,83
"{LAPTE DE CONSUM 1.5% GRASIME FRISS CUTIE 1L,UNT 65% GRASIME FRISS 180G} => {_BANANE}",0.000133848963677997,0.149277688603531,0.00089664413302572,1.93887426211207,93
"{_BANANE,UNT 65% GRASIME FRISS 180G} => {LAPTE DE CONSUM 1.5% GRASIME FRISS CUTIE 1L}",0.000133848963677997,0.116834170854271,0.00114563199019017,5.3938804487554,93
"{PAINE DE CASA CU CARTOFI DOBOI KG,UNT 65% GRASIME FRISS 180G} => {_BANANE}",0.000102185767969223,0.179292929292929,0.000569937522757922,2.32872339622036,71
"{_PATRUNJEL RADACINA KG,UNT 65% GRASIME FRISS 180G} => {_MORCOVI}",0.000336781263447863,0.8125,0.000414500016551216,23.6365584701055,234
"{_MORCOVI,UNT 65% GRASIME FRISS 180G} => {_PATRUNJEL RADACINA KG}",0.000336781263447863,0.517699115044248,0.000650534748198436,25.5526088812417,234
"{_ARDEI ROSU CAPIA,UNT 65% GRASIME FRISS 180G} => {_BANANE}",0.000123774310497933,0.229946524064171,0.000538274327049148,2.98663116598932,86
"{_BANANE,UNT 65% GRASIME FRISS 180G} => {_ARDEI ROSU CAPIA}",0.000123774310497933,0.108040201005025,0.00114563199019017,4.71323765812171,86
"{_MORCOVI,UNT 65% GRASIME FRISS 180G} => {_BANANE}",0.000116578129655029,0.179203539823009,0.000650534748198436,2.32756237246554,81
"{_BANANE,UNT 65% GRASIME FRISS 180G} => {_MORCOVI}",0.000116578129655029,0.101758793969849,0.00114563199019017,2.96028022586555,81
"{PAINE CU CARTOFI FELII BACHUS 1.2 KG,UNT 65% GRASIME FRISS 180G} => {_BANANE}",0.000109381948812126,0.144486692015209,0.000757038224673401,1.87664701260236,76
"{_MERE GOLDEN,APA MINERALA NATURALA PLATA PERLA HARGHITEI 2L ROZ} => {_BANANE}",0.000158315978543867,0.381944444444444,0.000414500016551216,4.96083681237083,110
"{APA MINERALA NATURALA PLATA PERLA HARGHITEI 2L ROZ,DANONE ACTIVIA NATUR 125G} => {_BANANE}",0.000177026048735415,0.341666666666667,0.00051812502068902,4.43769402124809,123
"{_MERE ROSII,APA MINERALA NATURALA PLATA PERLA HARGHITEI 2L ROZ} => {_BANANE}",0.000153998270038125,0.326219512195122,0.00047206946329444,4.23706062112028,107
"{_TELINA,APA MINERALA NATURALA PLATA PERLA HARGHITEI 2L ROZ} => {_MORCOVI}",0.000112260421149288,0.595419847328244,0.00018853993808406,17.3214474284743,78
"{_MORCOVI,APA MINERALA NATURALA PLATA PERLA HARGHITEI 2L ROZ} => {_TELINA}",0.000112260421149288,0.34061135371179,0.00032958508260496,19.9042217415097,78
"{APA MINERALA NATURALA PLATA PERLA HARGHITEI 2L ROZ,PAINE DE CASA CU CARTOFI DOBOI KG} => {_BANANE}",0.000125213546666513,0.183157894736842,0.00068363718007579,2.37892300805289,87
"{_PATRUNJEL RADACINA KG,APA MINERALA NATURALA PLATA PERLA HARGHITEI 2L ROZ} => {_MORCOVI}",0.000148241325363803,0.8046875,0.000184222229578318,23.4092838694314,103
"{_MORCOVI,APA MINERALA NATURALA PLATA PERLA HARGHITEI 2L ROZ} => {_PATRUNJEL RADACINA KG}",0.000148241325363803,0.449781659388646,0.00032958508260496,22.2003370110679,103
"{APA MINERALA NATURALA PLATA PERLA HARGHITEI 2L ROZ,PAINE CU CARTOFI FELII BACHUS 1.2 KG} => {_BANANE}",0.000146802089195222,0.189944134078212,0.000772869822527788,2.46706521415618,102
"{_CASTRAVETI FABIO,_GULII} => {_MORCOVI}",0.000119456601992191,0.568493150684932,0.000210128480612769,16.5381188874079,83
"{_CASTRAVETI FABIO,_MORCOVI} => {_GULII}",0.000119456601992191,0.161165048543689,0.000741206626819015,19.87920661704,83
"{_GULII,_ROSII CHERRY VRAC} => {_MORCOVI}",0.000115138893486449,0.559440559440559,0.000205810772107027,16.2747686077112,80
"{_MORCOVI,_ROSII CHERRY VRAC} => {_GULII}",0.000115138893486449,0.167014613778706,0.000689394124750113,20.6007322640554,80
"{_ARDEI ROSU CALIFORNIA,_GULII} => {_TELINA}",0.000109381948812126,0.429378531073446,0.000254744801838768,25.0914874104907,76
"{_ARDEI ROSU CALIFORNIA,_TELINA} => {_GULII}",0.000109381948812126,0.197916666666667,0.000552666688734955,24.4124042103083,76
"{_ARDEI ROSU CALIFORNIA,_GULII} => {_PATRUNJEL RADACINA KG}",0.000126652782835094,0.497175141242938,0.000254744801838768,24.5395859495936,88
"{_ARDEI ROSU CALIFORNIA,_PATRUNJEL RADACINA KG} => {_GULII}",0.000126652782835094,0.209026128266033,0.000605918426972437,25.7827216862964,88
"{_ARDEI ROSU CALIFORNIA,_GULII} => {_MORCOVI}",0.000158315978543867,0.621468926553672,0.000254744801838768,18.0792450705718,110
"{_ARDEI ROSU CALIFORNIA,_MORCOVI} => {_GULII}",0.000158315978543867,0.155148095909732,0.00102041844352365,19.1370342558723,110
"{_GULII,PASTE ATA PAIANJENULUI CU 8 OUA GYERMELYI 250G} => {PULPE PUI CU SPATE REFR.VRAC SZEKELY CSURKE}",0.000109381948812126,0.184914841849148,0.000591526065286631,14.0508788287109,76
"{_GULII,PULPE PUI CU SPATE REFR.VRAC SZEKELY CSURKE} => {PASTE ATA PAIANJENULUI CU 8 OUA GYERMELYI 250G}",0.000109381948812126,0.273381294964029,0.00040010765486541,30.8508815491054,76
"{PASTE ATA PAIANJENULUI CU 8 OUA GYERMELYI 250G,PULPE PUI CU SPATE REFR.VRAC SZEKELY CSURKE} => {_GULII}",0.000109381948812126,0.20159151193634,0.00054259203555489,24.8656849250886,76
"{_GULII,PASTE ATA PAIANJENULUI CU 8 OUA GYERMELYI 250G} => {_TELINA}",0.000333902791110702,0.564476885644769,0.000591526065286631,32.9861966648864,232
"{_TELINA,PASTE ATA PAIANJENULUI CU 8 OUA GYERMELYI 250G} => {_GULII}",0.000333902791110702,0.256353591160221,0.00130250873256545,31.6204167823197,232
"{_GULII,PASTE ATA PAIANJENULUI CU 8 OUA GYERMELYI 250G} => {_PATRUNJEL RADACINA KG}",0.000355491333639411,0.600973236009732,0.000591526065286631,29.6628555112332,247
"{_PATRUNJEL RADACINA KG,PASTE ATA PAIANJENULUI CU 8 OUA GYERMELYI 250G} => {_GULII}",0.000355491333639411,0.233901515151515,0.00151983339402113,28.8510231576371,247
"{_GULII,PASTE ATA PAIANJENULUI CU 8 OUA GYERMELYI 250G} => {_MORCOVI}",0.000420256961225538,0.710462287104623,0.000591526065286631,20.6681641722502,292
"{_MORCOVI,PASTE ATA PAIANJENULUI CU 8 OUA GYERMELYI 250G} => {_GULII}",0.000420256961225538,0.207386363636364,0.0020264445253615,25.5804618280264,292
"{_GULII,_RIDICHI ROSU LEGATURA} => {_TELINA}",0.000130970491340836,0.408071748878924,0.000320949665593476,23.8463882299253,91
"{_RIDICHI ROSU LEGATURA,_TELINA} => {_GULII}",0.000130970491340836,0.261494252873563,0.000500854186666053,32.2545013885743,91
"{_GULII,_RIDICHI ROSU LEGATURA} => {_PATRUNJEL RADACINA KG}",0.000151119797700964,0.47085201793722,0.000320949665593476,23.2403284179167,105
"{_PATRUNJEL RADACINA KG,_RIDICHI ROSU LEGATURA} => {_GULII}",0.000151119797700964,0.254854368932039,0.000592965301455212,31.4354923914036,105
"{_GULII,_RIDICHI ROSU LEGATURA} => {_MORCOVI}",0.000175586812566835,0.547085201793722,0.000320949665593476,15.9153370588637,122
"{_MORCOVI,_RIDICHI ROSU LEGATURA} => {_GULII}",0.000175586812566835,0.1952,0.000899522605362882,24.0773118409373,122
"{_ARDEI IUTE,_GULII} => {_TELINA}",0.000172708340229673,0.568720379146919,0.000303678831570509,33.2341726489662,120
"{_ARDEI IUTE,_TELINA} => {_GULII}",0.000172708340229673,0.254777070063694,0.000677880235401468,31.4259578168233,120
"{_ARDEI IUTE,_GULII} => {_PATRUNJEL RADACINA KG}",0.000171269104061093,0.563981042654028,0.000303678831570509,27.8369936910971,119
"{_ARDEI IUTE,_PATRUNJEL RADACINA KG} => {_GULII}",0.000171269104061093,0.235643564356436,0.000726814265133208,29.0658994995896,119
"{_ARDEI IUTE,_GULII} => {_MORCOVI}",0.00018853993808406,0.62085308056872,0.000303678831570509,18.0613294033325,131
"{_ARDEI IUTE,_MORCOVI} => {_GULII}",0.00018853993808406,0.165195460277427,0.00114131428168442,20.3763453473709,131
"{_GULII,_MERE GOLDEN} => {_MORCOVI}",0.000119456601992191,0.619402985074627,0.000192857646589802,18.0191444594145,83
"{_MERE GOLDEN,_MORCOVI} => {_GULII}",0.000119456601992191,0.155722326454034,0.000767112877853466,19.2078638044571,83
"{_GULII,ELAN ULEI RAFINAT DE FLOAREA SOARELUI 1L} => {_PATRUNJEL RADACINA KG}",0.000102185767969223,0.596638655462185,0.000171269104061093,29.4489091509304,71
"{_PATRUNJEL RADACINA KG,ELAN ULEI RAFINAT DE FLOAREA SOARELUI 1L} => {_GULII}",0.000102185767969223,0.208211143695015,0.000490779533485988,25.6821958786018,71
"{_ARDEI ALB BIANCA,_GULII} => {_CEAPA GALBENA}",0.000100746531800643,0.186170212765957,0.00054115279938631,10.5724138980428,70
"{_CEAPA GALBENA,_GULII} => {_ARDEI ALB BIANCA}",0.000100746531800643,0.125448028673835,0.000803093782067981,12.4911036324095,70
"{_ARDEI ALB BIANCA,_GULII} => {_TELINA}",0.000313753484750573,0.579787234042553,0.00054115279938631,33.8808837213464,218
"{_ARDEI ALB BIANCA,_TELINA} => {_GULII}",0.000313753484750573,0.257378984651712,0.00121903303478778,31.7468958748109,218
"{_ARDEI ALB BIANCA,_GULII} => {_PATRUNJEL RADACINA KG}",0.000320949665593476,0.593085106382979,0.00054115279938631,29.2735129659215,223
"{_ARDEI ALB BIANCA,_PATRUNJEL RADACINA KG} => {_GULII}",0.000320949665593476,0.246954595791805,0.00129963026022829,30.4610799868439,223
"{_ARDEI ALB BIANCA,_GULII} => {_MORCOVI}",0.000364126750650895,0.672872340425532,0.00054115279938631,19.5746294367813,253
"{_ARDEI ALB BIANCA,_MORCOVI} => {_GULII}",0.000364126750650895,0.188665175242356,0.0019300157020666,23.2712615667792,253
"{_GULII,OUA PROASPETE M DIN GHEORGHENI 1*10} => {_PATRUNJEL RADACINA KG}",0.000103625004137804,0.447204968944099,0.000231717023141478,22.0731566446655,72
"{_PATRUNJEL RADACINA KG,OUA PROASPETE M DIN GHEORGHENI 1*10} => {_GULII}",0.000103625004137804,0.164009111617312,0.000631824678006888,20.2300129362967,72
"{_GULII,OUA PROASPETE M DIN GHEORGHENI 1*10} => {_MORCOVI}",0.000130970491340836,0.565217391304348,0.000231717023141478,16.4428232835517,91
"{_MORCOVI,OUA PROASPETE M DIN GHEORGHENI 1*10} => {_GULII}",0.000130970491340836,0.119736842105263,0.00109381948812126,14.7691664252946,91
"{_GULII,OUA PROASPETE} => {_TELINA}",0.000100746531800643,0.443037974683544,0.000227399314635737,25.8897009506979,70
"{_TELINA,OUA PROASPETE} => {_GULII}",0.000100746531800643,0.159817351598174,0.000630385441838308,19.7129723976534,70
"{_GULII,OUA PROASPETE} => {_PATRUNJEL RADACINA KG}",0.000110821184980707,0.487341772151899,0.000227399314635737,24.0542302148311,77
"{_PATRUNJEL RADACINA KG,OUA PROASPETE} => {_GULII}",0.000110821184980707,0.147227533460803,0.00075272051616766,18.1600575548555,77
"{_GULII,OUA PROASPETE} => {_MORCOVI}",0.000119456601992191,0.525316455696203,0.000227399314635737,15.2820592250731,83
"{_GULII,PULPE PUI CU SPATE REFR.VRAC SZEKELY CSURKE} => {_TELINA}",0.000215885425287092,0.539568345323741,0.00040010765486541,31.5306224322476,150
"{_TELINA,PULPE PUI CU SPATE REFR.VRAC SZEKELY CSURKE} => {_GULII}",0.000215885425287092,0.24390243902439,0.000885130243677076,30.0846059587881,150
"{_GULII,PULPE PUI CU SPATE REFR.VRAC SZEKELY CSURKE} => {_PATRUNJEL RADACINA KG}",0.00021156771678135,0.528776978417266,0.00040010765486541,26.0993904031424,147
"{_PATRUNJEL RADACINA KG,PULPE PUI CU SPATE REFR.VRAC SZEKELY CSURKE} => {_GULII}",0.00021156771678135,0.220720720720721,0.000958531288274687,27.2252132302727,147
"{_GULII,PULPE PUI CU SPATE REFR.VRAC SZEKELY CSURKE} => {_MORCOVI}",0.000279211816704639,0.697841726618705,0.00040010765486541,20.301017568126,194
"{_MORCOVI,PULPE PUI CU SPATE REFR.VRAC SZEKELY CSURKE} => {_GULII}",0.000279211816704639,0.189083820662768,0.00147665630896371,23.3229001750683,194
"{_CARTOFI ALBI,_GULII} => {_TELINA}",0.000201493063601286,0.512820512820513,0.000392911474022507,29.9675659356063,140
"{_CARTOFI ALBI,_TELINA} => {_GULII}",0.000201493063601286,0.233333333333333,0.000863541701148366,28.780939700574,140
"{_CARTOFI ALBI,_GULII} => {_PATRUNJEL RADACINA KG}",0.00023459549547864,0.597069597069597,0.000392911474022507,29.4701795800752,163
"{_CARTOFI ALBI,_PATRUNJEL RADACINA KG} => {_GULII}",0.00023459549547864,0.217043941411451,0.00108086636260404,26.7716939577338,163
"{_CARTOFI ALBI,_GULII} => {_MORCOVI}",0.000247548620995865,0.63003663003663,0.000392911474022507,18.328489408208,172
"{_CARTOFI ALBI,_MORCOVI} => {_GULII}",0.000247548620995865,0.132613723978412,0.00186668931064905,16.3574896855339,172
"{_GULII,DANONE ACTIVIA NATUR 125G} => {_PATRUNJEL RADACINA KG}",0.000105064240306385,0.525179856115108,0.000200053827432705,25.9218435296517,73
"{_PATRUNJEL RADACINA KG,DANONE ACTIVIA NATUR 125G} => {_GULII}",0.000105064240306385,0.210374639769452,0.000499414950497472,25.9490563788625,73
"{_GULII,DANONE ACTIVIA NATUR 125G} => {_MORCOVI}",0.000110821184980707,0.553956834532374,0.000200053827432705,16.1152407499557,77
"{_MORCOVI,DANONE ACTIVIA NATUR 125G} => {_GULII}",0.000110821184980707,0.127272727272727,0.00087073788199127,15.6986943821313,77
"{_GULII,_USTUROI} => {_CEAPA GALBENA}",0.000136727436015158,0.244845360824742,0.000558423633409277,13.9045148909458,95
"{_CEAPA GALBENA,_GULII} => {_USTUROI}",0.000136727436015158,0.170250896057348,0.000803093782067981,14.2383890036464,95
"{_GULII,_USTUROI} => {_TELINA}",0.000318071193256315,0.569587628865979,0.000558423633409277,33.2848519070864,221
"{_TELINA,_USTUROI} => {_GULII}",0.000318071193256315,0.279746835443038,0.00113699657317868,34.5059005813392,221
"{_GULII,_USTUROI} => {_PATRUNJEL RADACINA KG}",0.000318071193256315,0.569587628865979,0.000558423633409277,28.1137237462,221
"{_PATRUNJEL RADACINA KG,_USTUROI} => {_GULII}",0.000318071193256315,0.246651785714286,0.00128955560704823,30.4237293072075,221
"{_GULII,_USTUROI} => {_MORCOVI}",0.000382836820842443,0.685567010309278,0.000558423633409277,19.9439319684316,266
"{_MORCOVI,_USTUROI} => {_GULII}",0.000382836820842443,0.168888888888889,0.00226679696551446,20.8319182594631,266
"{_GULII,_USTUROI} => {CARNE TOCATA PORC VRAC}",0.000105064240306385,0.188144329896907,0.000558423633409277,3.84180580975872,73
"{_GULII,_USTUROI} => {_BANANE}",0.000110821184980707,0.198453608247423,0.000558423633409277,2.57758943653082,77
"{_GULII,PULPE PORC FARA OS} => {_TELINA}",0.000116578129655029,0.433155080213904,0.000269137163524574,25.3121766819733,81
"{_TELINA,PULPE PORC FARA OS} => {_GULII}",0.000116578129655029,0.192857142857143,0.000604479190803857,23.7883277116989,81
"{_GULII,PULPE PORC FARA OS} => {_PATRUNJEL RADACINA KG}",0.000136727436015158,0.508021390374332,0.000269137163524574,25.0749354486155,95
"{_PATRUNJEL RADACINA KG,PULPE PORC FARA OS} => {_GULII}",0.000136727436015158,0.181297709923664,0.00075415975233624,22.3625076735649,95
"{_GULII,PULPE PORC FARA OS} => {_MORCOVI}",0.000166951395555351,0.620320855614973,0.000269137163524574,18.0458463679621,116
"{_MORCOVI,PULPE PORC FARA OS} => {_GULII}",0.000166951395555351,0.143920595533499,0.00116002435187597,17.7521570645157,116
"{_GULII,SMANTANA 20% GRASIME FRISS 300G} => {_TELINA}",0.000143923616858061,0.442477876106195,0.000325267374099218,25.8569706081559,100
"{_TELINA,SMANTANA 20% GRASIME FRISS 300G} => {_GULII}",0.000143923616858061,0.185185185185185,0.00077718753103353,22.8420156353762,100
"{_GULII,SMANTANA 20% GRASIME FRISS 300G} => {_PATRUNJEL RADACINA KG}",0.000148241325363803,0.455752212389381,0.000325267374099218,22.4950317501529,103
"{_PATRUNJEL RADACINA KG,SMANTANA 20% GRASIME FRISS 300G} => {_GULII}",0.000148241325363803,0.173400673400673,0.000854906284136883,21.3884328222159,103
"{_GULII,SMANTANA 20% GRASIME FRISS 300G} => {_MORCOVI}",0.000179904521072576,0.553097345132743,0.000325267374099218,16.0902372158649,125
"{_MORCOVI,SMANTANA 20% GRASIME FRISS 300G} => {_GULII}",0.000179904521072576,0.129132231404959,0.00139318061118603,15.9280584234286,125
"{_GULII,CREMWURSTI DE PUI CRISTUR} => {_PATRUNJEL RADACINA KG}",0.000123774310497933,0.52760736196319,0.00023459549547864,26.0416604381424,86
"{_PATRUNJEL RADACINA KG,CREMWURSTI DE PUI CRISTUR} => {_GULII}",0.000123774310497933,0.243626062322946,0.000508050367508956,30.0505157537357,86
"{_GULII,CREMWURSTI DE PUI CRISTUR} => {_MORCOVI}",0.000129531255172255,0.552147239263804,0.00023459549547864,16.0625975445738,90
"{_MORCOVI,CREMWURSTI DE PUI CRISTUR} => {_GULII}",0.000129531255172255,0.168224299065421,0.000769991350190627,20.7499431753137,90
"{_GULII,LAPTE DE CONSUM 3.5% GRASIME FRISS CUTIE 1L} => {_PATRUNJEL RADACINA KG}",0.000126652782835094,0.517647058823529,0.000244670148658704,25.5500394886945,88
"{_PATRUNJEL RADACINA KG,LAPTE DE CONSUM 3.5% GRASIME FRISS CUTIE 1L} => {_GULII}",0.000126652782835094,0.174603174603175,0.000725375028964628,21.536757599069,88
"{_GULII,LAPTE DE CONSUM 3.5% GRASIME FRISS CUTIE 1L} => {_MORCOVI}",0.00014248438068948,0.582352941176471,0.000244670148658704,16.9413161161299,99
"{_MORCOVI,LAPTE DE CONSUM 3.5% GRASIME FRISS CUTIE 1L} => {_GULII}",0.00014248438068948,0.122222222222222,0.00116578129655029,15.0757303193483,99
"{_CASTRAVETI CORNISON,_GULII} => {_TELINA}",0.000123774310497933,0.37719298245614,0.000328145846436379,22.0419333657946,86
"{_CASTRAVETI CORNISON,_TELINA} => {_GULII}",0.000123774310497933,0.205250596658711,0.000603039954635276,25.3170216254623,86
"{_CASTRAVETI CORNISON,_GULII} => {_PATRUNJEL RADACINA KG}",0.000148241325363803,0.451754385964912,0.000328145846436379,22.2977069102393,103
"{_CASTRAVETI CORNISON,_PATRUNJEL RADACINA KG} => {_GULII}",0.000148241325363803,0.209349593495935,0.000708104194941661,25.8226201146265,103
"{_CASTRAVETI CORNISON,_GULII} => {_MORCOVI}",0.000187100701915479,0.570175438596491,0.000328145846436379,16.5870585755126,130
"{_CASTRAVETI CORNISON,_MORCOVI} => {_GULII}",0.000187100701915479,0.144284128745838,0.00129675178789113,17.7969977536449,130
"{_GULII,PARIZER CRISTUR} => {_PATRUNJEL RADACINA KG}",0.000106503476474965,0.480519480519481,0.000221642369961414,23.717495334104,74
"{_PATRUNJEL RADACINA KG,PARIZER CRISTUR} => {_GULII}",0.000106503476474965,0.187817258883249,0.000567059050420761,23.1666737256252,74
"{_GULII,PARIZER CRISTUR} => {_MORCOVI}",0.000119456601992191,0.538961038961039,0.000221642369961414,15.6789958283217,83
"{_MORCOVI,PARIZER CRISTUR} => {_GULII}",0.000119456601992191,0.128284389489954,0.000931185801071655,15.8234797647227,83
"{_GULII,PIEPT DE PUI FARA OS REFR.VRAC SZEKELY CSURKE} => {_TELINA}",0.000205810772107027,0.483108108108108,0.000426013905899861,28.2312694633237,143
"{_TELINA,PIEPT DE PUI FARA OS REFR.VRAC SZEKELY CSURKE} => {_GULII}",0.000205810772107027,0.212797619047619,0.000967166705286171,26.2479233238653,143
"{_GULII,PIEPT DE PUI FARA OS REFR.VRAC SZEKELY CSURKE} => {_PATRUNJEL RADACINA KG}",0.000238913203984381,0.560810810810811,0.000426013905899861,27.6805172900399,166
"{_PATRUNJEL RADACINA KG,PIEPT DE PUI FARA OS REFR.VRAC SZEKELY CSURKE} => {_GULII}",0.000238913203984381,0.206724782067248,0.00115570664337023,25.498857802679,166
"{_GULII,PIEPT DE PUI FARA OS REFR.VRAC SZEKELY CSURKE} => {_MORCOVI}",0.000280651052873219,0.658783783783784,0.000426013905899861,19.1647771379234,195
"{_MORCOVI,PIEPT DE PUI FARA OS REFR.VRAC SZEKELY CSURKE} => {_GULII}",0.000280651052873219,0.144337527757217,0.00194440806375241,17.8035843553302,195
"{_GULII,FRANZELA RIP-ROP 1KG} => {_TELINA}",0.000116578129655029,0.447513812154696,0.000260501746513091,26.1512543620388,81
"{_TELINA,FRANZELA RIP-ROP 1KG} => {_GULII}",0.000116578129655029,0.226890756302521,0.000513807312183278,27.9862678961164,81
"{_GULII,FRANZELA RIP-ROP 1KG} => {_PATRUNJEL RADACINA KG}",0.000135288199846577,0.519337016574586,0.000260501746513091,25.6334524754733,94
"{_PATRUNJEL RADACINA KG,FRANZELA RIP-ROP 1KG} => {_GULII}",0.000135288199846577,0.209821428571429,0.000644777803524114,25.8808195011539,94
"{_GULII,FRANZELA RIP-ROP 1KG} => {_MORCOVI}",0.000148241325363803,0.569060773480663,0.000260501746513091,16.5546316866697,103
"{_MORCOVI,FRANZELA RIP-ROP 1KG} => {_GULII}",0.000148241325363803,0.136423841059603,0.00108662330727836,16.8274557568162,103
"{_GULII,COTLET PORC FARA OS} => {_TELINA}",0.000168390631723931,0.493670886075949,0.000341098971953605,28.8485239164919,117
"{_TELINA,COTLET PORC FARA OS} => {_GULII}",0.000168390631723931,0.224137931034483,0.000751281279999079,27.6467154759208,117
"{_GULII,COTLET PORC FARA OS} => {_PATRUNJEL RADACINA KG}",0.000175586812566835,0.514767932489452,0.000341098971953605,25.4079314823324,122
"{_PATRUNJEL RADACINA KG,COTLET PORC FARA OS} => {_GULII}",0.000175586812566835,0.207130730050934,0.00084771010329398,25.5489302217077,122
"{_GULII,COTLET PORC FARA OS} => {_MORCOVI}",0.000218763897624253,0.641350210970464,0.000341098971953605,18.6576144755912,152
"{_MORCOVI,COTLET PORC FARA OS} => {_GULII}",0.000218763897624253,0.159162303664921,0.00137447054099448,19.6321742759338,152
"{_GULII,COTLET PORC FARA OS} => {CARNE TOCATA PORC VRAC}",0.000106503476474965,0.312236286919831,0.000341098971953605,6.37569668861871,74
"{_CEAPA GALBENA,_GULII} => {_TELINA}",0.000457677101608634,0.56989247311828,0.000803093782067981,33.3026660155367,318
"{_GULII,_TELINA} => {_CEAPA GALBENA}",0.000457677101608634,0.136130136986301,0.00336205568980431,7.73068973190544,318
"{_CEAPA GALBENA,_TELINA} => {_GULII}",0.000457677101608634,0.24109173616376,0.00189835250635783,29.7379145178681,318
"{_CEAPA GALBENA,_GULII} => {_PATRUNJEL RADACINA KG}",0.00049365800582315,0.614695340501792,0.000803093782067981,30.3401515678107,343
"{_GULII,_PATRUNJEL RADACINA KG} => {_CEAPA GALBENA}",0.00049365800582315,0.135841584158416,0.00363407132566604,7.71430311515009,343
"{_CEAPA GALBENA,_PATRUNJEL RADACINA KG} => {_GULII}",0.00049365800582315,0.224623444662737,0.00219771362942259,27.7066020693149,343
"{_CEAPA GALBENA,_GULII} => {_MORCOVI}",0.000600161482298115,0.747311827956989,0.000803093782067981,21.7401596515776,417
"{_GULII,_MORCOVI} => {_CEAPA GALBENA}",0.000600161482298115,0.137942441283493,0.00435081093761919,7.83360861916696,417
"{_CEAPA GALBENA,_MORCOVI} => {_GULII}",0.000600161482298115,0.157954545454545,0.00379958348505281,19.4832010635379,417
"{_CEAPA GALBENA,_GULII} => {CARNE TOCATA PORC VRAC}",0.000105064240306385,0.130824372759857,0.000803093782067981,2.67136317954549,73
"{_CEAPA GALBENA,_GULII} => {_BANANE}",0.000138166672183739,0.172043010752688,0.000803093782067981,2.23455875184798,96
"{_BANANE,_GULII} => {_CEAPA GALBENA}",0.000138166672183739,0.118811881188119,0.00116290282421313,6.74720389080183,96
"{_GULII,_ROSII VRAC} => {_TELINA}",0.000128092019003674,0.392070484581498,0.000326706610267799,22.9113262912972,89
"{_ROSII VRAC,_TELINA} => {_GULII}",0.000128092019003674,0.196467991169978,0.000651973984367017,24.2337146012402,89
"{_GULII,_ROSII VRAC} => {_PATRUNJEL RADACINA KG}",0.00016407292321819,0.502202643171806,0.000326706610267799,24.7877335447988,114
"{_PATRUNJEL RADACINA KG,_ROSII VRAC} => {_GULII}",0.00016407292321819,0.197231833910035,0.000831878505439593,24.3279322234214,114
"{_GULII,_ROSII VRAC} => {_MORCOVI}",0.000197175355095544,0.60352422907489,0.000326706610267799,17.5572132044972,137
"{_MORCOVI,_ROSII VRAC} => {_GULII}",0.000197175355095544,0.146524064171123,0.00134568581762287,18.0732868096805,137
"{_GULII,_MERE ROSII} => {_TELINA}",0.000145362853026642,0.412244897959184,0.00035261286130225,24.0902535143578,101
"{_MERE ROSII,_TELINA} => {_GULII}",0.000145362853026642,0.188081936685289,0.000772869822527788,23.1993209078849,101
"{_GULII,_MERE ROSII} => {_PATRUNJEL RADACINA KG}",0.000156876742375287,0.444897959183673,0.00035261286130225,21.9592871857843,109
"{_MERE ROSII,_PATRUNJEL RADACINA KG} => {_GULII}",0.000156876742375287,0.183193277310924,0.000856345520305464,22.5963200050125,109
"{_GULII,_MERE ROSII} => {_MORCOVI}",0.000198614591264124,0.563265306122449,0.00035261286130225,16.3860348828863,138
"{_MERE ROSII,_MORCOVI} => {_GULII}",0.000198614591264124,0.122232063773251,0.00162489763432751,15.0769442440056,138
"{_GULII,_MERE ROSII} => {_BANANE}",0.000109381948812126,0.310204081632653,0.00035261286130225,4.0290462393014,76
"{_GULII,_LAMAIE^2 A nu se consuma coaja} => {_TELINA}",0.000215885425287092,0.471698113207547,0.000457677101608634,27.5645064030341,150
"{_LAMAIE^2 A nu se consuma coaja,_TELINA} => {_GULII}",0.000215885425287092,0.193050193050193,0.00111828650298713,23.8121398515505,150
"{_GULII,LAPTE DE CONSUM 1.5% GRASIME FRISS CUTIE 1L} => {_TELINA}",0.000146802089195222,0.447368421052632,0.000328145846436379,26.1427581780355,102
"{_TELINA,LAPTE DE CONSUM 1.5% GRASIME FRISS CUTIE 1L} => {_GULII}",0.000146802089195222,0.185117967332123,0.000793019128887917,22.8337245226229,102
"{_GULII,PAINE DE CASA CU CARTOFI DOBOI KG} => {_TELINA}",0.000166951395555351,0.394557823129252,0.0004231354335627,23.0566782810685,116
"{_TELINA,PAINE DE CASA CU CARTOFI DOBOI KG} => {_GULII}",0.000166951395555351,0.206405693950178,0.000808850726742303,25.4594992775794,116
"{_GULII,_TELINA} => {_PATRUNJEL RADACINA KG}",0.00240352440152962,0.714897260273973,0.00336205568980431,35.2859210131946,1670
"{_GULII,_PATRUNJEL RADACINA KG} => {_TELINA}",0.00240352440152962,0.661386138613861,0.00363407132566604,38.6492587997235,1670
"{_PATRUNJEL RADACINA KG,_TELINA} => {_GULII}",0.00240352440152962,0.243121269471539,0.00988611324198022,29.9882511282315,1670
"{_ARDEI ROSU CAPIA,_GULII} => {_TELINA}",0.000322388901762057,0.513761467889908,0.000627506969501146,30.0225522951212,224
"{_ARDEI ROSU CAPIA,_TELINA} => {_GULII}",0.000322388901762057,0.225352112676056,0.00143060075156913,27.7964809985423,224
"{_GULII,APA MINERALA NATURALA CARBOGAZIFICATA CONTINUT REDUS CO2 TUSNAD 2L} => {_TELINA}",0.000158315978543867,0.493273542600897,0.000320949665593476,28.8253044537558,110
"{_TELINA,APA MINERALA NATURALA CARBOGAZIFICATA CONTINUT REDUS CO2 TUSNAD 2L} => {_GULII}",0.000158315978543867,0.22,0.000719618084290306,27.1363145748269,110
"{_GULII,_TELINA} => {_MORCOVI}",0.00256759732474781,0.763698630136986,0.00336205568980431,22.216870553566,1784
"{_GULII,_MORCOVI} => {_TELINA}",0.00256759732474781,0.59014224280516,0.00435081093761919,34.485996816668,1784
"{_MORCOVI,_TELINA} => {_GULII}",0.00256759732474781,0.232776617954071,0.0110303059960018,28.7122705930271,1784
"{_GULII,_TELINA} => {CARNE TOCATA PORC VRAC}",0.00040154689103399,0.119434931506849,0.00336205568980431,2.43879692788281,279
"{_GULII,CARNE TOCATA PORC VRAC} => {_TELINA}",0.00040154689103399,0.37150466045273,0.00108086636260404,21.7095262946293,279
"{_TELINA,CARNE TOCATA PORC VRAC} => {_GULII}",0.00040154689103399,0.193347193347193,0.00207681779126182,23.8487739128605,279
"{_GULII,PAINE CU CARTOFI FELII BACHUS 1.2 KG} => {_TELINA}",0.000267697927355994,0.448192771084337,0.000597283009960953,26.1909305176974,186
"{_TELINA,PAINE CU CARTOFI FELII BACHUS 1.2 KG} => {_GULII}",0.000267697927355994,0.196409714889124,0.00136295665164584,24.2265264035605,186
"{_GULII,_TELINA} => {_BANANE}",0.000460555573945795,0.136986301369863,0.00336205568980431,1.77922914316663,320
"{_BANANE,_GULII} => {_TELINA}",0.000460555573945795,0.396039603960396,0.00116290282421313,23.1432687423494,320
"{_BANANE,_TELINA} => {_GULII}",0.000460555573945795,0.204211869814933,0.00225528307616582,25.1888979055074,320
"{_GULII,_LAMAIE^2 A nu se consuma coaja} => {_PATRUNJEL RADACINA KG}",0.000246109384827284,0.537735849056604,0.000457677101608634,26.5415826163647,171
"{_LAMAIE^2 A nu se consuma coaja,_PATRUNJEL RADACINA KG} => {_GULII}",0.000246109384827284,0.202846975088968,0.00121327609011345,25.0205423934832,171
"{_GULII,_LAMAIE^2 A nu se consuma coaja} => {_MORCOVI}",0.0002820902890418,0.616352201257862,0.000457677101608634,17.9303936531812,196
"{_LAMAIE^2 A nu se consuma coaja,_MORCOVI} => {_GULII}",0.0002820902890418,0.153605015673981,0.00183646535110886,18.9467001163653,196
"{_GULII,_LAMAIE^2 A nu se consuma coaja} => {_BANANE}",0.000120895838160771,0.264150943396226,0.000457677101608634,3.43089091380432,84
"{_BANANE,_GULII} => {_LAMAIE^2 A nu se consuma coaja}",0.000120895838160771,0.103960396039604,0.00116290282421313,5.26556601935161,84
"{_GULII,LAPTE DE CONSUM 1.5% GRASIME FRISS CUTIE 1L} => {_PATRUNJEL RADACINA KG}",0.000153998270038125,0.469298245614035,0.000328145846436379,23.1636372756855,107
"{_PATRUNJEL RADACINA KG,LAPTE DE CONSUM 1.5% GRASIME FRISS CUTIE 1L} => {_GULII}",0.000153998270038125,0.165123456790123,0.000932625037240236,20.3674639415438,107
"{_GULII,LAPTE DE CONSUM 1.5% GRASIME FRISS CUTIE 1L} => {_MORCOVI}",0.000200053827432705,0.609649122807018,0.000328145846436379,17.7353933999712,139
"{_MORCOVI,LAPTE DE CONSUM 1.5% GRASIME FRISS CUTIE 1L} => {_GULII}",0.000200053827432705,0.124663677130045,0.00160474832796738,15.3768761757071,139
"{_GULII,PAINE DE CASA CU CARTOFI DOBOI KG} => {_PATRUNJEL RADACINA KG}",0.000210128480612769,0.496598639455782,0.0004231354335627,24.5111309566094,146
"{_PATRUNJEL RADACINA KG,PAINE DE CASA CU CARTOFI DOBOI KG} => {_GULII}",0.000210128480612769,0.209469153515065,0.00100314760950069,25.8373674704886,146
"{_GULII,PAINE DE CASA CU CARTOFI DOBOI KG} => {_MORCOVI}",0.000237473967815801,0.561224489795918,0.0004231354335627,16.3266651912817,165
"{_MORCOVI,PAINE DE CASA CU CARTOFI DOBOI KG} => {_GULII}",0.000237473967815801,0.146017699115044,0.00162633687049609,18.0108282576285,165
"{_ARDEI ROSU CAPIA,_GULII} => {_PATRUNJEL RADACINA KG}",0.000333902791110702,0.532110091743119,0.000627506969501146,26.2639063134412,232
"{_ARDEI ROSU CAPIA,_PATRUNJEL RADACINA KG} => {_GULII}",0.000333902791110702,0.204946996466431,0.00162921534283325,25.2795734876319,232
"{_GULII,APA MINERALA NATURALA CARBOGAZIFICATA CONTINUT REDUS CO2 TUSNAD 2L} => {_PATRUNJEL RADACINA KG}",0.000162633687049609,0.506726457399103,0.000320949665593476,25.0110201069008,113
"{_PATRUNJEL RADACINA KG,APA MINERALA NATURALA CARBOGAZIFICATA CONTINUT REDUS CO2 TUSNAD 2L} => {_GULII}",0.000162633687049609,0.195501730103806,0.000831878505439593,24.1145293091809,113
"{_GULII,_PATRUNJEL RADACINA KG} => {_MORCOVI}",0.00310011470712264,0.853069306930693,0.00363407132566604,24.8167662182396,2154
"{_GULII,_MORCOVI} => {_PATRUNJEL RADACINA KG}",0.00310011470712264,0.712537214687397,0.00435081093761919,35.1694338103711,2154
"{_MORCOVI,_PATRUNJEL RADACINA KG} => {_GULII}",0.00310011470712264,0.201045361209632,0.0154199763101727,24.7983189345195,2154
"{_GULII,_PATRUNJEL RADACINA KG} => {CARNE TOCATA PORC VRAC}",0.000427453142068441,0.117623762376238,0.00363407132566604,2.40181383042645,297
"{_GULII,CARNE TOCATA PORC VRAC} => {_PATRUNJEL RADACINA KG}",0.000427453142068441,0.395472703062583,0.00108086636260404,19.5197538703575,297
"{_PATRUNJEL RADACINA KG,CARNE TOCATA PORC VRAC} => {_GULII}",0.000427453142068441,0.179782082324455,0.00237761815049517,22.1755597312448,297
"{_GULII,PAINE CU CARTOFI FELII BACHUS 1.2 KG} => {_PATRUNJEL RADACINA KG}",0.000325267374099218,0.544578313253012,0.000597283009960953,26.8793131751272,226
"{_PATRUNJEL RADACINA KG,PAINE CU CARTOFI FELII BACHUS 1.2 KG} => {_GULII}",0.000325267374099218,0.18801996672213,0.00172996187463389,23.1916771060009,226
"{_GULII,_PATRUNJEL RADACINA KG} => {_BANANE}",0.000512368076014697,0.140990099009901,0.00363407132566604,1.83123195931146,356
"{_BANANE,_GULII} => {_PATRUNJEL RADACINA KG}",0.000512368076014697,0.440594059405941,0.00116290282421313,21.7468551678639,356
"{_BANANE,_PATRUNJEL RADACINA KG} => {_GULII}",0.000512368076014697,0.205069124423963,0.00249851398865594,25.2946375906954,356
"{_ARDEI ROSU CAPIA,_GULII} => {_MORCOVI}",0.000388593765516765,0.619266055045872,0.000627506969501146,18.015161007561,270
"{_ARDEI ROSU CAPIA,_MORCOVI} => {_GULII}",0.000388593765516765,0.147299509001637,0.00263811989700826,18.1689355135725,270
"{_ARDEI ROSU CAPIA,_GULII} => {_BANANE}",0.000116578129655029,0.185779816513761,0.000627506969501146,2.41297750540006,81
"{_BANANE,_GULII} => {_ARDEI ROSU CAPIA}",0.000116578129655029,0.100247524752475,0.00116290282421313,4.37328331863135,81
"{_GULII,APA MINERALA NATURALA CARBOGAZIFICATA CONTINUT REDUS CO2 TUSNAD 2L} => {_MORCOVI}",0.000192857646589802,0.600896860986547,0.000320949665593476,17.4807800482602,134
"{_MORCOVI,APA MINERALA NATURALA CARBOGAZIFICATA CONTINUT REDUS CO2 TUSNAD 2L} => {_GULII}",0.000192857646589802,0.132936507936508,0.00145075005792926,16.3973040811093,134
"{_GULII,_MORCOVI} => {CARNE TOCATA PORC VRAC}",0.000572815995095083,0.13165729407873,0.00435081093761919,2.68837098394582,398
"{_GULII,CARNE TOCATA PORC VRAC} => {_MORCOVI}",0.000572815995095083,0.529960053262317,0.00108086636260404,15.4171468132369,398
"{_MORCOVI,CARNE TOCATA PORC VRAC} => {_GULII}",0.000572815995095083,0.137383500172592,0.00416946718037803,16.9458267185193,398
"{_GULII,PAINE CU CARTOFI FELII BACHUS 1.2 KG} => {_MORCOVI}",0.000387154529348184,0.648192771084337,0.000597283009960953,18.8566724106273,269
"{_MORCOVI,PAINE CU CARTOFI FELII BACHUS 1.2 KG} => {_GULII}",0.000387154529348184,0.137455288707205,0.00281658518191226,16.9546816106017,269
"{_GULII,_MORCOVI} => {_BANANE}",0.000603039954635276,0.1386040357261,0.00435081093761919,1.80024087998801,419
"{_BANANE,_GULII} => {_MORCOVI}",0.000603039954635276,0.518564356435644,0.00116290282421313,15.0856329001892,419
"{_BANANE,_MORCOVI} => {_GULII}",0.000603039954635276,0.139759839893262,0.00431483003340467,17.2389408194137,419
"{_GULII,CARNE TOCATA PORC VRAC} => {_BANANE}",0.000152559033869545,0.141145139813582,0.00108086636260404,1.83324568706037,106
"{_BANANE,_GULII} => {CARNE TOCATA PORC VRAC}",0.000152559033869545,0.131188118811881,0.00116290282421313,2.67879067787462,106
"{_GULII,PAINE CU CARTOFI FELII BACHUS 1.2 KG} => {_BANANE}",0.000122335074329352,0.204819277108434,0.000597283009960953,2.66026911646962,85
"{_BANANE,_GULII} => {PAINE CU CARTOFI FELII BACHUS 1.2 KG}",0.000122335074329352,0.10519801980198,0.00116290282421313,1.71636105134723,85
"{CAFEA JACOBS KRONUNG 500G,PULPE PORC FARA OS} => {CARNE TOCATA PORC VRAC}",0.000102185767969223,0.35678391959799,0.000286407997547542,7.28533533745667,71
"{CAFEA JACOBS KRONUNG 500G,CARNE TOCATA PORC VRAC} => {PULPE PORC FARA OS}",0.000102185767969223,0.101573676680973,0.00100602608183785,7.26002582200769,71
"{CAFEA JACOBS KRONUNG 500G,COTLET PORC FARA OS} => {CARNE TOCATA PORC VRAC}",0.000158315978543867,0.39568345323741,0.00040010765486541,8.07964284815719,110
"{CAFEA JACOBS KRONUNG 500G,CARNE TOCATA PORC VRAC} => {COTLET PORC FARA OS}",0.000158315978543867,0.157367668097282,0.00100602608183785,8.40891344871773,110
"{_TELINA,CAFEA JACOBS KRONUNG 500G} => {_PATRUNJEL RADACINA KG}",0.000148241325363803,0.547872340425532,0.000270576399693155,27.0418998698647,103
"{_PATRUNJEL RADACINA KG,CAFEA JACOBS KRONUNG 500G} => {_TELINA}",0.000148241325363803,0.470319634703196,0.000315192720919154,27.4839525943677,103
"{_TELINA,CAFEA JACOBS KRONUNG 500G} => {_MORCOVI}",0.000161194450881028,0.595744680851064,0.000270576399693155,17.3308972088499,112
"{_MORCOVI,CAFEA JACOBS KRONUNG 500G} => {_TELINA}",0.000161194450881028,0.291666666666667,0.000552666688734955,17.0440531258761,112
"{_PATRUNJEL RADACINA KG,CAFEA JACOBS KRONUNG 500G} => {_MORCOVI}",0.000238913203984381,0.757990867579909,0.000315192720919154,22.0508251832105,166
"{_MORCOVI,CAFEA JACOBS KRONUNG 500G} => {_PATRUNJEL RADACINA KG}",0.000238913203984381,0.432291666666667,0.000552666688734955,21.3370654110724,166
"{CAFEA JACOBS KRONUNG 500G,CARNE TOCATA PORC VRAC} => {_BANANE}",0.000107942712643546,0.107296137339056,0.00100602608183785,1.39360222587085,75
"{_BANANE,CAFEA JACOBS KRONUNG 500G} => {CARNE TOCATA PORC VRAC}",0.000107942712643546,0.102739726027397,0.00105064240306385,2.09788983043683,75
"{CAFEA JACOBS KRONUNG 500G,PAINE CU CARTOFI FELII BACHUS 1.2 KG} => {_BANANE}",0.000113699657317868,0.154296875,0.000736888918313273,2.00406532590663,79
"{_BANANE,CAFEA JACOBS KRONUNG 500G} => {PAINE CU CARTOFI FELII BACHUS 1.2 KG}",0.000113699657317868,0.108219178082192,0.00105064240306385,1.76565283851082,79
"{_CASTRAVETI FABIO,_ROSII CHERRY VRAC} => {_ARDEI ROSU CAPIA}",0.000197175355095544,0.234991423670669,0.000839074686282496,10.251465816217,137
"{_ARDEI ROSU CAPIA,_CASTRAVETI FABIO} => {_ROSII CHERRY VRAC}",0.000197175355095544,0.141237113402062,0.00139605908352319,14.5447432153886,137
"{_ARDEI ROSU CAPIA,_ROSII CHERRY VRAC} => {_CASTRAVETI FABIO}",0.000197175355095544,0.121346324180691,0.00162489763432751,15.1669371367077,137
"{_CASTRAVETI FABIO,_ROSII CHERRY VRAC} => {_BANANE}",0.000149680561532384,0.178387650085763,0.000839074686282496,2.31696529243928,104
"{_BANANE,_CASTRAVETI FABIO} => {_ROSII CHERRY VRAC}",0.000149680561532384,0.104838709677419,0.00142772227923197,10.7963981602337,104
"{_ARDEI ROSU CALIFORNIA,_CASTRAVETI FABIO} => {_ROSII VRAC}",0.00011801736582361,0.197115384615385,0.000598722246129534,10.2085816734324,82
"{_ARDEI ROSU CALIFORNIA,_ROSII VRAC} => {_CASTRAVETI FABIO}",0.00011801736582361,0.109772423025435,0.00107510941792972,13.7203285770051,82
"{_ARDEI ROSU CALIFORNIA,_CASTRAVETI FABIO} => {_BANANE}",0.000149680561532384,0.25,0.000598722246129534,3.24709318627909,104
"{_BANANE,_CASTRAVETI FABIO} => {_ARDEI ROSU CALIFORNIA}",0.000149680561532384,0.104838709677419,0.00142772227923197,11.6567928287881,104
"{_CASTRAVETI FABIO,_RIDICHI ROSU LEGATURA} => {_ROSII VRAC}",0.000105064240306385,0.153361344537815,0.000685076416244371,7.94256528640079,73
"{_RIDICHI ROSU LEGATURA,_ROSII VRAC} => {_CASTRAVETI FABIO}",0.000105064240306385,0.194148936170213,0.00054115279938631,24.2664516616719,73
"{_CASTRAVETI FABIO,_RIDICHI ROSU LEGATURA} => {_ARDEI ROSU CAPIA}",0.000132409727509416,0.19327731092437,0.000685076416244371,8.43169386797853,92
"{_ARDEI ROSU CAPIA,_RIDICHI ROSU LEGATURA} => {_CASTRAVETI FABIO}",0.000132409727509416,0.135095447870778,0.000980119830803396,16.8854242528223,92
"{_CASTRAVETI FABIO,_RIDICHI ROSU LEGATURA} => {_BANANE}",0.000136727436015158,0.199579831932773,0.000685076416244371,2.59221724955054,95
"{_CASTRAVETI FABIO,_MERE GOLDEN} => {_BANANE}",0.000110821184980707,0.418478260869565,0.000264819455018832,5.43535163790196,77
"{_ARDEI ALB BIANCA,_CASTRAVETI FABIO} => {_ROSII VRAC}",0.000125213546666513,0.214285714285714,0.000584329884443728,11.0978309481216,87
"{_ARDEI ALB BIANCA,_CASTRAVETI FABIO} => {_ARDEI ROSU CAPIA}",0.000156876742375287,0.268472906403941,0.000584329884443728,11.7120905077693,109
"{_ARDEI ROSU CAPIA,_CASTRAVETI FABIO} => {_ARDEI ALB BIANCA}",0.000156876742375287,0.112371134020619,0.00139605908352319,11.1890118575907,109
"{_ARDEI ALB BIANCA,_CASTRAVETI FABIO} => {_BANANE}",0.000116578129655029,0.199507389162562,0.000584329884443728,2.59127633584834,81
"{_CASTRAVETI FABIO,COTLET PORC FARA OS} => {CARNE TOCATA PORC VRAC}",0.000103625004137804,0.342857142857143,0.000302239595401928,7.0009580627149,72
"{_CASTRAVETI FABIO,CARNE TOCATA PORC VRAC} => {COTLET PORC FARA OS}",0.000103625004137804,0.158940397350993,0.000651973984367017,8.49295195759715,72
"{_CASTRAVETI FABIO,_ROSII VRAC} => {_ARDEI ROSU CAPIA}",0.000287847233716122,0.221483942414175,0.00129963026022829,9.66220396060904,200
"{_ARDEI ROSU CAPIA,_CASTRAVETI FABIO} => {_ROSII VRAC}",0.000287847233716122,0.206185567010309,0.00139605908352319,10.6783253109074,200
"{_ARDEI ROSU CAPIA,_ROSII VRAC} => {_CASTRAVETI FABIO}",0.000287847233716122,0.10183299389002,0.00282665983509232,12.727988484207,200
"{_CASTRAVETI FABIO,_MORCOVI} => {_ROSII VRAC}",0.000113699657317868,0.153398058252427,0.000741206626819015,7.94446668519258,79
"{_CASTRAVETI FABIO,_ROSII VRAC} => {CARNE TOCATA PORC VRAC}",0.000139605908352319,0.107419712070875,0.00129963026022829,2.19345262300822,97
"{_CASTRAVETI FABIO,CARNE TOCATA PORC VRAC} => {_ROSII VRAC}",0.000139605908352319,0.214128035320088,0.000651973984367017,11.0896647737669,97
"{_ROSII VRAC,CARNE TOCATA PORC VRAC} => {_CASTRAVETI FABIO}",0.000139605908352319,0.109111361079865,0.00127948095386816,13.637703206689,97
"{_CASTRAVETI FABIO,_ROSII VRAC} => {PAINE CU CARTOFI FELII BACHUS 1.2 KG}",0.000143923616858061,0.110741971207087,0.00129963026022829,1.8068135359111,100
"{_CASTRAVETI FABIO,PAINE CU CARTOFI FELII BACHUS 1.2 KG} => {_ROSII VRAC}",0.000143923616858061,0.149253731343284,0.000964288232949009,7.72983250117926,100
"{_CASTRAVETI FABIO,_ROSII VRAC} => {_BANANE}",0.000247548620995865,0.19047619047619,0.00129963026022829,2.47397576097455,172
"{_BANANE,_CASTRAVETI FABIO} => {_ROSII VRAC}",0.000247548620995865,0.173387096774194,0.00142772227923197,8.97969654673284,172
"{_CASTRAVETI FABIO,_MERE ROSII} => {_BANANE}",0.000139605908352319,0.32013201320132,0.000436088559079925,4.15799391510326,97
"{_CASTRAVETI FABIO,_TELINA} => {_PATRUNJEL RADACINA KG}",0.000260501746513091,0.660583941605839,0.000394350710191087,32.6051225558697,181
"{_CASTRAVETI FABIO,_PATRUNJEL RADACINA KG} => {_TELINA}",0.000260501746513091,0.581993569131833,0.00044760244842857,34.0098147812612,181
"{_CASTRAVETI FABIO,_TELINA} => {_MORCOVI}",0.0002820902890418,0.715328467153285,0.000394350710191087,20.8097269405533,196
"{_CASTRAVETI FABIO,_MORCOVI} => {_TELINA}",0.0002820902890418,0.380582524271845,0.000741206626819015,22.2400071856092,196
"{_CASTRAVETI FABIO,_LAMAIE^2 A nu se consuma coaja} => {_ARDEI ROSU CAPIA}",0.000120895838160771,0.256880733944954,0.00047063022712586,11.2063837128458,84
"{_CASTRAVETI FABIO,_LAMAIE^2 A nu se consuma coaja} => {_BANANE}",0.000162633687049609,0.345565749235474,0.00047063022712586,4.48833675901575,113
"{_BANANE,_CASTRAVETI FABIO} => {_LAMAIE^2 A nu se consuma coaja}",0.000162633687049609,0.113911290322581,0.00142772227923197,5.76957613084292,113
"{_CASTRAVETI FABIO,LAPTE DE CONSUM 1.5% GRASIME FRISS CUTIE 1L} => {_BANANE}",0.000107942712643546,0.224550898203593,0.000480704880305924,2.91655076611894,75
"{_CASTRAVETI FABIO,_PATRUNJEL RADACINA KG} => {_MORCOVI}",0.000358369805976572,0.80064308681672,0.00044760244842857,23.291627243359,249
"{_CASTRAVETI FABIO,_MORCOVI} => {_PATRUNJEL RADACINA KG}",0.000358369805976572,0.483495145631068,0.000741206626819015,23.8643683044228,249
"{_CASTRAVETI FABIO,_MORCOVI} => {_ARDEI ROSU CAPIA}",0.000136727436015158,0.184466019417476,0.000741206626819015,8.04730258991113,95
"{_ARDEI ROSU CAPIA,_CASTRAVETI FABIO} => {PAINE CU CARTOFI FELII BACHUS 1.2 KG}",0.000158315978543867,0.11340206185567,0.00139605908352319,1.8502143146603,110
"{_CASTRAVETI FABIO,PAINE CU CARTOFI FELII BACHUS 1.2 KG} => {_ARDEI ROSU CAPIA}",0.000158315978543867,0.164179104477612,0.000964288232949009,7.16228895080071,110
"{_ARDEI ROSU CAPIA,_CASTRAVETI FABIO} => {_BANANE}",0.000267697927355994,0.191752577319588,0.00139605908352319,2.49055394906355,186
"{_BANANE,_CASTRAVETI FABIO} => {_ARDEI ROSU CAPIA}",0.000267697927355994,0.1875,0.00142772227923197,8.17965954040309,186
"{_CASTRAVETI FABIO,_MORCOVI} => {CARNE TOCATA PORC VRAC}",0.000120895838160771,0.163106796116505,0.000741206626819015,3.3305528647867,84
"{_CASTRAVETI FABIO,CARNE TOCATA PORC VRAC} => {_MORCOVI}",0.000120895838160771,0.185430463576159,0.000651973984367017,5.39438522394665,84
"{_CASTRAVETI FABIO,_MORCOVI} => {_BANANE}",0.00016551215938677,0.223300970873786,0.000741206626819015,2.90031624405511,115
"{_BANANE,_CASTRAVETI FABIO} => {_MORCOVI}",0.00016551215938677,0.115927419354839,0.00142772227923197,3.37246181645426,115
"{_CASTRAVETI FABIO,CARNE TOCATA PORC VRAC} => {_BANANE}",0.000136727436015158,0.209713024282561,0.000651973984367017,2.72383092888754,95
"{_CASTRAVETI FABIO,PAINE CU CARTOFI FELII BACHUS 1.2 KG} => {_BANANE}",0.000223081606129995,0.23134328358209,0.000964288232949009,3.00477279924334,155
"{_BANANE,_CASTRAVETI FABIO} => {PAINE CU CARTOFI FELII BACHUS 1.2 KG}",0.000223081606129995,0.15625,0.00142772227923197,2.54930097332457,155
"{_ARDEI IUTE,_ROSII DE GRADINA ROMANIA} => {_CASTRAVETI CORNISON}",0.000159755214712448,0.322674418604651,0.00049509724199173,19.3207842824848,111
"{_ARDEI IUTE,_CASTRAVETI CORNISON} => {_ROSII DE GRADINA ROMANIA}",0.000159755214712448,0.137206427688504,0.00116434206038171,13.6326054113446,111
"{_ARDEI ALB BIANCA,_ROSII DE GRADINA ROMANIA} => {_CASTRAVETI CORNISON}",0.000182782993409738,0.320707070707071,0.000569937522757922,19.2029853429155,127
"{_ARDEI ALB BIANCA,_CASTRAVETI CORNISON} => {_ROSII DE GRADINA ROMANIA}",0.000182782993409738,0.208881578947368,0.000875055590497011,20.7541307755124,127
"{_ARDEI ALB BIANCA,_ROSII DE GRADINA ROMANIA} => {_BANANE}",0.000112260421149288,0.196969696969697,0.000569937522757922,2.55831584373504,78
"{_ROSII DE GRADINA ROMANIA,DANONE ACTIVIA NATUR 125G} => {_BANANE}",0.000105064240306385,0.437125748502994,0.000240352440152962,5.67755215804488,73
"{_ROSII DE GRADINA ROMANIA,PARIZER CRISTUR} => {_CASTRAVETI CORNISON}",0.000100746531800643,0.196629213483146,0.000512368076014697,11.7735723636561,70
"{_CASTRAVETI CORNISON,PARIZER CRISTUR} => {_ROSII DE GRADINA ROMANIA}",0.000100746531800643,0.137795275590551,0.00073113197363895,13.6911123722147,70
"{_ROSII DE GRADINA ROMANIA,FRANZELA RIP-ROP 1KG} => {_CASTRAVETI CORNISON}",0.000115138893486449,0.26578073089701,0.000433210086742764,15.9141595119566,80
"{_CASTRAVETI CORNISON,FRANZELA RIP-ROP 1KG} => {_ROSII DE GRADINA ROMANIA}",0.000115138893486449,0.143112701252236,0.000804533018236562,14.2194430566524,80
"{_CEAPA GALBENA,_ROSII DE GRADINA ROMANIA} => {_CASTRAVETI CORNISON}",0.000143923616858061,0.227790432801822,0.000631824678006888,13.6394134769332,100
"{_CASTRAVETI CORNISON,_CEAPA GALBENA} => {_ROSII DE GRADINA ROMANIA}",0.000143923616858061,0.168350168350168,0.000854906284136883,16.726996356626,100
"{_MERE ROSII,_ROSII DE GRADINA ROMANIA} => {_CASTRAVETI CORNISON}",0.000120895838160771,0.217616580310881,0.000555545161072116,13.0302334553209,84
"{_CASTRAVETI CORNISON,_MERE ROSII} => {_ROSII DE GRADINA ROMANIA}",0.000120895838160771,0.154981549815498,0.000780066003370691,15.398712365502,84
"{_ROSII DE GRADINA ROMANIA,PAINE DE CASA CU CARTOFI DOBOI KG} => {_CASTRAVETI CORNISON}",0.000119456601992191,0.200968523002421,0.000594404537623792,12.033397308935,83
"{_CASTRAVETI CORNISON,PAINE DE CASA CU CARTOFI DOBOI KG} => {_ROSII DE GRADINA ROMANIA}",0.000119456601992191,0.135179153094463,0.000883691007508495,13.431178735739,83
"{_ARDEI ROSU CAPIA,_ROSII DE GRADINA ROMANIA} => {_CASTRAVETI CORNISON}",0.000175586812566835,0.234615384615385,0.000748402807661918,14.0480712884151,122
"{_ROSII DE GRADINA ROMANIA,APA MINERALA NATURALA CARBOGAZIFICATA CONTINUT REDUS CO2 TUSNAD 2L} => {_CASTRAVETI CORNISON}",0.000100746531800643,0.183246073298429,0.000549788216397793,10.972229742046,70
"{_CASTRAVETI CORNISON,APA MINERALA NATURALA CARBOGAZIFICATA CONTINUT REDUS CO2 TUSNAD 2L} => {_ROSII DE GRADINA ROMANIA}",0.000100746531800643,0.140562248995984,0.000716739611953144,13.9660343073998,70
"{_MORCOVI,_ROSII DE GRADINA ROMANIA} => {_CASTRAVETI CORNISON}",0.00016551215938677,0.229083665338645,0.000722496556627467,13.7168483940831,115
"{_CASTRAVETI CORNISON,_MORCOVI} => {_ROSII DE GRADINA ROMANIA}",0.00016551215938677,0.127635960044395,0.00129675178789113,12.6816994575041,115
"{_ROSII DE GRADINA ROMANIA,CARNE TOCATA PORC VRAC} => {_CASTRAVETI CORNISON}",0.000162633687049609,0.241452991452991,0.000673562526895726,14.4574868450903,113
"{_CASTRAVETI CORNISON,CARNE TOCATA PORC VRAC} => {_ROSII DE GRADINA ROMANIA}",0.000162633687049609,0.143401015228426,0.00113411810084152,14.2480894600184,113
"{_CASTRAVETI CORNISON,_ROSII DE GRADINA ROMANIA} => {PAINE CU CARTOFI FELII BACHUS 1.2 KG}",0.000223081606129995,0.112973760932945,0.0019746320232926,1.84322635972155,155
"{_ROSII DE GRADINA ROMANIA,PAINE CU CARTOFI FELII BACHUS 1.2 KG} => {_CASTRAVETI CORNISON}",0.000223081606129995,0.201037613488975,0.00110965108597565,12.0375342417369,155
"{_CASTRAVETI CORNISON,PAINE CU CARTOFI FELII BACHUS 1.2 KG} => {_ROSII DE GRADINA ROMANIA}",0.000223081606129995,0.131914893617021,0.00169110249808222,13.1068472728047,155
"{_CASTRAVETI CORNISON,_ROSII DE GRADINA ROMANIA} => {_BANANE}",0.000319510429424896,0.161807580174927,0.0019746320232926,2.10161716429725,222
"{_BANANE,_ROSII DE GRADINA ROMANIA} => {_CASTRAVETI CORNISON}",0.000319510429424896,0.196634189548273,0.00162489763432751,11.7738703156329,222
"{_BANANE,_CASTRAVETI CORNISON} => {_ROSII DE GRADINA ROMANIA}",0.000319510429424896,0.125636672325976,0.00254313030988194,12.483053511916,222
"{_CEAPA GALBENA,_ROSII DE GRADINA ROMANIA} => {_MORCOVI}",0.000120895838160771,0.191343963553531,0.000631824678006888,5.56641573222741,84
"{_MORCOVI,_ROSII DE GRADINA ROMANIA} => {_CEAPA GALBENA}",0.000120895838160771,0.167330677290837,0.000722496556627467,9.50253615696592,84
"{_CEAPA GALBENA,_ROSII DE GRADINA ROMANIA} => {_BANANE}",0.000105064240306385,0.16628701594533,0.000631824678006888,2.15979774577106,73
"{_MERE ROSII,_ROSII DE GRADINA ROMANIA} => {_BANANE}",0.00016407292321819,0.295336787564767,0.000555545161072116,3.83594428223644,114
"{_BANANE,_ROSII DE GRADINA ROMANIA} => {_MERE ROSII}",0.00016407292321819,0.100974313551816,0.00162489763432751,4.76651034186275,114
"{_ROSII DE GRADINA ROMANIA,_TELINA} => {_PATRUNJEL RADACINA KG}",0.000159755214712448,0.48471615720524,0.00032958508260496,23.9246350313451,111
"{_PATRUNJEL RADACINA KG,_ROSII DE GRADINA ROMANIA} => {_TELINA}",0.000159755214712448,0.472340425531915,0.000338220499616444,27.602041050051,111
"{_ROSII DE GRADINA ROMANIA,_TELINA} => {_MORCOVI}",0.000228838550804317,0.694323144104803,0.00032958508260496,20.1986579603455,159
"{_MORCOVI,_ROSII DE GRADINA ROMANIA} => {_TELINA}",0.000228838550804317,0.316733067729084,0.000722496556627467,18.5088522277584,159
"{_ROSII DE GRADINA ROMANIA,LAPTE DE CONSUM 1.5% GRASIME FRISS CUTIE 1L} => {_BANANE}",0.000106503476474965,0.249158249158249,0.000427453142068441,3.23616021258792,74
"{_PATRUNJEL RADACINA KG,_ROSII DE GRADINA ROMANIA} => {_MORCOVI}",0.00028352952521038,0.838297872340426,0.000338220499616444,24.3870482153102,197
"{_MORCOVI,_ROSII DE GRADINA ROMANIA} => {_PATRUNJEL RADACINA KG}",0.00028352952521038,0.392430278884462,0.000722496556627467,19.3695858039746,197
"{_ARDEI ROSU CAPIA,_ROSII DE GRADINA ROMANIA} => {_BANANE}",0.000119456601992191,0.159615384615385,0.000748402807661918,2.07314411123973,83
"{_MORCOVI,_ROSII DE GRADINA ROMANIA} => {CARNE TOCATA PORC VRAC}",0.000107942712643546,0.149402390438247,0.000722496556627467,3.05071628728862,75
"{_ROSII DE GRADINA ROMANIA,CARNE TOCATA PORC VRAC} => {_MORCOVI}",0.000107942712643546,0.16025641025641,0.000673562526895726,4.66204309075059,75
"{_MORCOVI,_ROSII DE GRADINA ROMANIA} => {_BANANE}",0.000132409727509416,0.183266932270916,0.000722496556627467,2.38033922818866,92
"{_ROSII DE GRADINA ROMANIA,CARNE TOCATA PORC VRAC} => {_BANANE}",0.000102185767969223,0.151709401709402,0.000673562526895726,1.9704582583403,71
"{_ROSII DE GRADINA ROMANIA,PAINE CU CARTOFI FELII BACHUS 1.2 KG} => {_BANANE}",0.000158315978543867,0.142671854734112,0.00110965108597565,1.85307522952374,110
"{_ARDEI ROSU CALIFORNIA,_ROSII CHERRY VRAC} => {_CASTRAVETI CORNISON}",0.000145362853026642,0.234338747099768,0.000620310788658243,14.0315070569313,101
"{_ARDEI ROSU CALIFORNIA,_CASTRAVETI CORNISON} => {_ROSII CHERRY VRAC}",0.000145362853026642,0.163695299837925,0.000888008716014237,16.8575103551636,101
"{_ARDEI ROSU CALIFORNIA,_ROSII CHERRY VRAC} => {_BANANE}",0.000106503476474965,0.17169373549884,0.000620310788658243,2.23002223466035,74
"{_RIDICHI ROSU LEGATURA,_ROSII CHERRY VRAC} => {_CASTRAVETI CORNISON}",0.000149680561532384,0.219873150105708,0.000680758707738629,13.1653501417095,104
"{_CASTRAVETI CORNISON,_RIDICHI ROSU LEGATURA} => {_ROSII CHERRY VRAC}",0.000149680561532384,0.157575757575758,0.000949895871263203,16.2273135984119,104
"{_RIDICHI ROSU LEGATURA,_ROSII CHERRY VRAC} => {_ARDEI ROSU CAPIA}",0.000136727436015158,0.200845665961945,0.000680758707738629,8.76186222791592,95
"{_ARDEI ROSU CAPIA,_RIDICHI ROSU LEGATURA} => {_ROSII CHERRY VRAC}",0.000136727436015158,0.139500734214391,0.000980119830803396,14.3659291005934,95
"{_RIDICHI ROSU LEGATURA,_ROSII CHERRY VRAC} => {_BANANE}",0.000133848963677997,0.19661733615222,0.000680758707738629,2.55373925009688,93
"{_ARDEI IUTE,_ROSII CHERRY VRAC} => {_CASTRAVETI CORNISON}",0.000152559033869545,0.24367816091954,0.000626067733332566,14.5907233732324,106
"{_ARDEI IUTE,_CASTRAVETI CORNISON} => {_ROSII CHERRY VRAC}",0.000152559033869545,0.131025957972806,0.00116434206038171,13.4931879260352,106
"{_ARDEI IUTE,_ROSII CHERRY VRAC} => {_ARDEI ROSU CAPIA}",0.000145362853026642,0.232183908045977,0.000626067733332566,10.1289883657405,101
"{_ARDEI IUTE,_ARDEI ROSU CAPIA} => {_ROSII CHERRY VRAC}",0.000145362853026642,0.106878306878307,0.00136007817930868,11.0064379779216,101
"{_MERE GOLDEN,_ROSII CHERRY VRAC} => {_BANANE}",0.000113699657317868,0.376190476190476,0.000302239595401928,4.88610212792473,79
"{_ARDEI ALB BIANCA,_ROSII CHERRY VRAC} => {_CASTRAVETI CORNISON}",0.000113699657317868,0.202564102564103,0.000561302105746438,12.1289358665005,79
"{_ARDEI ALB BIANCA,_CASTRAVETI CORNISON} => {_ROSII CHERRY VRAC}",0.000113699657317868,0.129934210526316,0.000875055590497011,13.3807586510184,79
"{_ARDEI ALB BIANCA,_ROSII CHERRY VRAC} => {_ARDEI ROSU CAPIA}",0.000151119797700964,0.269230769230769,0.000561302105746438,11.7451521605788,105
"{_ARDEI ALB BIANCA,_ROSII CHERRY VRAC} => {_BANANE}",0.000115138893486449,0.205128205128205,0.000561302105746438,2.66428158874182,80
"{_ROSII CHERRY VRAC,DANONE ACTIVIA NATUR 125G} => {_BANANE}",0.000113699657317868,0.365740740740741,0.000310875012413412,4.75037706881571,79
"{_ROSII CHERRY VRAC,PARIZER CRISTUR} => {_CASTRAVETI CORNISON}",0.000132409727509416,0.220095693779904,0.000601600718466695,13.1786753948894,92
"{_CASTRAVETI CORNISON,PARIZER CRISTUR} => {_ROSII CHERRY VRAC}",0.000132409727509416,0.181102362204724,0.00073113197363895,18.6501075426932,92
"{_ROSII CHERRY VRAC,PAINE DE CASA CU CARTOFI DOBOI KG} => {_CASTRAVETI CORNISON}",0.000107942712643546,0.180288461538462,0.000598722246129534,10.7951367482698,75
"{_CASTRAVETI CORNISON,PAINE DE CASA CU CARTOFI DOBOI KG} => {_ROSII CHERRY VRAC}",0.000107942712643546,0.12214983713355,0.000883691007508495,12.5791158719836,75
"{_CASTRAVETI CORNISON,_ROSII CHERRY VRAC} => {_ARDEI ROSU CAPIA}",0.000361248278313733,0.224910394265233,0.00160618756413596,9.81168241166631,251
"{_ARDEI ROSU CAPIA,_ROSII CHERRY VRAC} => {_CASTRAVETI CORNISON}",0.000361248278313733,0.222320637732507,0.00162489763432751,13.3118984199273,251
"{_ARDEI ROSU CAPIA,_CASTRAVETI CORNISON} => {_ROSII CHERRY VRAC}",0.000361248278313733,0.152398299939284,0.00237042196965227,15.6941336854474,251
"{_MORCOVI,_ROSII CHERRY VRAC} => {_CASTRAVETI CORNISON}",0.000106503476474965,0.154488517745303,0.000689394124750113,9.25031286454387,74
"{_ROSII CHERRY VRAC,CARNE TOCATA PORC VRAC} => {_CASTRAVETI CORNISON}",0.000103625004137804,0.180904522613065,0.000572815995095083,10.8320246527363,72
"{_CASTRAVETI CORNISON,_ROSII CHERRY VRAC} => {PAINE CU CARTOFI FELII BACHUS 1.2 KG}",0.000185661465746899,0.115591397849462,0.00160618756413596,1.88593448349172,129
"{_ROSII CHERRY VRAC,PAINE CU CARTOFI FELII BACHUS 1.2 KG} => {_CASTRAVETI CORNISON}",0.000185661465746899,0.190828402366864,0.000972923649960493,11.4262370504764,129
"{_CASTRAVETI CORNISON,PAINE CU CARTOFI FELII BACHUS 1.2 KG} => {_ROSII CHERRY VRAC}",0.000185661465746899,0.109787234042553,0.00169110249808222,11.3060022894336,129
"{_CASTRAVETI CORNISON,_ROSII CHERRY VRAC} => {_BANANE}",0.000254744801838768,0.158602150537634,0.00160618756413596,2.05998384935985,177
"{_BANANE,_ROSII CHERRY VRAC} => {_CASTRAVETI CORNISON}",0.000254744801838768,0.161791590493601,0.00157452436842719,9.68759913526635,177
"{_BANANE,_CASTRAVETI CORNISON} => {_ROSII CHERRY VRAC}",0.000254744801838768,0.100169779286927,0.00254313030988194,10.3155869061342,177
"{_ROSII CHERRY VRAC,PARIZER CRISTUR} => {_ARDEI ROSU CAPIA}",0.000105064240306385,0.174641148325359,0.000601600718466695,7.61869405358119,73
"{_ARDEI ROSU CAPIA,PARIZER CRISTUR} => {_ROSII CHERRY VRAC}",0.000105064240306385,0.10960960960961,0.000958531288274687,11.2877103426236,73
"{_ROSII CHERRY VRAC,PARIZER CRISTUR} => {_BANANE}",0.000125213546666513,0.208133971291866,0.000601600718466695,2.70332160006011,87
"{_MERE ROSII,_ROSII CHERRY VRAC} => {_BANANE}",0.000132409727509416,0.336996336996337,0.000392911474022507,4.37703403864727,92
"{_ROSII CHERRY VRAC,_TELINA} => {_PATRUNJEL RADACINA KG}",0.000198614591264124,0.597402597402597,0.000332463554942121,29.4866158207779,138
"{_PATRUNJEL RADACINA KG,_ROSII CHERRY VRAC} => {_TELINA}",0.000198614591264124,0.5,0.000397229182528249,29.2183767872161,138
"{_ROSII CHERRY VRAC,_TELINA} => {_MORCOVI}",0.00021156771678135,0.636363636363636,0.000332463554942121,18.5125492912714,147
"{_MORCOVI,_ROSII CHERRY VRAC} => {_TELINA}",0.00021156771678135,0.306889352818372,0.000689394124750113,17.9336174852642,147
"{_LAMAIE^2 A nu se consuma coaja,_ROSII CHERRY VRAC} => {_ARDEI ROSU CAPIA}",0.00011801736582361,0.24773413897281,0.000476387171800182,10.8073648711066,82
"{_LAMAIE^2 A nu se consuma coaja,_ROSII CHERRY VRAC} => {_BANANE}",0.000148241325363803,0.311178247734139,0.000476387171800182,4.04169907174316,103
"{_ROSII CHERRY VRAC,LAPTE DE CONSUM 1.5% GRASIME FRISS CUTIE 1L} => {_BANANE}",0.000107942712643546,0.236593059936909,0.000456237865440054,3.07295885136823,75
"{_ROSII CHERRY VRAC,PAINE DE CASA CU CARTOFI DOBOI KG} => {_ARDEI ROSU CAPIA}",0.000100746531800643,0.168269230769231,0.000598722246129534,7.34072010036175,70
"{_PATRUNJEL RADACINA KG,_ROSII CHERRY VRAC} => {_MORCOVI}",0.000320949665593476,0.807971014492754,0.000397229182528249,23.5048050784104,223
"{_MORCOVI,_ROSII CHERRY VRAC} => {_PATRUNJEL RADACINA KG}",0.000320949665593476,0.465553235908142,0.000689394124750113,22.9787909711617,223
"{_ARDEI ROSU CAPIA,_ROSII CHERRY VRAC} => {_MORCOVI}",0.00016407292321819,0.100974313551816,0.00162489763432751,2.93745878922617,114
"{_MORCOVI,_ROSII CHERRY VRAC} => {_ARDEI ROSU CAPIA}",0.00016407292321819,0.237995824634656,0.000689394124750113,10.3825323602611,114
"{_ROSII CHERRY VRAC,CARNE TOCATA PORC VRAC} => {_ARDEI ROSU CAPIA}",0.000110821184980707,0.193467336683417,0.000572815995095083,8.43998371338074,77
"{_ARDEI ROSU CAPIA,_ROSII CHERRY VRAC} => {PAINE CU CARTOFI FELII BACHUS 1.2 KG}",0.000192857646589802,0.118689105403012,0.00162489763432751,1.93647521233228,134
"{_ROSII CHERRY VRAC,PAINE CU CARTOFI FELII BACHUS 1.2 KG} => {_ARDEI ROSU CAPIA}",0.000192857646589802,0.198224852071006,0.000972923649960493,8.64752961273384,134
"{_ARDEI ROSU CAPIA,_ROSII CHERRY VRAC} => {_BANANE}",0.000287847233716122,0.177147918511957,0.00162489763432751,2.3008631966548,200
"{_BANANE,_ROSII CHERRY VRAC} => {_ARDEI ROSU CAPIA}",0.000287847233716122,0.182815356489945,0.00157452436842719,7.97529266584092,200
"{_MORCOVI,_ROSII CHERRY VRAC} => {_BANANE}",0.000133848963677997,0.194154488517745,0.000689394124750113,2.52175086700589,93
"{_ROSII CHERRY VRAC,CARNE TOCATA PORC VRAC} => {_BANANE}",0.00011801736582361,0.206030150753769,0.000572815995095083,2.67599639472247,82
"{_ROSII CHERRY VRAC,PAINE CU CARTOFI FELII BACHUS 1.2 KG} => {_BANANE}",0.000158315978543867,0.162721893491124,0.000972923649960493,2.11349260645385,110
"{_BANANE,_ROSII CHERRY VRAC} => {PAINE CU CARTOFI FELII BACHUS 1.2 KG}",0.000158315978543867,0.10054844606947,0.00157452436842719,1.6405008091595,110
"{_TELINA,FRANZELA ALBA COUNTRY 1KG} => {_PATRUNJEL RADACINA KG}",0.000187100701915479,0.65989847715736,0.00028352952521038,32.5712893804885,130
"{_PATRUNJEL RADACINA KG,FRANZELA ALBA COUNTRY 1KG} => {_TELINA}",0.000187100701915479,0.526315789473684,0.000355491333639411,30.7561860918065,130
"{_TELINA,FRANZELA ALBA COUNTRY 1KG} => {_MORCOVI}",0.000207250008275608,0.730964467005076,0.00028352952521038,21.2645961402277,144
"{_MORCOVI,FRANZELA ALBA COUNTRY 1KG} => {_TELINA}",0.000207250008275608,0.347826086956522,0.000595843773792373,20.3258273302373,144
"{_PATRUNJEL RADACINA KG,FRANZELA ALBA COUNTRY 1KG} => {_MORCOVI}",0.000270576399693155,0.761133603238866,0.000355491333639411,22.1422509741755,188
"{_MORCOVI,FRANZELA ALBA COUNTRY 1KG} => {_PATRUNJEL RADACINA KG}",0.000270576399693155,0.454106280193237,0.000595843773792373,22.4137917780709,188
"{_ARDEI ROSU CALIFORNIA,_MERE GOLDEN} => {_BANANE}",0.000100746531800643,0.31390134529148,0.000320949665593476,4.07706767783922,70
"{_ARDEI ALB BIANCA,_ARDEI ROSU CALIFORNIA} => {_CEAPA GALBENA}",0.000110821184980707,0.145557655954631,0.000761355933179143,8.26606878682512,77
"{_ARDEI ROSU CALIFORNIA,_CEAPA GALBENA} => {_ARDEI ALB BIANCA}",0.000110821184980707,0.166666666666667,0.000664927109884242,16.595323397344,77
"{_ARDEI ALB BIANCA,_CEAPA GALBENA} => {_ARDEI ROSU CALIFORNIA}",0.000110821184980707,0.10377358490566,0.00106791323708681,11.5383638740689,77
"{_ARDEI ALB BIANCA,_ARDEI ROSU CALIFORNIA} => {_ROSII VRAC}",0.000129531255172255,0.170132325141777,0.000761355933179143,8.8111323217601,90
"{_ARDEI ROSU CALIFORNIA,_ROSII VRAC} => {_ARDEI ALB BIANCA}",0.000129531255172255,0.120481927710843,0.00107510941792972,11.9966193233812,90
"{_ARDEI ALB BIANCA,_ARDEI ROSU CALIFORNIA} => {_PATRUNJEL RADACINA KG}",0.000100746531800643,0.132325141776938,0.000761355933179143,6.53130842746745,70
"{_ARDEI ROSU CALIFORNIA,_PATRUNJEL RADACINA KG} => {_ARDEI ALB BIANCA}",0.000100746531800643,0.166270783847981,0.000605918426972437,16.5559045769228,70
"{_ARDEI ALB BIANCA,_ARDEI ROSU CALIFORNIA} => {_ARDEI ROSU CAPIA}",0.000119456601992191,0.156899810964083,0.000761355933179143,6.84473085674562,83
"{_ARDEI ROSU CALIFORNIA,_ARDEI ROSU CAPIA} => {_ARDEI ALB BIANCA}",0.000119456601992191,0.169734151329243,0.000703786486435919,16.9007587972952,83
"{_ARDEI ALB BIANCA,_ARDEI ROSU CALIFORNIA} => {_MORCOVI}",0.00014248438068948,0.187145557655955,0.000761355933179143,5.44427928117597,99
"{_ARDEI ROSU CALIFORNIA,_MORCOVI} => {_ARDEI ALB BIANCA}",0.00014248438068948,0.139633286318759,0.00102041844352365,13.9035572609624,99
"{_ARDEI ALB BIANCA,_ARDEI ROSU CALIFORNIA} => {_BANANE}",0.000138166672183739,0.181474480151229,0.000761355933179143,2.35705819193038,96
"{_ARDEI ROSU CALIFORNIA,DANONE ACTIVIA NATUR 125G} => {_BANANE}",0.000158315978543867,0.424710424710425,0.000372762167662378,5.51629730487568,110
"{_ARDEI ROSU CALIFORNIA,_BANANE} => {DANONE ACTIVIA NATUR 125G}",0.000158315978543867,0.102996254681648,0.00153710422804409,8.11465434903275,110
"{_ARDEI ROSU CALIFORNIA,_CASTRAVETI CORNISON} => {_ROSII VRAC}",0.000182782993409738,0.205834683954619,0.000888008716014237,10.6601531203459,127
"{_ARDEI ROSU CALIFORNIA,_ROSII VRAC} => {_CASTRAVETI CORNISON}",0.000182782993409738,0.170013386880857,0.00107510941792972,10.1798958444372,127
"{_ARDEI ROSU CALIFORNIA,_CASTRAVETI CORNISON} => {PAINE CU CARTOFI FELII BACHUS 1.2 KG}",0.000100746531800643,0.113452188006483,0.000888008716014237,1.85103214918866,70
"{_ARDEI ROSU CALIFORNIA,PAINE CU CARTOFI FELII BACHUS 1.2 KG} => {_CASTRAVETI CORNISON}",0.000100746531800643,0.11686143572621,0.000862102464979786,6.99731512764869,70
"{_ARDEI ROSU CALIFORNIA,_CASTRAVETI CORNISON} => {_BANANE}",0.000174147576398254,0.196110210696921,0.000888008716014237,2.54715251565491,121
"{_ARDEI ROSU CALIFORNIA,_BANANE} => {_CASTRAVETI CORNISON}",0.000174147576398254,0.113295880149813,0.00153710422804409,6.78382026667803,121
"{_ARDEI ROSU CALIFORNIA,PARIZER CRISTUR} => {_BANANE}",0.000105064240306385,0.292,0.000359809042145153,3.79260484157398,73
"{_ARDEI ROSU CALIFORNIA,_CEAPA GALBENA} => {_ROSII VRAC}",0.000100746531800643,0.151515151515152,0.000664927109884242,7.84695117543955,70
"{_ARDEI ROSU CALIFORNIA,_CEAPA GALBENA} => {_PATRUNJEL RADACINA KG}",0.000112260421149288,0.168831168831169,0.000664927109884242,8.33317403630681,78
"{_ARDEI ROSU CALIFORNIA,_PATRUNJEL RADACINA KG} => {_CEAPA GALBENA}",0.000112260421149288,0.185273159144893,0.000605918426972437,10.5214711503834,78
"{_ARDEI ROSU CALIFORNIA,_CEAPA GALBENA} => {_MORCOVI}",0.000168390631723931,0.253246753246753,0.000664927109884242,7.36723900366925,117
"{_ARDEI ROSU CALIFORNIA,_MORCOVI} => {_CEAPA GALBENA}",0.000168390631723931,0.165021156558533,0.00102041844352365,9.37138086243597,117
"{_ARDEI ROSU CALIFORNIA,_CEAPA GALBENA} => {_BANANE}",0.000100746531800643,0.151515151515152,0.000664927109884242,1.96793526441157,70
"{_ARDEI ROSU CALIFORNIA,_ROSII VRAC} => {_ARDEI ROSU CAPIA}",0.000113699657317868,0.105756358768407,0.00107510941792972,4.61360538111089,79
"{_ARDEI ROSU CALIFORNIA,_ARDEI ROSU CAPIA} => {_ROSII VRAC}",0.000113699657317868,0.161554192229039,0.000703786486435919,8.36687186681836,79
"{_ARDEI ROSU CALIFORNIA,_ROSII VRAC} => {PAINE CU CARTOFI FELII BACHUS 1.2 KG}",0.000113699657317868,0.105756358768407,0.00107510941792972,1.7254706453988,79
"{_ARDEI ROSU CALIFORNIA,PAINE CU CARTOFI FELII BACHUS 1.2 KG} => {_ROSII VRAC}",0.000113699657317868,0.131886477462437,0.000862102464979786,6.8303845456998,79
"{_ARDEI ROSU CALIFORNIA,_ROSII VRAC} => {_BANANE}",0.000174147576398254,0.161981258366801,0.00107510941792972,2.103872961391,121
"{_ARDEI ROSU CALIFORNIA,_BANANE} => {_ROSII VRAC}",0.000174147576398254,0.113295880149813,0.00153710422804409,5.86757978343261,121
"{_ARDEI ROSU CALIFORNIA,_MERE ROSII} => {_BANANE}",0.000122335074329352,0.228494623655914,0.000535395854711987,2.96777334229809,85
"{_ARDEI ROSU CALIFORNIA,_TELINA} => {_PATRUNJEL RADACINA KG}",0.000332463554942121,0.6015625,0.000552666688734955,29.6919404214321,231
"{_ARDEI ROSU CALIFORNIA,_PATRUNJEL RADACINA KG} => {_TELINA}",0.000332463554942121,0.548693586698337,0.000605918426972437,32.0638719137621,231
"{_ARDEI ROSU CALIFORNIA,_TELINA} => {_MORCOVI}",0.000384276057011023,0.6953125,0.000552666688734955,20.2274394599941,267
"{_ARDEI ROSU CALIFORNIA,_MORCOVI} => {_TELINA}",0.000384276057011023,0.376586741889986,0.00102041844352365,22.0065066352234,267
"{_ARDEI ROSU CALIFORNIA,_TELINA} => {_BANANE}",0.000126652782835094,0.229166666666667,0.000552666688734955,2.9765020874225,88
"{_ARDEI ROSU CALIFORNIA,_LAMAIE^2 A nu se consuma coaja} => {_BANANE}",0.000174147576398254,0.303258145363409,0.000574255231263664,3.93882982997263,121
"{_ARDEI ROSU CALIFORNIA,_BANANE} => {_LAMAIE^2 A nu se consuma coaja}",0.000174147576398254,0.113295880149813,0.00153710422804409,5.73840577157981,121
"{_ARDEI ROSU CALIFORNIA,_PATRUNJEL RADACINA KG} => {_MORCOVI}",0.000492218769654569,0.812351543942993,0.000605918426972437,23.632239712848,342
"{_ARDEI ROSU CALIFORNIA,_MORCOVI} => {_PATRUNJEL RADACINA KG}",0.000492218769654569,0.482369534555712,0.00102041844352365,23.8088103582623,342
"{_ARDEI ROSU CALIFORNIA,_PATRUNJEL RADACINA KG} => {_BANANE}",0.000120895838160771,0.199524940617577,0.000605918426972437,2.5915043006883,84
"{_ARDEI ROSU CALIFORNIA,_ARDEI ROSU CAPIA} => {_MORCOVI}",0.000110821184980707,0.157464212678937,0.000703786486435919,4.58081485530439,77
"{_ARDEI ROSU CALIFORNIA,_MORCOVI} => {_ARDEI ROSU CAPIA}",0.000110821184980707,0.108603667136812,0.00102041844352365,4.73781878409808,77
"{_ARDEI ROSU CALIFORNIA,_ARDEI ROSU CAPIA} => {_BANANE}",0.000106503476474965,0.151329243353783,0.000703786486435919,1.96552061991536,74
"{_ARDEI ROSU CALIFORNIA,_MORCOVI} => {CARNE TOCATA PORC VRAC}",0.000129531255172255,0.126939351198872,0.00102041844352365,2.59203313323366,90
"{_ARDEI ROSU CALIFORNIA,CARNE TOCATA PORC VRAC} => {_MORCOVI}",0.000129531255172255,0.206896551724138,0.000626067733332566,6.01885839026559,90
"{_ARDEI ROSU CALIFORNIA,_MORCOVI} => {PAINE CU CARTOFI FELII BACHUS 1.2 KG}",0.000102185767969223,0.100141043723554,0.00102041844352365,1.63385382549885,71
"{_ARDEI ROSU CALIFORNIA,PAINE CU CARTOFI FELII BACHUS 1.2 KG} => {_MORCOVI}",0.000102185767969223,0.118530884808013,0.000862102464979786,3.44819961757286,71
"{_ARDEI ROSU CALIFORNIA,_MORCOVI} => {_BANANE}",0.000198614591264124,0.194640338504937,0.00102041844352365,2.52806126773774,138
"{_ARDEI ROSU CALIFORNIA,_BANANE} => {_MORCOVI}",0.000198614591264124,0.129213483146067,0.00153710422804409,3.75896867631756,138
"{_ARDEI ROSU CALIFORNIA,CARNE TOCATA PORC VRAC} => {_BANANE}",0.0001410451445209,0.225287356321839,0.000626067733332566,2.92611615866989,98
"{_ARDEI ROSU CALIFORNIA,PAINE CU CARTOFI FELII BACHUS 1.2 KG} => {_BANANE}",0.000187100701915479,0.217028380634391,0.000862102464979786,2.81884550394846,130
"{_ARDEI ROSU CALIFORNIA,_BANANE} => {PAINE CU CARTOFI FELII BACHUS 1.2 KG}",0.000187100701915479,0.121722846441948,0.00153710422804409,1.98597229382588,130
"{_ARDEI ALB BIANCA,PASTE ATA PAIANJENULUI CU 8 OUA GYERMELYI 250G} => {_TELINA}",0.00011801736582361,0.383177570093458,0.000307996540076251,22.3916532388012,82
"{_ARDEI ALB BIANCA,PASTE ATA PAIANJENULUI CU 8 OUA GYERMELYI 250G} => {_PATRUNJEL RADACINA KG}",0.000132409727509416,0.429906542056075,0.000307996540076251,21.2193403570084,92
"{_ARDEI ALB BIANCA,_PATRUNJEL RADACINA KG} => {PASTE ATA PAIANJENULUI CU 8 OUA GYERMELYI 250G}",0.000132409727509416,0.10188261351052,0.00129963026022829,11.4973792985359,92
"{_ARDEI ALB BIANCA,PASTE ATA PAIANJENULUI CU 8 OUA GYERMELYI 250G} => {_MORCOVI}",0.000162633687049609,0.52803738317757,0.000307996540076251,15.3612141315423,113
"{PASTE ATA PAIANJENULUI CU 8 OUA GYERMELYI 250G,PULPE PUI CU SPATE REFR.VRAC SZEKELY CSURKE} => {_TELINA}",0.000161194450881028,0.297082228116711,0.00054259203555489,17.3605209557995,112
"{_TELINA,PASTE ATA PAIANJENULUI CU 8 OUA GYERMELYI 250G} => {PULPE PUI CU SPATE REFR.VRAC SZEKELY CSURKE}",0.000161194450881028,0.123756906077348,0.00130250873256545,9.40375187908141,112
"{_TELINA,PULPE PUI CU SPATE REFR.VRAC SZEKELY CSURKE} => {PASTE ATA PAIANJENULUI CU 8 OUA GYERMELYI 250G}",0.000161194450881028,0.182113821138211,0.000885130243677076,20.5514130918473,112
"{PASTE ATA PAIANJENULUI CU 8 OUA GYERMELYI 250G,PULPE PUI CU SPATE REFR.VRAC SZEKELY CSURKE} => {_PATRUNJEL RADACINA KG}",0.000162633687049609,0.29973474801061,0.00054259203555489,14.7943169332596,113
"{_PATRUNJEL RADACINA KG,PASTE ATA PAIANJENULUI CU 8 OUA GYERMELYI 250G} => {PULPE PUI CU SPATE REFR.VRAC SZEKELY CSURKE}",0.000162633687049609,0.107007575757576,0.00151983339402113,8.13104273128264,113
"{_PATRUNJEL RADACINA KG,PULPE PUI CU SPATE REFR.VRAC SZEKELY CSURKE} => {PASTE ATA PAIANJENULUI CU 8 OUA GYERMELYI 250G}",0.000162633687049609,0.16966966966967,0.000958531288274687,19.14709959269,113
"{PASTE ATA PAIANJENULUI CU 8 OUA GYERMELYI 250G,PULPE PUI CU SPATE REFR.VRAC SZEKELY CSURKE} => {_MORCOVI}",0.000251866329501607,0.464190981432361,0.00054259203555489,13.503848952519,175
"{_MORCOVI,PASTE ATA PAIANJENULUI CU 8 OUA GYERMELYI 250G} => {PULPE PUI CU SPATE REFR.VRAC SZEKELY CSURKE}",0.000251866329501607,0.124289772727273,0.0020264445253615,9.44424211044997,175
"{_MORCOVI,PULPE PUI CU SPATE REFR.VRAC SZEKELY CSURKE} => {PASTE ATA PAIANJENULUI CU 8 OUA GYERMELYI 250G}",0.000251866329501607,0.17056530214425,0.00147665630896371,19.2481710701238,175
"{PASTE ATA PAIANJENULUI CU 8 OUA GYERMELYI 250G,PULPE PUI CU SPATE REFR.VRAC SZEKELY CSURKE} => {CARNE TOCATA PORC VRAC}",0.000113699657317868,0.209549071618037,0.00054259203555489,4.27887909889627,79
"{CARNE TOCATA PORC VRAC,PASTE ATA PAIANJENULUI CU 8 OUA GYERMELYI 250G} => {PULPE PUI CU SPATE REFR.VRAC SZEKELY CSURKE}",0.000113699657317868,0.113342898134864,0.00100314760950069,8.61243647001083,79
"{_CARTOFI ALBI,PASTE ATA PAIANJENULUI CU 8 OUA GYERMELYI 250G} => {_PATRUNJEL RADACINA KG}",0.000112260421149288,0.421621621621622,0.000266258691187413,20.810412998777,78
"{_CARTOFI ALBI,_PATRUNJEL RADACINA KG} => {PASTE ATA PAIANJENULUI CU 8 OUA GYERMELYI 250G}",0.000112260421149288,0.103861517976032,0.00108086636260404,11.7206972372065,78
"{_CARTOFI ALBI,PASTE ATA PAIANJENULUI CU 8 OUA GYERMELYI 250G} => {_MORCOVI}",0.000130970491340836,0.491891891891892,0.000266258691187413,14.3097002629828,91
"{_USTUROI,PASTE ATA PAIANJENULUI CU 8 OUA GYERMELYI 250G} => {_TELINA}",0.000107942712643546,0.384615384615385,0.000280651052873219,22.4756744517047,75
"{_USTUROI,PASTE ATA PAIANJENULUI CU 8 OUA GYERMELYI 250G} => {_PATRUNJEL RADACINA KG}",0.000125213546666513,0.446153846153846,0.000280651052873219,22.0212752935776,87
"{_USTUROI,PASTE ATA PAIANJENULUI CU 8 OUA GYERMELYI 250G} => {_MORCOVI}",0.000148241325363803,0.528205128205128,0.000280651052873219,15.366094027114,103
"{LAPTE DE CONSUM 3.5% GRASIME FRISS CUTIE 1L,PASTE ATA PAIANJENULUI CU 8 OUA GYERMELYI 250G} => {_MORCOVI}",0.000102185767969223,0.25177304964539,0.000405864599539732,7.32436727278774,71
"{PASTE ATA PAIANJENULUI CU 8 OUA GYERMELYI 250G,PIEPT DE PUI FARA OS REFR.VRAC SZEKELY CSURKE} => {_MORCOVI}",0.000125213546666513,0.315217391304348,0.000397229182528249,9.17003606198073,87
"{COTLET PORC FARA OS,PASTE ATA PAIANJENULUI CU 8 OUA GYERMELYI 250G} => {_MORCOVI}",0.000130970491340836,0.276595744680851,0.000473508699463021,8.04648798982315,91
"{COTLET PORC FARA OS,PASTE ATA PAIANJENULUI CU 8 OUA GYERMELYI 250G} => {CARNE TOCATA PORC VRAC}",0.000152559033869545,0.322188449848024,0.000473508699463021,6.57891449155833,106
"{CARNE TOCATA PORC VRAC,PASTE ATA PAIANJENULUI CU 8 OUA GYERMELYI 250G} => {COTLET PORC FARA OS}",0.000152559033869545,0.152080344332855,0.00100314760950069,8.12638624063247,106
"{_CEAPA GALBENA,PASTE ATA PAIANJENULUI CU 8 OUA GYERMELYI 250G} => {_TELINA}",0.000162633687049609,0.395104895104895,0.000411621544214055,23.0886473912967,113
"{_TELINA,PASTE ATA PAIANJENULUI CU 8 OUA GYERMELYI 250G} => {_CEAPA GALBENA}",0.000162633687049609,0.124861878453039,0.00130250873256545,7.09077698026899,113
"{_CEAPA GALBENA,PASTE ATA PAIANJENULUI CU 8 OUA GYERMELYI 250G} => {_PATRUNJEL RADACINA KG}",0.000202932299769866,0.493006993006993,0.000411621544214055,24.333854360458,141
"{_PATRUNJEL RADACINA KG,PASTE ATA PAIANJENULUI CU 8 OUA GYERMELYI 250G} => {_CEAPA GALBENA}",0.000202932299769866,0.133522727272727,0.00151983339402113,7.58261763012223,141
"{_CEAPA GALBENA,PASTE ATA PAIANJENULUI CU 8 OUA GYERMELYI 250G} => {_MORCOVI}",0.000264819455018832,0.643356643356643,0.000411621544214055,18.7159838988678,184
"{_MORCOVI,PASTE ATA PAIANJENULUI CU 8 OUA GYERMELYI 250G} => {_CEAPA GALBENA}",0.000264819455018832,0.130681818181818,0.0020264445253615,7.42128534011963,184
"{LAPTE DE CONSUM 1.5% GRASIME FRISS CUTIE 1L,PASTE ATA PAIANJENULUI CU 8 OUA GYERMELYI 250G} => {_TELINA}",0.000100746531800643,0.233333333333333,0.000431770850574183,13.6352425007009,70
"{_TELINA,LAPTE DE CONSUM 1.5% GRASIME FRISS CUTIE 1L} => {PASTE ATA PAIANJENULUI CU 8 OUA GYERMELYI 250G}",0.000100746531800643,0.127041742286751,0.000793019128887917,14.3365687970578,70
"{_TELINA,PASTE ATA PAIANJENULUI CU 8 OUA GYERMELYI 250G} => {_PATRUNJEL RADACINA KG}",0.00089520489685714,0.687292817679558,0.00130250873256545,33.9234200845625,622
"{_PATRUNJEL RADACINA KG,PASTE ATA PAIANJENULUI CU 8 OUA GYERMELYI 250G} => {_TELINA}",0.00089520489685714,0.589015151515151,0.00151983339402113,34.4201332606978,622
"{_ARDEI ROSU CAPIA,PASTE ATA PAIANJENULUI CU 8 OUA GYERMELYI 250G} => {_TELINA}",0.000100746531800643,0.251798561151079,0.00040010765486541,14.7142904683822,70
"{_TELINA,PASTE ATA PAIANJENULUI CU 8 OUA GYERMELYI 250G} => {_MORCOVI}",0.00100314760950069,0.770165745856354,0.00130250873256545,22.4050063798229,697
"{_MORCOVI,PASTE ATA PAIANJENULUI CU 8 OUA GYERMELYI 250G} => {_TELINA}",0.00100314760950069,0.495028409090909,0.0020264445253615,28.9278531543887,697
"{_TELINA,PASTE ATA PAIANJENULUI CU 8 OUA GYERMELYI 250G} => {CARNE TOCATA PORC VRAC}",0.000169829867892512,0.130386740331492,0.00130250873256545,2.66242696123504,118
"{CARNE TOCATA PORC VRAC,PASTE ATA PAIANJENULUI CU 8 OUA GYERMELYI 250G} => {_TELINA}",0.000169829867892512,0.169296987087518,0.00100314760950069,9.89316631532713,118
"{_TELINA,PASTE ATA PAIANJENULUI CU 8 OUA GYERMELYI 250G} => {PAINE CU CARTOFI FELII BACHUS 1.2 KG}",0.000155437506206706,0.119337016574586,0.00130250873256545,1.94704622404634,108
"{PAINE CU CARTOFI FELII BACHUS 1.2 KG,PASTE ATA PAIANJENULUI CU 8 OUA GYERMELYI 250G} => {_TELINA}",0.000155437506206706,0.203389830508475,0.000764234405516304,11.8854414049693,108
"{_TELINA,PAINE CU CARTOFI FELII BACHUS 1.2 KG} => {PASTE ATA PAIANJENULUI CU 8 OUA GYERMELYI 250G}",0.000155437506206706,0.114044350580781,0.00136295665164584,12.8698225369635,108
"{_TELINA,PASTE ATA PAIANJENULUI CU 8 OUA GYERMELYI 250G} => {_BANANE}",0.000162633687049609,0.124861878453039,0.00130250873256545,1.62175261900348,113
"{_BANANE,PASTE ATA PAIANJENULUI CU 8 OUA GYERMELYI 250G} => {_TELINA}",0.000162633687049609,0.187396351575456,0.000867859409654108,10.9508344177626,113
"{_LAMAIE^2 A nu se consuma coaja,PASTE ATA PAIANJENULUI CU 8 OUA GYERMELYI 250G} => {_PATRUNJEL RADACINA KG}",0.000105064240306385,0.252595155709343,0.000415939252719797,12.4675994831197,73
"{_LAMAIE^2 A nu se consuma coaja,PASTE ATA PAIANJENULUI CU 8 OUA GYERMELYI 250G} => {_MORCOVI}",0.000122335074329352,0.294117647058824,0.000415939252719797,8.55622026067168,85
"{LAPTE DE CONSUM 1.5% GRASIME FRISS CUTIE 1L,PASTE ATA PAIANJENULUI CU 8 OUA GYERMELYI 250G} => {_MORCOVI}",0.000136727436015158,0.316666666666667,0.000431770850574183,9.21219714732317,95
"{_ARDEI ROSU CAPIA,PASTE ATA PAIANJENULUI CU 8 OUA GYERMELYI 250G} => {_PATRUNJEL RADACINA KG}",0.000113699657317868,0.284172661870504,0.00040010765486541,14.0262030057704,79
"{_PATRUNJEL RADACINA KG,PASTE ATA PAIANJENULUI CU 8 OUA GYERMELYI 250G} => {_MORCOVI}",0.00126652782835094,0.833333333333333,0.00151983339402113,24.2426240719031,880
"{_MORCOVI,PASTE ATA PAIANJENULUI CU 8 OUA GYERMELYI 250G} => {_PATRUNJEL RADACINA KG}",0.00126652782835094,0.625,0.0020264445253615,30.8487692690204,880
"{_PATRUNJEL RADACINA KG,PASTE ATA PAIANJENULUI CU 8 OUA GYERMELYI 250G} => {CARNE TOCATA PORC VRAC}",0.000179904521072576,0.118371212121212,0.00151983339402112,2.41707635135556,125
"{CARNE TOCATA PORC VRAC,PASTE ATA PAIANJENULUI CU 8 OUA GYERMELYI 250G} => {_PATRUNJEL RADACINA KG}",0.000179904521072576,0.179340028694405,0.00100314760950069,8.85187066542909,125
"{_PATRUNJEL RADACINA KG,PASTE ATA PAIANJENULUI CU 8 OUA GYERMELYI 250G} => {PAINE CU CARTOFI FELII BACHUS 1.2 KG}",0.000184222229578318,0.121212121212121,0.00151983339402112,1.97763954294269,128
"{PAINE CU CARTOFI FELII BACHUS 1.2 KG,PASTE ATA PAIANJENULUI CU 8 OUA GYERMELYI 250G} => {_PATRUNJEL RADACINA KG}",0.000184222229578318,0.24105461393597,0.000764234405516304,11.8979810664696,128
"{_PATRUNJEL RADACINA KG,PAINE CU CARTOFI FELII BACHUS 1.2 KG} => {PASTE ATA PAIANJENULUI CU 8 OUA GYERMELYI 250G}",0.000184222229578318,0.10648918469218,0.00172996187463389,12.0172275269656,128
"{_PATRUNJEL RADACINA KG,PASTE ATA PAIANJENULUI CU 8 OUA GYERMELYI 250G} => {_BANANE}",0.000187100701915479,0.123106060606061,0.00151983339402113,1.5989474023344,130
"{_BANANE,PASTE ATA PAIANJENULUI CU 8 OUA GYERMELYI 250G} => {_PATRUNJEL RADACINA KG}",0.000187100701915479,0.21558872305141,0.000867859409654109,10.6410348390651,130
"{_ARDEI ROSU CAPIA,PASTE ATA PAIANJENULUI CU 8 OUA GYERMELYI 250G} => {_MORCOVI}",0.000138166672183739,0.345323741007194,0.00040010765486541,10.0458643636088,96
"{_MORCOVI,PASTE ATA PAIANJENULUI CU 8 OUA GYERMELYI 250G} => {CARNE TOCATA PORC VRAC}",0.000270576399693155,0.133522727272727,0.0020264445253615,2.72646212432908,188
"{CARNE TOCATA PORC VRAC,PASTE ATA PAIANJENULUI CU 8 OUA GYERMELYI 250G} => {_MORCOVI}",0.000270576399693155,0.269727403156384,0.00100314760950069,7.84668004393305,188
"{_MORCOVI,PASTE ATA PAIANJENULUI CU 8 OUA GYERMELYI 250G} => {PAINE CU CARTOFI FELII BACHUS 1.2 KG}",0.000227399314635737,0.112215909090909,0.0020264445253615,1.83086160811492,158
"{PAINE CU CARTOFI FELII BACHUS 1.2 KG,PASTE ATA PAIANJENULUI CU 8 OUA GYERMELYI 250G} => {_MORCOVI}",0.000227399314635737,0.297551789077213,0.000764234405516304,8.65612339742528,158
"{_MORCOVI,PASTE ATA PAIANJENULUI CU 8 OUA GYERMELYI 250G} => {_BANANE}",0.000253305565670188,0.125,0.0020264445253615,1.62354659313955,176
"{_BANANE,PASTE ATA PAIANJENULUI CU 8 OUA GYERMELYI 250G} => {_MORCOVI}",0.000253305565670188,0.291873963515755,0.000867859409654108,8.49094892866655,176
"{_ARDEI ALB BIANCA,_RIDICHI ROSU LEGATURA} => {_ARDEI ROSU CAPIA}",0.000125213546666513,0.236413043478261,0.000529638910037665,10.3134837683343,87
"{_ARDEI ROSU CAPIA,_RIDICHI ROSU LEGATURA} => {_ARDEI ALB BIANCA}",0.000125213546666513,0.127753303964758,0.000980119830803396,12.7206443662461,87
"{_ARDEI ALB BIANCA,_RIDICHI ROSU LEGATURA} => {_MORCOVI}",0.000110821184980707,0.209239130434783,0.000529638910037665,6.0870066963148,77
"{_MORCOVI,_RIDICHI ROSU LEGATURA} => {_ARDEI ALB BIANCA}",0.000110821184980707,0.1232,0.000899522605362882,12.2672630553167,77
"{_ARDEI ALB BIANCA,_RIDICHI ROSU LEGATURA} => {_BANANE}",0.000113699657317868,0.214673913043478,0.000529638910037665,2.78826480126139,79
"{_RIDICHI ROSU LEGATURA,DANONE ACTIVIA NATUR 125G} => {_BANANE}",0.000109381948812126,0.466257668711656,0.00023459549547864,6.05592839649597,76
"{_CASTRAVETI CORNISON,_RIDICHI ROSU LEGATURA} => {_ROSII VRAC}",0.000112260421149288,0.118181818181818,0.000949895871263203,6.12062191684285,78
"{_RIDICHI ROSU LEGATURA,_ROSII VRAC} => {_CASTRAVETI CORNISON}",0.000112260421149288,0.207446808510638,0.00054115279938631,12.4212977733283,78
"{_CASTRAVETI CORNISON,_RIDICHI ROSU LEGATURA} => {_ARDEI ROSU CAPIA}",0.000201493063601286,0.212121212121212,0.000949895871263203,9.25375624772875,140
"{_ARDEI ROSU CAPIA,_RIDICHI ROSU LEGATURA} => {_CASTRAVETI CORNISON}",0.000201493063601286,0.205580029368576,0.000980119830803396,12.3095205916639,140
"{_CASTRAVETI CORNISON,_RIDICHI ROSU LEGATURA} => {PAINE CU CARTOFI FELII BACHUS 1.2 KG}",0.000120895838160771,0.127272727272727,0.000949895871263203,2.07652152008983,84
"{_RIDICHI ROSU LEGATURA,PAINE CU CARTOFI FELII BACHUS 1.2 KG} => {_CASTRAVETI CORNISON}",0.000120895838160771,0.127272727272727,0.000949895871263203,7.62071229356648,84
"{_CASTRAVETI CORNISON,_RIDICHI ROSU LEGATURA} => {_BANANE}",0.000187100701915479,0.196969696969697,0.000949895871263203,2.55831584373504,130
"{_BANANE,_RIDICHI ROSU LEGATURA} => {_CASTRAVETI CORNISON}",0.000187100701915479,0.103668261562998,0.00180480215540009,6.20734710628849,130
"{_CEAPA GALBENA,_RIDICHI ROSU LEGATURA} => {_MORCOVI}",0.000106503476474965,0.27007299270073,0.000394350710191087,7.85673364082115,74
"{_MORCOVI,_RIDICHI ROSU LEGATURA} => {_CEAPA GALBENA}",0.000106503476474965,0.1184,0.000899522605362882,6.72381358398038,74
"{_RIDICHI ROSU LEGATURA,_ROSII VRAC} => {_ARDEI ROSU CAPIA}",0.000109381948812126,0.202127659574468,0.00054115279938631,8.81778900809411,76
"{_ARDEI ROSU CAPIA,_RIDICHI ROSU LEGATURA} => {_ROSII VRAC}",0.000109381948812126,0.111600587371512,0.000980119830803396,5.77978077768058,76
"{_RIDICHI ROSU LEGATURA,_ROSII VRAC} => {_BANANE}",0.000106503476474965,0.196808510638298,0.00054115279938631,2.55622229558141,74
"{_MERE ROSII,_RIDICHI ROSU LEGATURA} => {_BANANE}",0.000175586812566835,0.298288508557457,0.00058864759294947,3.87428233472909,122
"{_RIDICHI ROSU LEGATURA,_TELINA} => {_PATRUNJEL RADACINA KG}",0.000328145846436379,0.655172413793103,0.000500854186666053,32.338020199249,228
"{_PATRUNJEL RADACINA KG,_RIDICHI ROSU LEGATURA} => {_TELINA}",0.000328145846436379,0.553398058252427,0.000592965301455212,32.3387859586664,228
"{_RIDICHI ROSU LEGATURA,_TELINA} => {_MORCOVI}",0.000349734388965088,0.698275862068966,0.000500854186666053,20.3136470671464,243
"{_MORCOVI,_RIDICHI ROSU LEGATURA} => {_TELINA}",0.000349734388965088,0.3888,0.000899522605362882,22.7202097897393,243
"{_RIDICHI ROSU LEGATURA,_TELINA} => {_BANANE}",0.000116578129655029,0.232758620689655,0.000500854186666053,3.0231557251564,81
"{_LAMAIE^2 A nu se consuma coaja,_RIDICHI ROSU LEGATURA} => {_BANANE}",0.000138166672183739,0.302839116719243,0.000456237865440054,3.93338732975133,96
"{_PATRUNJEL RADACINA KG,_RIDICHI ROSU LEGATURA} => {_MORCOVI}",0.000479265644137343,0.808252427184466,0.000592965301455212,23.5129916969235,333
"{_MORCOVI,_RIDICHI ROSU LEGATURA} => {_PATRUNJEL RADACINA KG}",0.000479265644137343,0.5328,0.000899522605362882,26.2979588264545,333
"{_PATRUNJEL RADACINA KG,_RIDICHI ROSU LEGATURA} => {_BANANE}",0.000132409727509416,0.223300970873786,0.000592965301455212,2.90031624405511,92
"{_ARDEI ROSU CAPIA,_RIDICHI ROSU LEGATURA} => {_MORCOVI}",0.000113699657317868,0.116005873715125,0.000980119830803396,3.37474414393012,79
"{_MORCOVI,_RIDICHI ROSU LEGATURA} => {_ARDEI ROSU CAPIA}",0.000113699657317868,0.1264,0.000899522605362882,5.51418115150374,79
"{_ARDEI ROSU CAPIA,_RIDICHI ROSU LEGATURA} => {PAINE CU CARTOFI FELII BACHUS 1.2 KG}",0.000103625004137804,0.105726872246696,0.000980119830803396,1.72498955728041,72
"{_RIDICHI ROSU LEGATURA,PAINE CU CARTOFI FELII BACHUS 1.2 KG} => {_ARDEI ROSU CAPIA}",0.000103625004137804,0.109090909090909,0.000949895871263203,4.75907464168907,72
"{_ARDEI ROSU CAPIA,_RIDICHI ROSU LEGATURA} => {_BANANE}",0.000205810772107027,0.209985315712188,0.000980119830803396,2.72736755147084,143
"{_BANANE,_RIDICHI ROSU LEGATURA} => {_ARDEI ROSU CAPIA}",0.000205810772107027,0.114035087719298,0.00180480215540009,4.97476369708726,143
"{_MORCOVI,_RIDICHI ROSU LEGATURA} => {CARNE TOCATA PORC VRAC}",0.000120895838160771,0.1344,0.000899522605362882,2.74437556058424,84
"{_RIDICHI ROSU LEGATURA,CARNE TOCATA PORC VRAC} => {_MORCOVI}",0.000120895838160771,0.186252771618625,0.000649095512029856,5.41830710964042,84
"{_MORCOVI,_RIDICHI ROSU LEGATURA} => {_BANANE}",0.000215885425287092,0.24,0.000899522605362882,3.11720945882793,150
"{_BANANE,_RIDICHI ROSU LEGATURA} => {_MORCOVI}",0.000215885425287092,0.119617224880383,0.00180480215540009,3.47980249835929,150
"{_RIDICHI ROSU LEGATURA,CARNE TOCATA PORC VRAC} => {_BANANE}",0.000119456601992191,0.184035476718404,0.000649095512029856,2.39032136994381,83
"{_RIDICHI ROSU LEGATURA,PAINE CU CARTOFI FELII BACHUS 1.2 KG} => {_BANANE}",0.000230277786972898,0.242424242424242,0.000949895871263203,3.14869642305851,160
"{_BANANE,_RIDICHI ROSU LEGATURA} => {PAINE CU CARTOFI FELII BACHUS 1.2 KG}",0.000230277786972898,0.127591706539075,0.00180480215540009,2.08172583467652,160
"{DANONE ACTIVIA NATUR 125G,PATE PORC BUCEGI 120G} => {_BANANE}",0.000105064240306385,0.336405529953917,0.000312314248581993,4.36936041655988,73
"{_CASTRAVETI CORNISON,PATE PORC BUCEGI 120G} => {_ROSII VRAC}",0.000107942712643546,0.241157556270096,0.00044760244842857,12.4895203596224,75
"{_ROSII VRAC,PATE PORC BUCEGI 120G} => {_CASTRAVETI CORNISON}",0.000107942712643546,0.260416666666667,0.000414500016551216,15.5929753030564,75
"{_CASTRAVETI CORNISON,PATE PORC BUCEGI 120G} => {_ARDEI ROSU CAPIA}",0.000102185767969223,0.228295819935691,0.00044760244842857,9.95937110171266,71
"{_ARDEI ROSU CAPIA,PATE PORC BUCEGI 120G} => {_CASTRAVETI CORNISON}",0.000102185767969223,0.203438395415473,0.000502293422834633,12.1812859215625,71
"{PARIZER CRISTUR,PATE PORC BUCEGI 120G} => {PAINE CU CARTOFI FELII BACHUS 1.2 KG}",0.000151119797700964,0.219665271966527,0.000687954888581532,3.58395450643119,105
"{PAINE CU CARTOFI FELII BACHUS 1.2 KG,PATE PORC BUCEGI 120G} => {PARIZER CRISTUR}",0.000151119797700964,0.126353790613718,0.00119600525609049,7.19196004896285,105
"{COTLET PORC FARA OS,PATE PORC BUCEGI 120G} => {CARNE TOCATA PORC VRAC}",0.00011801736582361,0.34453781512605,0.000342538208122185,7.03527648459096,82
"{CARNE TOCATA PORC VRAC,PATE PORC BUCEGI 120G} => {COTLET PORC FARA OS}",0.00011801736582361,0.161735700197239,0.00072969273747037,8.64231846967192,82
"{_TELINA,PATE PORC BUCEGI 120G} => {_PATRUNJEL RADACINA KG}",0.000168390631723931,0.612565445026178,0.000274894108198897,30.2350241212598,117
"{_PATRUNJEL RADACINA KG,PATE PORC BUCEGI 120G} => {_TELINA}",0.000168390631723931,0.475609756097561,0.00035405209747083,27.793090114669,117
"{_TELINA,PATE PORC BUCEGI 120G} => {_MORCOVI}",0.000189979174252641,0.691099476439791,0.000274894108198897,20.1048777643427,132
"{_MORCOVI,PATE PORC BUCEGI 120G} => {_TELINA}",0.000189979174252641,0.346456692913386,0.000548348980229213,20.2458043879923,132
"{_PATRUNJEL RADACINA KG,PATE PORC BUCEGI 120G} => {_MORCOVI}",0.000290725706053283,0.821138211382114,0.00035405209747083,23.8878539635338,202
"{_MORCOVI,PATE PORC BUCEGI 120G} => {_PATRUNJEL RADACINA KG}",0.000290725706053283,0.530183727034121,0.000548348980229213,26.1688247447438,202
"{_ARDEI ROSU CAPIA,PATE PORC BUCEGI 120G} => {_BANANE}",0.000106503476474965,0.212034383954155,0.000502293422834633,2.75398161357768,74
"{_MORCOVI,PATE PORC BUCEGI 120G} => {PAINE CU CARTOFI FELII BACHUS 1.2 KG}",0.000103625004137804,0.188976377952756,0.000548348980229213,3.083249051202,72
"{_MORCOVI,PATE PORC BUCEGI 120G} => {_BANANE}",0.000103625004137804,0.188976377952756,0.000548348980229213,2.45449563687238,72
"{CARNE TOCATA PORC VRAC,PATE PORC BUCEGI 120G} => {PAINE CU CARTOFI FELII BACHUS 1.2 KG}",0.000105064240306385,0.143984220907298,0.00072969273747037,2.34917833281506,73
"{PAINE CU CARTOFI FELII BACHUS 1.2 KG,PATE PORC BUCEGI 120G} => {_BANANE}",0.000175586812566835,0.146811070998797,0.00119600525609049,1.90683691324211,122
"{_BANANE,PATE PORC BUCEGI 120G} => {PAINE CU CARTOFI FELII BACHUS 1.2 KG}",0.000175586812566835,0.144208037825059,0.0012175937986192,2.35283002360735,122
"{_PATRUNJEL RADACINA KG,ENERGIZANT HELL 250ML} => {_MORCOVI}",0.000102185767969223,0.806818181818182,0.000126652782835094,23.4712678514334,71
"{_MORCOVI,ENERGIZANT HELL 250ML} => {_PATRUNJEL RADACINA KG}",0.000102185767969223,0.493055555555556,0.000207250008275608,24.3362513122272,71
"{_BANANE,ENERGIZANT HELL 250ML} => {PAINE CU CARTOFI FELII BACHUS 1.2 KG}",0.000103625004137804,0.119601328903654,0.000866420173485528,1.95135861878399,72
"{_ARDEI ALB BIANCA,_ARDEI IUTE} => {_TELINA}",0.000116578129655029,0.203517587939698,0.000572815995095083,11.892907134495,81
"{_ARDEI IUTE,_TELINA} => {_ARDEI ALB BIANCA}",0.000116578129655029,0.171974522292994,0.000677880235401468,17.1238368813359,81
"{_ARDEI ALB BIANCA,_ARDEI IUTE} => {_PATRUNJEL RADACINA KG}",0.000107942712643546,0.188442211055276,0.000572815995095083,9.30113646302122,75
"{_ARDEI IUTE,_PATRUNJEL RADACINA KG} => {_ARDEI ALB BIANCA}",0.000107942712643546,0.148514851485149,0.000726814265133209,14.7879119382274,75
"{_ARDEI ALB BIANCA,_ARDEI IUTE} => {_ARDEI ROSU CAPIA}",0.000132409727509416,0.231155778894472,0.000572815995095083,10.0841363848185,92
"{_ARDEI ALB BIANCA,_ARDEI IUTE} => {_MORCOVI}",0.000143923616858061,0.251256281407035,0.000572815995095083,7.30933389102606,100
"{_ARDEI IUTE,_MORCOVI} => {_ARDEI ALB BIANCA}",0.000143923616858061,0.126103404791929,0.00114131428168442,12.5563607041695,100
"{_ARDEI ALB BIANCA,_ARDEI IUTE} => {_BANANE}",0.000103625004137804,0.180904522613065,0.000572815995095083,2.34965537097582,72
"{_ARDEI IUTE,_USTUROI} => {_MORCOVI}",0.000113699657317868,0.257328990228013,0.000441845503754248,7.48599596748017,79
"{_ARDEI IUTE,_CASTRAVETI CORNISON} => {_ROSII VRAC}",0.000231717023141478,0.199011124845488,0.00116434206038171,10.3067618282102,161
"{_ARDEI IUTE,_ROSII VRAC} => {_CASTRAVETI CORNISON}",0.000231717023141478,0.217273954116059,0.00106647400091823,13.0097180180318,161
"{_ARDEI IUTE,PAINE DE CASA CU CARTOFI DOBOI KG} => {_CASTRAVETI CORNISON}",0.000109381948812126,0.123376623376623,0.000886569479845656,7.38742518253894,76
"{_CASTRAVETI CORNISON,PAINE DE CASA CU CARTOFI DOBOI KG} => {_ARDEI IUTE}",0.000109381948812126,0.123778501628664,0.000883691007508495,10.8644406331629,76
"{_ARDEI IUTE,_CASTRAVETI CORNISON} => {_ARDEI ROSU CAPIA}",0.000195736118926963,0.168108776266996,0.00116434206038171,7.3337202966284,136
"{_ARDEI IUTE,_ARDEI ROSU CAPIA} => {_CASTRAVETI CORNISON}",0.000195736118926963,0.143915343915344,0.00136007817930868,8.61722266906686,136
"{_ARDEI IUTE,_CASTRAVETI CORNISON} => {PAINE CU CARTOFI FELII BACHUS 1.2 KG}",0.000138166672183739,0.118665018541409,0.00116434206038171,1.93608222251003,96
"{_ARDEI IUTE,PAINE CU CARTOFI FELII BACHUS 1.2 KG} => {_CASTRAVETI CORNISON}",0.000138166672183739,0.156862745098039,0.000880812535171334,9.3924745354881,96
"{_ARDEI IUTE,_CASTRAVETI CORNISON} => {_BANANE}",0.000178465284903996,0.15327564894932,0.00116434206038171,1.99080126130337,124
"{_ARDEI IUTE,_BANANE} => {_CASTRAVETI CORNISON}",0.000178465284903996,0.130526315789474,0.00136727436015158,7.81552749505615,124
"{_ARDEI IUTE,COTLET PORC FARA OS} => {CARNE TOCATA PORC VRAC}",0.000113699657317868,0.287272727272727,0.000395789946359668,5.86595425557779,79
"{_ARDEI IUTE,CARNE TOCATA PORC VRAC} => {COTLET PORC FARA OS}",0.000113699657317868,0.133671742808799,0.000850588575631141,7.14272588142812,79
"{_ARDEI IUTE,_CEAPA GALBENA} => {_TELINA}",0.000113699657317868,0.152804642166344,0.000744085099156176,8.92940721930397,79
"{_ARDEI IUTE,_TELINA} => {_CEAPA GALBENA}",0.000113699657317868,0.167728237791932,0.000677880235401468,9.52511320677774,79
"{_ARDEI IUTE,_CEAPA GALBENA} => {_PATRUNJEL RADACINA KG}",0.000120895838160771,0.16247582205029,0.000744085099156176,8.0194866339581,84
"{_ARDEI IUTE,_PATRUNJEL RADACINA KG} => {_CEAPA GALBENA}",0.000120895838160771,0.166336633663366,0.000726814265133208,9.44608544712256,84
"{_ARDEI IUTE,_CEAPA GALBENA} => {_ARDEI ROSU CAPIA}",0.000138166672183739,0.18568665377176,0.000744085099156176,8.10055258159842,96
"{_ARDEI IUTE,_ARDEI ROSU CAPIA} => {_CEAPA GALBENA}",0.000138166672183739,0.101587301587302,0.00136007817930868,5.76903782409299,96
"{_ARDEI IUTE,_CEAPA GALBENA} => {_MORCOVI}",0.000194296882758382,0.261121856866538,0.000744085099156176,7.59633481556731,135
"{_ARDEI IUTE,_MORCOVI} => {_CEAPA GALBENA}",0.000194296882758382,0.170239596469105,0.00114131428168442,9.66773066951271,135
"{_ARDEI IUTE,_CEAPA GALBENA} => {_BANANE}",0.000102185767969223,0.137330754352031,0.000744085099156176,1.78370302689219,71
"{_ARDEI IUTE,_ROSII VRAC} => {_ARDEI ROSU CAPIA}",0.000201493063601286,0.188933873144399,0.00106647400091823,8.24221204251143,140
"{_ARDEI IUTE,_ARDEI ROSU CAPIA} => {_ROSII VRAC}",0.000201493063601286,0.148148148148148,0.00136007817930868,7.672574482652,140
"{_ARDEI IUTE,_ROSII VRAC} => {_BANANE}",0.000133848963677997,0.125506072874494,0.00106647400091823,1.63011965626967,93
"{_ARDEI IUTE,_MERE ROSII} => {_BANANE}",0.000100746531800643,0.233333333333333,0.000431770850574183,3.03062030719382,70
"{_ARDEI IUTE,_TELINA} => {_PATRUNJEL RADACINA KG}",0.000417378488888377,0.615711252653928,0.000677880235401468,30.3902949911369,290
"{_ARDEI IUTE,_PATRUNJEL RADACINA KG} => {_TELINA}",0.000417378488888377,0.574257425742574,0.000726814265133209,33.5577396764067,290
"{_ARDEI IUTE,_TELINA} => {_ARDEI ROSU CAPIA}",0.000112260421149288,0.165605095541401,0.000677880235401468,7.2244975983178,78
"{_ARDEI IUTE,_TELINA} => {_MORCOVI}",0.000469190990957279,0.692144373673036,0.000677880235401468,20.1352750253259,326
"{_ARDEI IUTE,_MORCOVI} => {_TELINA}",0.000469190990957279,0.41109709962169,0.00114131428168442,24.0231799057565,326
"{_ARDEI IUTE,_TELINA} => {_BANANE}",0.000102185767969223,0.150743099787686,0.000677880235401468,1.95790756879673,71
"{_ARDEI IUTE,_LAMAIE^2 A nu se consuma coaja} => {_BANANE}",0.0001410451445209,0.291666666666667,0.000483583352643085,3.78827538399227,98
"{_ARDEI IUTE,_BANANE} => {_LAMAIE^2 A nu se consuma coaja}",0.0001410451445209,0.103157894736842,0.00136727436015158,5.22491954481626,98
"{_ARDEI IUTE,PAINE DE CASA CU CARTOFI DOBOI KG} => {_ARDEI ROSU CAPIA}",0.000129531255172255,0.146103896103896,0.000886569479845656,6.37376068083358,90
"{_ARDEI ROSU CAPIA,PAINE DE CASA CU CARTOFI DOBOI KG} => {_ARDEI IUTE}",0.000129531255172255,0.102389078498294,0.00126508859218236,8.98702157638136,90
"{_ARDEI IUTE,PAINE DE CASA CU CARTOFI DOBOI KG} => {_BANANE}",0.000102185767969223,0.11525974025974,0.000886569479845656,1.4970364689988,71
"{_ARDEI IUTE,_PATRUNJEL RADACINA KG} => {_ARDEI ROSU CAPIA}",0.000132409727509416,0.182178217821782,0.000726814265133209,7.94749758645105,92
"{_ARDEI IUTE,_PATRUNJEL RADACINA KG} => {_MORCOVI}",0.000568498286589341,0.782178217821782,0.000726814265133208,22.7544629902615,395
"{_ARDEI IUTE,_MORCOVI} => {_PATRUNJEL RADACINA KG}",0.000568498286589341,0.498108448928121,0.00114131428168442,24.5856521790932,395
"{_ARDEI IUTE,_ARDEI ROSU CAPIA} => {_MORCOVI}",0.000191418410421221,0.140740740740741,0.00136007817930868,4.09430984325474,133
"{_ARDEI IUTE,_MORCOVI} => {_ARDEI ROSU CAPIA}",0.000191418410421221,0.167717528373266,0.00114131428168442,7.31665216560646,133
"{_ARDEI IUTE,PAINE CU CARTOFI FELII BACHUS 1.2 KG} => {_ARDEI ROSU CAPIA}",0.000126652782835094,0.143790849673203,0.000880812535171334,6.27285437521108,88
"{_ARDEI IUTE,_ARDEI ROSU CAPIA} => {_BANANE}",0.00018853993808406,0.138624338624339,0.00136007817930868,1.80050458159814,131
"{_ARDEI IUTE,_BANANE} => {_ARDEI ROSU CAPIA}",0.00018853993808406,0.137894736842105,0.00136727436015158,6.01563733217013,131
"{_ARDEI IUTE,_MORCOVI} => {CARNE TOCATA PORC VRAC}",0.000152559033869545,0.133669609079445,0.00114131428168442,2.72946137165535,106
"{_ARDEI IUTE,CARNE TOCATA PORC VRAC} => {_MORCOVI}",0.000152559033869545,0.179357021996616,0.000850588575631141,5.21770183070401,106
"{_ARDEI IUTE,_MORCOVI} => {_BANANE}",0.000153998270038125,0.134930643127364,0.00114131428168442,1.75252948767648,107
"{_ARDEI IUTE,_BANANE} => {_MORCOVI}",0.000153998270038125,0.112631578947368,0.00136727436015158,3.27658203245511,107
"{_ARDEI IUTE,CARNE TOCATA PORC VRAC} => {_BANANE}",0.000120895838160771,0.142131979695431,0.000850588575631141,1.84606313128558,84
"{_ARDEI IUTE,PAINE CU CARTOFI FELII BACHUS 1.2 KG} => {_BANANE}",0.000139605908352319,0.158496732026144,0.000880812535171334,2.05861463443838,97
"{_ARDEI IUTE,_BANANE} => {PAINE CU CARTOFI FELII BACHUS 1.2 KG}",0.000139605908352319,0.102105263157895,0.00136727436015158,1.66590109919989,97
"{_MERE GOLDEN,DANONE ACTIVIA NATUR 125G} => {_BANANE}",0.000146802089195222,0.409638554216867,0.000358369805976572,5.32053823293923,102
"{_MERE GOLDEN,_USTUROI} => {_BANANE}",0.000106503476474965,0.312236286919831,0.000341098971953605,4.05544127906587,74
"{_MERE GOLDEN,CORN CU CASCAVAL PANOS 80G} => {_BANANE}",0.00011801736582361,0.343096234309623,0.000343977444290766,4.45626177865917,82
"{_MERE GOLDEN,CREMWURSTI DE PUI CRISTUR} => {_BANANE}",0.000132409727509416,0.444444444444444,0.000297921886896186,5.77261010894061,92
"{_MERE GOLDEN,LAPTE DE CONSUM 3.5% GRASIME FRISS CUTIE 1L} => {_BANANE}",0.000125213546666513,0.384955752212389,0.000325267374099218,4.99994880011117,87
"{_CASTRAVETI CORNISON,_MERE GOLDEN} => {_BANANE}",0.000125213546666513,0.264437689969605,0.000473508699463021,3.43461528518275,87
"{_MERE GOLDEN,PARIZER CRISTUR} => {_BANANE}",0.000138166672183739,0.385542168674699,0.000358369805976572,5.00756539570751,96
"{_MERE GOLDEN,PIEPT DE PUI FARA OS REFR.VRAC SZEKELY CSURKE} => {_BANANE}",0.000103625004137804,0.334883720930233,0.000309435776244831,4.34959459371339,72
"{_CEAPA GALBENA,_MERE GOLDEN} => {_BANANE}",0.000116578129655029,0.274576271186441,0.00042457466973128,3.56629895713365,81
"{_MERE GOLDEN,_ROSII VRAC} => {_ARDEI ROSU CAPIA}",0.000119456601992191,0.191685912240185,0.000623189260995405,8.36226933768691,83
"{_ARDEI ROSU CAPIA,_MERE GOLDEN} => {_ROSII VRAC}",0.000119456601992191,0.165668662674651,0.000721057320458886,8.5799597882351,83
"{_MERE GOLDEN,_ROSII VRAC} => {_BANANE}",0.000181343757241157,0.290993071593533,0.000623189260995405,3.77952648010315,126
"{_MERE GOLDEN,_MERE ROSII} => {_BANANE}",0.000292164942221864,0.295487627365357,0.00098875524781488,3.8379034457913,203
"{_MERE GOLDEN,_TELINA} => {_PATRUNJEL RADACINA KG}",0.00023603473164722,0.598540145985402,0.000394350710191087,29.5427629787991,164
"{_MERE GOLDEN,_PATRUNJEL RADACINA KG} => {_TELINA}",0.00023603473164722,0.554054054054054,0.000426013905899861,32.377120223672,164
"{_MERE GOLDEN,_TELINA} => {_MORCOVI}",0.000272015635861735,0.68978102189781,0.000394350710191087,20.0665224069621,189
"{_MERE GOLDEN,_MORCOVI} => {_TELINA}",0.000272015635861735,0.354596622889306,0.000767112877853466,20.7214754701083,189
"{_MERE GOLDEN,_TELINA} => {_BANANE}",0.000107942712643546,0.273722627737226,0.000394350710191087,3.55521151782382,75
"{_LAMAIE^2 A nu se consuma coaja,_MERE GOLDEN} => {_BANANE}",0.000263380218850252,0.408482142857143,0.000644777803524114,5.30551833115244,183
"{_MERE GOLDEN,LAPTE DE CONSUM 1.5% GRASIME FRISS CUTIE 1L} => {_BANANE}",0.000135288199846577,0.320819112627986,0.000421696197394119,4.16691821856976,94
"{_MERE GOLDEN,_PATRUNJEL RADACINA KG} => {_MORCOVI}",0.000361248278313733,0.847972972972973,0.000426013905899861,24.6685080083014,251
"{_MERE GOLDEN,_MORCOVI} => {_PATRUNJEL RADACINA KG}",0.000361248278313733,0.470919324577861,0.000767112877853466,23.2436505411606,251
"{_MERE GOLDEN,_PATRUNJEL RADACINA KG} => {_BANANE}",0.000130970491340836,0.307432432432432,0.000426013905899861,3.99304702637023,91
"{_ARDEI ROSU CAPIA,_MERE GOLDEN} => {_BANANE}",0.000208689244444189,0.289421157684631,0.000721057320458886,3.75910987633108,145
"{_MERE GOLDEN,APA MINERALA NATURALA CARBOGAZIFICATA CONTINUT REDUS CO2 TUSNAD 2L} => {_BANANE}",0.000178465284903996,0.270742358078603,0.00065917016520992,3.51650266461666,124
"{_MERE GOLDEN,_MORCOVI} => {_BANANE}",0.000220203133792833,0.287054409005629,0.000767112877853466,3.72836966229419,153
"{_MERE GOLDEN,CARNE TOCATA PORC VRAC} => {_BANANE}",0.0001410451445209,0.274509803921569,0.000513807312183278,3.56543565552214,98
"{_MERE GOLDEN,PAINE CU CARTOFI FELII BACHUS 1.2 KG} => {_BANANE}",0.000274894108198897,0.317275747508306,0.000866420173485528,4.1208956716233,191
"{PAINE CU CARTOFI FELII BACHUS 1.2 KG,SANA 3.6% PET FRISS 330G} => {CORN CU CASCAVAL PANOS 80G}",0.000153998270038125,0.110537190082645,0.00139318061118603,5.09910215462041,107
"{_BANANE,SANA 3.6% PET FRISS 330G} => {CORN CU CASCAVAL PANOS 80G}",0.000204371535938447,0.112698412698413,0.00181343757241157,5.19879977574175,142
"{_MERE ROSII,SANA 3.6% PET FRISS 330G} => {_BANANE}",0.000155437506206706,0.357615894039735,0.000434649322911344,4.64484853136612,108
"{_TELINA,SANA 3.6% PET FRISS 330G} => {_PATRUNJEL RADACINA KG}",0.000106503476474965,0.54014598540146,0.000197175355095544,26.6605422003797,74
"{_PATRUNJEL RADACINA KG,SANA 3.6% PET FRISS 330G} => {_TELINA}",0.000106503476474965,0.506849315068493,0.000210128480612769,29.6186285240273,74
"{_TELINA,SANA 3.6% PET FRISS 330G} => {_MORCOVI}",0.000109381948812126,0.554744525547445,0.000197175355095544,16.1381555865515,76
"{_MORCOVI,SANA 3.6% PET FRISS 330G} => {_TELINA}",0.000109381948812126,0.305220883534137,0.000358369805976572,17.8361175568548,76
"{_PATRUNJEL RADACINA KG,SANA 3.6% PET FRISS 330G} => {_MORCOVI}",0.000156876742375287,0.746575342465753,0.000210128480612769,21.7187344424995,109
"{_MORCOVI,SANA 3.6% PET FRISS 330G} => {_PATRUNJEL RADACINA KG}",0.000156876742375287,0.437751004016064,0.000358369805976572,21.6065275522777,109
"{PAINE CU CARTOFI FELII BACHUS 1.2 KG,SANA 3.6% PET FRISS 330G} => {_BANANE}",0.000250427093333026,0.179752066115702,0.00139318061118603,2.33468683641555,174
"{_BANANE,SANA 3.6% PET FRISS 330G} => {PAINE CU CARTOFI FELII BACHUS 1.2 KG}",0.000250427093333026,0.138095238095238,0.00181343757241157,2.25309647928114,174
"{_MERE ROSII,FRANZELA ALBA BACHUS 1KG} => {_BANANE}",0.000102185767969223,0.302127659574468,0.000338220499616444,3.92414665916282,71
"{_TELINA,FRANZELA ALBA BACHUS 1KG} => {_PATRUNJEL RADACINA KG}",0.000182782993409738,0.679144385026738,0.000269137163524574,33.5212294944649,127
"{_PATRUNJEL RADACINA KG,FRANZELA ALBA BACHUS 1KG} => {_TELINA}",0.000182782993409738,0.522633744855967,0.000349734388965088,30.5410193578309,127
"{_TELINA,FRANZELA ALBA BACHUS 1KG} => {_MORCOVI}",0.000185661465746899,0.689839572192513,0.000269137163524574,20.0682257023027,129
"{_MORCOVI,FRANZELA ALBA BACHUS 1KG} => {_TELINA}",0.000185661465746899,0.3225,0.000575694467432244,18.8458530277544,129
"{_PATRUNJEL RADACINA KG,FRANZELA ALBA BACHUS 1KG} => {_MORCOVI}",0.000272015635861735,0.777777777777778,0.000349734388965088,22.6264491337762,189
"{_MORCOVI,FRANZELA ALBA BACHUS 1KG} => {_PATRUNJEL RADACINA KG}",0.000272015635861735,0.4725,0.000575694467432244,23.3216695673794,189
"{ELAN ULEI RAFINAT DE FLOAREA SOARELUI 1L,PULPE PUI CU SPATE REFR.VRAC SZEKELY CSURKE} => {CARNE TOCATA PORC VRAC}",0.000162633687049609,0.34984520123839,0.000464873282451537,7.14365044841007,113
"{CARNE TOCATA PORC VRAC,ELAN ULEI RAFINAT DE FLOAREA SOARELUI 1L} => {PULPE PUI CU SPATE REFR.VRAC SZEKELY CSURKE}",0.000162633687049609,0.101893597835888,0.0015961129109559,7.74245367379123,113
"{ELAN ULEI RAFINAT DE FLOAREA SOARELUI 1L,PULPE PORC FARA OS} => {COTLET PORC FARA OS}",0.000120895838160771,0.19811320754717,0.000610236135478179,10.5861441263917,84
"{COTLET PORC FARA OS,ELAN ULEI RAFINAT DE FLOAREA SOARELUI 1L} => {PULPE PORC FARA OS}",0.000120895838160771,0.153005464480874,0.000790140656550755,10.9361367958389,84
"{ELAN ULEI RAFINAT DE FLOAREA SOARELUI 1L,PULPE PORC FARA OS} => {CARNE TOCATA PORC VRAC}",0.000237473967815801,0.389150943396226,0.000610236135478179,7.94625251811686,165
"{CARNE TOCATA PORC VRAC,ELAN ULEI RAFINAT DE FLOAREA SOARELUI 1L} => {PULPE PORC FARA OS}",0.000237473967815801,0.1487826871055,0.0015961129109559,10.6343118172857,165
"{ELAN ULEI RAFINAT DE FLOAREA SOARELUI 1L,PIEPT DE PUI FARA OS REFR.VRAC SZEKELY CSURKE} => {CARNE TOCATA PORC VRAC}",0.000122335074329352,0.23943661971831,0.000510928839846117,4.88916672220113,85
"{COTLET PORC FARA OS,ELAN ULEI RAFINAT DE FLOAREA SOARELUI 1L} => {CARNE TOCATA PORC VRAC}",0.000331024318773541,0.418943533697632,0.000790140656550755,8.55460115434957,230
"{CARNE TOCATA PORC VRAC,ELAN ULEI RAFINAT DE FLOAREA SOARELUI 1L} => {COTLET PORC FARA OS}",0.000331024318773541,0.207394048692516,0.0015961129109559,11.0820642278084,230
"{_CEAPA GALBENA,ELAN ULEI RAFINAT DE FLOAREA SOARELUI 1L} => {_MORCOVI}",0.000123774310497933,0.203309692671395,0.000608796899309598,5.91451253952813,86
"{_MORCOVI,ELAN ULEI RAFINAT DE FLOAREA SOARELUI 1L} => {_CEAPA GALBENA}",0.000123774310497933,0.155515370705244,0.000795897601225078,8.83155711204109,86
"{_CEAPA GALBENA,ELAN ULEI RAFINAT DE FLOAREA SOARELUI 1L} => {CARNE TOCATA PORC VRAC}",0.000119456601992191,0.196217494089835,0.000608796899309598,4.00665547127399,83
"{_TELINA,ELAN ULEI RAFINAT DE FLOAREA SOARELUI 1L} => {_PATRUNJEL RADACINA KG}",0.000248987857164446,0.703252032520325,0.00035405209747083,34.7111355027026,173
"{_PATRUNJEL RADACINA KG,ELAN ULEI RAFINAT DE FLOAREA SOARELUI 1L} => {_TELINA}",0.000248987857164446,0.50733137829912,0.000490779533485988,29.6467987342428,173
"{_TELINA,ELAN ULEI RAFINAT DE FLOAREA SOARELUI 1L} => {_MORCOVI}",0.000250427093333026,0.707317073170732,0.00035405209747083,20.5766662854202,174
"{_MORCOVI,ELAN ULEI RAFINAT DE FLOAREA SOARELUI 1L} => {_TELINA}",0.000250427093333026,0.314647377938517,0.000795897601225078,18.3869712874344,174
"{_PATRUNJEL RADACINA KG,ELAN ULEI RAFINAT DE FLOAREA SOARELUI 1L} => {_MORCOVI}",0.000392911474022507,0.80058651026393,0.000490779533485988,23.2899813664383,273
"{_MORCOVI,ELAN ULEI RAFINAT DE FLOAREA SOARELUI 1L} => {_PATRUNJEL RADACINA KG}",0.000392911474022507,0.493670886075949,0.000795897601225078,24.3666228150237,273
"{_MORCOVI,ELAN ULEI RAFINAT DE FLOAREA SOARELUI 1L} => {CARNE TOCATA PORC VRAC}",0.000158315978543867,0.198915009041591,0.000795897601225078,4.06173727267215,110
"{_MORCOVI,ELAN ULEI RAFINAT DE FLOAREA SOARELUI 1L} => {_BANANE}",0.000113699657317868,0.142857142857143,0.000795897601225078,1.85548182073091,79
"{_BANANE,ELAN ULEI RAFINAT DE FLOAREA SOARELUI 1L} => {_MORCOVI}",0.000113699657317868,0.125198098256735,0.000908158022374366,3.64215651666626,79
"{ELAN ULEI RAFINAT DE FLOAREA SOARELUI 1L,PAINE CU CARTOFI FELII BACHUS 1.2 KG} => {CARNE TOCATA PORC VRAC}",0.000103625004137804,0.111111111111111,0.000932625037240236,2.26882900180576,72
"{_BANANE,ELAN ULEI RAFINAT DE FLOAREA SOARELUI 1L} => {CARNE TOCATA PORC VRAC}",0.000152559033869545,0.167987321711569,0.000908158022374365,3.43021056691393,106
"{ELAN ULEI RAFINAT DE FLOAREA SOARELUI 1L,PAINE CU CARTOFI FELII BACHUS 1.2 KG} => {_BANANE}",0.000136727436015158,0.146604938271605,0.000932625037240236,1.90415958454638,95
"{_BANANE,ELAN ULEI RAFINAT DE FLOAREA SOARELUI 1L} => {PAINE CU CARTOFI FELII BACHUS 1.2 KG}",0.000136727436015158,0.150554675118859,0.000908158022374366,2.45637875084205,95
"{_ARDEI ALB BIANCA,DANONE ACTIVIA NATUR 125G} => {_BANANE}",0.000100746531800643,0.411764705882353,0.000244670148658704,5.34815348328321,70
"{_ARDEI ALB BIANCA,_USTUROI} => {_PATRUNJEL RADACINA KG}",0.000109381948812126,0.232415902140673,0.00047063022712586,11.4715912633421,76
"{_ARDEI ALB BIANCA,_USTUROI} => {_MORCOVI}",0.000155437506206706,0.330275229357798,0.00047063022712586,9.60808587069921,108
"{_ARDEI ALB BIANCA,_CASTRAVETI CORNISON} => {_ROSII VRAC}",0.000179904521072576,0.205592105263158,0.000875055590497011,10.6475899995685,125
"{_ARDEI ALB BIANCA,_ROSII VRAC} => {_CASTRAVETI CORNISON}",0.000179904521072576,0.12388503468781,0.00145218929409784,7.41786733941237,125
"{_ARDEI ALB BIANCA,_CASTRAVETI CORNISON} => {_ARDEI ROSU CAPIA}",0.000185661465746899,0.212171052631579,0.000875055590497011,9.25593053256139,129
"{_ARDEI ALB BIANCA,_ARDEI ROSU CAPIA} => {_CASTRAVETI CORNISON}",0.000185661465746899,0.116321009918846,0.0015961129109559,6.96495603798199,129
"{_ARDEI ALB BIANCA,_CASTRAVETI CORNISON} => {_MORCOVI}",0.0001410451445209,0.161184210526316,0.000875055590497011,4.68903386653915,98
"{_CASTRAVETI CORNISON,_MORCOVI} => {_ARDEI ALB BIANCA}",0.0001410451445209,0.108768035516093,0.00129675178789113,10.8302443481002,98
"{_ARDEI ALB BIANCA,_CASTRAVETI CORNISON} => {CARNE TOCATA PORC VRAC}",0.000110821184980707,0.126644736842105,0.000875055590497011,2.58601726686084,77
"{_ARDEI ALB BIANCA,_CASTRAVETI CORNISON} => {PAINE CU CARTOFI FELII BACHUS 1.2 KG}",0.000110821184980707,0.126644736842105,0.000875055590497011,2.06627552574728,77
"{_ARDEI ALB BIANCA,PAINE CU CARTOFI FELII BACHUS 1.2 KG} => {_CASTRAVETI CORNISON}",0.000110821184980707,0.111594202898551,0.000993072956320621,6.68192889508365,77
"{_ARDEI ALB BIANCA,_CASTRAVETI CORNISON} => {_BANANE}",0.000161194450881028,0.184210526315789,0.000875055590497012,2.39259497936354,112
"{_ARDEI ALB BIANCA,_BANANE} => {_CASTRAVETI CORNISON}",0.000161194450881028,0.112789526686808,0.00142916151540055,6.75350132763193,112
"{_ARDEI ALB BIANCA,PIEPT DE PUI FARA OS REFR.VRAC SZEKELY CSURKE} => {_MORCOVI}",0.000112260421149288,0.26530612244898,0.0004231354335627,7.71805990860588,78
"{_ARDEI ALB BIANCA,PIEPT DE PUI FARA OS REFR.VRAC SZEKELY CSURKE} => {CARNE TOCATA PORC VRAC}",0.000122335074329352,0.289115646258503,0.0004231354335627,5.90358566796396,85
"{_ARDEI ALB BIANCA,COTLET PORC FARA OS} => {CARNE TOCATA PORC VRAC}",0.000146802089195222,0.369565217391304,0.000397229182528249,7.54632254948436,102
"{_ARDEI ALB BIANCA,_CEAPA GALBENA} => {_ROSII VRAC}",0.000194296882758382,0.181940700808625,0.00106791323708681,9.42268665406555,135
"{_ARDEI ALB BIANCA,_ROSII VRAC} => {_CEAPA GALBENA}",0.000194296882758382,0.133795837462834,0.00145218929409784,7.59812727544458,135
"{_CEAPA GALBENA,_ROSII VRAC} => {_ARDEI ALB BIANCA}",0.000194296882758382,0.160332541567696,0.00121183685394487,15.9646222706041,135
"{_ARDEI ALB BIANCA,_CEAPA GALBENA} => {_TELINA}",0.000198614591264124,0.185983827493261,0.00106791323708681,10.8682910960534,138
"{_ARDEI ALB BIANCA,_TELINA} => {_CEAPA GALBENA}",0.000198614591264124,0.162927981109799,0.00121903303478778,9.25251159287642,138
"{_CEAPA GALBENA,_TELINA} => {_ARDEI ALB BIANCA}",0.000198614591264124,0.104624715693707,0.00189835250635783,10.4176859537535,138
"{_ARDEI ALB BIANCA,_CEAPA GALBENA} => {_PATRUNJEL RADACINA KG}",0.000227399314635737,0.212938005390836,0.00106791323708681,10.5102006350517,158
"{_ARDEI ALB BIANCA,_PATRUNJEL RADACINA KG} => {_CEAPA GALBENA}",0.000227399314635737,0.174972314507198,0.00129963026022829,9.93649683364854,158
"{_CEAPA GALBENA,_PATRUNJEL RADACINA KG} => {_ARDEI ALB BIANCA}",0.000227399314635737,0.10347085789129,0.00219771362942259,10.3027940934395,158
"{_ARDEI ALB BIANCA,_CEAPA GALBENA} => {_ARDEI ROSU CAPIA}",0.000189979174252641,0.177897574123989,0.00106791323708681,7.76075514345522,132
"{_ARDEI ALB BIANCA,_ARDEI ROSU CAPIA} => {_CEAPA GALBENA}",0.000189979174252641,0.1190261496844,0.0015961129109559,6.75937197716937,132
"{_ARDEI ROSU CAPIA,_CEAPA GALBENA} => {_ARDEI ALB BIANCA}",0.000189979174252641,0.110367892976589,0.00172132645762241,10.9895452597797,132
"{_ARDEI ALB BIANCA,_CEAPA GALBENA} => {_MORCOVI}",0.000320949665593476,0.300539083557952,0.00106791323708681,8.74302722593163,223
"{_ARDEI ALB BIANCA,_MORCOVI} => {_CEAPA GALBENA}",0.000320949665593476,0.166293810589113,0.0019300157020666,9.44365356901129,223
"{_ARDEI ALB BIANCA,_CEAPA GALBENA} => {CARNE TOCATA PORC VRAC}",0.000152559033869545,0.142857142857143,0.00106791323708681,2.91706585946454,106
"{_ARDEI ALB BIANCA,_CEAPA GALBENA} => {PAINE CU CARTOFI FELII BACHUS 1.2 KG}",0.000125213546666513,0.117250673854447,0.00106791323708681,1.91300644467267,87
"{_ARDEI ALB BIANCA,PAINE CU CARTOFI FELII BACHUS 1.2 KG} => {_CEAPA GALBENA}",0.000125213546666513,0.126086956521739,0.000993072956320622,7.1603478971589,87
"{_ARDEI ALB BIANCA,_CEAPA GALBENA} => {_BANANE}",0.0001410451445209,0.132075471698113,0.00106791323708681,1.71544545690216,98
"{_ARDEI ALB BIANCA,_MERE ROSII} => {_ROSII VRAC}",0.000100746531800643,0.195530726256983,0.000515246548351859,10.1265124107628,70
"{_MERE ROSII,_ROSII VRAC} => {_ARDEI ALB BIANCA}",0.000100746531800643,0.103550295857988,0.000972923649960493,10.3107038859238,70
"{_ROSII VRAC,_TELINA} => {_ARDEI ALB BIANCA}",0.000116578129655029,0.178807947019868,0.000651973984367017,17.8042542408592,81
"{_ARDEI ALB BIANCA,_PATRUNJEL RADACINA KG} => {_ROSII VRAC}",0.000135288199846577,0.104097452934662,0.00129963026022829,5.39119436239501,94
"{_PATRUNJEL RADACINA KG,_ROSII VRAC} => {_ARDEI ALB BIANCA}",0.000135288199846577,0.162629757785467,0.000831878505439593,16.1933605468893,94
"{_ARDEI ALB BIANCA,_ROSII VRAC} => {_ARDEI ROSU CAPIA}",0.000263380218850252,0.181367690782953,0.00145218929409784,7.9121384652462,183
"{_ARDEI ALB BIANCA,_ARDEI ROSU CAPIA} => {_ROSII VRAC}",0.000263380218850252,0.165013525698828,0.0015961129109559,8.54603032434255,183
"{_ARDEI ALB BIANCA,_ROSII VRAC} => {_MORCOVI}",0.000214446189118511,0.147670961347869,0.00145218929409784,4.29591792275151,149
"{_ARDEI ALB BIANCA,_MORCOVI} => {_ROSII VRAC}",0.000214446189118511,0.111111111111111,0.0019300157020666,5.754430861989,149
"{_MORCOVI,_ROSII VRAC} => {_ARDEI ALB BIANCA}",0.000214446189118511,0.159358288770053,0.00134568581762287,15.8676140291183,149
"{_ARDEI ALB BIANCA,_ROSII VRAC} => {CARNE TOCATA PORC VRAC}",0.000145362853026642,0.10009910802775,0.00145218929409784,2.04396983413422,101
"{_ROSII VRAC,CARNE TOCATA PORC VRAC} => {_ARDEI ALB BIANCA}",0.000145362853026642,0.113610798650169,0.00127948095386816,11.3124476701805,101
"{_ARDEI ALB BIANCA,_ROSII VRAC} => {PAINE CU CARTOFI FELII BACHUS 1.2 KG}",0.000149680561532384,0.103072348860258,0.00145218929409784,1.68167961134275,104
"{_ARDEI ALB BIANCA,PAINE CU CARTOFI FELII BACHUS 1.2 KG} => {_ROSII VRAC}",0.000149680561532384,0.150724637681159,0.000993072956320621,7.80601056061117,104
"{_ARDEI ALB BIANCA,_ROSII VRAC} => {_BANANE}",0.000207250008275608,0.142715559960357,0.00145218929409784,1.85364288929312,144
"{_ARDEI ALB BIANCA,_BANANE} => {_ROSII VRAC}",0.000207250008275608,0.145015105740181,0.00142916151540055,7.51031459933308,144
"{_ARDEI ALB BIANCA,_MERE ROSII} => {_MORCOVI}",0.000100746531800643,0.195530726256983,0.000515246548351859,5.68821346938508,70
"{_ARDEI ALB BIANCA,_MERE ROSII} => {_BANANE}",0.000122335074329352,0.237430167597765,0.000515246548351859,3.08383151769523,85
"{_ARDEI ALB BIANCA,_TELINA} => {_PATRUNJEL RADACINA KG}",0.000814607671416626,0.668240850059032,0.00121903303478778,32.9830524793682,566
"{_ARDEI ALB BIANCA,_PATRUNJEL RADACINA KG} => {_TELINA}",0.000814607671416626,0.626799557032115,0.00129963026022829,36.628131254849,566
"{_ARDEI ALB BIANCA,_TELINA} => {_ARDEI ROSU CAPIA}",0.00018853993808406,0.154663518299882,0.00121903303478778,6.747172922741,131
"{_ARDEI ALB BIANCA,_ARDEI ROSU CAPIA} => {_TELINA}",0.00018853993808406,0.118124436429216,0.0015961129109559,6.90280858273276,131
"{_ARDEI ROSU CAPIA,_TELINA} => {_ARDEI ALB BIANCA}",0.00018853993808406,0.131790744466801,0.00143060075156913,13.1226601512197,131
"{_ARDEI ALB BIANCA,_TELINA} => {_MORCOVI}",0.000909597258542946,0.74616292798111,0.00121903303478778,21.7067368313239,632
"{_ARDEI ALB BIANCA,_MORCOVI} => {_TELINA}",0.000909597258542946,0.471290082028337,0.0019300157020666,27.5406623855639,632
"{_ARDEI ALB BIANCA,_TELINA} => {CARNE TOCATA PORC VRAC}",0.000230277786972898,0.188902007083825,0.00121903303478778,3.85727716953989,160
"{_ARDEI ALB BIANCA,CARNE TOCATA PORC VRAC} => {_TELINA}",0.000230277786972898,0.13663535439795,0.0016853455534079,7.98452653450826,160
"{_TELINA,CARNE TOCATA PORC VRAC} => {_ARDEI ALB BIANCA}",0.000230277786972898,0.110880110880111,0.00207681779126182,11.0405477903328,160
"{_ARDEI ALB BIANCA,_TELINA} => {PAINE CU CARTOFI FELII BACHUS 1.2 KG}",0.000132409727509416,0.1086186540732,0.00121903303478778,1.77217049952008,92
"{_ARDEI ALB BIANCA,PAINE CU CARTOFI FELII BACHUS 1.2 KG} => {_TELINA}",0.000132409727509416,0.133333333333333,0.000993072956320622,7.79156714325764,92
"{_ARDEI ALB BIANCA,_TELINA} => {_BANANE}",0.000156876742375287,0.128689492325856,0.00121903303478778,1.67146709470801,109
"{_ARDEI ALB BIANCA,_BANANE} => {_TELINA}",0.000156876742375287,0.109768378650554,0.00142916151540055,6.41450769346739,109
"{_ARDEI ALB BIANCA,_LAMAIE^2 A nu se consuma coaja} => {_PATRUNJEL RADACINA KG}",0.000107942712643546,0.178997613365155,0.000603039954635276,8.83496971905118,75
"{_ARDEI ALB BIANCA,_LAMAIE^2 A nu se consuma coaja} => {_ARDEI ROSU CAPIA}",0.000120895838160771,0.200477326968974,0.000603039954635276,8.74579349427347,84
"{_ARDEI ALB BIANCA,_LAMAIE^2 A nu se consuma coaja} => {_MORCOVI}",0.00014248438068948,0.236276849642005,0.000603039954635276,6.87356501131763,99
"{_ARDEI ALB BIANCA,_LAMAIE^2 A nu se consuma coaja} => {_BANANE}",0.000166951395555351,0.276849642004773,0.000603039954635276,3.59582634471002,116
"{_ARDEI ALB BIANCA,_BANANE} => {_LAMAIE^2 A nu se consuma coaja}",0.000166951395555351,0.116817724068479,0.00142916151540055,5.9167862161534,116
"{_ARDEI ALB BIANCA,_PATRUNJEL RADACINA KG} => {_ARDEI ROSU CAPIA}",0.000215885425287092,0.166112956810631,0.00129963026022829,7.24665297045678,150
"{_ARDEI ALB BIANCA,_ARDEI ROSU CAPIA} => {_PATRUNJEL RADACINA KG}",0.000215885425287092,0.135256988277728,0.0015961129109559,6.67601859744355,150
"{_ARDEI ROSU CAPIA,_PATRUNJEL RADACINA KG} => {_ARDEI ALB BIANCA}",0.000215885425287092,0.132508833922261,0.00162921534283325,13.1941617116693,150
"{_ARDEI ALB BIANCA,_PATRUNJEL RADACINA KG} => {_MORCOVI}",0.00111109032214423,0.854928017718715,0.00129963026022829,24.8708382505105,772
"{_ARDEI ALB BIANCA,_MORCOVI} => {_PATRUNJEL RADACINA KG}",0.00111109032214423,0.575689783743475,0.0019300157020666,28.4149140947755,772
"{_ARDEI ALB BIANCA,_PATRUNJEL RADACINA KG} => {CARNE TOCATA PORC VRAC}",0.000189979174252641,0.146179401993355,0.00129963026022829,2.98490460038232,132
"{_ARDEI ALB BIANCA,CARNE TOCATA PORC VRAC} => {_PATRUNJEL RADACINA KG}",0.000189979174252641,0.112724167378309,0.0016853455534079,5.56384292879343,132
"{_ARDEI ALB BIANCA,_PATRUNJEL RADACINA KG} => {PAINE CU CARTOFI FELII BACHUS 1.2 KG}",0.000136727436015158,0.105204872646733,0.00129963026022829,1.71647285911554,95
"{_ARDEI ALB BIANCA,PAINE CU CARTOFI FELII BACHUS 1.2 KG} => {_PATRUNJEL RADACINA KG}",0.000136727436015158,0.13768115942029,0.000993072956320622,6.79567091143638,95
"{_ARDEI ALB BIANCA,_PATRUNJEL RADACINA KG} => {_BANANE}",0.000181343757241157,0.13953488372093,0.00129963026022829,1.81233108071391,126
"{_ARDEI ALB BIANCA,_BANANE} => {_PATRUNJEL RADACINA KG}",0.000181343757241157,0.126888217522659,0.00142916151540055,6.26295255250202,126
"{_ARDEI ALB BIANCA,_ARDEI ROSU CAPIA} => {_MORCOVI}",0.000318071193256315,0.199278629395852,0.0015961129109559,5.79724427760929,221
"{_ARDEI ALB BIANCA,_MORCOVI} => {_ARDEI ROSU CAPIA}",0.000318071193256315,0.164802386278896,0.0019300157020666,7.1894795264393,221
"{_ARDEI ROSU CAPIA,_MORCOVI} => {_ARDEI ALB BIANCA}",0.000318071193256315,0.120567375886525,0.00263811989700826,12.0051275640361,221
"{_ARDEI ALB BIANCA,_ARDEI ROSU CAPIA} => {CARNE TOCATA PORC VRAC}",0.000195736118926963,0.12263300270514,0.0015961129109559,2.5040998180435,136
"{_ARDEI ALB BIANCA,CARNE TOCATA PORC VRAC} => {_ARDEI ROSU CAPIA}",0.000195736118926963,0.116140051238258,0.0016853455534079,5.06659241671424,136
"{_ARDEI ROSU CAPIA,CARNE TOCATA PORC VRAC} => {_ARDEI ALB BIANCA}",0.000195736118926963,0.123188405797101,0.00158891673011299,12.2661085980369,136
"{_ARDEI ALB BIANCA,PAINE CU CARTOFI FELII BACHUS 1.2 KG} => {_ARDEI ROSU CAPIA}",0.000153998270038125,0.155072463768116,0.000993072956320621,6.76501310781164,107
"{_ARDEI ALB BIANCA,_ARDEI ROSU CAPIA} => {_BANANE}",0.000269137163524574,0.168620378719567,0.0015961129109559,2.19010433123243,187
"{_ARDEI ALB BIANCA,_BANANE} => {_ARDEI ROSU CAPIA}",0.000269137163524574,0.188318227593152,0.00142916151540055,8.21535459714201,187
"{_ARDEI ALB BIANCA,APA MINERALA NATURALA CARBOGAZIFICATA CONTINUT REDUS CO2 TUSNAD 2L} => {_MORCOVI}",0.000107942712643546,0.249169435215947,0.000433210086742764,7.24862513777833,75
"{_ARDEI ALB BIANCA,_MORCOVI} => {CARNE TOCATA PORC VRAC}",0.00037707987616812,0.19537658463833,0.0019300157020666,3.98948455351079,262
"{_ARDEI ALB BIANCA,CARNE TOCATA PORC VRAC} => {_MORCOVI}",0.00037707987616812,0.223740392826644,0.0016853455534079,6.5088650795955,262
"{_ARDEI ALB BIANCA,_MORCOVI} => {PAINE CU CARTOFI FELII BACHUS 1.2 KG}",0.000204371535938447,0.105891126025354,0.0019300157020666,1.72766944411437,142
"{_ARDEI ALB BIANCA,PAINE CU CARTOFI FELII BACHUS 1.2 KG} => {_MORCOVI}",0.000204371535938447,0.205797101449275,0.000993072956320621,5.9868741186265,142
"{_ARDEI ALB BIANCA,_MORCOVI} => {_BANANE}",0.000286407997547542,0.148396718866518,0.0019300157020666,1.92743189879057,199
"{_ARDEI ALB BIANCA,_BANANE} => {_MORCOVI}",0.000286407997547542,0.200402819738167,0.00142916151540055,5.8299482662341,199
"{_ARDEI ALB BIANCA,CARNE TOCATA PORC VRAC} => {PAINE CU CARTOFI FELII BACHUS 1.2 KG}",0.000181343757241157,0.107600341588386,0.0016853455534079,1.7555561954645,126
"{_ARDEI ALB BIANCA,PAINE CU CARTOFI FELII BACHUS 1.2 KG} => {CARNE TOCATA PORC VRAC}",0.000181343757241157,0.182608695652174,0.000993072956320621,3.72877114209816,126
"{_ARDEI ALB BIANCA,CARNE TOCATA PORC VRAC} => {_BANANE}",0.000223081606129995,0.132365499573015,0.0016853455534079,1.71921244704785,155
"{_ARDEI ALB BIANCA,_BANANE} => {CARNE TOCATA PORC VRAC}",0.000223081606129995,0.156092648539778,0.00142916151540055,3.1873277517815,155
"{_ARDEI ALB BIANCA,PAINE CU CARTOFI FELII BACHUS 1.2 KG} => {_BANANE}",0.000198614591264124,0.2,0.000993072956320621,2.59767454902327,138
"{_ARDEI ALB BIANCA,_BANANE} => {PAINE CU CARTOFI FELII BACHUS 1.2 KG}",0.000198614591264124,0.138972809667674,0.00142916151540055,2.26741452128928,138
"{_USTUROI,OUA PROASPETE M DIN GHEORGHENI 1*10} => {_MORCOVI}",0.000106503476474965,0.263345195729537,0.000404425363371152,7.66101429745549,74
"{LAPTE DE CONSUM 3.5% GRASIME FRISS CUTIE 1L,OUA PROASPETE M DIN GHEORGHENI 1*10} => {_BANANE}",0.00011801736582361,0.200980392156863,0.000587208356780889,2.610408247793,82
"{_CEAPA GALBENA,OUA PROASPETE M DIN GHEORGHENI 1*10} => {_MORCOVI}",0.000149680561532384,0.236363636363636,0.000633263914175469,6.87608973675797,104
"{_MORCOVI,OUA PROASPETE M DIN GHEORGHENI 1*10} => {_CEAPA GALBENA}",0.000149680561532384,0.136842105263158,0.00109381948812126,7.77112167423053,104
"{_CEAPA GALBENA,OUA PROASPETE M DIN GHEORGHENI 1*10} => {PAINE CU CARTOFI FELII BACHUS 1.2 KG}",0.000106503476474965,0.168181818181818,0.000633263914175469,2.74397486583299,74
"{_CEAPA GALBENA,OUA PROASPETE M DIN GHEORGHENI 1*10} => {_BANANE}",0.000106503476474965,0.168181818181818,0.000633263914175469,2.18440814349684,74
"{_MERE ROSII,OUA PROASPETE M DIN GHEORGHENI 1*10} => {_BANANE}",0.000110821184980707,0.235474006116208,0.00047063022712586,3.05842416322312,77
"{_TELINA,OUA PROASPETE M DIN GHEORGHENI 1*10} => {_PATRUNJEL RADACINA KG}",0.000312314248581993,0.607843137254902,0.000513807312183278,30.0019403086943,217
"{_PATRUNJEL RADACINA KG,OUA PROASPETE M DIN GHEORGHENI 1*10} => {_TELINA}",0.000312314248581993,0.494305239179954,0.000631824678006888,28.8855934525098,217
"{_TELINA,OUA PROASPETE M DIN GHEORGHENI 1*10} => {_MORCOVI}",0.000369883695325217,0.719887955182073,0.000513807312183278,20.942367685644,257
"{_MORCOVI,OUA PROASPETE M DIN GHEORGHENI 1*10} => {_TELINA}",0.000369883695325217,0.338157894736842,0.00109381948812126,19.7608495639857,257
"{_LAMAIE^2 A nu se consuma coaja,OUA PROASPETE M DIN GHEORGHENI 1*10} => {_BANANE}",0.000138166672183739,0.248062015503876,0.000556984397240696,3.22192192126918,96
"{LAPTE DE CONSUM 1.5% GRASIME FRISS CUTIE 1L,OUA PROASPETE M DIN GHEORGHENI 1*10} => {PAINE CU CARTOFI FELII BACHUS 1.2 KG}",0.000116578129655029,0.152255639097744,0.000765673641684885,2.48413087325462,81
"{LAPTE DE CONSUM 1.5% GRASIME FRISS CUTIE 1L,OUA PROASPETE M DIN GHEORGHENI 1*10} => {_BANANE}",0.000152559033869545,0.199248120300752,0.000765673641684885,2.58790885522995,106
"{OUA PROASPETE M DIN GHEORGHENI 1*10,PAINE DE CASA CU CARTOFI DOBOI KG} => {_BANANE}",0.000113699657317868,0.194581280788177,0.000584329884443728,2.527294204099,79
"{_PATRUNJEL RADACINA KG,OUA PROASPETE M DIN GHEORGHENI 1*10} => {_MORCOVI}",0.000519564256857601,0.822323462414579,0.000631824678006888,23.9223342777868,361
"{_MORCOVI,OUA PROASPETE M DIN GHEORGHENI 1*10} => {_PATRUNJEL RADACINA KG}",0.000519564256857601,0.475,0.00109381948812126,23.4450646444555,361
"{_ARDEI ROSU CAPIA,OUA PROASPETE M DIN GHEORGHENI 1*10} => {_MORCOVI}",0.000115138893486449,0.193236714975845,0.000595843773792373,5.62147804565869,80
"{_MORCOVI,OUA PROASPETE M DIN GHEORGHENI 1*10} => {_ARDEI ROSU CAPIA}",0.000115138893486449,0.105263157894737,0.00109381948812126,4.59208956654208,80
"{_ARDEI ROSU CAPIA,OUA PROASPETE M DIN GHEORGHENI 1*10} => {_BANANE}",0.000129531255172255,0.217391304347826,0.000595843773792373,2.8235592924166,90
"{_MORCOVI,OUA PROASPETE M DIN GHEORGHENI 1*10} => {CARNE TOCATA PORC VRAC}",0.000153998270038125,0.140789473684211,0.00109381948812126,2.87484516939335,107
"{CARNE TOCATA PORC VRAC,OUA PROASPETE M DIN GHEORGHENI 1*10} => {_MORCOVI}",0.000153998270038125,0.166149068322981,0.000926868092565913,4.83346728390118,107
"{_MORCOVI,OUA PROASPETE M DIN GHEORGHENI 1*10} => {PAINE CU CARTOFI FELII BACHUS 1.2 KG}",0.000120895838160771,0.110526315789474,0.00109381948812126,1.80329500428854,84
"{_MORCOVI,OUA PROASPETE M DIN GHEORGHENI 1*10} => {_BANANE}",0.000152559033869545,0.139473684210526,0.00109381948812126,1.81153619866097,106
"{CARNE TOCATA PORC VRAC,OUA PROASPETE M DIN GHEORGHENI 1*10} => {PAINE CU CARTOFI FELII BACHUS 1.2 KG}",0.000120895838160771,0.130434782608696,0.000926868092565913,2.12811211686225,84
"{CARNE TOCATA PORC VRAC,OUA PROASPETE M DIN GHEORGHENI 1*10} => {_BANANE}",0.000129531255172255,0.139751552795031,0.000926868092565914,1.81514525941067,90
"{OUA PROASPETE M DIN GHEORGHENI 1*10,PAINE CU CARTOFI FELII BACHUS 1.2 KG} => {_BANANE}",0.000205810772107027,0.155943293347873,0.00131977956658842,2.02544962110321,143
"{_BANANE,OUA PROASPETE M DIN GHEORGHENI 1*10} => {PAINE CU CARTOFI FELII BACHUS 1.2 KG}",0.000205810772107027,0.134651600753296,0.00152846881103261,2.19691172390456,143
"{_CARTOFI ALBI,OUA PROASPETE} => {_MORCOVI}",0.000105064240306385,0.136194029850746,0.000771430586359207,3.96204079981103,73
"{_USTUROI,OUA PROASPETE} => {_MORCOVI}",0.000100746531800643,0.207100591715976,0.000486461824980246,6.02479414804692,70
"{_USTUROI,OUA PROASPETE} => {CARNE TOCATA PORC VRAC}",0.000110821184980707,0.227810650887574,0.000486461824980246,4.65177070488576,77
"{COTLET PORC FARA OS,OUA PROASPETE} => {CARNE TOCATA PORC VRAC}",0.000106503476474965,0.2,0.000532517382374826,4.08389220325036,74
"{_CEAPA GALBENA,OUA PROASPETE} => {_MORCOVI}",0.000175586812566835,0.236893203883495,0.000741206626819015,6.89149546432352,122
"{_MORCOVI,OUA PROASPETE} => {_CEAPA GALBENA}",0.000175586812566835,0.137853107344633,0.00127372400919384,7.82853543714314,122
"{_ROSII VRAC,OUA PROASPETE} => {_ARDEI ROSU CAPIA}",0.000102185767969223,0.167452830188679,0.000610236135478179,7.30510474677509,71
"{_ARDEI ROSU CAPIA,OUA PROASPETE} => {_ROSII VRAC}",0.000102185767969223,0.142857142857143,0.000715300375784564,7.39855396541443,71
"{_ROSII VRAC,OUA PROASPETE} => {_BANANE}",0.000113699657317868,0.186320754716981,0.000610236135478179,2.42000341241555,79
"{_TELINA,OUA PROASPETE} => {_PATRUNJEL RADACINA KG}",0.000368444459156636,0.584474885844749,0.000630385441838308,28.8485294351387,256
"{_PATRUNJEL RADACINA KG,OUA PROASPETE} => {_TELINA}",0.000368444459156636,0.489483747609943,0.00075272051616766,28.6038411377718,256
"{_TELINA,OUA PROASPETE} => {_MORCOVI}",0.000407303835708313,0.646118721461187,0.000630385441838308,18.7963359242427,283
"{_MORCOVI,OUA PROASPETE} => {_TELINA}",0.000407303835708313,0.319774011299435,0.00127372400919384,18.6865550978128,283
"{_LAMAIE^2 A nu se consuma coaja,OUA PROASPETE} => {_BANANE}",0.000155437506206706,0.270676691729323,0.000574255231263664,3.51564976559541,108
"{LAPTE DE CONSUM 1.5% GRASIME FRISS CUTIE 1L,OUA PROASPETE} => {_BANANE}",0.000107942712643546,0.152439024390244,0.000708104194941661,1.97993486968237,75
"{_PATRUNJEL RADACINA KG,OUA PROASPETE} => {_MORCOVI}",0.000577133703600825,0.766730401529637,0.00075272051616766,22.3050682665387,401
"{_MORCOVI,OUA PROASPETE} => {_PATRUNJEL RADACINA KG}",0.000577133703600825,0.453107344632768,0.00127372400919384,22.3644862858796,401
"{_PATRUNJEL RADACINA KG,OUA PROASPETE} => {CARNE TOCATA PORC VRAC}",0.000107942712643546,0.1434034416826,0.00075272051616766,2.9282209870342,75
"{_ARDEI ROSU CAPIA,OUA PROASPETE} => {_BANANE}",0.000125213546666513,0.175050301810865,0.000715300375784564,2.27361856906464,87
"{APA MINERALA NATURALA CARBOGAZIFICATA CONTINUT REDUS CO2 TUSNAD 2L,OUA PROASPETE} => {PAINE CU CARTOFI FELII BACHUS 1.2 KG}",0.000107942712643546,0.157563025210084,0.000685076416244371,2.57072367057939,75
"{_MORCOVI,OUA PROASPETE} => {CARNE TOCATA PORC VRAC}",0.000175586812566835,0.137853107344633,0.00127372400919384,2.8148861513929,122
"{CARNE TOCATA PORC VRAC,OUA PROASPETE} => {_MORCOVI}",0.000175586812566835,0.144208037825059,0.0012175937986192,4.19517749896763,122
"{_MORCOVI,OUA PROASPETE} => {_BANANE}",0.000146802089195222,0.115254237288136,0.00127372400919384,1.49696499435239,102
"{CARNE TOCATA PORC VRAC,OUA PROASPETE} => {_BANANE}",0.000152559033869545,0.125295508274232,0.0012175937986192,1.62738476475453,106
"{OUA PROASPETE,PAINE CU CARTOFI FELII BACHUS 1.2 KG} => {_BANANE}",0.000168390631723931,0.137971698113208,0.00122047227095636,1.79202784337101,117
"{_BANANE,OUA PROASPETE} => {PAINE CU CARTOFI FELII BACHUS 1.2 KG}",0.000168390631723931,0.10427807486631,0.00161482298114745,1.70135166561982,117
"{_CARTOFI ALBI,PULPE PUI CU SPATE REFR.VRAC SZEKELY CSURKE} => {_MORCOVI}",0.000128092019003674,0.277258566978193,0.000461994810114376,8.06577025196028,89
"{_USTUROI,PULPE PUI CU SPATE REFR.VRAC SZEKELY CSURKE} => {_MORCOVI}",0.000113699657317868,0.316,0.000359809042145153,9.19280304806565,79
"{PULPE PORC FARA OS,PULPE PUI CU SPATE REFR.VRAC SZEKELY CSURKE} => {COTLET PORC FARA OS}",0.000128092019003674,0.145901639344262,0.000877934062834173,7.79622823484618,89
"{COTLET PORC FARA OS,PULPE PUI CU SPATE REFR.VRAC SZEKELY CSURKE} => {PULPE PORC FARA OS}",0.000128092019003674,0.131656804733728,0.000972923649960493,9.41023140288608,89
"{PULPE PORC FARA OS,PULPE PUI CU SPATE REFR.VRAC SZEKELY CSURKE} => {CARNE TOCATA PORC VRAC}",0.000374201403830959,0.426229508196721,0.000877934062834173,8.70337682659913,260
"{CARNE TOCATA PORC VRAC,PULPE PUI CU SPATE REFR.VRAC SZEKELY CSURKE} => {PULPE PORC FARA OS}",0.000374201403830959,0.129611166500499,0.00288710775417271,9.26401845794783,260
"{CARNE TOCATA PORC VRAC,PULPE PORC FARA OS} => {PULPE PUI CU SPATE REFR.VRAC SZEKELY CSURKE}",0.000374201403830959,0.105777054515867,0.00353764250237114,8.0375407457713,260
"{PIEPT DE PUI FARA OS REFR.VRAC SZEKELY CSURKE,PULPE PUI CU SPATE REFR.VRAC SZEKELY CSURKE} => {COTLET PORC FARA OS}",0.000103625004137804,0.107462686567164,0.000964288232949009,5.74224960715151,72
"{COTLET PORC FARA OS,PULPE PUI CU SPATE REFR.VRAC SZEKELY CSURKE} => {PIEPT DE PUI FARA OS REFR.VRAC SZEKELY CSURKE}",0.000103625004137804,0.106508875739645,0.000972923649960493,6.01607604904398,72
"{PIEPT DE PUI FARA OS REFR.VRAC SZEKELY CSURKE,PULPE PUI CU SPATE REFR.VRAC SZEKELY CSURKE} => {_PATRUNJEL RADACINA KG}",0.000100746531800643,0.104477611940299,0.000964288232949009,5.15680919123923,70
"{_PATRUNJEL RADACINA KG,PULPE PUI CU SPATE REFR.VRAC SZEKELY CSURKE} => {PIEPT DE PUI FARA OS REFR.VRAC SZEKELY CSURKE}",0.000100746531800643,0.105105105105105,0.000958531288274687,5.93678509010596,70
"{PIEPT DE PUI FARA OS REFR.VRAC SZEKELY CSURKE,PULPE PUI CU SPATE REFR.VRAC SZEKELY CSURKE} => {_MORCOVI}",0.000132409727509416,0.137313432835821,0.000964288232949009,3.99460551871358,92
"{PIEPT DE PUI FARA OS REFR.VRAC SZEKELY CSURKE,PULPE PUI CU SPATE REFR.VRAC SZEKELY CSURKE} => {CARNE TOCATA PORC VRAC}",0.000277772580536058,0.288059701492537,0.000964288232949009,5.88202384498,193
"{COTLET PORC FARA OS,PULPE PUI CU SPATE REFR.VRAC SZEKELY CSURKE} => {_MORCOVI}",0.000105064240306385,0.107988165680473,0.000972923649960493,3.14149980576732,73
"{COTLET PORC FARA OS,PULPE PUI CU SPATE REFR.VRAC SZEKELY CSURKE} => {CARNE TOCATA PORC VRAC}",0.000407303835708313,0.418639053254438,0.000972923649960493,8.54838382780956,283
"{CARNE TOCATA PORC VRAC,PULPE PUI CU SPATE REFR.VRAC SZEKELY CSURKE} => {COTLET PORC FARA OS}",0.000407303835708313,0.141076769690927,0.00288710775417271,7.53841218020935,283
"{_CEAPA GALBENA,PULPE PUI CU SPATE REFR.VRAC SZEKELY CSURKE} => {_TELINA}",0.000139605908352319,0.230403800475059,0.000605918426972437,13.4640501109737,97
"{_TELINA,PULPE PUI CU SPATE REFR.VRAC SZEKELY CSURKE} => {_CEAPA GALBENA}",0.000139605908352319,0.157723577235772,0.000885130243677076,8.95695887780292,97
"{_CEAPA GALBENA,PULPE PUI CU SPATE REFR.VRAC SZEKELY CSURKE} => {_PATRUNJEL RADACINA KG}",0.00014248438068948,0.235154394299287,0.000605918426972437,11.6067578437359,99
"{_PATRUNJEL RADACINA KG,PULPE PUI CU SPATE REFR.VRAC SZEKELY CSURKE} => {_CEAPA GALBENA}",0.00014248438068948,0.148648648648649,0.000958531288274687,8.44160306608202,99
"{_CEAPA GALBENA,PULPE PUI CU SPATE REFR.VRAC SZEKELY CSURKE} => {_MORCOVI}",0.000220203133792833,0.363420427553444,0.000605918426972437,10.5723177662741,153
"{_MORCOVI,PULPE PUI CU SPATE REFR.VRAC SZEKELY CSURKE} => {_CEAPA GALBENA}",0.000220203133792833,0.149122807017544,0.00147665630896371,8.46853002961019,153
"{_CEAPA GALBENA,PULPE PUI CU SPATE REFR.VRAC SZEKELY CSURKE} => {CARNE TOCATA PORC VRAC}",0.000105064240306385,0.173396674584323,0.000605918426972437,3.54066663702228,73
"{_TELINA,PULPE PUI CU SPATE REFR.VRAC SZEKELY CSURKE} => {_PATRUNJEL RADACINA KG}",0.000568498286589341,0.642276422764228,0.000885130243677076,31.7014994764567,395
"{_PATRUNJEL RADACINA KG,PULPE PUI CU SPATE REFR.VRAC SZEKELY CSURKE} => {_TELINA}",0.000568498286589341,0.593093093093093,0.000958531288274687,34.6584349277789,395
"{_TELINA,PULPE PUI CU SPATE REFR.VRAC SZEKELY CSURKE} => {_MORCOVI}",0.000656291692872759,0.741463414634146,0.000885130243677076,21.5700225888543,456
"{_MORCOVI,PULPE PUI CU SPATE REFR.VRAC SZEKELY CSURKE} => {_TELINA}",0.000656291692872759,0.444444444444444,0.00147665630896371,25.9718904775255,456
"{_TELINA,PULPE PUI CU SPATE REFR.VRAC SZEKELY CSURKE} => {CARNE TOCATA PORC VRAC}",0.000148241325363803,0.167479674796748,0.000885130243677076,3.41984469052672,103
"{_TELINA,PULPE PUI CU SPATE REFR.VRAC SZEKELY CSURKE} => {_BANANE}",0.000126652782835094,0.143089430894309,0.000885130243677076,1.85849886434185,88
"{_BANANE,PULPE PUI CU SPATE REFR.VRAC SZEKELY CSURKE} => {_TELINA}",0.000126652782835094,0.134556574923547,0.00094126045425172,7.86304941062697,88
"{_PATRUNJEL RADACINA KG,PULPE PUI CU SPATE REFR.VRAC SZEKELY CSURKE} => {_MORCOVI}",0.000784383711876433,0.818318318318318,0.000958531288274687,23.8058200345715,545
"{_MORCOVI,PULPE PUI CU SPATE REFR.VRAC SZEKELY CSURKE} => {_PATRUNJEL RADACINA KG}",0.000784383711876433,0.531189083820663,0.00147665630896371,26.2184471760095,545
"{_PATRUNJEL RADACINA KG,PULPE PUI CU SPATE REFR.VRAC SZEKELY CSURKE} => {CARNE TOCATA PORC VRAC}",0.000185661465746899,0.193693693693694,0.000958531288274687,3.9551208274722,129
"{_PATRUNJEL RADACINA KG,PULPE PUI CU SPATE REFR.VRAC SZEKELY CSURKE} => {PAINE CU CARTOFI FELII BACHUS 1.2 KG}",0.000123774310497933,0.129129129129129,0.000958531288274687,2.10680969327003,86
"{PAINE CU CARTOFI FELII BACHUS 1.2 KG,PULPE PUI CU SPATE REFR.VRAC SZEKELY CSURKE} => {_PATRUNJEL RADACINA KG}",0.000123774310497933,0.152753108348135,0.000810289962910884,7.53959263129166,86
"{_PATRUNJEL RADACINA KG,PULPE PUI CU SPATE REFR.VRAC SZEKELY CSURKE} => {_BANANE}",0.000125213546666513,0.130630630630631,0.000958531288274687,1.69667932256025,87
"{_BANANE,PULPE PUI CU SPATE REFR.VRAC SZEKELY CSURKE} => {_PATRUNJEL RADACINA KG}",0.000125213546666513,0.13302752293578,0.00094126045425172,6.5659765783603,87
"{_ARDEI ROSU CAPIA,PULPE PUI CU SPATE REFR.VRAC SZEKELY CSURKE} => {_MORCOVI}",0.000113699657317868,0.246875,0.000460555573945795,7.18187738130129,79
"{_MORCOVI,PULPE PUI CU SPATE REFR.VRAC SZEKELY CSURKE} => {CARNE TOCATA PORC VRAC}",0.000270576399693155,0.183235867446394,0.00147665630896371,3.74157765210072,188
"{PAINE CU CARTOFI FELII BACHUS 1.2 KG,PULPE PUI CU SPATE REFR.VRAC SZEKELY CSURKE} => {_MORCOVI}",0.000145362853026642,0.179396092362345,0.000810289962910884,5.21883843253047,101
"{_MORCOVI,PULPE PUI CU SPATE REFR.VRAC SZEKELY CSURKE} => {_BANANE}",0.000189979174252641,0.128654970760234,0.00147665630896371,1.67101871574597,132
"{_BANANE,PULPE PUI CU SPATE REFR.VRAC SZEKELY CSURKE} => {_MORCOVI}",0.000189979174252641,0.201834862385321,0.00094126045425172,5.87160803209396,132
"{PAINE CU CARTOFI FELII BACHUS 1.2 KG,PULPE PUI CU SPATE REFR.VRAC SZEKELY CSURKE} => {CARNE TOCATA PORC VRAC}",0.000158315978543867,0.19538188277087,0.000810289962910884,3.98959273852167,110
"{_BANANE,PULPE PUI CU SPATE REFR.VRAC SZEKELY CSURKE} => {CARNE TOCATA PORC VRAC}",0.000201493063601286,0.214067278287462,0.00094126045425172,4.37113844384595,140
"{_MERE ROSII,APA MINERALA NATURALA CARBOGAZOASA PERLA HARGHITEI  2L} => {_BANANE}",0.000171269104061093,0.355223880597015,0.000482144116474505,4.61378016916074,119
"{_BANANE,APA MINERALA NATURALA CARBOGAZOASA PERLA HARGHITEI  2L} => {_MERE ROSII}",0.000171269104061093,0.110697674418605,0.00154717888122416,5.22550331244065,119
"{_TELINA,APA MINERALA NATURALA CARBOGAZOASA PERLA HARGHITEI  2L} => {_PATRUNJEL RADACINA KG}",0.000175586812566835,0.72189349112426,0.000243230912490123,35.6312411911999,122
"{_PATRUNJEL RADACINA KG,APA MINERALA NATURALA CARBOGAZOASA PERLA HARGHITEI  2L} => {_TELINA}",0.000175586812566835,0.589371980676328,0.000297921886896186,34.4409851984577,122
"{_TELINA,APA MINERALA NATURALA CARBOGAZOASA PERLA HARGHITEI  2L} => {_MORCOVI}",0.000191418410421221,0.78698224852071,0.000243230912490123,22.8942177625783,133
"{_MORCOVI,APA MINERALA NATURALA CARBOGAZOASA PERLA HARGHITEI  2L} => {_TELINA}",0.000191418410421221,0.387755102040816,0.00049365800582315,22.659149345188,133
"{_PATRUNJEL RADACINA KG,APA MINERALA NATURALA CARBOGAZOASA PERLA HARGHITEI  2L} => {_MORCOVI}",0.000260501746513091,0.8743961352657,0.000297921886896186,25.4371881566056,181
"{_MORCOVI,APA MINERALA NATURALA CARBOGAZOASA PERLA HARGHITEI  2L} => {_PATRUNJEL RADACINA KG}",0.000260501746513091,0.527696793002915,0.000493658005823149,26.0460745781583,181
"{_CARTOFI ALBI,DANONE ACTIVIA NATUR 125G} => {_BANANE}",0.000105064240306385,0.327354260089686,0.000320949665593476,4.25179914974661,73
"{_CARTOFI ALBI,_USTUROI} => {_CEAPA GALBENA}",0.000174147576398254,0.26304347826087,0.000662048637547081,14.9379671647625,121
"{_CARTOFI ALBI,_CEAPA GALBENA} => {_USTUROI}",0.000174147576398254,0.113828786453434,0.00152990804720119,9.51970637964247,121
"{_CEAPA GALBENA,_USTUROI} => {_CARTOFI ALBI}",0.000174147576398254,0.109502262443439,0.00159035596628158,7.94772751228592,121
"{_CARTOFI ALBI,_USTUROI} => {_TELINA}",0.000107942712643546,0.16304347826087,0.000662048637547081,9.52773156104874,75
"{_CARTOFI ALBI,_TELINA} => {_USTUROI}",0.000107942712643546,0.125,0.000863541701148367,10.4539750842561,75
"{_CARTOFI ALBI,_USTUROI} => {_PATRUNJEL RADACINA KG}",0.000122335074329352,0.184782608695652,0.000662048637547081,9.12050569692777,85
"{_CARTOFI ALBI,_PATRUNJEL RADACINA KG} => {_USTUROI}",0.000122335074329352,0.113182423435419,0.00108086636260404,9.46564987655682,85
"{_CARTOFI ALBI,_USTUROI} => {_MORCOVI}",0.000178465284903996,0.269565217391304,0.000662048637547081,7.84196187369387,124
"{_CARTOFI ALBI,_USTUROI} => {CARNE TOCATA PORC VRAC}",0.000146802089195222,0.221739130434783,0.000662048637547081,4.52779352969062,102
"{_CARTOFI ALBI,CARNE TOCATA PORC VRAC} => {_USTUROI}",0.000146802089195222,0.12378640776699,0.00118593060291042,10.3524801805255,102
"{_CARTOFI ALBI,_USTUROI} => {_BANANE}",0.000103625004137804,0.156521739130435,0.000662048637547081,2.03296269053995,72
"{_CARTOFI ALBI,LAPTE DE CONSUM 3.5% GRASIME FRISS CUTIE 1L} => {_MORCOVI}",0.000102185767969223,0.191891891891892,0.000532517382374826,5.58235559709768,71
"{_CARTOFI ALBI,_CASTRAVETI CORNISON} => {_ROSII VRAC}",0.000122335074329352,0.238095238095238,0.000513807312183278,12.3309232756907,85
"{_CARTOFI ALBI,_ROSII VRAC} => {_CASTRAVETI CORNISON}",0.000122335074329352,0.166666666666667,0.000734010445976112,9.97950419395611,85
"{_CARTOFI ALBI,PIEPT DE PUI FARA OS REFR.VRAC SZEKELY CSURKE} => {_MORCOVI}",0.00014248438068948,0.226544622425629,0.000628946205669727,6.59044334037091,99
"{_CARTOFI ALBI,PIEPT DE PUI FARA OS REFR.VRAC SZEKELY CSURKE} => {_BANANE}",0.000113699657317868,0.180778032036613,0.000628946205669727,2.34801246422012,79
"{_CARTOFI ALBI,_ROSII VRAC} => {_CEAPA GALBENA}",0.000148241325363803,0.201960784313725,0.000734010445976112,11.4691441300672,103
"{_CEAPA GALBENA,_ROSII VRAC} => {_CARTOFI ALBI}",0.000148241325363803,0.122327790973872,0.00121183685394487,8.87861061630928,103
"{_CARTOFI ALBI,_CEAPA GALBENA} => {_TELINA}",0.000195736118926963,0.12793979303857,0.00152990804720119,7.47638615815879,136
"{_CARTOFI ALBI,_TELINA} => {_CEAPA GALBENA}",0.000195736118926963,0.226666666666667,0.000863541701148366,12.8721656450075,136
"{_CEAPA GALBENA,_TELINA} => {_CARTOFI ALBI}",0.000195736118926963,0.103108415466262,0.00189835250635783,7.48365898624884,136
"{_CARTOFI ALBI,LAPTE DE CONSUM 1.5% GRASIME FRISS CUTIE 1L} => {_CEAPA GALBENA}",0.000115138893486449,0.148148148148148,0.00077718753103353,8.41318016013562,80
"{_CEAPA GALBENA,LAPTE DE CONSUM 1.5% GRASIME FRISS CUTIE 1L} => {_CARTOFI ALBI}",0.000115138893486449,0.124223602484472,0.000926868092565913,9.01620953860268,80
"{_CARTOFI ALBI,_CEAPA GALBENA} => {_PATRUNJEL RADACINA KG}",0.000218763897624253,0.142991533396049,0.00152990804720119,7.05778051385302,152
"{_CARTOFI ALBI,_PATRUNJEL RADACINA KG} => {_CEAPA GALBENA}",0.000218763897624253,0.202396804260985,0.00108086636260404,11.4939052520628,152
"{_CARTOFI ALBI,_CEAPA GALBENA} => {_ARDEI ROSU CAPIA}",0.000155437506206706,0.101599247412982,0.00152990804720119,4.43225201812999,108
"{_ARDEI ROSU CAPIA,_CARTOFI ALBI} => {_CEAPA GALBENA}",0.000155437506206706,0.201869158878505,0.000769991350190627,11.4639408163343,108
"{_CARTOFI ALBI,_CEAPA GALBENA} => {_MORCOVI}",0.00035261286130225,0.230479774223895,0.00152990804720119,6.70492142722437,245
"{_CARTOFI ALBI,_MORCOVI} => {_CEAPA GALBENA}",0.00035261286130225,0.188897455666924,0.00186668931064905,10.7272912026402,245
"{_CARTOFI ALBI,_CEAPA GALBENA} => {CARNE TOCATA PORC VRAC}",0.000179904521072576,0.117591721542803,0.00152990804720119,2.40115957387721,125
"{_CARTOFI ALBI,CARNE TOCATA PORC VRAC} => {_CEAPA GALBENA}",0.000179904521072576,0.151699029126214,0.00118593060291042,8.61483101955634,125
"{_CARTOFI ALBI,_CEAPA GALBENA} => {PAINE CU CARTOFI FELII BACHUS 1.2 KG}",0.00016551215938677,0.108184383819379,0.00152990804720119,1.76508515180327,115
"{_CARTOFI ALBI,PAINE CU CARTOFI FELII BACHUS 1.2 KG} => {_CEAPA GALBENA}",0.00016551215938677,0.117227319062181,0.00141189068137758,6.65721824597887,115
"{_CEAPA GALBENA,PAINE CU CARTOFI FELII BACHUS 1.2 KG} => {_CARTOFI ALBI}",0.00016551215938677,0.102222222222222,0.00161914068965319,7.41933864921016,115
"{_CARTOFI ALBI,_CEAPA GALBENA} => {_BANANE}",0.000192857646589802,0.126058325493885,0.00152990804720119,1.63729251913979,134
"{_BANANE,_CARTOFI ALBI} => {_CEAPA GALBENA}",0.000192857646589802,0.113848768054376,0.00169398097041938,6.46535382739394,134
"{_CARTOFI ALBI,_ROSII VRAC} => {_ARDEI ROSU CAPIA}",0.000133848963677997,0.182352941176471,0.000734010445976112,7.95511986674497,93
"{_ARDEI ROSU CAPIA,_CARTOFI ALBI} => {_ROSII VRAC}",0.000133848963677997,0.173831775700935,0.000769991350190627,9.00272641399027,93
"{_CARTOFI ALBI,_ROSII VRAC} => {_MORCOVI}",0.000122335074329352,0.166666666666667,0.000734010445976112,4.84852481438062,85
"{_CARTOFI ALBI,_MERE ROSII} => {_BANANE}",0.000103625004137804,0.197802197802198,0.000523881965363342,2.56912867485818,72
"{_CARTOFI ALBI,_TELINA} => {_PATRUNJEL RADACINA KG}",0.000601600718466695,0.696666666666667,0.000863541701148366,34.3860948118681,418
"{_CARTOFI ALBI,_PATRUNJEL RADACINA KG} => {_TELINA}",0.000601600718466695,0.55659121171771,0.00108086636260404,32.5253834808425,418
"{_CARTOFI ALBI,_TELINA} => {_MORCOVI}",0.000627506969501146,0.726666666666667,0.000863541701148367,21.1395681906995,436
"{_CARTOFI ALBI,_MORCOVI} => {_TELINA}",0.000627506969501146,0.336160370084811,0.00186668931064905,19.6441207081361,436
"{_CARTOFI ALBI,_TELINA} => {CARNE TOCATA PORC VRAC}",0.000112260421149288,0.13,0.000863541701148366,2.65452993211273,78
"{_CARTOFI ALBI,_TELINA} => {PAINE CU CARTOFI FELII BACHUS 1.2 KG}",0.000115138893486449,0.133333333333333,0.000863541701148367,2.17540349723696,80
"{_CARTOFI ALBI,_TELINA} => {_BANANE}",0.000115138893486449,0.133333333333333,0.000863541701148367,1.73178303268218,80
"{_CARTOFI ALBI,_LAMAIE^2 A nu se consuma coaja} => {_BANANE}",0.000119456601992191,0.247761194029851,0.000482144116474505,3.2180147398348,83
"{_CARTOFI ALBI,LAPTE DE CONSUM 1.5% GRASIME FRISS CUTIE 1L} => {_MORCOVI}",0.000129531255172255,0.166666666666667,0.00077718753103353,4.84852481438062,90
"{_CARTOFI ALBI,LAPTE DE CONSUM 1.5% GRASIME FRISS CUTIE 1L} => {PAINE CU CARTOFI FELII BACHUS 1.2 KG}",0.00011801736582361,0.151851851851852,0.00077718753103353,2.47754287185321,82
"{_CARTOFI ALBI,LAPTE DE CONSUM 1.5% GRASIME FRISS CUTIE 1L} => {_BANANE}",0.000132409727509416,0.17037037037037,0.00077718753103353,2.2128338750939,92
"{_CARTOFI ALBI,_PATRUNJEL RADACINA KG} => {_MORCOVI}",0.000873616354328431,0.808255659121172,0.00108086636260404,23.5130857176754,607
"{_CARTOFI ALBI,_MORCOVI} => {_PATRUNJEL RADACINA KG}",0.000873616354328431,0.468003084040092,0.00186668931064905,23.0997106507884,607
"{_CARTOFI ALBI,_PATRUNJEL RADACINA KG} => {CARNE TOCATA PORC VRAC}",0.000139605908352319,0.129161118508655,0.00108086636260404,2.63740042420296,97
"{_CARTOFI ALBI,CARNE TOCATA PORC VRAC} => {_PATRUNJEL RADACINA KG}",0.000139605908352319,0.117718446601942,0.00118593060291042,5.81035071668928,97
"{_CARTOFI ALBI,_PATRUNJEL RADACINA KG} => {PAINE CU CARTOFI FELII BACHUS 1.2 KG}",0.000149680561532384,0.138482023968043,0.00108086636260404,2.259407094334,104
"{_CARTOFI ALBI,PAINE CU CARTOFI FELII BACHUS 1.2 KG} => {_PATRUNJEL RADACINA KG}",0.000149680561532384,0.106014271151886,0.00141189068137758,5.23265566398062,104
"{_CARTOFI ALBI,_PATRUNJEL RADACINA KG} => {_BANANE}",0.000155437506206706,0.143808255659121,0.00108086636260404,1.86783522832566,108
"{_ARDEI ROSU CAPIA,_CARTOFI ALBI} => {_MORCOVI}",0.000168390631723931,0.218691588785047,0.000769991350190627,6.36198956952373,117
"{_ARDEI ROSU CAPIA,_CARTOFI ALBI} => {PAINE CU CARTOFI FELII BACHUS 1.2 KG}",0.000102185767969223,0.132710280373832,0.000769991350190627,2.16523806033399,71
"{_ARDEI ROSU CAPIA,_CARTOFI ALBI} => {_BANANE}",0.000145362853026642,0.188785046728972,0.000769991350190627,2.4520105556201,101
"{_CARTOFI ALBI,APA MINERALA NATURALA CARBOGAZIFICATA CONTINUT REDUS CO2 TUSNAD 2L} => {_MORCOVI}",0.000135288199846577,0.154859967051071,0.000873616354328431,4.50505435800769,94
"{_CARTOFI ALBI,APA MINERALA NATURALA CARBOGAZIFICATA CONTINUT REDUS CO2 TUSNAD 2L} => {PAINE CU CARTOFI FELII BACHUS 1.2 KG}",0.000152559033869545,0.174629324546952,0.000873616354328431,2.84916932504676,106
"{_CARTOFI ALBI,PAINE CU CARTOFI FELII BACHUS 1.2 KG} => {APA MINERALA NATURALA CARBOGAZIFICATA CONTINUT REDUS CO2 TUSNAD 2L}",0.000152559033869545,0.108053007135576,0.00141189068137758,2.69478227016838,106
"{_CARTOFI ALBI,APA MINERALA NATURALA CARBOGAZIFICATA CONTINUT REDUS CO2 TUSNAD 2L} => {_BANANE}",0.000123774310497933,0.14168039538715,0.000873616354328431,1.84019778596377,86
"{_CARTOFI ALBI,_MORCOVI} => {CARNE TOCATA PORC VRAC}",0.000230277786972898,0.123361603700848,0.00186668931064905,2.51897745767177,160
"{_CARTOFI ALBI,CARNE TOCATA PORC VRAC} => {_MORCOVI}",0.000230277786972898,0.194174757281553,0.00118593060291042,5.64876677403567,160
"{_CARTOFI ALBI,_MORCOVI} => {PAINE CU CARTOFI FELII BACHUS 1.2 KG}",0.000200053827432705,0.107170393215112,0.00186668931064905,1.74854136150311,139
"{_CARTOFI ALBI,PAINE CU CARTOFI FELII BACHUS 1.2 KG} => {_MORCOVI}",0.000200053827432705,0.141692150866463,0.00141189068137758,4.12198745687404,139
"{_CARTOFI ALBI,_MORCOVI} => {_BANANE}",0.000272015635861735,0.145720894371627,0.00186668931064905,1.89267729285042,189
"{_BANANE,_CARTOFI ALBI} => {_MORCOVI}",0.000272015635861735,0.160577740016992,0.00169398097041938,4.67139094265728,189
"{_CARTOFI ALBI,CARNE TOCATA PORC VRAC} => {PAINE CU CARTOFI FELII BACHUS 1.2 KG}",0.000143923616858061,0.121359223300971,0.00118593060291042,1.9800395909317,100
"{_CARTOFI ALBI,PAINE CU CARTOFI FELII BACHUS 1.2 KG} => {CARNE TOCATA PORC VRAC}",0.000143923616858061,0.101936799184506,0.00141189068137758,2.0814944970695,100
"{_CARTOFI ALBI,CARNE TOCATA PORC VRAC} => {_BANANE}",0.000152559033869545,0.128640776699029,0.00118593060291042,1.67083435798827,106
"{_CARTOFI ALBI,PAINE CU CARTOFI FELII BACHUS 1.2 KG} => {_BANANE}",0.000231717023141478,0.164118246687054,0.00141189068137758,2.13162896224642,161
"{_BANANE,_CARTOFI ALBI} => {PAINE CU CARTOFI FELII BACHUS 1.2 KG}",0.000231717023141478,0.13678844519966,0.00169398097041938,2.23177546551711,161
"{CORN CU CASCAVAL PANOS 80G,DANONE ACTIVIA NATUR 125G} => {_BANANE}",0.000138166672183739,0.215730337078652,0.000640460095018372,2.80198603040713,96
"{DANONE ACTIVIA NATUR 125G,SMANTANA 20% GRASIME FRISS 300G} => {_BANANE}",0.000136727436015158,0.327586206896552,0.000417378488888377,4.25481176133122,95
"{CREMWURSTI DE PUI CRISTUR,DANONE ACTIVIA NATUR 125G} => {_BANANE}",0.000153998270038125,0.328220858895706,0.000469190990957279,4.26305485805967,107
"{_CASTRAVETI CORNISON,DANONE ACTIVIA NATUR 125G} => {_BANANE}",0.00016551215938677,0.445736434108527,0.000371322931493798,5.78939095228055,115
"{DANONE ACTIVIA NATUR 125G,PARIZER CRISTUR} => {_BANANE}",0.000172708340229673,0.326975476839237,0.000528199673869084,4.24687937170017,120
"{DANONE ACTIVIA NATUR 125G,PIEPT DE PUI FARA OS REFR.VRAC SZEKELY CSURKE} => {_BANANE}",0.000139605908352319,0.336805555555556,0.000414500016551216,4.37455609818155,97
"{DANONE ACTIVIA NATUR 125G,FRANZELA RIP-ROP 1KG} => {_BANANE}",0.000113699657317868,0.323770491803279,0.000351173625133669,4.20525183141063,79
"{_CEAPA GALBENA,DANONE ACTIVIA NATUR 125G} => {_BANANE}",0.000128092019003674,0.326007326007326,0.000392911474022507,4.23430466782182,89
"{_ROSII VRAC,DANONE ACTIVIA NATUR 125G} => {_BANANE}",0.000172708340229673,0.345821325648415,0.000499414950497472,4.49165628073188,120
"{_MERE ROSII,DANONE ACTIVIA NATUR 125G} => {LAPTE DE CONSUM 1.5% GRASIME FRISS CUTIE 1L}",0.000119456601992191,0.16869918699187,0.000708104194941661,7.78833144261675,83
"{DANONE ACTIVIA NATUR 125G,LAPTE DE CONSUM 1.5% GRASIME FRISS CUTIE 1L} => {_MERE ROSII}",0.000119456601992191,0.167676767676768,0.000712421903447402,7.91521149397364,83
"{_MERE ROSII,LAPTE DE CONSUM 1.5% GRASIME FRISS CUTIE 1L} => {DANONE ACTIVIA NATUR 125G}",0.000119456601992191,0.139966273187184,0.000853467047968302,11.0273711500178,83
"{_MERE ROSII,DANONE ACTIVIA NATUR 125G} => {_BANANE}",0.000309435776244831,0.436991869918699,0.00070810419494166,5.67581329308947,215
"{_BANANE,DANONE ACTIVIA NATUR 125G} => {_MERE ROSII}",0.000309435776244831,0.101415094339623,0.00305118067739089,4.78731747696149,215
"{_TELINA,DANONE ACTIVIA NATUR 125G} => {_PATRUNJEL RADACINA KG}",0.000202932299769866,0.5,0.000405864599539732,24.6790154152163,141
"{_PATRUNJEL RADACINA KG,DANONE ACTIVIA NATUR 125G} => {_TELINA}",0.000202932299769866,0.406340057636888,0.000499414950497472,23.7451938155474,141
"{_TELINA,DANONE ACTIVIA NATUR 125G} => {_MORCOVI}",0.000238913203984381,0.588652482269504,0.000405864599539732,17.1245770039826,166
"{_MORCOVI,DANONE ACTIVIA NATUR 125G} => {_TELINA}",0.000238913203984381,0.274380165289256,0.00087073788199127,16.0338861047203,166
"{_TELINA,DANONE ACTIVIA NATUR 125G} => {_BANANE}",0.000129531255172255,0.319148936170213,0.000405864599539732,4.14522534418607,90
"{_LAMAIE^2 A nu se consuma coaja,DANONE ACTIVIA NATUR 125G} => {_BANANE}",0.000322388901762057,0.414814814814815,0.00077718753103353,5.38776943501123,224
"{_BANANE,DANONE ACTIVIA NATUR 125G} => {_LAMAIE^2 A nu se consuma coaja}",0.000322388901762057,0.105660377358491,0.0030511806773909,5.3516696146366,224
"{DANONE ACTIVIA NATUR 125G,LAPTE DE CONSUM 1.5% GRASIME FRISS CUTIE 1L} => {_BANANE}",0.00025906251034451,0.363636363636364,0.000712421903447402,4.72304463458777,180
"{DANONE ACTIVIA NATUR 125G,PAINE DE CASA CU CARTOFI DOBOI KG} => {_BANANE}",0.000102185767969223,0.229032258064516,0.000446163212259989,2.97475633839762,71
"{_PATRUNJEL RADACINA KG,DANONE ACTIVIA NATUR 125G} => {_MORCOVI}",0.00040154689103399,0.804034582132565,0.000499414950497472,23.3902897385393,279
"{_MORCOVI,DANONE ACTIVIA NATUR 125G} => {_PATRUNJEL RADACINA KG}",0.00040154689103399,0.461157024793388,0.00087073788199127,22.7618026474226,279
"{_PATRUNJEL RADACINA KG,DANONE ACTIVIA NATUR 125G} => {_BANANE}",0.000158315978543867,0.31700288184438,0.000499414950497472,4.11735159067089,110
"{_ARDEI ROSU CAPIA,DANONE ACTIVIA NATUR 125G} => {_BANANE}",0.000187100701915479,0.319410319410319,0.000585769120612309,4.14862028713791,130
"{APA MINERALA NATURALA CARBOGAZIFICATA CONTINUT REDUS CO2 TUSNAD 2L,DANONE ACTIVIA NATUR 125G} => {_BANANE}",0.000168390631723931,0.234939759036145,0.000716739611953144,3.05148516300927,117
"{_MORCOVI,DANONE ACTIVIA NATUR 125G} => {CARNE TOCATA PORC VRAC}",0.000115138893486449,0.132231404958678,0.00087073788199127,2.70009401867792,80
"{CARNE TOCATA PORC VRAC,DANONE ACTIVIA NATUR 125G} => {_MORCOVI}",0.000115138893486449,0.179775280898876,0.000640460095018372,5.22986946270269,80
"{_MORCOVI,DANONE ACTIVIA NATUR 125G} => {PAINE CU CARTOFI FELII BACHUS 1.2 KG}",0.000115138893486449,0.132231404958678,0.00087073788199127,2.15742495593748,80
"{DANONE ACTIVIA NATUR 125G,PAINE CU CARTOFI FELII BACHUS 1.2 KG} => {_MORCOVI}",0.000115138893486449,0.12779552715655,0.000900961841531462,3.71771870751229,80
"{_MORCOVI,DANONE ACTIVIA NATUR 125G} => {_BANANE}",0.000270576399693155,0.310743801652893,0.00087073788199127,4.03605632410228,188
"{CARNE TOCATA PORC VRAC,DANONE ACTIVIA NATUR 125G} => {PAINE CU CARTOFI FELII BACHUS 1.2 KG}",0.000100746531800643,0.157303370786517,0.000640460095018372,2.56648727202114,70
"{DANONE ACTIVIA NATUR 125G,PAINE CU CARTOFI FELII BACHUS 1.2 KG} => {CARNE TOCATA PORC VRAC}",0.000100746531800643,0.111821086261981,0.000900961841531462,2.28332631172145,70
"{CARNE TOCATA PORC VRAC,DANONE ACTIVIA NATUR 125G} => {_BANANE}",0.000184222229578318,0.287640449438202,0.000640460095018372,3.73598137387617,128
"{DANONE ACTIVIA NATUR 125G,PAINE CU CARTOFI FELII BACHUS 1.2 KG} => {_BANANE}",0.000287847233716122,0.319488817891374,0.000900961841531462,4.14963985466977,200
"{_USTUROI,PULPE PORC FARA OS} => {_MORCOVI}",0.000102185767969223,0.22257053291536,0.000459116337777215,6.47483251074026,71
"{_USTUROI,PULPE PORC FARA OS} => {CARNE TOCATA PORC VRAC}",0.00011801736582361,0.25705329153605,0.000459116337777215,5.24888966561958,82
"{_CASTRAVETI CORNISON,_USTUROI} => {_MORCOVI}",0.000109381948812126,0.217765042979943,0.000502293422834633,6.33503528755748,76
"{_USTUROI,PIEPT DE PUI FARA OS REFR.VRAC SZEKELY CSURKE} => {_CEAPA GALBENA}",0.000105064240306385,0.180246913580247,0.000582890648275147,10.2360358614983,73
"{_CEAPA GALBENA,PIEPT DE PUI FARA OS REFR.VRAC SZEKELY CSURKE} => {_USTUROI}",0.000105064240306385,0.122895622895623,0.000854906284136883,10.2779822377198,73
"{_USTUROI,PIEPT DE PUI FARA OS REFR.VRAC SZEKELY CSURKE} => {_MORCOVI}",0.00016551215938677,0.283950617283951,0.000582890648275148,8.26044968375957,115
"{_USTUROI,PIEPT DE PUI FARA OS REFR.VRAC SZEKELY CSURKE} => {CARNE TOCATA PORC VRAC}",0.00011801736582361,0.202469135802469,0.000582890648275147,4.13431062551271,82
"{_USTUROI,COTLET PORC FARA OS} => {_MORCOVI}",0.000132409727509416,0.243386243386243,0.000544031271723471,7.08038544322249,92
"{_USTUROI,COTLET PORC FARA OS} => {CARNE TOCATA PORC VRAC}",0.000175586812566835,0.322751322751323,0.000544031271723471,6.59040805286434,122
"{_ROSII VRAC,_USTUROI} => {_CEAPA GALBENA}",0.000136727436015158,0.206521739130435,0.000662048637547081,11.7281560384499,95
"{_CEAPA GALBENA,_ROSII VRAC} => {_USTUROI}",0.000136727436015158,0.112826603325416,0.00121183685394487,9.43589200004117,95
"{_CEAPA GALBENA,_USTUROI} => {_TELINA}",0.000287847233716122,0.180995475113122,0.00159035596628158,10.5767879772728,200
"{_TELINA,_USTUROI} => {_CEAPA GALBENA}",0.000287847233716122,0.253164556962025,0.00113699657317868,14.3769534382064,200
"{_CEAPA GALBENA,_TELINA} => {_USTUROI}",0.000287847233716122,0.151630022744503,0.00189835250635783,12.6810918383698,200
"{_LAMAIE^2 A nu se consuma coaja,_USTUROI} => {_CEAPA GALBENA}",0.00011801736582361,0.142361111111111,0.000829000033102432,8.08454031013032,82
"{_CEAPA GALBENA,_LAMAIE^2 A nu se consuma coaja} => {_USTUROI}",0.00011801736582361,0.136666666666667,0.000863541701148367,11.4296794254534,82
"{_USTUROI,LAPTE DE CONSUM 1.5% GRASIME FRISS CUTIE 1L} => {_CEAPA GALBENA}",0.000106503476474965,0.196286472148541,0.00054259203555489,11.146905808986,74
"{_CEAPA GALBENA,LAPTE DE CONSUM 1.5% GRASIME FRISS CUTIE 1L} => {_USTUROI}",0.000106503476474965,0.114906832298137,0.000926868092565913,9.60986529484415,74
"{_CEAPA GALBENA,_USTUROI} => {_PATRUNJEL RADACINA KG}",0.000313753484750573,0.197285067873303,0.00159035596628158,9.73760246247449,218
"{_PATRUNJEL RADACINA KG,_USTUROI} => {_CEAPA GALBENA}",0.000313753484750573,0.243303571428571,0.00128955560704823,13.8169582652227,218
"{_CEAPA GALBENA,_PATRUNJEL RADACINA KG} => {_USTUROI}",0.000313753484750573,0.142763588736084,0.00219771362942259,11.9395759966881,218
"{_CEAPA GALBENA,_USTUROI} => {_ARDEI ROSU CAPIA}",0.000200053827432705,0.12579185520362,0.00159035596628158,5.4876509254469,139
"{_ARDEI ROSU CAPIA,_USTUROI} => {_CEAPA GALBENA}",0.000200053827432705,0.207462686567164,0.000964288232949009,11.7815914705183,139
"{_ARDEI ROSU CAPIA,_CEAPA GALBENA} => {_USTUROI}",0.000200053827432705,0.116220735785953,0.00172132645762241,9.71974940944216,139
"{_CEAPA GALBENA,_USTUROI} => {_MORCOVI}",0.000500854186666053,0.314932126696833,0.00159035596628158,9.16173738681152,348
"{_MORCOVI,_USTUROI} => {_CEAPA GALBENA}",0.000500854186666053,0.220952380952381,0.00226679696551446,12.5476572674023,348
"{_CEAPA GALBENA,_MORCOVI} => {_USTUROI}",0.000500854186666053,0.131818181818182,0.00379958348505281,11.0241919070337,348
"{_CEAPA GALBENA,_USTUROI} => {CARNE TOCATA PORC VRAC}",0.000248987857164446,0.156561085972851,0.00159035596628158,3.19689299168467,173
"{_USTUROI,CARNE TOCATA PORC VRAC} => {_CEAPA GALBENA}",0.000248987857164446,0.140308191403082,0.00177457819585989,7.96795712246421,173
"{_CEAPA GALBENA,CARNE TOCATA PORC VRAC} => {_USTUROI}",0.000248987857164446,0.12852897473997,0.0019372118829095,10.7491095962931,173
"{_USTUROI,PAINE CU CARTOFI FELII BACHUS 1.2 KG} => {_CEAPA GALBENA}",0.000135288199846577,0.1222366710013,0.00110677261363849,6.94169416333686,94
"{_CEAPA GALBENA,_USTUROI} => {_BANANE}",0.000230277786972898,0.144796380090498,0.00159035596628157,1.88066935675893,160
"{_BANANE,_USTUROI} => {_CEAPA GALBENA}",0.000230277786972898,0.130505709624796,0.00176450354267983,7.41128431724834,160
"{_BANANE,_CEAPA GALBENA} => {_USTUROI}",0.000230277786972898,0.102827763496144,0.00223945147831143,8.59967102046778,160
"{_ROSII VRAC,_USTUROI} => {_ARDEI ROSU CAPIA}",0.000130970491340836,0.197826086956522,0.000662048637547081,8.63013354407746,91
"{_ARDEI ROSU CAPIA,_USTUROI} => {_ROSII VRAC}",0.000130970491340836,0.135820895522388,0.000964288232949009,7.03414757607312,91
"{_ROSII VRAC,_USTUROI} => {_MORCOVI}",0.000116578129655029,0.176086956521739,0.000662048637547081,5.12257186910648,81
"{_MERE ROSII,_USTUROI} => {_MORCOVI}",0.000115138893486449,0.197044334975369,0.000584329884443728,5.73224608596723,80
"{_MERE ROSII,_USTUROI} => {_BANANE}",0.000181343757241157,0.310344827586207,0.000584329884443728,4.03087430020853,126
"{_BANANE,_USTUROI} => {_MERE ROSII}",0.000181343757241157,0.102773246329527,0.00176450354267983,4.85142928201356,126
"{_LAMAIE^2 A nu se consuma coaja,_USTUROI} => {_TELINA}",0.000109381948812126,0.131944444444444,0.000829000033102432,7.71040498551537,76
"{_TELINA,_USTUROI} => {_PATRUNJEL RADACINA KG}",0.000735449682144692,0.646835443037975,0.00113699657317868,31.9265237396849,511
"{_PATRUNJEL RADACINA KG,_USTUROI} => {_TELINA}",0.000735449682144692,0.5703125,0.00128955560704823,33.3272110229184,511
"{_TELINA,_USTUROI} => {_ARDEI ROSU CAPIA}",0.000130970491340836,0.115189873417722,0.00113699657317868,5.02514105098181,91
"{_ARDEI ROSU CAPIA,_USTUROI} => {_TELINA}",0.000130970491340836,0.135820895522388,0.000964288232949009,7.9369322019005,91
"{_TELINA,_USTUROI} => {_MORCOVI}",0.000839074686282496,0.737974683544304,0.00113699657317868,21.4685313932954,583
"{_MORCOVI,_USTUROI} => {_TELINA}",0.000839074686282496,0.37015873015873,0.00226679696551446,21.6308744977105,583
"{_TELINA,_USTUROI} => {CARNE TOCATA PORC VRAC}",0.000168390631723931,0.148101265822785,0.00113699657317868,3.0241480239259,117
"{_TELINA,_USTUROI} => {_BANANE}",0.00018853993808406,0.165822784810127,0.00113699657317868,2.15376813874714,131
"{_BANANE,_USTUROI} => {_TELINA}",0.00018853993808406,0.106851549755302,0.00176450354267983,6.24405768209676,131
"{_LAMAIE^2 A nu se consuma coaja,_USTUROI} => {_PATRUNJEL RADACINA KG}",0.000123774310497933,0.149305555555556,0.000829000033102432,7.36942821426598,86
"{_LAMAIE^2 A nu se consuma coaja,_PATRUNJEL RADACINA KG} => {_USTUROI}",0.000123774310497933,0.102016607354686,0.00121327609011346,8.5318325717298,86
"{_LAMAIE^2 A nu se consuma coaja,_USTUROI} => {_ARDEI ROSU CAPIA}",0.000106503476474965,0.128472222222222,0.000829000033102432,5.60458153694286,74
"{_ARDEI ROSU CAPIA,_USTUROI} => {_LAMAIE^2 A nu se consuma coaja}",0.000106503476474965,0.11044776119403,0.000964288232949009,5.59414931466012,74
"{_LAMAIE^2 A nu se consuma coaja,_USTUROI} => {_MORCOVI}",0.00016551215938677,0.199652777777778,0.000829000033102432,5.80812868389345,115
"{_LAMAIE^2 A nu se consuma coaja,_USTUROI} => {_BANANE}",0.000237473967815801,0.286458333333333,0.000829000033102432,3.72062760927813,165
"{_BANANE,_USTUROI} => {_LAMAIE^2 A nu se consuma coaja}",0.000237473967815801,0.134584013050571,0.00176450354267983,6.81664396119743,165
"{_USTUROI,LAPTE DE CONSUM 1.5% GRASIME FRISS CUTIE 1L} => {_MORCOVI}",0.000128092019003674,0.236074270557029,0.00054259203555489,6.86767175299536,89
"{_USTUROI,LAPTE DE CONSUM 1.5% GRASIME FRISS CUTIE 1L} => {_BANANE}",0.00011801736582361,0.217506631299735,0.00054259203555489,2.82505720185555,82
"{_PATRUNJEL RADACINA KG,_USTUROI} => {_ARDEI ROSU CAPIA}",0.000149680561532384,0.116071428571429,0.00128955560704823,5.06359876310667,104
"{_ARDEI ROSU CAPIA,_USTUROI} => {_PATRUNJEL RADACINA KG}",0.000149680561532384,0.155223880597015,0.000964288232949009,7.66154508412685,104
"{_PATRUNJEL RADACINA KG,_USTUROI} => {_MORCOVI}",0.00108230559877262,0.839285714285714,0.00128955560704823,24.4157856724167,752
"{_MORCOVI,_USTUROI} => {_PATRUNJEL RADACINA KG}",0.00108230559877262,0.477460317460317,0.00226679696551446,23.5665010695145,752
"{_PATRUNJEL RADACINA KG,_USTUROI} => {CARNE TOCATA PORC VRAC}",0.000191418410421221,0.1484375,0.00128955560704823,3.03101374459988,133
"{_USTUROI,CARNE TOCATA PORC VRAC} => {_PATRUNJEL RADACINA KG}",0.000191418410421221,0.10786699107867,0.00177457819585989,5.32410227124699,133
"{_PATRUNJEL RADACINA KG,_USTUROI} => {_BANANE}",0.00021300695294993,0.165178571428571,0.00128955560704823,2.14540085522011,148
"{_BANANE,_USTUROI} => {_PATRUNJEL RADACINA KG}",0.00021300695294993,0.120717781402936,0.00176450354267983,5.95839197626756,148
"{_ARDEI ROSU CAPIA,_USTUROI} => {_MORCOVI}",0.000248987857164446,0.258208955223881,0.000964288232949009,7.51159516018967,173
"{_MORCOVI,_USTUROI} => {_ARDEI ROSU CAPIA}",0.000248987857164446,0.10984126984127,0.00226679696551446,4.79180901753138,173
"{_ARDEI ROSU CAPIA,_USTUROI} => {CARNE TOCATA PORC VRAC}",0.000122335074329352,0.126865671641791,0.000964288232949009,2.59052863639015,85
"{_ARDEI ROSU CAPIA,_USTUROI} => {PAINE CU CARTOFI FELII BACHUS 1.2 KG}",0.000125213546666513,0.129850746268657,0.000964288232949009,2.11858325663749,87
"{_USTUROI,PAINE CU CARTOFI FELII BACHUS 1.2 KG} => {_ARDEI ROSU CAPIA}",0.000125213546666513,0.113133940182055,0.00110677261363849,4.93545127015219,87
"{_ARDEI ROSU CAPIA,_USTUROI} => {_BANANE}",0.00016407292321819,0.170149253731343,0.000964288232949009,2.20996192976607,114
"{_USTUROI,APA MINERALA NATURALA CARBOGAZIFICATA CONTINUT REDUS CO2 TUSNAD 2L} => {_MORCOVI}",0.000112260421149288,0.203655352480418,0.000551227452566374,5.92456818049642,78
"{_MORCOVI,_USTUROI} => {CARNE TOCATA PORC VRAC}",0.000345416680459347,0.152380952380952,0.00226679696551446,3.11153691676218,240
"{_USTUROI,CARNE TOCATA PORC VRAC} => {_MORCOVI}",0.000345416680459347,0.194647201946472,0.00177457819585989,5.66251073212335,240
"{_USTUROI,PAINE CU CARTOFI FELII BACHUS 1.2 KG} => {_MORCOVI}",0.000182782993409738,0.165149544863459,0.00110677261363849,4.80438999812488,127
"{_MORCOVI,_USTUROI} => {_BANANE}",0.000341098971953605,0.15047619047619,0.00226679696551446,1.95444085116989,237
"{_BANANE,_USTUROI} => {_MORCOVI}",0.000341098971953605,0.193311582381729,0.00176450354267983,5.62365602450998,237
"{_USTUROI,CARNE TOCATA PORC VRAC} => {PAINE CU CARTOFI FELII BACHUS 1.2 KG}",0.000179904521072576,0.101378751013788,0.00177457819585989,1.65404767125682,125
"{_USTUROI,PAINE CU CARTOFI FELII BACHUS 1.2 KG} => {CARNE TOCATA PORC VRAC}",0.000179904521072576,0.162548764629389,0.00110677261363849,3.31915816258969,125
"{_USTUROI,CARNE TOCATA PORC VRAC} => {_BANANE}",0.000218763897624253,0.123276561232766,0.00177457819585989,1.60116192802732,152
"{_BANANE,_USTUROI} => {CARNE TOCATA PORC VRAC}",0.000218763897624253,0.123980424143556,0.00176450354267983,2.53161343757771,152
"{_USTUROI,PAINE CU CARTOFI FELII BACHUS 1.2 KG} => {_BANANE}",0.000194296882758382,0.17555266579974,0.00110677261363849,2.28014345980586,135
"{_BANANE,_USTUROI} => {PAINE CU CARTOFI FELII BACHUS 1.2 KG}",0.000194296882758382,0.110114192495922,0.00176450354267983,1.79657099588289,135
"{PIEPT DE PUI FARA OS REFR.VRAC SZEKELY CSURKE,PULPE PORC FARA OS} => {COTLET PORC FARA OS}",0.000197175355095544,0.222042139384117,0.000888008716014237,11.8647823572942,137
"{COTLET PORC FARA OS,PULPE PORC FARA OS} => {PIEPT DE PUI FARA OS REFR.VRAC SZEKELY CSURKE}",0.000197175355095544,0.116496598639456,0.0016925417342508,6.58022528172313,137
"{COTLET PORC FARA OS,PIEPT DE PUI FARA OS REFR.VRAC SZEKELY CSURKE} => {PULPE PORC FARA OS}",0.000197175355095544,0.114071606994172,0.00172852263846531,8.15332120876878,137
"{PIEPT DE PUI FARA OS REFR.VRAC SZEKELY CSURKE,PULPE PORC FARA OS} => {CARNE TOCATA PORC VRAC}",0.000318071193256315,0.358184764991896,0.000888008716014237,7.31393984536734,221
"{CARNE TOCATA PORC VRAC,PIEPT DE PUI FARA OS REFR.VRAC SZEKELY CSURKE} => {PULPE PORC FARA OS}",0.000318071193256315,0.104988123515439,0.00302959213486219,7.50407499888211,221
"{FRANZELA RIP-ROP 1KG,PULPE PORC FARA OS} => {CARNE TOCATA PORC VRAC}",0.000128092019003674,0.275541795665635,0.000464873282451537,5.62641495494245,89
"{_MORCOVI,PULPE PORC FARA OS} => {COTLET PORC FARA OS}",0.000135288199846577,0.116625310173697,0.00116002435187597,6.23185277533778,94
"{COTLET PORC FARA OS,PULPE PORC FARA OS} => {CARNE TOCATA PORC VRAC}",0.000663487873715662,0.392006802721088,0.0016925417342508,8.00456762626878,461
"{CARNE TOCATA PORC VRAC,PULPE PORC FARA OS} => {COTLET PORC FARA OS}",0.000663487873715662,0.187550854353133,0.00353764250237114,10.0217466558227,461
"{CARNE TOCATA PORC VRAC,COTLET PORC FARA OS} => {PULPE PORC FARA OS}",0.000663487873715662,0.130520951302378,0.00508338214742672,9.32904575015527,461
"{_BANANE,PULPE PORC FARA OS} => {COTLET PORC FARA OS}",0.000123774310497933,0.123032904148784,0.00100602608183785,6.57424142354296,86
"{_CEAPA GALBENA,PULPE PORC FARA OS} => {_TELINA}",0.000119456601992191,0.137645107794362,0.000867859409654108,8.04353324490528,83
"{_TELINA,PULPE PORC FARA OS} => {_CEAPA GALBENA}",0.000119456601992191,0.197619047619048,0.000604479190803857,11.2225813921809,83
"{_CEAPA GALBENA,PULPE PORC FARA OS} => {_PATRUNJEL RADACINA KG}",0.000132409727509416,0.15257048092869,0.000867859409654108,7.53057850149221,92
"{_PATRUNJEL RADACINA KG,PULPE PORC FARA OS} => {_CEAPA GALBENA}",0.000132409727509416,0.175572519083969,0.00075415975233624,9.97058183100041,92
"{_CEAPA GALBENA,PULPE PORC FARA OS} => {_ARDEI ROSU CAPIA}",0.000100746531800643,0.116086235489221,0.000867859409654108,5.06424471268737,70
"{_ARDEI ROSU CAPIA,PULPE PORC FARA OS} => {_CEAPA GALBENA}",0.000100746531800643,0.164705882352941,0.00061167537164676,9.35347676626842,70
"{_CEAPA GALBENA,PULPE PORC FARA OS} => {_MORCOVI}",0.000215885425287092,0.248756218905473,0.000867859409654108,7.23660420056809,150
"{_MORCOVI,PULPE PORC FARA OS} => {_CEAPA GALBENA}",0.000215885425287092,0.186104218362283,0.00116002435187597,10.568666144091,150
"{_CEAPA GALBENA,PULPE PORC FARA OS} => {CARNE TOCATA PORC VRAC}",0.000151119797700964,0.174129353233831,0.000867859409654108,3.55562754014335,105
"{_ROSII VRAC,PULPE PORC FARA OS} => {CARNE TOCATA PORC VRAC}",0.000102185767969223,0.213213213213213,0.000479265644137343,4.35369889535699,71
"{_TELINA,PULPE PORC FARA OS} => {_PATRUNJEL RADACINA KG}",0.000378519112336701,0.626190476190476,0.000604479190803857,30.9075288295328,263
"{_PATRUNJEL RADACINA KG,PULPE PORC FARA OS} => {_TELINA}",0.000378519112336701,0.501908396946565,0.00075415975233624,29.3298973093048,263
"{_TELINA,PULPE PORC FARA OS} => {_MORCOVI}",0.000420256961225538,0.695238095238095,0.000604479190803857,20.2252749399877,292
"{_MORCOVI,PULPE PORC FARA OS} => {_TELINA}",0.000420256961225538,0.362282878411911,0.00116002435187597,21.1706352899928,292
"{_TELINA,PULPE PORC FARA OS} => {CARNE TOCATA PORC VRAC}",0.000129531255172255,0.214285714285714,0.000604479190803857,4.37559878919681,90
"{_PATRUNJEL RADACINA KG,PULPE PORC FARA OS} => {_MORCOVI}",0.000577133703600825,0.765267175572519,0.00075415975233624,22.262501342366,401
"{_MORCOVI,PULPE PORC FARA OS} => {_PATRUNJEL RADACINA KG}",0.000577133703600825,0.497518610421836,0.00116002435187597,24.556538911915,401
"{_PATRUNJEL RADACINA KG,PULPE PORC FARA OS} => {CARNE TOCATA PORC VRAC}",0.00014248438068948,0.188931297709924,0.00075415975233624,3.85787526833765,99
"{_PATRUNJEL RADACINA KG,PULPE PORC FARA OS} => {_BANANE}",0.000102185767969223,0.135496183206107,0.00075415975233624,1.75987493302149,71
"{_BANANE,PULPE PORC FARA OS} => {_PATRUNJEL RADACINA KG}",0.000102185767969223,0.101573676680973,0.00100602608183785,5.01347666517985,71
"{_ARDEI ROSU CAPIA,PULPE PORC FARA OS} => {_MORCOVI}",0.000100746531800643,0.164705882352941,0.00061167537164676,4.79148334597614,70
"{_MORCOVI,PULPE PORC FARA OS} => {CARNE TOCATA PORC VRAC}",0.000254744801838768,0.219602977667494,0.00116002435187597,4.4841744415342,177
"{_MORCOVI,PULPE PORC FARA OS} => {PAINE CU CARTOFI FELII BACHUS 1.2 KG}",0.000119456601992191,0.102977667493797,0.00116002435187597,1.68013483502483,83
"{PAINE CU CARTOFI FELII BACHUS 1.2 KG,PULPE PORC FARA OS} => {_MORCOVI}",0.000119456601992191,0.122962962962963,0.000971484413791912,3.57713386305414,83
"{_MORCOVI,PULPE PORC FARA OS} => {_BANANE}",0.000151119797700964,0.130272952853598,0.00116002435187597,1.6920336702695,105
"{_BANANE,PULPE PORC FARA OS} => {_MORCOVI}",0.000151119797700964,0.150214592274678,0.00100602608183785,4.36991506875506,105
"{PAINE CU CARTOFI FELII BACHUS 1.2 KG,PULPE PORC FARA OS} => {CARNE TOCATA PORC VRAC}",0.000198614591264124,0.204444444444444,0.000971484413791912,4.17464536332259,138
"{_BANANE,PULPE PORC FARA OS} => {CARNE TOCATA PORC VRAC}",0.000260501746513091,0.258941344778255,0.00100602608183785,5.28744269519539,181
"{PAINE CU CARTOFI FELII BACHUS 1.2 KG,PULPE PORC FARA OS} => {_BANANE}",0.000133848963677997,0.137777777777778,0.000971484413791912,1.78950913377159,93
"{_BANANE,PULPE PORC FARA OS} => {PAINE CU CARTOFI FELII BACHUS 1.2 KG}",0.000133848963677997,0.133047210300429,0.00100602608183785,2.17073524938882,93
"{_MERE ROSII,CORN CU CASCAVAL PANOS 80G} => {_BANANE}",0.000201493063601286,0.35264483627204,0.000571376758926503,4.58028258014179,140
"{_TELINA,CORN CU CASCAVAL PANOS 80G} => {_PATRUNJEL RADACINA KG}",0.000149680561532384,0.654088050314465,0.000228838550804317,32.2844981532389,104
"{_PATRUNJEL RADACINA KG,CORN CU CASCAVAL PANOS 80G} => {_TELINA}",0.000149680561532384,0.502415458937198,0.000297921886896186,29.3595283658984,104
"{_TELINA,CORN CU CASCAVAL PANOS 80G} => {_MORCOVI}",0.000152559033869545,0.666666666666667,0.000228838550804317,19.3940992575225,106
"{_MORCOVI,CORN CU CASCAVAL PANOS 80G} => {_TELINA}",0.000152559033869545,0.33125,0.000460555573945795,19.3571746215307,106
"{_PATRUNJEL RADACINA KG,CORN CU CASCAVAL PANOS 80G} => {_MORCOVI}",0.000233156259310059,0.782608695652174,0.000297921886896186,22.7669860849177,162
"{_MORCOVI,CORN CU CASCAVAL PANOS 80G} => {_PATRUNJEL RADACINA KG}",0.000233156259310059,0.50625,0.000460555573945795,24.9875031079065,162
"{APA MINERALA NATURALA CARBOGAZIFICATA CONTINUT REDUS CO2 TUSNAD 2L,CORN CU CASCAVAL PANOS 80G} => {PAINE CU CARTOFI FELII BACHUS 1.2 KG}",0.000151119797700964,0.168269230769231,0.000898083369194301,2.74540104819569,105
"{APA MINERALA NATURALA CARBOGAZIFICATA CONTINUT REDUS CO2 TUSNAD 2L,CORN CU CASCAVAL PANOS 80G} => {_BANANE}",0.000146802089195222,0.163461538461538,0.000898083369194301,2.12309939102864,102
"{CORN CU CASCAVAL PANOS 80G,PAINE CU CARTOFI FELII BACHUS 1.2 KG} => {_BANANE}",0.000266258691187413,0.154811715481172,0.00171988722145383,2.01075226598036,185
"{_BANANE,CORN CU CASCAVAL PANOS 80G} => {PAINE CU CARTOFI FELII BACHUS 1.2 KG}",0.000266258691187413,0.107060185185185,0.0024870000993073,1.74674325950017,185
"{LAPTE DE CONSUM 3.5% GRASIME FRISS CUTIE 1L,SMANTANA 20% GRASIME FRISS 300G} => {_MORCOVI}",0.000125213546666513,0.109571788413098,0.00114275351785301,3.18756921046182,87
"{_MORCOVI,LAPTE DE CONSUM 3.5% GRASIME FRISS CUTIE 1L} => {SMANTANA 20% GRASIME FRISS 300G}",0.000125213546666513,0.107407407407407,0.00116578129655029,7.28362902234657,87
"{LAPTE DE CONSUM 3.5% GRASIME FRISS CUTIE 1L,SMANTANA 20% GRASIME FRISS 300G} => {_BANANE}",0.000152559033869545,0.133501259445844,0.00114275351785301,1.73396411962511,106
"{PARIZER CRISTUR,SMANTANA 20% GRASIME FRISS 300G} => {_BANANE}",0.000109381948812126,0.219653179190751,0.000497975714328891,2.85293736597932,76
"{PIEPT DE PUI FARA OS REFR.VRAC SZEKELY CSURKE,SMANTANA 20% GRASIME FRISS 300G} => {_MORCOVI}",0.000100746531800643,0.163551401869159,0.000615993080152502,4.75789818233612,70
"{PIEPT DE PUI FARA OS REFR.VRAC SZEKELY CSURKE,SMANTANA 20% GRASIME FRISS 300G} => {CARNE TOCATA PORC VRAC}",0.000103625004137804,0.168224299065421,0.000615993080152502,3.43504951675264,72
"{_CEAPA GALBENA,SMANTANA 20% GRASIME FRISS 300G} => {_MORCOVI}",0.00016551215938677,0.25,0.000662048637547081,7.27278722157093,115
"{_MORCOVI,SMANTANA 20% GRASIME FRISS 300G} => {_CEAPA GALBENA}",0.00016551215938677,0.118801652892562,0.00139318061118603,6.74662303647239,115
"{_MERE ROSII,SMANTANA 20% GRASIME FRISS 300G} => {_BANANE}",0.000110821184980707,0.251633986928105,0.000440406267585667,3.26831601756196,77
"{_TELINA,SMANTANA 20% GRASIME FRISS 300G} => {_LAMAIE^2 A nu se consuma coaja}",0.000103625004137804,0.133333333333333,0.00077718753103353,6.75329737085095,72
"{_LAMAIE^2 A nu se consuma coaja,SMANTANA 20% GRASIME FRISS 300G} => {_TELINA}",0.000103625004137804,0.109923664122137,0.0009426996904203,6.42358207230401,72
"{_TELINA,SMANTANA 20% GRASIME FRISS 300G} => {_PATRUNJEL RADACINA KG}",0.000457677101608634,0.588888888888889,0.00077718753103353,29.066395933477,318
"{_PATRUNJEL RADACINA KG,SMANTANA 20% GRASIME FRISS 300G} => {_TELINA}",0.000457677101608634,0.535353535353535,0.000854906284136883,31.2843226206557,318
"{_TELINA,SMANTANA 20% GRASIME FRISS 300G} => {_ARDEI ROSU CAPIA}",0.000102185767969223,0.131481481481481,0.00077718753103353,5.73586002339377,71
"{_ARDEI ROSU CAPIA,SMANTANA 20% GRASIME FRISS 300G} => {_TELINA}",0.000102185767969223,0.136538461538462,0.000748402807661918,7.97886443035518,71
"{_TELINA,SMANTANA 20% GRASIME FRISS 300G} => {_MORCOVI}",0.000528199673869084,0.67962962962963,0.00077718753103353,19.7712067430854,367
"{_MORCOVI,SMANTANA 20% GRASIME FRISS 300G} => {_TELINA}",0.000528199673869084,0.379132231404959,0.00139318061118603,22.1552567787362,367
"{_TELINA,SMANTANA 20% GRASIME FRISS 300G} => {CARNE TOCATA PORC VRAC}",0.000112260421149288,0.144444444444444,0.00077718753103353,2.94947770234748,78
"{_TELINA,SMANTANA 20% GRASIME FRISS 300G} => {_BANANE}",0.000133848963677997,0.172222222222222,0.00077718753103353,2.23688641721449,93
"{_LAMAIE^2 A nu se consuma coaja,SMANTANA 20% GRASIME FRISS 300G} => {_PATRUNJEL RADACINA KG}",0.000103625004137804,0.109923664122137,0.0009426996904203,5.42561560273458,72
"{_PATRUNJEL RADACINA KG,SMANTANA 20% GRASIME FRISS 300G} => {_LAMAIE^2 A nu se consuma coaja}",0.000103625004137804,0.121212121212121,0.000854906284136883,6.13936124622814,72
"{_LAMAIE^2 A nu se consuma coaja,SMANTANA 20% GRASIME FRISS 300G} => {_MORCOVI}",0.000146802089195222,0.155725190839695,0.0009426996904203,4.5302247120625,102
"{_MORCOVI,SMANTANA 20% GRASIME FRISS 300G} => {_LAMAIE^2 A nu se consuma coaja}",0.000146802089195222,0.105371900826446,0.00139318061118603,5.33705835609605,102
"{_LAMAIE^2 A nu se consuma coaja,SMANTANA 20% GRASIME FRISS 300G} => {_BANANE}",0.000217324661455672,0.230534351145038,0.0009426996904203,2.9942660832253,151
"{_BANANE,SMANTANA 20% GRASIME FRISS 300G} => {_LAMAIE^2 A nu se consuma coaja}",0.000217324661455672,0.128401360544218,0.0016925417342508,6.50349427932713,151
"{LAPTE DE CONSUM 1.5% GRASIME FRISS CUTIE 1L,SMANTANA 20% GRASIME FRISS 300G} => {_MORCOVI}",0.00014248438068948,0.127741935483871,0.00111540803064997,3.71615966418334,99
"{_MORCOVI,SMANTANA 20% GRASIME FRISS 300G} => {LAPTE DE CONSUM 1.5% GRASIME FRISS CUTIE 1L}",0.00014248438068948,0.102272727272727,0.00139318061118603,4.72162262156448,99
"{LAPTE DE CONSUM 1.5% GRASIME FRISS CUTIE 1L,SMANTANA 20% GRASIME FRISS 300G} => {CARNE TOCATA PORC VRAC}",0.000112260421149288,0.100645161290323,0.00111540803064997,2.05511994744212,78
"{LAPTE DE CONSUM 1.5% GRASIME FRISS CUTIE 1L,SMANTANA 20% GRASIME FRISS 300G} => {_BANANE}",0.000189979174252641,0.170322580645161,0.00111540803064997,2.2122131643295,132
"{_BANANE,SMANTANA 20% GRASIME FRISS 300G} => {LAPTE DE CONSUM 1.5% GRASIME FRISS CUTIE 1L}",0.000189979174252641,0.112244897959184,0.0016925417342508,5.18200759373517,132
"{PAINE DE CASA CU CARTOFI DOBOI KG,SMANTANA 20% GRASIME FRISS 300G} => {_BANANE}",0.000146802089195222,0.14468085106383,0.00101466149884933,1.87916882269769,102
"{_PATRUNJEL RADACINA KG,SMANTANA 20% GRASIME FRISS 300G} => {_MORCOVI}",0.0006606094013785,0.772727272727273,0.000854906284136883,22.479524139401,459
"{_MORCOVI,SMANTANA 20% GRASIME FRISS 300G} => {_PATRUNJEL RADACINA KG}",0.0006606094013785,0.474173553719008,0.00139318061118603,23.4042728834386,459
"{_PATRUNJEL RADACINA KG,SMANTANA 20% GRASIME FRISS 300G} => {CARNE TOCATA PORC VRAC}",0.000126652782835094,0.148148148148148,0.000854906284136883,3.02510533574101,88
"{CARNE TOCATA PORC VRAC,SMANTANA 20% GRASIME FRISS 300G} => {_PATRUNJEL RADACINA KG}",0.000126652782835094,0.102088167053364,0.00124062157731649,5.03887089684231,88
"{_PATRUNJEL RADACINA KG,SMANTANA 20% GRASIME FRISS 300G} => {_BANANE}",0.000132409727509416,0.154882154882155,0.000854906284136883,2.01166715917627,92
"{_ARDEI ROSU CAPIA,SMANTANA 20% GRASIME FRISS 300G} => {_MORCOVI}",0.000146802089195222,0.196153846153846,0.000748402807661918,5.70634074307873,102
"{_MORCOVI,SMANTANA 20% GRASIME FRISS 300G} => {_ARDEI ROSU CAPIA}",0.000146802089195222,0.105371900826446,0.00139318061118603,4.5968334607224,102
"{_ARDEI ROSU CAPIA,SMANTANA 20% GRASIME FRISS 300G} => {_BANANE}",0.000126652782835094,0.169230769230769,0.000748402807661918,2.198032310712,88
"{_MORCOVI,SMANTANA 20% GRASIME FRISS 300G} => {CARNE TOCATA PORC VRAC}",0.000204371535938447,0.146694214876033,0.00139318061118603,2.99541680197082,142
"{CARNE TOCATA PORC VRAC,SMANTANA 20% GRASIME FRISS 300G} => {_MORCOVI}",0.000204371535938447,0.164733178654292,0.00124062157731649,4.79227742674279,142
"{_MORCOVI,SMANTANA 20% GRASIME FRISS 300G} => {_BANANE}",0.000197175355095544,0.141528925619835,0.00139318061118603,1.83823044016626,137
"{_BANANE,SMANTANA 20% GRASIME FRISS 300G} => {_MORCOVI}",0.000197175355095544,0.116496598639456,0.0016925417342508,3.38901989576604,137
"{CARNE TOCATA PORC VRAC,SMANTANA 20% GRASIME FRISS 300G} => {_BANANE}",0.00014248438068948,0.114849187935035,0.00124062157731649,1.49170406237415,99
"{PAINE CU CARTOFI FELII BACHUS 1.2 KG,SMANTANA 20% GRASIME FRISS 300G} => {_BANANE}",0.000189979174252641,0.147982062780269,0.0012837986623739,1.92204619098135,132
"{_BANANE,SMANTANA 20% GRASIME FRISS 300G} => {PAINE CU CARTOFI FELII BACHUS 1.2 KG}",0.000189979174252641,0.112244897959184,0.0016925417342508,1.83133457675561,132
"{CREMWURSTI DE PUI CRISTUR,LAPTE DE CONSUM 3.5% GRASIME FRISS CUTIE 1L} => {PAINE CU CARTOFI FELII BACHUS 1.2 KG}",0.000106503476474965,0.209631728045326,0.000508050367508956,3.42025195741222,74
"{CARNE TOCATA PORC VRAC,CREMWURSTI DE PUI CRISTUR} => {PARIZER CRISTUR}",0.000156876742375287,0.142112125162973,0.00110389414130133,8.08891226516429,109
"{CARNE TOCATA PORC VRAC,PARIZER CRISTUR} => {CREMWURSTI DE PUI CRISTUR}",0.000156876742375287,0.111451942740286,0.00140757297287184,7.44240833168732,109
"{CREMWURSTI DE PUI CRISTUR,PARIZER CRISTUR} => {PAINE CU CARTOFI FELII BACHUS 1.2 KG}",0.000221642369961414,0.115702479338843,0.00191562334038079,1.8877468364453,154
"{CREMWURSTI DE PUI CRISTUR,PAINE CU CARTOFI FELII BACHUS 1.2 KG} => {PARIZER CRISTUR}",0.000221642369961414,0.14115490375802,0.00157020665992145,8.03442796303934,154
"{CREMWURSTI DE PUI CRISTUR,PARIZER CRISTUR} => {_BANANE}",0.000277772580536058,0.145003756574004,0.00191562334038079,1.88336283982529,193
"{_BANANE,CREMWURSTI DE PUI CRISTUR} => {PARIZER CRISTUR}",0.000277772580536058,0.139249639249639,0.00199478132965273,7.92598178061437,193
"{_BANANE,PARIZER CRISTUR} => {CREMWURSTI DE PUI CRISTUR}",0.000277772580536058,0.125243348475016,0.00221786293578272,8.36335479903618,193
"{CREMWURSTI DE PUI CRISTUR,PIEPT DE PUI FARA OS REFR.VRAC SZEKELY CSURKE} => {CARNE TOCATA PORC VRAC}",0.000103625004137804,0.177777777777778,0.000582890648275147,3.63012640288921,72
"{CREMWURSTI DE PUI CRISTUR,PIEPT DE PUI FARA OS REFR.VRAC SZEKELY CSURKE} => {_BANANE}",0.000100746531800643,0.172839506172839,0.000582890648275147,2.24490393125468,70
"{COTLET PORC FARA OS,CREMWURSTI DE PUI CRISTUR} => {CARNE TOCATA PORC VRAC}",0.00014248438068948,0.293768545994065,0.000485022588811666,5.99859537272679,99
"{CARNE TOCATA PORC VRAC,CREMWURSTI DE PUI CRISTUR} => {COTLET PORC FARA OS}",0.00014248438068948,0.129074315514993,0.00110389414130133,6.89706316895479,99
"{_MERE ROSII,CREMWURSTI DE PUI CRISTUR} => {_BANANE}",0.000171269104061093,0.340974212034384,0.000502293422834633,4.42870016237492,119
"{_TELINA,CREMWURSTI DE PUI CRISTUR} => {_PATRUNJEL RADACINA KG}",0.000261940982681671,0.661818181818182,0.000395789946359668,32.6660422223227,182
"{_PATRUNJEL RADACINA KG,CREMWURSTI DE PUI CRISTUR} => {_TELINA}",0.000261940982681671,0.515580736543909,0.000508050367508956,30.1288644491407,182
"{_TELINA,CREMWURSTI DE PUI CRISTUR} => {_MORCOVI}",0.000256184038007349,0.647272727272727,0.000395789946359668,18.8299072791218,178
"{_MORCOVI,CREMWURSTI DE PUI CRISTUR} => {_TELINA}",0.000256184038007349,0.332710280373832,0.000769991350190627,19.4425086658859,178
"{_LAMAIE^2 A nu se consuma coaja,CREMWURSTI DE PUI CRISTUR} => {_BANANE}",0.000169829867892512,0.324175824175824,0.000523881965363342,4.21051643935091,118
"{CREMWURSTI DE PUI CRISTUR,LAPTE DE CONSUM 1.5% GRASIME FRISS CUTIE 1L} => {PAINE CU CARTOFI FELII BACHUS 1.2 KG}",0.000102185767969223,0.159192825112108,0.000641899331186952,2.59731471362933,71
"{CREMWURSTI DE PUI CRISTUR,LAPTE DE CONSUM 1.5% GRASIME FRISS CUTIE 1L} => {_BANANE}",0.000159755214712448,0.248878923766816,0.000641899331186952,3.23253223028681,111
"{_PATRUNJEL RADACINA KG,CREMWURSTI DE PUI CRISTUR} => {_MORCOVI}",0.000391472237853926,0.770538243626062,0.000508050367508956,22.4158427679013,272
"{_MORCOVI,CREMWURSTI DE PUI CRISTUR} => {_PATRUNJEL RADACINA KG}",0.000391472237853926,0.508411214953271,0.000769991350190627,25.0941764222013,272
"{_PATRUNJEL RADACINA KG,CREMWURSTI DE PUI CRISTUR} => {_BANANE}",0.000106503476474965,0.209631728045326,0.000508050367508956,2.72277502305556,74
"{_ARDEI ROSU CAPIA,CREMWURSTI DE PUI CRISTUR} => {_BANANE}",0.000155437506206706,0.23841059602649,0.000651973984367017,3.09656568757741,108
"{_MORCOVI,CREMWURSTI DE PUI CRISTUR} => {CARNE TOCATA PORC VRAC}",0.000110821184980707,0.14392523364486,0.000769991350190627,2.93887569766615,77
"{CARNE TOCATA PORC VRAC,CREMWURSTI DE PUI CRISTUR} => {_MORCOVI}",0.000110821184980707,0.100391134289439,0.00110389414130133,2.92049343447698,77
"{_MORCOVI,CREMWURSTI DE PUI CRISTUR} => {PAINE CU CARTOFI FELII BACHUS 1.2 KG}",0.000120895838160771,0.157009345794393,0.000769991350190627,2.56169009955007,84
"{_MORCOVI,CREMWURSTI DE PUI CRISTUR} => {_BANANE}",0.000149680561532384,0.194392523364486,0.000769991350190627,2.52484255232169,104
"{CARNE TOCATA PORC VRAC,CREMWURSTI DE PUI CRISTUR} => {PAINE CU CARTOFI FELII BACHUS 1.2 KG}",0.000135288199846577,0.122555410691004,0.00110389414130133,1.99955601766892,94
"{CARNE TOCATA PORC VRAC,CREMWURSTI DE PUI CRISTUR} => {_BANANE}",0.000132409727509416,0.119947848761408,0.00110389414130133,1.55792736968801,92
"{CREMWURSTI DE PUI CRISTUR,PAINE CU CARTOFI FELII BACHUS 1.2 KG} => {_BANANE}",0.000310875012413412,0.197983501374885,0.00157020665992145,2.57148351324027,216
"{_BANANE,CREMWURSTI DE PUI CRISTUR} => {PAINE CU CARTOFI FELII BACHUS 1.2 KG}",0.000310875012413412,0.155844155844156,0.00199478132965273,2.54267941235489,216
"{LAPTE DE CONSUM 3.5% GRASIME FRISS CUTIE 1L,PARIZER CRISTUR} => {PAINE CU CARTOFI FELII BACHUS 1.2 KG}",0.000145362853026642,0.25,0.000581451412106567,4.07888155731931,101
"{LAPTE DE CONSUM 3.5% GRASIME FRISS CUTIE 1L,PIEPT DE PUI FARA OS REFR.VRAC SZEKELY CSURKE} => {_MORCOVI}",0.000102185767969223,0.184895833333333,0.000552666688734955,5.3788322159535,71
"{LAPTE DE CONSUM 3.5% GRASIME FRISS CUTIE 1L,PIEPT DE PUI FARA OS REFR.VRAC SZEKELY CSURKE} => {PAINE CU CARTOFI FELII BACHUS 1.2 KG}",0.000103625004137804,0.1875,0.000552666688734955,3.05916116798948,72
"{LAPTE DE CONSUM 3.5% GRASIME FRISS CUTIE 1L,PIEPT DE PUI FARA OS REFR.VRAC SZEKELY CSURKE} => {_BANANE}",0.000119456601992191,0.216145833333333,0.000552666688734955,2.80738265063713,83
"{_CEAPA GALBENA,LAPTE DE CONSUM 3.5% GRASIME FRISS CUTIE 1L} => {_MORCOVI}",0.000159755214712448,0.243421052631579,0.000656291692872759,7.08139808416117,111
"{_MORCOVI,LAPTE DE CONSUM 3.5% GRASIME FRISS CUTIE 1L} => {_CEAPA GALBENA}",0.000159755214712448,0.137037037037037,0.00116578129655029,7.78219164812544,111
"{_CEAPA GALBENA,LAPTE DE CONSUM 3.5% GRASIME FRISS CUTIE 1L} => {PAINE CU CARTOFI FELII BACHUS 1.2 KG}",0.0001410451445209,0.214912280701754,0.000656291692872759,3.50640695278326,98
"{_CEAPA GALBENA,LAPTE DE CONSUM 3.5% GRASIME FRISS CUTIE 1L} => {_BANANE}",0.000116578129655029,0.177631578947368,0.000656291692872759,2.30714515867199,81
"{_MERE ROSII,LAPTE DE CONSUM 3.5% GRASIME FRISS CUTIE 1L} => {_BANANE}",0.000158315978543867,0.315186246418338,0.000502293422834633,4.09375645261547,110
"{_TELINA,LAPTE DE CONSUM 3.5% GRASIME FRISS CUTIE 1L} => {_PATRUNJEL RADACINA KG}",0.000351173625133669,0.650666666666667,0.000539713563217729,32.1156253936682,244
"{_PATRUNJEL RADACINA KG,LAPTE DE CONSUM 3.5% GRASIME FRISS CUTIE 1L} => {_TELINA}",0.000351173625133669,0.484126984126984,0.000725375028964628,28.2908092701617,244
"{_TELINA,LAPTE DE CONSUM 3.5% GRASIME FRISS CUTIE 1L} => {_MORCOVI}",0.000372762167662378,0.690666666666667,0.000539713563217729,20.0922868307933,259
"{_MORCOVI,LAPTE DE CONSUM 3.5% GRASIME FRISS CUTIE 1L} => {_TELINA}",0.000372762167662378,0.319753086419753,0.00116578129655029,18.6853323157753,259
"{_LAMAIE^2 A nu se consuma coaja,LAPTE DE CONSUM 3.5% GRASIME FRISS CUTIE 1L} => {_MORCOVI}",0.000110821184980707,0.140767824497258,0.000787262184213594,4.09509774084798,77
"{_LAMAIE^2 A nu se consuma coaja,LAPTE DE CONSUM 3.5% GRASIME FRISS CUTIE 1L} => {PAINE CU CARTOFI FELII BACHUS 1.2 KG}",0.000122335074329352,0.155393053016453,0.000787262184213594,2.53531943233741,85
"{_LAMAIE^2 A nu se consuma coaja,LAPTE DE CONSUM 3.5% GRASIME FRISS CUTIE 1L} => {_BANANE}",0.000168390631723931,0.213893967093236,0.000787262184213594,2.7781345725386,117
"{LAPTE DE CONSUM 3.5% GRASIME FRISS CUTIE 1L,PAINE DE CASA CU CARTOFI DOBOI KG} => {_BANANE}",0.000116578129655029,0.115384615384615,0.00101034379034359,1.49865839366727,81
"{_PATRUNJEL RADACINA KG,LAPTE DE CONSUM 3.5% GRASIME FRISS CUTIE 1L} => {_MORCOVI}",0.000580012175937986,0.799603174603175,0.000725375028964628,23.2613750023261,403
"{_MORCOVI,LAPTE DE CONSUM 3.5% GRASIME FRISS CUTIE 1L} => {_PATRUNJEL RADACINA KG}",0.000580012175937986,0.497530864197531,0.00116578129655029,24.5571437341535,403
"{_PATRUNJEL RADACINA KG,LAPTE DE CONSUM 3.5% GRASIME FRISS CUTIE 1L} => {_BANANE}",0.000138166672183739,0.19047619047619,0.000725375028964628,2.47397576097455,96
"{_ARDEI ROSU CAPIA,LAPTE DE CONSUM 3.5% GRASIME FRISS CUTIE 1L} => {_MORCOVI}",0.000145362853026642,0.185321100917431,0.000784383711876433,5.391203738559,101
"{_MORCOVI,LAPTE DE CONSUM 3.5% GRASIME FRISS CUTIE 1L} => {_ARDEI ROSU CAPIA}",0.000145362853026642,0.124691358024691,0.00116578129655029,5.43964190011991,101
"{_ARDEI ROSU CAPIA,LAPTE DE CONSUM 3.5% GRASIME FRISS CUTIE 1L} => {PAINE CU CARTOFI FELII BACHUS 1.2 KG}",0.000153998270038125,0.196330275229358,0.000784383711876433,3.2032317551058,107
"{_ARDEI ROSU CAPIA,LAPTE DE CONSUM 3.5% GRASIME FRISS CUTIE 1L} => {_BANANE}",0.00016407292321819,0.209174311926606,0.000784383711876433,2.71683393200599,114
"{APA MINERALA NATURALA CARBOGAZIFICATA CONTINUT REDUS CO2 TUSNAD 2L,LAPTE DE CONSUM 3.5% GRASIME FRISS CUTIE 1L} => {PAINE CU CARTOFI FELII BACHUS 1.2 KG}",0.000149680561532384,0.153166421207658,0.000977241358466235,2.49899076265807,104
"{APA MINERALA NATURALA CARBOGAZIFICATA CONTINUT REDUS CO2 TUSNAD 2L,LAPTE DE CONSUM 3.5% GRASIME FRISS CUTIE 1L} => {_BANANE}",0.000126652782835094,0.12960235640648,0.000977241358466235,1.68332371365278,88
"{_MORCOVI,LAPTE DE CONSUM 3.5% GRASIME FRISS CUTIE 1L} => {CARNE TOCATA PORC VRAC}",0.000155437506206706,0.133333333333333,0.00116578129655029,2.72259480216691,108
"{CARNE TOCATA PORC VRAC,LAPTE DE CONSUM 3.5% GRASIME FRISS CUTIE 1L} => {_MORCOVI}",0.000155437506206706,0.15629522431259,0.000994512192489202,4.54680764069268,108
"{_MORCOVI,LAPTE DE CONSUM 3.5% GRASIME FRISS CUTIE 1L} => {PAINE CU CARTOFI FELII BACHUS 1.2 KG}",0.000146802089195222,0.125925925925926,0.00116578129655029,2.05454774739047,102
"{_MORCOVI,LAPTE DE CONSUM 3.5% GRASIME FRISS CUTIE 1L} => {_BANANE}",0.000217324661455672,0.18641975308642,0.00116578129655029,2.42128924013898,151
"{_BANANE,LAPTE DE CONSUM 3.5% GRASIME FRISS CUTIE 1L} => {_MORCOVI}",0.000217324661455672,0.105299860529986,0.0020638646657446,3.06329392038273,151
"{CARNE TOCATA PORC VRAC,LAPTE DE CONSUM 3.5% GRASIME FRISS CUTIE 1L} => {PAINE CU CARTOFI FELII BACHUS 1.2 KG}",0.000148241325363803,0.149059334298119,0.000994512192489202,2.43198147845956,103
"{CARNE TOCATA PORC VRAC,LAPTE DE CONSUM 3.5% GRASIME FRISS CUTIE 1L} => {_BANANE}",0.000132409727509416,0.133140376266281,0.000994512192489202,1.7292768343715,92
"{LAPTE DE CONSUM 3.5% GRASIME FRISS CUTIE 1L,PAINE CU CARTOFI FELII BACHUS 1.2 KG} => {_BANANE}",0.000310875012413412,0.149480968858131,0.00207969626359898,1.94151454183054,216
"{_BANANE,LAPTE DE CONSUM 3.5% GRASIME FRISS CUTIE 1L} => {PAINE CU CARTOFI FELII BACHUS 1.2 KG}",0.000310875012413412,0.150627615062762,0.0020638646657446,2.45756880440996,216
"{_CASTRAVETI CORNISON,PARIZER CRISTUR} => {_ARDEI ROSU CAPIA}",0.000129531255172255,0.177165354330709,0.00073113197363895,7.7288121641604,90
"{_ARDEI ROSU CAPIA,PARIZER CRISTUR} => {_CASTRAVETI CORNISON}",0.000129531255172255,0.135135135135135,0.000958531288274687,8.09148988699144,90
"{_CASTRAVETI CORNISON,PARIZER CRISTUR} => {PAINE CU CARTOFI FELII BACHUS 1.2 KG}",0.000133848963677997,0.183070866141732,0.00073113197363895,2.98689751835193,93
"{_CASTRAVETI CORNISON,PARIZER CRISTUR} => {_BANANE}",0.000120895838160771,0.165354330708661,0.00073113197363895,2.14768368226334,84
"{_CASTRAVETI CORNISON,PIEPT DE PUI FARA OS REFR.VRAC SZEKELY CSURKE} => {_ROSII VRAC}",0.000119456601992191,0.177730192719486,0.000672123290727145,9.20462495483037,83
"{_ROSII VRAC,PIEPT DE PUI FARA OS REFR.VRAC SZEKELY CSURKE} => {_CASTRAVETI CORNISON}",0.000119456601992191,0.175847457627119,0.000679319471570048,10.5292226453181,83
"{_CASTRAVETI CORNISON,PIEPT DE PUI FARA OS REFR.VRAC SZEKELY CSURKE} => {_ARDEI ROSU CAPIA}",0.000146802089195222,0.218415417558887,0.000672123290727145,9.52834002136891,102
"{_ARDEI ROSU CAPIA,PIEPT DE PUI FARA OS REFR.VRAC SZEKELY CSURKE} => {_CASTRAVETI CORNISON}",0.000146802089195222,0.144271570014144,0.00101753997118649,8.63855242814871,102
"{_CASTRAVETI CORNISON,PIEPT DE PUI FARA OS REFR.VRAC SZEKELY CSURKE} => {_MORCOVI}",0.000102185767969223,0.15203426124197,0.000672123290727145,4.4228513296063,71
"{_CASTRAVETI CORNISON,PIEPT DE PUI FARA OS REFR.VRAC SZEKELY CSURKE} => {_BANANE}",0.000138166672183739,0.205567451820128,0.000672123290727145,2.66998668850358,96
"{_CASTRAVETI CORNISON,FRANZELA RIP-ROP 1KG} => {_ROSII VRAC}",0.000168390631723931,0.209302325581395,0.000804533018236561,10.8397418563049,117
"{_ROSII VRAC,FRANZELA RIP-ROP 1KG} => {_CASTRAVETI CORNISON}",0.000168390631723931,0.204545454545455,0.000823243088428109,12.2475733289461,117
"{_CASTRAVETI CORNISON,FRANZELA RIP-ROP 1KG} => {_ARDEI ROSU CAPIA}",0.00011801736582361,0.146690518783542,0.000804533018236562,6.39935200775722,82
"{_ARDEI ROSU CAPIA,FRANZELA RIP-ROP 1KG} => {_CASTRAVETI CORNISON}",0.00011801736582361,0.142857142857143,0.000826121560765271,8.55386073767666,82
"{_CASTRAVETI CORNISON,FRANZELA RIP-ROP 1KG} => {_BANANE}",0.00011801736582361,0.146690518783542,0.000804533018236562,1.90527113613514,82
"{_CASTRAVETI CORNISON,COTLET PORC FARA OS} => {CARNE TOCATA PORC VRAC}",0.000125213546666513,0.277070063694268,0.000451920156934312,5.6576213643755,87
"{_CASTRAVETI CORNISON,CARNE TOCATA PORC VRAC} => {COTLET PORC FARA OS}",0.000125213546666513,0.110406091370558,0.00113411810084152,5.89952992105297,87
"{_CASTRAVETI CORNISON,_CEAPA GALBENA} => {_ROSII VRAC}",0.000145362853026642,0.17003367003367,0.000854906284136883,8.80602298577105,101
"{_CEAPA GALBENA,_ROSII VRAC} => {_CASTRAVETI CORNISON}",0.000145362853026642,0.119952494061758,0.00121183685394487,7.18239850538884,101
"{_CASTRAVETI CORNISON,_CEAPA GALBENA} => {_PATRUNJEL RADACINA KG}",0.000103625004137804,0.121212121212121,0.000854906284136883,5.98279161581002,72
"{_CASTRAVETI CORNISON,_PATRUNJEL RADACINA KG} => {_CEAPA GALBENA}",0.000103625004137804,0.146341463414634,0.000708104194941661,8.31058040208518,72
"{_CASTRAVETI CORNISON,_CEAPA GALBENA} => {_ARDEI ROSU CAPIA}",0.000145362853026642,0.17003367003367,0.000854906284136883,7.41769350016352,101
"{_CASTRAVETI CORNISON,_CEAPA GALBENA} => {_MORCOVI}",0.000197175355095544,0.230639730639731,0.000854906284136883,6.70957474313277,137
"{_CASTRAVETI CORNISON,_MORCOVI} => {_CEAPA GALBENA}",0.000197175355095544,0.152053274139845,0.00129675178789113,8.63494822761977,137
"{_CASTRAVETI CORNISON,_CEAPA GALBENA} => {_BANANE}",0.00014248438068948,0.166666666666667,0.000854906284136883,2.16472879085273,99
"{_CASTRAVETI CORNISON,_MERE ROSII} => {_ROSII VRAC}",0.000139605908352319,0.178966789667897,0.000780066003370691,9.26866815962435,97
"{_MERE ROSII,_ROSII VRAC} => {_CASTRAVETI CORNISON}",0.000139605908352319,0.143491124260355,0.000972923649960493,8.59182165811014,97
"{_CASTRAVETI CORNISON,PAINE DE CASA CU CARTOFI DOBOI KG} => {_ROSII VRAC}",0.000130970491340836,0.148208469055375,0.000883691007508495,7.67569849506351,91
"{_ROSII VRAC,PAINE DE CASA CU CARTOFI DOBOI KG} => {_CASTRAVETI CORNISON}",0.000130970491340836,0.170411985018727,0.000768552114022046,10.2037627151686,91
"{_CASTRAVETI CORNISON,_PATRUNJEL RADACINA KG} => {_ROSII VRAC}",0.000112260421149288,0.158536585365854,0.000708104194941661,8.2105903762526,78
"{_PATRUNJEL RADACINA KG,_ROSII VRAC} => {_CASTRAVETI CORNISON}",0.000112260421149288,0.134948096885813,0.000831878505439593,8.08029059303021,78
"{_CASTRAVETI CORNISON,_ROSII VRAC} => {_ARDEI ROSU CAPIA}",0.000413060780382635,0.148014440433213,0.0027906789308778,6.45710789230376,287
"{_ARDEI ROSU CAPIA,_CASTRAVETI CORNISON} => {_ROSII VRAC}",0.000413060780382635,0.174256223436551,0.00237042196965227,9.02470851033248,287
"{_ARDEI ROSU CAPIA,_ROSII VRAC} => {_CASTRAVETI CORNISON}",0.000413060780382635,0.146130346232179,0.00282665983509232,8.74985041852974,287
"{_CASTRAVETI CORNISON,APA MINERALA NATURALA CARBOGAZIFICATA CONTINUT REDUS CO2 TUSNAD 2L} => {_ROSII VRAC}",0.0001410451445209,0.196787148594378,0.000716739611953144,10.1915823700287,98
"{_ROSII VRAC,APA MINERALA NATURALA CARBOGAZIFICATA CONTINUT REDUS CO2 TUSNAD 2L} => {_CASTRAVETI CORNISON}",0.0001410451445209,0.189555125725339,0.000744085099156176,11.3499970329714,98
"{_CASTRAVETI CORNISON,_MORCOVI} => {_ROSII VRAC}",0.000187100701915479,0.144284128745838,0.00129675178789113,7.4724573901522,130
"{_MORCOVI,_ROSII VRAC} => {_CASTRAVETI CORNISON}",0.000187100701915479,0.13903743315508,0.00134568581762287,8.32514788372809,130
"{_CASTRAVETI CORNISON,CARNE TOCATA PORC VRAC} => {_ROSII VRAC}",0.000178465284903996,0.157360406091371,0.00113411810084152,8.14967619540574,124
"{_ROSII VRAC,CARNE TOCATA PORC VRAC} => {_CASTRAVETI CORNISON}",0.000178465284903996,0.139482564679415,0.00127948095386816,8.35180103521186,124
"{_CASTRAVETI CORNISON,PAINE CU CARTOFI FELII BACHUS 1.2 KG} => {_ROSII VRAC}",0.000257623274175929,0.152340425531915,0.00169110249808222,7.8896920158845,179
"{_ROSII VRAC,PAINE CU CARTOFI FELII BACHUS 1.2 KG} => {_CASTRAVETI CORNISON}",0.000257623274175929,0.1432,0.00179904521072576,8.57439000344709,179
"{_CASTRAVETI CORNISON,_ROSII VRAC} => {_BANANE}",0.000411621544214055,0.147498710675606,0.0027906789308778,1.91576823367885,286
"{_BANANE,_CASTRAVETI CORNISON} => {_ROSII VRAC}",0.000411621544214055,0.161856253537068,0.00254313030988194,8.38251558503661,286
"{_BANANE,_ROSII VRAC} => {_CASTRAVETI CORNISON}",0.000411621544214055,0.152859433458044,0.00269281087141432,9.15276814368182,286
"{_CASTRAVETI CORNISON,_MERE ROSII} => {_ARDEI ROSU CAPIA}",0.000149680561532384,0.191881918819188,0.000780066003370691,8.37082009546786,104
"{_ARDEI ROSU CAPIA,_MERE ROSII} => {_CASTRAVETI CORNISON}",0.000149680561532384,0.121071012805588,0.00123630386881074,7.24937208035927,104
"{_CASTRAVETI CORNISON,_MERE ROSII} => {_BANANE}",0.000223081606129995,0.285977859778598,0.000780066003370691,3.71438703965505,155
"{_CASTRAVETI CORNISON,_TELINA} => {_PATRUNJEL RADACINA KG}",0.00035405209747083,0.587112171837709,0.000603039954635276,28.9787006784879,246
"{_CASTRAVETI CORNISON,_PATRUNJEL RADACINA KG} => {_TELINA}",0.00035405209747083,0.5,0.000708104194941661,29.2183767872161,246
"{_CASTRAVETI CORNISON,_TELINA} => {_ARDEI ROSU CAPIA}",0.000125213546666513,0.20763723150358,0.000603039954635276,9.05814326192609,87
"{_CASTRAVETI CORNISON,_TELINA} => {_MORCOVI}",0.000420256961225538,0.696897374701671,0.000603039954635276,20.2735452859065,292
"{_CASTRAVETI CORNISON,_MORCOVI} => {_TELINA}",0.000420256961225538,0.324084350721421,0.00129675178789113,18.9384373404375,292
"{_CASTRAVETI CORNISON,_TELINA} => {_BANANE}",0.000105064240306385,0.174224343675418,0.000603039954635276,2.26289071692958,73
"{_CASTRAVETI CORNISON,_LAMAIE^2 A nu se consuma coaja} => {_ARDEI ROSU CAPIA}",0.00016407292321819,0.241525423728814,0.000679319471570048,10.5365105944175,114
"{_ARDEI ROSU CAPIA,_LAMAIE^2 A nu se consuma coaja} => {_CASTRAVETI CORNISON}",0.00016407292321819,0.117043121149897,0.00140181602819752,7.00819391033468,114
"{_CASTRAVETI CORNISON,_LAMAIE^2 A nu se consuma coaja} => {_BANANE}",0.000192857646589802,0.283898305084746,0.000679319471570048,3.68737700814744,134
"{_CASTRAVETI CORNISON,LAPTE DE CONSUM 1.5% GRASIME FRISS CUTIE 1L} => {_ARDEI ROSU CAPIA}",0.000113699657317868,0.17439293598234,0.000651973984367017,7.60786582712988,79
"{_ARDEI ROSU CAPIA,LAPTE DE CONSUM 1.5% GRASIME FRISS CUTIE 1L} => {_CASTRAVETI CORNISON}",0.000113699657317868,0.111739745403112,0.00101753997118649,6.69064354729165,79
"{_CASTRAVETI CORNISON,LAPTE DE CONSUM 1.5% GRASIME FRISS CUTIE 1L} => {_BANANE}",0.000153998270038125,0.236203090507726,0.000651973984367017,3.06789378306281,107
"{_CASTRAVETI CORNISON,PAINE DE CASA CU CARTOFI DOBOI KG} => {_ARDEI ROSU CAPIA}",0.000125213546666513,0.141693811074919,0.000883691007508495,6.18137137906683,87
"{_CASTRAVETI CORNISON,PAINE DE CASA CU CARTOFI DOBOI KG} => {_BANANE}",0.000122335074329352,0.138436482084691,0.000883691007508495,1.79806463083859,85
"{_CASTRAVETI CORNISON,_PATRUNJEL RADACINA KG} => {_ARDEI ROSU CAPIA}",0.000155437506206706,0.219512195121951,0.000708104194941661,9.57618677900849,108
"{_CASTRAVETI CORNISON,_PATRUNJEL RADACINA KG} => {_MORCOVI}",0.000577133703600825,0.815040650406504,0.00070810419494166,23.7104689093491,401
"{_CASTRAVETI CORNISON,_MORCOVI} => {_PATRUNJEL RADACINA KG}",0.000577133703600825,0.445061043285239,0.00129675178789113,21.9673366958973,401
"{_CASTRAVETI CORNISON,_PATRUNJEL RADACINA KG} => {_BANANE}",0.000133848963677997,0.189024390243902,0.00070810419494166,2.45511923840614,93
"{_CASTRAVETI CORNISON,APA MINERALA NATURALA CARBOGAZIFICATA CONTINUT REDUS CO2 TUSNAD 2L} => {_ARDEI ROSU CAPIA}",0.000100746531800643,0.140562248995984,0.000716739611953144,6.13200715210941,70
"{_ARDEI ROSU CAPIA,APA MINERALA NATURALA CARBOGAZIFICATA CONTINUT REDUS CO2 TUSNAD 2L} => {_CASTRAVETI CORNISON}",0.000100746531800643,0.102189781021898,0.000985876775477718,6.11882008972491,70
"{_ARDEI ROSU CAPIA,_CASTRAVETI CORNISON} => {_MORCOVI}",0.000253305565670188,0.106860959319976,0.00237042196965227,3.10870807770852,176
"{_CASTRAVETI CORNISON,_MORCOVI} => {_ARDEI ROSU CAPIA}",0.000253305565670188,0.195338512763596,0.00129675178789113,8.52161349085279,176
"{_CASTRAVETI CORNISON,CARNE TOCATA PORC VRAC} => {_ARDEI ROSU CAPIA}",0.000168390631723931,0.148477157360406,0.00113411810084152,6.47729384925321,117
"{_ARDEI ROSU CAPIA,CARNE TOCATA PORC VRAC} => {_CASTRAVETI CORNISON}",0.000168390631723931,0.105978260869565,0.00158891673011299,6.345662992896,117
"{_ARDEI ROSU CAPIA,_CASTRAVETI CORNISON} => {PAINE CU CARTOFI FELII BACHUS 1.2 KG}",0.000257623274175929,0.108682452944748,0.00237042196965227,1.77321141168222,179
"{_CASTRAVETI CORNISON,PAINE CU CARTOFI FELII BACHUS 1.2 KG} => {_ARDEI ROSU CAPIA}",0.000257623274175929,0.152340425531915,0.00169110249808222,6.64582834715304,179
"{_ARDEI ROSU CAPIA,PAINE CU CARTOFI FELII BACHUS 1.2 KG} => {_CASTRAVETI CORNISON}",0.000257623274175929,0.109815950920245,0.0023459549547864,6.5754524566312,179
"{_ARDEI ROSU CAPIA,_CASTRAVETI CORNISON} => {_BANANE}",0.000394350710191087,0.166363084395871,0.00237042196965227,2.16078575116083,274
"{_BANANE,_CASTRAVETI CORNISON} => {_ARDEI ROSU CAPIA}",0.000394350710191087,0.155065082059989,0.00254313030988194,6.76469108189533,274
"{_ARDEI ROSU CAPIA,_BANANE} => {_CASTRAVETI CORNISON}",0.000394350710191087,0.110394842868654,0.00357218417041708,6.61011478439317,274
"{_CASTRAVETI CORNISON,APA MINERALA NATURALA CARBOGAZIFICATA CONTINUT REDUS CO2 TUSNAD 2L} => {_BANANE}",0.000126652782835094,0.176706827309237,0.000716739611953144,2.29513413969928,88
"{_CASTRAVETI CORNISON,_MORCOVI} => {CARNE TOCATA PORC VRAC}",0.000177026048735415,0.136514983351831,0.00129675178789113,2.78756238068698,123
"{_CASTRAVETI CORNISON,CARNE TOCATA PORC VRAC} => {_MORCOVI}",0.000177026048735415,0.156091370558376,0.00113411810084152,4.54087730077779,123
"{_CASTRAVETI CORNISON,_MORCOVI} => {PAINE CU CARTOFI FELII BACHUS 1.2 KG}",0.000135288199846577,0.104328523862375,0.00129675178789113,1.70217476753836,94
"{_CASTRAVETI CORNISON,_MORCOVI} => {_BANANE}",0.000227399314635737,0.175360710321865,0.00129675178789113,2.27765027050875,158
"{_CASTRAVETI CORNISON,CARNE TOCATA PORC VRAC} => {PAINE CU CARTOFI FELII BACHUS 1.2 KG}",0.000120895838160771,0.106598984771574,0.00113411810084152,1.73921853205493,84
"{_CASTRAVETI CORNISON,CARNE TOCATA PORC VRAC} => {_BANANE}",0.000184222229578318,0.16243654822335,0.00113411810084152,2.10978643575494,128
"{_CASTRAVETI CORNISON,PAINE CU CARTOFI FELII BACHUS 1.2 KG} => {_BANANE}",0.000260501746513091,0.154042553191489,0.00169110249808222,2.00076209946048,181
"{_BANANE,_CASTRAVETI CORNISON} => {PAINE CU CARTOFI FELII BACHUS 1.2 KG}",0.000260501746513091,0.10243350311262,0.00254313030988194,1.67125650679071,181
"{PARIZER CRISTUR,PIEPT DE PUI FARA OS REFR.VRAC SZEKELY CSURKE} => {CARNE TOCATA PORC VRAC}",0.000123774310497933,0.207729468599034,0.000595843773792373,4.24172378598467,86
"{PARIZER CRISTUR,PIEPT DE PUI FARA OS REFR.VRAC SZEKELY CSURKE} => {PAINE CU CARTOFI FELII BACHUS 1.2 KG}",0.000106503476474965,0.178743961352657,0.000595843773792373,2.91630178977419,74
"{FRANZELA RIP-ROP 1KG,PARIZER CRISTUR} => {_BANANE}",0.000110821184980707,0.141025641025641,0.000785822948045014,1.83169359226,77
"{COTLET PORC FARA OS,PARIZER CRISTUR} => {CARNE TOCATA PORC VRAC}",0.000143923616858061,0.273972602739726,0.000525321201531923,5.59437288116488,100
"{CARNE TOCATA PORC VRAC,PARIZER CRISTUR} => {COTLET PORC FARA OS}",0.000143923616858061,0.102249488752556,0.00140757297287184,5.46368330605475,100
"{_CEAPA GALBENA,PARIZER CRISTUR} => {PAINE CU CARTOFI FELII BACHUS 1.2 KG}",0.000115138893486449,0.234604105571848,0.000490779533485988,3.8276894379536,80
"{_ROSII VRAC,PARIZER CRISTUR} => {_BANANE}",0.000110821184980707,0.170353982300885,0.000650534748198436,2.21262102073885,77
"{_MERE ROSII,PARIZER CRISTUR} => {_BANANE}",0.000166951395555351,0.346268656716418,0.000482144116474505,4.49746638338358,116
"{_TELINA,PARIZER CRISTUR} => {_PATRUNJEL RADACINA KG}",0.0002820902890418,0.638436482084691,0.000441845503754248,31.5119675660091,196
"{_PATRUNJEL RADACINA KG,PARIZER CRISTUR} => {_TELINA}",0.0002820902890418,0.49746192893401,0.000567059050420761,29.0700601537785,196
"{_TELINA,PARIZER CRISTUR} => {_MORCOVI}",0.000302239595401928,0.684039087947883,0.000441845503754248,19.8994829515296,210
"{_MORCOVI,PARIZER CRISTUR} => {_TELINA}",0.000302239595401928,0.324574961360124,0.000931185801071655,18.9671070334324,210
"{_LAMAIE^2 A nu se consuma coaja,PARIZER CRISTUR} => {PAINE CU CARTOFI FELII BACHUS 1.2 KG}",0.000116578129655029,0.186206896551724,0.000626067733332566,3.03806350476197,81
"{_LAMAIE^2 A nu se consuma coaja,PARIZER CRISTUR} => {_BANANE}",0.000195736118926963,0.31264367816092,0.000626067733332566,4.06073262835822,136
"{LAPTE DE CONSUM 1.5% GRASIME FRISS CUTIE 1L,PARIZER CRISTUR} => {PAINE CU CARTOFI FELII BACHUS 1.2 KG}",0.000130970491340836,0.175675675675676,0.000745524335324756,2.86624109433249,91
"{LAPTE DE CONSUM 1.5% GRASIME FRISS CUTIE 1L,PARIZER CRISTUR} => {_BANANE}",0.000133848963677997,0.17953667953668,0.000745524335324756,2.3318893152429,93
"{PAINE DE CASA CU CARTOFI DOBOI KG,PARIZER CRISTUR} => {_BANANE}",0.000100746531800643,0.110236220472441,0.000913914967048688,1.43178912150889,70
"{_PATRUNJEL RADACINA KG,PARIZER CRISTUR} => {_MORCOVI}",0.000473508699463021,0.83502538071066,0.000567059050420761,24.2918476740795,329
"{_MORCOVI,PARIZER CRISTUR} => {_PATRUNJEL RADACINA KG}",0.000473508699463021,0.508500772797527,0.000931185801071655,25.0985968210392,329
"{_PATRUNJEL RADACINA KG,PARIZER CRISTUR} => {PAINE CU CARTOFI FELII BACHUS 1.2 KG}",0.000112260421149288,0.197969543147208,0.000567059050420761,3.2299772738163,78
"{_ARDEI ROSU CAPIA,PARIZER CRISTUR} => {PAINE CU CARTOFI FELII BACHUS 1.2 KG}",0.00016551215938677,0.172672672672673,0.000958531288274687,2.81724552007039,115
"{_ARDEI ROSU CAPIA,PARIZER CRISTUR} => {_BANANE}",0.00021156771678135,0.220720720720721,0.000958531288274687,2.86680299329145,147
"{APA MINERALA NATURALA CARBOGAZIFICATA CONTINUT REDUS CO2 TUSNAD 2L,PARIZER CRISTUR} => {PAINE CU CARTOFI FELII BACHUS 1.2 KG}",0.000116578129655029,0.147810218978102,0.000788701420382175,2.41160150469244,81
"{APA MINERALA NATURALA CARBOGAZIFICATA CONTINUT REDUS CO2 TUSNAD 2L,PARIZER CRISTUR} => {_BANANE}",0.000113699657317868,0.144160583941606,0.000788701420382175,1.87241139938721,79
"{_MORCOVI,PARIZER CRISTUR} => {CARNE TOCATA PORC VRAC}",0.000122335074329352,0.131375579598145,0.000931185801071655,2.68261852609181,85
"{_MORCOVI,PARIZER CRISTUR} => {PAINE CU CARTOFI FELII BACHUS 1.2 KG}",0.00016407292321819,0.176197836166924,0.000931185801071655,2.87476041752334,114
"{_MORCOVI,PARIZER CRISTUR} => {_BANANE}",0.000166951395555351,0.179289026275116,0.000931185801071655,2.32867270237017,116
"{CARNE TOCATA PORC VRAC,PARIZER CRISTUR} => {PAINE CU CARTOFI FELII BACHUS 1.2 KG}",0.000221642369961414,0.157464212678937,0.00140757297287184,2.56911149213568,154
"{CARNE TOCATA PORC VRAC,PARIZER CRISTUR} => {_BANANE}",0.000198614591264124,0.141104294478528,0.00140757297287184,1.83271517262378,138
"{PAINE CU CARTOFI FELII BACHUS 1.2 KG,PARIZER CRISTUR} => {_BANANE}",0.000310875012413412,0.13953488372093,0.00222793758896279,1.81233108071391,216
"{_BANANE,PARIZER CRISTUR} => {PAINE CU CARTOFI FELII BACHUS 1.2 KG}",0.000310875012413412,0.140168721609345,0.00221786293578272,2.28692645394152,216
"{FRANZELA RIP-ROP 1KG,PIEPT DE PUI FARA OS REFR.VRAC SZEKELY CSURKE} => {CARNE TOCATA PORC VRAC}",0.000105064240306385,0.182957393483709,0.000574255231263664,3.73589136387564,73
"{_PATRUNJEL RADACINA KG,PIEPT DE PUI FARA OS REFR.VRAC SZEKELY CSURKE} => {COTLET PORC FARA OS}",0.000129531255172255,0.112079701120797,0.00115570664337023,5.98895896138155,90
"{_PATRUNJEL RADACINA KG,COTLET PORC FARA OS} => {PIEPT DE PUI FARA OS REFR.VRAC SZEKELY CSURKE}",0.000129531255172255,0.152801358234295,0.00084771010329398,8.63087310940944,90
"{_ARDEI ROSU CAPIA,PIEPT DE PUI FARA OS REFR.VRAC SZEKELY CSURKE} => {COTLET PORC FARA OS}",0.000133848963677997,0.131541725601132,0.00101753997118649,7.02890878951773,93
"{_ARDEI ROSU CAPIA,COTLET PORC FARA OS} => {PIEPT DE PUI FARA OS REFR.VRAC SZEKELY CSURKE}",0.000133848963677997,0.171270718232044,0.000781505239539272,9.67410141833683,93
"{COTLET PORC FARA OS,PIEPT DE PUI FARA OS REFR.VRAC SZEKELY CSURKE} => {_MORCOVI}",0.000197175355095544,0.114071606994172,0.00172852263846531,3.31847410276509,137
"{_MORCOVI,PIEPT DE PUI FARA OS REFR.VRAC SZEKELY CSURKE} => {COTLET PORC FARA OS}",0.000197175355095544,0.10140636565507,0.00194440806375241,5.41863117279831,137
"{_MORCOVI,COTLET PORC FARA OS} => {PIEPT DE PUI FARA OS REFR.VRAC SZEKELY CSURKE}",0.000197175355095544,0.143455497382199,0.00137447054099448,8.10297898566115,137
"{COTLET PORC FARA OS,PIEPT DE PUI FARA OS REFR.VRAC SZEKELY CSURKE} => {CARNE TOCATA PORC VRAC}",0.000487901061148827,0.282264779350541,0.00172852263846531,5.76369465820929,339
"{CARNE TOCATA PORC VRAC,PIEPT DE PUI FARA OS REFR.VRAC SZEKELY CSURKE} => {COTLET PORC FARA OS}",0.000487901061148827,0.16104513064133,0.00302959213486219,8.60541800786699,339
"{_BANANE,COTLET PORC FARA OS} => {PIEPT DE PUI FARA OS REFR.VRAC SZEKELY CSURKE}",0.000171269104061093,0.110800744878957,0.00154573964505558,6.25849914247483,119
"{_CEAPA GALBENA,PIEPT DE PUI FARA OS REFR.VRAC SZEKELY CSURKE} => {_TELINA}",0.000123774310497933,0.144781144781145,0.000854906284136883,8.46054007979996,86
"{_TELINA,PIEPT DE PUI FARA OS REFR.VRAC SZEKELY CSURKE} => {_CEAPA GALBENA}",0.000123774310497933,0.12797619047619,0.000967166705286171,7.26763554011715,86
"{_CEAPA GALBENA,PIEPT DE PUI FARA OS REFR.VRAC SZEKELY CSURKE} => {_PATRUNJEL RADACINA KG}",0.000136727436015158,0.15993265993266,0.000854906284136883,7.89396115974932,95
"{_PATRUNJEL RADACINA KG,PIEPT DE PUI FARA OS REFR.VRAC SZEKELY CSURKE} => {_CEAPA GALBENA}",0.000136727436015158,0.118306351183064,0.00115570664337023,6.71849536449186,95
"{_CEAPA GALBENA,PIEPT DE PUI FARA OS REFR.VRAC SZEKELY CSURKE} => {_MORCOVI}",0.000233156259310059,0.272727272727273,0.000854906284136883,7.93394969625919,162
"{_MORCOVI,PIEPT DE PUI FARA OS REFR.VRAC SZEKELY CSURKE} => {_CEAPA GALBENA}",0.000233156259310059,0.119911176905996,0.00194440806375241,6.80963175803723,162
"{_CEAPA GALBENA,PIEPT DE PUI FARA OS REFR.VRAC SZEKELY CSURKE} => {CARNE TOCATA PORC VRAC}",0.000151119797700964,0.176767676767677,0.000854906284136883,3.60950068469097,105
"{_CEAPA GALBENA,PIEPT DE PUI FARA OS REFR.VRAC SZEKELY CSURKE} => {PAINE CU CARTOFI FELII BACHUS 1.2 KG}",0.00011801736582361,0.138047138047138,0.000854906284136883,2.25231170168474,82
"{_CEAPA GALBENA,PIEPT DE PUI FARA OS REFR.VRAC SZEKELY CSURKE} => {_BANANE}",0.000132409727509416,0.154882154882155,0.000854906284136883,2.01166715917627,92
"{_ROSII VRAC,PIEPT DE PUI FARA OS REFR.VRAC SZEKELY CSURKE} => {_ARDEI ROSU CAPIA}",0.0001410451445209,0.207627118644068,0.000679319471570048,9.05770208993789,98
"{_ARDEI ROSU CAPIA,PIEPT DE PUI FARA OS REFR.VRAC SZEKELY CSURKE} => {_ROSII VRAC}",0.0001410451445209,0.138613861386139,0.00101753997118649,7.17879493673875,98
"{_ROSII VRAC,PIEPT DE PUI FARA OS REFR.VRAC SZEKELY CSURKE} => {_MORCOVI}",0.000106503476474965,0.156779661016949,0.000679319471570048,4.56090046098516,74
"{_ROSII VRAC,PIEPT DE PUI FARA OS REFR.VRAC SZEKELY CSURKE} => {_BANANE}",0.000115138893486449,0.169491525423729,0.000679319471570048,2.20141910934176,80
"{_MERE ROSII,PIEPT DE PUI FARA OS REFR.VRAC SZEKELY CSURKE} => {CARNE TOCATA PORC VRAC}",0.000107942712643546,0.22189349112426,0.000486461824980247,4.53094549177185,75
"{_MERE ROSII,CARNE TOCATA PORC VRAC} => {PIEPT DE PUI FARA OS REFR.VRAC SZEKELY CSURKE}",0.000107942712643546,0.100671140939597,0.00107223094559256,5.68633586291069,75
"{_MERE ROSII,PIEPT DE PUI FARA OS REFR.VRAC SZEKELY CSURKE} => {_BANANE}",0.000166951395555351,0.343195266272189,0.000486461824980246,4.45754804270266,116
"{_TELINA,PIEPT DE PUI FARA OS REFR.VRAC SZEKELY CSURKE} => {_PATRUNJEL RADACINA KG}",0.00061311460781534,0.633928571428571,0.000967166705286171,31.2894659728635,426
"{_PATRUNJEL RADACINA KG,PIEPT DE PUI FARA OS REFR.VRAC SZEKELY CSURKE} => {_TELINA}",0.00061311460781534,0.530510585305106,0.00115570664337023,31.0013163421023,426
"{_TELINA,PIEPT DE PUI FARA OS REFR.VRAC SZEKELY CSURKE} => {_ARDEI ROSU CAPIA}",0.000113699657317868,0.117559523809524,0.000967166705286171,5.12851669596702,79
"{_ARDEI ROSU CAPIA,PIEPT DE PUI FARA OS REFR.VRAC SZEKELY CSURKE} => {_TELINA}",0.000113699657317868,0.111739745403112,0.00101753997118649,6.52970796659145,79
"{_TELINA,PIEPT DE PUI FARA OS REFR.VRAC SZEKELY CSURKE} => {_MORCOVI}",0.000698029541761596,0.72172619047619,0.00096716670528617,20.9958440622732,485
"{_MORCOVI,PIEPT DE PUI FARA OS REFR.VRAC SZEKELY CSURKE} => {_TELINA}",0.000698029541761596,0.35899333826795,0.00194440806375241,20.978405243227,485
"{_TELINA,PIEPT DE PUI FARA OS REFR.VRAC SZEKELY CSURKE} => {CARNE TOCATA PORC VRAC}",0.000189979174252641,0.196428571428571,0.000967166705286171,4.01096555676375,132
"{_TELINA,PIEPT DE PUI FARA OS REFR.VRAC SZEKELY CSURKE} => {PAINE CU CARTOFI FELII BACHUS 1.2 KG}",0.000107942712643546,0.111607142857143,0.00096716670528617,1.8209292666604,75
"{_TELINA,PIEPT DE PUI FARA OS REFR.VRAC SZEKELY CSURKE} => {_BANANE}",0.000166951395555351,0.172619047619048,0.00096716670528617,2.24204053338318,116
"{_LAMAIE^2 A nu se consuma coaja,PIEPT DE PUI FARA OS REFR.VRAC SZEKELY CSURKE} => {_PATRUNJEL RADACINA KG}",0.000110821184980707,0.159420289855072,0.000695151069424435,7.86867158166317,77
"{_LAMAIE^2 A nu se consuma coaja,PIEPT DE PUI FARA OS REFR.VRAC SZEKELY CSURKE} => {_MORCOVI}",0.000152559033869545,0.219461697722567,0.000695151069424435,6.38439292328379,106
"{_LAMAIE^2 A nu se consuma coaja,PIEPT DE PUI FARA OS REFR.VRAC SZEKELY CSURKE} => {CARNE TOCATA PORC VRAC}",0.000115138893486449,0.165631469979296,0.000695151069424435,3.38210534430672,80
"{_LAMAIE^2 A nu se consuma coaja,CARNE TOCATA PORC VRAC} => {PIEPT DE PUI FARA OS REFR.VRAC SZEKELY CSURKE}",0.000115138893486449,0.101910828025478,0.00112980039233578,5.75635868245397,80
"{_LAMAIE^2 A nu se consuma coaja,PIEPT DE PUI FARA OS REFR.VRAC SZEKELY CSURKE} => {_BANANE}",0.000174147576398254,0.250517598343685,0.000695151069424435,3.25381594649913,121
"{LAPTE DE CONSUM 1.5% GRASIME FRISS CUTIE 1L,PIEPT DE PUI FARA OS REFR.VRAC SZEKELY CSURKE} => {_MORCOVI}",0.000133848963677997,0.164021164021164,0.000816046907585206,4.77156410304124,93
"{LAPTE DE CONSUM 1.5% GRASIME FRISS CUTIE 1L,PIEPT DE PUI FARA OS REFR.VRAC SZEKELY CSURKE} => {CARNE TOCATA PORC VRAC}",0.000116578129655029,0.142857142857143,0.000816046907585206,2.91706585946454,81
"{LAPTE DE CONSUM 1.5% GRASIME FRISS CUTIE 1L,PIEPT DE PUI FARA OS REFR.VRAC SZEKELY CSURKE} => {_BANANE}",0.000148241325363803,0.181657848324515,0.000816046907585206,2.35943984611461,103
"{_ARDEI ROSU CAPIA,PIEPT DE PUI FARA OS REFR.VRAC SZEKELY CSURKE} => {_PATRUNJEL RADACINA KG}",0.000107942712643546,0.106082036775106,0.00101753997118649,5.23600044170077,75
"{_PATRUNJEL RADACINA KG,PIEPT DE PUI FARA OS REFR.VRAC SZEKELY CSURKE} => {_MORCOVI}",0.000958531288274687,0.829389788293898,0.00115570664337023,24.1279018160211,666
"{_MORCOVI,PIEPT DE PUI FARA OS REFR.VRAC SZEKELY CSURKE} => {_PATRUNJEL RADACINA KG}",0.000958531288274687,0.492968171724648,0.00194440806375241,24.3319382184072,666
"{_PATRUNJEL RADACINA KG,PIEPT DE PUI FARA OS REFR.VRAC SZEKELY CSURKE} => {CARNE TOCATA PORC VRAC}",0.000223081606129995,0.193026151930262,0.00115570664337023,3.94148998445707,155
"{_PATRUNJEL RADACINA KG,PIEPT DE PUI FARA OS REFR.VRAC SZEKELY CSURKE} => {PAINE CU CARTOFI FELII BACHUS 1.2 KG}",0.000146802089195222,0.127023661270237,0.00115570664337023,2.07245787719337,102
"{_PATRUNJEL RADACINA KG,PIEPT DE PUI FARA OS REFR.VRAC SZEKELY CSURKE} => {_BANANE}",0.000200053827432705,0.173100871731009,0.00115570664337023,2.24829864454692,139
"{_BANANE,PIEPT DE PUI FARA OS REFR.VRAC SZEKELY CSURKE} => {_PATRUNJEL RADACINA KG}",0.000200053827432705,0.102356406480118,0.00195448271693247,5.05211066673795,139
"{_ARDEI ROSU CAPIA,PIEPT DE PUI FARA OS REFR.VRAC SZEKELY CSURKE} => {_MORCOVI}",0.000194296882758382,0.190947666195191,0.00101753997118649,5.5548869867727,135
"{_ARDEI ROSU CAPIA,PIEPT DE PUI FARA OS REFR.VRAC SZEKELY CSURKE} => {CARNE TOCATA PORC VRAC}",0.000175586812566835,0.172560113154173,0.00101753997118649,3.52358450351163,122
"{_ARDEI ROSU CAPIA,CARNE TOCATA PORC VRAC} => {PIEPT DE PUI FARA OS REFR.VRAC SZEKELY CSURKE}",0.000175586812566835,0.110507246376812,0.00158891673011299,6.24192109396078,122
"{_ARDEI ROSU CAPIA,PIEPT DE PUI FARA OS REFR.VRAC SZEKELY CSURKE} => {PAINE CU CARTOFI FELII BACHUS 1.2 KG}",0.000105064240306385,0.103253182461103,0.00101753997118649,1.68463000670048,73
"{_ARDEI ROSU CAPIA,PIEPT DE PUI FARA OS REFR.VRAC SZEKELY CSURKE} => {_BANANE}",0.000210128480612769,0.206506364922207,0.00101753997118649,2.68218164184864,146
"{_BANANE,PIEPT DE PUI FARA OS REFR.VRAC SZEKELY CSURKE} => {_ARDEI ROSU CAPIA}",0.000210128480612769,0.107511045655376,0.00195448271693247,4.69015333489976,146
"{_MORCOVI,PIEPT DE PUI FARA OS REFR.VRAC SZEKELY CSURKE} => {CARNE TOCATA PORC VRAC}",0.000390033001685346,0.20059215396003,0.00194440806375241,4.0959836679528,271
"{CARNE TOCATA PORC VRAC,PIEPT DE PUI FARA OS REFR.VRAC SZEKELY CSURKE} => {_MORCOVI}",0.000390033001685346,0.12874109263658,0.00302959213486219,3.74522629367358,271
"{_MORCOVI,PIEPT DE PUI FARA OS REFR.VRAC SZEKELY CSURKE} => {PAINE CU CARTOFI FELII BACHUS 1.2 KG}",0.000241791676321543,0.124352331606218,0.00194440806375241,2.02887372799302,168
"{PAINE CU CARTOFI FELII BACHUS 1.2 KG,PIEPT DE PUI FARA OS REFR.VRAC SZEKELY CSURKE} => {_MORCOVI}",0.000241791676321543,0.155411655874191,0.00155581429823564,4.52110361969997,168
"{_MORCOVI,PIEPT DE PUI FARA OS REFR.VRAC SZEKELY CSURKE} => {_BANANE}",0.000333902791110702,0.171724648408586,0.00194440806375241,2.23042374305477,232
"{_BANANE,PIEPT DE PUI FARA OS REFR.VRAC SZEKELY CSURKE} => {_MORCOVI}",0.000333902791110702,0.170839469808542,0.00195448271693247,4.96991645185406,232
"{PAINE CU CARTOFI FELII BACHUS 1.2 KG,PIEPT DE PUI FARA OS REFR.VRAC SZEKELY CSURKE} => {CARNE TOCATA PORC VRAC}",0.000293604178390445,0.188714153561517,0.00155581429823564,3.85344130186435,204
"{CARNE TOCATA PORC VRAC,PIEPT DE PUI FARA OS REFR.VRAC SZEKELY CSURKE} => {_BANANE}",0.000322388901762057,0.106413301662708,0.00302959213486219,1.38213562703376,224
"{_BANANE,PIEPT DE PUI FARA OS REFR.VRAC SZEKELY CSURKE} => {CARNE TOCATA PORC VRAC}",0.000322388901762057,0.164948453608247,0.00195448271693247,3.36815851814463,224
"{PAINE CU CARTOFI FELII BACHUS 1.2 KG,PIEPT DE PUI FARA OS REFR.VRAC SZEKELY CSURKE} => {_BANANE}",0.00028352952521038,0.182238667900092,0.00155581429823564,2.36698374725987,197
"{_BANANE,PIEPT DE PUI FARA OS REFR.VRAC SZEKELY CSURKE} => {PAINE CU CARTOFI FELII BACHUS 1.2 KG}",0.00028352952521038,0.145066273932253,0.00195448271693247,2.36683259732519,197
"{COTLET PORC FARA OS,FRANZELA RIP-ROP 1KG} => {CARNE TOCATA PORC VRAC}",0.000138166672183739,0.212389380530973,0.000650534748198436,4.33687667601808,96
"{_CEAPA GALBENA,FRANZELA RIP-ROP 1KG} => {_MORCOVI}",0.000138166672183739,0.191616766467066,0.000721057320458886,5.57435188240167,96
"{_MORCOVI,FRANZELA RIP-ROP 1KG} => {_CEAPA GALBENA}",0.000138166672183739,0.127152317880795,0.00108662330727836,7.22084866724222,96
"{_ROSII VRAC,FRANZELA RIP-ROP 1KG} => {_ARDEI ROSU CAPIA}",0.000116578129655029,0.141608391608392,0.000823243088428109,6.17764496757716,81
"{_ARDEI ROSU CAPIA,FRANZELA RIP-ROP 1KG} => {_ROSII VRAC}",0.000116578129655029,0.141114982578397,0.000826121560765271,7.30832769754352,81
"{_ROSII VRAC,FRANZELA RIP-ROP 1KG} => {_BANANE}",0.000126652782835094,0.153846153846154,0.000823243088428109,1.99821119155636,88
"{_MERE ROSII,FRANZELA RIP-ROP 1KG} => {_BANANE}",0.000197175355095544,0.31712962962963,0.000621750024826824,4.11899783815033,137
"{_TELINA,FRANZELA RIP-ROP 1KG} => {_PATRUNJEL RADACINA KG}",0.000325267374099218,0.633053221288515,0.000513807312183278,31.2462604136632,226
"{_PATRUNJEL RADACINA KG,FRANZELA RIP-ROP 1KG} => {_TELINA}",0.000325267374099218,0.504464285714286,0.000644777803524114,29.4792551513877,226
"{_TELINA,FRANZELA RIP-ROP 1KG} => {_MORCOVI}",0.000356930569807992,0.694677871148459,0.000513807312183278,20.2089773775864,248
"{_MORCOVI,FRANZELA RIP-ROP 1KG} => {_TELINA}",0.000356930569807992,0.328476821192053,0.00108662330727836,19.1951190549129,248
"{FRANZELA RIP-ROP 1KG,LAPTE DE CONSUM 1.5% GRASIME FRISS CUTIE 1L} => {_BANANE}",0.000130970491340836,0.128169014084507,0.00102185767969223,1.66470692930365,91
"{_PATRUNJEL RADACINA KG,FRANZELA RIP-ROP 1KG} => {_MORCOVI}",0.000519564256857601,0.805803571428571,0.000644777803524114,23.4417516695277,361
"{_MORCOVI,FRANZELA RIP-ROP 1KG} => {_PATRUNJEL RADACINA KG}",0.000519564256857601,0.478145695364238,0.00108662330727836,23.6003299732267,361
"{_PATRUNJEL RADACINA KG,FRANZELA RIP-ROP 1KG} => {_BANANE}",0.000102185767969223,0.158482142857143,0.000644777803524114,2.05842514487335,71
"{_ARDEI ROSU CAPIA,FRANZELA RIP-ROP 1KG} => {_BANANE}",0.000126652782835094,0.153310104529617,0.000826121560765271,1.99124878322341,88
"{_MORCOVI,FRANZELA RIP-ROP 1KG} => {CARNE TOCATA PORC VRAC}",0.000145362853026642,0.133774834437086,0.00108662330727836,2.73161001674362,101
"{_MORCOVI,FRANZELA RIP-ROP 1KG} => {_BANANE}",0.000136727436015158,0.125827814569536,0.00108662330727836,1.63429855733252,95
"{_CEAPA GALBENA,COTLET PORC FARA OS} => {_TELINA}",0.000115138893486449,0.155642023346304,0.000739767390650434,9.09521456411398,80
"{_TELINA,COTLET PORC FARA OS} => {_CEAPA GALBENA}",0.000115138893486449,0.153256704980843,0.000751281279999079,8.70328982082995,80
"{_CEAPA GALBENA,COTLET PORC FARA OS} => {_PATRUNJEL RADACINA KG}",0.000130970491340836,0.17704280155642,0.000739767390650434,8.73848405752796,91
"{_PATRUNJEL RADACINA KG,COTLET PORC FARA OS} => {_CEAPA GALBENA}",0.000130970491340836,0.154499151103565,0.00084771010329398,8.7738470515506,91
"{_CEAPA GALBENA,COTLET PORC FARA OS} => {_MORCOVI}",0.000204371535938447,0.276264591439689,0.000739767390650434,8.03685436158032,142
"{_MORCOVI,COTLET PORC FARA OS} => {_CEAPA GALBENA}",0.000204371535938447,0.14869109947644,0.00137447054099448,8.44401380470156,142
"{_CEAPA GALBENA,COTLET PORC FARA OS} => {CARNE TOCATA PORC VRAC}",0.000153998270038125,0.208171206225681,0.000739767390650434,4.25074383023141,107
"{_CEAPA GALBENA,COTLET PORC FARA OS} => {PAINE CU CARTOFI FELII BACHUS 1.2 KG}",0.000105064240306385,0.142023346303502,0.000739767390650434,2.31718563178451,73
"{_CEAPA GALBENA,COTLET PORC FARA OS} => {_BANANE}",0.000116578129655029,0.157587548638132,0.000739767390650434,2.04680582170122,81
"{_ROSII VRAC,COTLET PORC FARA OS} => {_ARDEI ROSU CAPIA}",0.000112260421149288,0.18705035971223,0.000600161482298115,8.16004404989853,78
"{_ARDEI ROSU CAPIA,COTLET PORC FARA OS} => {_ROSII VRAC}",0.000112260421149288,0.143646408839779,0.000781505239539272,7.43942995417363,78
"{_ROSII VRAC,COTLET PORC FARA OS} => {CARNE TOCATA PORC VRAC}",0.000158315978543867,0.26378896882494,0.000600161482298115,5.38642856543813,110
"{_ROSII VRAC,CARNE TOCATA PORC VRAC} => {COTLET PORC FARA OS}",0.000158315978543867,0.123734533183352,0.00127948095386816,6.61173284662958,110
"{_ROSII VRAC,COTLET PORC FARA OS} => {_BANANE}",0.000105064240306385,0.175059952038369,0.000600161482298115,2.27374390981653,73
"{_MERE ROSII,COTLET PORC FARA OS} => {_BANANE}",0.000107942712643546,0.267857142857143,0.000402986127202571,3.47902841387046,75
"{_TELINA,COTLET PORC FARA OS} => {_PATRUNJEL RADACINA KG}",0.000456237865440054,0.60727969348659,0.000751281279999079,29.9741298338068,317
"{_PATRUNJEL RADACINA KG,COTLET PORC FARA OS} => {_TELINA}",0.000456237865440054,0.538200339558574,0.00084771010329398,31.4506806164602,317
"{_TELINA,COTLET PORC FARA OS} => {_MORCOVI}",0.000505171895171794,0.672413793103448,0.000751281279999079,19.5612897683632,351
"{_MORCOVI,COTLET PORC FARA OS} => {_TELINA}",0.000505171895171794,0.367539267015707,0.00137447054099448,21.4778015755243,351
"{_TELINA,COTLET PORC FARA OS} => {CARNE TOCATA PORC VRAC}",0.000221642369961414,0.295019157088123,0.000751281279999079,6.02413217720839,154
"{_TELINA,CARNE TOCATA PORC VRAC} => {COTLET PORC FARA OS}",0.000221642369961414,0.106722106722107,0.00207681779126182,5.70267685441107,154
"{_TELINA,COTLET PORC FARA OS} => {_BANANE}",0.000115138893486449,0.153256704980843,0.000751281279999079,1.99055520997952,80
"{_LAMAIE^2 A nu se consuma coaja,COTLET PORC FARA OS} => {CARNE TOCATA PORC VRAC}",0.000130970491340836,0.273273273273273,0.000479265644137343,5.58009295038713,91
"{_LAMAIE^2 A nu se consuma coaja,CARNE TOCATA PORC VRAC} => {COTLET PORC FARA OS}",0.000130970491340836,0.115923566878981,0.00112980039233578,6.19435524678039,91
"{_LAMAIE^2 A nu se consuma coaja,COTLET PORC FARA OS} => {_BANANE}",0.000116578129655029,0.243243243243243,0.000479265644137343,3.15933391097425,81
"{COTLET PORC FARA OS,LAPTE DE CONSUM 1.5% GRASIME FRISS CUTIE 1L} => {CARNE TOCATA PORC VRAC}",0.000135288199846577,0.212669683257919,0.00063614238651263,4.34260030662369,94
"{CARNE TOCATA PORC VRAC,LAPTE DE CONSUM 1.5% GRASIME FRISS CUTIE 1L} => {COTLET PORC FARA OS}",0.000135288199846577,0.101075268817204,0.00133848963677997,5.40093907195941,94
"{_PATRUNJEL RADACINA KG,COTLET PORC FARA OS} => {_MORCOVI}",0.000672123290727145,0.792869269949066,0.00084771010329398,23.0654779794474,467
"{_MORCOVI,COTLET PORC FARA OS} => {_PATRUNJEL RADACINA KG}",0.000672123290727145,0.489005235602094,0.00137447054099448,24.1363354950911,467
"{_PATRUNJEL RADACINA KG,COTLET PORC FARA OS} => {CARNE TOCATA PORC VRAC}",0.000240352440152962,0.283531409168082,0.00084771010329398,5.78955855639058,167
"{_PATRUNJEL RADACINA KG,CARNE TOCATA PORC VRAC} => {COTLET PORC FARA OS}",0.000240352440152962,0.101089588377724,0.00237761815049517,5.40170423513739,167
"{_PATRUNJEL RADACINA KG,COTLET PORC FARA OS} => {PAINE CU CARTOFI FELII BACHUS 1.2 KG}",0.000100746531800643,0.118845500848896,0.00084771010329398,1.93902688633176,70
"{_PATRUNJEL RADACINA KG,COTLET PORC FARA OS} => {_BANANE}",0.0001410451445209,0.166383701188455,0.00084771010329398,2.16105352974771,98
"{_ARDEI ROSU CAPIA,COTLET PORC FARA OS} => {_MORCOVI}",0.000132409727509416,0.169429097605893,0.000781505239539272,4.92888710412173,92
"{_ARDEI ROSU CAPIA,COTLET PORC FARA OS} => {CARNE TOCATA PORC VRAC}",0.000189979174252641,0.243093922651934,0.000781505239539272,4.96384687687889,132
"{_ARDEI ROSU CAPIA,CARNE TOCATA PORC VRAC} => {COTLET PORC FARA OS}",0.000189979174252641,0.119565217391304,0.00158891673011299,6.38894619636271,132
"{_ARDEI ROSU CAPIA,COTLET PORC FARA OS} => {_BANANE}",0.000115138893486449,0.147329650092081,0.000781505239539272,1.91357241180352,80
"{_MORCOVI,COTLET PORC FARA OS} => {CARNE TOCATA PORC VRAC}",0.000414500016551216,0.301570680628272,0.00137447054099448,6.15791075673353,288
"{_MORCOVI,COTLET PORC FARA OS} => {PAINE CU CARTOFI FELII BACHUS 1.2 KG}",0.000151119797700964,0.109947643979058,0.00137447054099448,1.79385366918755,105
"{COTLET PORC FARA OS,PAINE CU CARTOFI FELII BACHUS 1.2 KG} => {_MORCOVI}",0.000151119797700964,0.105953582240161,0.00142628304306339,3.08231143598364,105
"{_MORCOVI,COTLET PORC FARA OS} => {_BANANE}",0.000218763897624253,0.159162303664921,0.00137447054099448,2.0672593269714,152
"{_BANANE,COTLET PORC FARA OS} => {_MORCOVI}",0.000218763897624253,0.141527001862197,0.00154573964505558,4.11718308260254,152
"{COTLET PORC FARA OS,PAINE CU CARTOFI FELII BACHUS 1.2 KG} => {CARNE TOCATA PORC VRAC}",0.000315192720919154,0.220988900100908,0.00142628304306339,4.51247423063486,219
"{_BANANE,COTLET PORC FARA OS} => {CARNE TOCATA PORC VRAC}",0.000417378488888377,0.270018621973929,0.00154573964505558,5.51363472505868,290
"{_BANANE,CARNE TOCATA PORC VRAC} => {COTLET PORC FARA OS}",0.000417378488888377,0.113547376664056,0.00367580917455488,6.06738394386549,290
"{COTLET PORC FARA OS,PAINE CU CARTOFI FELII BACHUS 1.2 KG} => {_BANANE}",0.000195736118926963,0.1372351160444,0.00142628304306339,1.78246084090396,136
"{_BANANE,COTLET PORC FARA OS} => {PAINE CU CARTOFI FELII BACHUS 1.2 KG}",0.000195736118926963,0.126629422718808,0.00154573964505558,2.06602566776695,136
"{_ROSII VRAC,_TELINA} => {_CEAPA GALBENA}",0.000100746531800643,0.154525386313466,0.000651973984367017,8.77533692199576,70
"{_PATRUNJEL RADACINA KG,_ROSII VRAC} => {_CEAPA GALBENA}",0.000115138893486449,0.13840830449827,0.000831878505439593,7.86006450946926,80
"{_CEAPA GALBENA,_ROSII VRAC} => {_ARDEI ROSU CAPIA}",0.000240352440152962,0.19833729216152,0.00121183685394487,8.6524347949157,167
"{_ARDEI ROSU CAPIA,_CEAPA GALBENA} => {_ROSII VRAC}",0.000240352440152962,0.139632107023411,0.00172132645762241,7.23152975382063,167
"{_CEAPA GALBENA,_ROSII VRAC} => {_MORCOVI}",0.000215885425287092,0.178147268408551,0.00121183685394487,5.18250870895791,150
"{_MORCOVI,_ROSII VRAC} => {_CEAPA GALBENA}",0.000215885425287092,0.160427807486631,0.00134568581762287,9.11052931779392,150
"{_CEAPA GALBENA,_ROSII VRAC} => {_BANANE}",0.000158315978543867,0.130641330166271,0.00121183685394487,1.69681829211734,110
"{_CEAPA GALBENA,_MERE ROSII} => {_TELINA}",0.000115138893486449,0.13136288998358,0.000876494826665592,7.6764208307957,80
"{_MERE ROSII,_TELINA} => {_CEAPA GALBENA}",0.000115138893486449,0.148975791433892,0.000772869822527788,8.46018116661682,80
"{_CEAPA GALBENA,_MERE ROSII} => {_PATRUNJEL RADACINA KG}",0.000138166672183739,0.157635467980296,0.000876494826665592,7.7805762885411,96
"{_MERE ROSII,_PATRUNJEL RADACINA KG} => {_CEAPA GALBENA}",0.000138166672183739,0.161344537815126,0.000856345520305463,9.16258948532417,96
"{_CEAPA GALBENA,_MERE ROSII} => {_ARDEI ROSU CAPIA}",0.000120895838160771,0.137931034482759,0.000876494826665592,6.01722081133101,84
"{_CEAPA GALBENA,_MERE ROSII} => {_MORCOVI}",0.000224520842298575,0.25615763546798,0.000876494826665592,7.4519199117574,156
"{_MERE ROSII,_MORCOVI} => {_CEAPA GALBENA}",0.000224520842298575,0.138175376439327,0.00162489763432751,7.84683676583065,156
"{_CEAPA GALBENA,_MERE ROSII} => {CARNE TOCATA PORC VRAC}",0.000100746531800643,0.114942528735632,0.000876494826665592,2.34706448462664,70
"{_CEAPA GALBENA,_MERE ROSII} => {_BANANE}",0.000207250008275608,0.236453201970443,0.000876494826665592,3.0711423239684,144
"{_CEAPA GALBENA,_LAMAIE^2 A nu se consuma coaja} => {_TELINA}",0.000149680561532384,0.173333333333333,0.000863541701148367,10.1290372862349,104
"{_LAMAIE^2 A nu se consuma coaja,_TELINA} => {_CEAPA GALBENA}",0.000149680561532384,0.133848133848134,0.00111828650298713,7.6010971330955,104
"{_CEAPA GALBENA,LAPTE DE CONSUM 1.5% GRASIME FRISS CUTIE 1L} => {_TELINA}",0.000100746531800643,0.108695652173913,0.000926868092565913,6.35182104069916,70
"{_TELINA,LAPTE DE CONSUM 1.5% GRASIME FRISS CUTIE 1L} => {_CEAPA GALBENA}",0.000100746531800643,0.127041742286751,0.000793019128887917,7.21456919358272,70
"{_CEAPA GALBENA,_TELINA} => {_PATRUNJEL RADACINA KG}",0.00129675178789113,0.683093252463988,0.00189835250635783,33.716137815178,901
"{_CEAPA GALBENA,_PATRUNJEL RADACINA KG} => {_TELINA}",0.00129675178789113,0.590045841519319,0.00219771362942259,34.480363438483,901
"{_PATRUNJEL RADACINA KG,_TELINA} => {_CEAPA GALBENA}",0.00129675178789113,0.131169020235842,0.00988611324198022,7.44895304104015,901
"{_CEAPA GALBENA,_TELINA} => {_ARDEI ROSU CAPIA}",0.000205810772107027,0.10841546626232,0.00189835250635783,4.72960854901245,143
"{_ARDEI ROSU CAPIA,_CEAPA GALBENA} => {_TELINA}",0.000205810772107027,0.119565217391304,0.00172132645762241,6.98700314476908,143
"{_ARDEI ROSU CAPIA,_TELINA} => {_CEAPA GALBENA}",0.000205810772107027,0.143863179074447,0.00143060075156913,8.16984119675141,143
"{_CEAPA GALBENA,_TELINA} => {_MORCOVI}",0.00150256255999816,0.791508718726308,0.00189835250635783,23.0258979812587,1044
"{_CEAPA GALBENA,_MORCOVI} => {_TELINA}",0.00150256255999816,0.395454545454545,0.00379958348505281,23.1090798226164,1044
"{_MORCOVI,_TELINA} => {_CEAPA GALBENA}",0.00150256255999816,0.136221294363257,0.0110303059960018,7.73586646509338,1044
"{_CEAPA GALBENA,_TELINA} => {CARNE TOCATA PORC VRAC}",0.000257623274175929,0.135708870356331,0.00189835250635783,2.77110198780066,179
"{_CEAPA GALBENA,CARNE TOCATA PORC VRAC} => {_TELINA}",0.000257623274175929,0.132986627043091,0.0019372118829095,7.77130675321202,179
"{_TELINA,CARNE TOCATA PORC VRAC} => {_CEAPA GALBENA}",0.000257623274175929,0.124047124047124,0.00207681779126182,7.04450791994723,179
"{_CEAPA GALBENA,PAINE CU CARTOFI FELII BACHUS 1.2 KG} => {_TELINA}",0.000171269104061093,0.105777777777778,0.00161914068965319,6.18130993365106,119
"{_TELINA,PAINE CU CARTOFI FELII BACHUS 1.2 KG} => {_CEAPA GALBENA}",0.000171269104061093,0.125659978880676,0.00136295665164584,7.13610027838325,119
"{_CEAPA GALBENA,_TELINA} => {_BANANE}",0.000247548620995865,0.130401819560273,0.00189835250635783,1.69370743909023,172
"{_BANANE,_CEAPA GALBENA} => {_TELINA}",0.000247548620995865,0.110539845758355,0.00223945147831143,6.45958972673673,172
"{_BANANE,_TELINA} => {_CEAPA GALBENA}",0.000247548620995865,0.109763880025526,0.00225528307616582,6.23337725967929,172
"{_CEAPA GALBENA,_LAMAIE^2 A nu se consuma coaja} => {_PATRUNJEL RADACINA KG}",0.000182782993409738,0.211666666666667,0.000863541701148367,10.4474498591082,127
"{_LAMAIE^2 A nu se consuma coaja,_PATRUNJEL RADACINA KG} => {_CEAPA GALBENA}",0.000182782993409738,0.150652431791222,0.00121327609011346,8.55539583899912,127
"{_CEAPA GALBENA,_LAMAIE^2 A nu se consuma coaja} => {_ARDEI ROSU CAPIA}",0.00011801736582361,0.136666666666667,0.000863541701148367,5.96206295389381,82
"{_CEAPA GALBENA,_LAMAIE^2 A nu se consuma coaja} => {_MORCOVI}",0.000261940982681671,0.303333333333333,0.000863541701148366,8.82431516217272,182
"{_LAMAIE^2 A nu se consuma coaja,_MORCOVI} => {_CEAPA GALBENA}",0.000261940982681671,0.142633228840125,0.00183646535110886,8.09999359461333,182
"{_CEAPA GALBENA,_LAMAIE^2 A nu se consuma coaja} => {CARNE TOCATA PORC VRAC}",0.000115138893486449,0.133333333333333,0.000863541701148367,2.72259480216691,80
"{_LAMAIE^2 A nu se consuma coaja,CARNE TOCATA PORC VRAC} => {_CEAPA GALBENA}",0.000115138893486449,0.101910828025478,0.00112980039233578,5.78741055601686,80
"{_CEAPA GALBENA,_LAMAIE^2 A nu se consuma coaja} => {_BANANE}",0.00021156771678135,0.245,0.000863541701148367,3.18215132255351,147
"{_CEAPA GALBENA,LAPTE DE CONSUM 1.5% GRASIME FRISS CUTIE 1L} => {_PATRUNJEL RADACINA KG}",0.000135288199846577,0.145962732919255,0.000926868092565913,7.20443307152277,94
"{_PATRUNJEL RADACINA KG,LAPTE DE CONSUM 1.5% GRASIME FRISS CUTIE 1L} => {_CEAPA GALBENA}",0.000135288199846577,0.145061728395062,0.000932625037240236,8.23790557346612,94
"{_CEAPA GALBENA,LAPTE DE CONSUM 1.5% GRASIME FRISS CUTIE 1L} => {_MORCOVI}",0.000220203133792833,0.237577639751553,0.000926868092565913,6.9114064900643,153
"{_MORCOVI,LAPTE DE CONSUM 1.5% GRASIME FRISS CUTIE 1L} => {_CEAPA GALBENA}",0.000220203133792833,0.137219730941704,0.00160474832796738,7.79256664608077,153
"{_CEAPA GALBENA,LAPTE DE CONSUM 1.5% GRASIME FRISS CUTIE 1L} => {CARNE TOCATA PORC VRAC}",0.000119456601992191,0.12888198757764,0.000926868092565913,2.63170072103866,83
"{_CEAPA GALBENA,LAPTE DE CONSUM 1.5% GRASIME FRISS CUTIE 1L} => {PAINE CU CARTOFI FELII BACHUS 1.2 KG}",0.000116578129655029,0.125776397515528,0.000926868092565913,2.05210811268859,81
"{_CEAPA GALBENA,LAPTE DE CONSUM 1.5% GRASIME FRISS CUTIE 1L} => {_BANANE}",0.000189979174252641,0.204968944099379,0.000926868092565913,2.66221304713565,132
"{_CEAPA GALBENA,PAINE DE CASA CU CARTOFI DOBOI KG} => {_PATRUNJEL RADACINA KG}",0.00011801736582361,0.153271028037383,0.000769991350190627,7.56515612728126,82
"{_PATRUNJEL RADACINA KG,PAINE DE CASA CU CARTOFI DOBOI KG} => {_CEAPA GALBENA}",0.00011801736582361,0.117647058823529,0.00100314760950069,6.68105483304887,82
"{_CEAPA GALBENA,PAINE DE CASA CU CARTOFI DOBOI KG} => {_MORCOVI}",0.000184222229578318,0.239252336448598,0.000769991350190627,6.96012534101741,128
"{_MORCOVI,PAINE DE CASA CU CARTOFI DOBOI KG} => {_CEAPA GALBENA}",0.000184222229578318,0.113274336283186,0.00162633687049609,6.43273244102405,128
"{_CEAPA GALBENA,_PATRUNJEL RADACINA KG} => {_ARDEI ROSU CAPIA}",0.000261940982681671,0.119187950229208,0.00219771362942259,5.19955655569828,182
"{_ARDEI ROSU CAPIA,_CEAPA GALBENA} => {_PATRUNJEL RADACINA KG}",0.000261940982681671,0.152173913043478,0.00172132645762241,7.51100469158757,182
"{_ARDEI ROSU CAPIA,_PATRUNJEL RADACINA KG} => {_CEAPA GALBENA}",0.000261940982681671,0.160777385159011,0.00162921534283325,9.13038147237332,182
"{_CEAPA GALBENA,APA MINERALA NATURALA CARBOGAZIFICATA CONTINUT REDUS CO2 TUSNAD 2L} => {_PATRUNJEL RADACINA KG}",0.000119456601992191,0.134087237479806,0.000890887188351398,6.61828200149581,83
"{_PATRUNJEL RADACINA KG,APA MINERALA NATURALA CARBOGAZIFICATA CONTINUT REDUS CO2 TUSNAD 2L} => {_CEAPA GALBENA}",0.000119456601992191,0.143598615916955,0.000831878505439593,8.15481692857436,83
"{_CEAPA GALBENA,_PATRUNJEL RADACINA KG} => {_MORCOVI}",0.00190554868720073,0.867059593975115,0.00219771362942259,25.2237597416108,1324
"{_CEAPA GALBENA,_MORCOVI} => {_PATRUNJEL RADACINA KG}",0.00190554868720073,0.501515151515151,0.00379958348505281,24.7538003104139,1324
"{_MORCOVI,_PATRUNJEL RADACINA KG} => {_CEAPA GALBENA}",0.00190554868720073,0.123576628710099,0.0154199763101727,7.01778897621169,1324
"{_CEAPA GALBENA,_PATRUNJEL RADACINA KG} => {CARNE TOCATA PORC VRAC}",0.00028352952521038,0.129011132940406,0.00219771362942259,2.6343377997391,197
"{_CEAPA GALBENA,CARNE TOCATA PORC VRAC} => {_PATRUNJEL RADACINA KG}",0.00028352952521038,0.146359583952452,0.0019372118829095,7.2240208570544,197
"{_PATRUNJEL RADACINA KG,CARNE TOCATA PORC VRAC} => {_CEAPA GALBENA}",0.00028352952521038,0.119249394673123,0.00237761815049517,6.7720498292617,197
"{_CEAPA GALBENA,PAINE CU CARTOFI FELII BACHUS 1.2 KG} => {_PATRUNJEL RADACINA KG}",0.000215885425287092,0.133333333333333,0.00161914068965319,6.58107077739102,150
"{_PATRUNJEL RADACINA KG,PAINE CU CARTOFI FELII BACHUS 1.2 KG} => {_CEAPA GALBENA}",0.000215885425287092,0.124792013311148,0.00172996187463389,7.08680941109593,150
"{_CEAPA GALBENA,_PATRUNJEL RADACINA KG} => {_BANANE}",0.00030655730390767,0.139489194499018,0.00219771362942259,1.81173765206928,213
"{_BANANE,_CEAPA GALBENA} => {_PATRUNJEL RADACINA KG}",0.00030655730390767,0.136889460154242,0.00223945147831143,6.75659419465434,213
"{_BANANE,_PATRUNJEL RADACINA KG} => {_CEAPA GALBENA}",0.00030655730390767,0.122695852534562,0.00249851398865594,6.96777060785425,213
"{_ARDEI ROSU CAPIA,_CEAPA GALBENA} => {_MORCOVI}",0.000428892378237022,0.249163879598662,0.00172132645762241,7.24846351848875,298
"{_CEAPA GALBENA,_MORCOVI} => {_ARDEI ROSU CAPIA}",0.000428892378237022,0.112878787878788,0.00379958348505281,4.92432028896994,298
"{_ARDEI ROSU CAPIA,_MORCOVI} => {_CEAPA GALBENA}",0.000428892378237022,0.162575013638843,0.00263811989700826,9.23246693514064,298
"{_ARDEI ROSU CAPIA,_CEAPA GALBENA} => {CARNE TOCATA PORC VRAC}",0.000177026048735415,0.102842809364548,0.00172132645762241,2.09999473662121,123
"{_ARDEI ROSU CAPIA,CARNE TOCATA PORC VRAC} => {_CEAPA GALBENA}",0.000177026048735415,0.111413043478261,0.00158891673011299,6.32703154705851,123
"{_ARDEI ROSU CAPIA,_CEAPA GALBENA} => {PAINE CU CARTOFI FELII BACHUS 1.2 KG}",0.000197175355095544,0.114548494983278,0.00172132645762241,1.8689189744239,137
"{_CEAPA GALBENA,PAINE CU CARTOFI FELII BACHUS 1.2 KG} => {_ARDEI ROSU CAPIA}",0.000197175355095544,0.121777777777778,0.00161914068965319,5.31253739631513,137
"{_ARDEI ROSU CAPIA,_CEAPA GALBENA} => {_BANANE}",0.000215885425287092,0.125418060200669,0.00172132645762241,1.62897651485573,150
"{_CEAPA GALBENA,APA MINERALA NATURALA CARBOGAZIFICATA CONTINUT REDUS CO2 TUSNAD 2L} => {_MORCOVI}",0.000201493063601286,0.226171243941842,0.000890887188351398,6.57958133130811,140
"{_MORCOVI,APA MINERALA NATURALA CARBOGAZIFICATA CONTINUT REDUS CO2 TUSNAD 2L} => {_CEAPA GALBENA}",0.000201493063601286,0.138888888888889,0.00145075005792926,7.88735640012714,140
"{_CEAPA GALBENA,APA MINERALA NATURALA CARBOGAZIFICATA CONTINUT REDUS CO2 TUSNAD 2L} => {_BANANE}",0.000133848963677997,0.150242326332795,0.000890887188351398,1.95140333650375,93
"{_CEAPA GALBENA,_MORCOVI} => {CARNE TOCATA PORC VRAC}",0.000538274327049148,0.141666666666667,0.00379958348505281,2.89275697730234,374
"{_CEAPA GALBENA,CARNE TOCATA PORC VRAC} => {_MORCOVI}",0.000538274327049148,0.277860326894502,0.0019372118829095,8.08327613927943,374
"{_MORCOVI,CARNE TOCATA PORC VRAC} => {_CEAPA GALBENA}",0.000538274327049148,0.129099068001381,0.00416946718037803,7.3314025938082,374
"{_CEAPA GALBENA,PAINE CU CARTOFI FELII BACHUS 1.2 KG} => {_MORCOVI}",0.000333902791110702,0.206222222222222,0.00161914068965319,5.99924137032695,232
"{_MORCOVI,PAINE CU CARTOFI FELII BACHUS 1.2 KG} => {_CEAPA GALBENA}",0.000333902791110702,0.118548799182422,0.00281658518191226,6.73226373570382,232
"{_CEAPA GALBENA,_MORCOVI} => {_BANANE}",0.00051812502068902,0.136363636363636,0.00379958348505281,1.77114173797041,360
"{_BANANE,_CEAPA GALBENA} => {_MORCOVI}",0.00051812502068902,0.231362467866324,0.00223945147831143,6.73059999939726,360
"{_BANANE,_MORCOVI} => {_CEAPA GALBENA}",0.00051812502068902,0.120080053368913,0.00431483003340467,6.81922207776169,360
"{_CEAPA GALBENA,CARNE TOCATA PORC VRAC} => {PAINE CU CARTOFI FELII BACHUS 1.2 KG}",0.00021300695294993,0.109955423476969,0.0019372118829095,1.79398059578977,148
"{_CEAPA GALBENA,PAINE CU CARTOFI FELII BACHUS 1.2 KG} => {CARNE TOCATA PORC VRAC}",0.00021300695294993,0.131555555555556,0.00161914068965319,2.68629353813802,148
"{_CEAPA GALBENA,CARNE TOCATA PORC VRAC} => {_BANANE}",0.000244670148658704,0.12630014858841,0.0019372118829095,1.64043340762985,170
"{_BANANE,_CEAPA GALBENA} => {CARNE TOCATA PORC VRAC}",0.000244670148658704,0.109254498714653,0.00223945147831143,2.23091797735399,170
"{_CEAPA GALBENA,PAINE CU CARTOFI FELII BACHUS 1.2 KG} => {_BANANE}",0.000299361123064767,0.184888888888889,0.00161914068965319,2.40140580531929,208
"{_BANANE,_CEAPA GALBENA} => {PAINE CU CARTOFI FELII BACHUS 1.2 KG}",0.000299361123064767,0.133676092544987,0.00223945147831143,2.18099579414503,208
"{_MERE ROSII,_ROSII VRAC} => {_ARDEI ROSU CAPIA}",0.000202932299769866,0.208579881656805,0.000972923649960493,9.09926623429456,141
"{_ARDEI ROSU CAPIA,_MERE ROSII} => {_ROSII VRAC}",0.000202932299769866,0.164144353899884,0.00123630386881074,8.50101602312461,141
"{_MERE ROSII,_ROSII VRAC} => {_BANANE}",0.000207250008275608,0.21301775147929,0.000972923649960493,2.76675395753958,144
"{_ROSII VRAC,_TELINA} => {_PATRUNJEL RADACINA KG}",0.000427453142068441,0.655629139072848,0.000651973984367017,32.3605632596876,297
"{_PATRUNJEL RADACINA KG,_ROSII VRAC} => {_TELINA}",0.000427453142068441,0.513840830449827,0.000831878505439593,30.0271899854782,297
"{_ROSII VRAC,_TELINA} => {_ARDEI ROSU CAPIA}",0.000129531255172255,0.198675496688742,0.000651973984367017,8.66718891698341,90
"{_ROSII VRAC,_TELINA} => {_MORCOVI}",0.000461994810114376,0.708609271523179,0.000651973984367017,20.6142578200818,321
"{_MORCOVI,_ROSII VRAC} => {_TELINA}",0.000461994810114376,0.34331550802139,0.00134568581762287,20.062243740527,321
"{_ROSII VRAC,_TELINA} => {_BANANE}",0.000103625004137804,0.158940397350993,0.000651973984367017,2.06437712505161,72
"{_LAMAIE^2 A nu se consuma coaja,_ROSII VRAC} => {_ARDEI ROSU CAPIA}",0.000159755214712448,0.217647058823529,0.000734010445976112,9.49482048611496,111
"{_ARDEI ROSU CAPIA,_LAMAIE^2 A nu se consuma coaja} => {_ROSII VRAC}",0.000159755214712448,0.113963039014374,0.00140181602819752,5.90213185947332,111
"{_LAMAIE^2 A nu se consuma coaja,_ROSII VRAC} => {_BANANE}",0.000198614591264124,0.270588235294118,0.000734010445976112,3.51450086044325,138
"{_ROSII VRAC,LAPTE DE CONSUM 1.5% GRASIME FRISS CUTIE 1L} => {_ARDEI ROSU CAPIA}",0.00014248438068948,0.212903225806452,0.000669244818389984,9.28787147813512,99
"{_ARDEI ROSU CAPIA,LAPTE DE CONSUM 1.5% GRASIME FRISS CUTIE 1L} => {_ROSII VRAC}",0.00014248438068948,0.14002828854314,0.00101753997118649,7.25204794629731,99
"{_ROSII VRAC,LAPTE DE CONSUM 1.5% GRASIME FRISS CUTIE 1L} => {_BANANE}",0.000146802089195222,0.219354838709677,0.000669244818389984,2.84906240860617,102
"{_ROSII VRAC,PAINE DE CASA CU CARTOFI DOBOI KG} => {_ARDEI ROSU CAPIA}",0.000123774310497933,0.161048689138577,0.000768552114022046,7.02572504843611,86
"{_PATRUNJEL RADACINA KG,_ROSII VRAC} => {_ARDEI ROSU CAPIA}",0.000181343757241157,0.217993079584775,0.000831878505439593,9.50991559022643,126
"{_ARDEI ROSU CAPIA,_PATRUNJEL RADACINA KG} => {_ROSII VRAC}",0.000181343757241157,0.1113074204947,0.00162921534283325,5.76459770096778,126
"{_PATRUNJEL RADACINA KG,_ROSII VRAC} => {_MORCOVI}",0.000634703150344049,0.762975778546713,0.000831878505439593,22.1958419703306,441
"{_MORCOVI,_ROSII VRAC} => {_PATRUNJEL RADACINA KG}",0.000634703150344049,0.471657754010695,0.00134568581762287,23.2800979638725,441
"{_PATRUNJEL RADACINA KG,_ROSII VRAC} => {_BANANE}",0.000122335074329352,0.147058823529412,0.000831878505439593,1.91005481545829,85
"{_ROSII VRAC,APA MINERALA NATURALA CARBOGAZIFICATA CONTINUT REDUS CO2 TUSNAD 2L} => {_ARDEI ROSU CAPIA}",0.000112260421149288,0.150870406189555,0.000744085099156176,6.58169897254871,78
"{_ARDEI ROSU CAPIA,APA MINERALA NATURALA CARBOGAZIFICATA CONTINUT REDUS CO2 TUSNAD 2L} => {_ROSII VRAC}",0.000112260421149288,0.113868613138686,0.000985876775477718,5.89724155491428,78
"{_MORCOVI,_ROSII VRAC} => {_ARDEI ROSU CAPIA}",0.000272015635861735,0.202139037433155,0.00134568581762287,8.81828536548269,189
"{_ARDEI ROSU CAPIA,_MORCOVI} => {_ROSII VRAC}",0.000272015635861735,0.103109656301146,0.00263811989700826,5.34003649549552,189
"{_ROSII VRAC,CARNE TOCATA PORC VRAC} => {_ARDEI ROSU CAPIA}",0.00018853993808406,0.147356580427447,0.00127948095386816,6.42840884765087,131
"{_ARDEI ROSU CAPIA,CARNE TOCATA PORC VRAC} => {_ROSII VRAC}",0.00018853993808406,0.118659420289855,0.00158891673011299,6.14535687163499,131
"{_ROSII VRAC,PAINE CU CARTOFI FELII BACHUS 1.2 KG} => {_ARDEI ROSU CAPIA}",0.000270576399693155,0.1504,0.00179904521072576,6.56117757267533,188
"{_ARDEI ROSU CAPIA,PAINE CU CARTOFI FELII BACHUS 1.2 KG} => {_ROSII VRAC}",0.000270576399693155,0.115337423312883,0.0023459549547864,5.97331105428552,188
"{_ARDEI ROSU CAPIA,_ROSII VRAC} => {_BANANE}",0.000457677101608634,0.161914460285132,0.00282665983509232,2.10300536300764,318
"{_BANANE,_ROSII VRAC} => {_ARDEI ROSU CAPIA}",0.000457677101608634,0.169962586851951,0.00269281087141432,7.41459250696079,318
"{_ARDEI ROSU CAPIA,_BANANE} => {_ROSII VRAC}",0.000457677101608634,0.12812248186946,0.00357218417041708,6.63544767405823,318
"{_ROSII VRAC,APA MINERALA NATURALA CARBOGAZIFICATA CONTINUT REDUS CO2 TUSNAD 2L} => {_BANANE}",0.000122335074329352,0.164410058027079,0.000744085099156176,2.13541911670192,85
"{_MORCOVI,_ROSII VRAC} => {CARNE TOCATA PORC VRAC}",0.000178465284903996,0.132620320855615,0.00134568581762287,2.70803547167404,124
"{_ROSII VRAC,CARNE TOCATA PORC VRAC} => {_MORCOVI}",0.000178465284903996,0.139482564679415,0.00127948095386816,4.05770805612956,124
"{_MORCOVI,_ROSII VRAC} => {_BANANE}",0.000207250008275608,0.154010695187166,0.00134568581762287,2.00034831582541,144
"{_ROSII VRAC,CARNE TOCATA PORC VRAC} => {PAINE CU CARTOFI FELII BACHUS 1.2 KG}",0.000139605908352319,0.109111361079865,0.00127948095386816,1.78020927361068,97
"{_ROSII VRAC,CARNE TOCATA PORC VRAC} => {_BANANE}",0.000205810772107027,0.160854893138358,0.00127948095386816,2.08924330995685,143
"{_ROSII VRAC,PAINE CU CARTOFI FELII BACHUS 1.2 KG} => {_BANANE}",0.000279211816704639,0.1552,0.00179904521072576,2.01579545004206,194
"{_BANANE,_ROSII VRAC} => {PAINE CU CARTOFI FELII BACHUS 1.2 KG}",0.000279211816704639,0.103687867450561,0.00269281087141432,1.69172212104745,194
"{_MERE ROSII,_TELINA} => {_PATRUNJEL RADACINA KG}",0.000449041684597151,0.581005586592179,0.000772869822527788,28.6772916556704,312
"{_MERE ROSII,_PATRUNJEL RADACINA KG} => {_TELINA}",0.000449041684597151,0.52436974789916,0.000856345520305463,30.6424657398704,312
"{_MERE ROSII,_TELINA} => {_MORCOVI}",0.000536835090880568,0.694599627560521,0.000772869822527788,20.2067011817203,373
"{_MERE ROSII,_MORCOVI} => {_TELINA}",0.000536835090880568,0.330380868024801,0.00162489763432751,19.3063853704723,373
"{_MERE ROSII,_TELINA} => {_BANANE}",0.00021156771678135,0.273743016759777,0.000772869822527788,3.55547633804861,147
"{_MERE ROSII,_PATRUNJEL RADACINA KG} => {_LAMAIE^2 A nu se consuma coaja}",0.000100746531800643,0.117647058823529,0.000856345520305464,5.95879179780966,70
"{_LAMAIE^2 A nu se consuma coaja,_MERE ROSII} => {_MORCOVI}",0.000156876742375287,0.128537735849057,0.00122047227095636,3.73931041109071,109
"{_LAMAIE^2 A nu se consuma coaja,_MERE ROSII} => {_BANANE}",0.000387154529348184,0.317216981132075,0.00122047227095636,4.12013239202394,269
"{_MERE ROSII,LAPTE DE CONSUM 1.5% GRASIME FRISS CUTIE 1L} => {_MORCOVI}",0.000100746531800643,0.118043844856661,0.000853467047968302,3.4340310658345,70
"{_MERE ROSII,LAPTE DE CONSUM 1.5% GRASIME FRISS CUTIE 1L} => {_BANANE}",0.000318071193256315,0.372681281618887,0.000853467047968302,4.84052340079379,221
"{_BANANE,LAPTE DE CONSUM 1.5% GRASIME FRISS CUTIE 1L} => {_MERE ROSII}",0.000318071193256315,0.108068459657702,0.00294323796474735,5.10139076432819,221
"{_MERE ROSII,PAINE DE CASA CU CARTOFI DOBOI KG} => {_BANANE}",0.000161194450881028,0.20817843866171,0.000774309058696369,2.70389915883463,112
"{_MERE ROSII,_PATRUNJEL RADACINA KG} => {_MORCOVI}",0.000699468777930177,0.816806722689076,0.000856345520305464,23.7618459810653,486
"{_MERE ROSII,_MORCOVI} => {_PATRUNJEL RADACINA KG}",0.000699468777930177,0.430469441984057,0.00162489763432751,21.2471239890082,486
"{_MERE ROSII,_PATRUNJEL RADACINA KG} => {_BANANE}",0.000237473967815801,0.277310924369748,0.000856345520305463,3.60181765200706,165
"{_ARDEI ROSU CAPIA,_MERE ROSII} => {_MORCOVI}",0.000182782993409738,0.147846332945285,0.00123630386881074,4.30101968400236,127
"{_MERE ROSII,_MORCOVI} => {_ARDEI ROSU CAPIA}",0.000182782993409738,0.112488928255093,0.00162489763432751,4.90731272102128,127
"{_ARDEI ROSU CAPIA,_MERE ROSII} => {PAINE CU CARTOFI FELII BACHUS 1.2 KG}",0.000126652782835094,0.10244470314319,0.00123630386881074,1.67143924118323,88
"{_ARDEI ROSU CAPIA,_MERE ROSII} => {_BANANE}",0.00032958508260496,0.266589057043073,0.00123630386881074,3.46255804264453,229
"{_MERE ROSII,APA MINERALA NATURALA CARBOGAZIFICATA CONTINUT REDUS CO2 TUSNAD 2L} => {PAINE CU CARTOFI FELII BACHUS 1.2 KG}",0.000115138893486449,0.1,0.00115138893486449,1.63155262292772,80
"{_MERE ROSII,APA MINERALA NATURALA CARBOGAZIFICATA CONTINUT REDUS CO2 TUSNAD 2L} => {_BANANE}",0.000293604178390445,0.255,0.00115138893486449,3.31203505000467,204
"{_MERE ROSII,_MORCOVI} => {CARNE TOCATA PORC VRAC}",0.000178465284903996,0.109831709477414,0.00162489763432751,2.24270431002234,124
"{_MERE ROSII,CARNE TOCATA PORC VRAC} => {_MORCOVI}",0.000178465284903996,0.166442953020134,0.00107223094559256,4.84201672738145,124
"{_MERE ROSII,_MORCOVI} => {_BANANE}",0.000440406267585667,0.271036315323295,0.00162489763432751,3.52032069088185,306
"{_BANANE,_MORCOVI} => {_MERE ROSII}",0.000440406267585667,0.102068045363576,0.00431483003340467,4.81814014560786,306
"{_MERE ROSII,CARNE TOCATA PORC VRAC} => {PAINE CU CARTOFI FELII BACHUS 1.2 KG}",0.000138166672183739,0.128859060402685,0.00107223094559255,2.10240337988002,96
"{_MERE ROSII,CARNE TOCATA PORC VRAC} => {_BANANE}",0.000264819455018832,0.246979865771812,0.00107223094559256,3.2078665571831,184
"{_MERE ROSII,PAINE CU CARTOFI FELII BACHUS 1.2 KG} => {_BANANE}",0.00047063022712586,0.280205655526992,0.00167958860873357,3.63941549927425,327
"{_LAMAIE^2 A nu se consuma coaja,_TELINA} => {_PATRUNJEL RADACINA KG}",0.000662048637547081,0.592020592020592,0.00111828650298713,29.2209706332034,460
"{_LAMAIE^2 A nu se consuma coaja,_PATRUNJEL RADACINA KG} => {_TELINA}",0.000662048637547081,0.545670225385528,0.00121327609011346,31.887196493759,460
"{_LAMAIE^2 A nu se consuma coaja,_TELINA} => {_ARDEI ROSU CAPIA}",0.000159755214712448,0.142857142857143,0.00111828650298713,6.23212155459283,111
"{_ARDEI ROSU CAPIA,_TELINA} => {_LAMAIE^2 A nu se consuma coaja}",0.000159755214712448,0.111670020120724,0.00143060075156913,5.6560563996312,111
"{_ARDEI ROSU CAPIA,_LAMAIE^2 A nu se consuma coaja} => {_TELINA}",0.000159755214712448,0.113963039014374,0.00140181602819752,6.65963002747637,111
"{_LAMAIE^2 A nu se consuma coaja,_TELINA} => {_MORCOVI}",0.000712421903447402,0.637065637065637,0.00111828650298713,18.5329712982116,495
"{_LAMAIE^2 A nu se consuma coaja,_MORCOVI} => {_TELINA}",0.000712421903447402,0.387931034482759,0.00183646535110886,22.6694302659436,495
"{_LAMAIE^2 A nu se consuma coaja,_TELINA} => {CARNE TOCATA PORC VRAC}",0.000128092019003674,0.114543114543115,0.00111828650298713,2.33890866209319,89
"{_LAMAIE^2 A nu se consuma coaja,CARNE TOCATA PORC VRAC} => {_TELINA}",0.000128092019003674,0.113375796178344,0.00112980039233578,6.62531346257895,89
"{_LAMAIE^2 A nu se consuma coaja,_TELINA} => {_BANANE}",0.00025906251034451,0.231660231660232,0.00111828650298713,3.0088894390231,180
"{_BANANE,_TELINA} => {_LAMAIE^2 A nu se consuma coaja}",0.00025906251034451,0.1148691767709,0.00225528307616582,5.81809282109048,180
"{_TELINA,LAPTE DE CONSUM 1.5% GRASIME FRISS CUTIE 1L} => {_PATRUNJEL RADACINA KG}",0.00051812502068902,0.653357531760436,0.000793019128887917,32.2484411959269,360
"{_PATRUNJEL RADACINA KG,LAPTE DE CONSUM 1.5% GRASIME FRISS CUTIE 1L} => {_TELINA}",0.00051812502068902,0.555555555555556,0.000932625037240236,32.4648630969068,360
"{_TELINA,LAPTE DE CONSUM 1.5% GRASIME FRISS CUTIE 1L} => {_MORCOVI}",0.000568498286589341,0.716878402903811,0.000793019128887917,20.854816352236,395
"{_MORCOVI,LAPTE DE CONSUM 1.5% GRASIME FRISS CUTIE 1L} => {_TELINA}",0.000568498286589341,0.354260089686099,0.00160474832796738,20.7018095622428,395
"{_TELINA,LAPTE DE CONSUM 1.5% GRASIME FRISS CUTIE 1L} => {CARNE TOCATA PORC VRAC}",0.000112260421149288,0.141560798548094,0.000793019128887917,2.89059520738229,78
"{_TELINA,LAPTE DE CONSUM 1.5% GRASIME FRISS CUTIE 1L} => {_BANANE}",0.00014248438068948,0.17967332123412,0.000793019128887917,2.33366406854178,99
"{_TELINA,PAINE DE CASA CU CARTOFI DOBOI KG} => {_PATRUNJEL RADACINA KG}",0.00044760244842857,0.55338078291815,0.000808850726742303,27.313785744243,311
"{_PATRUNJEL RADACINA KG,PAINE DE CASA CU CARTOFI DOBOI KG} => {_TELINA}",0.00044760244842857,0.446197991391679,0.00100314760950069,26.0743620683622,311
"{_TELINA,PAINE DE CASA CU CARTOFI DOBOI KG} => {_MORCOVI}",0.000532517382374826,0.658362989323843,0.000808850726742303,19.1525357436387,370
"{_MORCOVI,PAINE DE CASA CU CARTOFI DOBOI KG} => {_TELINA}",0.000532517382374826,0.327433628318584,0.00162633687049609,19.1341582500354,370
"{_TELINA,PAINE DE CASA CU CARTOFI DOBOI KG} => {_BANANE}",0.000113699657317868,0.140569395017794,0.000808850726742303,1.82576769904661,79
"{_ARDEI ROSU CAPIA,_TELINA} => {_PATRUNJEL RADACINA KG}",0.000896644133025721,0.626760563380282,0.00143060075156913,30.9356672106233,623
"{_ARDEI ROSU CAPIA,_PATRUNJEL RADACINA KG} => {_TELINA}",0.000896644133025721,0.550353356890459,0.00162921534283325,32.1608634954694,623
"{_TELINA,APA MINERALA NATURALA CARBOGAZIFICATA CONTINUT REDUS CO2 TUSNAD 2L} => {_PATRUNJEL RADACINA KG}",0.000466312518620118,0.648,0.000719618084290305,31.9840039781203,324
"{_PATRUNJEL RADACINA KG,APA MINERALA NATURALA CARBOGAZIFICATA CONTINUT REDUS CO2 TUSNAD 2L} => {_TELINA}",0.000466312518620118,0.560553633217993,0.000831878505439593,32.7569345296126,324
"{_PATRUNJEL RADACINA KG,_TELINA} => {_MORCOVI}",0.00816190831202064,0.82559324501383,0.00988611324198022,24.0174560102074,5671
"{_MORCOVI,_TELINA} => {_PATRUNJEL RADACINA KG}",0.00816190831202064,0.739953027139875,0.0110303059960018,36.5226243266419,5671
"{_MORCOVI,_PATRUNJEL RADACINA KG} => {_TELINA}",0.00816190831202064,0.529307448198619,0.0154199763101727,30.9310089154943,5671
"{_PATRUNJEL RADACINA KG,_TELINA} => {CARNE TOCATA PORC VRAC}",0.00117441671356178,0.118794584364536,0.00988611324198022,2.42572138437348,816
"{_TELINA,CARNE TOCATA PORC VRAC} => {_PATRUNJEL RADACINA KG}",0.00117441671356178,0.565488565488566,0.00207681779126182,27.9114020496417,816
"{_PATRUNJEL RADACINA KG,CARNE TOCATA PORC VRAC} => {_TELINA}",0.00117441671356178,0.493946731234867,0.00237761815049517,28.8646434120683,816
"{_TELINA,PAINE CU CARTOFI FELII BACHUS 1.2 KG} => {_PATRUNJEL RADACINA KG}",0.000925428856397333,0.678986272439282,0.00136295665164584,33.5134253684986,643
"{_PATRUNJEL RADACINA KG,PAINE CU CARTOFI FELII BACHUS 1.2 KG} => {_TELINA}",0.000925428856397333,0.534941763727121,0.00172996187463389,31.260260023594,643
"{_PATRUNJEL RADACINA KG,_TELINA} => {_BANANE}",0.00124350004965365,0.125782501091862,0.00988611324198022,1.63371000899411,864
"{_BANANE,_TELINA} => {_PATRUNJEL RADACINA KG}",0.00124350004965365,0.551372048500319,0.00225528307616582,27.2146385689175,864
"{_BANANE,_PATRUNJEL RADACINA KG} => {_TELINA}",0.00124350004965365,0.497695852534562,0.00249851398865594,29.0837298895792,864
"{_ARDEI ROSU CAPIA,_TELINA} => {_MORCOVI}",0.00096716670528617,0.676056338028169,0.00143060075156913,19.6672555850932,672
"{_ARDEI ROSU CAPIA,_MORCOVI} => {_TELINA}",0.00096716670528617,0.366612111292962,0.00263811989700826,21.4236216050292,672
"{_ARDEI ROSU CAPIA,_TELINA} => {CARNE TOCATA PORC VRAC}",0.000172708340229673,0.120724346076459,0.00143060075156913,2.46512607842074,120
"{_ARDEI ROSU CAPIA,CARNE TOCATA PORC VRAC} => {_TELINA}",0.000172708340229673,0.108695652173913,0.00158891673011299,6.35182104069916,120
"{_TELINA,PAINE CU CARTOFI FELII BACHUS 1.2 KG} => {_ARDEI ROSU CAPIA}",0.000138166672183739,0.101372756071806,0.00136295665164584,4.42237136714507,96
"{_ARDEI ROSU CAPIA,_TELINA} => {_BANANE}",0.000248987857164446,0.174044265593561,0.00143060075156913,2.26055179567921,173
"{_BANANE,_TELINA} => {_ARDEI ROSU CAPIA}",0.000248987857164446,0.110402042118698,0.00225528307616582,4.81627262451303,173
"{_TELINA,APA MINERALA NATURALA CARBOGAZIFICATA CONTINUT REDUS CO2 TUSNAD 2L} => {_MORCOVI}",0.000509489603677536,0.708,0.000719618084290306,20.5965334114889,354
"{_MORCOVI,APA MINERALA NATURALA CARBOGAZIFICATA CONTINUT REDUS CO2 TUSNAD 2L} => {_TELINA}",0.000509489603677536,0.351190476190476,0.00145075005792926,20.5224313148304,354
"{_TELINA,APA MINERALA NATURALA CARBOGAZIFICATA CONTINUT REDUS CO2 TUSNAD 2L} => {CARNE TOCATA PORC VRAC}",0.000103625004137804,0.144,0.000719618084290306,2.94040238634026,72
"{_TELINA,APA MINERALA NATURALA CARBOGAZIFICATA CONTINUT REDUS CO2 TUSNAD 2L} => {PAINE CU CARTOFI FELII BACHUS 1.2 KG}",0.000113699657317868,0.158,0.000719618084290305,2.5778531442258,79
"{_MORCOVI,_TELINA} => {CARNE TOCATA PORC VRAC}",0.00137878824950023,0.125,0.0110303059960018,2.55243262703148,958
"{_TELINA,CARNE TOCATA PORC VRAC} => {_MORCOVI}",0.00137878824950023,0.663894663894664,0.00207681779126182,19.3134585121689,958
"{_MORCOVI,CARNE TOCATA PORC VRAC} => {_TELINA}",0.00137878824950023,0.330686917500863,0.00416946718037803,19.3242699082866,958
"{_TELINA,PAINE CU CARTOFI FELII BACHUS 1.2 KG} => {_MORCOVI}",0.000998829900994944,0.732840549102429,0.00136295665164584,21.3191735238447,694
"{_MORCOVI,PAINE CU CARTOFI FELII BACHUS 1.2 KG} => {_TELINA}",0.000998829900994944,0.354624425140521,0.00281658518191226,20.7231001434114,694
"{_MORCOVI,_TELINA} => {_BANANE}",0.00140901220904042,0.127740083507307,0.0110303059960018,1.65913581908519,979
"{_BANANE,_TELINA} => {_MORCOVI}",0.00140901220904042,0.624760689215061,0.00225528307616582,18.1750062282525,979
"{_BANANE,_MORCOVI} => {_TELINA}",0.00140901220904042,0.326551034022682,0.00431483003340467,19.0825823046595,979
"{_TELINA,PAINE CU CARTOFI FELII BACHUS 1.2 KG} => {CARNE TOCATA PORC VRAC}",0.000177026048735415,0.129883843717001,0.00136295665164584,2.65215808342024,123
"{_TELINA,CARNE TOCATA PORC VRAC} => {_BANANE}",0.000238913203984381,0.115038115038115,0.00207681779126182,1.49415791801061,166
"{_BANANE,_TELINA} => {CARNE TOCATA PORC VRAC}",0.000238913203984381,0.105934907466496,0.00225528307616582,2.16313371327237,166
"{_TELINA,PAINE CU CARTOFI FELII BACHUS 1.2 KG} => {_BANANE}",0.000251866329501607,0.184794086589229,0.00136295665164584,2.40017447771422,175
"{_BANANE,_TELINA} => {PAINE CU CARTOFI FELII BACHUS 1.2 KG}",0.000251866329501607,0.111678366305041,0.00225528307616582,1.82209131469273,175
"{_LAMAIE^2 A nu se consuma coaja,LAPTE DE CONSUM 1.5% GRASIME FRISS CUTIE 1L} => {_MORCOVI}",0.000123774310497933,0.141215106732348,0.000876494826665592,4.10810969494318,86
"{_LAMAIE^2 A nu se consuma coaja,LAPTE DE CONSUM 1.5% GRASIME FRISS CUTIE 1L} => {PAINE CU CARTOFI FELII BACHUS 1.2 KG}",0.000120895838160771,0.137931034482759,0.000876494826665592,2.25041741093479,84
"{_LAMAIE^2 A nu se consuma coaja,LAPTE DE CONSUM 1.5% GRASIME FRISS CUTIE 1L} => {_BANANE}",0.000254744801838768,0.29064039408867,0.000876494826665592,3.77494577321116,177
"{_LAMAIE^2 A nu se consuma coaja,PAINE DE CASA CU CARTOFI DOBOI KG} => {_MORCOVI}",0.000119456601992191,0.107235142118863,0.00111396879448139,3.11959348522164,83
"{_LAMAIE^2 A nu se consuma coaja,PAINE DE CASA CU CARTOFI DOBOI KG} => {_BANANE}",0.000251866329501607,0.22609819121447,0.00111396879448139,2.93664758449013,175
"{_LAMAIE^2 A nu se consuma coaja,_PATRUNJEL RADACINA KG} => {_ARDEI ROSU CAPIA}",0.000175586812566835,0.144721233689205,0.00121327609011345,6.31344223917233,122
"{_ARDEI ROSU CAPIA,_LAMAIE^2 A nu se consuma coaja} => {_PATRUNJEL RADACINA KG}",0.000175586812566835,0.125256673511294,0.00140181602819752,6.18242275288786,122
"{_ARDEI ROSU CAPIA,_PATRUNJEL RADACINA KG} => {_LAMAIE^2 A nu se consuma coaja}",0.000175586812566835,0.107773851590106,0.00162921534283325,5.45871651442458,122
"{_LAMAIE^2 A nu se consuma coaja,_PATRUNJEL RADACINA KG} => {_MORCOVI}",0.000935503509577397,0.771055753262159,0.00121327609011346,22.4308977177751,650
"{_LAMAIE^2 A nu se consuma coaja,_MORCOVI} => {_PATRUNJEL RADACINA KG}",0.000935503509577397,0.509404388714734,0.00183646535110886,25.1431975233395,650
"{_LAMAIE^2 A nu se consuma coaja,_PATRUNJEL RADACINA KG} => {CARNE TOCATA PORC VRAC}",0.000129531255172255,0.106761565836299,0.00121327609011346,2.18001363162831,90
"{_LAMAIE^2 A nu se consuma coaja,CARNE TOCATA PORC VRAC} => {_PATRUNJEL RADACINA KG}",0.000129531255172255,0.114649681528662,0.00112980039233578,5.658882515591,90
"{_LAMAIE^2 A nu se consuma coaja,_PATRUNJEL RADACINA KG} => {_BANANE}",0.000287847233716122,0.237247924080664,0.00121327609011346,3.08146447096474,200
"{_BANANE,_PATRUNJEL RADACINA KG} => {_LAMAIE^2 A nu se consuma coaja}",0.000287847233716122,0.115207373271889,0.00249851398865594,5.83522238264771,200
"{_ARDEI ROSU CAPIA,_LAMAIE^2 A nu se consuma coaja} => {_MORCOVI}",0.00023459549547864,0.16735112936345,0.00140181602819752,4.86843662059984,163
"{_LAMAIE^2 A nu se consuma coaja,_MORCOVI} => {_ARDEI ROSU CAPIA}",0.00023459549547864,0.127742946708464,0.00183646535110886,5.57276700140315,163
"{_ARDEI ROSU CAPIA,_LAMAIE^2 A nu se consuma coaja} => {PAINE CU CARTOFI FELII BACHUS 1.2 KG}",0.000156876742375287,0.111909650924025,0.00140181602819752,1.82586484496018,109
"{_ARDEI ROSU CAPIA,_LAMAIE^2 A nu se consuma coaja} => {_BANANE}",0.000382836820842443,0.273100616016427,0.00140181602819752,3.54713259774225,266
"{_ARDEI ROSU CAPIA,_BANANE} => {_LAMAIE^2 A nu se consuma coaja}",0.000382836820842443,0.107171635777599,0.00357218417041708,5.4282144459499,266
"{_LAMAIE^2 A nu se consuma coaja,APA MINERALA NATURALA CARBOGAZIFICATA CONTINUT REDUS CO2 TUSNAD 2L} => {PAINE CU CARTOFI FELII BACHUS 1.2 KG}",0.000102185767969223,0.109567901234568,0.000932625037240236,1.78765796647945,71
"{_LAMAIE^2 A nu se consuma coaja,APA MINERALA NATURALA CARBOGAZIFICATA CONTINUT REDUS CO2 TUSNAD 2L} => {_BANANE}",0.00021300695294993,0.228395061728395,0.000932625037240236,2.96648019487226,148
"{_LAMAIE^2 A nu se consuma coaja,_MORCOVI} => {CARNE TOCATA PORC VRAC}",0.00021156771678135,0.115203761755486,0.00183646535110886,2.3523987220917,147
"{_LAMAIE^2 A nu se consuma coaja,CARNE TOCATA PORC VRAC} => {_MORCOVI}",0.00021156771678135,0.187261146496815,0.00112980039233578,5.44764189335504,147
"{_LAMAIE^2 A nu se consuma coaja,_MORCOVI} => {PAINE CU CARTOFI FELII BACHUS 1.2 KG}",0.000198614591264124,0.108150470219436,0.00183646535110886,1.76453183357387,138
"{_LAMAIE^2 A nu se consuma coaja,PAINE CU CARTOFI FELII BACHUS 1.2 KG} => {_MORCOVI}",0.000198614591264124,0.117647058823529,0.00168822402574506,3.42248810426867,138
"{_LAMAIE^2 A nu se consuma coaja,_MORCOVI} => {_BANANE}",0.000426013905899861,0.231974921630094,0.00183646535110886,3.01297674965082,296
"{_BANANE,_LAMAIE^2 A nu se consuma coaja} => {_MORCOVI}",0.000426013905899861,0.101928374655647,0.00417954183355809,2.96521352284435,296
"{_LAMAIE^2 A nu se consuma coaja,CARNE TOCATA PORC VRAC} => {PAINE CU CARTOFI FELII BACHUS 1.2 KG}",0.000139605908352319,0.123566878980892,0.00112980039233578,2.01605865508266,97
"{_LAMAIE^2 A nu se consuma coaja,CARNE TOCATA PORC VRAC} => {_BANANE}",0.000277772580536058,0.245859872611465,0.00112980039233578,3.19331966854453,193
"{_LAMAIE^2 A nu se consuma coaja,PAINE CU CARTOFI FELII BACHUS 1.2 KG} => {_BANANE}",0.000444723976091409,0.263427109974425,0.00168822402574506,3.42148949551659,309
"{_BANANE,_LAMAIE^2 A nu se consuma coaja} => {PAINE CU CARTOFI FELII BACHUS 1.2 KG}",0.000444723976091409,0.106404958677686,0.00417954183355809,1.73605289423094,309
"{LAPTE DE CONSUM 1.5% GRASIME FRISS CUTIE 1L,PAINE DE CASA CU CARTOFI DOBOI KG} => {_MORCOVI}",0.000110821184980707,0.100522193211488,0.00110245490513275,2.92430608909118,77
"{LAPTE DE CONSUM 1.5% GRASIME FRISS CUTIE 1L,PAINE DE CASA CU CARTOFI DOBOI KG} => {_BANANE}",0.000151119797700964,0.137075718015666,0.00110245490513275,1.78039051989193,105
"{_PATRUNJEL RADACINA KG,LAPTE DE CONSUM 1.5% GRASIME FRISS CUTIE 1L} => {_MORCOVI}",0.000769991350190627,0.825617283950617,0.000932625037240236,24.0181553304966,535
"{_MORCOVI,LAPTE DE CONSUM 1.5% GRASIME FRISS CUTIE 1L} => {_PATRUNJEL RADACINA KG}",0.000769991350190627,0.479820627802691,0.00160474832796738,23.6830013401627,535
"{_PATRUNJEL RADACINA KG,LAPTE DE CONSUM 1.5% GRASIME FRISS CUTIE 1L} => {CARNE TOCATA PORC VRAC}",0.000122335074329352,0.131172839506173,0.000932625037240236,2.67847868268735,85
"{_PATRUNJEL RADACINA KG,LAPTE DE CONSUM 1.5% GRASIME FRISS CUTIE 1L} => {_BANANE}",0.000182782993409738,0.195987654320988,0.000932625037240236,2.545560707762,127
"{_ARDEI ROSU CAPIA,LAPTE DE CONSUM 1.5% GRASIME FRISS CUTIE 1L} => {_MORCOVI}",0.000136727436015158,0.134370579915134,0.00101753997118649,3.90899454624746,95
"{_ARDEI ROSU CAPIA,LAPTE DE CONSUM 1.5% GRASIME FRISS CUTIE 1L} => {PAINE CU CARTOFI FELII BACHUS 1.2 KG}",0.000132409727509416,0.13012729844413,0.00101753997118649,2.12309535091019,92
"{_ARDEI ROSU CAPIA,LAPTE DE CONSUM 1.5% GRASIME FRISS CUTIE 1L} => {_BANANE}",0.000220203133792833,0.216407355021216,0.00101753997118649,2.81077939180029,153
"{APA MINERALA NATURALA CARBOGAZIFICATA CONTINUT REDUS CO2 TUSNAD 2L,LAPTE DE CONSUM 1.5% GRASIME FRISS CUTIE 1L} => {PAINE CU CARTOFI FELII BACHUS 1.2 KG}",0.000231717023141478,0.17519042437432,0.00132265803892558,2.85832396399742,161
"{APA MINERALA NATURALA CARBOGAZIFICATA CONTINUT REDUS CO2 TUSNAD 2L,LAPTE DE CONSUM 1.5% GRASIME FRISS CUTIE 1L} => {_BANANE}",0.000175586812566835,0.132752992383025,0.00132265803892558,1.72424534810032,122
"{_MORCOVI,LAPTE DE CONSUM 1.5% GRASIME FRISS CUTIE 1L} => {CARNE TOCATA PORC VRAC}",0.000228838550804317,0.142600896860987,0.00160474832796738,2.91183345433546,159
"{CARNE TOCATA PORC VRAC,LAPTE DE CONSUM 1.5% GRASIME FRISS CUTIE 1L} => {_MORCOVI}",0.000228838550804317,0.170967741935484,0.00133848963677997,4.97364803539689,159
"{_MORCOVI,LAPTE DE CONSUM 1.5% GRASIME FRISS CUTIE 1L} => {PAINE CU CARTOFI FELII BACHUS 1.2 KG}",0.000172708340229673,0.10762331838565,0.00160474832796738,1.75593107400293,120
"{_MORCOVI,LAPTE DE CONSUM 1.5% GRASIME FRISS CUTIE 1L} => {_BANANE}",0.000310875012413412,0.19372197309417,0.00160474832796738,2.51613319546649,216
"{_BANANE,LAPTE DE CONSUM 1.5% GRASIME FRISS CUTIE 1L} => {_MORCOVI}",0.000310875012413412,0.105623471882641,0.00294323796474735,3.0727081464241,216
"{CARNE TOCATA PORC VRAC,LAPTE DE CONSUM 1.5% GRASIME FRISS CUTIE 1L} => {PAINE CU CARTOFI FELII BACHUS 1.2 KG}",0.000181343757241157,0.135483870967742,0.00133848963677997,2.21049065041821,126
"{CARNE TOCATA PORC VRAC,LAPTE DE CONSUM 1.5% GRASIME FRISS CUTIE 1L} => {_BANANE}",0.000194296882758382,0.145161290322581,0.00133848963677997,1.88540894687173,135
"{LAPTE DE CONSUM 1.5% GRASIME FRISS CUTIE 1L,PAINE CU CARTOFI FELII BACHUS 1.2 KG} => {_BANANE}",0.000342538208122185,0.146822948797039,0.00233300182926917,1.90699118651308,238
"{_BANANE,LAPTE DE CONSUM 1.5% GRASIME FRISS CUTIE 1L} => {PAINE CU CARTOFI FELII BACHUS 1.2 KG}",0.000342538208122185,0.11638141809291,0.00294323796474735,1.89882407949534,238
"{_PATRUNJEL RADACINA KG,PAINE DE CASA CU CARTOFI DOBOI KG} => {_MORCOVI}",0.000784383711876433,0.781922525107604,0.00100314760950069,22.7470245954442,545
"{_MORCOVI,PAINE DE CASA CU CARTOFI DOBOI KG} => {_PATRUNJEL RADACINA KG}",0.000784383711876433,0.482300884955752,0.00162633687049609,23.805421949191,545
"{_PATRUNJEL RADACINA KG,PAINE DE CASA CU CARTOFI DOBOI KG} => {_BANANE}",0.00014248438068948,0.142037302725968,0.00100314760950069,1.84483343151581,99
"{_ARDEI ROSU CAPIA,PAINE DE CASA CU CARTOFI DOBOI KG} => {_MORCOVI}",0.000149680561532384,0.118316268486917,0.00126508859218236,3.44195618222242,104
"{_ARDEI ROSU CAPIA,PAINE DE CASA CU CARTOFI DOBOI KG} => {_BANANE}",0.000194296882758382,0.15358361774744,0.00126508859218236,1.99480127484722,135
"{CARNE TOCATA PORC VRAC,PAINE DE CASA CU CARTOFI DOBOI KG} => {_MORCOVI}",0.000158315978543867,0.138713745271122,0.00114131428168442,4.03534221625625,110
"{_MORCOVI,PAINE DE CASA CU CARTOFI DOBOI KG} => {_BANANE}",0.000227399314635737,0.139823008849558,0.00162633687049609,1.81607335728176,158
"{CARNE TOCATA PORC VRAC,PAINE DE CASA CU CARTOFI DOBOI KG} => {_BANANE}",0.000136727436015158,0.119798234552333,0.00114131428168442,1.55598412457258,95
"{_ARDEI ROSU CAPIA,_PATRUNJEL RADACINA KG} => {_MORCOVI}",0.00127804171769958,0.784452296819788,0.00162921534283325,22.8206185609717,888
"{_ARDEI ROSU CAPIA,_MORCOVI} => {_PATRUNJEL RADACINA KG}",0.00127804171769958,0.484451718494272,0.00263811989700826,23.9115828572963,888
"{_ARDEI ROSU CAPIA,_PATRUNJEL RADACINA KG} => {CARNE TOCATA PORC VRAC}",0.000185661465746899,0.113957597173145,0.00162921534283325,2.32695271298276,129
"{_ARDEI ROSU CAPIA,CARNE TOCATA PORC VRAC} => {_PATRUNJEL RADACINA KG}",0.000185661465746899,0.116847826086957,0.00158891673011299,5.76737860246903,129
"{_ARDEI ROSU CAPIA,_PATRUNJEL RADACINA KG} => {PAINE CU CARTOFI FELII BACHUS 1.2 KG}",0.00016407292321819,0.100706713780919,0.00162921534283325,1.64308303015689,114
"{_ARDEI ROSU CAPIA,_PATRUNJEL RADACINA KG} => {_BANANE}",0.000273454872030316,0.167844522968198,0.00162921534283325,2.1800272275372,190
"{_BANANE,_PATRUNJEL RADACINA KG} => {_ARDEI ROSU CAPIA}",0.000273454872030316,0.109447004608295,0.00249851398865594,4.77460925553483,190
"{_PATRUNJEL RADACINA KG,APA MINERALA NATURALA CARBOGAZIFICATA CONTINUT REDUS CO2 TUSNAD 2L} => {_MORCOVI}",0.000696590305593016,0.837370242214533,0.000831878505439593,24.3600623892064,484
"{_MORCOVI,APA MINERALA NATURALA CARBOGAZIFICATA CONTINUT REDUS CO2 TUSNAD 2L} => {_PATRUNJEL RADACINA KG}",0.000696590305593016,0.48015873015873,0.00145075005792926,23.699689406676,484
"{_PATRUNJEL RADACINA KG,APA MINERALA NATURALA CARBOGAZIFICATA CONTINUT REDUS CO2 TUSNAD 2L} => {CARNE TOCATA PORC VRAC}",0.000110821184980707,0.133217993079585,0.000831878505439593,2.72023961635188,77
"{_PATRUNJEL RADACINA KG,APA MINERALA NATURALA CARBOGAZIFICATA CONTINUT REDUS CO2 TUSNAD 2L} => {PAINE CU CARTOFI FELII BACHUS 1.2 KG}",0.00011801736582361,0.141868512110727,0.000831878505439593,2.3146594304511,82
"{_PATRUNJEL RADACINA KG,APA MINERALA NATURALA CARBOGAZIFICATA CONTINUT REDUS CO2 TUSNAD 2L} => {_BANANE}",0.000125213546666513,0.150519031141869,0.000831878505439593,1.95499728170437,87
"{_MORCOVI,_PATRUNJEL RADACINA KG} => {CARNE TOCATA PORC VRAC}",0.00183214764260312,0.118816501773381,0.0154199763101727,2.42616892604896,1273
"{_PATRUNJEL RADACINA KG,CARNE TOCATA PORC VRAC} => {_MORCOVI}",0.00183214764260312,0.770581113801453,0.00237761815049517,22.4170899105564,1273
"{_MORCOVI,CARNE TOCATA PORC VRAC} => {_PATRUNJEL RADACINA KG}",0.00183214764260312,0.439420089748015,0.00416946718037803,21.688910337294,1273
"{_PATRUNJEL RADACINA KG,PAINE CU CARTOFI FELII BACHUS 1.2 KG} => {_MORCOVI}",0.00141620838988332,0.818635607321131,0.00172996187463389,23.8150503361923,984
"{_MORCOVI,PAINE CU CARTOFI FELII BACHUS 1.2 KG} => {_PATRUNJEL RADACINA KG}",0.00141620838988332,0.502810424118549,0.00281658518191226,24.8177324155062,984
"{_MORCOVI,_PATRUNJEL RADACINA KG} => {_BANANE}",0.00194728653608957,0.126283367556468,0.0154199763101727,1.64021544933194,1353
"{_BANANE,_PATRUNJEL RADACINA KG} => {_MORCOVI}",0.00194728653608957,0.779377880184332,0.00249851398865594,22.6729979511186,1353
"{_BANANE,_MORCOVI} => {_PATRUNJEL RADACINA KG}",0.00194728653608957,0.45130086724483,0.00431483003340467,22.2753221192713,1353
"{_PATRUNJEL RADACINA KG,PAINE CU CARTOFI FELII BACHUS 1.2 KG} => {CARNE TOCATA PORC VRAC}",0.000233156259310059,0.13477537437604,0.00172996187463389,2.75204050302229,162
"{_PATRUNJEL RADACINA KG,CARNE TOCATA PORC VRAC} => {_BANANE}",0.000290725706053283,0.12227602905569,0.00237761815049517,1.58816664316798,202
"{_BANANE,_PATRUNJEL RADACINA KG} => {CARNE TOCATA PORC VRAC}",0.000290725706053283,0.116359447004608,0.00249851398865594,2.37599719198322,202
"{_PATRUNJEL RADACINA KG,PAINE CU CARTOFI FELII BACHUS 1.2 KG} => {_BANANE}",0.000302239595401928,0.174708818635607,0.00172996187463389,2.2691832582982,210
"{_BANANE,_PATRUNJEL RADACINA KG} => {PAINE CU CARTOFI FELII BACHUS 1.2 KG}",0.000302239595401928,0.120967741935484,0.00249851398865594,1.97365236644483,210
"{_ARDEI ROSU CAPIA,APA MINERALA NATURALA CARBOGAZIFICATA CONTINUT REDUS CO2 TUSNAD 2L} => {PAINE CU CARTOFI FELII BACHUS 1.2 KG}",0.000116578129655029,0.118248175182482,0.000985876775477718,1.92928120375395,81
"{_ARDEI ROSU CAPIA,APA MINERALA NATURALA CARBOGAZIFICATA CONTINUT REDUS CO2 TUSNAD 2L} => {_BANANE}",0.00016407292321819,0.166423357664234,0.000985876775477718,2.16156860283688,114
"{_ARDEI ROSU CAPIA,_MORCOVI} => {CARNE TOCATA PORC VRAC}",0.000318071193256315,0.120567375886525,0.00263811989700826,2.46192083174667,221
"{_ARDEI ROSU CAPIA,CARNE TOCATA PORC VRAC} => {_MORCOVI}",0.000318071193256315,0.20018115942029,0.00158891673011299,5.82349991292455,221
"{_ARDEI ROSU CAPIA,PAINE CU CARTOFI FELII BACHUS 1.2 KG} => {_MORCOVI}",0.000261940982681671,0.111656441717791,0.0023459549547864,3.24821417012493,182
"{_ARDEI ROSU CAPIA,_MORCOVI} => {_BANANE}",0.000421696197394119,0.159847244953628,0.00263811989700826,2.07615559973764,293
"{_ARDEI ROSU CAPIA,_BANANE} => {_MORCOVI}",0.000421696197394119,0.118049959709911,0.00357218417041708,3.43420895394082,293
"{_ARDEI ROSU CAPIA,CARNE TOCATA PORC VRAC} => {PAINE CU CARTOFI FELII BACHUS 1.2 KG}",0.000177026048735415,0.111413043478261,0.00158891673011299,1.81776243315317,123
"{_ARDEI ROSU CAPIA,CARNE TOCATA PORC VRAC} => {_BANANE}",0.000247548620995865,0.155797101449275,0.00158891673011299,2.0235508262319,172
"{_ARDEI ROSU CAPIA,PAINE CU CARTOFI FELII BACHUS 1.2 KG} => {_BANANE}",0.00047206946329444,0.201226993865031,0.0023459549547864,2.61361120269826,328
"{_ARDEI ROSU CAPIA,_BANANE} => {PAINE CU CARTOFI FELII BACHUS 1.2 KG}",0.00047206946329444,0.13215149073328,0.00357218417041708,2.15612111329691,328
"{_MORCOVI,APA MINERALA NATURALA CARBOGAZIFICATA CONTINUT REDUS CO2 TUSNAD 2L} => {CARNE TOCATA PORC VRAC}",0.000187100701915479,0.128968253968254,0.00145075005792926,2.63346223423882,130
"{APA MINERALA NATURALA CARBOGAZIFICATA CONTINUT REDUS CO2 TUSNAD 2L,CARNE TOCATA PORC VRAC} => {_MORCOVI}",0.000187100701915479,0.15625,0.00119744449225907,4.54549201348183,130
"{_MORCOVI,APA MINERALA NATURALA CARBOGAZIFICATA CONTINUT REDUS CO2 TUSNAD 2L} => {PAINE CU CARTOFI FELII BACHUS 1.2 KG}",0.000181343757241157,0.125,0.00145075005792926,2.03944077865965,126
"{_MORCOVI,APA MINERALA NATURALA CARBOGAZIFICATA CONTINUT REDUS CO2 TUSNAD 2L} => {_BANANE}",0.000214446189118511,0.14781746031746,0.00145075005792926,1.91990827283962,149
"{APA MINERALA NATURALA CARBOGAZIFICATA CONTINUT REDUS CO2 TUSNAD 2L,CARNE TOCATA PORC VRAC} => {PAINE CU CARTOFI FELII BACHUS 1.2 KG}",0.000178465284903996,0.149038461538462,0.00119744449225907,2.43164092840189,124
"{APA MINERALA NATURALA CARBOGAZIFICATA CONTINUT REDUS CO2 TUSNAD 2L,CARNE TOCATA PORC VRAC} => {_BANANE}",0.000146802089195222,0.122596153846154,0.00119744449225907,1.59232454327148,102
"{APA MINERALA NATURALA CARBOGAZIFICATA CONTINUT REDUS CO2 TUSNAD 2L,PAINE CU CARTOFI FELII BACHUS 1.2 KG} => {_BANANE}",0.000345416680459347,0.102783725910064,0.00336061645363573,1.33499334425179,240
"{_MORCOVI,PAINE CU CARTOFI FELII BACHUS 1.2 KG} => {CARNE TOCATA PORC VRAC}",0.000407303835708313,0.14460909555442,0.00281658518191226,2.95283978926891,283
"{CARNE TOCATA PORC VRAC,PAINE CU CARTOFI FELII BACHUS 1.2 KG} => {_MORCOVI}",0.000407303835708313,0.123580786026201,0.0032958508260496,3.59510704577218,283
"{_MORCOVI,CARNE TOCATA PORC VRAC} => {_BANANE}",0.000499414950497472,0.119779081808768,0.00416946718037803,1.55573536160006,347
"{_BANANE,_MORCOVI} => {CARNE TOCATA PORC VRAC}",0.000499414950497472,0.11574382921948,0.00431483003340467,2.36342660861887,347
"{_BANANE,CARNE TOCATA PORC VRAC} => {_MORCOVI}",0.000499414950497472,0.135865309318716,0.00367580917455488,3.95247794187175,347
"{_MORCOVI,PAINE CU CARTOFI FELII BACHUS 1.2 KG} => {_BANANE}",0.000515246548351859,0.182933060807358,0.00281658518191226,2.37600278117101,358
"{_BANANE,_MORCOVI} => {PAINE CU CARTOFI FELII BACHUS 1.2 KG}",0.000515246548351859,0.119412941961308,0.00431483003340467,1.94828498668487,358
"{CARNE TOCATA PORC VRAC,PAINE CU CARTOFI FELII BACHUS 1.2 KG} => {_BANANE}",0.000392911474022507,0.119213973799127,0.0032958508260496,1.54839552812959,273
"{_BANANE,CARNE TOCATA PORC VRAC} => {PAINE CU CARTOFI FELII BACHUS 1.2 KG}",0.000392911474022507,0.106891151135474,0.00367580917455488,1.74398538002846,273
"{ENERGIZANT HELL MULTIVITAMIN 250ML,GOBE LAPTE 1.5% 1L,WINCHESTER 100 SOFT} => {ENERGIZANT HELL 250ML}",0.000116578129655029,0.861702127659574,0.000135288199846577,44.3267817002689,81
"{ENERGIZANT HELL 250ML,ENERGIZANT HELL MULTIVITAMIN 250ML,WINCHESTER 100 SOFT} => {GOBE LAPTE 1.5% 1L}",0.000116578129655029,0.613636363636364,0.000189979174252641,118.56577383962,81
"{ENERGIZANT HELL 250ML,ENERGIZANT HELL MULTIVITAMIN 250ML,GOBE LAPTE 1.5% 1L} => {WINCHESTER 100 SOFT}",0.000116578129655029,0.870967741935484,0.000133848963677997,206.892208436725,81
"{ENERGIZANT HELL 250ML,GOBE LAPTE 1.5% 1L,WINCHESTER 100 SOFT} => {ENERGIZANT HELL MULTIVITAMIN 250ML}",0.000116578129655029,0.338912133891213,0.000343977444290766,359.512299977642,81
"{BAUTURA SPIRTOASA 21% SECUIANA AMIGO 500ML PET,GOBE SANA 3.6% 150G,NESCAFE BRASERO 1.8G} => {CORN CU CASCAVAL PANOS 80G}",0.000110821184980707,0.974683544303797,0.000113699657317868,44.9623421503356,77
"{CORN CU CASCAVAL PANOS 80G,GOBE SANA 3.6% 150G,NESCAFE BRASERO 1.8G} => {BAUTURA SPIRTOASA 21% SECUIANA AMIGO 500ML PET}",0.000110821184980707,1,0.000110821184980707,297.309798887463,77
"{BAUTURA SPIRTOASA 21% SECUIANA AMIGO 500ML PET,CORN CU CASCAVAL PANOS 80G,GOBE SANA 3.6% 150G} => {NESCAFE BRASERO 1.8G}",0.000110821184980707,0.885057471264368,0.000125213546666513,358.78030150619,77
"{BAUTURA SPIRTOASA 21% SECUIANA AMIGO 500ML PET,CORN CU CASCAVAL PANOS 80G,NESCAFE BRASERO 1.8G} => {GOBE SANA 3.6% 150G}",0.000110821184980707,0.793814432989691,0.000139605908352319,959.221891528462,77
"{BAUTURA SPIRTOASA 21% SECUIANA AMIGO 500ML PET,GOBE SANA 3.6% 150G,L&M RED 100} => {CORN CU CASCAVAL PANOS 80G}",0.000105064240306385,0.973333333333333,0.000107942712643546,44.9000566547161,73
"{BAUTURA SPIRTOASA 21% SECUIANA AMIGO 500ML PET,CORN CU CASCAVAL PANOS 80G,GOBE SANA 3.6% 150G} => {L&M RED 100}",0.000105064240306385,0.839080459770115,0.000125213546666513,190.586469922933,73
"{CORN CU CASCAVAL PANOS 80G,GOBE SANA 3.6% 150G,L&M RED 100} => {BAUTURA SPIRTOASA 21% SECUIANA AMIGO 500ML PET}",0.000105064240306385,1,0.000105064240306385,297.309798887463,73
"{BAUTURA SPIRTOASA 21% SECUIANA AMIGO 500ML PET,CORN CU CASCAVAL PANOS 80G,L&M RED 100} => {GOBE SANA 3.6% 150G}",0.000105064240306385,0.793478260869565,0.000132409727509416,958.815671077505,73
"{CROASAN CU GEM BACHUS 100G,DANONE ACTIVIA DE BAUT FIBRE 320G,GOBE BAUTURA SPIRTOASA 30% KOMENYES 500ML} => {SZEKELYHON}",0.000102185767969223,0.959459459459459,0.000106503476474965,92.6667925222971,71
"{DANONE ACTIVIA DE BAUT FIBRE 320G,GOBE BAUTURA SPIRTOASA 30% KOMENYES 500ML,SZEKELYHON} => {CROASAN CU GEM BACHUS 100G}",0.000102185767969223,0.633928571428571,0.000161194450881028,435.238945158103,71
"{CROASAN CU GEM BACHUS 100G,GOBE BAUTURA SPIRTOASA 30% KOMENYES 500ML,SZEKELYHON} => {DANONE ACTIVIA DE BAUT FIBRE 320G}",0.000102185767969223,0.788888888888889,0.000129531255172255,643.34537037037,71
"{CROASAN CU GEM BACHUS 100G,DANONE ACTIVIA DE BAUT FIBRE 320G,SZEKELYHON} => {GOBE BAUTURA SPIRTOASA 30% KOMENYES 500ML}",0.000102185767969223,0.262962962962963,0.000388593765516765,262.892208899547,71
"{APA MINERALA NATURALA DECARBOGAZIFICATA PARTIAL PERLA HARGHITEI 2L,BERE HEINEKEN DOZA 500ML,BERE URSUS DOZA BLACK DOZA 500ML} => {APA MINERALA NATURALA CARBOGAZOASA PERLA HARGHITEI  2L}",0.000116578129655029,0.81,0.000143923616858061,50.1513571555872,81
"{APA MINERALA NATURALA CARBOGAZOASA PERLA HARGHITEI  2L,BERE HEINEKEN DOZA 500ML,BERE URSUS DOZA BLACK DOZA 500ML} => {APA MINERALA NATURALA DECARBOGAZIFICATA PARTIAL PERLA HARGHITEI 2L}",0.000116578129655029,0.716814159292035,0.000162633687049609,74.51403298327,81
"{APA MINERALA NATURALA CARBOGAZOASA PERLA HARGHITEI  2L,APA MINERALA NATURALA DECARBOGAZIFICATA PARTIAL PERLA HARGHITEI 2L,BERE URSUS DOZA BLACK DOZA 500ML} => {BERE HEINEKEN DOZA 500ML}",0.000116578129655029,0.704347826086957,0.00016551215938677,458.230361504641,81
"{APA MINERALA NATURALA CARBOGAZOASA PERLA HARGHITEI  2L,APA MINERALA NATURALA DECARBOGAZIFICATA PARTIAL PERLA HARGHITEI 2L,BERE HEINEKEN DOZA 500ML} => {BERE URSUS DOZA BLACK DOZA 500ML}",0.000116578129655029,0.58273381294964,0.000200053827432705,814.670078022089,81
"{_PATRUNJEL RADACINA KG,_TELINA,OASE CU MADUVA} => {_MORCOVI}",0.000115138893486449,0.869565217391304,0.000132409727509416,25.2966512054641,80
"{_MORCOVI,_TELINA,OASE CU MADUVA} => {_PATRUNJEL RADACINA KG}",0.000115138893486449,0.824742268041237,0.000139605908352319,40.7076542931403,80
"{_MORCOVI,_PATRUNJEL RADACINA KG,OASE CU MADUVA} => {_TELINA}",0.000115138893486449,0.672268907563025,0.000171269104061093,39.2852124870133,80
"{CROASAN CU GEM BACHUS 100G,DANONE ACTIVIA DE BAUT FIBRE 320G,SZEKELYHON} => {MAGAZIN DE RECLAMA SI PUBLICITATE HETI HIRDETO}",0.000102185767969223,0.262962962962963,0.000388593765516765,22.4349318744088,71
"{CROASAN CU GEM BACHUS 100G,DANONE ACTIVIA DE BAUT FIBRE 320G,MAGAZIN DE RECLAMA SI PUBLICITATE HETI HIRDETO} => {SZEKELYHON}",0.000102185767969223,0.972602739726027,0.000105064240306385,93.9362006390409,71
"{DANONE ACTIVIA DE BAUT FIBRE 320G,MAGAZIN DE RECLAMA SI PUBLICITATE HETI HIRDETO,SZEKELYHON} => {CROASAN CU GEM BACHUS 100G}",0.000102185767969223,0.62280701754386,0.00016407292321819,427.603174190417,71
"{CROASAN CU GEM BACHUS 100G,MAGAZIN DE RECLAMA SI PUBLICITATE HETI HIRDETO,SZEKELYHON} => {DANONE ACTIVIA DE BAUT FIBRE 320G}",0.000102185767969223,0.797752808988764,0.000128092019003674,650.573970037453,71
"{_PATRUNJEL RADACINA KG,_TELINA,SPATE PUI REFR.VRAC SZEKELY CSURKE} => {_MORCOVI}",0.000106503476474965,0.91358024691358,0.000116578129655029,26.5770989825308,74
"{_MORCOVI,_TELINA,SPATE PUI REFR.VRAC SZEKELY CSURKE} => {_PATRUNJEL RADACINA KG}",0.000106503476474965,0.840909090909091,0.000126652782835094,41.505616834682,74
"{_MORCOVI,_PATRUNJEL RADACINA KG,SPATE PUI REFR.VRAC SZEKELY CSURKE} => {_TELINA}",0.000106503476474965,0.60655737704918,0.000175586812566835,35.445243971377,74
"{_PATRUNJEL RADACINA KG,_TELINA,PULPE PUI REFR.GALBEN VRAC} => {_MORCOVI}",0.000148241325363803,0.911504424778761,0.000162633687049609,26.5167109317453,103
"{_MORCOVI,_TELINA,PULPE PUI REFR.GALBEN VRAC} => {_PATRUNJEL RADACINA KG}",0.000148241325363803,0.798449612403101,0.000185661465746899,39.4099005855392,103
"{_MORCOVI,_PATRUNJEL RADACINA KG,PULPE PUI REFR.GALBEN VRAC} => {_TELINA}",0.000148241325363803,0.715277777777778,0.000207250008275608,41.7985112372675,103
"{_PATRUNJEL RADACINA KG,_TELINA,BONDUELLE MAZARE VERDE BOABE 200G} => {_MORCOVI}",0.000113699657317868,0.858695652173913,0.000132409727509416,24.9804430653958,79
"{_MORCOVI,_TELINA,BONDUELLE MAZARE VERDE BOABE 200G} => {_PATRUNJEL RADACINA KG}",0.000113699657317868,0.814432989690722,0.000139605908352319,40.1988086144761,79
"{_MORCOVI,_PATRUNJEL RADACINA KG,BONDUELLE MAZARE VERDE BOABE 200G} => {_TELINA}",0.000113699657317868,0.68695652173913,0.00016551215938677,40.1435089772187,79
"{L&M RED LABEL BOX,NESCAFE 3IN1 ORIGINAL 16.5G,NESCAFE BRASERO 1.8G} => {ENERGIZANT HELL 250ML}",0.000112260421149288,0.604651162790698,0.000185661465746899,31.1038341876133,78
"{ENERGIZANT HELL 250ML,NESCAFE 3IN1 ORIGINAL 16.5G,NESCAFE BRASERO 1.8G} => {L&M RED LABEL BOX}",0.000112260421149288,0.951219512195122,0.00011801736582361,206.022345052004,78
"{ENERGIZANT HELL 250ML,L&M RED LABEL BOX,NESCAFE 3IN1 ORIGINAL 16.5G} => {NESCAFE BRASERO 1.8G}",0.000112260421149288,0.876404494382023,0.000128092019003674,355.272599740406,78
"{ENERGIZANT HELL 250ML,L&M RED LABEL BOX,NESCAFE BRASERO 1.8G} => {NESCAFE 3IN1 ORIGINAL 16.5G}",0.000112260421149288,0.684210526315789,0.00016407292321819,324.947620246789,78
"{L&M RED LABEL BOX,NESCAFE 3IN1 ORIGINAL 16.5G,NESCAFE BRASERO 1.8G} => {APA MINERALA NATURALA CARBOGAZIFICATA CONTINUT REDUS CO2 TUSNAD 2L}",0.000153998270038125,0.829457364341085,0.000185661465746899,20.6862081726462,107
"{APA MINERALA NATURALA CARBOGAZIFICATA CONTINUT REDUS CO2 TUSNAD 2L,NESCAFE 3IN1 ORIGINAL 16.5G,NESCAFE BRASERO 1.8G} => {L&M RED LABEL BOX}",0.000153998270038125,0.946902654867257,0.000162633687049609,205.087367311809,107
"{APA MINERALA NATURALA CARBOGAZIFICATA CONTINUT REDUS CO2 TUSNAD 2L,L&M RED LABEL BOX,NESCAFE 3IN1 ORIGINAL 16.5G} => {NESCAFE BRASERO 1.8G}",0.000153998270038125,0.849206349206349,0.000181343757241157,344.24714767276,107
"{APA MINERALA NATURALA CARBOGAZIFICATA CONTINUT REDUS CO2 TUSNAD 2L,L&M RED LABEL BOX,NESCAFE BRASERO 1.8G} => {NESCAFE 3IN1 ORIGINAL 16.5G}",0.000153998270038125,0.722972972972973,0.00021300695294993,343.35681494892,107
"{ENERGIZANT HELL 250ML,L&M RED LABEL BOX,NESCAFE 3IN1 ORIGINAL 16.5G} => {APA MINERALA NATURALA CARBOGAZIFICATA CONTINUT REDUS CO2 TUSNAD 2L}",0.000109381948812126,0.853932584269663,0.000128092019003674,21.2966066286489,76
"{APA MINERALA NATURALA CARBOGAZIFICATA CONTINUT REDUS CO2 TUSNAD 2L,L&M RED LABEL BOX,NESCAFE 3IN1 ORIGINAL 16.5G} => {ENERGIZANT HELL 250ML}",0.000109381948812126,0.603174603174603,0.000181343757241157,31.0278785485715,76
"{APA MINERALA NATURALA CARBOGAZIFICATA CONTINUT REDUS CO2 TUSNAD 2L,ENERGIZANT HELL 250ML,NESCAFE 3IN1 ORIGINAL 16.5G} => {L&M RED LABEL BOX}",0.000109381948812126,0.974358974358974,0.000112260421149288,211.034065477332,76
"{APA MINERALA NATURALA CARBOGAZIFICATA CONTINUT REDUS CO2 TUSNAD 2L,ENERGIZANT HELL 250ML,L&M RED LABEL BOX} => {NESCAFE 3IN1 ORIGINAL 16.5G}",0.000109381948812126,0.408602150537634,0.000267697927355994,194.054740957967,76
"{BAUTURA SPIRTOASA 21% SECUIANA AMIGO 500ML PET,HARTIE IGIENICA NATUR FARA TUB 60G,NESCAFE BRASERO 1.8G} => {L&M RED 100}",0.000113699657317868,0.868131868131868,0.000130970491340836,197.185128372771,79
"{BAUTURA SPIRTOASA 21% SECUIANA AMIGO 500ML PET,L&M RED 100,NESCAFE BRASERO 1.8G} => {HARTIE IGIENICA NATUR FARA TUB 60G}",0.000113699657317868,0.681034482758621,0.000166951395555351,217.359491074398,79
"{HARTIE IGIENICA NATUR FARA TUB 60G,L&M RED 100,NESCAFE BRASERO 1.8G} => {BAUTURA SPIRTOASA 21% SECUIANA AMIGO 500ML PET}",0.000113699657317868,0.9875,0.000115138893486449,293.593426401369,79
"{BAUTURA SPIRTOASA 21% SECUIANA AMIGO 500ML PET,HARTIE IGIENICA NATUR FARA TUB 60G,L&M RED 100} => {NESCAFE BRASERO 1.8G}",0.000113699657317868,0.897727272727273,0.000126652782835094,363.916324122202,79
"{BAUTURA SPIRTOASA 21% SECUIANA AMIGO 500ML PET,HARTIE IGIENICA NATUR FARA TUB 60G,NESCAFE BRASERO 1.8G} => {CORN CU CASCAVAL PANOS 80G}",0.000103625004137804,0.791208791208791,0.000130970491340836,36.4986159770385,72
"{BAUTURA SPIRTOASA 21% SECUIANA AMIGO 500ML PET,CORN CU CASCAVAL PANOS 80G,NESCAFE BRASERO 1.8G} => {HARTIE IGIENICA NATUR FARA TUB 60G}",0.000103625004137804,0.742268041237113,0.000139605908352319,236.902840852587,72
"{CORN CU CASCAVAL PANOS 80G,HARTIE IGIENICA NATUR FARA TUB 60G,NESCAFE BRASERO 1.8G} => {BAUTURA SPIRTOASA 21% SECUIANA AMIGO 500ML PET}",0.000103625004137804,1,0.000103625004137804,297.309798887463,72
"{BAUTURA SPIRTOASA 21% SECUIANA AMIGO 500ML PET,CORN CU CASCAVAL PANOS 80G,HARTIE IGIENICA NATUR FARA TUB 60G} => {NESCAFE BRASERO 1.8G}",0.000103625004137804,0.911392405063291,0.000113699657317868,369.45582913608,72
"{BAUTURA SPIRTOASA 21% SECUIANA AMIGO 500ML PET,L&M RED 100,NESCAFE BRASERO 1.8G} => {BATON LAPTE END-IBO 100G}",0.000103625004137804,0.620689655172414,0.000166951395555351,168.133817301875,72
"{BATON LAPTE END-IBO 100G,BAUTURA SPIRTOASA 21% SECUIANA AMIGO 500ML PET,NESCAFE BRASERO 1.8G} => {L&M RED 100}",0.000103625004137804,0.857142857142857,0.000120895838160771,194.689114089572,72
"{BATON LAPTE END-IBO 100G,L&M RED 100,NESCAFE BRASERO 1.8G} => {BAUTURA SPIRTOASA 21% SECUIANA AMIGO 500ML PET}",0.000103625004137804,0.986301369863014,0.000105064240306385,293.237061916401,72
"{BATON LAPTE END-IBO 100G,BAUTURA SPIRTOASA 21% SECUIANA AMIGO 500ML PET,L&M RED 100} => {NESCAFE BRASERO 1.8G}",0.000103625004137804,0.867469879518072,0.000119456601992191,351.650728936751,72
"{BAUTURA SPIRTOASA 21% SECUIANA AMIGO 500ML PET,L&M RED 100,NESCAFE BRASERO 1.8G} => {APA MINERALA NATURALA DECARBOGAZIFICATA PARTIAL PERLA HARGHITEI 2L}",0.000100746531800643,0.603448275862069,0.000166951395555351,62.7294594399389,70
"{APA MINERALA NATURALA DECARBOGAZIFICATA PARTIAL PERLA HARGHITEI 2L,BAUTURA SPIRTOASA 21% SECUIANA AMIGO 500ML PET,NESCAFE BRASERO 1.8G} => {L&M RED 100}",0.000100746531800643,0.909090909090909,0.000110821184980707,206.488454337425,70
"{APA MINERALA NATURALA DECARBOGAZIFICATA PARTIAL PERLA HARGHITEI 2L,L&M RED 100,NESCAFE BRASERO 1.8G} => {BAUTURA SPIRTOASA 21% SECUIANA AMIGO 500ML PET}",0.000100746531800643,0.985915492957746,0.000102185767969223,293.122336931301,70
"{APA MINERALA NATURALA DECARBOGAZIFICATA PARTIAL PERLA HARGHITEI 2L,BAUTURA SPIRTOASA 21% SECUIANA AMIGO 500ML PET,L&M RED 100} => {NESCAFE BRASERO 1.8G}",0.000100746531800643,0.686274509803922,0.000146802089195222,278.198629510147,70
"{BAUTURA SPIRTOASA 21% SECUIANA AMIGO 500ML PET,L&M RED 100,NESCAFE BRASERO 1.8G} => {CORN CU CASCAVAL PANOS 80G}",0.00011801736582361,0.706896551724138,0.000166951395555351,32.6092759124355,82
"{BAUTURA SPIRTOASA 21% SECUIANA AMIGO 500ML PET,CORN CU CASCAVAL PANOS 80G,NESCAFE BRASERO 1.8G} => {L&M RED 100}",0.00011801736582361,0.845360824742268,0.000139605908352319,192.012975064286,82
"{CORN CU CASCAVAL PANOS 80G,L&M RED 100,NESCAFE BRASERO 1.8G} => {BAUTURA SPIRTOASA 21% SECUIANA AMIGO 500ML PET}",0.00011801736582361,1,0.00011801736582361,297.309798887463,82
"{BAUTURA SPIRTOASA 21% SECUIANA AMIGO 500ML PET,CORN CU CASCAVAL PANOS 80G,L&M RED 100} => {NESCAFE BRASERO 1.8G}",0.00011801736582361,0.891304347826087,0.000132409727509416,361.312630003551,82
"{ENERGIZANT HELL 250ML,L&M RED LABEL BOX,NESCAFE BRASERO 1.8G} => {APA MINERALA NATURALA CARBOGAZIFICATA CONTINUT REDUS CO2 TUSNAD 2L}",0.000136727436015158,0.833333333333333,0.00016407292321819,20.7828726968174,95
"{APA MINERALA NATURALA CARBOGAZIFICATA CONTINUT REDUS CO2 TUSNAD 2L,L&M RED LABEL BOX,NESCAFE BRASERO 1.8G} => {ENERGIZANT HELL 250ML}",0.000136727436015158,0.641891891891892,0.00021300695294993,33.019532914865,95
"{APA MINERALA NATURALA CARBOGAZIFICATA CONTINUT REDUS CO2 TUSNAD 2L,ENERGIZANT HELL 250ML,NESCAFE BRASERO 1.8G} => {L&M RED LABEL BOX}",0.000136727436015158,0.940594059405941,0.000145362853026642,203.721003802375,95
"{APA MINERALA NATURALA CARBOGAZIFICATA CONTINUT REDUS CO2 TUSNAD 2L,ENERGIZANT HELL 250ML,L&M RED LABEL BOX} => {NESCAFE BRASERO 1.8G}",0.000136727436015158,0.510752688172043,0.000267697927355994,207.046445464925,95
"{CALTABOS VRAC,CARNATI PROASPETI,SANGERETE VRAC} => {CARNE TOCATA PORC VRAC}",0.000126652782835094,0.195121951219512,0.000649095512029856,3.98428507634181,88
"{CARNATI PROASPETI,CARNE TOCATA PORC VRAC,SANGERETE VRAC} => {CALTABOS VRAC}",0.000126652782835094,0.814814814814815,0.000155437506206706,205.795683724437,88
"{CALTABOS VRAC,CARNATI PROASPETI,CARNE TOCATA PORC VRAC} => {SANGERETE VRAC}",0.000126652782835094,0.651851851851852,0.000194296882758382,252.320412668936,88
"{CALTABOS VRAC,CARNE TOCATA PORC VRAC,SANGERETE VRAC} => {CARNATI PROASPETI}",0.000126652782835094,0.346456692913386,0.000365565986819475,194.444761044611,88
"{_PATRUNJEL RADACINA KG,_TELINA,_VARZA PROASPATA} => {_MORCOVI}",0.000130970491340836,0.883495145631068,0.000148241325363803,25.7018888218623,91
"{_MORCOVI,_TELINA,_VARZA PROASPATA} => {_PATRUNJEL RADACINA KG}",0.000130970491340836,0.798245614035088,0.00016407292321819,39.3998316278015,91
"{_MORCOVI,_PATRUNJEL RADACINA KG,_VARZA PROASPATA} => {_TELINA}",0.000130970491340836,0.654676258992806,0.000200053827432705,38.2571552177938,91
"{_PATRUNJEL RADACINA KG,_TELINA,MAGGI CUB GAINA 60G} => {_MORCOVI}",0.00016551215938677,0.912698412698413,0.000181343757241157,26.5514454120843,115
"{_MORCOVI,_TELINA,MAGGI CUB GAINA 60G} => {_PATRUNJEL RADACINA KG}",0.00016551215938677,0.804195804195804,0.000205810772107027,39.6935212972011,115
"{_MORCOVI,_PATRUNJEL RADACINA KG,MAGGI CUB GAINA 60G} => {_TELINA}",0.00016551215938677,0.664739884393064,0.000248987857164446,38.8452408153741,115
"{_GULII,_PATRUNJEL RADACINA KG,CONSERVA MAZARE VERDE GREEN PEAS 400G} => {_MORCOVI}",0.000102185767969223,0.8875,0.000115138893486449,25.8183946365768,71
"{_GULII,_MORCOVI,CONSERVA MAZARE VERDE GREEN PEAS 400G} => {_PATRUNJEL RADACINA KG}",0.000102185767969223,0.825581395348837,0.000123774310497933,40.7490719646595,71
"{_MORCOVI,_PATRUNJEL RADACINA KG,CONSERVA MAZARE VERDE GREEN PEAS 400G} => {_GULII}",0.000102185767969223,0.35678391959799,0.000286407997547542,44.0081848975037,71
"{_PATRUNJEL RADACINA KG,_TELINA,CONSERVA MAZARE VERDE GREEN PEAS 400G} => {_MORCOVI}",0.000177026048735415,0.848275862068966,0.000208689244444189,24.6773194000889,123
"{_MORCOVI,_TELINA,CONSERVA MAZARE VERDE GREEN PEAS 400G} => {_PATRUNJEL RADACINA KG}",0.000177026048735415,0.809210526315789,0.000218763897624253,39.9410381062053,123
"{_MORCOVI,_PATRUNJEL RADACINA KG,CONSERVA MAZARE VERDE GREEN PEAS 400G} => {_TELINA}",0.000177026048735415,0.618090452261307,0.000286407997547542,36.1191994455034,123
"{_CONOPIDA,_GULII,_TELINA} => {_PATRUNJEL RADACINA KG}",0.000119456601992191,0.664,0.000179904521072576,32.7737324714073,83
"{_CONOPIDA,_GULII,_PATRUNJEL RADACINA KG} => {_TELINA}",0.000119456601992191,0.619402985074627,0.000192857646589802,36.1958996020737,83
"{_CONOPIDA,_PATRUNJEL RADACINA KG,_TELINA} => {_GULII}",0.000119456601992191,0.38785046728972,0.000307996540076251,47.8401467653066,83
"{_CONOPIDA,_GULII,_TELINA} => {_MORCOVI}",0.000130970491340836,0.728,0.000179904521072576,21.1783563892145,91
"{_CONOPIDA,_GULII,_MORCOVI} => {_TELINA}",0.000130970491340836,0.561728395061728,0.000233156259310059,32.8255837979836,91
"{_CONOPIDA,_MORCOVI,_TELINA} => {_GULII}",0.000130970491340836,0.369918699186992,0.00035405209747083,45.6283190374954,91
"{_CONOPIDA,_GULII,_PATRUNJEL RADACINA KG} => {_MORCOVI}",0.00016551215938677,0.858208955223881,0.000192857646589802,24.9662844919599,115
"{_CONOPIDA,_GULII,_MORCOVI} => {_PATRUNJEL RADACINA KG}",0.00016551215938677,0.709876543209877,0.000233156259310059,35.038108305554,115
"{_CONOPIDA,_MORCOVI,_PATRUNJEL RADACINA KG} => {_GULII}",0.00016551215938677,0.350609756097561,0.00047206946329444,43.246621065758,115
"{_CONOPIDA,_PATRUNJEL RADACINA KG,_TELINA} => {_MORCOVI}",0.00025906251034451,0.841121495327103,0.000307996540076251,24.4691906520143,180
"{_CONOPIDA,_MORCOVI,_TELINA} => {_PATRUNJEL RADACINA KG}",0.00025906251034451,0.731707317073171,0.00035405209747083,36.1156323149507,180
"{_CONOPIDA,_MORCOVI,_PATRUNJEL RADACINA KG} => {_TELINA}",0.00025906251034451,0.548780487804878,0.00047206946329444,32.0689501323104,180
"{_PATRUNJEL RADACINA KG,_TELINA,ARIPI PUI REFRIGERAT VRAC SZEKELY CSURKE} => {_MORCOVI}",0.00016407292321819,0.857142857142857,0.000191418410421221,24.9352704739575,114
"{_MORCOVI,_TELINA,ARIPI PUI REFRIGERAT VRAC SZEKELY CSURKE} => {_PATRUNJEL RADACINA KG}",0.00016407292321819,0.76510067114094,0.000214446189118511,37.7638625145592,114
"{_MORCOVI,_PATRUNJEL RADACINA KG,ARIPI PUI REFRIGERAT VRAC SZEKELY CSURKE} => {_TELINA}",0.00016407292321819,0.603174603174603,0.000272015635861735,35.2475656480703,114
"{_CARTOFI NOI,_PATRUNJEL RADACINA KG,_TELINA} => {_MORCOVI}",0.000138166672183739,0.864864864864865,0.000159755214712448,25.1599125502994,96
"{_CARTOFI NOI,_MORCOVI,_TELINA} => {_PATRUNJEL RADACINA KG}",0.000138166672183739,0.627450980392157,0.000220203133792833,30.9697448347812,96
"{_CARTOFI NOI,_MORCOVI,_PATRUNJEL RADACINA KG} => {_TELINA}",0.000138166672183739,0.564705882352941,0.000244670148658704,32.9995784890912,96
"{_CAPSUNI KG,_PATRUNJEL RADACINA KG,_TELINA} => {_MORCOVI}",0.000105064240306385,0.869047619047619,0.000120895838160771,25.2815936749846,73
"{_CAPSUNI KG,_MORCOVI,_TELINA} => {_PATRUNJEL RADACINA KG}",0.000105064240306385,0.802197802197802,0.000130970491340836,39.5949038529844,73
"{_CAPSUNI KG,_MORCOVI,_PATRUNJEL RADACINA KG} => {_TELINA}",0.000105064240306385,0.629310344827586,0.000166951395555351,36.7748535425307,73
"{_CARTOFI ROSII,_PATRUNJEL RADACINA KG,_TELINA} => {_MORCOVI}",0.000197175355095544,0.919463087248322,0.000214446189118511,26.748237566583,137
"{_CARTOFI ROSII,_MORCOVI,_TELINA} => {_PATRUNJEL RADACINA KG}",0.000197175355095544,0.825301204819277,0.000238913203984381,40.7352423118631,137
"{_CARTOFI ROSII,_MORCOVI,_PATRUNJEL RADACINA KG} => {_TELINA}",0.000197175355095544,0.59051724137931,0.000333902791110702,34.5079105159363,137
"{_PATRUNJEL RADACINA KG,_TELINA,DROJDIE PROASPATA BUDAFOK 50G} => {_MORCOVI}",0.000100746531800643,0.833333333333333,0.000120895838160771,24.2426240719031,70
"{_MORCOVI,_TELINA,DROJDIE PROASPATA BUDAFOK 50G} => {_PATRUNJEL RADACINA KG}",0.000100746531800643,0.721649484536082,0.000139605908352319,35.6191975064978,70
"{_MORCOVI,_PATRUNJEL RADACINA KG,DROJDIE PROASPATA BUDAFOK 50G} => {_TELINA}",0.000100746531800643,0.5,0.000201493063601286,29.2183767872161,70
"{_PATRUNJEL RADACINA KG,_TELINA,_VARZA NOUA} => {_MORCOVI}",0.000181343757241157,0.851351351351351,0.00021300695294993,24.766788916701,126
"{_MORCOVI,_TELINA,_VARZA NOUA} => {_PATRUNJEL RADACINA KG}",0.000181343757241157,0.663157894736842,0.000273454872030316,32.7321678138658,126
"{_MORCOVI,_PATRUNJEL RADACINA KG,_VARZA NOUA} => {_TELINA}",0.000181343757241157,0.577981651376147,0.000313753484750573,33.7753713320113,126
"{_PATRUNJEL RADACINA KG,_TELINA,SMANTANA 20% GRASIME FRISS 170G} => {_MORCOVI}",0.0001410451445209,0.875,0.000161194450881028,25.4547552754982,98
"{_MORCOVI,_TELINA,SMANTANA 20% GRASIME FRISS 170G} => {_PATRUNJEL RADACINA KG}",0.0001410451445209,0.784,0.000179904521072576,38.6966961710592,98
"{_MORCOVI,_PATRUNJEL RADACINA KG,SMANTANA 20% GRASIME FRISS 170G} => {_TELINA}",0.0001410451445209,0.566473988439306,0.000248987857164446,33.1029008687536,98
"{_GULII,_PATRUNJEL FRUNZE LEGATURA,_TELINA} => {_PATRUNJEL RADACINA KG}",0.000148241325363803,0.83739837398374,0.000177026048735415,41.3323347604436,103
"{_GULII,_PATRUNJEL FRUNZE LEGATURA,_PATRUNJEL RADACINA KG} => {_TELINA}",0.000148241325363803,0.78030303030303,0.000189979174252641,45.598375895201,103
"{_PATRUNJEL FRUNZE LEGATURA,_PATRUNJEL RADACINA KG,_TELINA} => {_GULII}",0.000148241325363803,0.323899371069182,0.000457677101608634,39.9519782905542,103
"{_GULII,_PATRUNJEL FRUNZE LEGATURA,_TELINA} => {_MORCOVI}",0.00016551215938677,0.934959349593496,0.000177026048735415,27.1990416416474,115
"{_GULII,_MORCOVI,_PATRUNJEL FRUNZE LEGATURA} => {_TELINA}",0.00016551215938677,0.723270440251572,0.000228838550804317,42.2655764846523,115
"{_MORCOVI,_PATRUNJEL FRUNZE LEGATURA,_TELINA} => {_GULII}",0.00016551215938677,0.323033707865169,0.000512368076014697,39.8452014313725,115
"{_GULII,_PATRUNJEL FRUNZE LEGATURA,_PATRUNJEL RADACINA KG} => {_MORCOVI}",0.000179904521072576,0.946969696969697,0.000189979174252641,27.5484364453444,125
"{_GULII,_MORCOVI,_PATRUNJEL FRUNZE LEGATURA} => {_PATRUNJEL RADACINA KG}",0.000179904521072576,0.786163522012579,0.000228838550804317,38.8034833572584,125
"{_MORCOVI,_PATRUNJEL FRUNZE LEGATURA,_PATRUNJEL RADACINA KG} => {_GULII}",0.000179904521072576,0.275330396475771,0.000653413220535597,33.961146594447,125
"{_CEAPA GALBENA,_PATRUNJEL FRUNZE LEGATURA,_TELINA} => {_MORCOVI}",0.000105064240306385,0.858823529411765,0.000122335074329352,24.9841631611613,73
"{_CEAPA GALBENA,_MORCOVI,_PATRUNJEL FRUNZE LEGATURA} => {_TELINA}",0.000105064240306385,0.493243243243243,0.00021300695294993,28.8235338576592,73
"{_MORCOVI,_PATRUNJEL FRUNZE LEGATURA,_TELINA} => {_CEAPA GALBENA}",0.000105064240306385,0.205056179775281,0.000512368076014697,11.6449284379405,73
"{_CEAPA GALBENA,_PATRUNJEL FRUNZE LEGATURA,_PATRUNJEL RADACINA KG} => {_MORCOVI}",0.000126652782835094,0.946236559139785,0.000133848963677997,27.5271086235803,88
"{_CEAPA GALBENA,_MORCOVI,_PATRUNJEL FRUNZE LEGATURA} => {_PATRUNJEL RADACINA KG}",0.000126652782835094,0.594594594594595,0.00021300695294993,29.3480183316086,88
"{_MORCOVI,_PATRUNJEL FRUNZE LEGATURA,_PATRUNJEL RADACINA KG} => {_CEAPA GALBENA}",0.000126652782835094,0.193832599118943,0.000653413220535597,11.0075528967413,88
"{_PATRUNJEL FRUNZE LEGATURA,_PATRUNJEL RADACINA KG,_TELINA} => {_MORCOVI}",0.000414500016551216,0.905660377358491,0.000457677101608634,26.3467008781437,288
"{_MORCOVI,_PATRUNJEL FRUNZE LEGATURA,_TELINA} => {_PATRUNJEL RADACINA KG}",0.000414500016551216,0.808988764044944,0.000512368076014697,39.9300923572039,288
"{_MORCOVI,_PATRUNJEL FRUNZE LEGATURA,_PATRUNJEL RADACINA KG} => {_TELINA}",0.000414500016551216,0.634361233480176,0.000653413220535597,37.070011078054,288
"{_PATRUNJEL RADACINA KG,_TELINA,CASCAVAL TRAPPIST 40% AMMERLAND} => {_MORCOVI}",0.000103625004137804,0.837209302325581,0.000123774310497933,24.3553804629352,72
"{_MORCOVI,_TELINA,CASCAVAL TRAPPIST 40% AMMERLAND} => {_PATRUNJEL RADACINA KG}",0.000103625004137804,0.757894736842105,0.000136727436015158,37.4081917872753,72
"{_MORCOVI,_PATRUNJEL RADACINA KG,CASCAVAL TRAPPIST 40% AMMERLAND} => {_TELINA}",0.000103625004137804,0.642857142857143,0.000161194450881028,37.5664844407065,72
"{_PATRUNJEL RADACINA KG,_TELINA,WINSTON SUPERSLIMS SILVER} => {_MORCOVI}",0.000120895838160771,0.884210526315789,0.000136727436015158,25.7227000678719,84
"{_MORCOVI,_TELINA,WINSTON SUPERSLIMS SILVER} => {_PATRUNJEL RADACINA KG}",0.000120895838160771,0.75,0.000161194450881028,37.0185231228245,84
"{_MORCOVI,_PATRUNJEL RADACINA KG,WINSTON SUPERSLIMS SILVER} => {_TELINA}",0.000120895838160771,0.515337423312883,0.00023459549547864,30.1146460138179,84
"{_PATRUNJEL RADACINA KG,_TELINA,PULPE DE PUI INFERIOARE REFR.VRAC SZEKELY CSURKE} => {_MORCOVI}",0.000189979174252641,0.851612903225806,0.000223081606129995,24.7743977612223,132
"{_MORCOVI,_TELINA,PULPE DE PUI INFERIOARE REFR.VRAC SZEKELY CSURKE} => {_PATRUNJEL RADACINA KG}",0.000189979174252641,0.8,0.000237473967815801,39.4864246643461,132
"{_MORCOVI,_PATRUNJEL RADACINA KG,PULPE DE PUI INFERIOARE REFR.VRAC SZEKELY CSURKE} => {_TELINA}",0.000189979174252641,0.622641509433962,0.00030511806773909,36.385148452005,132
"{_PATRUNJEL RADACINA KG,_TELINA,PALL MALL S-LINE FLOW VIOLET/ROSE} => {_MORCOVI}",0.000139605908352319,0.906542056074766,0.000153998270038125,26.3723499249488,97
"{_MORCOVI,_TELINA,PALL MALL S-LINE FLOW VIOLET/ROSE} => {_PATRUNJEL RADACINA KG}",0.000139605908352319,0.815126050420168,0.000171269104061093,40.2330167273274,97
"{_MORCOVI,_PATRUNJEL RADACINA KG,PALL MALL S-LINE FLOW VIOLET/ROSE} => {_TELINA}",0.000139605908352319,0.633986928104575,0.000220203133792833,37.0481378870584,97
"{_CIUPERCI,_PATRUNJEL RADACINA KG,_TELINA} => {_MORCOVI}",0.000162633687049609,0.807142857142857,0.000201493063601286,23.4807130296433,113
"{_CIUPERCI,_MORCOVI,_TELINA} => {_PATRUNJEL RADACINA KG}",0.000162633687049609,0.684848484848485,0.000237473967815801,33.8027726293266,113
"{_CIUPERCI,_MORCOVI,_PATRUNJEL RADACINA KG} => {_TELINA}",0.000162633687049609,0.610810810810811,0.000266258691187413,35.6938008319505,113
"{_PATRUNJEL RADACINA KG,_TELINA,GOBE 20 OUA PROASPETE M DIN GHEORGHENI} => {_MORCOVI}",0.000143923616858061,0.862068965517241,0.000166951395555351,25.0785766261066,100
"{_MORCOVI,_TELINA,GOBE 20 OUA PROASPETE M DIN GHEORGHENI} => {_PATRUNJEL RADACINA KG}",0.000143923616858061,0.72463768115942,0.000198614591264124,35.7666890075599,100
"{_MORCOVI,_PATRUNJEL RADACINA KG,GOBE 20 OUA PROASPETE M DIN GHEORGHENI} => {_TELINA}",0.000143923616858061,0.558659217877095,0.000257623274175929,32.6462310471689,100
"{_PATRUNJEL RADACINA KG,_TELINA,PAINE DE CASA PE FOI DE VARZA RIP-ROP 1KG} => {_MORCOVI}",0.000107942712643546,0.833333333333333,0.000129531255172255,24.2426240719031,75
"{_MORCOVI,_TELINA,PAINE DE CASA PE FOI DE VARZA RIP-ROP 1KG} => {_PATRUNJEL RADACINA KG}",0.000107942712643546,0.815217391304348,0.000132409727509416,40.2375251335049,75
"{_MORCOVI,_PATRUNJEL RADACINA KG,PAINE DE CASA PE FOI DE VARZA RIP-ROP 1KG} => {_TELINA}",0.000107942712643546,0.657894736842105,0.00016407292321819,38.4452326147581,75
"{_PATRUNJEL RADACINA KG,_PORTOCALE^2 A nu se consuma coaja,_TELINA} => {_MORCOVI}",0.000113699657317868,0.877777777777778,0.000129531255172255,25.5355640224046,79
"{_MORCOVI,_PORTOCALE^2 A nu se consuma coaja,_TELINA} => {_PATRUNJEL RADACINA KG}",0.000113699657317868,0.822916666666667,0.000138166672183739,40.6175462042102,79
"{_MORCOVI,_PATRUNJEL RADACINA KG,_PORTOCALE^2 A nu se consuma coaja} => {_TELINA}",0.000113699657317868,0.626984126984127,0.000181343757241157,36.638916923652,79
"{_PATRUNJEL RADACINA KG,_TELINA,PULPE DE PUI SUPERIOARE REFR.VRAC SZEKELY CSURKE} => {_MORCOVI}",0.000244670148658704,0.83743842364532,0.000292164942221864,24.3620458653607,170
"{_MORCOVI,_TELINA,PULPE DE PUI SUPERIOARE REFR.VRAC SZEKELY CSURKE} => {_PATRUNJEL RADACINA KG}",0.000244670148658704,0.813397129186603,0.000300800359233348,40.1476805797777,170
"{_MORCOVI,_PATRUNJEL RADACINA KG,PULPE DE PUI SUPERIOARE REFR.VRAC SZEKELY CSURKE} => {_TELINA}",0.000244670148658704,0.651340996168582,0.000375640639999539,38.0622532860287,170
"{_PATRUNJEL RADACINA KG,_TELINA,SZEKELYHON} => {_MORCOVI}",0.000110821184980707,0.777777777777778,0.00014248438068948,22.6264491337762,77
"{_MORCOVI,_TELINA,SZEKELYHON} => {_PATRUNJEL RADACINA KG}",0.000110821184980707,0.819148936170213,0.000135288199846577,40.4315784462054,77
"{_MORCOVI,_PATRUNJEL RADACINA KG,SZEKELYHON} => {_TELINA}",0.000110821184980707,0.578947368421053,0.000191418410421221,33.8318047009871,77
"{_PATRUNJEL RADACINA KG,_TELINA,DR.OETKER ZAHAR VANILINAT 8G} => {_MORCOVI}",0.000128092019003674,0.773913043478261,0.00016551215938677,22.514019572863,89
"{_MORCOVI,_TELINA,DR.OETKER ZAHAR VANILINAT 8G} => {_PATRUNJEL RADACINA KG}",0.000128092019003674,0.747899159663866,0.000171269104061093,36.9148297807437,89
"{_MORCOVI,_PATRUNJEL RADACINA KG,DR.OETKER ZAHAR VANILINAT 8G} => {_TELINA}",0.000128092019003674,0.542682926829268,0.00023603473164722,31.7126284641736,89
"{_PATRUNJEL RADACINA KG,_STRUGURI ALBI,_TELINA} => {_MORCOVI}",0.000136727436015158,0.913461538461538,0.000149680561532384,26.5736456172784,95
"{_MORCOVI,_STRUGURI ALBI,_TELINA} => {_PATRUNJEL RADACINA KG}",0.000136727436015158,0.863636363636364,0.000158315978543867,42.6273902626464,95
"{_MORCOVI,_PATRUNJEL RADACINA KG,_STRUGURI ALBI} => {_TELINA}",0.000136727436015158,0.59748427672956,0.000228838550804317,34.9150414438432,95
"{_PATRUNJEL RADACINA KG,_ROSII CHERRY CASEROLA 500G,_TELINA} => {_MORCOVI}",0.000171269104061093,0.908396946564885,0.00018853993808406,26.4263108203646,119
"{_MORCOVI,_ROSII CHERRY CASEROLA 500G,_TELINA} => {_PATRUNJEL RADACINA KG}",0.000171269104061093,0.832167832167832,0.000205810772107027,41.0741655162341,119
"{_MORCOVI,_PATRUNJEL RADACINA KG,_ROSII CHERRY CASEROLA 500G} => {_TELINA}",0.000171269104061093,0.62962962962963,0.000272015635861735,36.7935115098277,119
"{_PATRUNJEL RADACINA KG,_TELINA,FAINA BL-55 GYERMELYI 1KG} => {_MORCOVI}",0.000145362853026642,0.870689655172414,0.000166951395555351,25.3293623923677,101
"{_MORCOVI,_TELINA,FAINA BL-55 GYERMELYI 1KG} => {_PATRUNJEL RADACINA KG}",0.000145362853026642,0.737226277372263,0.000197175355095544,36.3880373275452,101
"{_MORCOVI,_PATRUNJEL RADACINA KG,FAINA BL-55 GYERMELYI 1KG} => {_TELINA}",0.000145362853026642,0.520618556701031,0.000279211816704639,30.4232583042148,101
"{_PATRUNJEL RADACINA KG,_PORTOCALE PLASA BUC^2 A nu se consuma coaja,_TELINA} => {_MORCOVI}",0.000149680561532384,0.825396825396825,0.000181343757241157,24.011741937885,104
"{_MORCOVI,_PORTOCALE PLASA BUC^2 A nu se consuma coaja,_TELINA} => {_PATRUNJEL RADACINA KG}",0.000149680561532384,0.77037037037037,0.000194296882758382,38.0239644915925,104
"{_MORCOVI,_PATRUNJEL RADACINA KG,_PORTOCALE PLASA BUC^2 A nu se consuma coaja} => {_TELINA}",0.000149680561532384,0.544502617801047,0.000274894108198897,31.8189652970731,104
"{_PATRUNJEL RADACINA KG,_TELINA,PALL MALL S-LINE FLOW BLUE/PURPLE} => {_MORCOVI}",0.000120895838160771,0.8,0.000151119797700964,23.272919109027,84
"{_MORCOVI,_TELINA,PALL MALL S-LINE FLOW BLUE/PURPLE} => {_PATRUNJEL RADACINA KG}",0.000120895838160771,0.688524590163934,0.000175586812566835,33.9842179488225,84
"{_MORCOVI,_PATRUNJEL RADACINA KG,PALL MALL S-LINE FLOW BLUE/PURPLE} => {_TELINA}",0.000120895838160771,0.60431654676259,0.000200053827432705,35.3142971241174,84
"{_MANDARINE^2 A nu se consuma coaja,_PATRUNJEL RADACINA KG,_TELINA} => {_MORCOVI}",0.000113699657317868,0.806122448979592,0.0001410451445209,23.4510281838409,79
"{_MANDARINE^2 A nu se consuma coaja,_MORCOVI,_TELINA} => {_PATRUNJEL RADACINA KG}",0.000113699657317868,0.705357142857143,0.000161194450881028,34.8150396036087,79
"{_MANDARINE^2 A nu se consuma coaja,_MORCOVI,_PATRUNJEL RADACINA KG} => {_TELINA}",0.000113699657317868,0.49375,0.000230277786972898,28.8531470773759,79
"{_PATRUNJEL RADACINA KG,_TELINA,FRIPSY CROCANT CU AROMA DE CARNE DE PUI AFUMAT 50G} => {_MORCOVI}",0.000115138893486449,0.879120879120879,0.000130970491340836,25.5746363835461,80
"{_MORCOVI,_TELINA,FRIPSY CROCANT CU AROMA DE CARNE DE PUI AFUMAT 50G} => {_PATRUNJEL RADACINA KG}",0.000115138893486449,0.792079207920792,0.000145362853026642,39.0954699646991,80
"{_MORCOVI,_PATRUNJEL RADACINA KG,FRIPSY CROCANT CU AROMA DE CARNE DE PUI AFUMAT 50G} => {_TELINA}",0.000115138893486449,0.597014925373134,0.000192857646589802,34.8876140742879,80
"{_PATRUNJEL RADACINA KG,_TELINA,DROJDIE PROASPATA BRAVO 50G} => {_MORCOVI}",0.000146802089195222,0.816,0.000179904521072576,23.7383774912075,102
"{_MORCOVI,_TELINA,DROJDIE PROASPATA BRAVO 50G} => {_PATRUNJEL RADACINA KG}",0.000146802089195222,0.693877551020408,0.00021156771678135,34.2484295558104,102
"{_MORCOVI,_PATRUNJEL RADACINA KG,DROJDIE PROASPATA BRAVO 50G} => {_TELINA}",0.000146802089195222,0.476635514018692,0.000307996540076251,27.8530320775332,102
"{_CLEMENTINA^2 A nu se consuma coaja,_PATRUNJEL RADACINA KG,_TELINA} => {_MORCOVI}",0.000138166672183739,0.827586206896552,0.000166951395555351,24.0754335610624,96
"{_CLEMENTINA^2 A nu se consuma coaja,_MORCOVI,_TELINA} => {_PATRUNJEL RADACINA KG}",0.000138166672183739,0.690647482014389,0.000200053827432705,34.0889997102269,96
"{_CLEMENTINA^2 A nu se consuma coaja,_MORCOVI,_PATRUNJEL RADACINA KG} => {_TELINA}",0.000138166672183739,0.548571428571429,0.000251866329501607,32.0567333894029,96
"{_GULII,_TELINA,_VARZA ALBA} => {_PATRUNJEL RADACINA KG}",0.000119456601992191,0.838383838383838,0.00014248438068948,41.3809753426859,83
"{_GULII,_PATRUNJEL RADACINA KG,_VARZA ALBA} => {_TELINA}",0.000119456601992191,0.664,0.000179904521072576,38.802004373423,83
"{_PATRUNJEL RADACINA KG,_TELINA,_VARZA ALBA} => {_GULII}",0.000119456601992191,0.278523489932886,0.000428892378237022,34.3550047240792,83
"{_GULII,_TELINA,_VARZA ALBA} => {_MORCOVI}",0.000122335074329352,0.858585858585859,0.00014248438068948,24.9772490437789,85
"{_GULII,_MORCOVI,_VARZA ALBA} => {_TELINA}",0.000122335074329352,0.62962962962963,0.000194296882758382,36.7935115098277,85
"{_MORCOVI,_TELINA,_VARZA ALBA} => {_GULII}",0.000122335074329352,0.268987341772152,0.000454798629271473,33.17875055898,85
"{_GULII,_PATRUNJEL RADACINA KG,_VARZA ALBA} => {_MORCOVI}",0.000158315978543867,0.88,0.000179904521072576,25.6002110199297,110
"{_GULII,_MORCOVI,_VARZA ALBA} => {_PATRUNJEL RADACINA KG}",0.000158315978543867,0.814814814814815,0.000194296882758383,40.2176547507229,110
"{_MORCOVI,_PATRUNJEL RADACINA KG,_VARZA ALBA} => {_GULII}",0.000158315978543867,0.242825607064018,0.000651973984367017,29.9517820914204,110
"{_PATRUNJEL RADACINA KG,_TELINA,_VARZA ALBA} => {_MORCOVI}",0.000364126750650895,0.848993288590604,0.000428892378237022,24.6981901618449,253
"{_MORCOVI,_TELINA,_VARZA ALBA} => {_PATRUNJEL RADACINA KG}",0.000364126750650895,0.800632911392405,0.000454798629271473,39.5176639243654,253
"{_MORCOVI,_PATRUNJEL RADACINA KG,_VARZA ALBA} => {_TELINA}",0.000364126750650895,0.558498896247241,0.000651973984367017,32.6368623715924,253
"{_PATRUNJEL RADACINA KG,_TELINA,GOBE 6  L OUA PROASPETE} => {_MORCOVI}",0.00021300695294993,0.880952380952381,0.000241791676321543,25.6279168760118,148
"{_MORCOVI,_TELINA,GOBE 6  L OUA PROASPETE} => {_PATRUNJEL RADACINA KG}",0.00021300695294993,0.732673267326733,0.000290725706053283,36.1633097173467,148
"{_MORCOVI,_PATRUNJEL RADACINA KG,GOBE 6  L OUA PROASPETE} => {_TELINA}",0.00021300695294993,0.582677165354331,0.000365565986819475,34.0497619252598,148
"{_CEAPA ROSIE,_GULII,_TELINA} => {_PATRUNJEL RADACINA KG}",0.000110821184980707,0.819148936170213,0.000135288199846577,40.4315784462054,77
"{_CEAPA ROSIE,_GULII,_PATRUNJEL RADACINA KG} => {_TELINA}",0.000110821184980707,0.733333333333333,0.000151119797700964,42.853619287917,77
"{_CEAPA ROSIE,_PATRUNJEL RADACINA KG,_TELINA} => {_GULII}",0.000110821184980707,0.326271186440678,0.000339659735785024,40.2445343270738,77
"{_CEAPA ROSIE,_GULII,_TELINA} => {_MORCOVI}",0.000120895838160771,0.893617021276596,0.000135288199846577,25.9963458132748,84
"{_CEAPA ROSIE,_GULII,_MORCOVI} => {_TELINA}",0.000120895838160771,0.694214876033058,0.000174147576398254,40.5676636384489,84
"{_CEAPA ROSIE,_MORCOVI,_TELINA} => {_GULII}",0.000120895838160771,0.309963099630996,0.000390033001685346,38.2329826280688,84
"{_CEAPA ROSIE,_GULII,_PATRUNJEL RADACINA KG} => {_MORCOVI}",0.000136727436015158,0.904761904761905,0.000151119797700964,26.3205632780662,95
"{_CEAPA ROSIE,_GULII,_MORCOVI} => {_PATRUNJEL RADACINA KG}",0.000136727436015158,0.785123966942149,0.000174147576398254,38.7521729660421,95
"{_CEAPA ROSIE,_MORCOVI,_PATRUNJEL RADACINA KG} => {_GULII}",0.000136727436015158,0.254010695187166,0.000538274327049148,31.3314278634973,95
"{_CEAPA GALBENA,_CEAPA ROSIE,_TELINA} => {_PATRUNJEL RADACINA KG}",0.000113699657317868,0.724770642201835,0.000156876742375287,35.7732517027906,79
"{_CEAPA GALBENA,_CEAPA ROSIE,_PATRUNJEL RADACINA KG} => {_TELINA}",0.000113699657317868,0.548611111111111,0.000207250008275608,32.0590523081955,79
"{_CEAPA ROSIE,_PATRUNJEL RADACINA KG,_TELINA} => {_CEAPA GALBENA}",0.000113699657317868,0.334745762711864,0.000339659735785024,19.0098657643742,79
"{_CEAPA GALBENA,_CEAPA ROSIE,_TELINA} => {_MORCOVI}",0.000123774310497933,0.788990825688073,0.000156876742375287,22.9526495800037,86
"{_CEAPA GALBENA,_CEAPA ROSIE,_MORCOVI} => {_TELINA}",0.000123774310497933,0.382222222222222,0.000323828137930637,22.3358258106719,86
"{_CEAPA ROSIE,_MORCOVI,_TELINA} => {_CEAPA GALBENA}",0.000123774310497933,0.317343173431734,0.000390033001685346,18.0215907120248,86
"{_CEAPA GALBENA,_CEAPA ROSIE,_PATRUNJEL RADACINA KG} => {_MORCOVI}",0.000179904521072576,0.868055555555556,0.000207250008275608,25.2527334082324,125
"{_CEAPA GALBENA,_CEAPA ROSIE,_MORCOVI} => {_PATRUNJEL RADACINA KG}",0.000179904521072576,0.555555555555556,0.000323828137930637,27.4211282391292,125
"{_CEAPA ROSIE,_MORCOVI,_PATRUNJEL RADACINA KG} => {_CEAPA GALBENA}",0.000179904521072576,0.334224598930481,0.000538274327049148,18.9802694120707,125
"{_CEAPA ROSIE,_PATRUNJEL RADACINA KG,_TELINA} => {_MORCOVI}",0.000300800359233348,0.885593220338983,0.000339659735785024,25.7629242255648,209
"{_CEAPA ROSIE,_MORCOVI,_TELINA} => {_PATRUNJEL RADACINA KG}",0.000300800359233348,0.771217712177122,0.000390033001685346,38.0657876146141,209
"{_CEAPA ROSIE,_MORCOVI,_PATRUNJEL RADACINA KG} => {_TELINA}",0.000300800359233348,0.558823529411765,0.000538274327049148,32.6558328798298,209
"{_CEAPA ROSIE,_MORCOVI,_PATRUNJEL RADACINA KG} => {_BANANE}",0.000107942712643546,0.200534759358289,0.000538274327049149,2.60462020289767,75
"{_BANANE,_CEAPA ROSIE,_PATRUNJEL RADACINA KG} => {_MORCOVI}",0.000107942712643546,0.815217391304348,0.000132409727509416,23.7156105051226,75
"{_BANANE,_CEAPA ROSIE,_MORCOVI} => {_PATRUNJEL RADACINA KG}",0.000107942712643546,0.506756756756757,0.00021300695294993,25.01251562353,75
"{_PATRUNJEL RADACINA KG,_TELINA,MAGAZIN DE RECLAMA SI PUBLICITATE HETI HIRDETO} => {_MORCOVI}",0.000103625004137804,0.765957446808511,0.000135288199846577,22.2825821256641,72
"{_MORCOVI,_TELINA,MAGAZIN DE RECLAMA SI PUBLICITATE HETI HIRDETO} => {_PATRUNJEL RADACINA KG}",0.000103625004137804,0.666666666666667,0.000155437506206706,32.9053538869551,72
"{_MORCOVI,_PATRUNJEL RADACINA KG,MAGAZIN DE RECLAMA SI PUBLICITATE HETI HIRDETO} => {_TELINA}",0.000103625004137804,0.529411764705882,0.000195736118926963,30.937104833523,72
"{_PATRUNJEL RADACINA KG,_TELINA,GOBE 10 OUA PROASPETE L} => {_MORCOVI}",0.00025906251034451,0.853080568720379,0.000303678831570509,24.8170938366401,180
"{_MORCOVI,_TELINA,GOBE 10 OUA PROASPETE L} => {_PATRUNJEL RADACINA KG}",0.00025906251034451,0.837209302325581,0.000309435776244831,41.323002555711,180
"{_MORCOVI,_PATRUNJEL RADACINA KG,GOBE 10 OUA PROASPETE L} => {_TELINA}",0.00025906251034451,0.616438356164384,0.000420256961225538,36.0226563130062,180
"{_CEAPA VERDE LEGATURA,_GULII,_PATRUNJEL RADACINA KG} => {_MORCOVI}",0.000109381948812126,0.894117647058824,0.000122335074329352,26.0109095924419,76
"{_CEAPA VERDE LEGATURA,_GULII,_MORCOVI} => {_PATRUNJEL RADACINA KG}",0.000109381948812126,0.730769230769231,0.000149680561532384,36.0693302222392,76
"{_CEAPA VERDE LEGATURA,_MORCOVI,_PATRUNJEL RADACINA KG} => {_GULII}",0.000109381948812126,0.301587301587302,0.000362687514482314,37.1998540347555,76
"{_CEAPA VERDE LEGATURA,_RIDICHI ROSU LEGATURA,_TELINA} => {_MORCOVI}",0.000107942712643546,0.735294117647059,0.000146802089195222,21.3905506516792,75
"{_CEAPA VERDE LEGATURA,_MORCOVI,_RIDICHI ROSU LEGATURA} => {_TELINA}",0.000107942712643546,0.474683544303797,0.000227399314635737,27.7389653043191,75
"{_CEAPA VERDE LEGATURA,_MORCOVI,_TELINA} => {_RIDICHI ROSU LEGATURA}",0.000107942712643546,0.376884422110553,0.000286407997547542,39.3425775210186,75
"{_MORCOVI,_RIDICHI ROSU LEGATURA,_TELINA} => {_CEAPA VERDE LEGATURA}",0.000107942712643546,0.308641975308642,0.000349734388965088,39.8085124912054,75
"{_CEAPA VERDE LEGATURA,_PATRUNJEL RADACINA KG,_RIDICHI ROSU LEGATURA} => {_MORCOVI}",0.000132409727509416,0.867924528301887,0.000152559033869545,25.2489216748877,92
"{_CEAPA VERDE LEGATURA,_MORCOVI,_RIDICHI ROSU LEGATURA} => {_PATRUNJEL RADACINA KG}",0.000132409727509416,0.582278481012658,0.000227399314635737,28.7401192177203,92
"{_CEAPA VERDE LEGATURA,_MORCOVI,_PATRUNJEL RADACINA KG} => {_RIDICHI ROSU LEGATURA}",0.000132409727509416,0.365079365079365,0.000362687514482314,38.1102597489316,92
"{_MORCOVI,_PATRUNJEL RADACINA KG,_RIDICHI ROSU LEGATURA} => {_CEAPA VERDE LEGATURA}",0.000132409727509416,0.276276276276276,0.000479265644137343,35.6339982083439,92
"{_CEAPA VERDE LEGATURA,_PATRUNJEL RADACINA KG,_TELINA} => {_MORCOVI}",0.000217324661455672,0.872832369942196,0.000248987857164446,25.3916964267563,151
"{_CEAPA VERDE LEGATURA,_MORCOVI,_TELINA} => {_PATRUNJEL RADACINA KG}",0.000217324661455672,0.758793969849246,0.000286407997547542,37.4525761577655,151
"{_CEAPA VERDE LEGATURA,_MORCOVI,_PATRUNJEL RADACINA KG} => {_TELINA}",0.000217324661455672,0.599206349206349,0.000362687514482314,35.0156737688067,151
"{_PATRUNJEL RADACINA KG,_TELINA,CEAFA DE PORC FARA OS} => {_MORCOVI}",0.000174147576398254,0.83448275862069,0.000208689244444189,24.2760621740712,121
"{_MORCOVI,_TELINA,CEAFA DE PORC FARA OS} => {_PATRUNJEL RADACINA KG}",0.000174147576398254,0.715976331360947,0.000243230912490123,35.3391818371736,121
"{_MORCOVI,_PATRUNJEL RADACINA KG,CEAFA DE PORC FARA OS} => {_TELINA}",0.000174147576398254,0.545045045045045,0.000319510429424896,31.8506629842626,121
"{_GULII,_PATRUNJEL RADACINA KG,SPATE PORC FARA OS} => {_MORCOVI}",0.000100746531800643,0.853658536585366,0.00011801736582361,24.8339075858519,70
"{_GULII,_MORCOVI,SPATE PORC FARA OS} => {_PATRUNJEL RADACINA KG}",0.000100746531800643,0.74468085106383,0.000135288199846577,36.7559804056413,70
"{_MORCOVI,_PATRUNJEL RADACINA KG,SPATE PORC FARA OS} => {_GULII}",0.000100746531800643,0.252707581227437,0.000398668418696829,31.1706928165061,70
"{_PATRUNJEL RADACINA KG,_TELINA,SPATE PORC FARA OS} => {_MORCOVI}",0.00023459549547864,0.835897435897436,0.000280651052873219,24.3172167613551,163
"{_MORCOVI,_TELINA,SPATE PORC FARA OS} => {_PATRUNJEL RADACINA KG}",0.00023459549547864,0.737556561085973,0.000318071193256315,36.4043394812693,163
"{_MORCOVI,_PATRUNJEL RADACINA KG,SPATE PORC FARA OS} => {_TELINA}",0.00023459549547864,0.588447653429603,0.000398668418696829,34.3869705149186,163
"{_ARDEI GRAS ROMANIA,_GULII,_TELINA} => {_PATRUNJEL RADACINA KG}",0.000110821184980707,0.846153846153846,0.000130970491340836,41.7644876257507,77
"{_ARDEI GRAS ROMANIA,_GULII,_PATRUNJEL RADACINA KG} => {_TELINA}",0.000110821184980707,0.740384615384615,0.000149680561532384,43.2656733195316,77
"{_ARDEI GRAS ROMANIA,_PATRUNJEL RADACINA KG,_TELINA} => {_GULII}",0.000110821184980707,0.239130434782609,0.000463434046282957,29.4959941030727,77
"{_ARDEI GRAS ROMANIA,_GULII,_TELINA} => {_MORCOVI}",0.000115138893486449,0.879120879120879,0.000130970491340836,25.5746363835461,80
"{_ARDEI GRAS ROMANIA,_GULII,_MORCOVI} => {_TELINA}",0.000115138893486449,0.720720720720721,0.000159755214712448,42.116579152744,80
"{_ARDEI GRAS ROMANIA,_MORCOVI,_TELINA} => {_GULII}",0.000115138893486449,0.218579234972678,0.000526760437700504,26.9610676351981,80
"{_ARDEI GRAS ROMANIA,_GULII,_PATRUNJEL RADACINA KG} => {_MORCOVI}",0.000139605908352319,0.932692307692308,0.000149680561532384,27.1330907881685,97
"{_ARDEI GRAS ROMANIA,_GULII,_MORCOVI} => {_PATRUNJEL RADACINA KG}",0.000139605908352319,0.873873873873874,0.000159755214712448,43.1326936085763,97
"{_ARDEI GRAS ROMANIA,_MORCOVI,_PATRUNJEL RADACINA KG} => {_GULII}",0.000139605908352319,0.216035634743875,0.000646217039692694,26.6473224717373,97
"{_ARDEI GRAS ROMANIA,_CEAPA GALBENA,_PATRUNJEL RADACINA KG} => {_MORCOVI}",0.000110821184980707,0.895348837209302,0.000123774310497933,26.0467263284168,77
"{_ARDEI GRAS ROMANIA,_CEAPA GALBENA,_MORCOVI} => {_PATRUNJEL RADACINA KG}",0.000110821184980707,0.55,0.000201493063601285,27.1469169567379,77
"{_ARDEI GRAS ROMANIA,_MORCOVI,_PATRUNJEL RADACINA KG} => {_CEAPA GALBENA}",0.000110821184980707,0.171492204899777,0.000646217039692694,9.73886500719485,77
"{_ARDEI GRAS ROMANIA,_PATRUNJEL RADACINA KG,_TELINA} => {_MORCOVI}",0.000405864599539732,0.875776397515528,0.000463434046282957,25.4773415712174,282
"{_ARDEI GRAS ROMANIA,_MORCOVI,_TELINA} => {_PATRUNJEL RADACINA KG}",0.000405864599539732,0.770491803278688,0.000526760437700504,38.0299581808251,282
"{_ARDEI GRAS ROMANIA,_MORCOVI,_PATRUNJEL RADACINA KG} => {_TELINA}",0.000405864599539732,0.628062360801782,0.000646217039692694,36.7019254075499,282
"{_PATRUNJEL RADACINA KG,_TELINA,UNT 65% GRASIME FRISS 180G} => {_MORCOVI}",0.000191418410421221,0.852564102564103,0.000224520842298575,24.8020692427932,133
"{_MORCOVI,_TELINA,UNT 65% GRASIME FRISS 180G} => {_PATRUNJEL RADACINA KG}",0.000191418410421221,0.791666666666667,0.000241791676321543,39.0751077407592,133
"{_MORCOVI,_PATRUNJEL RADACINA KG,UNT 65% GRASIME FRISS 180G} => {_TELINA}",0.000191418410421221,0.568376068376068,0.000336781263447863,33.214052245297,133
"{_ARDEI ROSU CALIFORNIA,_GULII,_PATRUNJEL RADACINA KG} => {_MORCOVI}",0.000116578129655029,0.920454545454545,0.000126652782835094,26.7770802248748,81
"{_ARDEI ROSU CALIFORNIA,_GULII,_MORCOVI} => {_PATRUNJEL RADACINA KG}",0.000116578129655029,0.736363636363636,0.000158315978543867,36.3454590660458,81
"{_ARDEI ROSU CALIFORNIA,_MORCOVI,_PATRUNJEL RADACINA KG} => {_GULII}",0.000116578129655029,0.236842105263158,0.000492218769654569,29.2137357862969,81
"{_GULII,_TELINA,PASTE ATA PAIANJENULUI CU 8 OUA GYERMELYI 250G} => {_PATRUNJEL RADACINA KG}",0.000243230912490123,0.728448275862069,0.000333902791110702,35.9547724583755,169
"{_GULII,_PATRUNJEL RADACINA KG,PASTE ATA PAIANJENULUI CU 8 OUA GYERMELYI 250G} => {_TELINA}",0.000243230912490123,0.684210526315789,0.000355491333639411,39.9830419193484,169
"{_GULII,_PATRUNJEL RADACINA KG,_TELINA} => {PASTE ATA PAIANJENULUI CU 8 OUA GYERMELYI 250G}",0.000243230912490123,0.101197604790419,0.00240352440152962,11.4200765595656,169
"{_PATRUNJEL RADACINA KG,_TELINA,PASTE ATA PAIANJENULUI CU 8 OUA GYERMELYI 250G} => {_GULII}",0.000243230912490123,0.271704180064309,0.00089520489685714,33.5138640978204,169
"{_GULII,_TELINA,PASTE ATA PAIANJENULUI CU 8 OUA GYERMELYI 250G} => {_MORCOVI}",0.000273454872030316,0.818965517241379,0.000333902791110702,23.8246477948013,190
"{_GULII,_MORCOVI,PASTE ATA PAIANJENULUI CU 8 OUA GYERMELYI 250G} => {_TELINA}",0.000273454872030316,0.650684931506849,0.000420256961225538,38.0239149970621,190
"{_GULII,_MORCOVI,_TELINA} => {PASTE ATA PAIANJENULUI CU 8 OUA GYERMELYI 250G}",0.000273454872030316,0.106502242152466,0.00256759732474781,12.0187010519217,190
"{_MORCOVI,_TELINA,PASTE ATA PAIANJENULUI CU 8 OUA GYERMELYI 250G} => {_GULII}",0.000273454872030316,0.272596843615495,0.00100314760950069,33.6239713657044,190
"{_GULII,_PATRUNJEL RADACINA KG,PASTE ATA PAIANJENULUI CU 8 OUA GYERMELYI 250G} => {_MORCOVI}",0.000309435776244831,0.870445344129555,0.000355491333639411,25.3222551034453,215
"{_GULII,_MORCOVI,PASTE ATA PAIANJENULUI CU 8 OUA GYERMELYI 250G} => {_PATRUNJEL RADACINA KG}",0.000309435776244831,0.736301369863014,0.000420256961225538,36.3423857141884,215
"{_MORCOVI,_PATRUNJEL RADACINA KG,PASTE ATA PAIANJENULUI CU 8 OUA GYERMELYI 250G} => {_GULII}",0.000309435776244831,0.244318181818182,0.00126652782835094,30.135886537127,215
"{_GULII,_RIDICHI ROSU LEGATURA,_TELINA} => {_PATRUNJEL RADACINA KG}",0.000102185767969223,0.78021978021978,0.000130970491340836,38.5101119666013,71
"{_GULII,_PATRUNJEL RADACINA KG,_RIDICHI ROSU LEGATURA} => {_TELINA}",0.000102185767969223,0.676190476190476,0.000151119797700964,39.5143762265209,71
"{_PATRUNJEL RADACINA KG,_RIDICHI ROSU LEGATURA,_TELINA} => {_GULII}",0.000102185767969223,0.31140350877193,0.000328145846436379,38.4106526079089,71
"{_GULII,_RIDICHI ROSU LEGATURA,_TELINA} => {_MORCOVI}",0.000107942712643546,0.824175824175824,0.000130970491340836,23.9762216095745,75
"{_GULII,_MORCOVI,_RIDICHI ROSU LEGATURA} => {_TELINA}",0.000107942712643546,0.614754098360656,0.000175586812566835,35.924233754774,75
"{_MORCOVI,_RIDICHI ROSU LEGATURA,_TELINA} => {_GULII}",0.000107942712643546,0.308641975308642,0.000349734388965088,38.0700260589603,75
"{_GULII,_PATRUNJEL RADACINA KG,_RIDICHI ROSU LEGATURA} => {_MORCOVI}",0.000133848963677997,0.885714285714286,0.000151119797700964,25.7664461564227,93
"{_GULII,_MORCOVI,_RIDICHI ROSU LEGATURA} => {_PATRUNJEL RADACINA KG}",0.000133848963677997,0.762295081967213,0.000175586812566835,37.6253841576249,93
"{_MORCOVI,_PATRUNJEL RADACINA KG,_RIDICHI ROSU LEGATURA} => {_GULII}",0.000133848963677997,0.279279279279279,0.000479265644137343,34.448228985243,93
"{_ARDEI IUTE,_GULII,_TELINA} => {_PATRUNJEL RADACINA KG}",0.000130970491340836,0.758333333333333,0.000172708340229673,37.4298400464114,91
"{_ARDEI IUTE,_GULII,_PATRUNJEL RADACINA KG} => {_TELINA}",0.000130970491340836,0.764705882352941,0.000171269104061093,44.6869292039776,91
"{_ARDEI IUTE,_PATRUNJEL RADACINA KG,_TELINA} => {_GULII}",0.000130970491340836,0.313793103448276,0.000417378488888377,38.7054016662892,91
"{_ARDEI IUTE,_GULII,_TELINA} => {_MORCOVI}",0.00014248438068948,0.825,0.000172708340229673,24.0001978311841,99
"{_ARDEI IUTE,_GULII,_MORCOVI} => {_TELINA}",0.00014248438068948,0.755725190839695,0.00018853993808406,44.1621267470901,99
"{_ARDEI IUTE,_MORCOVI,_TELINA} => {_GULII}",0.00014248438068948,0.303680981595092,0.000469190990957279,37.458102940712,99
"{_ARDEI IUTE,_GULII,_PATRUNJEL RADACINA KG} => {_MORCOVI}",0.000146802089195222,0.857142857142857,0.000171269104061093,24.9352704739575,102
"{_ARDEI IUTE,_GULII,_MORCOVI} => {_PATRUNJEL RADACINA KG}",0.000146802089195222,0.778625954198473,0.00018853993808406,38.4314438527033,102
"{_ARDEI IUTE,_MORCOVI,_PATRUNJEL RADACINA KG} => {_GULII}",0.000146802089195222,0.258227848101266,0.000568498286589341,31.8516005366208,102
"{_ARDEI ALB BIANCA,_GULII,_TELINA} => {_PATRUNJEL RADACINA KG}",0.000250427093333026,0.798165137614679,0.000313753484750573,39.3958594701618,174
"{_ARDEI ALB BIANCA,_GULII,_PATRUNJEL RADACINA KG} => {_TELINA}",0.000250427093333026,0.780269058295964,0.000320949665593476,45.5963906813956,174
"{_GULII,_PATRUNJEL RADACINA KG,_TELINA} => {_ARDEI ALB BIANCA}",0.000250427093333026,0.104191616766467,0.00240352440152962,10.3745614531899,174
"{_ARDEI ALB BIANCA,_PATRUNJEL RADACINA KG,_TELINA} => {_GULII}",0.000250427093333026,0.307420494699647,0.000814607671416626,37.9193602314478,174
"{_ARDEI ALB BIANCA,_GULII,_TELINA} => {_MORCOVI}",0.000264819455018832,0.844036697247706,0.000313753484750573,24.5539972251202,184
"{_ARDEI ALB BIANCA,_GULII,_MORCOVI} => {_TELINA}",0.000264819455018832,0.727272727272727,0.000364126750650895,42.4994571450417,184
"{_GULII,_MORCOVI,_TELINA} => {_ARDEI ALB BIANCA}",0.000264819455018832,0.103139013452915,0.00256759732474781,10.2697516988048,184
"{_ARDEI ALB BIANCA,_MORCOVI,_TELINA} => {_GULII}",0.000264819455018832,0.291139240506329,0.000909597258542946,35.9111182520724,184
"{_ARDEI ALB BIANCA,_GULII,_PATRUNJEL RADACINA KG} => {_MORCOVI}",0.000295043414559025,0.919282511210762,0.000320949665593476,26.7429844021891,205
"{_ARDEI ALB BIANCA,_GULII,_MORCOVI} => {_PATRUNJEL RADACINA KG}",0.000295043414559025,0.810276679841897,0.000364126750650895,39.9936613448169,205
"{_ARDEI ALB BIANCA,_MORCOVI,_PATRUNJEL RADACINA KG} => {_GULII}",0.000295043414559025,0.265544041450777,0.00111109032214423,32.754030192178,205
"{_GULII,_TELINA,PULPE PUI CU SPATE REFR.VRAC SZEKELY CSURKE} => {_PATRUNJEL RADACINA KG}",0.000153998270038125,0.713333333333333,0.000215885425287092,35.2087286590419,107
"{_GULII,_PATRUNJEL RADACINA KG,PULPE PUI CU SPATE REFR.VRAC SZEKELY CSURKE} => {_TELINA}",0.000153998270038125,0.727891156462585,0.00021156771678135,42.5355961392126,107
"{_PATRUNJEL RADACINA KG,_TELINA,PULPE PUI CU SPATE REFR.VRAC SZEKELY CSURKE} => {_GULII}",0.000153998270038125,0.270886075949367,0.000568498286589341,33.4129535041022,107
"{_GULII,_TELINA,PULPE PUI CU SPATE REFR.VRAC SZEKELY CSURKE} => {_MORCOVI}",0.000172708340229673,0.8,0.000215885425287092,23.272919109027,120
"{_GULII,_MORCOVI,PULPE PUI CU SPATE REFR.VRAC SZEKELY CSURKE} => {_TELINA}",0.000172708340229673,0.618556701030928,0.000279211816704639,36.1464455099581,120
"{_MORCOVI,_TELINA,PULPE PUI CU SPATE REFR.VRAC SZEKELY CSURKE} => {_GULII}",0.000172708340229673,0.263157894736842,0.000656291692872759,32.4597064292188,120
"{_GULII,_PATRUNJEL RADACINA KG,PULPE PUI CU SPATE REFR.VRAC SZEKELY CSURKE} => {_MORCOVI}",0.000184222229578318,0.870748299319728,0.00021156771678135,25.3310684179885,128
"{_GULII,_MORCOVI,PULPE PUI CU SPATE REFR.VRAC SZEKELY CSURKE} => {_PATRUNJEL RADACINA KG}",0.000184222229578318,0.65979381443299,0.000279211816704639,32.5661234345122,128
"{_MORCOVI,_PATRUNJEL RADACINA KG,PULPE PUI CU SPATE REFR.VRAC SZEKELY CSURKE} => {_GULII}",0.000184222229578318,0.234862385321101,0.000784383711876433,28.9695434993982,128
"{_CARTOFI ALBI,_GULII,_TELINA} => {_PATRUNJEL RADACINA KG}",0.000168390631723931,0.835714285714286,0.000201493063601286,41.2492114797187,117
"{_CARTOFI ALBI,_GULII,_PATRUNJEL RADACINA KG} => {_TELINA}",0.000168390631723931,0.717791411042945,0.00023459549547864,41.9453998049606,117
"{_CARTOFI ALBI,_PATRUNJEL RADACINA KG,_TELINA} => {_GULII}",0.000168390631723931,0.279904306220096,0.000601600718466695,34.5253241110782,117
"{_CARTOFI ALBI,_GULII,_TELINA} => {_MORCOVI}",0.000152559033869545,0.757142857142857,0.000201493063601286,22.0261555853291,106
"{_CARTOFI ALBI,_GULII,_MORCOVI} => {_TELINA}",0.000152559033869545,0.616279069767442,0.000247548620995865,36.0133481330804,106
"{_CARTOFI ALBI,_MORCOVI,_TELINA} => {_GULII}",0.000152559033869545,0.243119266055046,0.000627506969501146,29.9880040130489,106
"{_CARTOFI ALBI,_GULII,_PATRUNJEL RADACINA KG} => {_MORCOVI}",0.000197175355095544,0.840490797546012,0.00023459549547864,24.4508429289624,137
"{_CARTOFI ALBI,_GULII,_MORCOVI} => {_PATRUNJEL RADACINA KG}",0.000197175355095544,0.796511627906977,0.000247548620995865,39.3142454870306,137
"{_CARTOFI ALBI,_MORCOVI,_PATRUNJEL RADACINA KG} => {_GULII}",0.000197175355095544,0.225700164744646,0.000873616354328431,27.8394121368226,137
"{_CEAPA GALBENA,_GULII,_USTUROI} => {_MORCOVI}",0.000115138893486449,0.842105263157895,0.000136727436015158,24.4978095884494,80
"{_GULII,_MORCOVI,_USTUROI} => {_CEAPA GALBENA}",0.000115138893486449,0.300751879699248,0.000382836820842443,17.0793882950122,80
"{_CEAPA GALBENA,_GULII,_MORCOVI} => {_USTUROI}",0.000115138893486449,0.191846522781775,0.000600161482298115,16.0444701532948,80
"{_CEAPA GALBENA,_MORCOVI,_USTUROI} => {_GULII}",0.000115138893486449,0.229885057471264,0.000500854186666053,28.3556056163291,80
"{_GULII,_TELINA,_USTUROI} => {_PATRUNJEL RADACINA KG}",0.000248987857164446,0.782805429864253,0.000318071193256315,38.6377345414699,173
"{_GULII,_PATRUNJEL RADACINA KG,_USTUROI} => {_TELINA}",0.000248987857164446,0.782805429864253,0.000318071193256315,45.7446080017049,173
"{_GULII,_PATRUNJEL RADACINA KG,_TELINA} => {_USTUROI}",0.000248987857164446,0.103592814371257,0.00240352440152962,8.66365360276078,173
"{_PATRUNJEL RADACINA KG,_TELINA,_USTUROI} => {_GULII}",0.000248987857164446,0.338551859099804,0.000735449682144692,41.7593170382944,173
"{_GULII,_TELINA,_USTUROI} => {_MORCOVI}",0.000267697927355994,0.841628959276018,0.000318071193256315,24.4839533613066,186
"{_GULII,_MORCOVI,_USTUROI} => {_TELINA}",0.000267697927355994,0.699248120300752,0.000382836820842442,40.8617900934,186
"{_GULII,_MORCOVI,_TELINA} => {_USTUROI}",0.000267697927355994,0.104260089686099,0.00256759732474781,8.71945903888629,186
"{_MORCOVI,_TELINA,_USTUROI} => {_GULII}",0.000267697927355994,0.319039451114923,0.000839074686282496,39.3525223056121,186
"{_GULII,_PATRUNJEL RADACINA KG,_USTUROI} => {_MORCOVI}",0.000289286469884703,0.909502262443439,0.000318071193256315,26.458465729154,201
"{_GULII,_MORCOVI,_USTUROI} => {_PATRUNJEL RADACINA KG}",0.000289286469884703,0.755639097744361,0.000382836820842443,37.2968578831465,201
"{_MORCOVI,_PATRUNJEL RADACINA KG,_USTUROI} => {_GULII}",0.000289286469884703,0.267287234042553,0.00108230559877262,32.9690475673369,201
"{_GULII,_PATRUNJEL RADACINA KG,PULPE PORC FARA OS} => {_MORCOVI}",0.000119456601992191,0.873684210526316,0.000136727436015158,25.4164774480163,83
"{_GULII,_MORCOVI,PULPE PORC FARA OS} => {_PATRUNJEL RADACINA KG}",0.000119456601992191,0.71551724137931,0.000166951395555351,35.3165220597061,83
"{_MORCOVI,_PATRUNJEL RADACINA KG,PULPE PORC FARA OS} => {_GULII}",0.000119456601992191,0.206982543640898,0.000577133703600825,25.5306518897147,83
"{_GULII,_TELINA,SMANTANA 20% GRASIME FRISS 300G} => {_PATRUNJEL RADACINA KG}",0.000100746531800643,0.7,0.000143923616858061,34.5506215813028,70
"{_GULII,_PATRUNJEL RADACINA KG,SMANTANA 20% GRASIME FRISS 300G} => {_TELINA}",0.000100746531800643,0.679611650485437,0.000148241325363803,39.7142985457307,70
"{_PATRUNJEL RADACINA KG,_TELINA,SMANTANA 20% GRASIME FRISS 300G} => {_GULII}",0.000100746531800643,0.220125786163522,0.000457677101608634,27.1518299062019,70
"{_GULII,_TELINA,SMANTANA 20% GRASIME FRISS 300G} => {_MORCOVI}",0.000116578129655029,0.81,0.000143923616858061,23.5638305978898,81
"{_GULII,_MORCOVI,SMANTANA 20% GRASIME FRISS 300G} => {_TELINA}",0.000116578129655029,0.648,0.000179904521072576,37.8670163162321,81
"{_MORCOVI,_TELINA,SMANTANA 20% GRASIME FRISS 300G} => {_GULII}",0.000116578129655029,0.220708446866485,0.000528199673869084,27.2236992885928,81
"{_GULII,_PATRUNJEL RADACINA KG,SMANTANA 20% GRASIME FRISS 300G} => {_MORCOVI}",0.000132409727509416,0.893203883495146,0.000148241325363803,25.9843271605641,92
"{_GULII,_MORCOVI,SMANTANA 20% GRASIME FRISS 300G} => {_PATRUNJEL RADACINA KG}",0.000132409727509416,0.736,0.000179904521072576,36.3275106911984,92
"{_MORCOVI,_PATRUNJEL RADACINA KG,SMANTANA 20% GRASIME FRISS 300G} => {_GULII}",0.000132409727509416,0.200435729847495,0.0006606094013785,24.7231228053483,92
"{_GULII,_PATRUNJEL RADACINA KG,CREMWURSTI DE PUI CRISTUR} => {_MORCOVI}",0.000106503476474965,0.86046511627907,0.000123774310497933,25.0319188091278,74
"{_GULII,_MORCOVI,CREMWURSTI DE PUI CRISTUR} => {_PATRUNJEL RADACINA KG}",0.000106503476474965,0.822222222222222,0.000129531255172255,40.5832697939113,74
"{_MORCOVI,_PATRUNJEL RADACINA KG,CREMWURSTI DE PUI CRISTUR} => {_GULII}",0.000106503476474965,0.272058823529412,0.000391472237853926,33.5576082643247,74
"{_GULII,_PATRUNJEL RADACINA KG,LAPTE DE CONSUM 3.5% GRASIME FRISS CUTIE 1L} => {_MORCOVI}",0.000110821184980707,0.875,0.000126652782835094,25.4547552754982,77
"{_GULII,_MORCOVI,LAPTE DE CONSUM 3.5% GRASIME FRISS CUTIE 1L} => {_PATRUNJEL RADACINA KG}",0.000110821184980707,0.777777777777778,0.00014248438068948,38.3895795347809,77
"{_MORCOVI,_PATRUNJEL RADACINA KG,LAPTE DE CONSUM 3.5% GRASIME FRISS CUTIE 1L} => {_GULII}",0.000110821184980707,0.19106699751861,0.000580012175937986,23.5675188615122,77
"{_CASTRAVETI CORNISON,_GULII,_TELINA} => {_MORCOVI}",0.000107942712643546,0.872093023255814,0.000123774310497933,25.3701879822242,75
"{_CASTRAVETI CORNISON,_GULII,_MORCOVI} => {_TELINA}",0.000107942712643546,0.576923076923077,0.000187100701915479,33.7135116775571,75
"{_CASTRAVETI CORNISON,_MORCOVI,_TELINA} => {_GULII}",0.000107942712643546,0.256849315068493,0.000420256961225538,31.681562781943,75
"{_CASTRAVETI CORNISON,_GULII,_PATRUNJEL RADACINA KG} => {_MORCOVI}",0.000136727436015158,0.922330097087379,0.000148241325363803,26.8316421766694,95
"{_CASTRAVETI CORNISON,_GULII,_MORCOVI} => {_PATRUNJEL RADACINA KG}",0.000136727436015158,0.730769230769231,0.000187100701915479,36.0693302222392,95
"{_CASTRAVETI CORNISON,_MORCOVI,_PATRUNJEL RADACINA KG} => {_GULII}",0.000136727436015158,0.236907730673317,0.000577133703600825,29.2218304761795,95
"{_GULII,_TELINA,PIEPT DE PUI FARA OS REFR.VRAC SZEKELY CSURKE} => {_PATRUNJEL RADACINA KG}",0.000153998270038125,0.748251748251748,0.000205810772107027,36.9322328591349,107
"{_GULII,_PATRUNJEL RADACINA KG,PIEPT DE PUI FARA OS REFR.VRAC SZEKELY CSURKE} => {_TELINA}",0.000153998270038125,0.644578313253012,0.000238913203984381,37.6670640509895,107
"{_PATRUNJEL RADACINA KG,_TELINA,PIEPT DE PUI FARA OS REFR.VRAC SZEKELY CSURKE} => {_GULII}",0.000153998270038125,0.251173708920188,0.00061311460781534,30.9814944462919,107
"{_GULII,_TELINA,PIEPT DE PUI FARA OS REFR.VRAC SZEKELY CSURKE} => {_MORCOVI}",0.000162633687049609,0.79020979020979,0.000205810772107027,22.988110658392,113
"{_GULII,_MORCOVI,PIEPT DE PUI FARA OS REFR.VRAC SZEKELY CSURKE} => {_TELINA}",0.000162633687049609,0.57948717948718,0.000280651052873219,33.8633495072351,113
"{_MORCOVI,_TELINA,PIEPT DE PUI FARA OS REFR.VRAC SZEKELY CSURKE} => {_GULII}",0.000162633687049609,0.232989690721649,0.000698029541761596,28.7385524550651,113
"{_GULII,_PATRUNJEL RADACINA KG,PIEPT DE PUI FARA OS REFR.VRAC SZEKELY CSURKE} => {_MORCOVI}",0.00021156771678135,0.885542168674699,0.000238913203984381,25.7614390739982,147
"{_GULII,_MORCOVI,PIEPT DE PUI FARA OS REFR.VRAC SZEKELY CSURKE} => {_PATRUNJEL RADACINA KG}",0.00021156771678135,0.753846153846154,0.000280651052873219,37.2083617029415,147
"{_MORCOVI,_PATRUNJEL RADACINA KG,PIEPT DE PUI FARA OS REFR.VRAC SZEKELY CSURKE} => {_GULII}",0.00021156771678135,0.220720720720721,0.000958531288274687,27.2252132302727,147
"{_GULII,_PATRUNJEL RADACINA KG,FRANZELA RIP-ROP 1KG} => {_MORCOVI}",0.000116578129655029,0.861702127659574,0.000135288199846577,25.0679048913721,81
"{_GULII,_MORCOVI,FRANZELA RIP-ROP 1KG} => {_PATRUNJEL RADACINA KG}",0.000116578129655029,0.786407766990291,0.000148241325363803,38.8155388083985,81
"{_MORCOVI,_PATRUNJEL RADACINA KG,FRANZELA RIP-ROP 1KG} => {_GULII}",0.000116578129655029,0.224376731301939,0.000519564256857601,27.6761707449129,81
"{_GULII,_TELINA,COTLET PORC FARA OS} => {_PATRUNJEL RADACINA KG}",0.000120895838160771,0.717948717948718,0.000168390631723931,35.4365349551824,84
"{_GULII,_PATRUNJEL RADACINA KG,COTLET PORC FARA OS} => {_TELINA}",0.000120895838160771,0.688524590163934,0.000175586812566835,40.2351418053468,84
"{_PATRUNJEL RADACINA KG,_TELINA,COTLET PORC FARA OS} => {_GULII}",0.000120895838160771,0.264984227129338,0.000456237865440054,32.6849788397686,84
"{_GULII,_TELINA,COTLET PORC FARA OS} => {_MORCOVI}",0.000133848963677997,0.794871794871795,0.000168390631723931,23.1237337301229,93
"{_GULII,_MORCOVI,COTLET PORC FARA OS} => {_TELINA}",0.000133848963677997,0.611842105263158,0.000218763897624253,35.754066331725,93
"{_MORCOVI,_TELINA,COTLET PORC FARA OS} => {_GULII}",0.000133848963677997,0.264957264957265,0.000505171895171794,32.6816531398459,93
"{_GULII,_PATRUNJEL RADACINA KG,COTLET PORC FARA OS} => {_MORCOVI}",0.000153998270038125,0.877049180327869,0.000175586812566835,25.5143682855111,107
"{_GULII,_MORCOVI,COTLET PORC FARA OS} => {_PATRUNJEL RADACINA KG}",0.000153998270038125,0.703947368421053,0.000218763897624253,34.7454559135282,107
"{_MORCOVI,_PATRUNJEL RADACINA KG,COTLET PORC FARA OS} => {_GULII}",0.000153998270038125,0.229122055674518,0.000672123290727145,28.2614917218851,107
"{_CEAPA GALBENA,_GULII,_TELINA} => {_PATRUNJEL RADACINA KG}",0.000367005222988056,0.80188679245283,0.000457677101608634,39.5795530244035,255
"{_CEAPA GALBENA,_GULII,_PATRUNJEL RADACINA KG} => {_TELINA}",0.000367005222988056,0.743440233236152,0.000493658005823149,43.4442337069395,255
"{_GULII,_PATRUNJEL RADACINA KG,_TELINA} => {_CEAPA GALBENA}",0.000367005222988056,0.152694610778443,0.00240352440152962,8.67136907223559,255
"{_CEAPA GALBENA,_PATRUNJEL RADACINA KG,_TELINA} => {_GULII}",0.000367005222988056,0.283018867924528,0.00129675178789113,34.9094955936881,255
"{_CEAPA GALBENA,_GULII,_TELINA} => {_MORCOVI}",0.000408743071876893,0.893081761006289,0.000457677101608634,25.9807744770584,284
"{_CEAPA GALBENA,_GULII,_MORCOVI} => {_TELINA}",0.000408743071876893,0.6810551558753,0.000600161482298115,39.7986523144815,284
"{_GULII,_MORCOVI,_TELINA} => {_CEAPA GALBENA}",0.000408743071876893,0.159192825112108,0.00256759732474781,9.04039594561658,284
"{_CEAPA GALBENA,_MORCOVI,_TELINA} => {_GULII}",0.000408743071876893,0.272030651340996,0.00150256255999816,33.5541333126561,284
"{_CEAPA GALBENA,_GULII,_PATRUNJEL RADACINA KG} => {_MORCOVI}",0.000463434046282957,0.938775510204082,0.000493658005823149,27.3100581381439,322
"{_CEAPA GALBENA,_GULII,_MORCOVI} => {_PATRUNJEL RADACINA KG}",0.000463434046282957,0.772182254196643,0.000600161482298115,38.1133955093508,322
"{_GULII,_MORCOVI,_PATRUNJEL RADACINA KG} => {_CEAPA GALBENA}",0.000463434046282957,0.149489322191272,0.00310011470712264,8.48934404737918,322
"{_CEAPA GALBENA,_MORCOVI,_PATRUNJEL RADACINA KG} => {_GULII}",0.000463434046282957,0.243202416918429,0.00190554868720073,29.998260412985,322
"{_CEAPA GALBENA,_GULII,_MORCOVI} => {_BANANE}",0.000103625004137804,0.172661870503597,0.000600161482298115,2.24259673296973,72
"{_BANANE,_CEAPA GALBENA,_GULII} => {_MORCOVI}",0.000103625004137804,0.75,0.000138166672183739,21.8183616647128,72
"{_BANANE,_GULII,_MORCOVI} => {_CEAPA GALBENA}",0.000103625004137804,0.171837708830549,0.000603039954635276,9.75848581820026,72
"{_BANANE,_CEAPA GALBENA,_MORCOVI} => {_GULII}",0.000103625004137804,0.2,0.00051812502068902,24.6693768862063,72
"{_GULII,_ROSII VRAC,_TELINA} => {_PATRUNJEL RADACINA KG}",0.000103625004137804,0.808988764044944,0.000128092019003674,39.9300923572039,72
"{_GULII,_PATRUNJEL RADACINA KG,_ROSII VRAC} => {_TELINA}",0.000103625004137804,0.631578947368421,0.00016407292321819,36.9074233101678,72
"{_PATRUNJEL RADACINA KG,_ROSII VRAC,_TELINA} => {_GULII}",0.000103625004137804,0.242424242424242,0.000427453142068441,29.9022750135834,72
"{_GULII,_ROSII VRAC,_TELINA} => {_MORCOVI}",0.000105064240306385,0.820224719101124,0.000128092019003674,23.861279423581,73
"{_GULII,_MORCOVI,_ROSII VRAC} => {_TELINA}",0.000105064240306385,0.532846715328467,0.000197175355095544,31.1378321965953,73
"{_MORCOVI,_ROSII VRAC,_TELINA} => {_GULII}",0.000105064240306385,0.227414330218069,0.000461994810114376,28.0508491073685,73
"{_GULII,_PATRUNJEL RADACINA KG,_ROSII VRAC} => {_MORCOVI}",0.000145362853026642,0.885964912280702,0.00016407292321819,25.7737371711812,101
"{_GULII,_MORCOVI,_ROSII VRAC} => {_PATRUNJEL RADACINA KG}",0.000145362853026642,0.737226277372263,0.000197175355095544,36.3880373275452,101
"{_MORCOVI,_PATRUNJEL RADACINA KG,_ROSII VRAC} => {_GULII}",0.000145362853026642,0.229024943310658,0.000634703150344049,28.2495132143632,101
"{_GULII,_MERE ROSII,_TELINA} => {_PATRUNJEL RADACINA KG}",0.000100746531800643,0.693069306930693,0.000145362853026642,34.2085362191117,70
"{_GULII,_MERE ROSII,_PATRUNJEL RADACINA KG} => {_TELINA}",0.000100746531800643,0.642201834862385,0.000156876742375287,37.5281903689015,70
"{_MERE ROSII,_PATRUNJEL RADACINA KG,_TELINA} => {_GULII}",0.000100746531800643,0.224358974358974,0.000449041684597151,27.6739804813212,70
"{_GULII,_MERE ROSII,_TELINA} => {_MORCOVI}",0.000122335074329352,0.841584158415842,0.000145362853026642,24.482650052813,85
"{_GULII,_MERE ROSII,_MORCOVI} => {_TELINA}",0.000122335074329352,0.615942028985507,0.000198614591264124,35.9936525639619,85
"{_MERE ROSII,_MORCOVI,_TELINA} => {_GULII}",0.000122335074329352,0.227882037533512,0.000536835090880568,28.1085393475541,85
"{_GULII,_MERE ROSII,_PATRUNJEL RADACINA KG} => {_MORCOVI}",0.00014248438068948,0.908256880733945,0.000156876742375287,26.4222361444228,99
"{_GULII,_MERE ROSII,_MORCOVI} => {_PATRUNJEL RADACINA KG}",0.00014248438068948,0.717391304347826,0.000198614591264124,35.4090221174843,99
"{_MERE ROSII,_MORCOVI,_PATRUNJEL RADACINA KG} => {_GULII}",0.00014248438068948,0.203703703703704,0.000699468777930177,25.1262171989138,99
"{_GULII,_LAMAIE^2 A nu se consuma coaja,_TELINA} => {_PATRUNJEL RADACINA KG}",0.00016407292321819,0.76,0.000215885425287092,37.5121034311288,114
"{_GULII,_LAMAIE^2 A nu se consuma coaja,_PATRUNJEL RADACINA KG} => {_TELINA}",0.00016407292321819,0.666666666666667,0.000246109384827284,38.9578357162882,114
"{_LAMAIE^2 A nu se consuma coaja,_PATRUNJEL RADACINA KG,_TELINA} => {_GULII}",0.00016407292321819,0.247826086956522,0.000662048637547081,30.5685757068208,114
"{_GULII,_LAMAIE^2 A nu se consuma coaja,_TELINA} => {_MORCOVI}",0.000175586812566835,0.813333333333333,0.000215885425287092,23.6608010941774,122
"{_GULII,_LAMAIE^2 A nu se consuma coaja,_MORCOVI} => {_TELINA}",0.000175586812566835,0.622448979591837,0.0002820902890418,36.373897633065,122
"{_LAMAIE^2 A nu se consuma coaja,_MORCOVI,_TELINA} => {_GULII}",0.000175586812566835,0.246464646464646,0.000712421903447402,30.4006462638098,122
"{_GULII,_TELINA,LAPTE DE CONSUM 1.5% GRASIME FRISS CUTIE 1L} => {_PATRUNJEL RADACINA KG}",0.000110821184980707,0.754901960784314,0.000146802089195222,37.2604742543462,77
"{_GULII,_PATRUNJEL RADACINA KG,LAPTE DE CONSUM 1.5% GRASIME FRISS CUTIE 1L} => {_TELINA}",0.000110821184980707,0.719626168224299,0.000153998270038125,42.0526170582363,77
"{_PATRUNJEL RADACINA KG,_TELINA,LAPTE DE CONSUM 1.5% GRASIME FRISS CUTIE 1L} => {_GULII}",0.000110821184980707,0.213888888888889,0.00051812502068902,26.3825280588595,77
"{_GULII,_TELINA,LAPTE DE CONSUM 1.5% GRASIME FRISS CUTIE 1L} => {_MORCOVI}",0.000122335074329352,0.833333333333333,0.000146802089195222,24.2426240719031,85
"{_GULII,_MORCOVI,LAPTE DE CONSUM 1.5% GRASIME FRISS CUTIE 1L} => {_TELINA}",0.000122335074329352,0.611510791366906,0.000200053827432705,35.734705423214,85
"{_MORCOVI,_TELINA,LAPTE DE CONSUM 1.5% GRASIME FRISS CUTIE 1L} => {_GULII}",0.000122335074329352,0.215189873417722,0.000568498286589341,26.543000447184,85
"{_GULII,_TELINA,PAINE DE CASA CU CARTOFI DOBOI KG} => {_PATRUNJEL RADACINA KG}",0.000128092019003674,0.767241379310345,0.000166951395555351,37.8695236543836,89
"{_GULII,_PATRUNJEL RADACINA KG,PAINE DE CASA CU CARTOFI DOBOI KG} => {_TELINA}",0.000128092019003674,0.60958904109589,0.000210128480612769,35.622404576195,89
"{_PATRUNJEL RADACINA KG,_TELINA,PAINE DE CASA CU CARTOFI DOBOI KG} => {_GULII}",0.000128092019003674,0.286173633440514,0.00044760244842857,35.2986260911955,89
"{_GULII,_TELINA,PAINE DE CASA CU CARTOFI DOBOI KG} => {_MORCOVI}",0.000132409727509416,0.793103448275862,0.000166951395555351,23.0722904960181,92
"{_GULII,_MORCOVI,PAINE DE CASA CU CARTOFI DOBOI KG} => {_TELINA}",0.000132409727509416,0.557575757575758,0.000237473967815801,32.5829171445319,92
"{_MORCOVI,_TELINA,PAINE DE CASA CU CARTOFI DOBOI KG} => {_GULII}",0.000132409727509416,0.248648648648649,0.000532517382374826,30.670036128797,92
"{_ARDEI ROSU CAPIA,_GULII,_TELINA} => {_PATRUNJEL RADACINA KG}",0.000237473967815801,0.736607142857143,0.000322388901762057,36.3574780670597,165
"{_ARDEI ROSU CAPIA,_GULII,_PATRUNJEL RADACINA KG} => {_TELINA}",0.000237473967815801,0.711206896551724,0.000333902791110702,41.5606221542299,165
"{_ARDEI ROSU CAPIA,_PATRUNJEL RADACINA KG,_TELINA} => {_GULII}",0.000237473967815801,0.264847512038523,0.000896644133025721,32.6681154592619,165
"{_GULII,_TELINA,APA MINERALA NATURALA CARBOGAZIFICATA CONTINUT REDUS CO2 TUSNAD 2L} => {_PATRUNJEL RADACINA KG}",0.000120895838160771,0.763636363636364,0.000158315978543867,37.6915871796031,84
"{_GULII,_PATRUNJEL RADACINA KG,APA MINERALA NATURALA CARBOGAZIFICATA CONTINUT REDUS CO2 TUSNAD 2L} => {_TELINA}",0.000120895838160771,0.743362831858407,0.000162633687049609,43.4397106217019,84
"{_PATRUNJEL RADACINA KG,_TELINA,APA MINERALA NATURALA CARBOGAZIFICATA CONTINUT REDUS CO2 TUSNAD 2L} => {_GULII}",0.000120895838160771,0.259259259259259,0.000466312518620118,31.9788218895267,84
"{_GULII,_PATRUNJEL RADACINA KG,_TELINA} => {_MORCOVI}",0.00212863029333072,0.88562874251497,0.00240352440152962,25.7639576064752,1479
"{_GULII,_MORCOVI,_TELINA} => {_PATRUNJEL RADACINA KG}",0.00212863029333072,0.829035874439462,0.00256759732474781,40.9195782501176,1479
"{_GULII,_MORCOVI,_PATRUNJEL RADACINA KG} => {_TELINA}",0.00212863029333072,0.686629526462396,0.00310011470712264,40.1244004348121,1479
"{_MORCOVI,_PATRUNJEL RADACINA KG,_TELINA} => {_GULII}",0.00212863029333072,0.260800564274378,0.00816190831202064,32.1689370610995,1479
"{_GULII,_PATRUNJEL RADACINA KG,_TELINA} => {CARNE TOCATA PORC VRAC}",0.000269137163524574,0.111976047904192,0.00240352440152962,2.28649054493359,187
"{_GULII,_TELINA,CARNE TOCATA PORC VRAC} => {_PATRUNJEL RADACINA KG}",0.000269137163524574,0.670250896057348,0.00040154689103399,33.0822643917237,187
"{_GULII,_PATRUNJEL RADACINA KG,CARNE TOCATA PORC VRAC} => {_TELINA}",0.000269137163524574,0.62962962962963,0.000427453142068441,36.7935115098277,187
"{_PATRUNJEL RADACINA KG,_TELINA,CARNE TOCATA PORC VRAC} => {_GULII}",0.000269137163524574,0.229166666666667,0.00117441671356178,28.266994348778,187
"{_GULII,_TELINA,PAINE CU CARTOFI FELII BACHUS 1.2 KG} => {_PATRUNJEL RADACINA KG}",0.000225960078467156,0.844086021505376,0.000267697927355994,41.6624238729996,157
"{_GULII,_PATRUNJEL RADACINA KG,PAINE CU CARTOFI FELII BACHUS 1.2 KG} => {_TELINA}",0.000225960078467156,0.694690265486726,0.000325267374099218,40.5954438548047,157
"{_PATRUNJEL RADACINA KG,_TELINA,PAINE CU CARTOFI FELII BACHUS 1.2 KG} => {_GULII}",0.000225960078467156,0.244167962674961,0.000925428856397333,30.1173574738288,157
"{_GULII,_PATRUNJEL RADACINA KG,_TELINA} => {_BANANE}",0.00032958508260496,0.137125748502994,0.00240352440152962,1.78104033450997,229
"{_BANANE,_GULII,_TELINA} => {_PATRUNJEL RADACINA KG}",0.00032958508260496,0.715625,0.000460555573945796,35.3218408130283,229
"{_BANANE,_GULII,_PATRUNJEL RADACINA KG} => {_TELINA}",0.00032958508260496,0.643258426966292,0.000512368076014697,37.5899341813062,229
"{_BANANE,_PATRUNJEL RADACINA KG,_TELINA} => {_GULII}",0.00032958508260496,0.265046296296296,0.00124350004965365,32.6926348781322,229
"{_ARDEI ROSU CAPIA,_GULII,_TELINA} => {_MORCOVI}",0.000257623274175929,0.799107142857143,0.000322388901762057,23.2469448689499,179
"{_GULII,_MORCOVI,_TELINA} => {_ARDEI ROSU CAPIA}",0.000257623274175929,0.100336322869955,0.00256759732474781,4.37715712326503,179
"{_ARDEI ROSU CAPIA,_GULII,_MORCOVI} => {_TELINA}",0.000257623274175929,0.662962962962963,0.000388593765516765,38.7414032956422,179
"{_ARDEI ROSU CAPIA,_MORCOVI,_TELINA} => {_GULII}",0.000257623274175929,0.266369047619048,0.000967166705286171,32.8557921326706,179
"{_GULII,_TELINA,APA MINERALA NATURALA CARBOGAZIFICATA CONTINUT REDUS CO2 TUSNAD 2L} => {_MORCOVI}",0.000129531255172255,0.818181818181818,0.000158315978543867,23.8018490887776,90
"{_GULII,_MORCOVI,APA MINERALA NATURALA CARBOGAZIFICATA CONTINUT REDUS CO2 TUSNAD 2L} => {_TELINA}",0.000129531255172255,0.671641791044776,0.000192857646589802,39.2485658335739,90
"{_MORCOVI,_TELINA,APA MINERALA NATURALA CARBOGAZIFICATA CONTINUT REDUS CO2 TUSNAD 2L} => {_GULII}",0.000129531255172255,0.254237288135593,0.000509489603677536,31.3593773977199,90
"{_GULII,_MORCOVI,_TELINA} => {CARNE TOCATA PORC VRAC}",0.000293604178390445,0.114349775784753,0.00256759732474781,2.33496078885391,204
"{_GULII,_TELINA,CARNE TOCATA PORC VRAC} => {_MORCOVI}",0.000293604178390445,0.731182795698925,0.00040154689103399,21.2709475727666,204
"{_GULII,_MORCOVI,CARNE TOCATA PORC VRAC} => {_TELINA}",0.000293604178390445,0.512562814070352,0.000572815995095083,29.9525068572467,204
"{_MORCOVI,_TELINA,CARNE TOCATA PORC VRAC} => {_GULII}",0.000293604178390445,0.21294363256785,0.00137878824950023,26.2659336366706,204
"{_GULII,_TELINA,PAINE CU CARTOFI FELII BACHUS 1.2 KG} => {_MORCOVI}",0.00023459549547864,0.876344086021505,0.000267697927355994,25.4938562820658,163
"{_GULII,_MORCOVI,PAINE CU CARTOFI FELII BACHUS 1.2 KG} => {_TELINA}",0.00023459549547864,0.605947955390335,0.000387154529348184,35.4096313480761,163
"{_MORCOVI,_TELINA,PAINE CU CARTOFI FELII BACHUS 1.2 KG} => {_GULII}",0.00023459549547864,0.234870317002882,0.000998829900994944,28.9705218476342,163
"{_GULII,_MORCOVI,_TELINA} => {_BANANE}",0.000362687514482314,0.141255605381166,0.00256759732474781,1.83468045502765,252
"{_BANANE,_GULII,_TELINA} => {_MORCOVI}",0.000362687514482314,0.7875,0.000460555573945795,22.9092797479484,252
"{_BANANE,_GULII,_MORCOVI} => {_TELINA}",0.000362687514482314,0.601431980906921,0.000603039954635276,35.1457324600404,252
"{_BANANE,_MORCOVI,_TELINA} => {_GULII}",0.000362687514482314,0.257405515832482,0.00140901220904042,31.7501684132992,252
"{_GULII,_LAMAIE^2 A nu se consuma coaja,_PATRUNJEL RADACINA KG} => {_MORCOVI}",0.000217324661455672,0.883040935672515,0.000246109384827284,25.6886753323324,151
"{_GULII,_LAMAIE^2 A nu se consuma coaja,_MORCOVI} => {_PATRUNJEL RADACINA KG}",0.000217324661455672,0.770408163265306,0.0002820902890418,38.0258298744659,151
"{_LAMAIE^2 A nu se consuma coaja,_MORCOVI,_PATRUNJEL RADACINA KG} => {_GULII}",0.000217324661455672,0.232307692307692,0.000935503509577397,28.6544300755165,151
"{_GULII,_PATRUNJEL RADACINA KG,LAPTE DE CONSUM 1.5% GRASIME FRISS CUTIE 1L} => {_MORCOVI}",0.000138166672183739,0.897196261682243,0.000153998270038125,26.1004700288153,96
"{_GULII,_MORCOVI,LAPTE DE CONSUM 1.5% GRASIME FRISS CUTIE 1L} => {_PATRUNJEL RADACINA KG}",0.000138166672183739,0.690647482014389,0.000200053827432705,34.0889997102269,96
"{_MORCOVI,_PATRUNJEL RADACINA KG,LAPTE DE CONSUM 1.5% GRASIME FRISS CUTIE 1L} => {_GULII}",0.000138166672183739,0.179439252336449,0.000769991350190627,22.1332727203346,96
"{_GULII,_PATRUNJEL RADACINA KG,PAINE DE CASA CU CARTOFI DOBOI KG} => {_MORCOVI}",0.00018853993808406,0.897260273972603,0.000210128480612769,26.1023322198847,131
"{_GULII,_MORCOVI,PAINE DE CASA CU CARTOFI DOBOI KG} => {_PATRUNJEL RADACINA KG}",0.00018853993808406,0.793939393939394,0.000237473967815801,39.1872850835556,131
"{_MORCOVI,_PATRUNJEL RADACINA KG,PAINE DE CASA CU CARTOFI DOBOI KG} => {_GULII}",0.00018853993808406,0.240366972477064,0.000784383711876433,29.6485171751654,131
"{_ARDEI ROSU CAPIA,_GULII,_PATRUNJEL RADACINA KG} => {_MORCOVI}",0.000287847233716122,0.862068965517241,0.000333902791110702,25.0785766261066,200
"{_ARDEI ROSU CAPIA,_GULII,_MORCOVI} => {_PATRUNJEL RADACINA KG}",0.000287847233716122,0.740740740740741,0.000388593765516765,36.561504318839,200
"{_ARDEI ROSU CAPIA,_MORCOVI,_PATRUNJEL RADACINA KG} => {_GULII}",0.000287847233716122,0.225225225225225,0.00127804171769958,27.7808298268089,200
"{_GULII,_PATRUNJEL RADACINA KG,APA MINERALA NATURALA CARBOGAZIFICATA CONTINUT REDUS CO2 TUSNAD 2L} => {_MORCOVI}",0.000151119797700964,0.929203539823009,0.000162633687049609,27.031598522653,105
"{_GULII,_MORCOVI,APA MINERALA NATURALA CARBOGAZIFICATA CONTINUT REDUS CO2 TUSNAD 2L} => {_PATRUNJEL RADACINA KG}",0.000151119797700964,0.783582089552239,0.000192857646589802,38.6760689342942,105
"{_MORCOVI,_PATRUNJEL RADACINA KG,APA MINERALA NATURALA CARBOGAZIFICATA CONTINUT REDUS CO2 TUSNAD 2L} => {_GULII}",0.000151119797700964,0.216942148760331,0.000696590305593016,26.7591381513601,105
"{_GULII,_MORCOVI,_PATRUNJEL RADACINA KG} => {CARNE TOCATA PORC VRAC}",0.000358369805976572,0.115598885793872,0.00310011470712264,2.36046694199011,249
"{_GULII,_PATRUNJEL RADACINA KG,CARNE TOCATA PORC VRAC} => {_MORCOVI}",0.000358369805976572,0.838383838383838,0.000427453142068441,24.3895490662783,249
"{_GULII,_MORCOVI,CARNE TOCATA PORC VRAC} => {_PATRUNJEL RADACINA KG}",0.000358369805976572,0.625628140703518,0.000572815995095083,30.8797730572305,249
"{_MORCOVI,_PATRUNJEL RADACINA KG,CARNE TOCATA PORC VRAC} => {_GULII}",0.000358369805976572,0.195600942655145,0.00183214764260312,24.126766868285,249
"{_GULII,_PATRUNJEL RADACINA KG,PAINE CU CARTOFI FELII BACHUS 1.2 KG} => {_MORCOVI}",0.000292164942221864,0.898230088495575,0.000325267374099218,26.1305452385646,203
"{_GULII,_MORCOVI,PAINE CU CARTOFI FELII BACHUS 1.2 KG} => {_PATRUNJEL RADACINA KG}",0.000292164942221864,0.754646840148699,0.000387154529348184,37.247882002148,203
"{_MORCOVI,_PATRUNJEL RADACINA KG,PAINE CU CARTOFI FELII BACHUS 1.2 KG} => {_GULII}",0.000292164942221864,0.20630081300813,0.00141620838988332,25.4465625401416,203
"{_GULII,_MORCOVI,_PATRUNJEL RADACINA KG} => {_BANANE}",0.000436088559079925,0.14066852367688,0.00310011470712264,1.82705521902055,303
"{_BANANE,_GULII,_PATRUNJEL RADACINA KG} => {_MORCOVI}",0.000436088559079925,0.851123595505618,0.000512368076014697,24.760163237483,303
"{_BANANE,_GULII,_MORCOVI} => {_PATRUNJEL RADACINA KG}",0.000436088559079925,0.723150357995227,0.000603039954635276,35.6932776649668,303
"{_BANANE,_MORCOVI,_PATRUNJEL RADACINA KG} => {_GULII}",0.000436088559079925,0.223946784922395,0.00194728653608957,27.6231381985237,303
"{_PATRUNJEL RADACINA KG,_TELINA,CAFEA JACOBS KRONUNG 500G} => {_MORCOVI}",0.00011801736582361,0.796116504854369,0.000148241325363803,23.1599437735462,82
"{_MORCOVI,_TELINA,CAFEA JACOBS KRONUNG 500G} => {_PATRUNJEL RADACINA KG}",0.00011801736582361,0.732142857142857,0.000161194450881028,36.1371297151382,82
"{_MORCOVI,_PATRUNJEL RADACINA KG,CAFEA JACOBS KRONUNG 500G} => {_TELINA}",0.00011801736582361,0.493975903614458,0.000238913203984381,28.8663481512256,82
"{_CASTRAVETI FABIO,_PATRUNJEL RADACINA KG,_TELINA} => {_MORCOVI}",0.000227399314635737,0.87292817679558,0.000260501746513091,25.3944835581924,158
"{_CASTRAVETI FABIO,_MORCOVI,_TELINA} => {_PATRUNJEL RADACINA KG}",0.000227399314635737,0.806122448979592,0.0002820902890418,39.7886166898385,158
"{_CASTRAVETI FABIO,_MORCOVI,_PATRUNJEL RADACINA KG} => {_TELINA}",0.000227399314635737,0.634538152610442,0.000358369805976572,37.0803496576719,158
"{_PATRUNJEL RADACINA KG,_ROSII DE GRADINA ROMANIA,_TELINA} => {_MORCOVI}",0.000139605908352319,0.873873873873874,0.000159755214712448,25.4219949726984,97
"{_MORCOVI,_ROSII DE GRADINA ROMANIA,_TELINA} => {_PATRUNJEL RADACINA KG}",0.000139605908352319,0.610062893081761,0.000228838550804317,30.1115030852325,97
"{_MORCOVI,_PATRUNJEL RADACINA KG,_ROSII DE GRADINA ROMANIA} => {_TELINA}",0.000139605908352319,0.49238578680203,0.00028352952521038,28.7734268869032,97
"{_PATRUNJEL RADACINA KG,_ROSII CHERRY VRAC,_TELINA} => {_MORCOVI}",0.000166951395555351,0.840579710144927,0.000198614591264124,24.4534294986153,116
"{_MORCOVI,_ROSII CHERRY VRAC,_TELINA} => {_PATRUNJEL RADACINA KG}",0.000166951395555351,0.789115646258503,0.00021156771678135,38.949194396804,116
"{_MORCOVI,_PATRUNJEL RADACINA KG,_ROSII CHERRY VRAC} => {_TELINA}",0.000166951395555351,0.520179372197309,0.000320949665593476,30.3975937875971,116
"{_PATRUNJEL RADACINA KG,_TELINA,FRANZELA ALBA COUNTRY 1KG} => {_MORCOVI}",0.000162633687049609,0.869230769230769,0.000187100701915479,25.2869217242312,113
"{_MORCOVI,_TELINA,FRANZELA ALBA COUNTRY 1KG} => {_PATRUNJEL RADACINA KG}",0.000162633687049609,0.784722222222222,0.000207250008275608,38.73234363777,113
"{_MORCOVI,_PATRUNJEL RADACINA KG,FRANZELA ALBA COUNTRY 1KG} => {_TELINA}",0.000162633687049609,0.601063829787234,0.000270576399693155,35.1242189037811,113
"{_ARDEI ROSU CALIFORNIA,_PATRUNJEL RADACINA KG,_TELINA} => {_MORCOVI}",0.000280651052873219,0.844155844155844,0.000332463554942121,24.5574633455642,195
"{_ARDEI ROSU CALIFORNIA,_MORCOVI,_TELINA} => {_PATRUNJEL RADACINA KG}",0.000280651052873219,0.730337078651685,0.000384276057011023,36.048000044698,195
"{_ARDEI ROSU CALIFORNIA,_MORCOVI,_PATRUNJEL RADACINA KG} => {_TELINA}",0.000280651052873219,0.570175438596491,0.000492218769654569,33.319201599457,195
"{_ARDEI ALB BIANCA,_PATRUNJEL RADACINA KG,PASTE ATA PAIANJENULUI CU 8 OUA GYERMELYI 250G} => {_MORCOVI}",0.000119456601992191,0.902173913043478,0.000132409727509416,26.245275625669,83
"{_ARDEI ALB BIANCA,_MORCOVI,PASTE ATA PAIANJENULUI CU 8 OUA GYERMELYI 250G} => {_PATRUNJEL RADACINA KG}",0.000119456601992191,0.734513274336283,0.000162633687049609,36.2541288400523,83
"{_ARDEI ALB BIANCA,_MORCOVI,_PATRUNJEL RADACINA KG} => {PASTE ATA PAIANJENULUI CU 8 OUA GYERMELYI 250G}",0.000119456601992191,0.107512953367876,0.00111109032214423,12.1327590820844,83
"{_TELINA,PASTE ATA PAIANJENULUI CU 8 OUA GYERMELYI 250G,PULPE PUI CU SPATE REFR.VRAC SZEKELY CSURKE} => {_PATRUNJEL RADACINA KG}",0.000103625004137804,0.642857142857143,0.000161194450881028,31.7301626767067,72
"{_PATRUNJEL RADACINA KG,PASTE ATA PAIANJENULUI CU 8 OUA GYERMELYI 250G,PULPE PUI CU SPATE REFR.VRAC SZEKELY CSURKE} => {_TELINA}",0.000103625004137804,0.63716814159292,0.000162633687049609,37.2340376757445,72
"{_PATRUNJEL RADACINA KG,_TELINA,PASTE ATA PAIANJENULUI CU 8 OUA GYERMELYI 250G} => {PULPE PUI CU SPATE REFR.VRAC SZEKELY CSURKE}",0.000103625004137804,0.115755627009646,0.00089520489685714,8.7957692989341,72
"{_PATRUNJEL RADACINA KG,_TELINA,PULPE PUI CU SPATE REFR.VRAC SZEKELY CSURKE} => {PASTE ATA PAIANJENULUI CU 8 OUA GYERMELYI 250G}",0.000103625004137804,0.182278481012658,0.000568498286589341,20.56999483967,72
"{_TELINA,PASTE ATA PAIANJENULUI CU 8 OUA GYERMELYI 250G,PULPE PUI CU SPATE REFR.VRAC SZEKELY CSURKE} => {_MORCOVI}",0.000125213546666513,0.776785714285714,0.000161194450881028,22.5975888670239,87
"{_MORCOVI,PASTE ATA PAIANJENULUI CU 8 OUA GYERMELYI 250G,PULPE PUI CU SPATE REFR.VRAC SZEKELY CSURKE} => {_TELINA}",0.000125213546666513,0.497142857142857,0.000251866329501607,29.0514146341463,87
"{_MORCOVI,_TELINA,PASTE ATA PAIANJENULUI CU 8 OUA GYERMELYI 250G} => {PULPE PUI CU SPATE REFR.VRAC SZEKELY CSURKE}",0.000125213546666513,0.124820659971306,0.00100314760950069,9.48458193532838,87
"{_MORCOVI,_TELINA,PULPE PUI CU SPATE REFR.VRAC SZEKELY CSURKE} => {PASTE ATA PAIANJENULUI CU 8 OUA GYERMELYI 250G}",0.000125213546666513,0.190789473684211,0.000656291692872759,21.5304542112957,87
"{_PATRUNJEL RADACINA KG,PASTE ATA PAIANJENULUI CU 8 OUA GYERMELYI 250G,PULPE PUI CU SPATE REFR.VRAC SZEKELY CSURKE} => {_MORCOVI}",0.000135288199846577,0.831858407079646,0.000162633687049609,24.1997167726608,94
"{_MORCOVI,PASTE ATA PAIANJENULUI CU 8 OUA GYERMELYI 250G,PULPE PUI CU SPATE REFR.VRAC SZEKELY CSURKE} => {_PATRUNJEL RADACINA KG}",0.000135288199846577,0.537142857142857,0.000251866329501607,26.5123137032038,94
"{_MORCOVI,_PATRUNJEL RADACINA KG,PASTE ATA PAIANJENULUI CU 8 OUA GYERMELYI 250G} => {PULPE PUI CU SPATE REFR.VRAC SZEKELY CSURKE}",0.000135288199846577,0.106818181818182,0.00126652782835094,8.11665150520958,94
"{_MORCOVI,_PATRUNJEL RADACINA KG,PULPE PUI CU SPATE REFR.VRAC SZEKELY CSURKE} => {PASTE ATA PAIANJENULUI CU 8 OUA GYERMELYI 250G}",0.000135288199846577,0.172477064220183,0.000784383711876433,19.4639120386582,94
"{_CARTOFI ALBI,_PATRUNJEL RADACINA KG,PASTE ATA PAIANJENULUI CU 8 OUA GYERMELYI 250G} => {_MORCOVI}",0.000100746531800643,0.897435897435897,0.000112260421149288,26.1074413082033,70
"{_CARTOFI ALBI,_MORCOVI,PASTE ATA PAIANJENULUI CU 8 OUA GYERMELYI 250G} => {_PATRUNJEL RADACINA KG}",0.000100746531800643,0.769230769230769,0.000130970491340836,37.9677160234097,70
"{_CARTOFI ALBI,_MORCOVI,_PATRUNJEL RADACINA KG} => {PASTE ATA PAIANJENULUI CU 8 OUA GYERMELYI 250G}",0.000100746531800643,0.115321252059308,0.000873616354328431,13.0139199459289,70
"{_PATRUNJEL RADACINA KG,_USTUROI,PASTE ATA PAIANJENULUI CU 8 OUA GYERMELYI 250G} => {_MORCOVI}",0.000109381948812126,0.873563218390805,0.000125213546666513,25.4129576477881,76
"{_MORCOVI,_USTUROI,PASTE ATA PAIANJENULUI CU 8 OUA GYERMELYI 250G} => {_PATRUNJEL RADACINA KG}",0.000109381948812126,0.737864077669903,0.000148241325363803,36.4195178942998,76
"{_MORCOVI,_PATRUNJEL RADACINA KG,_USTUROI} => {PASTE ATA PAIANJENULUI CU 8 OUA GYERMELYI 250G}",0.000109381948812126,0.101063829787234,0.00108230559877262,11.4049801471427,76
"{_CEAPA GALBENA,_TELINA,PASTE ATA PAIANJENULUI CU 8 OUA GYERMELYI 250G} => {_PATRUNJEL RADACINA KG}",0.000119456601992191,0.734513274336283,0.000162633687049609,36.2541288400523,83
"{_CEAPA GALBENA,_PATRUNJEL RADACINA KG,PASTE ATA PAIANJENULUI CU 8 OUA GYERMELYI 250G} => {_TELINA}",0.000119456601992191,0.588652482269504,0.000202932299769866,34.3989400473609,83
"{_PATRUNJEL RADACINA KG,_TELINA,PASTE ATA PAIANJENULUI CU 8 OUA GYERMELYI 250G} => {_CEAPA GALBENA}",0.000119456601992191,0.133440514469453,0.00089520489685714,7.57794885002569,83
"{_CEAPA GALBENA,_TELINA,PASTE ATA PAIANJENULUI CU 8 OUA GYERMELYI 250G} => {_MORCOVI}",0.0001410451445209,0.867256637168142,0.000162633687049609,25.2294919544761,98
"{_CEAPA GALBENA,_MORCOVI,PASTE ATA PAIANJENULUI CU 8 OUA GYERMELYI 250G} => {_TELINA}",0.0001410451445209,0.532608695652174,0.000264819455018832,31.1239230994259,98
"{_MORCOVI,_TELINA,PASTE ATA PAIANJENULUI CU 8 OUA GYERMELYI 250G} => {_CEAPA GALBENA}",0.0001410451445209,0.140602582496413,0.00100314760950069,7.98467528827792,98
"{_CEAPA GALBENA,_PATRUNJEL RADACINA KG,PASTE ATA PAIANJENULUI CU 8 OUA GYERMELYI 250G} => {_MORCOVI}",0.000182782993409738,0.900709219858156,0.000202932299769866,26.2026660181421,127
"{_CEAPA GALBENA,_MORCOVI,PASTE ATA PAIANJENULUI CU 8 OUA GYERMELYI 250G} => {_PATRUNJEL RADACINA KG}",0.000182782993409738,0.690217391304348,0.000264819455018832,34.0677712797008,127
"{_MORCOVI,_PATRUNJEL RADACINA KG,PASTE ATA PAIANJENULUI CU 8 OUA GYERMELYI 250G} => {_CEAPA GALBENA}",0.000182782993409738,0.144318181818182,0.00126652782835094,8.19568033213211,127
"{_PATRUNJEL RADACINA KG,_TELINA,PASTE ATA PAIANJENULUI CU 8 OUA GYERMELYI 250G} => {_MORCOVI}",0.000781505239539272,0.872990353697749,0.00089520489685714,25.3962923557107,543
"{_MORCOVI,_TELINA,PASTE ATA PAIANJENULUI CU 8 OUA GYERMELYI 250G} => {_PATRUNJEL RADACINA KG}",0.000781505239539272,0.779053084648494,0.00100314760950069,38.452526170624,543
"{_MORCOVI,_PATRUNJEL RADACINA KG,PASTE ATA PAIANJENULUI CU 8 OUA GYERMELYI 250G} => {_TELINA}",0.000781505239539272,0.617045454545455,0.00126652782835094,36.0581331714963,543
"{_PATRUNJEL RADACINA KG,_TELINA,PASTE ATA PAIANJENULUI CU 8 OUA GYERMELYI 250G} => {CARNE TOCATA PORC VRAC}",0.000105064240306385,0.117363344051447,0.00089520489685714,2.39649622859547,73
"{_TELINA,CARNE TOCATA PORC VRAC,PASTE ATA PAIANJENULUI CU 8 OUA GYERMELYI 250G} => {_PATRUNJEL RADACINA KG}",0.000105064240306385,0.61864406779661,0.000169829867892512,30.5350529713693,73
"{_PATRUNJEL RADACINA KG,CARNE TOCATA PORC VRAC,PASTE ATA PAIANJENULUI CU 8 OUA GYERMELYI 250G} => {_TELINA}",0.000105064240306385,0.584,0.000179904521072576,34.1270640874685,73
"{_PATRUNJEL RADACINA KG,_TELINA,PASTE ATA PAIANJENULUI CU 8 OUA GYERMELYI 250G} => {PAINE CU CARTOFI FELII BACHUS 1.2 KG}",0.000125213546666513,0.139871382636656,0.00089520489685714,2.28207521213363,87
"{_TELINA,PAINE CU CARTOFI FELII BACHUS 1.2 KG,PASTE ATA PAIANJENULUI CU 8 OUA GYERMELYI 250G} => {_PATRUNJEL RADACINA KG}",0.000125213546666513,0.805555555555556,0.000155437506206706,39.7606359467374,87
"{_PATRUNJEL RADACINA KG,PAINE CU CARTOFI FELII BACHUS 1.2 KG,PASTE ATA PAIANJENULUI CU 8 OUA GYERMELYI 250G} => {_TELINA}",0.000125213546666513,0.6796875,0.000184222229578318,39.7187309451219,87
"{_PATRUNJEL RADACINA KG,_TELINA,PAINE CU CARTOFI FELII BACHUS 1.2 KG} => {PASTE ATA PAIANJENULUI CU 8 OUA GYERMELYI 250G}",0.000125213546666513,0.135303265940902,0.000925428856397333,15.2688757703745,87
"{_PATRUNJEL RADACINA KG,_TELINA,PASTE ATA PAIANJENULUI CU 8 OUA GYERMELYI 250G} => {_BANANE}",0.000103625004137804,0.115755627009646,0.00089520489685714,1.50347723094595,72
"{_BANANE,_TELINA,PASTE ATA PAIANJENULUI CU 8 OUA GYERMELYI 250G} => {_PATRUNJEL RADACINA KG}",0.000103625004137804,0.63716814159292,0.000162633687049609,31.4493647769128,72
"{_BANANE,_PATRUNJEL RADACINA KG,PASTE ATA PAIANJENULUI CU 8 OUA GYERMELYI 250G} => {_TELINA}",0.000103625004137804,0.553846153846154,0.000187100701915479,32.3649712104548,72
"{_MORCOVI,_TELINA,PASTE ATA PAIANJENULUI CU 8 OUA GYERMELYI 250G} => {CARNE TOCATA PORC VRAC}",0.000129531255172255,0.129124820659971,0.00100314760950069,2.63665924169679,90
"{_TELINA,CARNE TOCATA PORC VRAC,PASTE ATA PAIANJENULUI CU 8 OUA GYERMELYI 250G} => {_MORCOVI}",0.000129531255172255,0.76271186440678,0.000169829867892512,22.1881644047927,90
"{_MORCOVI,CARNE TOCATA PORC VRAC,PASTE ATA PAIANJENULUI CU 8 OUA GYERMELYI 250G} => {_TELINA}",0.000129531255172255,0.478723404255319,0.000270576399693155,27.9750416047814,90
"{_MORCOVI,_TELINA,PASTE ATA PAIANJENULUI CU 8 OUA GYERMELYI 250G} => {PAINE CU CARTOFI FELII BACHUS 1.2 KG}",0.000130970491340836,0.130559540889527,0.00100314760950069,2.13014761386546,91
"{_TELINA,PAINE CU CARTOFI FELII BACHUS 1.2 KG,PASTE ATA PAIANJENULUI CU 8 OUA GYERMELYI 250G} => {_MORCOVI}",0.000130970491340836,0.842592592592593,0.000155437506206706,24.5119865615909,91
"{_MORCOVI,PAINE CU CARTOFI FELII BACHUS 1.2 KG,PASTE ATA PAIANJENULUI CU 8 OUA GYERMELYI 250G} => {_TELINA}",0.000130970491340836,0.575949367088608,0.000227399314635737,33.6566112359072,91
"{_MORCOVI,_TELINA,PAINE CU CARTOFI FELII BACHUS 1.2 KG} => {PASTE ATA PAIANJENULUI CU 8 OUA GYERMELYI 250G}",0.000130970491340836,0.131123919308357,0.000998829900994944,14.7972395235338,91
"{_MORCOVI,_TELINA,PASTE ATA PAIANJENULUI CU 8 OUA GYERMELYI 250G} => {_BANANE}",0.000128092019003674,0.127690100430416,0.00100314760950069,1.65848662025159,89
"{_BANANE,_TELINA,PASTE ATA PAIANJENULUI CU 8 OUA GYERMELYI 250G} => {_MORCOVI}",0.000128092019003674,0.787610619469027,0.000162633687049609,22.9124977953916,89
"{_BANANE,_MORCOVI,PASTE ATA PAIANJENULUI CU 8 OUA GYERMELYI 250G} => {_TELINA}",0.000128092019003674,0.505681818181818,0.000253305565670188,29.5504037961618,89
"{_MORCOVI,_PATRUNJEL RADACINA KG,PASTE ATA PAIANJENULUI CU 8 OUA GYERMELYI 250G} => {CARNE TOCATA PORC VRAC}",0.000155437506206706,0.122727272727273,0.00126652782835094,2.50602476108545,108
"{_PATRUNJEL RADACINA KG,CARNE TOCATA PORC VRAC,PASTE ATA PAIANJENULUI CU 8 OUA GYERMELYI 250G} => {_MORCOVI}",0.000155437506206706,0.864,0.000179904521072576,25.1347526377491,108
"{_MORCOVI,CARNE TOCATA PORC VRAC,PASTE ATA PAIANJENULUI CU 8 OUA GYERMELYI 250G} => {_PATRUNJEL RADACINA KG}",0.000155437506206706,0.574468085106383,0.000270576399693155,28.3546134557804,108
"{_MORCOVI,_PATRUNJEL RADACINA KG,PASTE ATA PAIANJENULUI CU 8 OUA GYERMELYI 250G} => {PAINE CU CARTOFI FELII BACHUS 1.2 KG}",0.00016407292321819,0.129545454545455,0.00126652782835094,2.11360226152,114
"{_PATRUNJEL RADACINA KG,PAINE CU CARTOFI FELII BACHUS 1.2 KG,PASTE ATA PAIANJENULUI CU 8 OUA GYERMELYI 250G} => {_MORCOVI}",0.00016407292321819,0.890625,0.000184222229578318,25.9093044768464,114
"{_MORCOVI,PAINE CU CARTOFI FELII BACHUS 1.2 KG,PASTE ATA PAIANJENULUI CU 8 OUA GYERMELYI 250G} => {_PATRUNJEL RADACINA KG}",0.00016407292321819,0.721518987341772,0.000227399314635737,35.6127564219577,114
"{_MORCOVI,_PATRUNJEL RADACINA KG,PAINE CU CARTOFI FELII BACHUS 1.2 KG} => {PASTE ATA PAIANJENULUI CU 8 OUA GYERMELYI 250G}",0.00016407292321819,0.115853658536585,0.00141620838988332,13.0740016320904,114
"{_MORCOVI,_PATRUNJEL RADACINA KG,PASTE ATA PAIANJENULUI CU 8 OUA GYERMELYI 250G} => {_BANANE}",0.000159755214712448,0.126136363636364,0.00126652782835094,1.63830610762263,111
"{_BANANE,_PATRUNJEL RADACINA KG,PASTE ATA PAIANJENULUI CU 8 OUA GYERMELYI 250G} => {_MORCOVI}",0.000159755214712448,0.853846153846154,0.000187100701915479,24.8393655875192,111
"{_BANANE,_MORCOVI,PASTE ATA PAIANJENULUI CU 8 OUA GYERMELYI 250G} => {_PATRUNJEL RADACINA KG}",0.000159755214712448,0.630681818181818,0.000253305565670188,31.1292126260115,111
"{_PATRUNJEL RADACINA KG,_RIDICHI ROSU LEGATURA,_TELINA} => {_MORCOVI}",0.00028352952521038,0.864035087719298,0.000328145846436379,25.1357733798153,197
"{_MORCOVI,_RIDICHI ROSU LEGATURA,_TELINA} => {_PATRUNJEL RADACINA KG}",0.00028352952521038,0.810699588477366,0.000349734388965088,40.0145352822849,197
"{_MORCOVI,_PATRUNJEL RADACINA KG,_RIDICHI ROSU LEGATURA} => {_TELINA}",0.00028352952521038,0.591591591591592,0.000479265644137343,34.570692054544,197
"{_MORCOVI,_PATRUNJEL RADACINA KG,_RIDICHI ROSU LEGATURA} => {_BANANE}",0.000115138893486449,0.24024024024024,0.000479265644137343,3.12032978861654,80
"{_BANANE,_PATRUNJEL RADACINA KG,_RIDICHI ROSU LEGATURA} => {_MORCOVI}",0.000115138893486449,0.869565217391304,0.000132409727509416,25.2966512054641,80
"{_BANANE,_MORCOVI,_RIDICHI ROSU LEGATURA} => {_PATRUNJEL RADACINA KG}",0.000115138893486449,0.533333333333333,0.000215885425287092,26.3242831095641,80
"{_PATRUNJEL RADACINA KG,_TELINA,PATE PORC BUCEGI 120G} => {_MORCOVI}",0.00014248438068948,0.846153846153846,0.000168390631723931,24.6155875191631,99
"{_MORCOVI,_TELINA,PATE PORC BUCEGI 120G} => {_PATRUNJEL RADACINA KG}",0.00014248438068948,0.75,0.000189979174252641,37.0185231228245,99
"{_MORCOVI,_PATRUNJEL RADACINA KG,PATE PORC BUCEGI 120G} => {_TELINA}",0.00014248438068948,0.49009900990099,0.000290725706053283,28.6397950686574,99
"{_ARDEI IUTE,_CEAPA GALBENA,_PATRUNJEL RADACINA KG} => {_MORCOVI}",0.000107942712643546,0.892857142857143,0.000120895838160771,25.974240077039,75
"{_ARDEI IUTE,_CEAPA GALBENA,_MORCOVI} => {_PATRUNJEL RADACINA KG}",0.000107942712643546,0.555555555555556,0.000194296882758382,27.4211282391292,75
"{_ARDEI IUTE,_MORCOVI,_PATRUNJEL RADACINA KG} => {_CEAPA GALBENA}",0.000107942712643546,0.189873417721519,0.000568498286589341,10.7827150786548,75
"{_ARDEI IUTE,_PATRUNJEL RADACINA KG,_TELINA} => {_MORCOVI}",0.000348295152796508,0.83448275862069,0.000417378488888377,24.2760621740712,242
"{_ARDEI IUTE,_MORCOVI,_TELINA} => {_PATRUNJEL RADACINA KG}",0.000348295152796508,0.742331288343558,0.000469190990957279,36.6400106164561,242
"{_ARDEI IUTE,_MORCOVI,_PATRUNJEL RADACINA KG} => {_TELINA}",0.000348295152796508,0.612658227848101,0.000568498286589341,35.8017578861079,242
"{_ARDEI IUTE,_ARDEI ROSU CAPIA,_PATRUNJEL RADACINA KG} => {_MORCOVI}",0.000103625004137804,0.782608695652174,0.000132409727509416,22.7669860849177,72
"{_ARDEI IUTE,_MORCOVI,_PATRUNJEL RADACINA KG} => {_ARDEI ROSU CAPIA}",0.000103625004137804,0.182278481012658,0.000568498286589341,7.95187155320199,72
"{_ARDEI IUTE,_ARDEI ROSU CAPIA,_MORCOVI} => {_PATRUNJEL RADACINA KG}",0.000103625004137804,0.541353383458647,0.000191418410421221,26.7201369909109,72
"{_MERE GOLDEN,_PATRUNJEL RADACINA KG,_TELINA} => {_MORCOVI}",0.000201493063601286,0.853658536585366,0.00023603473164722,24.8339075858519,140
"{_MERE GOLDEN,_MORCOVI,_TELINA} => {_PATRUNJEL RADACINA KG}",0.000201493063601286,0.740740740740741,0.000272015635861735,36.561504318839,140
"{_MERE GOLDEN,_MORCOVI,_PATRUNJEL RADACINA KG} => {_TELINA}",0.000201493063601286,0.557768924302789,0.000361248278313733,32.5942051809582,140
"{_MERE GOLDEN,_MORCOVI,_PATRUNJEL RADACINA KG} => {_BANANE}",0.00011801736582361,0.326693227091633,0.000361248278313733,4.24321340677108,82
"{_BANANE,_MERE GOLDEN,_PATRUNJEL RADACINA KG} => {_MORCOVI}",0.00011801736582361,0.901098901098901,0.000130970491340836,26.2140022931348,82
"{_BANANE,_MERE GOLDEN,_MORCOVI} => {_PATRUNJEL RADACINA KG}",0.00011801736582361,0.535947712418301,0.000220203133792833,26.4533237130423,82
"{_PATRUNJEL RADACINA KG,_TELINA,FRANZELA ALBA BACHUS 1KG} => {_MORCOVI}",0.000143923616858061,0.78740157480315,0.000182782993409738,22.9064164458927,100
"{_MORCOVI,_TELINA,FRANZELA ALBA BACHUS 1KG} => {_PATRUNJEL RADACINA KG}",0.000143923616858061,0.775193798449612,0.000185661465746899,38.2620394034361,100
"{_MORCOVI,_PATRUNJEL RADACINA KG,FRANZELA ALBA BACHUS 1KG} => {_TELINA}",0.000143923616858061,0.529100529100529,0.000272015635861735,30.9189172351494,100
"{_PATRUNJEL RADACINA KG,_TELINA,ELAN ULEI RAFINAT DE FLOAREA SOARELUI 1L} => {_MORCOVI}",0.000205810772107027,0.826589595375723,0.000248987857164446,24.0464409869282,143
"{_MORCOVI,_TELINA,ELAN ULEI RAFINAT DE FLOAREA SOARELUI 1L} => {_PATRUNJEL RADACINA KG}",0.000205810772107027,0.82183908045977,0.000250427093333026,40.5643586709877,143
"{_MORCOVI,_PATRUNJEL RADACINA KG,ELAN ULEI RAFINAT DE FLOAREA SOARELUI 1L} => {_TELINA}",0.000205810772107027,0.523809523809524,0.000392911474022507,30.6097280627979,143
"{_ARDEI ALB BIANCA,_PATRUNJEL RADACINA KG,_USTUROI} => {_MORCOVI}",0.000102185767969223,0.934210526315789,0.000109381948812126,27.1772575121861,71
"{_ARDEI ALB BIANCA,_MORCOVI,_USTUROI} => {_PATRUNJEL RADACINA KG}",0.000102185767969223,0.657407407407407,0.000155437506206706,32.4483350829696,71
"{_ARDEI ALB BIANCA,_CEAPA GALBENA,_TELINA} => {_PATRUNJEL RADACINA KG}",0.000149680561532384,0.753623188405797,0.000198614591264124,37.1973565678623,104
"{_ARDEI ALB BIANCA,_CEAPA GALBENA,_PATRUNJEL RADACINA KG} => {_TELINA}",0.000149680561532384,0.658227848101266,0.000227399314635737,38.4646985553225,104
"{_ARDEI ALB BIANCA,_PATRUNJEL RADACINA KG,_TELINA} => {_CEAPA GALBENA}",0.000149680561532384,0.183745583038869,0.000814607671416626,10.4347216827124,104
"{_CEAPA GALBENA,_PATRUNJEL RADACINA KG,_TELINA} => {_ARDEI ALB BIANCA}",0.000149680561532384,0.11542730299667,0.00129675178789113,11.4933205326778,104
"{_ARDEI ALB BIANCA,_CEAPA GALBENA,_TELINA} => {_MORCOVI}",0.000168390631723931,0.847826086956522,0.000198614591264124,24.6642349253275,117
"{_ARDEI ALB BIANCA,_CEAPA GALBENA,_MORCOVI} => {_TELINA}",0.000168390631723931,0.524663677130045,0.000320949665593476,30.6596420099039,117
"{_ARDEI ALB BIANCA,_MORCOVI,_TELINA} => {_CEAPA GALBENA}",0.000168390631723931,0.185126582278481,0.000909597258542946,10.5131472016885,117
"{_CEAPA GALBENA,_MORCOVI,_TELINA} => {_ARDEI ALB BIANCA}",0.000168390631723931,0.112068965517241,0.00150256255999816,11.1589243533865,117
"{_ARDEI ALB BIANCA,_CEAPA GALBENA,_PATRUNJEL RADACINA KG} => {_MORCOVI}",0.000210128480612769,0.924050632911392,0.000227399314635737,26.88169454049,146
"{_ARDEI ALB BIANCA,_CEAPA GALBENA,_MORCOVI} => {_PATRUNJEL RADACINA KG}",0.000210128480612769,0.654708520179372,0.000320949665593476,32.3151233239604,146
"{_ARDEI ALB BIANCA,_MORCOVI,_PATRUNJEL RADACINA KG} => {_CEAPA GALBENA}",0.000210128480612769,0.189119170984456,0.00111109032214423,10.7398821862871,146
"{_CEAPA GALBENA,_MORCOVI,_PATRUNJEL RADACINA KG} => {_ARDEI ALB BIANCA}",0.000210128480612769,0.110271903323263,0.00190554868720073,10.9799873837412,146
"{_ARDEI ALB BIANCA,_PATRUNJEL RADACINA KG,_ROSII VRAC} => {_MORCOVI}",0.000122335074329352,0.904255319148936,0.000135288199846577,26.3058261205757,85
"{_ARDEI ALB BIANCA,_MORCOVI,_ROSII VRAC} => {_PATRUNJEL RADACINA KG}",0.000122335074329352,0.570469798657718,0.000214446189118511,28.1572659099783,85
"{_ARDEI ALB BIANCA,_MORCOVI,_PATRUNJEL RADACINA KG} => {_ROSII VRAC}",0.000122335074329352,0.110103626943005,0.00111109032214423,5.70225338007977,85
"{_MORCOVI,_PATRUNJEL RADACINA KG,_ROSII VRAC} => {_ARDEI ALB BIANCA}",0.000122335074329352,0.192743764172336,0.000634703150344049,19.1918705955679,85
"{_ARDEI ALB BIANCA,_PATRUNJEL RADACINA KG,_TELINA} => {_ARDEI ROSU CAPIA}",0.000138166672183739,0.169611307420495,0.000814607671416626,7.39926799414555,96
"{_ARDEI ALB BIANCA,_ARDEI ROSU CAPIA,_TELINA} => {_PATRUNJEL RADACINA KG}",0.000138166672183739,0.732824427480916,0.00018853993808406,36.1707706848972,96
"{_ARDEI ALB BIANCA,_ARDEI ROSU CAPIA,_PATRUNJEL RADACINA KG} => {_TELINA}",0.000138166672183739,0.64,0.000215885425287092,37.3995222876367,96
"{_ARDEI ROSU CAPIA,_PATRUNJEL RADACINA KG,_TELINA} => {_ARDEI ALB BIANCA}",0.000138166672183739,0.154093097913323,0.000896644133025721,15.3433487590211,96
"{_ARDEI ALB BIANCA,_PATRUNJEL RADACINA KG,_TELINA} => {_MORCOVI}",0.000713861139615983,0.876325088339223,0.000814607671416626,25.493303617662,496
"{_ARDEI ALB BIANCA,_MORCOVI,_TELINA} => {_PATRUNJEL RADACINA KG}",0.000713861139615983,0.784810126582278,0.000909597258542946,38.7366824238838,496
"{_ARDEI ALB BIANCA,_MORCOVI,_PATRUNJEL RADACINA KG} => {_TELINA}",0.000713861139615983,0.642487046632124,0.00111109032214423,37.5448572188062,496
"{_ARDEI ALB BIANCA,_PATRUNJEL RADACINA KG,_TELINA} => {CARNE TOCATA PORC VRAC}",0.000106503476474965,0.130742049469965,0.000814607671416626,2.66968218233681,74
"{_ARDEI ALB BIANCA,_TELINA,CARNE TOCATA PORC VRAC} => {_PATRUNJEL RADACINA KG}",0.000106503476474965,0.4625,0.000230277786972898,22.8280892590751,74
"{_ARDEI ALB BIANCA,_PATRUNJEL RADACINA KG,CARNE TOCATA PORC VRAC} => {_TELINA}",0.000106503476474965,0.560606060606061,0.000189979174252641,32.7599982159696,74
"{_ARDEI ALB BIANCA,_PATRUNJEL RADACINA KG,_TELINA} => {PAINE CU CARTOFI FELII BACHUS 1.2 KG}",0.000102185767969223,0.125441696113074,0.000814607671416626,2.04664728317789,71
"{_ARDEI ALB BIANCA,_TELINA,PAINE CU CARTOFI FELII BACHUS 1.2 KG} => {_PATRUNJEL RADACINA KG}",0.000102185767969223,0.771739130434783,0.000132409727509416,38.0915237930513,71
"{_ARDEI ALB BIANCA,_PATRUNJEL RADACINA KG,PAINE CU CARTOFI FELII BACHUS 1.2 KG} => {_TELINA}",0.000102185767969223,0.747368421052632,0.000136727436015158,43.6737842503652,71
"{_PATRUNJEL RADACINA KG,_TELINA,PAINE CU CARTOFI FELII BACHUS 1.2 KG} => {_ARDEI ALB BIANCA}",0.000102185767969223,0.110419906687403,0.000925428856397333,10.994724365892,71
"{_ARDEI ALB BIANCA,_PATRUNJEL RADACINA KG,_TELINA} => {_BANANE}",0.000109381948812126,0.134275618374558,0.000814607671416626,1.74402178202976,76
"{_ARDEI ALB BIANCA,_BANANE,_TELINA} => {_PATRUNJEL RADACINA KG}",0.000109381948812126,0.697247706422018,0.000156876742375287,34.4147737900264,76
"{_ARDEI ALB BIANCA,_BANANE,_PATRUNJEL RADACINA KG} => {_TELINA}",0.000109381948812126,0.603174603174603,0.000181343757241157,35.2475656480703,76
"{_ARDEI ALB BIANCA,_ARDEI ROSU CAPIA,_TELINA} => {_MORCOVI}",0.000129531255172255,0.687022900763359,0.00018853993808406,19.9862854943934,90
"{_ARDEI ALB BIANCA,_MORCOVI,_TELINA} => {_ARDEI ROSU CAPIA}",0.000129531255172255,0.142405063291139,0.000909597258542946,6.21239965093906,90
"{_ARDEI ALB BIANCA,_ARDEI ROSU CAPIA,_MORCOVI} => {_TELINA}",0.000129531255172255,0.407239819004525,0.000318071193256315,23.7977729488638,90
"{_ARDEI ROSU CAPIA,_MORCOVI,_TELINA} => {_ARDEI ALB BIANCA}",0.000129531255172255,0.133928571428571,0.000967166705286171,13.3355277300086,90
"{_ARDEI ALB BIANCA,_MORCOVI,_TELINA} => {CARNE TOCATA PORC VRAC}",0.000152559033869545,0.167721518987342,0.000909597258542946,3.42478301854856,106
"{_ARDEI ALB BIANCA,_TELINA,CARNE TOCATA PORC VRAC} => {_MORCOVI}",0.000152559033869545,0.6625,0.000230277786972898,19.272886137163,106
"{_ARDEI ALB BIANCA,_MORCOVI,CARNE TOCATA PORC VRAC} => {_TELINA}",0.000152559033869545,0.404580152671756,0.00037707987616812,23.6423506827856,106
"{_MORCOVI,_TELINA,CARNE TOCATA PORC VRAC} => {_ARDEI ALB BIANCA}",0.000152559033869545,0.110647181628392,0.00137878824950023,11.017354572767,106
"{_ARDEI ALB BIANCA,_MORCOVI,_TELINA} => {PAINE CU CARTOFI FELII BACHUS 1.2 KG}",0.000110821184980707,0.121835443037975,0.000909597258542946,1.98780936654169,77
"{_ARDEI ALB BIANCA,_TELINA,PAINE CU CARTOFI FELII BACHUS 1.2 KG} => {_MORCOVI}",0.000110821184980707,0.83695652173913,0.000132409727509416,24.3480267852592,77
"{_ARDEI ALB BIANCA,_MORCOVI,PAINE CU CARTOFI FELII BACHUS 1.2 KG} => {_TELINA}",0.000110821184980707,0.542253521126761,0.000204371535938447,31.6875353889527,77
"{_MORCOVI,_TELINA,PAINE CU CARTOFI FELII BACHUS 1.2 KG} => {_ARDEI ALB BIANCA}",0.000110821184980707,0.110951008645533,0.000998829900994944,11.0476072184048,77
"{_ARDEI ALB BIANCA,_MORCOVI,_TELINA} => {_BANANE}",0.000120895838160771,0.132911392405063,0.000909597258542946,1.72630270662939,84
"{_ARDEI ALB BIANCA,_BANANE,_TELINA} => {_MORCOVI}",0.000120895838160771,0.770642201834862,0.000156876742375287,22.4188670316315,84
"{_ARDEI ALB BIANCA,_BANANE,_MORCOVI} => {_TELINA}",0.000120895838160771,0.422110552763819,0.000286407997547542,24.6667703530267,84
"{_ARDEI ALB BIANCA,_ARDEI ROSU CAPIA,_PATRUNJEL RADACINA KG} => {_MORCOVI}",0.000177026048735415,0.82,0.000215885425287092,23.8547420867526,123
"{_ARDEI ALB BIANCA,_MORCOVI,_PATRUNJEL RADACINA KG} => {_ARDEI ROSU CAPIA}",0.000177026048735415,0.159326424870466,0.00111109032214423,6.95059152656014,123
"{_ARDEI ALB BIANCA,_ARDEI ROSU CAPIA,_MORCOVI} => {_PATRUNJEL RADACINA KG}",0.000177026048735415,0.556561085972851,0.000318071193256315,27.470759240467,123
"{_ARDEI ROSU CAPIA,_MORCOVI,_PATRUNJEL RADACINA KG} => {_ARDEI ALB BIANCA}",0.000177026048735415,0.138513513513514,0.00127804171769958,13.7920593099548,123
"{_ARDEI ALB BIANCA,_MORCOVI,_PATRUNJEL RADACINA KG} => {CARNE TOCATA PORC VRAC}",0.000166951395555351,0.150259067357513,0.00111109032214423,3.06820916824509,116
"{_ARDEI ALB BIANCA,_PATRUNJEL RADACINA KG,CARNE TOCATA PORC VRAC} => {_MORCOVI}",0.000166951395555351,0.878787878787879,0.000189979174252641,25.5649490212796,116
"{_ARDEI ALB BIANCA,_MORCOVI,CARNE TOCATA PORC VRAC} => {_PATRUNJEL RADACINA KG}",0.000166951395555351,0.442748091603053,0.00037707987616812,21.8531739554587,116
"{_ARDEI ALB BIANCA,_MORCOVI,_PATRUNJEL RADACINA KG} => {PAINE CU CARTOFI FELII BACHUS 1.2 KG}",0.000123774310497933,0.11139896373057,0.00111109032214423,1.81753271466042,86
"{_ARDEI ALB BIANCA,_PATRUNJEL RADACINA KG,PAINE CU CARTOFI FELII BACHUS 1.2 KG} => {_MORCOVI}",0.000123774310497933,0.905263157894737,0.000136727436015158,26.3351453075831,86
"{_ARDEI ALB BIANCA,_MORCOVI,PAINE CU CARTOFI FELII BACHUS 1.2 KG} => {_PATRUNJEL RADACINA KG}",0.000123774310497933,0.605633802816901,0.000204371535938447,29.8928919113888,86
"{_ARDEI ALB BIANCA,_MORCOVI,_PATRUNJEL RADACINA KG} => {_BANANE}",0.000155437506206706,0.139896373056995,0.00111109032214423,1.8170262389541,108
"{_ARDEI ALB BIANCA,_BANANE,_PATRUNJEL RADACINA KG} => {_MORCOVI}",0.000155437506206706,0.857142857142857,0.000181343757241157,24.9352704739575,108
"{_ARDEI ALB BIANCA,_BANANE,_MORCOVI} => {_PATRUNJEL RADACINA KG}",0.000155437506206706,0.542713567839196,0.000286407997547542,26.7872730135011,108
"{_PATRUNJEL RADACINA KG,_TELINA,OUA PROASPETE M DIN GHEORGHENI 1*10} => {_MORCOVI}",0.000272015635861735,0.870967741935484,0.000312314248581993,25.3374522557955,189
"{_MORCOVI,_TELINA,OUA PROASPETE M DIN GHEORGHENI 1*10} => {_PATRUNJEL RADACINA KG}",0.000272015635861735,0.735408560311284,0.000369883695325217,36.2983183928084,189
"{_MORCOVI,_PATRUNJEL RADACINA KG,OUA PROASPETE M DIN GHEORGHENI 1*10} => {_TELINA}",0.000272015635861735,0.523545706371191,0.000519564256857601,30.5943114281654,189
"{_PATRUNJEL RADACINA KG,_TELINA,OUA PROASPETE} => {_MORCOVI}",0.000312314248581993,0.84765625,0.000368444459156636,24.6592941731389,217
"{_MORCOVI,_TELINA,OUA PROASPETE} => {_PATRUNJEL RADACINA KG}",0.000312314248581993,0.76678445229682,0.000407303835708313,37.8469706367628,217
"{_MORCOVI,_PATRUNJEL RADACINA KG,OUA PROASPETE} => {_TELINA}",0.000312314248581993,0.541147132169576,0.000577133703600825,31.6228816101043,217
"{_CEAPA GALBENA,_TELINA,PULPE PUI CU SPATE REFR.VRAC SZEKELY CSURKE} => {_PATRUNJEL RADACINA KG}",0.000100746531800643,0.721649484536082,0.000139605908352319,35.6191975064978,70
"{_CEAPA GALBENA,_PATRUNJEL RADACINA KG,PULPE PUI CU SPATE REFR.VRAC SZEKELY CSURKE} => {_TELINA}",0.000100746531800643,0.707070707070707,0.00014248438068948,41.3189166687905,70
"{_PATRUNJEL RADACINA KG,_TELINA,PULPE PUI CU SPATE REFR.VRAC SZEKELY CSURKE} => {_CEAPA GALBENA}",0.000100746531800643,0.177215189873418,0.000568498286589341,10.0638674067445,70
"{_CEAPA GALBENA,_TELINA,PULPE PUI CU SPATE REFR.VRAC SZEKELY CSURKE} => {_MORCOVI}",0.000122335074329352,0.876288659793814,0.000139605908352319,25.4922438694239,85
"{_CEAPA GALBENA,_MORCOVI,PULPE PUI CU SPATE REFR.VRAC SZEKELY CSURKE} => {_TELINA}",0.000122335074329352,0.555555555555556,0.000220203133792833,32.4648630969068,85
"{_MORCOVI,_TELINA,PULPE PUI CU SPATE REFR.VRAC SZEKELY CSURKE} => {_CEAPA GALBENA}",0.000122335074329352,0.18640350877193,0.000656291692872759,10.5856625370127,85
"{_CEAPA GALBENA,_PATRUNJEL RADACINA KG,PULPE PUI CU SPATE REFR.VRAC SZEKELY CSURKE} => {_MORCOVI}",0.000130970491340836,0.919191919191919,0.00014248438068948,26.740348976281,91
"{_CEAPA GALBENA,_MORCOVI,PULPE PUI CU SPATE REFR.VRAC SZEKELY CSURKE} => {_PATRUNJEL RADACINA KG}",0.000130970491340836,0.594771241830065,0.000220203133792833,29.3567372913031,91
"{_MORCOVI,_PATRUNJEL RADACINA KG,PULPE PUI CU SPATE REFR.VRAC SZEKELY CSURKE} => {_CEAPA GALBENA}",0.000130970491340836,0.16697247706422,0.000784383711876433,9.48219433644643,91
"{_PATRUNJEL RADACINA KG,_TELINA,PULPE PUI CU SPATE REFR.VRAC SZEKELY CSURKE} => {_MORCOVI}",0.000496536478160311,0.873417721518987,0.000568498286589341,25.4087249766275,345
"{_MORCOVI,_TELINA,PULPE PUI CU SPATE REFR.VRAC SZEKELY CSURKE} => {_PATRUNJEL RADACINA KG}",0.000496536478160311,0.756578947368421,0.000656291692872759,37.3432470098668,345
"{_MORCOVI,_PATRUNJEL RADACINA KG,PULPE PUI CU SPATE REFR.VRAC SZEKELY CSURKE} => {_TELINA}",0.000496536478160311,0.63302752293578,0.000784383711876433,36.9920733636314,345
"{_PATRUNJEL RADACINA KG,_TELINA,PULPE PUI CU SPATE REFR.VRAC SZEKELY CSURKE} => {CARNE TOCATA PORC VRAC}",0.000102185767969223,0.179746835443038,0.000568498286589341,3.67033349912374,71
"{_TELINA,CARNE TOCATA PORC VRAC,PULPE PUI CU SPATE REFR.VRAC SZEKELY CSURKE} => {_PATRUNJEL RADACINA KG}",0.000102185767969223,0.689320388349515,0.000148241325363803,34.0234969802011,71
"{_PATRUNJEL RADACINA KG,CARNE TOCATA PORC VRAC,PULPE PUI CU SPATE REFR.VRAC SZEKELY CSURKE} => {_TELINA}",0.000102185767969223,0.550387596899225,0.000185661465746899,32.162864370424,71
"{_MORCOVI,_TELINA,PULPE PUI CU SPATE REFR.VRAC SZEKELY CSURKE} => {CARNE TOCATA PORC VRAC}",0.000113699657317868,0.173245614035088,0.000656291692872759,3.53758206202608,79
"{_TELINA,CARNE TOCATA PORC VRAC,PULPE PUI CU SPATE REFR.VRAC SZEKELY CSURKE} => {_MORCOVI}",0.000113699657317868,0.766990291262136,0.000148241325363803,22.3126287574409,79
"{_MORCOVI,CARNE TOCATA PORC VRAC,PULPE PUI CU SPATE REFR.VRAC SZEKELY CSURKE} => {_TELINA}",0.000113699657317868,0.420212765957447,0.000270576399693155,24.5558698530859,79
"{_MORCOVI,_PATRUNJEL RADACINA KG,PULPE PUI CU SPATE REFR.VRAC SZEKELY CSURKE} => {CARNE TOCATA PORC VRAC}",0.000152559033869545,0.194495412844037,0.000784383711876433,3.97149150040861,106
"{_PATRUNJEL RADACINA KG,CARNE TOCATA PORC VRAC,PULPE PUI CU SPATE REFR.VRAC SZEKELY CSURKE} => {_MORCOVI}",0.000152559033869545,0.821705426356589,0.000185661465746899,23.9043548988068,106
"{_MORCOVI,CARNE TOCATA PORC VRAC,PULPE PUI CU SPATE REFR.VRAC SZEKELY CSURKE} => {_PATRUNJEL RADACINA KG}",0.000152559033869545,0.563829787234043,0.000270576399693155,27.8295280214141,106
"{_MORCOVI,_PATRUNJEL RADACINA KG,PULPE PUI CU SPATE REFR.VRAC SZEKELY CSURKE} => {PAINE CU CARTOFI FELII BACHUS 1.2 KG}",0.000103625004137804,0.132110091743119,0.000784383711876433,2.15544566698708,72
"{_PATRUNJEL RADACINA KG,PAINE CU CARTOFI FELII BACHUS 1.2 KG,PULPE PUI CU SPATE REFR.VRAC SZEKELY CSURKE} => {_MORCOVI}",0.000103625004137804,0.837209302325581,0.000123774310497933,24.3553804629352,72
"{_MORCOVI,PAINE CU CARTOFI FELII BACHUS 1.2 KG,PULPE PUI CU SPATE REFR.VRAC SZEKELY CSURKE} => {_PATRUNJEL RADACINA KG}",0.000103625004137804,0.712871287128713,0.000145362853026642,35.1859229682292,72
"{_MORCOVI,_PATRUNJEL RADACINA KG,PULPE PUI CU SPATE REFR.VRAC SZEKELY CSURKE} => {_BANANE}",0.000109381948812126,0.139449541284404,0.000784383711876433,1.81122262133733,76
"{_BANANE,_PATRUNJEL RADACINA KG,PULPE PUI CU SPATE REFR.VRAC SZEKELY CSURKE} => {_MORCOVI}",0.000109381948812126,0.873563218390805,0.000125213546666513,25.4129576477881,76
"{_BANANE,_MORCOVI,PULPE PUI CU SPATE REFR.VRAC SZEKELY CSURKE} => {_PATRUNJEL RADACINA KG}",0.000109381948812126,0.575757575757576,0.000189979174252641,28.4182601750976,76
"{_PATRUNJEL RADACINA KG,_TELINA,APA MINERALA NATURALA CARBOGAZOASA PERLA HARGHITEI  2L} => {_MORCOVI}",0.000161194450881028,0.918032786885246,0.000175586812566835,26.7066284857686,112
"{_MORCOVI,_TELINA,APA MINERALA NATURALA CARBOGAZOASA PERLA HARGHITEI  2L} => {_PATRUNJEL RADACINA KG}",0.000161194450881028,0.842105263157895,0.000191418410421221,41.5646575414169,112
"{_MORCOVI,_PATRUNJEL RADACINA KG,APA MINERALA NATURALA CARBOGAZOASA PERLA HARGHITEI  2L} => {_TELINA}",0.000161194450881028,0.61878453038674,0.000260501746513091,36.1597591178808,112
"{_CARTOFI ALBI,_PATRUNJEL RADACINA KG,_USTUROI} => {_MORCOVI}",0.000102185767969223,0.835294117647059,0.000122335074329352,24.2996655403076,71
"{_CARTOFI ALBI,_MORCOVI,_USTUROI} => {_PATRUNJEL RADACINA KG}",0.000102185767969223,0.57258064516129,0.000178465284903996,28.26145313678,71
"{_CARTOFI ALBI,_MORCOVI,_PATRUNJEL RADACINA KG} => {_USTUROI}",0.000102185767969223,0.116968698517298,0.000873616354328431,9.78230287950163,71
"{_CARTOFI ALBI,_CEAPA GALBENA,_TELINA} => {_PATRUNJEL RADACINA KG}",0.000145362853026642,0.742647058823529,0.000195736118926963,36.6555964255419,101
"{_CARTOFI ALBI,_CEAPA GALBENA,_PATRUNJEL RADACINA KG} => {_TELINA}",0.000145362853026642,0.664473684210526,0.000218763897624253,38.8296849409057,101
"{_CARTOFI ALBI,_PATRUNJEL RADACINA KG,_TELINA} => {_CEAPA GALBENA}",0.000145362853026642,0.241626794258373,0.000601600718466695,13.7217358233791,101
"{_CEAPA GALBENA,_PATRUNJEL RADACINA KG,_TELINA} => {_CARTOFI ALBI}",0.000145362853026642,0.112097669256382,0.00129675178789113,8.13610340217637,101
"{_CARTOFI ALBI,_CEAPA GALBENA,_TELINA} => {_MORCOVI}",0.000161194450881028,0.823529411764706,0.000195736118926963,23.9574167298807,112
"{_CARTOFI ALBI,_CEAPA GALBENA,_MORCOVI} => {_TELINA}",0.000161194450881028,0.457142857142857,0.00035261286130225,26.713944491169,112
"{_CARTOFI ALBI,_MORCOVI,_TELINA} => {_CEAPA GALBENA}",0.000161194450881028,0.256880733944954,0.000627506969501146,14.5879912868407,112
"{_CEAPA GALBENA,_MORCOVI,_TELINA} => {_CARTOFI ALBI}",0.000161194450881028,0.10727969348659,0.00150256255999816,7.78641237548293,112
"{_CARTOFI ALBI,_CEAPA GALBENA,_PATRUNJEL RADACINA KG} => {_MORCOVI}",0.000195736118926963,0.894736842105263,0.000218763897624253,26.0289226877275,136
"{_CARTOFI ALBI,_CEAPA GALBENA,_MORCOVI} => {_PATRUNJEL RADACINA KG}",0.000195736118926963,0.555102040816327,0.00035261286130225,27.3987436446483,136
"{_CARTOFI ALBI,_MORCOVI,_PATRUNJEL RADACINA KG} => {_CEAPA GALBENA}",0.000195736118926963,0.224052718286656,0.000873616354328431,12.7237222191178,136
"{_CEAPA GALBENA,_MORCOVI,_PATRUNJEL RADACINA KG} => {_CARTOFI ALBI}",0.000195736118926963,0.102719033232628,0.00190554868720073,7.45539743418597,136
"{_CARTOFI ALBI,_PATRUNJEL RADACINA KG,_TELINA} => {_MORCOVI}",0.000509489603677536,0.84688995215311,0.000601600718466695,24.6370016883838,354
"{_CARTOFI ALBI,_MORCOVI,_TELINA} => {_PATRUNJEL RADACINA KG}",0.000509489603677536,0.811926605504587,0.000627506969501146,40.0750984265439,354
"{_CARTOFI ALBI,_MORCOVI,_PATRUNJEL RADACINA KG} => {_TELINA}",0.000509489603677536,0.583196046128501,0.000873616354328431,34.0800836331945,354
"{_CARTOFI ALBI,_MORCOVI,_PATRUNJEL RADACINA KG} => {CARNE TOCATA PORC VRAC}",0.00011801736582361,0.135090609555189,0.000873616354328431,2.75847743547388,82
"{_CARTOFI ALBI,_PATRUNJEL RADACINA KG,CARNE TOCATA PORC VRAC} => {_MORCOVI}",0.00011801736582361,0.845360824742268,0.000139605908352319,24.5925176152089,82
"{_CARTOFI ALBI,_MORCOVI,CARNE TOCATA PORC VRAC} => {_PATRUNJEL RADACINA KG}",0.00011801736582361,0.5125,0.000230277786972898,25.2959908005967,82
"{_CARTOFI ALBI,_MORCOVI,_PATRUNJEL RADACINA KG} => {PAINE CU CARTOFI FELII BACHUS 1.2 KG}",0.000119456601992191,0.13673805601318,0.000873616354328431,2.23095333942341,83
"{_CARTOFI ALBI,_PATRUNJEL RADACINA KG,PAINE CU CARTOFI FELII BACHUS 1.2 KG} => {_MORCOVI}",0.000119456601992191,0.798076923076923,0.000149680561532384,23.216974591938,83
"{_CARTOFI ALBI,_MORCOVI,PAINE CU CARTOFI FELII BACHUS 1.2 KG} => {_PATRUNJEL RADACINA KG}",0.000119456601992191,0.597122302158273,0.000200053827432705,29.472780999467,83
"{_CARTOFI ALBI,_MORCOVI,_PATRUNJEL RADACINA KG} => {_BANANE}",0.000128092019003674,0.14662273476112,0.000873616354328431,1.90439073198576,89
"{_BANANE,_CARTOFI ALBI,_PATRUNJEL RADACINA KG} => {_MORCOVI}",0.000128092019003674,0.824074074074074,0.000155437506206706,23.9732615822153,89
"{_BANANE,_CARTOFI ALBI,_MORCOVI} => {_PATRUNJEL RADACINA KG}",0.000128092019003674,0.470899470899471,0.000272015635861735,23.2426706026905,89
"{_PATRUNJEL RADACINA KG,_TELINA,DANONE ACTIVIA NATUR 125G} => {_MORCOVI}",0.000169829867892512,0.836879432624113,0.000202932299769866,24.3457841743367,118
"{_MORCOVI,_TELINA,DANONE ACTIVIA NATUR 125G} => {_PATRUNJEL RADACINA KG}",0.000169829867892512,0.710843373493976,0.000238913203984381,35.0858291445244,118
"{_MORCOVI,_PATRUNJEL RADACINA KG,DANONE ACTIVIA NATUR 125G} => {_TELINA}",0.000169829867892512,0.422939068100358,0.00040154689103399,24.7151860995807,118
"{_MORCOVI,_PATRUNJEL RADACINA KG,DANONE ACTIVIA NATUR 125G} => {_BANANE}",0.000126652782835094,0.315412186379928,0.00040154689103399,4.09669104505462,88
"{_BANANE,_PATRUNJEL RADACINA KG,DANONE ACTIVIA NATUR 125G} => {_MORCOVI}",0.000126652782835094,0.8,0.000158315978543867,23.272919109027,88
"{_BANANE,_MORCOVI,DANONE ACTIVIA NATUR 125G} => {_PATRUNJEL RADACINA KG}",0.000126652782835094,0.468085106382979,0.000270576399693155,23.1037591121174,88
"{_CEAPA GALBENA,_TELINA,_USTUROI} => {_PATRUNJEL RADACINA KG}",0.000218763897624253,0.76,0.000287847233716122,37.5121034311288,152
"{_CEAPA GALBENA,_PATRUNJEL RADACINA KG,_USTUROI} => {_TELINA}",0.000218763897624253,0.697247706422018,0.000313753484750573,40.7448924005216,152
"{_PATRUNJEL RADACINA KG,_TELINA,_USTUROI} => {_CEAPA GALBENA}",0.000218763897624253,0.297455968688845,0.000735449682144692,16.8922169164367,152
"{_CEAPA GALBENA,_PATRUNJEL RADACINA KG,_TELINA} => {_USTUROI}",0.000218763897624253,0.168701442841287,0.00129675178789113,14.108805441127,152
"{_CEAPA GALBENA,_TELINA,_USTUROI} => {_MORCOVI}",0.000233156259310059,0.81,0.000287847233716122,23.5638305978898,162
"{_CEAPA GALBENA,_MORCOVI,_USTUROI} => {_TELINA}",0.000233156259310059,0.46551724137931,0.000500854186666053,27.2033163191323,162
"{_MORCOVI,_TELINA,_USTUROI} => {_CEAPA GALBENA}",0.000233156259310059,0.277873070325901,0.000839074686282496,15.7801243655374,162
"{_CEAPA GALBENA,_MORCOVI,_TELINA} => {_USTUROI}",0.000233156259310059,0.155172413793103,0.00150256255999816,12.9773483804559,162
"{_CEAPA GALBENA,_PATRUNJEL RADACINA KG,_USTUROI} => {_MORCOVI}",0.000279211816704639,0.889908256880734,0.000313753484750573,25.8884535960506,194
"{_CEAPA GALBENA,_MORCOVI,_USTUROI} => {_PATRUNJEL RADACINA KG}",0.000279211816704639,0.557471264367816,0.000500854186666053,27.5156838537469,194
"{_MORCOVI,_PATRUNJEL RADACINA KG,_USTUROI} => {_CEAPA GALBENA}",0.000279211816704639,0.257978723404255,0.00108230559877262,14.6503449730021,194
"{_CEAPA GALBENA,_MORCOVI,_PATRUNJEL RADACINA KG} => {_USTUROI}",0.000279211816704639,0.146525679758308,0.00190554868720073,12.2542064431764,194
"{_PATRUNJEL RADACINA KG,_TELINA,_USTUROI} => {_MORCOVI}",0.000637581622681211,0.86692759295499,0.000735449682144692,25.2199196802812,443
"{_MORCOVI,_TELINA,_USTUROI} => {_PATRUNJEL RADACINA KG}",0.000637581622681211,0.759862778730703,0.000839074686282496,37.5053304594883,443
"{_MORCOVI,_PATRUNJEL RADACINA KG,_USTUROI} => {_TELINA}",0.000637581622681211,0.589095744680851,0.00108230559877262,34.4248428636616,443
"{_PATRUNJEL RADACINA KG,_TELINA,_USTUROI} => {CARNE TOCATA PORC VRAC}",0.000102185767969223,0.13894324853229,0.000735449682144692,2.83714624687647,71
"{_TELINA,_USTUROI,CARNE TOCATA PORC VRAC} => {_PATRUNJEL RADACINA KG}",0.000102185767969223,0.606837606837607,0.000168390631723931,29.9523093073565,71
"{_PATRUNJEL RADACINA KG,_USTUROI,CARNE TOCATA PORC VRAC} => {_TELINA}",0.000102185767969223,0.533834586466165,0.000191418410421221,31.1955601788323,71
"{_PATRUNJEL RADACINA KG,_TELINA,_USTUROI} => {_BANANE}",0.000128092019003674,0.174168297455969,0.000735449682144692,2.26216276774042,89
"{_BANANE,_TELINA,_USTUROI} => {_PATRUNJEL RADACINA KG}",0.000128092019003674,0.679389312977099,0.00018853993808406,33.5333186557901,89
"{_BANANE,_PATRUNJEL RADACINA KG,_USTUROI} => {_TELINA}",0.000128092019003674,0.601351351351351,0.00021300695294993,35.1410207305708,89
"{_BANANE,_PATRUNJEL RADACINA KG,_TELINA} => {_USTUROI}",0.000128092019003674,0.103009259259259,0.00124350004965365,8.61484983795182,89
"{_ARDEI ROSU CAPIA,_TELINA,_USTUROI} => {_MORCOVI}",0.000102185767969223,0.78021978021978,0.000130970491340836,22.6974897903972,71
"{_MORCOVI,_TELINA,_USTUROI} => {_ARDEI ROSU CAPIA}",0.000102185767969223,0.121783876500858,0.000839074686282496,5.31280345220006,71
"{_ARDEI ROSU CAPIA,_MORCOVI,_USTUROI} => {_TELINA}",0.000102185767969223,0.410404624277457,0.000248987857164446,23.9827138947092,71
"{_ARDEI ROSU CAPIA,_MORCOVI,_TELINA} => {_USTUROI}",0.000102185767969223,0.105654761904762,0.00096716670528617,8.83609798788316,71
"{_MORCOVI,_TELINA,_USTUROI} => {CARNE TOCATA PORC VRAC}",0.000122335074329352,0.145797598627787,0.000839074686282496,2.97710838144323,85
"{_TELINA,_USTUROI,CARNE TOCATA PORC VRAC} => {_MORCOVI}",0.000122335074329352,0.726495726495726,0.000168390631723931,21.134595344736,85
"{_MORCOVI,_USTUROI,CARNE TOCATA PORC VRAC} => {_TELINA}",0.000122335074329352,0.354166666666667,0.000345416680459347,20.6963502242781,85
"{_MORCOVI,_TELINA,_USTUROI} => {_BANANE}",0.000139605908352319,0.166380789022298,0.000839074686282496,2.16101570544818,97
"{_BANANE,_TELINA,_USTUROI} => {_MORCOVI}",0.000139605908352319,0.740458015267176,0.00018853993808406,21.5407743661795,97
"{_BANANE,_MORCOVI,_USTUROI} => {_TELINA}",0.000139605908352319,0.409282700421941,0.000341098971953605,23.9171523068352,97
"{_ARDEI ROSU CAPIA,_PATRUNJEL RADACINA KG,_USTUROI} => {_MORCOVI}",0.000126652782835094,0.846153846153846,0.000149680561532384,24.6155875191631,88
"{_MORCOVI,_PATRUNJEL RADACINA KG,_USTUROI} => {_ARDEI ROSU CAPIA}",0.000126652782835094,0.117021276595745,0.00108230559877262,5.10503574152817,88
"{_ARDEI ROSU CAPIA,_MORCOVI,_USTUROI} => {_PATRUNJEL RADACINA KG}",0.000126652782835094,0.508670520231214,0.000248987857164446,25.1069752201045,88
"{_MORCOVI,_PATRUNJEL RADACINA KG,_USTUROI} => {CARNE TOCATA PORC VRAC}",0.00016551215938677,0.152925531914894,0.00108230559877262,3.12265693732574,115
"{_PATRUNJEL RADACINA KG,_USTUROI,CARNE TOCATA PORC VRAC} => {_MORCOVI}",0.00016551215938677,0.864661654135338,0.000191418410421221,25.1540009167115,115
"{_MORCOVI,_USTUROI,CARNE TOCATA PORC VRAC} => {_PATRUNJEL RADACINA KG}",0.00016551215938677,0.479166666666667,0.000345416680459347,23.650723106249,115
"{_MORCOVI,_PATRUNJEL RADACINA KG,_USTUROI} => {_BANANE}",0.000181343757241157,0.167553191489362,0.00108230559877262,2.17624330569769,126
"{_BANANE,_PATRUNJEL RADACINA KG,_USTUROI} => {_MORCOVI}",0.000181343757241157,0.851351351351351,0.00021300695294993,24.766788916701,126
"{_BANANE,_MORCOVI,_USTUROI} => {_PATRUNJEL RADACINA KG}",0.000181343757241157,0.531645569620253,0.000341098971953605,26.2409784161794,126
"{_CEAPA GALBENA,_PATRUNJEL RADACINA KG,PULPE PORC FARA OS} => {_MORCOVI}",0.000119456601992191,0.902173913043478,0.000132409727509416,26.245275625669,83
"{_CEAPA GALBENA,_MORCOVI,PULPE PORC FARA OS} => {_PATRUNJEL RADACINA KG}",0.000119456601992191,0.553333333333333,0.000215885425287092,27.3114437261727,83
"{_MORCOVI,_PATRUNJEL RADACINA KG,PULPE PORC FARA OS} => {_CEAPA GALBENA}",0.000119456601992191,0.206982543640898,0.000577133703600825,11.7543246501645,83
"{_PATRUNJEL RADACINA KG,_TELINA,PULPE PORC FARA OS} => {_MORCOVI}",0.000309435776244831,0.817490494296578,0.000378519112336701,23.7817376827034,215
"{_MORCOVI,_TELINA,PULPE PORC FARA OS} => {_PATRUNJEL RADACINA KG}",0.000309435776244831,0.736301369863014,0.000420256961225538,36.3423857141884,215
"{_MORCOVI,_PATRUNJEL RADACINA KG,PULPE PORC FARA OS} => {_TELINA}",0.000309435776244831,0.536159600997506,0.000577133703600825,31.3314264800572,215
"{_MORCOVI,_PATRUNJEL RADACINA KG,PULPE PORC FARA OS} => {CARNE TOCATA PORC VRAC}",0.00011801736582361,0.204488778054863,0.000577133703600825,4.17555063175224,82
"{_PATRUNJEL RADACINA KG,CARNE TOCATA PORC VRAC,PULPE PORC FARA OS} => {_MORCOVI}",0.00011801736582361,0.828282828282828,0.00014248438068948,24.0956990775279,82
"{_MORCOVI,CARNE TOCATA PORC VRAC,PULPE PORC FARA OS} => {_PATRUNJEL RADACINA KG}",0.00011801736582361,0.463276836158192,0.000254744801838768,22.8664323621213,82
"{_PATRUNJEL RADACINA KG,_TELINA,CORN CU CASCAVAL PANOS 80G} => {_MORCOVI}",0.000122335074329352,0.817307692307692,0.000149680561532384,23.776419762828,85
"{_MORCOVI,_TELINA,CORN CU CASCAVAL PANOS 80G} => {_PATRUNJEL RADACINA KG}",0.000122335074329352,0.80188679245283,0.000152559033869545,39.5795530244035,85
"{_MORCOVI,_PATRUNJEL RADACINA KG,CORN CU CASCAVAL PANOS 80G} => {_TELINA}",0.000122335074329352,0.524691358024691,0.000233156259310059,30.6612595915231,85
"{_PATRUNJEL RADACINA KG,_TELINA,SMANTANA 20% GRASIME FRISS 300G} => {_MORCOVI}",0.000392911474022507,0.858490566037736,0.000457677101608634,24.9744768740737,273
"{_MORCOVI,_TELINA,SMANTANA 20% GRASIME FRISS 300G} => {_PATRUNJEL RADACINA KG}",0.000392911474022507,0.743869209809264,0.000528199673869084,36.7159193915752,273
"{_MORCOVI,_PATRUNJEL RADACINA KG,SMANTANA 20% GRASIME FRISS 300G} => {_TELINA}",0.000392911474022507,0.594771241830065,0.0006606094013785,34.7565004919826,273
"{_PATRUNJEL RADACINA KG,_TELINA,CREMWURSTI DE PUI CRISTUR} => {_MORCOVI}",0.000205810772107027,0.785714285714286,0.000261940982681671,22.8573312677943,143
"{_MORCOVI,_TELINA,CREMWURSTI DE PUI CRISTUR} => {_PATRUNJEL RADACINA KG}",0.000205810772107027,0.803370786516854,0.000256184038007349,39.6528000491678,143
"{_MORCOVI,_PATRUNJEL RADACINA KG,CREMWURSTI DE PUI CRISTUR} => {_TELINA}",0.000205810772107027,0.525735294117647,0.000391472237853926,30.7222638277346,143
"{_PATRUNJEL RADACINA KG,_TELINA,LAPTE DE CONSUM 3.5% GRASIME FRISS CUTIE 1L} => {_MORCOVI}",0.000292164942221864,0.831967213114754,0.000351173625133669,24.2028820652278,203
"{_MORCOVI,_TELINA,LAPTE DE CONSUM 3.5% GRASIME FRISS CUTIE 1L} => {_PATRUNJEL RADACINA KG}",0.000292164942221864,0.783783783783784,0.000372762167662378,38.6860241643931,203
"{_MORCOVI,_PATRUNJEL RADACINA KG,LAPTE DE CONSUM 3.5% GRASIME FRISS CUTIE 1L} => {_TELINA}",0.000292164942221864,0.503722084367246,0.000580012175937986,29.4358833141681,203
"{_MORCOVI,_PATRUNJEL RADACINA KG,LAPTE DE CONSUM 3.5% GRASIME FRISS CUTIE 1L} => {_BANANE}",0.000110821184980707,0.19106699751861,0.000580012175937986,2.48164938306194,77
"{_BANANE,_PATRUNJEL RADACINA KG,LAPTE DE CONSUM 3.5% GRASIME FRISS CUTIE 1L} => {_MORCOVI}",0.000110821184980707,0.802083333333333,0.000138166672183739,23.3335256692067,77
"{_BANANE,_MORCOVI,LAPTE DE CONSUM 3.5% GRASIME FRISS CUTIE 1L} => {_PATRUNJEL RADACINA KG}",0.000110821184980707,0.509933774834437,0.000217324661455672,25.169326979757,77
"{_CASTRAVETI CORNISON,_PATRUNJEL RADACINA KG,_TELINA} => {_MORCOVI}",0.000307996540076251,0.869918699186992,0.00035405209747083,25.306934397011,214
"{_CASTRAVETI CORNISON,_MORCOVI,_TELINA} => {_PATRUNJEL RADACINA KG}",0.000307996540076251,0.732876712328767,0.000420256961225538,36.1733513620294,214
"{_CASTRAVETI CORNISON,_MORCOVI,_PATRUNJEL RADACINA KG} => {_TELINA}",0.000307996540076251,0.533665835411471,0.000577133703600825,31.1856989150337,214
"{_ARDEI ROSU CAPIA,_CASTRAVETI CORNISON,_PATRUNJEL RADACINA KG} => {_MORCOVI}",0.000122335074329352,0.787037037037037,0.000155437506206706,22.895811623464,85
"{_CASTRAVETI CORNISON,_MORCOVI,_PATRUNJEL RADACINA KG} => {_ARDEI ROSU CAPIA}",0.000122335074329352,0.211970074812968,0.000577133703600825,9.24716290519385,85
"{_ARDEI ROSU CAPIA,_CASTRAVETI CORNISON,_MORCOVI} => {_PATRUNJEL RADACINA KG}",0.000122335074329352,0.482954545454545,0.000253305565670188,23.837685344243,85
"{_CASTRAVETI CORNISON,_MORCOVI,_PATRUNJEL RADACINA KG} => {_BANANE}",0.000106503476474965,0.184538653366584,0.000577133703600825,2.39685681580701,74
"{_BANANE,_CASTRAVETI CORNISON,_PATRUNJEL RADACINA KG} => {_MORCOVI}",0.000106503476474965,0.795698924731183,0.000133848963677997,23.1477958880107,74
"{_BANANE,_CASTRAVETI CORNISON,_MORCOVI} => {_PATRUNJEL RADACINA KG}",0.000106503476474965,0.468354430379747,0.000227399314635737,23.1170524142533,74
"{_PATRUNJEL RADACINA KG,_TELINA,PARIZER CRISTUR} => {_MORCOVI}",0.000250427093333026,0.887755102040816,0.0002820902890418,25.8258158480274,174
"{_MORCOVI,_TELINA,PARIZER CRISTUR} => {_PATRUNJEL RADACINA KG}",0.000250427093333026,0.828571428571429,0.000302239595401928,40.8966541166442,174
"{_MORCOVI,_PATRUNJEL RADACINA KG,PARIZER CRISTUR} => {_TELINA}",0.000250427093333026,0.52887537993921,0.000473508699463021,30.9057602490919,174
"{_PATRUNJEL RADACINA KG,COTLET PORC FARA OS,PIEPT DE PUI FARA OS REFR.VRAC SZEKELY CSURKE} => {_MORCOVI}",0.000110821184980707,0.855555555555556,0.000129531255172255,24.8890940471538,77
"{_MORCOVI,COTLET PORC FARA OS,PIEPT DE PUI FARA OS REFR.VRAC SZEKELY CSURKE} => {_PATRUNJEL RADACINA KG}",0.000110821184980707,0.562043795620438,0.000197175355095544,27.7413749922869,77
"{_MORCOVI,_PATRUNJEL RADACINA KG,PIEPT DE PUI FARA OS REFR.VRAC SZEKELY CSURKE} => {COTLET PORC FARA OS}",0.000110821184980707,0.115615615615616,0.000958531288274687,6.17789992561199,77
"{_MORCOVI,_PATRUNJEL RADACINA KG,COTLET PORC FARA OS} => {PIEPT DE PUI FARA OS REFR.VRAC SZEKELY CSURKE}",0.000110821184980707,0.164882226980728,0.000672123290727145,9.31325215634181,77
"{_CEAPA GALBENA,_TELINA,PIEPT DE PUI FARA OS REFR.VRAC SZEKELY CSURKE} => {_MORCOVI}",0.000100746531800643,0.813953488372093,0.000123774310497933,23.6788421167426,70
"{_CEAPA GALBENA,_MORCOVI,PIEPT DE PUI FARA OS REFR.VRAC SZEKELY CSURKE} => {_TELINA}",0.000100746531800643,0.432098765432099,0.000233156259310059,25.250449075372,70
"{_MORCOVI,_TELINA,PIEPT DE PUI FARA OS REFR.VRAC SZEKELY CSURKE} => {_CEAPA GALBENA}",0.000100746531800643,0.144329896907216,0.000698029541761596,8.19634561992593,70
"{_CEAPA GALBENA,_PATRUNJEL RADACINA KG,PIEPT DE PUI FARA OS REFR.VRAC SZEKELY CSURKE} => {_MORCOVI}",0.000120895838160771,0.884210526315789,0.000136727436015158,25.7227000678719,84
"{_CEAPA GALBENA,_MORCOVI,PIEPT DE PUI FARA OS REFR.VRAC SZEKELY CSURKE} => {_PATRUNJEL RADACINA KG}",0.000120895838160771,0.518518518518518,0.000233156259310059,25.5930530231873,84
"{_MORCOVI,_PATRUNJEL RADACINA KG,PIEPT DE PUI FARA OS REFR.VRAC SZEKELY CSURKE} => {_CEAPA GALBENA}",0.000120895838160771,0.126126126126126,0.000958531288274687,7.16257229849383,84
"{_PATRUNJEL RADACINA KG,_TELINA,PIEPT DE PUI FARA OS REFR.VRAC SZEKELY CSURKE} => {_MORCOVI}",0.000525321201531923,0.856807511737089,0.00061311460781534,24.9255148908299,365
"{_MORCOVI,_TELINA,PIEPT DE PUI FARA OS REFR.VRAC SZEKELY CSURKE} => {_PATRUNJEL RADACINA KG}",0.000525321201531923,0.752577319587629,0.000698029541761596,37.1457345424905,365
"{_MORCOVI,_PATRUNJEL RADACINA KG,PIEPT DE PUI FARA OS REFR.VRAC SZEKELY CSURKE} => {_TELINA}",0.000525321201531923,0.548048048048048,0.000958531288274687,32.0261487307324,365
"{_PATRUNJEL RADACINA KG,_TELINA,PIEPT DE PUI FARA OS REFR.VRAC SZEKELY CSURKE} => {CARNE TOCATA PORC VRAC}",0.000116578129655029,0.190140845070423,0.00061311460781534,3.88257357351267,81
"{_TELINA,CARNE TOCATA PORC VRAC,PIEPT DE PUI FARA OS REFR.VRAC SZEKELY CSURKE} => {_PATRUNJEL RADACINA KG}",0.000116578129655029,0.613636363636364,0.000189979174252641,30.2878825550382,81
"{_PATRUNJEL RADACINA KG,CARNE TOCATA PORC VRAC,PIEPT DE PUI FARA OS REFR.VRAC SZEKELY CSURKE} => {_TELINA}",0.000116578129655029,0.52258064516129,0.000223081606129995,30.5379163840582,81
"{_PATRUNJEL RADACINA KG,_TELINA,PIEPT DE PUI FARA OS REFR.VRAC SZEKELY CSURKE} => {_BANANE}",0.000110821184980707,0.18075117370892,0.00061311460781534,2.34766361824873,77
"{_BANANE,_TELINA,PIEPT DE PUI FARA OS REFR.VRAC SZEKELY CSURKE} => {_PATRUNJEL RADACINA KG}",0.000110821184980707,0.663793103448276,0.000166951395555351,32.7635204650286,77
"{_BANANE,_PATRUNJEL RADACINA KG,PIEPT DE PUI FARA OS REFR.VRAC SZEKELY CSURKE} => {_TELINA}",0.000110821184980707,0.553956834532374,0.000200053827432705,32.3714390304409,77
"{_MORCOVI,_TELINA,PIEPT DE PUI FARA OS REFR.VRAC SZEKELY CSURKE} => {CARNE TOCATA PORC VRAC}",0.00014248438068948,0.204123711340206,0.000698029541761596,4.16809616620398,99
"{_TELINA,CARNE TOCATA PORC VRAC,PIEPT DE PUI FARA OS REFR.VRAC SZEKELY CSURKE} => {_MORCOVI}",0.00014248438068948,0.75,0.000189979174252641,21.8183616647128,99
"{_MORCOVI,CARNE TOCATA PORC VRAC,PIEPT DE PUI FARA OS REFR.VRAC SZEKELY CSURKE} => {_TELINA}",0.00014248438068948,0.365313653136531,0.000390033001685346,21.3477439257151,99
"{_MORCOVI,_TELINA,CARNE TOCATA PORC VRAC} => {PIEPT DE PUI FARA OS REFR.VRAC SZEKELY CSURKE}",0.00014248438068948,0.103340292275574,0.00137878824950023,5.83710092649935,99
"{_MORCOVI,_TELINA,PIEPT DE PUI FARA OS REFR.VRAC SZEKELY CSURKE} => {_BANANE}",0.000116578129655029,0.167010309278351,0.000698029541761596,2.16919214918438,81
"{_BANANE,_TELINA,PIEPT DE PUI FARA OS REFR.VRAC SZEKELY CSURKE} => {_MORCOVI}",0.000116578129655029,0.698275862068966,0.000166951395555351,20.3136470671464,81
"{_BANANE,_MORCOVI,PIEPT DE PUI FARA OS REFR.VRAC SZEKELY CSURKE} => {_TELINA}",0.000116578129655029,0.349137931034483,0.000333902791110702,20.4024872393492,81
"{_MORCOVI,_PATRUNJEL RADACINA KG,PIEPT DE PUI FARA OS REFR.VRAC SZEKELY CSURKE} => {CARNE TOCATA PORC VRAC}",0.000189979174252641,0.198198198198198,0.000958531288274687,4.04710038159946,132
"{_PATRUNJEL RADACINA KG,CARNE TOCATA PORC VRAC,PIEPT DE PUI FARA OS REFR.VRAC SZEKELY CSURKE} => {_MORCOVI}",0.000189979174252641,0.851612903225806,0.000223081606129995,24.7743977612223,132
"{_MORCOVI,CARNE TOCATA PORC VRAC,PIEPT DE PUI FARA OS REFR.VRAC SZEKELY CSURKE} => {_PATRUNJEL RADACINA KG}",0.000189979174252641,0.487084870848708,0.000390033001685346,24.0415500723878,132
"{_MORCOVI,_PATRUNJEL RADACINA KG,CARNE TOCATA PORC VRAC} => {PIEPT DE PUI FARA OS REFR.VRAC SZEKELY CSURKE}",0.000189979174252641,0.10369206598586,0.00183214764260312,5.85697060757934,132
"{_MORCOVI,_PATRUNJEL RADACINA KG,PIEPT DE PUI FARA OS REFR.VRAC SZEKELY CSURKE} => {PAINE CU CARTOFI FELII BACHUS 1.2 KG}",0.000130970491340836,0.136636636636637,0.000958531288274687,2.22929862892527,91
"{_PATRUNJEL RADACINA KG,PAINE CU CARTOFI FELII BACHUS 1.2 KG,PIEPT DE PUI FARA OS REFR.VRAC SZEKELY CSURKE} => {_MORCOVI}",0.000130970491340836,0.892156862745098,0.000146802089195222,25.9538681240374,91
"{_MORCOVI,PAINE CU CARTOFI FELII BACHUS 1.2 KG,PIEPT DE PUI FARA OS REFR.VRAC SZEKELY CSURKE} => {_PATRUNJEL RADACINA KG}",0.000130970491340836,0.541666666666667,0.000241791676321543,26.735600033151,91
"{_MORCOVI,_PATRUNJEL RADACINA KG,PIEPT DE PUI FARA OS REFR.VRAC SZEKELY CSURKE} => {_BANANE}",0.000159755214712448,0.166666666666667,0.000958531288274687,2.16472879085273,111
"{_BANANE,_PATRUNJEL RADACINA KG,PIEPT DE PUI FARA OS REFR.VRAC SZEKELY CSURKE} => {_MORCOVI}",0.000159755214712448,0.798561151079137,0.000200053827432705,23.2310613408453,111
"{_BANANE,_MORCOVI,PIEPT DE PUI FARA OS REFR.VRAC SZEKELY CSURKE} => {_PATRUNJEL RADACINA KG}",0.000159755214712448,0.478448275862069,0.000333902791110702,23.6152647507673,111
"{_PATRUNJEL RADACINA KG,_TELINA,FRANZELA RIP-ROP 1KG} => {_MORCOVI}",0.000279211816704639,0.858407079646018,0.000325267374099218,24.9720481590223,194
"{_MORCOVI,_TELINA,FRANZELA RIP-ROP 1KG} => {_PATRUNJEL RADACINA KG}",0.000279211816704639,0.782258064516129,0.000356930569807992,38.6107176657416,194
"{_MORCOVI,_PATRUNJEL RADACINA KG,FRANZELA RIP-ROP 1KG} => {_TELINA}",0.000279211816704639,0.537396121883656,0.000519564256857601,31.4036847463708,194
"{_CEAPA GALBENA,_PATRUNJEL RADACINA KG,COTLET PORC FARA OS} => {_MORCOVI}",0.000116578129655029,0.89010989010989,0.000130970491340836,25.8943193383404,81
"{_CEAPA GALBENA,_MORCOVI,COTLET PORC FARA OS} => {_PATRUNJEL RADACINA KG}",0.000116578129655029,0.570422535211268,0.000204371535938447,28.1549330793313,81
"{_MORCOVI,_PATRUNJEL RADACINA KG,COTLET PORC FARA OS} => {_CEAPA GALBENA}",0.000116578129655029,0.173447537473233,0.000672123290727145,9.84990632238576,81
"{_PATRUNJEL RADACINA KG,_TELINA,COTLET PORC FARA OS} => {_MORCOVI}",0.000385715293179604,0.845425867507886,0.000456237865440054,24.5944097839875,268
"{_MORCOVI,_TELINA,COTLET PORC FARA OS} => {_PATRUNJEL RADACINA KG}",0.000385715293179604,0.763532763532764,0.000505171895171794,37.6864736824956,268
"{_MORCOVI,_PATRUNJEL RADACINA KG,COTLET PORC FARA OS} => {_TELINA}",0.000385715293179604,0.573875802997859,0.000672123290727145,33.5354388821153,268
"{_PATRUNJEL RADACINA KG,_TELINA,COTLET PORC FARA OS} => {CARNE TOCATA PORC VRAC}",0.000128092019003674,0.280757097791798,0.000456237865440054,5.73290861339562,89
"{_TELINA,CARNE TOCATA PORC VRAC,COTLET PORC FARA OS} => {_PATRUNJEL RADACINA KG}",0.000128092019003674,0.577922077922078,0.000221642369961414,28.5250957396656,89
"{_PATRUNJEL RADACINA KG,CARNE TOCATA PORC VRAC,COTLET PORC FARA OS} => {_TELINA}",0.000128092019003674,0.532934131736527,0.000240352440152962,31.1429405276915,89
"{_PATRUNJEL RADACINA KG,_TELINA,CARNE TOCATA PORC VRAC} => {COTLET PORC FARA OS}",0.000128092019003674,0.10906862745098,0.00117441671356178,5.82806277359825,89
"{_MORCOVI,_TELINA,COTLET PORC FARA OS} => {CARNE TOCATA PORC VRAC}",0.000152559033869545,0.301994301994302,0.000505171895171794,6.16656087670282,106
"{_TELINA,CARNE TOCATA PORC VRAC,COTLET PORC FARA OS} => {_MORCOVI}",0.000152559033869545,0.688311688311688,0.000221642369961414,20.0237778048446,106
"{_MORCOVI,CARNE TOCATA PORC VRAC,COTLET PORC FARA OS} => {_TELINA}",0.000152559033869545,0.368055555555556,0.000414500016551216,21.5079718017008,106
"{_MORCOVI,_TELINA,CARNE TOCATA PORC VRAC} => {COTLET PORC FARA OS}",0.000152559033869545,0.110647181628392,0.00137878824950023,5.91241253624304,106
"{_MORCOVI,_PATRUNJEL RADACINA KG,COTLET PORC FARA OS} => {CARNE TOCATA PORC VRAC}",0.000195736118926963,0.291220556745182,0.000672123290727145,5.94656680558939,136
"{_PATRUNJEL RADACINA KG,CARNE TOCATA PORC VRAC,COTLET PORC FARA OS} => {_MORCOVI}",0.000195736118926963,0.81437125748503,0.000240352440152962,23.6909955002071,136
"{_MORCOVI,CARNE TOCATA PORC VRAC,COTLET PORC FARA OS} => {_PATRUNJEL RADACINA KG}",0.000195736118926963,0.472222222222222,0.000414500016551216,23.3079590032598,136
"{_MORCOVI,_PATRUNJEL RADACINA KG,CARNE TOCATA PORC VRAC} => {COTLET PORC FARA OS}",0.000195736118926963,0.106834249803614,0.00183214764260312,5.70866920009214,136
"{_MORCOVI,_PATRUNJEL RADACINA KG,COTLET PORC FARA OS} => {_BANANE}",0.000109381948812126,0.162740899357602,0.000672123290727145,2.113739461732,76
"{_BANANE,_PATRUNJEL RADACINA KG,COTLET PORC FARA OS} => {_MORCOVI}",0.000109381948812126,0.775510204081633,0.0001410451445209,22.560482809771,76
"{_BANANE,_MORCOVI,COTLET PORC FARA OS} => {_PATRUNJEL RADACINA KG}",0.000109381948812126,0.5,0.000218763897624253,24.6790154152163,76
"{_CEAPA GALBENA,_PATRUNJEL RADACINA KG,_ROSII VRAC} => {_MORCOVI}",0.000100746531800643,0.875,0.000115138893486449,25.4547552754982,70
"{_CEAPA GALBENA,_MORCOVI,_ROSII VRAC} => {_PATRUNJEL RADACINA KG}",0.000100746531800643,0.466666666666667,0.000215885425287092,23.0337477208686,70
"{_MORCOVI,_PATRUNJEL RADACINA KG,_ROSII VRAC} => {_CEAPA GALBENA}",0.000100746531800643,0.158730158730159,0.000634703150344049,9.0141216001453,70
"{_CEAPA GALBENA,_MERE ROSII,_PATRUNJEL RADACINA KG} => {_MORCOVI}",0.000122335074329352,0.885416666666667,0.000138166672183739,25.757788076397,85
"{_CEAPA GALBENA,_MERE ROSII,_MORCOVI} => {_PATRUNJEL RADACINA KG}",0.000122335074329352,0.544871794871795,0.000224520842298575,26.8937988499152,85
"{_MERE ROSII,_MORCOVI,_PATRUNJEL RADACINA KG} => {_CEAPA GALBENA}",0.000122335074329352,0.174897119341564,0.000699468777930177,9.93222657793788,85
"{_CEAPA GALBENA,_LAMAIE^2 A nu se consuma coaja,_TELINA} => {_PATRUNJEL RADACINA KG}",0.000109381948812126,0.730769230769231,0.000149680561532384,36.0693302222392,76
"{_CEAPA GALBENA,_LAMAIE^2 A nu se consuma coaja,_PATRUNJEL RADACINA KG} => {_TELINA}",0.000109381948812126,0.598425196850394,0.000182782993409738,34.9700257610776,76
"{_LAMAIE^2 A nu se consuma coaja,_PATRUNJEL RADACINA KG,_TELINA} => {_CEAPA GALBENA}",0.000109381948812126,0.165217391304348,0.000662048637547081,9.38252483075994,76
"{_CEAPA GALBENA,_LAMAIE^2 A nu se consuma coaja,_TELINA} => {_MORCOVI}",0.000120895838160771,0.807692307692308,0.000149680561532384,23.496697177383,84
"{_CEAPA GALBENA,_LAMAIE^2 A nu se consuma coaja,_MORCOVI} => {_TELINA}",0.000120895838160771,0.461538461538462,0.000261940982681671,26.9708093420457,84
"{_LAMAIE^2 A nu se consuma coaja,_MORCOVI,_TELINA} => {_CEAPA GALBENA}",0.000120895838160771,0.16969696969697,0.000712421903447402,9.63691545615534,84
"{_CEAPA GALBENA,_PATRUNJEL RADACINA KG,_TELINA} => {_ARDEI ROSU CAPIA}",0.000149680561532384,0.11542730299667,0.00129675178789113,5.03549888095847,104
"{_ARDEI ROSU CAPIA,_CEAPA GALBENA,_TELINA} => {_PATRUNJEL RADACINA KG}",0.000149680561532384,0.727272727272727,0.000205810772107027,35.8967496948601,104
"{_ARDEI ROSU CAPIA,_CEAPA GALBENA,_PATRUNJEL RADACINA KG} => {_TELINA}",0.000149680561532384,0.571428571428571,0.000261940982681671,33.3924306139613,104
"{_ARDEI ROSU CAPIA,_PATRUNJEL RADACINA KG,_TELINA} => {_CEAPA GALBENA}",0.000149680561532384,0.1669341894061,0.000896644133025721,9.48002001992809,104
"{_CEAPA GALBENA,_PATRUNJEL RADACINA KG,_TELINA} => {_MORCOVI}",0.00117009900505604,0.902330743618202,0.00129675178789113,26.2498380072682,813
"{_CEAPA GALBENA,_MORCOVI,_TELINA} => {_PATRUNJEL RADACINA KG}",0.00117009900505604,0.778735632183908,0.00150256255999816,38.4368573420898,813
"{_CEAPA GALBENA,_MORCOVI,_PATRUNJEL RADACINA KG} => {_TELINA}",0.00117009900505604,0.61404833836858,0.00190554868720073,35.8829914320343,813
"{_MORCOVI,_PATRUNJEL RADACINA KG,_TELINA} => {_CEAPA GALBENA}",0.00117009900505604,0.143360959266443,0.00816190831202064,8.14132065310955,813
"{_CEAPA GALBENA,_PATRUNJEL RADACINA KG,_TELINA} => {CARNE TOCATA PORC VRAC}",0.000161194450881028,0.124306326304107,0.00129675178789113,2.53826818404018,112
"{_CEAPA GALBENA,_TELINA,CARNE TOCATA PORC VRAC} => {_PATRUNJEL RADACINA KG}",0.000161194450881028,0.625698324022346,0.000257623274175929,30.883237167645,112
"{_CEAPA GALBENA,_PATRUNJEL RADACINA KG,CARNE TOCATA PORC VRAC} => {_TELINA}",0.000161194450881028,0.568527918781726,0.00028352952521038,33.2229258900326,112
"{_PATRUNJEL RADACINA KG,_TELINA,CARNE TOCATA PORC VRAC} => {_CEAPA GALBENA}",0.000161194450881028,0.137254901960784,0.00117441671356178,7.79456397189035,112
"{_CEAPA GALBENA,_PATRUNJEL RADACINA KG,_TELINA} => {PAINE CU CARTOFI FELII BACHUS 1.2 KG}",0.000138166672183739,0.106548279689234,0.00129675178789113,1.73839125195407,96
"{_CEAPA GALBENA,_TELINA,PAINE CU CARTOFI FELII BACHUS 1.2 KG} => {_PATRUNJEL RADACINA KG}",0.000138166672183739,0.80672268907563,0.000171269104061093,39.8182433590045,96
"{_CEAPA GALBENA,_PATRUNJEL RADACINA KG,PAINE CU CARTOFI FELII BACHUS 1.2 KG} => {_TELINA}",0.000138166672183739,0.64,0.000215885425287092,37.3995222876367,96
"{_PATRUNJEL RADACINA KG,_TELINA,PAINE CU CARTOFI FELII BACHUS 1.2 KG} => {_CEAPA GALBENA}",0.000138166672183739,0.149300155520995,0.000925428856397333,8.4786014677572,96
"{_CEAPA GALBENA,_PATRUNJEL RADACINA KG,_TELINA} => {_BANANE}",0.000177026048735415,0.136514983351831,0.00129675178789113,1.77310748906694,123
"{_BANANE,_CEAPA GALBENA,_TELINA} => {_PATRUNJEL RADACINA KG}",0.000177026048735415,0.715116279069767,0.000247548620995865,35.2967313496698,123
"{_BANANE,_CEAPA GALBENA,_PATRUNJEL RADACINA KG} => {_TELINA}",0.000177026048735415,0.577464788732394,0.00030655730390767,33.7451675570665,123
"{_BANANE,_PATRUNJEL RADACINA KG,_TELINA} => {_CEAPA GALBENA}",0.000177026048735415,0.142361111111111,0.00124350004965365,8.08454031013032,123
"{_ARDEI ROSU CAPIA,_CEAPA GALBENA,_TELINA} => {_MORCOVI}",0.000166951395555351,0.811188811188811,0.000205810772107027,23.5984144811812,116
"{_CEAPA GALBENA,_MORCOVI,_TELINA} => {_ARDEI ROSU CAPIA}",0.000166951395555351,0.111111111111111,0.00150256255999816,4.8472056535722,116
"{_ARDEI ROSU CAPIA,_CEAPA GALBENA,_MORCOVI} => {_TELINA}",0.000166951395555351,0.389261744966443,0.000428892378237022,22.7471926665575,116
"{_ARDEI ROSU CAPIA,_MORCOVI,_TELINA} => {_CEAPA GALBENA}",0.000166951395555351,0.172619047619048,0.00096716670528617,9.80285724015802,116
"{_CEAPA GALBENA,_MORCOVI,_TELINA} => {CARNE TOCATA PORC VRAC}",0.000208689244444189,0.138888888888889,0.00150256255999816,2.83603625225719,145
"{_CEAPA GALBENA,_TELINA,CARNE TOCATA PORC VRAC} => {_MORCOVI}",0.000208689244444189,0.810055865921788,0.000257623274175929,23.5654558017382,145
"{_CEAPA GALBENA,_MORCOVI,CARNE TOCATA PORC VRAC} => {_TELINA}",0.000208689244444189,0.387700534759358,0.000538274327049148,22.6559606104082,145
"{_MORCOVI,_TELINA,CARNE TOCATA PORC VRAC} => {_CEAPA GALBENA}",0.000208689244444189,0.151356993736952,0.00137878824950023,8.59540718343709,145
"{_CEAPA GALBENA,_TELINA,PAINE CU CARTOFI FELII BACHUS 1.2 KG} => {_MORCOVI}",0.000146802089195222,0.857142857142857,0.000171269104061093,24.9352704739575,102
"{_CEAPA GALBENA,_MORCOVI,PAINE CU CARTOFI FELII BACHUS 1.2 KG} => {_TELINA}",0.000146802089195222,0.439655172413793,0.000333902791110702,25.6920209680694,102
"{_MORCOVI,_TELINA,PAINE CU CARTOFI FELII BACHUS 1.2 KG} => {_CEAPA GALBENA}",0.000146802089195222,0.146974063400576,0.000998829900994944,8.34650510122964,102
"{_CEAPA GALBENA,_MORCOVI,_TELINA} => {_BANANE}",0.000200053827432705,0.133141762452107,0.00150256255999816,1.72929483866971,139
"{_BANANE,_CEAPA GALBENA,_TELINA} => {_MORCOVI}",0.000200053827432705,0.808139534883721,0.000247548620995865,23.5097075301944,139
"{_BANANE,_CEAPA GALBENA,_MORCOVI} => {_TELINA}",0.000200053827432705,0.386111111111111,0.00051812502068902,22.5630798523502,139
"{_BANANE,_MORCOVI,_TELINA} => {_CEAPA GALBENA}",0.000200053827432705,0.141981613891726,0.00140901220904042,8.06298905541087,139
"{_CEAPA GALBENA,_LAMAIE^2 A nu se consuma coaja,_PATRUNJEL RADACINA KG} => {_MORCOVI}",0.000153998270038125,0.84251968503937,0.000182782993409738,24.5098655971052,107
"{_CEAPA GALBENA,_LAMAIE^2 A nu se consuma coaja,_MORCOVI} => {_PATRUNJEL RADACINA KG}",0.000153998270038125,0.587912087912088,0.000261940982681671,29.0181829607488,107
"{_LAMAIE^2 A nu se consuma coaja,_MORCOVI,_PATRUNJEL RADACINA KG} => {_CEAPA GALBENA}",0.000153998270038125,0.164615384615385,0.000935503509577397,9.34833749331992,107
"{_CEAPA GALBENA,_PATRUNJEL RADACINA KG,LAPTE DE CONSUM 1.5% GRASIME FRISS CUTIE 1L} => {_MORCOVI}",0.000113699657317868,0.840425531914894,0.000135288199846577,24.4489442767703,79
"{_CEAPA GALBENA,_MORCOVI,LAPTE DE CONSUM 1.5% GRASIME FRISS CUTIE 1L} => {_PATRUNJEL RADACINA KG}",0.000113699657317868,0.516339869281046,0.000220203133792833,25.4855191869554,79
"{_MORCOVI,_PATRUNJEL RADACINA KG,LAPTE DE CONSUM 1.5% GRASIME FRISS CUTIE 1L} => {_CEAPA GALBENA}",0.000113699657317868,0.147663551401869,0.000769991350190627,8.38566041194826,79
"{_CEAPA GALBENA,_PATRUNJEL RADACINA KG,PAINE DE CASA CU CARTOFI DOBOI KG} => {_MORCOVI}",0.000102185767969223,0.865853658536585,0.00011801736582361,25.1886776942213,71
"{_CEAPA GALBENA,_MORCOVI,PAINE DE CASA CU CARTOFI DOBOI KG} => {_PATRUNJEL RADACINA KG}",0.000102185767969223,0.5546875,0.000184222229578318,27.3782827262556,71
"{_MORCOVI,_PATRUNJEL RADACINA KG,PAINE DE CASA CU CARTOFI DOBOI KG} => {_CEAPA GALBENA}",0.000102185767969223,0.130275229357798,0.000784383711876433,7.39819558118347,71
"{_ARDEI ROSU CAPIA,_CEAPA GALBENA,_PATRUNJEL RADACINA KG} => {_MORCOVI}",0.000221642369961414,0.846153846153846,0.000261940982681671,24.6155875191631,154
"{_CEAPA GALBENA,_MORCOVI,_PATRUNJEL RADACINA KG} => {_ARDEI ROSU CAPIA}",0.000221642369961414,0.11631419939577,0.00190554868720073,5.07418960411712,154
"{_ARDEI ROSU CAPIA,_CEAPA GALBENA,_MORCOVI} => {_PATRUNJEL RADACINA KG}",0.000221642369961414,0.516778523489933,0.000428892378237022,25.5071702949216,154
"{_ARDEI ROSU CAPIA,_MORCOVI,_PATRUNJEL RADACINA KG} => {_CEAPA GALBENA}",0.000221642369961414,0.173423423423423,0.00127804171769958,9.84853691042902,154
"{_CEAPA GALBENA,_PATRUNJEL RADACINA KG,APA MINERALA NATURALA CARBOGAZIFICATA CONTINUT REDUS CO2 TUSNAD 2L} => {_MORCOVI}",0.000109381948812126,0.91566265060241,0.000119456601992191,26.6376784982839,76
"{_CEAPA GALBENA,_MORCOVI,APA MINERALA NATURALA CARBOGAZIFICATA CONTINUT REDUS CO2 TUSNAD 2L} => {_PATRUNJEL RADACINA KG}",0.000109381948812126,0.542857142857143,0.000201493063601286,26.7943595936634,76
"{_MORCOVI,_PATRUNJEL RADACINA KG,APA MINERALA NATURALA CARBOGAZIFICATA CONTINUT REDUS CO2 TUSNAD 2L} => {_CEAPA GALBENA}",0.000109381948812126,0.15702479338843,0.000696590305593016,8.91727566559829,76
"{_CEAPA GALBENA,_MORCOVI,_PATRUNJEL RADACINA KG} => {CARNE TOCATA PORC VRAC}",0.000251866329501607,0.132175226586103,0.00190554868720073,2.69894688658917,175
"{_CEAPA GALBENA,_PATRUNJEL RADACINA KG,CARNE TOCATA PORC VRAC} => {_MORCOVI}",0.000251866329501607,0.888324873096447,0.00028352952521038,25.8423911426378,175
"{_CEAPA GALBENA,_MORCOVI,CARNE TOCATA PORC VRAC} => {_PATRUNJEL RADACINA KG}",0.000251866329501607,0.467914438502674,0.000538274327049148,23.0953352816195,175
"{_MORCOVI,_PATRUNJEL RADACINA KG,CARNE TOCATA PORC VRAC} => {_CEAPA GALBENA}",0.000251866329501607,0.137470542026709,0.00183214764260312,7.80680994827981,175
"{_CEAPA GALBENA,_PATRUNJEL RADACINA KG,PAINE CU CARTOFI FELII BACHUS 1.2 KG} => {_MORCOVI}",0.000189979174252641,0.88,0.000215885425287092,25.6002110199297,132
"{_CEAPA GALBENA,_MORCOVI,PAINE CU CARTOFI FELII BACHUS 1.2 KG} => {_PATRUNJEL RADACINA KG}",0.000189979174252641,0.568965517241379,0.000333902791110702,28.083017541453,132
"{_MORCOVI,_PATRUNJEL RADACINA KG,PAINE CU CARTOFI FELII BACHUS 1.2 KG} => {_CEAPA GALBENA}",0.000189979174252641,0.134146341463415,0.00141620838988332,7.61803203524475,132
"{_CEAPA GALBENA,_MORCOVI,_PATRUNJEL RADACINA KG} => {_BANANE}",0.000269137163524574,0.141238670694864,0.00190554868720073,1.83446050100964,187
"{_BANANE,_CEAPA GALBENA,_PATRUNJEL RADACINA KG} => {_MORCOVI}",0.000269137163524574,0.877934272300469,0.00030655730390767,25.5401166278641,187
"{_BANANE,_CEAPA GALBENA,_MORCOVI} => {_PATRUNJEL RADACINA KG}",0.000269137163524574,0.519444444444444,0.00051812502068902,25.6387549035858,187
"{_BANANE,_MORCOVI,_PATRUNJEL RADACINA KG} => {_CEAPA GALBENA}",0.000269137163524574,0.138211382113821,0.00194728653608957,7.84888149085823,187
"{_PATRUNJEL RADACINA KG,_ROSII VRAC,_TELINA} => {_MORCOVI}",0.000362687514482314,0.848484848484849,0.000427453142068441,24.6833990550286,252
"{_MORCOVI,_ROSII VRAC,_TELINA} => {_PATRUNJEL RADACINA KG}",0.000362687514482314,0.785046728971963,0.000461994810114376,38.7483606519284,252
"{_MORCOVI,_PATRUNJEL RADACINA KG,_ROSII VRAC} => {_TELINA}",0.000362687514482314,0.571428571428571,0.000634703150344049,33.3924306139613,252
"{_ARDEI ROSU CAPIA,_PATRUNJEL RADACINA KG,_ROSII VRAC} => {_MORCOVI}",0.000139605908352319,0.76984126984127,0.000181343757241157,22.3955669997581,97
"{_MORCOVI,_PATRUNJEL RADACINA KG,_ROSII VRAC} => {_ARDEI ROSU CAPIA}",0.000139605908352319,0.219954648526077,0.000634703150344049,9.59548874278578,97
"{_ARDEI ROSU CAPIA,_MORCOVI,_ROSII VRAC} => {_PATRUNJEL RADACINA KG}",0.000139605908352319,0.513227513227513,0.000272015635861735,25.3318994209099,97
"{_ARDEI ROSU CAPIA,_MORCOVI,_PATRUNJEL RADACINA KG} => {_ROSII VRAC}",0.000139605908352319,0.109234234234234,0.00127804171769958,5.65722763796892,97
"{_MERE ROSII,_PATRUNJEL RADACINA KG,_TELINA} => {_MORCOVI}",0.000385715293179604,0.858974358974359,0.000449041684597151,24.9885509664232,268
"{_MERE ROSII,_MORCOVI,_TELINA} => {_PATRUNJEL RADACINA KG}",0.000385715293179604,0.718498659517426,0.000536835090880568,35.4636789880856,268
"{_MERE ROSII,_MORCOVI,_PATRUNJEL RADACINA KG} => {_TELINA}",0.000385715293179604,0.551440329218107,0.000699468777930177,32.2243826295223,268
"{_MERE ROSII,_PATRUNJEL RADACINA KG,_TELINA} => {_BANANE}",0.000128092019003674,0.28525641025641,0.000449041684597151,3.70501658434409,89
"{_BANANE,_MERE ROSII,_TELINA} => {_PATRUNJEL RADACINA KG}",0.000128092019003674,0.605442176870748,0.00021156771678135,29.8834336320306,89
"{_BANANE,_MERE ROSII,_PATRUNJEL RADACINA KG} => {_TELINA}",0.000128092019003674,0.539393939393939,0.000237473967815801,31.5204307159059,89
"{_BANANE,_PATRUNJEL RADACINA KG,_TELINA} => {_MERE ROSII}",0.000128092019003674,0.103009259259259,0.00124350004965365,4.86257031413165,89
"{_MERE ROSII,_MORCOVI,_TELINA} => {_BANANE}",0.000162633687049609,0.302949061662198,0.000536835090880568,3.93481533565187,113
"{_BANANE,_MERE ROSII,_TELINA} => {_MORCOVI}",0.000162633687049609,0.768707482993197,0.00021156771678135,22.3625838377555,113
"{_BANANE,_MERE ROSII,_MORCOVI} => {_TELINA}",0.000162633687049609,0.369281045751634,0.000440406267585667,21.5795854702969,113
"{_BANANE,_MORCOVI,_TELINA} => {_MERE ROSII}",0.000162633687049609,0.115423901940756,0.00140901220904042,5.44860571908162,113
"{_MERE ROSII,_MORCOVI,_PATRUNJEL RADACINA KG} => {_BANANE}",0.000207250008275608,0.296296296296296,0.000699468777930177,3.84840673929374,144
"{_BANANE,_MERE ROSII,_PATRUNJEL RADACINA KG} => {_MORCOVI}",0.000207250008275608,0.872727272727273,0.000237473967815801,25.3886390280294,144
"{_BANANE,_MERE ROSII,_MORCOVI} => {_PATRUNJEL RADACINA KG}",0.000207250008275608,0.470588235294118,0.000440406267585667,23.2273086260859,144
"{_BANANE,_MORCOVI,_PATRUNJEL RADACINA KG} => {_MERE ROSII}",0.000207250008275608,0.106430155210643,0.00194728653608957,5.02405431295418,144
"{_LAMAIE^2 A nu se consuma coaja,_PATRUNJEL RADACINA KG,_TELINA} => {_ARDEI ROSU CAPIA}",0.000106503476474965,0.160869565217391,0.000662048637547081,7.01791079408497,74
"{_ARDEI ROSU CAPIA,_LAMAIE^2 A nu se consuma coaja,_TELINA} => {_PATRUNJEL RADACINA KG}",0.000106503476474965,0.666666666666667,0.000159755214712448,32.9053538869551,74
"{_ARDEI ROSU CAPIA,_PATRUNJEL RADACINA KG,_TELINA} => {_LAMAIE^2 A nu se consuma coaja}",0.000106503476474965,0.118780096308186,0.00089664413302572,6.01617984080622,74
"{_ARDEI ROSU CAPIA,_LAMAIE^2 A nu se consuma coaja,_PATRUNJEL RADACINA KG} => {_TELINA}",0.000106503476474965,0.60655737704918,0.000175586812566835,35.445243971377,74
"{_LAMAIE^2 A nu se consuma coaja,_PATRUNJEL RADACINA KG,_TELINA} => {_MORCOVI}",0.000549788216397793,0.830434782608696,0.000662048637547081,24.1583019012182,382
"{_LAMAIE^2 A nu se consuma coaja,_MORCOVI,_TELINA} => {_PATRUNJEL RADACINA KG}",0.000549788216397793,0.771717171717172,0.000712421903447402,38.0904399539904,382
"{_LAMAIE^2 A nu se consuma coaja,_MORCOVI,_PATRUNJEL RADACINA KG} => {_TELINA}",0.000549788216397793,0.587692307692308,0.000935503509577397,34.3428305622048,382
"{_LAMAIE^2 A nu se consuma coaja,_PATRUNJEL RADACINA KG,_TELINA} => {_BANANE}",0.000158315978543867,0.239130434782609,0.000662048637547081,3.10591522165826,110
"{_BANANE,_LAMAIE^2 A nu se consuma coaja,_TELINA} => {_PATRUNJEL RADACINA KG}",0.000158315978543867,0.611111111111111,0.00025906251034451,30.1632410630422,110
"{_BANANE,_PATRUNJEL RADACINA KG,_TELINA} => {_LAMAIE^2 A nu se consuma coaja}",0.000158315978543867,0.127314814814815,0.00124350004965365,6.44846103119448,110
"{_BANANE,_LAMAIE^2 A nu se consuma coaja,_PATRUNJEL RADACINA KG} => {_TELINA}",0.000158315978543867,0.55,0.000287847233716122,32.1402144659378,110
"{_ARDEI ROSU CAPIA,_LAMAIE^2 A nu se consuma coaja,_TELINA} => {_MORCOVI}",0.000109381948812126,0.684684684684685,0.000159755214712448,19.9182641023204,76
"{_LAMAIE^2 A nu se consuma coaja,_MORCOVI,_TELINA} => {_ARDEI ROSU CAPIA}",0.000109381948812126,0.153535353535354,0.000712421903447402,6.69795690311795,76
"{_ARDEI ROSU CAPIA,_MORCOVI,_TELINA} => {_LAMAIE^2 A nu se consuma coaja}",0.000109381948812126,0.113095238095238,0.00096716670528617,5.7282433056325,76
"{_ARDEI ROSU CAPIA,_LAMAIE^2 A nu se consuma coaja,_MORCOVI} => {_TELINA}",0.000109381948812126,0.466257668711656,0.00023459549547864,27.2465844886924,76
"{_LAMAIE^2 A nu se consuma coaja,_MORCOVI,_TELINA} => {_BANANE}",0.000175586812566835,0.246464646464646,0.000712421903447402,3.20117469677615,122
"{_BANANE,_LAMAIE^2 A nu se consuma coaja,_TELINA} => {_MORCOVI}",0.000175586812566835,0.677777777777778,0.00025906251034451,19.7173342451478,122
"{_BANANE,_MORCOVI,_TELINA} => {_LAMAIE^2 A nu se consuma coaja}",0.000175586812566835,0.12461695607763,0.00140901220904042,6.31181521381881,122
"{_BANANE,_LAMAIE^2 A nu se consuma coaja,_MORCOVI} => {_TELINA}",0.000175586812566835,0.412162162162162,0.000426013905899861,24.0854187029755,122
"{_PATRUNJEL RADACINA KG,_TELINA,LAPTE DE CONSUM 1.5% GRASIME FRISS CUTIE 1L} => {_MORCOVI}",0.000446163212259989,0.861111111111111,0.00051812502068902,25.0507115409665,310
"{_MORCOVI,_TELINA,LAPTE DE CONSUM 1.5% GRASIME FRISS CUTIE 1L} => {_PATRUNJEL RADACINA KG}",0.000446163212259989,0.784810126582278,0.000568498286589341,38.7366824238838,310
"{_MORCOVI,_PATRUNJEL RADACINA KG,LAPTE DE CONSUM 1.5% GRASIME FRISS CUTIE 1L} => {_TELINA}",0.000446163212259989,0.579439252336449,0.000769991350190627,33.8605488001383,310
"{_PATRUNJEL RADACINA KG,_TELINA,PAINE DE CASA CU CARTOFI DOBOI KG} => {_MORCOVI}",0.000385715293179604,0.861736334405145,0.00044760244842857,25.0689000049004,268
"{_MORCOVI,_TELINA,PAINE DE CASA CU CARTOFI DOBOI KG} => {_PATRUNJEL RADACINA KG}",0.000385715293179604,0.724324324324324,0.000532517382374826,35.7512223312323,268
"{_MORCOVI,_PATRUNJEL RADACINA KG,PAINE DE CASA CU CARTOFI DOBOI KG} => {_TELINA}",0.000385715293179604,0.491743119266055,0.000784383711876433,28.7358714824731,268
"{_ARDEI ROSU CAPIA,_PATRUNJEL RADACINA KG,_TELINA} => {_MORCOVI}",0.000728253501301789,0.812199036918138,0.000896644133025721,23.6278031082818,506
"{_ARDEI ROSU CAPIA,_MORCOVI,_TELINA} => {_PATRUNJEL RADACINA KG}",0.000728253501301789,0.75297619047619,0.000967166705286171,37.1654220241055,506
"{_ARDEI ROSU CAPIA,_MORCOVI,_PATRUNJEL RADACINA KG} => {_TELINA}",0.000728253501301789,0.56981981981982,0.00127804171769958,33.2984203926382,506
"{_ARDEI ROSU CAPIA,_PATRUNJEL RADACINA KG,_TELINA} => {_BANANE}",0.000138166672183739,0.154093097913323,0.000896644133025721,2.00141859314795,96
"{_BANANE,_PATRUNJEL RADACINA KG,_TELINA} => {_ARDEI ROSU CAPIA}",0.000138166672183739,0.111111111111111,0.00124350004965365,4.8472056535722,96
"{_ARDEI ROSU CAPIA,_BANANE,_TELINA} => {_PATRUNJEL RADACINA KG}",0.000138166672183739,0.554913294797688,0.000248987857164446,27.3894275128412,96
"{_ARDEI ROSU CAPIA,_BANANE,_PATRUNJEL RADACINA KG} => {_TELINA}",0.000138166672183739,0.505263157894737,0.000273454872030316,29.5259386481342,96
"{_PATRUNJEL RADACINA KG,_TELINA,APA MINERALA NATURALA CARBOGAZIFICATA CONTINUT REDUS CO2 TUSNAD 2L} => {_MORCOVI}",0.000405864599539732,0.87037037037037,0.000466312518620118,25.3200740306543,282
"{_MORCOVI,_TELINA,APA MINERALA NATURALA CARBOGAZIFICATA CONTINUT REDUS CO2 TUSNAD 2L} => {_PATRUNJEL RADACINA KG}",0.000405864599539732,0.796610169491525,0.000509489603677536,39.3191093055989,282
"{_MORCOVI,_PATRUNJEL RADACINA KG,APA MINERALA NATURALA CARBOGAZIFICATA CONTINUT REDUS CO2 TUSNAD 2L} => {_TELINA}",0.000405864599539732,0.582644628099174,0.000696590305593016,34.0478605536982,282
"{_MORCOVI,_PATRUNJEL RADACINA KG,_TELINA} => {CARNE TOCATA PORC VRAC}",0.000952774343600364,0.116734262034914,0.00816190831202064,2.38365071288286,662
"{_PATRUNJEL RADACINA KG,_TELINA,CARNE TOCATA PORC VRAC} => {_MORCOVI}",0.000952774343600364,0.811274509803922,0.00117441671356178,23.6009075523527,662
"{_MORCOVI,_TELINA,CARNE TOCATA PORC VRAC} => {_PATRUNJEL RADACINA KG}",0.000952774343600364,0.691022964509395,0.00137878824950023,34.1075327867916,662
"{_MORCOVI,_PATRUNJEL RADACINA KG,CARNE TOCATA PORC VRAC} => {_TELINA}",0.000952774343600364,0.520031421838178,0.00183214764260312,30.3889480489192,662
"{_PATRUNJEL RADACINA KG,_TELINA,PAINE CU CARTOFI FELII BACHUS 1.2 KG} => {_MORCOVI}",0.000810289962910884,0.875583203732504,0.000925428856397333,25.4717213421116,563
"{_MORCOVI,_TELINA,PAINE CU CARTOFI FELII BACHUS 1.2 KG} => {_PATRUNJEL RADACINA KG}",0.000810289962910884,0.811239193083574,0.000998829900994944,40.0411691030743,563
"{_MORCOVI,_PATRUNJEL RADACINA KG,PAINE CU CARTOFI FELII BACHUS 1.2 KG} => {_TELINA}",0.000810289962910884,0.572154471544715,0.00141620838988332,33.4348498601681,563
"{_MORCOVI,_PATRUNJEL RADACINA KG,_TELINA} => {_BANANE}",0.00104488545838952,0.128019749603245,0.00816190831202064,1.6627682265834,726
"{_BANANE,_PATRUNJEL RADACINA KG,_TELINA} => {_MORCOVI}",0.00104488545838952,0.840277777777778,0.00124350004965365,24.4446459391689,726
"{_BANANE,_MORCOVI,_TELINA} => {_PATRUNJEL RADACINA KG}",0.00104488545838952,0.741573033707865,0.00140901220904042,36.6025846607703,726
"{_BANANE,_MORCOVI,_PATRUNJEL RADACINA KG} => {_TELINA}",0.00104488545838952,0.536585365853659,0.00194728653608957,31.3563067960368,726
"{_PATRUNJEL RADACINA KG,_TELINA,CARNE TOCATA PORC VRAC} => {PAINE CU CARTOFI FELII BACHUS 1.2 KG}",0.000120895838160771,0.102941176470588,0.00117441671356178,1.67953946477854,84
"{_PATRUNJEL RADACINA KG,_TELINA,PAINE CU CARTOFI FELII BACHUS 1.2 KG} => {CARNE TOCATA PORC VRAC}",0.000120895838160771,0.130637636080871,0.000925428856397333,2.66755011720863,84
"{_TELINA,CARNE TOCATA PORC VRAC,PAINE CU CARTOFI FELII BACHUS 1.2 KG} => {_PATRUNJEL RADACINA KG}",0.000120895838160771,0.682926829268293,0.000177026048735415,33.707923493954,84
"{_PATRUNJEL RADACINA KG,CARNE TOCATA PORC VRAC,PAINE CU CARTOFI FELII BACHUS 1.2 KG} => {_TELINA}",0.000120895838160771,0.518518518518518,0.000233156259310059,30.3005388904464,84
"{_PATRUNJEL RADACINA KG,_TELINA,CARNE TOCATA PORC VRAC} => {_BANANE}",0.000136727436015158,0.116421568627451,0.00117441671356178,1.51212672890448,95
"{_BANANE,_PATRUNJEL RADACINA KG,_TELINA} => {CARNE TOCATA PORC VRAC}",0.000136727436015158,0.109953703703704,0.00124350004965365,2.24519536637028,95
"{_BANANE,_TELINA,CARNE TOCATA PORC VRAC} => {_PATRUNJEL RADACINA KG}",0.000136727436015158,0.572289156626506,0.000238913203984381,28.2470658366934,95
"{_BANANE,_PATRUNJEL RADACINA KG,CARNE TOCATA PORC VRAC} => {_TELINA}",0.000136727436015158,0.47029702970297,0.000290725706053283,27.4826316315399,95
"{_PATRUNJEL RADACINA KG,_TELINA,PAINE CU CARTOFI FELII BACHUS 1.2 KG} => {_BANANE}",0.000162633687049609,0.175738724727838,0.000925428856397333,2.28256006251656,113
"{_BANANE,_PATRUNJEL RADACINA KG,_TELINA} => {PAINE CU CARTOFI FELII BACHUS 1.2 KG}",0.000162633687049609,0.130787037037037,0.00124350004965365,2.13385933322723,113
"{_BANANE,_TELINA,PAINE CU CARTOFI FELII BACHUS 1.2 KG} => {_PATRUNJEL RADACINA KG}",0.000162633687049609,0.645714285714286,0.000251866329501607,31.8711856219365,113
"{_BANANE,_PATRUNJEL RADACINA KG,PAINE CU CARTOFI FELII BACHUS 1.2 KG} => {_TELINA}",0.000162633687049609,0.538095238095238,0.000302239595401928,31.4445388281469,113
"{_ARDEI ROSU CAPIA,_MORCOVI,_TELINA} => {CARNE TOCATA PORC VRAC}",0.000109381948812126,0.113095238095238,0.00096716670528617,2.30934380540943,76
"{_ARDEI ROSU CAPIA,_TELINA,CARNE TOCATA PORC VRAC} => {_MORCOVI}",0.000109381948812126,0.633333333333333,0.000172708340229673,18.4243942946463,76
"{_ARDEI ROSU CAPIA,_MORCOVI,CARNE TOCATA PORC VRAC} => {_TELINA}",0.000109381948812126,0.343891402714932,0.000318071193256315,20.0958971568183,76
"{_ARDEI ROSU CAPIA,_MORCOVI,_TELINA} => {_BANANE}",0.000152559033869545,0.157738095238095,0.000967166705286171,2.04876117705705,106
"{_ARDEI ROSU CAPIA,_BANANE,_TELINA} => {_MORCOVI}",0.000152559033869545,0.61271676300578,0.000248987857164446,17.824634577723,106
"{_BANANE,_MORCOVI,_TELINA} => {_ARDEI ROSU CAPIA}",0.000152559033869545,0.108273748723187,0.00140901220904042,4.72342614250039,106
"{_ARDEI ROSU CAPIA,_BANANE,_MORCOVI} => {_TELINA}",0.000152559033869545,0.361774744027304,0.000421696197394119,21.1409415661769,106
"{_MORCOVI,_TELINA,PAINE CU CARTOFI FELII BACHUS 1.2 KG} => {CARNE TOCATA PORC VRAC}",0.000125213546666513,0.12536023054755,0.000998829900994944,2.55978834065404,87
"{_TELINA,CARNE TOCATA PORC VRAC,PAINE CU CARTOFI FELII BACHUS 1.2 KG} => {_MORCOVI}",0.000125213546666513,0.707317073170732,0.000177026048735415,20.5766662854202,87
"{_MORCOVI,CARNE TOCATA PORC VRAC,PAINE CU CARTOFI FELII BACHUS 1.2 KG} => {_TELINA}",0.000125213546666513,0.307420494699647,0.000407303835708313,17.9646556924933,87
"{_MORCOVI,_TELINA,CARNE TOCATA PORC VRAC} => {_BANANE}",0.000151119797700964,0.109603340292276,0.00137878824950023,1.42356903782591,105
"{_BANANE,_MORCOVI,_TELINA} => {CARNE TOCATA PORC VRAC}",0.000151119797700964,0.107252298263534,0.00140901220904042,2.19003412329565,105
"{_BANANE,_TELINA,CARNE TOCATA PORC VRAC} => {_MORCOVI}",0.000151119797700964,0.632530120481928,0.000238913203984381,18.4010279099987,105
"{_BANANE,_MORCOVI,CARNE TOCATA PORC VRAC} => {_TELINA}",0.000151119797700964,0.302593659942363,0.000499414950497472,17.6825911392374,105
"{_MORCOVI,_TELINA,PAINE CU CARTOFI FELII BACHUS 1.2 KG} => {_BANANE}",0.00018853993808406,0.188760806916427,0.000998829900994944,2.45169571989949,131
"{_BANANE,_MORCOVI,_TELINA} => {PAINE CU CARTOFI FELII BACHUS 1.2 KG}",0.00018853993808406,0.133810010214505,0.00140901220904042,2.1831807313946,131
"{_BANANE,_TELINA,PAINE CU CARTOFI FELII BACHUS 1.2 KG} => {_MORCOVI}",0.00018853993808406,0.748571428571429,0.000251866329501607,21.7768028805895,131
"{_BANANE,_MORCOVI,PAINE CU CARTOFI FELII BACHUS 1.2 KG} => {_TELINA}",0.00018853993808406,0.365921787709497,0.000515246548351859,21.3832813358956,131
"{_ARDEI ROSU CAPIA,_LAMAIE^2 A nu se consuma coaja,_PATRUNJEL RADACINA KG} => {_MORCOVI}",0.000139605908352319,0.795081967213115,0.000175586812566835,23.1298478849961,97
"{_LAMAIE^2 A nu se consuma coaja,_MORCOVI,_PATRUNJEL RADACINA KG} => {_ARDEI ROSU CAPIA}",0.000139605908352319,0.149230769230769,0.000935503509577397,6.51017005472082,97
"{_ARDEI ROSU CAPIA,_LAMAIE^2 A nu se consuma coaja,_MORCOVI} => {_PATRUNJEL RADACINA KG}",0.000139605908352319,0.595092024539877,0.00023459549547864,29.3725704941838,97
"{_ARDEI ROSU CAPIA,_MORCOVI,_PATRUNJEL RADACINA KG} => {_LAMAIE^2 A nu se consuma coaja}",0.000139605908352319,0.109234234234234,0.00127804171769958,5.53268450145728,97
"{_LAMAIE^2 A nu se consuma coaja,_MORCOVI,_PATRUNJEL RADACINA KG} => {CARNE TOCATA PORC VRAC}",0.000105064240306385,0.112307692307692,0.000935503509577397,2.29326254490213,73
"{_LAMAIE^2 A nu se consuma coaja,_PATRUNJEL RADACINA KG,CARNE TOCATA PORC VRAC} => {_MORCOVI}",0.000105064240306385,0.811111111111111,0.000129531255172255,23.5961540966523,73
"{_LAMAIE^2 A nu se consuma coaja,_MORCOVI,CARNE TOCATA PORC VRAC} => {_PATRUNJEL RADACINA KG}",0.000105064240306385,0.496598639455782,0.00021156771678135,24.5111309566094,73
"{_LAMAIE^2 A nu se consuma coaja,_MORCOVI,_PATRUNJEL RADACINA KG} => {PAINE CU CARTOFI FELII BACHUS 1.2 KG}",0.000103625004137804,0.110769230769231,0.000935503509577397,1.80725829001225,72
"{_LAMAIE^2 A nu se consuma coaja,_PATRUNJEL RADACINA KG,PAINE CU CARTOFI FELII BACHUS 1.2 KG} => {_MORCOVI}",0.000103625004137804,0.878048780487805,0.00011801736582361,25.5434478025906,72
"{_LAMAIE^2 A nu se consuma coaja,_MORCOVI,PAINE CU CARTOFI FELII BACHUS 1.2 KG} => {_PATRUNJEL RADACINA KG}",0.000103625004137804,0.521739130434783,0.000198614591264124,25.7520160854431,72
"{_LAMAIE^2 A nu se consuma coaja,_MORCOVI,_PATRUNJEL RADACINA KG} => {_BANANE}",0.000215885425287092,0.230769230769231,0.000935503509577397,2.99731678733455,150
"{_BANANE,_LAMAIE^2 A nu se consuma coaja,_PATRUNJEL RADACINA KG} => {_MORCOVI}",0.000215885425287092,0.75,0.000287847233716122,21.8183616647128,150
"{_BANANE,_LAMAIE^2 A nu se consuma coaja,_MORCOVI} => {_PATRUNJEL RADACINA KG}",0.000215885425287092,0.506756756756757,0.000426013905899861,25.01251562353,150
"{_BANANE,_MORCOVI,_PATRUNJEL RADACINA KG} => {_LAMAIE^2 A nu se consuma coaja}",0.000215885425287092,0.110864745011086,0.00194728653608957,5.61526943252573,150
"{_MORCOVI,_PATRUNJEL RADACINA KG,LAPTE DE CONSUM 1.5% GRASIME FRISS CUTIE 1L} => {CARNE TOCATA PORC VRAC}",0.000103625004137804,0.134579439252336,0.000769991350190627,2.74803961340211,72
"{_PATRUNJEL RADACINA KG,CARNE TOCATA PORC VRAC,LAPTE DE CONSUM 1.5% GRASIME FRISS CUTIE 1L} => {_MORCOVI}",0.000103625004137804,0.847058823529412,0.000122335074329352,24.6419143507344,72
"{_MORCOVI,CARNE TOCATA PORC VRAC,LAPTE DE CONSUM 1.5% GRASIME FRISS CUTIE 1L} => {_PATRUNJEL RADACINA KG}",0.000103625004137804,0.452830188679245,0.000228838550804317,22.3508064137808,72
"{_MORCOVI,_PATRUNJEL RADACINA KG,LAPTE DE CONSUM 1.5% GRASIME FRISS CUTIE 1L} => {_BANANE}",0.000146802089195222,0.190654205607477,0.000769991350190627,2.47628788785396,102
"{_BANANE,_PATRUNJEL RADACINA KG,LAPTE DE CONSUM 1.5% GRASIME FRISS CUTIE 1L} => {_MORCOVI}",0.000146802089195222,0.803149606299213,0.000182782993409738,23.3645447748105,102
"{_BANANE,_MORCOVI,LAPTE DE CONSUM 1.5% GRASIME FRISS CUTIE 1L} => {_PATRUNJEL RADACINA KG}",0.000146802089195222,0.472222222222222,0.000310875012413412,23.3079590032598,102
"{_MORCOVI,_PATRUNJEL RADACINA KG,PAINE DE CASA CU CARTOFI DOBOI KG} => {_BANANE}",0.000113699657317868,0.144954128440367,0.000784383711876433,1.88271825112696,79
"{_BANANE,_PATRUNJEL RADACINA KG,PAINE DE CASA CU CARTOFI DOBOI KG} => {_MORCOVI}",0.000113699657317868,0.797979797979798,0.00014248438068948,23.2141491112769,79
"{_BANANE,_MORCOVI,PAINE DE CASA CU CARTOFI DOBOI KG} => {_PATRUNJEL RADACINA KG}",0.000113699657317868,0.5,0.000227399314635737,24.6790154152163,79
"{_ARDEI ROSU CAPIA,_MORCOVI,_PATRUNJEL RADACINA KG} => {CARNE TOCATA PORC VRAC}",0.000153998270038125,0.120495495495495,0.00127804171769958,2.46045307290421,107
"{_ARDEI ROSU CAPIA,_PATRUNJEL RADACINA KG,CARNE TOCATA PORC VRAC} => {_MORCOVI}",0.000153998270038125,0.829457364341085,0.000185661465746899,24.129867680871,107
"{_ARDEI ROSU CAPIA,_MORCOVI,CARNE TOCATA PORC VRAC} => {_PATRUNJEL RADACINA KG}",0.000153998270038125,0.484162895927602,0.000318071193256315,23.8973271441461,107
"{_ARDEI ROSU CAPIA,_MORCOVI,_PATRUNJEL RADACINA KG} => {PAINE CU CARTOFI FELII BACHUS 1.2 KG}",0.000130970491340836,0.102477477477477,0.00127804171769958,1.67197397169395,91
"{_ARDEI ROSU CAPIA,_PATRUNJEL RADACINA KG,PAINE CU CARTOFI FELII BACHUS 1.2 KG} => {_MORCOVI}",0.000130970491340836,0.798245614035088,0.00016407292321819,23.2218820057177,91
"{_ARDEI ROSU CAPIA,_MORCOVI,PAINE CU CARTOFI FELII BACHUS 1.2 KG} => {_PATRUNJEL RADACINA KG}",0.000130970491340836,0.5,0.000261940982681671,24.6790154152163,91
"{_ARDEI ROSU CAPIA,_MORCOVI,_PATRUNJEL RADACINA KG} => {_BANANE}",0.000210128480612769,0.164414414414414,0.00127804171769958,2.13547569908445,146
"{_ARDEI ROSU CAPIA,_BANANE,_PATRUNJEL RADACINA KG} => {_MORCOVI}",0.000210128480612769,0.768421052631579,0.000273454872030316,22.3542512494601,146
"{_BANANE,_MORCOVI,_PATRUNJEL RADACINA KG} => {_ARDEI ROSU CAPIA}",0.000210128480612769,0.107908351810791,0.00194728653608957,4.70748575668431,146
"{_ARDEI ROSU CAPIA,_BANANE,_MORCOVI} => {_PATRUNJEL RADACINA KG}",0.000210128480612769,0.498293515358362,0.000421696197394119,24.5947866936627,146
"{_MORCOVI,_PATRUNJEL RADACINA KG,APA MINERALA NATURALA CARBOGAZIFICATA CONTINUT REDUS CO2 TUSNAD 2L} => {_BANANE}",0.000102185767969223,0.146694214876033,0.000696590305593016,1.90531914236211,71
"{_BANANE,_PATRUNJEL RADACINA KG,APA MINERALA NATURALA CARBOGAZIFICATA CONTINUT REDUS CO2 TUSNAD 2L} => {_MORCOVI}",0.000102185767969223,0.816091954022989,0.000125213546666513,23.741052539381,71
"{_BANANE,_MORCOVI,APA MINERALA NATURALA CARBOGAZIFICATA CONTINUT REDUS CO2 TUSNAD 2L} => {_PATRUNJEL RADACINA KG}",0.000102185767969223,0.476510067114094,0.000214446189118511,23.519598583629,71
"{_MORCOVI,_PATRUNJEL RADACINA KG,CARNE TOCATA PORC VRAC} => {PAINE CU CARTOFI FELII BACHUS 1.2 KG}",0.000185661465746899,0.101335428122545,0.00183214764260312,1.65334083548842,129
"{_MORCOVI,_PATRUNJEL RADACINA KG,PAINE CU CARTOFI FELII BACHUS 1.2 KG} => {CARNE TOCATA PORC VRAC}",0.000185661465746899,0.13109756097561,0.00141620838988332,2.67694153566716,129
"{_PATRUNJEL RADACINA KG,CARNE TOCATA PORC VRAC,PAINE CU CARTOFI FELII BACHUS 1.2 KG} => {_MORCOVI}",0.000185661465746899,0.796296296296296,0.000233156259310059,23.1651741131518,129
"{_MORCOVI,CARNE TOCATA PORC VRAC,PAINE CU CARTOFI FELII BACHUS 1.2 KG} => {_PATRUNJEL RADACINA KG}",0.000185661465746899,0.45583038869258,0.000407303835708313,22.4988903785364,129
"{_MORCOVI,_PATRUNJEL RADACINA KG,CARNE TOCATA PORC VRAC} => {_BANANE}",0.000223081606129995,0.121759622937942,0.00183214764260312,1.58145936802281,155
"{_BANANE,_MORCOVI,_PATRUNJEL RADACINA KG} => {CARNE TOCATA PORC VRAC}",0.000223081606129995,0.114560236511456,0.00194728653608957,2.33925828345826,155
"{_BANANE,_PATRUNJEL RADACINA KG,CARNE TOCATA PORC VRAC} => {_MORCOVI}",0.000223081606129995,0.767326732673267,0.000290725706053283,22.3224162246236,155
"{_BANANE,_MORCOVI,CARNE TOCATA PORC VRAC} => {_PATRUNJEL RADACINA KG}",0.000223081606129995,0.446685878962536,0.000499414950497472,22.0475353853517,155
"{_MORCOVI,_PATRUNJEL RADACINA KG,PAINE CU CARTOFI FELII BACHUS 1.2 KG} => {_BANANE}",0.00025906251034451,0.182926829268293,0.00141620838988332,2.37592184361885,180
"{_BANANE,_MORCOVI,_PATRUNJEL RADACINA KG} => {PAINE CU CARTOFI FELII BACHUS 1.2 KG}",0.00025906251034451,0.133037694013304,0.00194728653608957,2.17057998615662,180
"{_BANANE,_PATRUNJEL RADACINA KG,PAINE CU CARTOFI FELII BACHUS 1.2 KG} => {_MORCOVI}",0.00025906251034451,0.857142857142857,0.000302239595401928,24.9352704739575,180
"{_BANANE,_MORCOVI,PAINE CU CARTOFI FELII BACHUS 1.2 KG} => {_PATRUNJEL RADACINA KG}",0.00025906251034451,0.502793296089385,0.000515246548351859,24.8168870097147,180
"{_CONOPIDA,_GULII,_PATRUNJEL RADACINA KG,_TELINA} => {_MORCOVI}",0.000103625004137804,0.867469879518072,0.000119456601992191,25.2356954194268,72
"{_CONOPIDA,_GULII,_MORCOVI,_TELINA} => {_PATRUNJEL RADACINA KG}",0.000103625004137804,0.791208791208791,0.000130970491340836,39.0525079097928,72
"{_CONOPIDA,_GULII,_MORCOVI,_PATRUNJEL RADACINA KG} => {_TELINA}",0.000103625004137804,0.626086956521739,0.00016551215938677,36.5864891944272,72
"{_CONOPIDA,_MORCOVI,_PATRUNJEL RADACINA KG,_TELINA} => {_GULII}",0.000103625004137804,0.4,0.00025906251034451,49.3387537724126,72
"{_GULII,_PATRUNJEL FRUNZE LEGATURA,_PATRUNJEL RADACINA KG,_TELINA} => {_MORCOVI}",0.000145362853026642,0.980582524271845,0.000148241325363803,28.5262722088801,101
"{_GULII,_MORCOVI,_PATRUNJEL FRUNZE LEGATURA,_TELINA} => {_PATRUNJEL RADACINA KG}",0.000145362853026642,0.878260869565217,0.00016551215938677,43.3492270771626,101
"{_GULII,_MORCOVI,_PATRUNJEL FRUNZE LEGATURA,_PATRUNJEL RADACINA KG} => {_TELINA}",0.000145362853026642,0.808,0.000179904521072576,47.2168968881413,101
"{_MORCOVI,_PATRUNJEL FRUNZE LEGATURA,_PATRUNJEL RADACINA KG,_TELINA} => {_GULII}",0.000145362853026642,0.350694444444444,0.000414500016551216,43.2570671094937,101
"{_GULII,_PATRUNJEL RADACINA KG,_TELINA,_VARZA ALBA} => {_MORCOVI}",0.000109381948812126,0.91566265060241,0.000119456601992191,26.6376784982839,76
"{_GULII,_MORCOVI,_TELINA,_VARZA ALBA} => {_PATRUNJEL RADACINA KG}",0.000109381948812126,0.894117647058824,0.000122335074329352,44.1318863895633,76
"{_GULII,_MORCOVI,_PATRUNJEL RADACINA KG,_VARZA ALBA} => {_TELINA}",0.000109381948812126,0.690909090909091,0.000158315978543867,40.3744842877896,76
"{_MORCOVI,_PATRUNJEL RADACINA KG,_TELINA,_VARZA ALBA} => {_GULII}",0.000109381948812126,0.300395256916996,0.000364126750650895,37.0528190385707,76
"{_CEAPA ROSIE,_GULII,_PATRUNJEL RADACINA KG,_TELINA} => {_MORCOVI}",0.000105064240306385,0.948051948051948,0.000110821184980707,27.5799203727105,73
"{_CEAPA ROSIE,_GULII,_MORCOVI,_TELINA} => {_PATRUNJEL RADACINA KG}",0.000105064240306385,0.869047619047619,0.000120895838160771,42.8944791740664,73
"{_CEAPA ROSIE,_GULII,_MORCOVI,_PATRUNJEL RADACINA KG} => {_TELINA}",0.000105064240306385,0.768421052631579,0.000136727436015158,44.9040316940374,73
"{_CEAPA ROSIE,_MORCOVI,_PATRUNJEL RADACINA KG,_TELINA} => {_GULII}",0.000105064240306385,0.349282296650718,0.000300800359233348,43.0828830787813,73
"{_CEAPA GALBENA,_CEAPA ROSIE,_PATRUNJEL RADACINA KG,_TELINA} => {_MORCOVI}",0.000102185767969223,0.89873417721519,0.000113699657317868,26.1452097585588,71
"{_CEAPA GALBENA,_CEAPA ROSIE,_MORCOVI,_TELINA} => {_PATRUNJEL RADACINA KG}",0.000102185767969223,0.825581395348837,0.000123774310497933,40.7490719646595,71
"{_CEAPA GALBENA,_CEAPA ROSIE,_MORCOVI,_PATRUNJEL RADACINA KG} => {_TELINA}",0.000102185767969223,0.568,0.000179904521072576,33.1920760302775,71
"{_CEAPA ROSIE,_MORCOVI,_PATRUNJEL RADACINA KG,_TELINA} => {_CEAPA GALBENA}",0.000102185767969223,0.339712918660287,0.000300800359233348,19.2919454150478,71
"{_ARDEI GRAS ROMANIA,_GULII,_PATRUNJEL RADACINA KG,_TELINA} => {_MORCOVI}",0.000106503476474965,0.961038961038961,0.000110821184980707,27.9577275011038,74
"{_ARDEI GRAS ROMANIA,_GULII,_MORCOVI,_TELINA} => {_PATRUNJEL RADACINA KG}",0.000106503476474965,0.925,0.000115138893486449,45.6561785181502,74
"{_ARDEI GRAS ROMANIA,_GULII,_MORCOVI,_PATRUNJEL RADACINA KG} => {_TELINA}",0.000106503476474965,0.762886597938144,0.000139605908352319,44.5806161289483,74
"{_ARDEI GRAS ROMANIA,_MORCOVI,_PATRUNJEL RADACINA KG,_TELINA} => {_GULII}",0.000106503476474965,0.26241134751773,0.000405864599539732,32.3676221556607,74
"{_GULII,_PATRUNJEL RADACINA KG,_TELINA,PASTE ATA PAIANJENULUI CU 8 OUA GYERMELYI 250G} => {_MORCOVI}",0.000221642369961414,0.911242603550296,0.000243230912490123,26.5090942514065,154
"{_GULII,_MORCOVI,_TELINA,PASTE ATA PAIANJENULUI CU 8 OUA GYERMELYI 250G} => {_PATRUNJEL RADACINA KG}",0.000221642369961414,0.810526315789474,0.000273454872030316,40.0059828836138,154
"{_GULII,_MORCOVI,_PATRUNJEL RADACINA KG,PASTE ATA PAIANJENULUI CU 8 OUA GYERMELYI 250G} => {_TELINA}",0.000221642369961414,0.716279069767442,0.000309435776244831,41.8570234905236,154
"{_GULII,_MORCOVI,_PATRUNJEL RADACINA KG,_TELINA} => {PASTE ATA PAIANJENULUI CU 8 OUA GYERMELYI 250G}",0.000221642369961414,0.104124408384043,0.00212863029333072,11.7503642297454,154
"{_MORCOVI,_PATRUNJEL RADACINA KG,_TELINA,PASTE ATA PAIANJENULUI CU 8 OUA GYERMELYI 250G} => {_GULII}",0.000221642369961414,0.283609576427256,0.000781505239539272,34.9823576471065,154
"{_ARDEI IUTE,_GULII,_PATRUNJEL RADACINA KG,_TELINA} => {_MORCOVI}",0.000119456601992191,0.912087912087912,0.000130970491340836,26.5336852479291,83
"{_ARDEI IUTE,_GULII,_MORCOVI,_TELINA} => {_PATRUNJEL RADACINA KG}",0.000119456601992191,0.838383838383838,0.00014248438068948,41.3809753426859,83
"{_ARDEI IUTE,_GULII,_MORCOVI,_PATRUNJEL RADACINA KG} => {_TELINA}",0.000119456601992191,0.813725490196078,0.000146802089195222,47.5514759478224,83
"{_ARDEI IUTE,_MORCOVI,_PATRUNJEL RADACINA KG,_TELINA} => {_GULII}",0.000119456601992191,0.34297520661157,0.000348295152796508,42.3049231726265,83
"{_ARDEI ALB BIANCA,_GULII,_PATRUNJEL RADACINA KG,_TELINA} => {_MORCOVI}",0.00023459549547864,0.936781609195402,0.000250427093333026,27.2520532670359,163
"{_ARDEI ALB BIANCA,_GULII,_MORCOVI,_TELINA} => {_PATRUNJEL RADACINA KG}",0.00023459549547864,0.885869565217391,0.000264819455018832,43.7247773117419,163
"{_ARDEI ALB BIANCA,_GULII,_MORCOVI,_PATRUNJEL RADACINA KG} => {_TELINA}",0.00023459549547864,0.795121951219512,0.000295043414559025,46.4643455250364,163
"{_GULII,_MORCOVI,_PATRUNJEL RADACINA KG,_TELINA} => {_ARDEI ALB BIANCA}",0.00023459549547864,0.110209601081812,0.00212863029333072,10.9737838286697,163
"{_ARDEI ALB BIANCA,_MORCOVI,_PATRUNJEL RADACINA KG,_TELINA} => {_GULII}",0.00023459549547864,0.328629032258065,0.000713861139615983,40.5353672626172,163
"{_GULII,_PATRUNJEL RADACINA KG,_TELINA,PULPE PUI CU SPATE REFR.VRAC SZEKELY CSURKE} => {_MORCOVI}",0.000136727436015158,0.88785046728972,0.000153998270038125,25.8285901326818,95
"{_GULII,_MORCOVI,_TELINA,PULPE PUI CU SPATE REFR.VRAC SZEKELY CSURKE} => {_PATRUNJEL RADACINA KG}",0.000136727436015158,0.791666666666667,0.000172708340229673,39.0751077407592,95
"{_GULII,_MORCOVI,_PATRUNJEL RADACINA KG,PULPE PUI CU SPATE REFR.VRAC SZEKELY CSURKE} => {_TELINA}",0.000136727436015158,0.7421875,0.000184222229578318,43.371028043524,95
"{_MORCOVI,_PATRUNJEL RADACINA KG,_TELINA,PULPE PUI CU SPATE REFR.VRAC SZEKELY CSURKE} => {_GULII}",0.000136727436015158,0.27536231884058,0.000496536478160311,33.9650841186898,95
"{_CARTOFI ALBI,_GULII,_PATRUNJEL RADACINA KG,_TELINA} => {_MORCOVI}",0.000138166672183739,0.82051282051282,0.000168390631723931,23.869660624643,96
"{_CARTOFI ALBI,_GULII,_MORCOVI,_TELINA} => {_PATRUNJEL RADACINA KG}",0.000138166672183739,0.905660377358491,0.000152559033869545,44.7016128275616,96
"{_CARTOFI ALBI,_GULII,_MORCOVI,_PATRUNJEL RADACINA KG} => {_TELINA}",0.000138166672183739,0.700729927007299,0.000197175355095544,40.9483820667555,96
"{_CARTOFI ALBI,_MORCOVI,_PATRUNJEL RADACINA KG,_TELINA} => {_GULII}",0.000138166672183739,0.271186440677966,0.000509489603677536,33.4500025575678,96
"{_GULII,_PATRUNJEL RADACINA KG,_TELINA,_USTUROI} => {_MORCOVI}",0.000228838550804317,0.919075144508671,0.000248987857164446,26.7369518665844,159
"{_GULII,_MORCOVI,_TELINA,_USTUROI} => {_PATRUNJEL RADACINA KG}",0.000228838550804317,0.854838709677419,0.000267697927355994,42.1931553873053,159
"{_GULII,_MORCOVI,_PATRUNJEL RADACINA KG,_USTUROI} => {_TELINA}",0.000228838550804317,0.791044776119403,0.000289286469884703,46.2260886484315,159
"{_GULII,_MORCOVI,_PATRUNJEL RADACINA KG,_TELINA} => {_USTUROI}",0.000228838550804317,0.107505070993915,0.00212863029333072,8.99084266881258,159
"{_MORCOVI,_PATRUNJEL RADACINA KG,_TELINA,_USTUROI} => {_GULII}",0.000228838550804317,0.358916478555305,0.000637581622681211,44.2712294007539,159
"{_GULII,_PATRUNJEL RADACINA KG,_TELINA,PIEPT DE PUI FARA OS REFR.VRAC SZEKELY CSURKE} => {_MORCOVI}",0.000138166672183739,0.897196261682243,0.000153998270038125,26.1004700288153,96
"{_GULII,_MORCOVI,_TELINA,PIEPT DE PUI FARA OS REFR.VRAC SZEKELY CSURKE} => {_PATRUNJEL RADACINA KG}",0.000138166672183739,0.849557522123894,0.000162633687049609,41.9324863692171,96
"{_GULII,_MORCOVI,_PATRUNJEL RADACINA KG,PIEPT DE PUI FARA OS REFR.VRAC SZEKELY CSURKE} => {_TELINA}",0.000138166672183739,0.653061224489796,0.00021156771678135,38.1627778445272,96
"{_MORCOVI,_PATRUNJEL RADACINA KG,_TELINA,PIEPT DE PUI FARA OS REFR.VRAC SZEKELY CSURKE} => {_GULII}",0.000138166672183739,0.263013698630137,0.000525321201531923,32.4419202887096,96
"{_GULII,_PATRUNJEL RADACINA KG,_TELINA,COTLET PORC FARA OS} => {_MORCOVI}",0.000113699657317868,0.94047619047619,0.000120895838160771,27.3595328811478,79
"{_GULII,_MORCOVI,_TELINA,COTLET PORC FARA OS} => {_PATRUNJEL RADACINA KG}",0.000113699657317868,0.849462365591398,0.000133848963677997,41.9277896301524,79
"{_GULII,_MORCOVI,_PATRUNJEL RADACINA KG,COTLET PORC FARA OS} => {_TELINA}",0.000113699657317868,0.738317757009346,0.000153998270038125,43.1448928259827,79
"{_MORCOVI,_PATRUNJEL RADACINA KG,_TELINA,COTLET PORC FARA OS} => {_GULII}",0.000113699657317868,0.294776119402985,0.000385715293179604,36.3597159330279,79
"{_CEAPA GALBENA,_GULII,_PATRUNJEL RADACINA KG,_TELINA} => {_MORCOVI}",0.000346855916627927,0.945098039215686,0.000367005222988056,27.4939877709583,241
"{_CEAPA GALBENA,_GULII,_MORCOVI,_TELINA} => {_PATRUNJEL RADACINA KG}",0.000346855916627927,0.848591549295775,0.000408743071876894,41.8848078525854,241
"{_CEAPA GALBENA,_GULII,_MORCOVI,_PATRUNJEL RADACINA KG} => {_TELINA}",0.000346855916627927,0.748447204968944,0.000463434046282957,43.7368248802428,241
"{_GULII,_MORCOVI,_PATRUNJEL RADACINA KG,_TELINA} => {_CEAPA GALBENA}",0.000346855916627927,0.162947937795808,0.00212863029333072,9.25364491244125,241
"{_CEAPA GALBENA,_MORCOVI,_PATRUNJEL RADACINA KG,_TELINA} => {_GULII}",0.000346855916627927,0.296432964329643,0.00117009900505604,36.5640825927166,241
"{_GULII,_LAMAIE^2 A nu se consuma coaja,_PATRUNJEL RADACINA KG,_TELINA} => {_MORCOVI}",0.000151119797700964,0.921052631578947,0.00016407292321819,26.7944792373666,105
"{_GULII,_LAMAIE^2 A nu se consuma coaja,_MORCOVI,_TELINA} => {_PATRUNJEL RADACINA KG}",0.000151119797700964,0.860655737704918,0.000175586812566835,42.4802724360281,105
"{_GULII,_LAMAIE^2 A nu se consuma coaja,_MORCOVI,_PATRUNJEL RADACINA KG} => {_TELINA}",0.000151119797700964,0.695364238410596,0.000217324661455672,40.6348286444728,105
"{_LAMAIE^2 A nu se consuma coaja,_MORCOVI,_PATRUNJEL RADACINA KG,_TELINA} => {_GULII}",0.000151119797700964,0.274869109947644,0.000549788216397793,33.9042483383725,105
"{_GULII,_PATRUNJEL RADACINA KG,_TELINA,PAINE DE CASA CU CARTOFI DOBOI KG} => {_MORCOVI}",0.000116578129655029,0.910112359550562,0.000128092019003674,26.4762141549324,81
"{_GULII,_MORCOVI,_TELINA,PAINE DE CASA CU CARTOFI DOBOI KG} => {_PATRUNJEL RADACINA KG}",0.000116578129655029,0.880434782608696,0.000132409727509416,43.4565271441852,81
"{_GULII,_MORCOVI,_PATRUNJEL RADACINA KG,PAINE DE CASA CU CARTOFI DOBOI KG} => {_TELINA}",0.000116578129655029,0.618320610687023,0.00018853993808406,36.13264915671,81
"{_MORCOVI,_PATRUNJEL RADACINA KG,_TELINA,PAINE DE CASA CU CARTOFI DOBOI KG} => {_GULII}",0.000116578129655029,0.302238805970149,0.000385715293179604,37.2802150705729,81
"{_ARDEI ROSU CAPIA,_GULII,_PATRUNJEL RADACINA KG,_TELINA} => {_MORCOVI}",0.00021300695294993,0.896969696969697,0.000237473967815801,26.0938790010302,148
"{_GULII,_MORCOVI,_PATRUNJEL RADACINA KG,_TELINA} => {_ARDEI ROSU CAPIA}",0.00021300695294993,0.100067613252197,0.00212863029333072,4.36543470625975,148
"{_ARDEI ROSU CAPIA,_GULII,_MORCOVI,_TELINA} => {_PATRUNJEL RADACINA KG}",0.00021300695294993,0.826815642458101,0.000257623274175929,40.8099919715309,148
"{_ARDEI ROSU CAPIA,_GULII,_MORCOVI,_PATRUNJEL RADACINA KG} => {_TELINA}",0.00021300695294993,0.74,0.000287847233716122,43.2431976450799,148
"{_ARDEI ROSU CAPIA,_MORCOVI,_PATRUNJEL RADACINA KG,_TELINA} => {_GULII}",0.00021300695294993,0.292490118577075,0.000728253501301789,36.0777448533452,148
"{_GULII,_PATRUNJEL RADACINA KG,_TELINA,APA MINERALA NATURALA CARBOGAZIFICATA CONTINUT REDUS CO2 TUSNAD 2L} => {_MORCOVI}",0.000115138893486449,0.952380952380952,0.000120895838160771,27.705856082175,80
"{_GULII,_MORCOVI,_TELINA,APA MINERALA NATURALA CARBOGAZIFICATA CONTINUT REDUS CO2 TUSNAD 2L} => {_PATRUNJEL RADACINA KG}",0.000115138893486449,0.888888888888889,0.000129531255172255,43.8738051826068,80
"{_GULII,_MORCOVI,_PATRUNJEL RADACINA KG,APA MINERALA NATURALA CARBOGAZIFICATA CONTINUT REDUS CO2 TUSNAD 2L} => {_TELINA}",0.000115138893486449,0.761904761904762,0.000151119797700964,44.5232408186151,80
"{_MORCOVI,_PATRUNJEL RADACINA KG,_TELINA,APA MINERALA NATURALA CARBOGAZIFICATA CONTINUT REDUS CO2 TUSNAD 2L} => {_GULII}",0.000115138893486449,0.283687943262411,0.000405864599539732,34.9920239520657,80
"{_GULII,_MORCOVI,_PATRUNJEL RADACINA KG,_TELINA} => {CARNE TOCATA PORC VRAC}",0.000227399314635737,0.10682893847194,0.00212863029333072,2.18138934453535,158
"{_GULII,_PATRUNJEL RADACINA KG,_TELINA,CARNE TOCATA PORC VRAC} => {_MORCOVI}",0.000227399314635737,0.844919786096257,0.000269137163524574,24.5796872942932,158
"{_GULII,_MORCOVI,_TELINA,CARNE TOCATA PORC VRAC} => {_PATRUNJEL RADACINA KG}",0.000227399314635737,0.774509803921569,0.000293604178390445,38.2282787804331,158
"{_GULII,_MORCOVI,_PATRUNJEL RADACINA KG,CARNE TOCATA PORC VRAC} => {_TELINA}",0.000227399314635737,0.634538152610442,0.000358369805976572,37.0803496576719,158
"{_MORCOVI,_PATRUNJEL RADACINA KG,_TELINA,CARNE TOCATA PORC VRAC} => {_GULII}",0.000227399314635737,0.238670694864048,0.000952774343600364,29.4392866164697,158
"{_GULII,_PATRUNJEL RADACINA KG,_TELINA,PAINE CU CARTOFI FELII BACHUS 1.2 KG} => {_MORCOVI}",0.000207250008275608,0.917197452229299,0.000225960078467156,26.6823276409226,144
"{_GULII,_MORCOVI,_TELINA,PAINE CU CARTOFI FELII BACHUS 1.2 KG} => {_PATRUNJEL RADACINA KG}",0.000207250008275608,0.883435582822086,0.00023459549547864,43.6046407336337,144
"{_GULII,_MORCOVI,_PATRUNJEL RADACINA KG,PAINE CU CARTOFI FELII BACHUS 1.2 KG} => {_TELINA}",0.000207250008275608,0.70935960591133,0.000292164942221864,41.4526724862968,144
"{_MORCOVI,_PATRUNJEL RADACINA KG,_TELINA,PAINE CU CARTOFI FELII BACHUS 1.2 KG} => {_GULII}",0.000207250008275608,0.255772646536412,0.000810289962910884,31.5487590729459,144
"{_GULII,_MORCOVI,_PATRUNJEL RADACINA KG,_TELINA} => {_BANANE}",0.000297921886896186,0.139959432048682,0.00212863029333072,1.81784527264306,207
"{_BANANE,_GULII,_PATRUNJEL RADACINA KG,_TELINA} => {_MORCOVI}",0.000297921886896186,0.903930131004367,0.00032958508260496,26.296366023846,207
"{_BANANE,_GULII,_MORCOVI,_TELINA} => {_PATRUNJEL RADACINA KG}",0.000297921886896186,0.821428571428571,0.000362687514482314,40.5440967535697,207
"{_BANANE,_GULII,_MORCOVI,_PATRUNJEL RADACINA KG} => {_TELINA}",0.000297921886896186,0.683168316831683,0.000436088559079925,39.9221385805528,207
"{_BANANE,_MORCOVI,_PATRUNJEL RADACINA KG,_TELINA} => {_GULII}",0.000297921886896186,0.285123966942149,0.00104488545838952,35.1691529989304,207
"{_CEAPA GALBENA,_PATRUNJEL RADACINA KG,_TELINA,PASTE ATA PAIANJENULUI CU 8 OUA GYERMELYI 250G} => {_MORCOVI}",0.000106503476474965,0.891566265060241,0.000119456601992191,25.9366869588554,74
"{_CEAPA GALBENA,_MORCOVI,_TELINA,PASTE ATA PAIANJENULUI CU 8 OUA GYERMELYI 250G} => {_PATRUNJEL RADACINA KG}",0.000106503476474965,0.755102040816326,0.0001410451445209,37.2703498107348,74
"{_CEAPA GALBENA,_MORCOVI,_PATRUNJEL RADACINA KG,PASTE ATA PAIANJENULUI CU 8 OUA GYERMELYI 250G} => {_TELINA}",0.000106503476474965,0.582677165354331,0.000182782993409738,34.0497619252598,74
"{_MORCOVI,_PATRUNJEL RADACINA KG,_TELINA,PASTE ATA PAIANJENULUI CU 8 OUA GYERMELYI 250G} => {_CEAPA GALBENA}",0.000106503476474965,0.136279926335175,0.000781505239539272,7.7391961141579,74
"{_MORCOVI,_PATRUNJEL RADACINA KG,_TELINA,PASTE ATA PAIANJENULUI CU 8 OUA GYERMELYI 250G} => {PAINE CU CARTOFI FELII BACHUS 1.2 KG}",0.000115138893486449,0.147329650092081,0.000781505239539272,2.40376077042758,80
"{_PATRUNJEL RADACINA KG,_TELINA,PAINE CU CARTOFI FELII BACHUS 1.2 KG,PASTE ATA PAIANJENULUI CU 8 OUA GYERMELYI 250G} => {_MORCOVI}",0.000115138893486449,0.919540229885057,0.000125213546666513,26.7504817345138,80
"{_MORCOVI,_TELINA,PAINE CU CARTOFI FELII BACHUS 1.2 KG,PASTE ATA PAIANJENULUI CU 8 OUA GYERMELYI 250G} => {_PATRUNJEL RADACINA KG}",0.000115138893486449,0.879120879120879,0.000130970491340836,43.3916754553254,80
"{_MORCOVI,_PATRUNJEL RADACINA KG,PAINE CU CARTOFI FELII BACHUS 1.2 KG,PASTE ATA PAIANJENULUI CU 8 OUA GYERMELYI 250G} => {_TELINA}",0.000115138893486449,0.701754385964912,0.00016407292321819,41.0082481224086,80
"{_MORCOVI,_PATRUNJEL RADACINA KG,_TELINA,PAINE CU CARTOFI FELII BACHUS 1.2 KG} => {PASTE ATA PAIANJENULUI CU 8 OUA GYERMELYI 250G}",0.000115138893486449,0.142095914742451,0.000810289962910884,16.0354212782113,80
"{_ARDEI ALB BIANCA,_CEAPA GALBENA,_PATRUNJEL RADACINA KG,_TELINA} => {_MORCOVI}",0.000139605908352319,0.932692307692308,0.000149680561532384,27.1330907881685,97
"{_ARDEI ALB BIANCA,_CEAPA GALBENA,_MORCOVI,_TELINA} => {_PATRUNJEL RADACINA KG}",0.000139605908352319,0.829059829059829,0.000168390631723931,40.9207606030082,97
"{_ARDEI ALB BIANCA,_CEAPA GALBENA,_MORCOVI,_PATRUNJEL RADACINA KG} => {_TELINA}",0.000139605908352319,0.664383561643836,0.000210128480612769,38.8244184706845,97
"{_ARDEI ALB BIANCA,_MORCOVI,_PATRUNJEL RADACINA KG,_TELINA} => {_CEAPA GALBENA}",0.000139605908352319,0.195564516129032,0.000713861139615983,11.1059066730822,97
"{_CEAPA GALBENA,_MORCOVI,_PATRUNJEL RADACINA KG,_TELINA} => {_ARDEI ALB BIANCA}",0.000139605908352319,0.119311193111931,0.00117009900505604,11.8800470076928,97
"{_ARDEI ALB BIANCA,_ARDEI ROSU CAPIA,_PATRUNJEL RADACINA KG,_TELINA} => {_MORCOVI}",0.000110821184980707,0.802083333333333,0.000138166672183739,23.3335256692067,77
"{_ARDEI ALB BIANCA,_MORCOVI,_PATRUNJEL RADACINA KG,_TELINA} => {_ARDEI ROSU CAPIA}",0.000110821184980707,0.155241935483871,0.000713861139615983,6.77240628614019,77
"{_ARDEI ALB BIANCA,_ARDEI ROSU CAPIA,_MORCOVI,_TELINA} => {_PATRUNJEL RADACINA KG}",0.000110821184980707,0.855555555555556,0.000129531255172255,42.228537488259,77
"{_ARDEI ALB BIANCA,_ARDEI ROSU CAPIA,_MORCOVI,_PATRUNJEL RADACINA KG} => {_TELINA}",0.000110821184980707,0.626016260162602,0.000177026048735415,36.5823579287096,77
"{_ARDEI ROSU CAPIA,_MORCOVI,_PATRUNJEL RADACINA KG,_TELINA} => {_ARDEI ALB BIANCA}",0.000110821184980707,0.152173913043478,0.000728253501301789,15.152251797575,77
"{_CARTOFI ALBI,_CEAPA GALBENA,_PATRUNJEL RADACINA KG,_TELINA} => {_MORCOVI}",0.000135288199846577,0.930693069306931,0.000145362853026642,27.0749306466403,94
"{_CARTOFI ALBI,_CEAPA GALBENA,_MORCOVI,_TELINA} => {_PATRUNJEL RADACINA KG}",0.000135288199846577,0.839285714285714,0.000161194450881028,41.425490161256,94
"{_CARTOFI ALBI,_CEAPA GALBENA,_MORCOVI,_PATRUNJEL RADACINA KG} => {_TELINA}",0.000135288199846577,0.691176470588235,0.000195736118926963,40.3901090882106,94
"{_CARTOFI ALBI,_MORCOVI,_PATRUNJEL RADACINA KG,_TELINA} => {_CEAPA GALBENA}",0.000135288199846577,0.265536723163842,0.000509489603677536,15.0795559649888,94
"{_CEAPA GALBENA,_MORCOVI,_PATRUNJEL RADACINA KG,_TELINA} => {_CARTOFI ALBI}",0.000135288199846577,0.115621156211562,0.00117009900505604,8.3918398005666,94
"{_CEAPA GALBENA,_PATRUNJEL RADACINA KG,_TELINA,_USTUROI} => {_MORCOVI}",0.000194296882758382,0.888157894736842,0.000218763897624253,25.8375335503178,135
"{_CEAPA GALBENA,_MORCOVI,_TELINA,_USTUROI} => {_PATRUNJEL RADACINA KG}",0.000194296882758382,0.833333333333333,0.000233156259310059,41.1316923586939,135
"{_CEAPA GALBENA,_MORCOVI,_PATRUNJEL RADACINA KG,_USTUROI} => {_TELINA}",0.000194296882758382,0.695876288659794,0.000279211816704639,40.6647511987029,135
"{_MORCOVI,_PATRUNJEL RADACINA KG,_TELINA,_USTUROI} => {_CEAPA GALBENA}",0.000194296882758382,0.304740406320542,0.000637581622681211,17.3058925980216,135
"{_CEAPA GALBENA,_MORCOVI,_PATRUNJEL RADACINA KG,_TELINA} => {_USTUROI}",0.000194296882758382,0.166051660516605,0.00117009900505604,13.8871993739196,135
"{_MORCOVI,_PATRUNJEL RADACINA KG,_TELINA,_USTUROI} => {_BANANE}",0.000110821184980707,0.173814898419865,0.000637581622681211,2.25757268933174,77
"{_BANANE,_PATRUNJEL RADACINA KG,_TELINA,_USTUROI} => {_MORCOVI}",0.000110821184980707,0.865168539325843,0.000128092019003674,25.1687467892567,77
"{_BANANE,_MORCOVI,_TELINA,_USTUROI} => {_PATRUNJEL RADACINA KG}",0.000110821184980707,0.793814432989691,0.000139605908352319,39.1811172571475,77
"{_BANANE,_MORCOVI,_PATRUNJEL RADACINA KG,_USTUROI} => {_TELINA}",0.000110821184980707,0.611111111111111,0.000181343757241157,35.7113494065975,77
"{_BANANE,_MORCOVI,_PATRUNJEL RADACINA KG,_TELINA} => {_USTUROI}",0.000110821184980707,0.106060606060606,0.00104488545838952,8.87003946542945,77
"{_MORCOVI,_PATRUNJEL RADACINA KG,_TELINA,PIEPT DE PUI FARA OS REFR.VRAC SZEKELY CSURKE} => {CARNE TOCATA PORC VRAC}",0.000100746531800643,0.191780821917808,0.000525321201531923,3.91606101681541,70
"{_PATRUNJEL RADACINA KG,_TELINA,CARNE TOCATA PORC VRAC,PIEPT DE PUI FARA OS REFR.VRAC SZEKELY CSURKE} => {_MORCOVI}",0.000100746531800643,0.864197530864197,0.000116578129655029,25.1404990375291,70
"{_MORCOVI,_TELINA,CARNE TOCATA PORC VRAC,PIEPT DE PUI FARA OS REFR.VRAC SZEKELY CSURKE} => {_PATRUNJEL RADACINA KG}",0.000100746531800643,0.707070707070707,0.00014248438068948,34.8996177588918,70
"{_MORCOVI,_PATRUNJEL RADACINA KG,CARNE TOCATA PORC VRAC,PIEPT DE PUI FARA OS REFR.VRAC SZEKELY CSURKE} => {_TELINA}",0.000100746531800643,0.53030303030303,0.000189979174252641,30.9891875015929,70
"{_MORCOVI,_PATRUNJEL RADACINA KG,_TELINA,CARNE TOCATA PORC VRAC} => {PIEPT DE PUI FARA OS REFR.VRAC SZEKELY CSURKE}",0.000100746531800643,0.105740181268882,0.000952774343600365,5.97265690333923,70
"{_MORCOVI,_PATRUNJEL RADACINA KG,_TELINA,COTLET PORC FARA OS} => {CARNE TOCATA PORC VRAC}",0.000107942712643546,0.279850746268657,0.000385715293179604,5.71440140380181,75
"{_PATRUNJEL RADACINA KG,_TELINA,CARNE TOCATA PORC VRAC,COTLET PORC FARA OS} => {_MORCOVI}",0.000107942712643546,0.842696629213483,0.000128092019003674,24.5150131064188,75
"{_MORCOVI,_TELINA,CARNE TOCATA PORC VRAC,COTLET PORC FARA OS} => {_PATRUNJEL RADACINA KG}",0.000107942712643546,0.707547169811321,0.000152559033869545,34.9231350215325,75
"{_MORCOVI,_PATRUNJEL RADACINA KG,CARNE TOCATA PORC VRAC,COTLET PORC FARA OS} => {_TELINA}",0.000107942712643546,0.551470588235294,0.000195736118926963,32.2261508682531,75
"{_MORCOVI,_PATRUNJEL RADACINA KG,_TELINA,CARNE TOCATA PORC VRAC} => {COTLET PORC FARA OS}",0.000107942712643546,0.113293051359517,0.000952774343600365,6.05379411630084,75
"{_ARDEI ROSU CAPIA,_CEAPA GALBENA,_PATRUNJEL RADACINA KG,_TELINA} => {_MORCOVI}",0.000126652782835094,0.846153846153846,0.000149680561532384,24.6155875191631,88
"{_CEAPA GALBENA,_MORCOVI,_PATRUNJEL RADACINA KG,_TELINA} => {_ARDEI ROSU CAPIA}",0.000126652782835094,0.108241082410824,0.00117009900505604,4.72200107949469,88
"{_ARDEI ROSU CAPIA,_CEAPA GALBENA,_MORCOVI,_TELINA} => {_PATRUNJEL RADACINA KG}",0.000126652782835094,0.758620689655172,0.000166951395555351,37.4440233886041,88
"{_ARDEI ROSU CAPIA,_CEAPA GALBENA,_MORCOVI,_PATRUNJEL RADACINA KG} => {_TELINA}",0.000126652782835094,0.571428571428571,0.000221642369961414,33.3924306139613,88
"{_ARDEI ROSU CAPIA,_MORCOVI,_PATRUNJEL RADACINA KG,_TELINA} => {_CEAPA GALBENA}",0.000126652782835094,0.173913043478261,0.000728253501301789,9.87634192711572,88
"{_CEAPA GALBENA,_MORCOVI,_PATRUNJEL RADACINA KG,_TELINA} => {CARNE TOCATA PORC VRAC}",0.000148241325363803,0.126691266912669,0.00117009900505604,2.5869673858228,103
"{_CEAPA GALBENA,_PATRUNJEL RADACINA KG,_TELINA,CARNE TOCATA PORC VRAC} => {_MORCOVI}",0.000148241325363803,0.919642857142857,0.000161194450881028,26.7534672793502,103
"{_CEAPA GALBENA,_MORCOVI,_TELINA,CARNE TOCATA PORC VRAC} => {_PATRUNJEL RADACINA KG}",0.000148241325363803,0.710344827586207,0.000208689244444189,35.0612219002383,103
"{_CEAPA GALBENA,_MORCOVI,_PATRUNJEL RADACINA KG,CARNE TOCATA PORC VRAC} => {_TELINA}",0.000148241325363803,0.588571428571429,0.000251866329501607,34.3942035323801,103
"{_MORCOVI,_PATRUNJEL RADACINA KG,_TELINA,CARNE TOCATA PORC VRAC} => {_CEAPA GALBENA}",0.000148241325363803,0.155589123867069,0.000952774343600364,8.83574547784636,103
"{_CEAPA GALBENA,_MORCOVI,_PATRUNJEL RADACINA KG,_TELINA} => {PAINE CU CARTOFI FELII BACHUS 1.2 KG}",0.000125213546666513,0.107011070110701,0.00117009900505604,1.74594192121417,87
"{_CEAPA GALBENA,_PATRUNJEL RADACINA KG,_TELINA,PAINE CU CARTOFI FELII BACHUS 1.2 KG} => {_MORCOVI}",0.000125213546666513,0.90625,0.000138166672183739,26.3638536781946,87
"{_CEAPA GALBENA,_MORCOVI,_TELINA,PAINE CU CARTOFI FELII BACHUS 1.2 KG} => {_PATRUNJEL RADACINA KG}",0.000125213546666513,0.852941176470588,0.000146802089195222,42.0994968847808,87
"{_CEAPA GALBENA,_MORCOVI,_PATRUNJEL RADACINA KG,PAINE CU CARTOFI FELII BACHUS 1.2 KG} => {_TELINA}",0.000125213546666513,0.659090909090909,0.000189979174252641,38.515133037694,87
"{_MORCOVI,_PATRUNJEL RADACINA KG,_TELINA,PAINE CU CARTOFI FELII BACHUS 1.2 KG} => {_CEAPA GALBENA}",0.000125213546666513,0.154529307282416,0.000810289962910884,8.77555958976845,87
"{_CEAPA GALBENA,_MORCOVI,_PATRUNJEL RADACINA KG,_TELINA} => {_BANANE}",0.000161194450881028,0.137761377613776,0.00117009900505604,1.78929612232845,112
"{_BANANE,_CEAPA GALBENA,_PATRUNJEL RADACINA KG,_TELINA} => {_MORCOVI}",0.000161194450881028,0.910569105691057,0.000177026048735415,26.4895014249087,112
"{_BANANE,_CEAPA GALBENA,_MORCOVI,_TELINA} => {_PATRUNJEL RADACINA KG}",0.000161194450881028,0.805755395683453,0.000200053827432705,39.7704996619313,112
"{_BANANE,_CEAPA GALBENA,_MORCOVI,_PATRUNJEL RADACINA KG} => {_TELINA}",0.000161194450881028,0.598930481283422,0.000269137163524574,34.9995529429755,112
"{_BANANE,_MORCOVI,_PATRUNJEL RADACINA KG,_TELINA} => {_CEAPA GALBENA}",0.000161194450881028,0.154269972451791,0.00104488545838952,8.76083223286849,112
"{_MERE ROSII,_MORCOVI,_PATRUNJEL RADACINA KG,_TELINA} => {_BANANE}",0.000112260421149288,0.291044776119403,0.000385715293179604,3.78019803775775,78
"{_BANANE,_MERE ROSII,_PATRUNJEL RADACINA KG,_TELINA} => {_MORCOVI}",0.000112260421149288,0.876404494382023,0.000128092019003674,25.4956136306756,78
"{_BANANE,_MERE ROSII,_MORCOVI,_TELINA} => {_PATRUNJEL RADACINA KG}",0.000112260421149288,0.690265486725664,0.000162633687049609,34.0701451749889,78
"{_BANANE,_MERE ROSII,_MORCOVI,_PATRUNJEL RADACINA KG} => {_TELINA}",0.000112260421149288,0.541666666666667,0.000207250008275608,31.6532415194842,78
"{_BANANE,_MORCOVI,_PATRUNJEL RADACINA KG,_TELINA} => {_MERE ROSII}",0.000112260421149288,0.107438016528926,0.00104488545838952,5.07163058485715,78
"{_LAMAIE^2 A nu se consuma coaja,_MORCOVI,_PATRUNJEL RADACINA KG,_TELINA} => {_BANANE}",0.000128092019003674,0.232984293193717,0.000549788216397793,3.02608684375748,89
"{_BANANE,_LAMAIE^2 A nu se consuma coaja,_PATRUNJEL RADACINA KG,_TELINA} => {_MORCOVI}",0.000128092019003674,0.809090909090909,0.000158315978543867,23.5373840989023,89
"{_BANANE,_LAMAIE^2 A nu se consuma coaja,_MORCOVI,_TELINA} => {_PATRUNJEL RADACINA KG}",0.000128092019003674,0.729508196721312,0.000175586812566835,36.0070880648238,89
"{_BANANE,_MORCOVI,_PATRUNJEL RADACINA KG,_TELINA} => {_LAMAIE^2 A nu se consuma coaja}",0.000128092019003674,0.122589531680441,0.00104488545838952,6.20912671493527,89
"{_BANANE,_LAMAIE^2 A nu se consuma coaja,_MORCOVI,_PATRUNJEL RADACINA KG} => {_TELINA}",0.000128092019003674,0.593333333333333,0.000215885425287092,34.6724737874965,89
"{_ARDEI ROSU CAPIA,_MORCOVI,_PATRUNJEL RADACINA KG,_TELINA} => {_BANANE}",0.000109381948812126,0.150197628458498,0.000728253501301789,1.95082278385147,76
"{_ARDEI ROSU CAPIA,_BANANE,_PATRUNJEL RADACINA KG,_TELINA} => {_MORCOVI}",0.000109381948812126,0.791666666666667,0.000138166672183739,23.0304928683079,76
"{_BANANE,_MORCOVI,_PATRUNJEL RADACINA KG,_TELINA} => {_ARDEI ROSU CAPIA}",0.000109381948812126,0.104683195592287,0.00104488545838952,4.56678879758042,76
"{_ARDEI ROSU CAPIA,_BANANE,_MORCOVI,_TELINA} => {_PATRUNJEL RADACINA KG}",0.000109381948812126,0.716981132075472,0.000152559033869545,35.3887768218196,76
"{_ARDEI ROSU CAPIA,_BANANE,_MORCOVI,_PATRUNJEL RADACINA KG} => {_TELINA}",0.000109381948812126,0.520547945205479,0.000210128480612769,30.4191319976497,76
"{_MORCOVI,_PATRUNJEL RADACINA KG,_TELINA,CARNE TOCATA PORC VRAC} => {PAINE CU CARTOFI FELII BACHUS 1.2 KG}",0.000100746531800643,0.105740181268882,0.000952774343600365,1.72520670098098,70
"{_MORCOVI,_PATRUNJEL RADACINA KG,_TELINA,PAINE CU CARTOFI FELII BACHUS 1.2 KG} => {CARNE TOCATA PORC VRAC}",0.000100746531800643,0.124333925399645,0.000810289962910884,2.53883174269561,70
"{_PATRUNJEL RADACINA KG,_TELINA,CARNE TOCATA PORC VRAC,PAINE CU CARTOFI FELII BACHUS 1.2 KG} => {_MORCOVI}",0.000100746531800643,0.833333333333333,0.000120895838160771,24.2426240719031,70
"{_MORCOVI,_TELINA,CARNE TOCATA PORC VRAC,PAINE CU CARTOFI FELII BACHUS 1.2 KG} => {_PATRUNJEL RADACINA KG}",0.000100746531800643,0.804597701149425,0.000125213546666513,39.7133581394285,70
"{_MORCOVI,_PATRUNJEL RADACINA KG,CARNE TOCATA PORC VRAC,PAINE CU CARTOFI FELII BACHUS 1.2 KG} => {_TELINA}",0.000100746531800643,0.542635658914729,0.000185661465746899,31.7098662806997,70
"{_MORCOVI,_PATRUNJEL RADACINA KG,_TELINA,CARNE TOCATA PORC VRAC} => {_BANANE}",0.000106503476474965,0.11178247734139,0.000952774343600364,1.45187248208249,74
"{_BANANE,_MORCOVI,_PATRUNJEL RADACINA KG,_TELINA} => {CARNE TOCATA PORC VRAC}",0.000106503476474965,0.101928374655647,0.00104488545838952,2.0813224727309,74
"{_BANANE,_PATRUNJEL RADACINA KG,_TELINA,CARNE TOCATA PORC VRAC} => {_MORCOVI}",0.000106503476474965,0.778947368421053,0.000136727436015158,22.6604738693157,74
"{_BANANE,_MORCOVI,_TELINA,CARNE TOCATA PORC VRAC} => {_PATRUNJEL RADACINA KG}",0.000106503476474965,0.704761904761905,0.000151119797700964,34.7856598233525,74
"{_BANANE,_MORCOVI,_PATRUNJEL RADACINA KG,CARNE TOCATA PORC VRAC} => {_TELINA}",0.000106503476474965,0.47741935483871,0.000223081606129995,27.8988371903741,74
"{_MORCOVI,_PATRUNJEL RADACINA KG,_TELINA,PAINE CU CARTOFI FELII BACHUS 1.2 KG} => {_BANANE}",0.000146802089195222,0.181172291296625,0.000810289962910884,2.35313325044737,102
"{_BANANE,_MORCOVI,_PATRUNJEL RADACINA KG,_TELINA} => {PAINE CU CARTOFI FELII BACHUS 1.2 KG}",0.000146802089195222,0.140495867768595,0.00104488545838952,2.29226401568358,102
"{_BANANE,_PATRUNJEL RADACINA KG,_TELINA,PAINE CU CARTOFI FELII BACHUS 1.2 KG} => {_MORCOVI}",0.000146802089195222,0.902654867256637,0.000162633687049609,26.2592671362915,102
"{_BANANE,_MORCOVI,_TELINA,PAINE CU CARTOFI FELII BACHUS 1.2 KG} => {_PATRUNJEL RADACINA KG}",0.000146802089195222,0.778625954198473,0.00018853993808406,38.4314438527033,102
"{_BANANE,_MORCOVI,_PATRUNJEL RADACINA KG,PAINE CU CARTOFI FELII BACHUS 1.2 KG} => {_TELINA}",0.000146802089195222,0.566666666666667,0.00025906251034451,33.114160358845,102
